gene	logFC	P_Value	BH
RBM47	-0.0309305109212445	0.940561994755882	0.98263329026245
WDR91	0.0086013392714861	0.9755287536504	0.991561749370118
CNOT1	-0.212728799222972	0.639610390145976	0.872223585024316
MAP1LC3B	-0.108506083614806	0.742938862110893	0.911726868319775
RTL8C	-0.250370115599413	0.571059975642346	0.842299077274283
SNRPG	-0.219935524020521	0.42965181343227	0.778622002798637
EIF3C	-0.0898785388167127	0.750918204286766	0.915722643488009
UMAD1	0.232316321379141	0.552905478201085	0.832415731126997
NACA	-1.36716532645309	0.114038325815111	0.719698560773505
RSMC	-0.125486519408717	0.579885824791169	0.843898305704369
KIF2A	-0.162444531374781	0.639866410717676	0.872223585024316
ACOT7	-2.62108741516703	0.0342218807498458	0.719698560773505
MYO1C	-1.73791538204604	0.0565513092131154	0.719698560773505
SNAP23	-0.0988417363104048	0.663710312122228	0.883940546111223
AIP	-1.92650520124547	0.0488426561167339	0.719698560773505
STXBP3	1.2864650822006	0.186511738906952	0.719698560773505
SMAP	-1.69512218340263	0.192703034912331	0.719698560773505
AP3B1	-0.521527946547501	0.20130226747853	0.719698560773505
PSMD11	-0.692208711641545	0.15634845718636	0.719698560773505
PSMD12	-0.515685716229886	0.142376553039405	0.719698560773505
SUPT5H	-1.18600895350406	0.136774072549509	0.719698560773505
CLIC1	-1.76607571068197	0.204517109962858	0.719698560773505
EIF3F	-0.655661421407196	0.147612059732347	0.719698560773505
IPO5	-0.460036140912568	0.468510599683466	0.797058736185607
IGF2BP3	0.356833203144738	0.381046822811324	0.763903130790551
PIK3C2A	-0.100222067199329	0.754545252623644	0.916019561061795
IFRD1	0.364646502067043	0.248772966910018	0.726787822822282
PIK3R2	1.80226095955304	0.00383483582956295	0.300692216564481
EXOC5	-0.692412119746606	0.232763136488654	0.719698560773505
PSMD14	-0.498814889236932	0.188793235353927	0.719698560773505
ZNF593	-0.560158936785129	0.22901024424219	0.719698560773505
KPNA3	-0.396839296719065	0.366150364048614	0.763250423050664
SDCBP	0.26737993748937	0.230054423114678	0.719698560773505
PITPNM1	0.623772567630667	0.397946039286861	0.768884063547655
DDX3X	-0.31565066370284	0.239768840951505	0.719698560773505
KPNA4	-0.501180564311625	0.259479793520094	0.733639697902513
PPP6C	-0.368179852609963	0.361225692589373	0.763250423050664
PDXK	0.0400858045069441	0.965266926040624	0.989145174386086
SCD	0.125009867446074	0.67443010726327	0.88789521565938
COPE	-0.597855146302244	0.3434855754826	0.762251782919766
EIF1AX	-0.437311426057878	0.603601907224131	0.855318170594765
AP3D1	-0.54867759025672	0.236252418499651	0.719698560773505
DVL1	0.65189579063734	0.225395803991937	0.719698560773505
CHD1	0.132781719900663	0.601322180970525	0.854162175162129
GOSR2	-0.275061295089703	0.310702317771046	0.754804494132166
PDCD5	-1.75877389509963	0.203338332643168	0.719698560773505
PRMT5	-0.915324518928358	0.189378569353485	0.719698560773505
NHERF1	-1.15876932409022	0.0595237301006121	0.719698560773505
TCERG1	-0.196332377003969	0.56060438435151	0.834728332210064
POLR3A	-0.18054681976102	0.826965877723409	0.940835292243953
TSPAN4	0.217937638409801	0.435843306322401	0.78042851246626
PSMA7	-0.982797773966862	0.0558407581804407	0.719698560773505
SCAMP3	0.0218089641876347	0.923151422174114	0.975116164245017
GIPC1	0.161085601430123	0.599657882645913	0.853239715715556
PCDH17	0.319530455946445	0.578751540568294	0.843898305704369
MYL12A	-0.566487709758078	0.186245979681016	0.719698560773505
HGS	-0.0766258886250029	0.819268459970452	0.940050073960558
AURKA	-0.204903273362287	0.38849538344975	0.764368688173611
PPP1R12A	0.113679773582707	0.733705728248453	0.910506445723248
GAK	-0.609096130074736	0.216780536733386	0.719698560773505
HNRNPDL	-1.23312914395843	0.0522472392528647	0.719698560773505
XPO1	-0.568329994870055	0.292868248524289	0.743773556547227
SPTBN2	-0.658211684920175	0.369137682849464	0.763250423050664
SEC16A	-0.149337175980797	0.57938075025995	0.843898305704369
PLXNB2	0.134554394072662	0.554691056542381	0.832415731126997
PFAS	0.105625383946141	0.911001960295336	0.971459621887907
ARPC1B	-0.869822211662807	0.168598524456852	0.719698560773505
ARPC2	-0.796442599849552	0.185579698077113	0.719698560773505
POLR1C	0.0275179441193387	0.91401971228129	0.972017572445421
TRIM24	0.427793590789232	0.470208396448448	0.798142913144123
OGT	-0.172975888040604	0.600354157499837	0.853677171496692
POLR3G	-0.906765476852506	0.0321430203453393	0.719698560773505
HMGB3	-0.755185722527887	0.215223011062561	0.719698560773505
PPM1G	-2.07978446932811	0.0755730152468383	0.719698560773505
EIF3D	-0.338894617510817	0.33220031424894	0.760998897899049
EIF3H	0.0768484565802261	0.714641729969753	0.903038194458096
SLC16A3	0.136000853201505	0.568712091064462	0.840964679564265
TLR3	-0.1183623874227	0.811289971669897	0.938046004495603
MAGEB2	-0.402145567283782	0.170196260643127	0.719698560773505
DHX15	-1.29127046029416	0.183314048263013	0.719698560773505
RNMT	0.0919046066156497	0.816933094139942	0.939892793609367
PRPF4	0.126725724044103	0.755230238750776	0.916019561061795
PHGDH	-0.997309414082711	0.28965767207393	0.741586500373763
DYNC1LI2	0.00308471984385505	0.992418882916501	0.997149412409146
PSMD3	-1.66544799394957	0.149106137072624	0.719698560773505
ZW10	0.323978427735618	0.290655970654349	0.741586500373763
EEF1E1	-0.364443526656789	0.563276234449923	0.836437587240316
WDR62	1.03217293443119	0.00274610699257505	0.251211579258271
HNRNPR	0.249891193763112	0.367467223748013	0.763250423050664
TXNL1	-0.449473925562138	0.495421900933801	0.808097164561783
TPD52L2	-1.35986646734953	0.23574976105503	0.719698560773505
FIBP	-0.427888697830525	0.129532351266259	0.719698560773505
EIF4G3	1.2946734698412	0.176524554845284	0.719698560773505
AKR7A2	-0.262097786887459	0.658534039251575	0.881323671549426
EPB41L2	-0.051207835002181	0.821263206807811	0.940441611280674
LAMTOR5	-0.45599099287325	0.128412257081982	0.719698560773505
TRAPPC3	-0.174346232041767	0.811855438183988	0.938046004495603
CHMP2A	0.0242954412895315	0.958048492009875	0.987660199219524
ZNF207	-0.264134439863785	0.518621715112291	0.821712394091035
BUB3	-0.707028507803173	0.080872795125839	0.719698560773505
ACTN4	-1.13174202481964	0.201280690936425	0.719698560773505
GSTZ1	0.0852309272104677	0.811840193948765	0.938046004495603
BUD23	0.224114158830005	0.604118611551829	0.855318170594765
HTATSF1	0.0858382474046877	0.728740966430501	0.909955720349805
AP1G1	0.187090314517302	0.489013921282852	0.805423904108404
SGTA	-1.74854760945324	0.0983629789288	0.719698560773505
ENSA	-2.71492397785762	0.0042063367910193	0.303912348333896
MYO1B	-0.508857316945146	0.266239968820285	0.733639697902513
NUDT21	-0.489091038201231	0.0877783930205755	0.719698560773505
LANCL1	-0.286462612636207	0.451092458868216	0.790773025476809
STRN	-0.0667433336373264	0.884407425535089	0.962783267099857
RRP9	0.561086651437293	0.474752368560797	0.798711743429295
AKAP8	0.000719914743900318	0.998227838053781	0.999593714228997
NRDC	-0.600934490441283	0.450186493691661	0.790226098755238
CALU	-0.747867798837561	0.254679410864182	0.731391296994522
AHCYL1	-0.302116444815951	0.32538454017371	0.757775552108479
PEX1	0.352739435408886	0.326996006389312	0.758246471923973
DHX16	-0.282386061227875	0.736465421276774	0.910620665484678
ZNRD2	-0.657944949622639	0.350944833473728	0.762251782919766
PCDH7	1.01733306897664	0.00922983078443931	0.482478416362774
SMARCA5	0.0814037599776114	0.747467034796964	0.913967805258979
SPAG9	0.200333464598813	0.751270628954162	0.915722643488009
AQR	0.323743701027588	0.309865986119736	0.754804494132166
KIF1B	-0.27153630015767	0.439346748296635	0.782830714619884
KDM1A	-0.25546768674284	0.275852847291887	0.736533897438297
ACSL4	0.27477275312809	0.318052140313737	0.757597571797441
SNX3	0.0329768605085228	0.952745027070605	0.986675333459204
OGA	-0.973111631686319	0.161761382282288	0.719698560773505
SYNCRIP	0.117980809693954	0.66346720297109	0.883940546111223
RANBP6	0.327082681455394	0.448636572941349	0.789094057518995
NEMF	-0.640031276405306	0.033855190338559	0.719698560773505
PLOD3	0.233729910221534	0.312911671322854	0.756279361460267
EIF4E2	0.227485823078297	0.777345642892901	0.925020248764967
DIAPH1	-1.29781156619227	0.26284955009755	0.733639697902513
PLIN3	-0.847140734010445	0.317279150840477	0.757441594865379
KPNA6	-0.916779611378757	0.170222887079955	0.719698560773505
CTNND1	-0.0769189390494702	0.755584154420149	0.916019561061795
EIF1	-0.67739557910549	0.083796932299365	0.719698560773505
SNX2	-0.140757942359247	0.8328565057119	0.942400600560694
USO1	-0.532793755551808	0.268922083096966	0.736533897438297
TOM1	-0.607918786766703	0.0432498981606307	0.719698560773505
H2BC11	0.151283807640855	0.647558474839519	0.876251322220021
CCDC22	0.126617920858919	0.836818891829787	0.943758123147094
DKC1	-0.521277333263392	0.23307701602288	0.719698560773505
EIF5B	-0.735635209032381	0.162622718965863	0.719698560773505
EDF1	-0.11543364188352	0.734670538538332	0.910620665484678
DNAJA2	-0.484103374279059	0.386915246987132	0.764368688173611
CUTA	-1.19042918120719	0.0990827650176733	0.719698560773505
SRGAP2	-0.949996720884972	0.260662145608896	0.733639697902513
WDR1	-1.09605341946968	0.198858052158521	0.719698560773505
ROCK2	-1.3185319237453	0.126092286095818	0.719698560773505
COBL	-0.229987520677703	0.475855405800947	0.798906079727283
CLUH	-0.742183113609933	0.272232710023012	0.736533897438297
CNOT3	-0.172995378094278	0.610069346449625	0.858648445281319
ANKRD17	-3.68906586426037	0.0627099398568383	0.719698560773505
TBCA	-3.66567888078256	0.0214793158949362	0.673683400676177
ATP6V1G1	-0.0800161334934231	0.730734415535633	0.910506445723248
VPS4B	0.505051598259683	0.590260355654033	0.849224515621513
FLNB	-2.872956257235	0.0452105236572299	0.719698560773505
NCOR1	0.133552212866817	0.830441422460493	0.94223986718967
CS	0.0366190822936012	0.872273587875458	0.957059801189689
SEC22B	0.134958967811578	0.656965471754563	0.881323671549426
VPS26A	0.115060224348969	0.749317626582918	0.914467398089381
PSIP1	0.25052835051833	0.594527217275343	0.851114270873667
HSBP1	-1.20188866448263	0.0885210619010635	0.719698560773505
BANF1	-1.12709418840701	0.125352832145917	0.719698560773505
SF3B1	0.0320167197048953	0.932907661238846	0.978639333267565
CSDE1	0.177554575751142	0.723194160727161	0.907359265303647
PRKRA	0.600991215642473	0.416578075161039	0.774098319099502
CRCP	-0.182654513710858	0.498513551938122	0.809406333915322
MYCBP2	-1.52690088058462	0.0843811109375064	0.719698560773505
NPM3	-0.41234535423494	0.119772521017017	0.719698560773505
LYPLA1	-0.321488125510122	0.370755631110362	0.763250423050664
SNRNP200	-0.11234273433163	0.657992694558455	0.881323671549426
RPS6KA4	-0.715737055282567	0.27324991176716	0.736533897438297
NUP155	-0.299574158499567	0.450272306783331	0.790226098755238
WDHD1	-1.24769841546966	0.00587738634829868	0.391024294778477
CDC123	-1.56666516439108	0.144651303745586	0.719698560773505
RPP40	-0.706527068485872	0.133116377789152	0.719698560773505
EIF3G	0.0785444452758881	0.835534924128869	0.94373144574407
EIF3J	-0.964720924285523	0.124831170147026	0.719698560773505
CBR3	-0.51231531086556	0.124264663421074	0.719698560773505
AP1G2	-0.13485442542342	0.750077423528044	0.915140307505318
IDH1	-1.55089832430133	0.156133089647404	0.719698560773505
BCAS2	-0.436242486314789	0.150543145759337	0.719698560773505
DCTN3	-0.2568575186231	0.415666896145384	0.773921467683185
TRIO	0.234374221182705	0.728036161288086	0.909475614286198
MPDZ	-0.255693210378499	0.407520910496863	0.773413595117981
GLRX3	-1.32194084663881	0.235878966585536	0.719698560773505
SNCG	1.36592074501589	0.347008014071439	0.762251782919766
SRP72	-0.0707256629079289	0.762478248382003	0.917546619572504
DDAH1	-1.41865049121197	0.0409590349852598	0.719698560773505
MTA2	-0.0711132804068129	0.758364777355045	0.91654580429128
TOMM70	0.0770601703592853	0.725278042640028	0.907838051662589
SEC24D	-0.12299352322659	0.719314763012183	0.905287996126617
UBXN7	-1.33460118925468	0.0828550940467662	0.719698560773505
PLPBP	-0.344573423334971	0.280152395465411	0.737835795836267
USP19	-0.191247973654569	0.739701542632394	0.910895529086187
AP2A2	0.225834235483774	0.348617813007482	0.762251782919766
SEC31A	-0.721911763622678	0.0725987998053042	0.719698560773505
HEXIM1	-0.457628137048562	0.320408623386977	0.757775552108479
CCNB2	0.716851804692205	0.104251875489405	0.719698560773505
UBR5	-0.244533138871301	0.491092984248575	0.806997351450716
UBE4B	-0.999241378628913	0.201241137260136	0.719698560773505
ELP1	-2.68016438471905	0.000118449371174369	0.0371507992019038
ZRANB2	-2.48058274804802	0.000281905371694833	0.0679971342559337
SNX4	0.232219816968964	0.553219391167732	0.832415731126997
LUC7L3	-0.177576988278414	0.492078801359456	0.807364310248307
KIF4A	-0.624777743105369	0.185347246700075	0.719698560773505
CCNDBP1	1.21450821387309	0.0969267069191774	0.719698560773505
SNAPIN	0.648441909683697	0.0393832300728705	0.719698560773505
MPZL1	0.204612280160671	0.352262774011852	0.762251782919766
SMC2	0.119385956862537	0.884071422045508	0.962783267099857
IPO7	-1.4137676499998	0.195756459856949	0.719698560773505
BAG4	-0.385839730477247	0.460708169313747	0.794374345416056
AHSA1	-1.73712805912027	0.172218866933913	0.719698560773505
PARN	0.228078145113482	0.452228095223033	0.791444227231702
FMNL1	-1.72503721371528	0.017930295061743	0.661939723305311
SEC24A	-0.339536500957735	0.636329633746944	0.871783835589989
POLR1A	0.662446921384088	0.139471387369555	0.719698560773505
STAMBP	0.488000268211856	0.178413971549217	0.719698560773505
HERC2	0.338727461455907	0.698260859643494	0.899152132523209
SNAP29	0.308046532021191	0.340665427082866	0.762251782919766
LDOC1	-2.60474812954489	1.76449568935795e-06	0.00258263352399026
HSPA4L	-0.862660537089052	0.303870565887772	0.752458158567079
PTBP3	0.447198774999521	0.415108811189032	0.773921467683185
LSM8	-1.39121891257526	0.0905374487616245	0.719698560773505
AP2A1	0.0551089515383509	0.814542533506108	0.939053728396624
STAU1	-0.549462537508852	0.276642468437976	0.736533897438297
BAG2	0.161745254008203	0.457203211185737	0.793972447290465
BAG3	-0.74151760564061	0.223888408310271	0.719698560773505
BPNT1	-0.685757648948211	0.493958691837739	0.807364310248307
TXNDC12	-0.986350601826885	0.0972127338937256	0.719698560773505
PTTG1	-0.527055838097866	0.365133793454345	0.763250423050664
LDHA	-2.19359084354943	0.133293704322448	0.719698560773505
GSR	-0.52821678017629	0.283122599749943	0.739219586157755
SOD1	-1.66623171406227	0.164358214845209	0.719698560773505
PNP	-0.73778435515181	0.475300431139079	0.798906079727283
HPRT1	0.0333895776105955	0.977766998156437	0.991770591107627
PGK1	-1.71931677964781	0.202716544365014	0.719698560773505
ASS1	-2.55298786912283	0.0465153548117186	0.719698560773505
NRAS	0.164876018030434	0.55656650317383	0.832952800080534
HLA-B	0.906458519188909	0.277650700191158	0.736533897438297
LMNA	-0.210148856584937	0.618703649602872	0.861359456374829
TFRC	-0.0727493261905288	0.755596185416949	0.916019561061795
FTL	-0.410547357674318	0.143437186735768	0.719698560773505
FTH1	-1.07941450173582	0.0382170179026999	0.719698560773505
CAT	-0.678264589582653	0.445563919971481	0.786679200882498
ALDOA	-1.96008670399453	0.148911552787767	0.719698560773505
ANXA1	-0.722705711236557	0.404952441252839	0.772942596423392
KRT1	-0.428730252859399	0.331619860763502	0.760945685974322
GAPDH	-1.12156185458755	0.334873899818641	0.761659172939923
HLA-A	-0.340999240943979	0.129986900645328	0.719698560773505
CAPNS1	-2.42747864567858	0.0285243210344086	0.719698560773505
HSPB1	-1.46854136282988	0.221867305999823	0.719698560773505
TYMS	-2.95282200423153	0.058303917334024	0.719698560773505
GNAI2	-0.288596902526059	0.252437569839923	0.730162652662184
ATP1A1	0.188322374835714	0.420924973252373	0.776556466602792
ATP1B1	-0.0188093422410596	0.948641920111856	0.985214444468108
ALPL	-0.316047432413537	0.269991301604638	0.736533897438297
ALPP	0.0315970784615658	0.915432166137376	0.97241526221514
EIF2S1	-0.467627118028862	0.352026221030265	0.762251782919766
RPLP1	-0.584813734255356	0.356039663547701	0.763250423050664
RPLP2	-0.503621666939924	0.274862698894773	0.736533897438297
RPLP0	-0.312431289907014	0.195949808512668	0.719698560773505
SSB	-0.683803368566078	0.428242264681997	0.778622002798637
ITGB1	0.223918548435229	0.492628555214822	0.807364310248307
KRT18	-0.375923762669665	0.297070172022555	0.74661131022821
KRT8	-0.535507221755978	0.180493249813933	0.719698560773505
CDK1	-1.78527003803193	0.203484287637881	0.719698560773505
ATP5F1B	0.147103676773437	0.510023227561486	0.814367997171812
S100A6	-0.803294884193573	0.446658610868879	0.787525939630665
EIF4E	-0.595991173185688	0.110022633965716	0.719698560773505
ENO1	-1.73604121575085	0.213775147414113	0.719698560773505
GPI	-1.46376043838909	0.305374034356382	0.752463071951504
POLB	0.427315632084792	0.405382719987339	0.772942596423392
NPM1	-0.162862538840947	0.550870019518028	0.831512635167983
TPM3	-1.7386018187098	0.112421774463765	0.719698560773505
ITGAV	0.248111115419668	0.410635268461657	0.773413595117981
HEXA	0.417273961931066	0.226855639103166	0.719698560773505
LDHB	-1.76234714730178	0.130681983605074	0.719698560773505
GPX1	-0.106378763978071	0.686824204504236	0.894831938224887
P4HB	-0.549698423835657	0.353630404175916	0.763250423050664
CTSD	0.87798083875494	0.0136700920290745	0.606316910097638
ANXA2	-0.518330492945971	0.455127023765977	0.793881951553632
TUBB	-1.48193545875515	0.236248042070878	0.719698560773505
PSAP	-0.187070927669424	0.632325710165643	0.869027290559417
HEXB	0.045149260098853	0.827060858132922	0.940835292243953
CTSL	-0.0797033422809932	0.73851758195503	0.910895529086187
PFN1	-1.70182730348953	0.255790297977428	0.733073834138196
EPRS1	-0.571207656735403	0.394802234075632	0.767408857824745
CTSB	-0.40891739394657	0.0757846903467618	0.719698560773505
HSP90AA1	-1.81915703710047	0.104224150508952	0.719698560773505
HNRNPC	0.0794960904747732	0.707640939178125	0.901678664850647
LYN	0.145085941916328	0.679204149122739	0.889998632885093
TPM2	-0.963182918666032	0.160431558065508	0.719698560773505
FH	0.252171323241466	0.401703773483348	0.772615536296707
SP1	0.326984674869813	0.197564337246046	0.719698560773505
ANXA6	-2.25834085993794	0.000671274239047348	0.10164017874679
RHOC	-0.601301955173739	0.359773980399588	0.763250423050664
CD55	0.0443632051386302	0.824251383412539	0.940441611280674
SLC3A2	-0.253205817004545	0.34505314878519	0.762251782919766
PFKM	-1.4977040420944	0.185045845665922	0.719698560773505
HSP90AB1	-1.27073062316844	0.218897523698755	0.719698560773505
SNRNP70	1.17888526380917	0.0725266776351033	0.719698560773505
ITGA5	0.116997189593803	0.5795050853694	0.843898305704369
NFIC	0.470239224554337	0.352415832847528	0.762251782919766
VIM	-0.695227252858562	0.119217532209866	0.719698560773505
RPS17	-0.370661284162917	0.192855547485275	0.719698560773505
KRT7	0.400389815905395	0.628264360190687	0.867322350144714
ANXA5	-1.52250061561039	0.210550131208651	0.719698560773505
RPSA	-0.450296797540197	0.144105029448456	0.719698560773505
SNRPA	0.66679496757418	0.0778618157178973	0.719698560773505
GSTP1	-1.5994040834479	0.213851593089469	0.719698560773505
LGALS1	0.17869893749549	0.898799760624285	0.966837273126221
QDPR	-0.374734786652581	0.364942431724926	0.763250423050664
HMGB1	-2.36673344190201	0.0448594899391904	0.719698560773505
GNAO1	-0.413376493833056	0.430402649105032	0.778720484969041
TPM1	-1.07907627267525	0.265578608419426	0.733639697902513
CLTB	-0.557371066700721	0.132956002233229	0.719698560773505
CNP	-0.323257625779796	0.332444531601244	0.760998897899049
HNRNPA1	-0.159202561783047	0.55595640736872	0.832952800080534
SNRPA1	-0.0501605659691222	0.860650953965178	0.953503627872602
PARP1	0.538713597595294	0.0944259457063009	0.719698560773505
ALPI	0.0125218716118773	0.970256201188035	0.990529820539074
H2AZ1	0.0992042423237578	0.896312853324569	0.965527067432989
FBXO45	0.630326898377348	0.214492078194034	0.719698560773505
TRAPPC2	0.310195255916611	0.344015035487979	0.762251782919766
HSPA1A	-0.99297069188729	0.0603854443723733	0.719698560773505
CALM1	-1.48470697984573	0.106318410254862	0.719698560773505
POLR1D	-0.289453634026486	0.333619338265285	0.760998897899049
RO60	-0.639599209205702	0.277679424795364	0.736533897438297
RRAS	0.622417829692427	0.32233854600014	0.757775552108479
HLA-C	-0.229403393348651	0.4805109896267	0.8021076201534
H1-4	-0.334404224377497	0.25899899159332	0.733639697902513
PTPRF	0.0754450714412016	0.708692088640785	0.901990423542518
TXN	-1.89197857047448	0.200569299792682	0.719698560773505
PRKAR1A	-0.574771448371493	0.347944588134231	0.762251782919766
ESD	-3.85504793121137	0.000668170728106388	0.10164017874679
HSPD1	0.0415014354043706	0.851083654037724	0.950845143500489
CLU	-0.199634117829024	0.539846021883534	0.827965030419349
HSPA5	-0.640600287602211	0.127244258468302	0.719698560773505
HSPA8	-0.687220885401079	0.239493444604434	0.719698560773505
SLC2A1	0.275166751208438	0.33961161481614	0.762000306927783
EPB41	-0.243338014674571	0.389940425612313	0.7646543206814
UMPS	0.237146469738533	0.619357992829224	0.861487548554176
BCR	-0.606255411293446	0.0385771540079423	0.719698560773505
TOP2A	0.730790613971628	0.168171569946173	0.719698560773505
G6PD	-1.55152233655262	0.0984847878971545	0.719698560773505
UBL4A	-1.99180235088509	0.000809798223111514	0.108937874513215
DMD	1.70780651320998	0.0457435309710727	0.719698560773505
MTHFD1	-0.519324799592166	0.577850458852005	0.843898305704369
PABPC1	-0.269773802821199	0.310791738872912	0.754804494132166
PCNA	-1.02219742536693	0.212631814606726	0.719698560773505
IMPDH2	-0.978222272086029	0.326049933655122	0.757775552108479
TPR	-0.503052621743681	0.33907467401709	0.761960099245542
CKB	-1.85238532813659	0.121167874577565	0.719698560773505
ANXA3	-0.695980766840862	0.650380071957503	0.878412934816993
ACTN1	-1.50789499762878	0.0858195614257509	0.719698560773505
PEPD	-1.53622885461971	0.173366421897637	0.719698560773505
XRCC6	-0.693086144526575	0.224639946037263	0.719698560773505
XRCC5	-1.00650089548939	0.0488347398823008	0.719698560773505
UNG	0.524388168843668	0.0998088174510545	0.719698560773505
LAMP2	0.1221602833722	0.809606893258876	0.937724460792339
EEF2	-0.639054992949585	0.285137286375848	0.740386754307616
KRT10	-0.375281573577819	0.740661662136529	0.910895529086187
PDIA4	-0.812493899022428	0.171028036484673	0.719698560773505
TPT1	-0.589237853772339	0.496176535416801	0.808727233487444
PLS3	-0.0499602985424374	0.948579352064752	0.985214444468108
GYS1	-0.906506605939573	0.0852174334312591	0.719698560773505
PRKAR2A	0.160583839717578	0.595286973350951	0.851114270873667
ENO3	-1.88221774285523	0.130059400154315	0.719698560773505
GTF2F2	-1.23129962695871	0.055103318911691	0.719698560773505
MIF	-2.28528312139711	0.11440747953766	0.719698560773505
CD99	-0.40428419638485	0.350275389921274	0.762251782919766
PRKCSH	-0.889412593936836	0.311776695527478	0.755265458838437
FDPS	-1.18636934158106	0.113931381694389	0.719698560773505
CPM	0.139005384563834	0.559368843124666	0.834711560100142
AKR1A1	-0.73455323457943	0.263799657851132	0.733639697902513
PKM	-1.46834918125174	0.217493695085398	0.719698560773505
HSP90B1	-1.11932599829952	0.171922181247502	0.719698560773505
SNRPB	0.486854796904407	0.183224353038229	0.719698560773505
IDE	-0.279264979936734	0.588873177368747	0.848610228089303
HNRNPL	0.356608445357963	0.385899525703915	0.764368688173611
DARS1	-0.277070471851495	0.546248786447066	0.829315038423785
JUP	0.541243782952233	0.118587513254448	0.719698560773505
AKR1B1	-0.47216271885576	0.469359584505342	0.79758434038814
ANPEP	0.164789240888169	0.518927002690603	0.821712394091035
EZR	-0.671894737448984	0.225210426708503	0.719698560773505
NME1	-1.50632323612573	0.210796140147372	0.719698560773505
NQO1	-1.09418228880957	0.227117966734884	0.719698560773505
GNS	0.186273127380495	0.451203132500635	0.790773025476809
RPS2	0.153142061053899	0.561831784887003	0.835705747777382
CD44	-0.085365205746001	0.754224452768817	0.916019561061795
CBR1	-0.767328510095041	0.321231886362889	0.757775552108479
H1-5	-0.16308788811196	0.658531673081776	0.881323671549426
POR	0.0629287104001612	0.811813919478675	0.938046004495603
STMN1	-2.12075615746107	0.153263873196988	0.719698560773505
YBX3	-0.260117001107751	0.381071697981838	0.763903130790551
HSPA6	-1.56003508954514	0.0827878254423381	0.719698560773505
HMGA1	-0.360239667647434	0.337090239917857	0.761960099245542
NPR3	0.154988644800884	0.652029229305267	0.878949654712954
PRKACA	-0.592762172739512	0.25733672154466	0.733639697902513
PTPN2	0.261147782060245	0.429584305613168	0.778622002798637
CTPS1	-1.26814116903552	0.13088093192365	0.719698560773505
DDX5	0.0557327204496652	0.838250740197873	0.943758123147094
PSMC3	-0.621312735073793	0.220950478353738	0.719698560773505
TCP1	-0.577601631322274	0.397708321183574	0.768884063547655
ERCC2	0.381056646469929	0.495081875644104	0.808097164561783
RPL35A	0.0559796450650794	0.788492898265186	0.929718667100545
ARF4	-0.650424186454352	0.479302707285291	0.8021076201534
RPL7	-0.187180726595535	0.549524965936257	0.831483158313613
VCL	-0.920173576892786	0.350429212844995	0.762251782919766
NELFE	-0.576213261101255	0.396884486545019	0.768463465112141
RPL17	-0.294454189417468	0.259785617650125	0.733639697902513
PGAM1	-0.766977518253086	0.417688687443758	0.775177948675207
RCC1	0.58337786784913	0.542082642896401	0.828677726132837
PLCG1	0.0726840071984576	0.887498314307222	0.963651112295502
NCL	-0.0974665450501675	0.707261691408275	0.901678664850647
HK1	-0.481646092212465	0.448601578270385	0.789094057518995
POLR2C	0.122584984098474	0.822406017686401	0.940441611280674
POLR2E	-0.0728862142767248	0.804758754409061	0.935830426538714
EIF2AK2	-0.374769443930202	0.177318119303679	0.719698560773505
CSNK2A2	0.255809854330831	0.221649909593653	0.719698560773505
EIF2S2	-0.148534880173237	0.714656735536753	0.903038194458096
BTF3	-1.3283118416699	0.0692378761059014	0.719698560773505
RAB3A	-0.0976152638498284	0.707426107998405	0.901678664850647
RAB4A	0.33447783359253	0.389408507274964	0.764368688173611
RAB5A	0.280009485933171	0.326276216857209	0.757775552108479
PSMB1	-0.703758175199365	0.163973390721612	0.719698560773505
LMNB1	-0.275705556653698	0.442209988755428	0.784470207612971
CAST	-1.58988313327427	0.276654207824969	0.736533897438297
IMPDH1	-0.697951166938864	0.210135839368775	0.719698560773505
PTMS	-1.96078382127954	0.0601698063558962	0.719698560773505
CDK11B	-0.250035288681435	0.346904704676876	0.762251782919766
GSTM3	-1.29646189506324	0.189816270395901	0.719698560773505
ATP6V1B2	0.11125126071714	0.592040943295083	0.850115036628093
ATP6V1C1	0.0602320315048956	0.865266968017487	0.954463493223615
CSRP1	-0.493488816897063	0.392338090849759	0.765669580853908
FLNA	-0.52270812756904	0.408173357059745	0.773413595117981
NF1	0.838973466231231	0.147465794756503	0.719698560773505
ACO1	-1.13032027572703	0.352253903996035	0.762251782919766
TGM2	-0.919389899894693	0.369455208880538	0.763250423050664
OSBP	0.513589031070545	0.0877207578380722	0.719698560773505
PCMT1	-0.22825389742475	0.653242953126828	0.879604356694235
FBL	0.125987146411905	0.721701877658261	0.907183473504412
GART	-1.09096277232215	0.272325381208567	0.736533897438297
PAICS	-1.73235714523472	0.158763454141388	0.719698560773505
UBA1	-1.73306451717201	0.214343334138566	0.719698560773505
NME2	-1.53247878168919	0.21948271205824	0.719698560773505
HNRNPA2B1	-0.0577890746251271	0.777143230674093	0.925020248764967
RFX1	2.03068848855556	0.220193238633028	0.719698560773505
CBL	0.193387087204403	0.922119419363659	0.974964211515971
PRKACB	-0.304343524004821	0.315771887514128	0.757441594865379
ITGA6	0.470335541501726	0.110416163821607	0.719698560773505
SFPQ	0.616802464924007	0.256287541723786	0.733610557828647
PPIB	-0.0754089141547247	0.731546010178168	0.910506445723248
RPS3	-0.119002865908175	0.605073306873151	0.856228453264585
AHCY	-1.07292586227869	0.33433888318082	0.761150307306269
CFL1	-1.5498013282702	0.166305262998431	0.719698560773505
EIF4B	-1.5980755935516	0.0989383574905862	0.719698560773505
DTYMK	-0.262449518478665	0.55791140110211	0.833572565418537
RRM1	-1.07661035495312	0.22631074807567	0.719698560773505
EEF1B2	-1.07868163455696	0.131546112494746	0.719698560773505
ACP1	-0.377292375201637	0.500661635611282	0.809406333915322
POLR2A	-1.47904323358837	0.0921452301935618	0.719698560773505
CDK2	-0.900641440667901	0.184414733238939	0.719698560773505
MCM3	-0.38448428563952	0.474679577807354	0.798711743429295
MPST	0.155029161598268	0.529250749220546	0.826436714021129
RPS12	-0.154651754668578	0.590608724052379	0.849447398399605
DNAJB1	-0.908630529748514	0.217310871226283	0.719698560773505
DNAJB2	-1.07620547506823	0.299269742972643	0.74889680937801
PSMA1	-1.00113478409295	0.0581647581320448	0.719698560773505
PSMA2	-0.587570746696588	0.243880171797892	0.722578268974008
PSMA3	-0.736936262375981	0.21406144334099	0.719698560773505
PSMA4	-1.05329105189518	0.0969142785700987	0.719698560773505
ITGA3	0.101186672962026	0.789886679946045	0.929816009767561
MSN	-1.14767589639854	0.0752804110729042	0.719698560773505
DDX6	0.374392372197484	0.366898788238537	0.763250423050664
DNMT1	-0.326945202252901	0.538457519292713	0.827801209991475
U2AF2	-0.321146106427495	0.299807703603566	0.74889680937801
RPL13	-0.233824857120204	0.362098187986401	0.763250423050664
S100A4	-1.16633616157775	0.441033792201031	0.783089115064588
HMGB2	-0.663595198101156	0.6423244708495	0.873744346809217
PTBP1	-0.259806655576611	0.41016065341514	0.773413595117981
TARS1	-1.10461082165475	0.319982892827949	0.757775552108479
VARS1	-0.556908864844225	0.357250504834208	0.763250423050664
EEF1G	-0.659313790118038	0.248394841119919	0.726464209816238
STOM	-0.219672633938725	0.379052289647181	0.763903130790551
YWHAQ	-1.4118640158766	0.156244620259122	0.719698560773505
MAPK3	0.203730254739739	0.817135825854672	0.939892793609367
MARK3	-2.00385984793378	0.0833579049653662	0.719698560773505
RPL10	-0.298495017750604	0.350415391977884	0.762251782919766
APEX1	-0.586642330083599	0.365247293609643	0.763250423050664
CAD	-1.12766676949104	0.139900390305835	0.719698560773505
CALR	-0.910451277704695	0.307183675140103	0.753123125371409
MAP4	0.32647912738938	0.645008373178286	0.87495575119736
CANX	-0.048625658951245	0.823388643568636	0.940441611280674
PSMB8	-0.650971855304476	0.116979856642572	0.719698560773505
PSMA5	-0.90361034881002	0.161842460084259	0.719698560773505
PSMB4	-0.527611292238124	0.260191251026388	0.733639697902513
PSMB5	-0.937427009146262	0.0929613623622029	0.719698560773505
ITPRID2	0.424013703337138	0.169816516450772	0.719698560773505
POLD1	-0.449361002232074	0.659408973819304	0.882225717257942
MAPK1	-0.000642707884061622	0.998939582142279	0.999754450247319
ERCC5	-0.493225139419355	0.100530940190121	0.719698560773505
LAP3	-0.0745451306426084	0.736906632187939	0.910620665484678
TPP2	-1.25331247410153	0.0427787947058998	0.719698560773505
SHC1	1.61987063831647	0.00871726682878468	0.469137069968986
MPG	0.475561368763756	0.347699781732746	0.762251782919766
CRABP2	-0.643427081593401	0.536999828461174	0.827801209991475
TKT	-1.72890671302239	0.284381060221406	0.739773051274585
EEF1D	-0.595567538221488	0.261203661797417	0.733639697902513
MARCKS	-1.41040350407375	0.169570876539037	0.719698560773505
ERP29	-0.761163975026985	0.340779452112949	0.762251782919766
PRDX6	-1.4941564848397	0.27307513373456	0.736533897438297
BLVRB	-1.93485443748839	0.0495732584236408	0.719698560773505
PRDX5	-0.357976493833245	0.331162577696643	0.760928769579257
PRDX3	-0.178095431793686	0.404111633946827	0.772942596423392
RPL12	-0.343660724596837	0.222906674287564	0.719698560773505
CMPK1	-0.436333187091883	0.555474058385986	0.832736971789984
PEBP1	-1.39468250409936	0.228095793896136	0.719698560773505
PDIA3	-0.298442430013921	0.59439615715704	0.851114270873667
PPP2R1A	-0.728574486503248	0.281914287434769	0.738516436051228
NMT1	-1.49148014797892	0.0430451004277549	0.719698560773505
LRPAP1	-0.208550338972174	0.403855308030657	0.772942596423392
CLIP1	1.1992194636188	0.00227223884835307	0.236066148365081
SLC7A1	0.303810943137499	0.374120399795856	0.76372044421367
POLR2B	0.418367639544265	0.433299589937124	0.779761680087668
MAT2A	-1.4328191181793	0.146327280292657	0.719698560773505
PRKAR1B	-0.0774466726061078	0.768627063080338	0.920884429464055
CPS1	0.00295647960937373	0.990325630330755	0.996909638418695
DNAJA1	-0.768680690942098	0.178406047035618	0.719698560773505
ATIC	-1.37848943106276	0.171983433955749	0.719698560773505
HNRNPH3	0.111614716779442	0.724629687345784	0.907838051662589
HNRNPH1	-0.098943728407999	0.743171554156076	0.911726868319775
YWHAB	-1.2731933291186	0.131440564835715	0.719698560773505
SFN	-3.65081491850619	0.000321105878029778	0.0704987955214378
STIP1	-2.06711320131475	0.102362845168398	0.719698560773505
S100A11	-1.24543339604787	0.379595406089514	0.763903130790551
L1CAM	-0.104596420881734	0.647559904487353	0.876251322220021
INPP5B	0.435872306500755	0.529218987313173	0.826436714021129
PRDX2	-1.26581146374808	0.336787696514089	0.761960099245542
RPL9	-0.277563143292561	0.259985347799811	0.733639697902513
ACSL1	-0.00262586130780917	0.991077361302122	0.997076069570209
KIF5B	-1.50409570204333	0.097263555484799	0.719698560773505
CSTF2	-0.724150911890689	0.345301804044874	0.762251782919766
DUT	-0.685219577332209	0.473624223622292	0.798396217616752
TTK	0.171277106787535	0.639669126004119	0.872223585024316
MCM4	-0.856628219353546	0.16528330588986	0.719698560773505
MCM5	-0.519877040376208	0.269873861101761	0.736533897438297
MCM7	-0.727990158932535	0.200166524880058	0.719698560773505
HSPA4	-1.02609447969552	0.227018229017151	0.719698560773505
GPC1	0.844451402948312	0.0587412765798022	0.719698560773505
CTNNA1	-0.438497437933478	0.255213333756216	0.731967177350453
CTNNB1	0.0460169982821945	0.846684724947194	0.94942776096727
SERPINB6	-0.334884354910972	0.70068463925353	0.899327864390979
RDX	-0.17842334390026	0.675873653566815	0.88789521565938
RFC4	-0.415908045267045	0.629433887312356	0.867453194237663
RFC2	-0.634819706984025	0.0675270631295286	0.719698560773505
RPL22	-0.421584011794927	0.138746571248467	0.719698560773505
GTF2F1	-1.47209935271117	0.0109622724795514	0.53119484408542
SPR	-0.477150725081618	0.240443508017306	0.719698560773505
MYH9	-1.10161868648976	0.123837021847148	0.719698560773505
COPB2	-0.364004928241251	0.464586783740585	0.795632046569778
BSG	-0.412367519434895	0.11757670174064	0.719698560773505
FUS	0.289324672769453	0.250875126375658	0.729048762353087
NUP214	0.332329635939889	0.667429959870053	0.886585879956279
DEK	0.102360258132254	0.786989530630844	0.929693577885401
PSMC2	-0.659198438769238	0.208520427120792	0.719698560773505
ARL2	-0.358579284687202	0.231532096482629	0.719698560773505
ARL3	-0.684087533359943	0.282653481416786	0.738889895462418
ATP6V1E1	0.229513739829034	0.376812623406675	0.763903130790551
RPL4	0.126067891982867	0.645871417413696	0.87558548745401
NUDT1	-0.319251456895891	0.296826744822978	0.74661131022821
PPP1CC	-0.247139703207679	0.527171285217328	0.825837849981217
SRP14	-0.456214164470207	0.345256700555665	0.762251782919766
NUP62	-0.735057600616525	0.118579413693991	0.719698560773505
FDFT1	0.212370234430907	0.366681832679378	0.763250423050664
TAGLN2	-2.2980861335289	0.0731993186370476	0.719698560773505
TALDO1	-0.21637678033742	0.837953131645821	0.943758123147094
ETFB	-0.241299039418642	0.362339148729708	0.763250423050664
ATP6V1A	0.0226465607332926	0.922106369700308	0.974964211515971
HSPA9	-0.263533098123588	0.21360978237822	0.719698560773505
EIF4A3	-1.25125975298958	0.0828085726754231	0.719698560773505
RPS19	-0.100513981218583	0.725831389357025	0.90819812449777
RPL3	0.156239777562124	0.615456321018089	0.860154553747921
FEN1	-0.0793011731890871	0.937730670813326	0.98166422715584
CAPG	-0.941584789849923	0.219322532523566	0.719698560773505
TXLNA	-0.0264565679433453	0.941923293071105	0.982941244150426
CCT6A	-1.15259525660349	0.30427824252096	0.752458158567079
ARL1	-0.34307551718603	0.415689254630206	0.773921467683185
MLH1	-0.126144641776332	0.669568746340194	0.886991272741167
PEX19	-0.938203896653988	0.0353738540389499	0.719698560773505
MDH1	-1.07333177443389	0.315098018404948	0.757441594865379
RFC5	-0.413814276485532	0.310299305938003	0.754804494132166
RFC3	-0.42788259373296	0.182054588646232	0.719698560773505
EIF2S3	-0.47984689919145	0.188199272553712	0.719698560773505
CETN2	-1.10714897382379	0.0212639082044409	0.672733435783863
NAA10	-0.597688560026015	0.388691570544018	0.764368688173611
GARS1	-0.636222987206583	0.230048311739066	0.719698560773505
IARS1	-0.969361188638494	0.120420276955154	0.719698560773505
PRKCI	-1.13324156744677	0.0457377283365089	0.719698560773505
STAT1	-1.25442436652424	0.138493189339189	0.719698560773505
MTREX	-0.272862122083815	0.416457103316801	0.774098319099502
MTOR	-0.26247556588239	0.712601157518883	0.903038194458096
EPS15	-0.356844073522488	0.220320013827991	0.719698560773505
RPS27	-0.315845164912261	0.200672524850582	0.719698560773505
RPL35	0.46412085690741	0.429569480267227	0.778622002798637
CDKN2A	-1.65910780107671	0.073150463758711	0.719698560773505
PRCP	-0.228023246906911	0.439835771819665	0.782830714619884
PAFAH1B1	-0.189654923332608	0.631741495310132	0.868618177817201
MCAM	0.258318746619704	0.259592718711958	0.733639697902513
MATR3	0.501621381667327	0.118701558317874	0.719698560773505
MSH2	-0.750447890295629	0.131693223017934	0.719698560773505
PSMC4	-0.639041293303414	0.0962387778584735	0.719698560773505
CBX5	-0.516647551494742	0.266264140707191	0.733639697902513
USP5	-1.11756448124964	0.203065608959659	0.719698560773505
RANGAP1	0.186855635927248	0.3947992272549	0.767408857824745
RECQL	-0.211509414791053	0.492744237368949	0.807364310248307
NOP2	0.164966535980373	0.500537248865044	0.809406333915322
CRK	1.09107327846381	0.239832179414286	0.719698560773505
BAG6	0.0467741448426153	0.911318785440387	0.971459621887907
RPL27A	-0.308222475568286	0.389404865566606	0.764368688173611
RPL5	-0.261169811363242	0.429018215942144	0.778622002798637
RPL21	0.253491635147462	0.356830205403402	0.763250423050664
RPL28	-0.238793737852937	0.539153964960424	0.827801209991475
RPS9	-0.0191054209023953	0.951218246809229	0.986675333459204
RPS5	-0.374742393907013	0.681906539371825	0.892116726262031
RPS10	-0.0835354685792282	0.72377587911873	0.907359265303647
GNPDA1	-0.354131092200348	0.702411754562617	0.899988547133378
YAP1	-0.924236579452881	0.0586699238700132	0.719698560773505
IQGAP1	-1.56966591115309	0.174121976318735	0.719698560773505
GYG1	-1.49975285277264	0.0772296686260787	0.719698560773505
PLA2G4A	-3.06923862845946	0.132607093386795	0.719698560773505
CAPZA2	-0.536987456242301	0.361232937447169	0.763250423050664
CAPZB	-0.942187121364018	0.159486969675979	0.719698560773505
QARS1	-0.0354285784194062	0.871648795805247	0.957059801189689
RPL29	-0.656070555242323	0.0538169821567877	0.719698560773505
PIP4K2A	-0.0143314481343566	0.958904302902037	0.987660199219524
ARCN1	0.163148989162536	0.796904428261189	0.933313017933384
GCLM	-0.94582569475655	0.210950186744587	0.719698560773505
PSMD8	-0.218701767293215	0.500426874939826	0.809406333915322
PRRC2A	0.754896437112581	0.218253314996958	0.719698560773505
CCT5	-1.06526905148535	0.227380533224611	0.719698560773505
CSNK1A1	-0.959096041515302	0.263487993229817	0.733639697902513
ADGRE5	-0.356211801223449	0.198291018533887	0.719698560773505
POLD2	-0.81931578105355	0.377828818569207	0.763903130790551
MARCKSL1	-1.39146888055583	0.0855250241626804	0.719698560773505
ALDH9A1	0.316402467657511	0.468822381250491	0.797058736185607
RPL34	-0.0419810668201706	0.913801237171743	0.972017572445421
RPIA	-0.268507000478987	0.357815035061507	0.763250423050664
LMAN1	0.328061539989527	0.268671580574582	0.736533897438297
NASP	-1.74872857659644	0.12944086124312	0.719698560773505
FASN	-1.13712082595183	0.237941246785876	0.719698560773505
CCT3	-0.827580014674389	0.271003347740679	0.736533897438297
ALDH7A1	0.323012250993017	0.161607205863469	0.719698560773505
SRP9	-0.301175081634714	0.4035761712154	0.772942596423392
AARS1	-2.03571364755947	0.10132682762709	0.719698560773505
CARS1	-0.0642643026548058	0.932309129690901	0.978639333267565
SARS1	-0.682844357861182	0.543141538558485	0.828677726132837
PRIM2	-0.807948988806089	0.102712893594363	0.719698560773505
CSNK1E	-1.56335799451869	0.0281327300055067	0.719698560773505
PSMB3	-0.596165252019013	0.145133063724156	0.719698560773505
PSMB2	-0.745398721848343	0.209474628059981	0.719698560773505
MCM2	-0.686820492259162	0.199092140125509	0.719698560773505
TMED10	-0.269290908891762	0.387848535935047	0.764368688173611
NUMB	0.829656345764416	0.16040578619261	0.719698560773505
EIF2B2	-0.552744082303445	0.37346876542354	0.76372044421367
HINT1	-1.91760196344847	0.105282306731566	0.719698560773505
RANBP2	-0.0668187692310234	0.822712799344923	0.940441611280674
MTHFS	-0.151976900465911	0.740003530926906	0.910895529086187
LIG4	-0.617677754674169	0.0867300733630676	0.719698560773505
MRE11	0.0375090165303931	0.913875706412588	0.972017572445421
GDI2	-1.16922828625832	0.278535764808671	0.737147899362206
SERPINH1	-0.455300441117441	0.27061654167061	0.736533897438297
ST13	-2.6912003764511	0.0695349004688542	0.719698560773505
PEX5	-0.600571969536819	0.438491748723526	0.78268994660366
DNM2	0.33431321999544	0.438455765939257	0.78268994660366
CDK7	-1.07915553865141	0.101461251334032	0.719698560773505
CDK9	0.355087282932832	0.303397541353068	0.752240883162802
LRBA	-0.948299294749226	0.199172368280232	0.719698560773505
RPL14	0.130120945112605	0.594231885357634	0.851114270873667
CCT8	-0.76120821967638	0.239430260338933	0.719698560773505
CCT4	-1.04836171575017	0.194764087890287	0.719698560773505
FXR1	0.263041880287354	0.515639548613448	0.818869171053037
FXR2	0.846694474860392	0.205722665412953	0.719698560773505
RAB5C	0.175889415369056	0.402543807500994	0.772942596423392
RAB7A	0.244884167507294	0.246314086635865	0.724424081994696
RAB9A	0.16497544467644	0.466082350736747	0.797058736185607
RAB13	-0.195910539485787	0.544254569871819	0.829193642082763
DAP	-0.404569380778366	0.194719016961888	0.719698560773505
HCFC1	-0.393225410838618	0.140175479465464	0.719698560773505
PSMD7	-1.01968163048285	0.0141256842240835	0.61411761809852
RPS6KA3	-0.420808517896781	0.405922484024674	0.772942596423392
HDGF	-2.21232240082207	0.126456998742689	0.719698560773505
HNRNPA3	0.448067312594709	0.477961735964315	0.800430962097372
PGD	-1.58281353262783	0.164871804634938	0.719698560773505
HNRNPM	0.185437912162929	0.663580850793956	0.883940546111223
KPNA2	-1.17413394214002	0.0935231877812497	0.719698560773505
POLR2H	0.253853068337413	0.665176360524249	0.885087696685448
POLR2J	0.274864113663696	0.582560135365249	0.845202724409449
ARHGDIA	-1.47899200571041	0.14173802486314	0.719698560773505
SLC7A2	-0.112112362264007	0.667513759766672	0.886585879956279
AGFG1	-0.122451626567148	0.657568792219636	0.881323671549426
HNRNPF	-1.76372910026929	0.00394586609908487	0.303912348333896
MSH6	-1.02109452922856	0.0690332904701249	0.719698560773505
RIDA	-0.0933856565620239	0.735491334401645	0.910620665484678
HK2	-0.810286458020027	0.298063558231046	0.747436181911816
CAPZA1	-0.936964464456533	0.188808265442066	0.719698560773505
CRIP2	0.348209164870759	0.232054049106686	0.719698560773505
NUP98	-0.524845136928338	0.342203737706713	0.762251782919766
PPP5C	-2.27212081849257	0.060740873242043	0.719698560773505
PLK1	-1.93559145592887	0.0631868235391093	0.719698560773505
ARFIP2	-1.47436570556699	0.12701143825333	0.719698560773505
ACLY	-1.3103129558547	0.258820932092714	0.733639697902513
METAP1	-0.823696825768859	0.0550425520902584	0.719698560773505
COPB1	-0.352428167712567	0.615321614079078	0.860154553747921
COPA	0.068126243210898	0.877995505545762	0.960457963341166
CTSC	-0.0552732817572448	0.839134171690494	0.944052817805011
CLTCL1	0.470580656177599	0.504846084082274	0.811557844091068
AP2S1	-0.115642328682689	0.662276630874656	0.883569199224953
SLC16A1	-0.0777446606582757	0.75331755517999	0.916019561061795
IST1	-0.244679126490315	0.366397876785234	0.763250423050664
SEC24C	-0.297589677819623	0.364225602659954	0.763250423050664
SUB1	-1.53864687428873	0.200412994110726	0.719698560773505
CLNS1A	-1.42877141853216	0.140621134710826	0.719698560773505
RARS1	-1.2387567350032	0.224711057168858	0.719698560773505
ATN1	-1.13438544539464	0.14519986039995	0.719698560773505
YARS1	-1.45285014953644	0.133922069628672	0.719698560773505
USP14	-1.37110512103826	0.198675836896541	0.719698560773505
PRKAG1	-0.451736891956614	0.381553572408524	0.763903130790551
ATP1B3	0.221323874152926	0.483816393232113	0.804605642123555
RAD23B	-1.59772346845273	0.112327053157144	0.719698560773505
AK2	-1.05365160032999	0.0741477407476615	0.719698560773505
NAPA	-0.15864008237687	0.503565548223972	0.811251558926367
EIF5	-0.201527558037888	0.760457131614812	0.916703786083884
PSMD4	-0.680603340312501	0.142675761145995	0.719698560773505
CSE1L	-0.87285258546434	0.385386529772689	0.764368688173611
VCP	-0.333791108005617	0.504244138739525	0.811557844091068
MFAP1	0.283657032438288	0.315328557785372	0.757441594865379
NAP1L1	-1.84139726812135	0.139219955675045	0.719698560773505
ADAR	0.0321246754745879	0.931122182924347	0.978123805076748
TPD52	-1.36877724294513	0.193533496561124	0.719698560773505
SEC13	0.307540364714384	0.31710050495409	0.757441594865379
SNU13	-0.107912030355209	0.687484502239449	0.894831938224887
NPEPPS	-1.4623474124147	0.229094748539247	0.719698560773505
EIF3B	-0.220061666548858	0.510325224529708	0.814554002511795
MARS1	-0.652708837003587	0.286409569714995	0.741086871313224
AP1S2	0.481770416043979	0.150744358988159	0.719698560773505
EIF6	0.0233964445555124	0.968714176429356	0.989675185830921
GEMIN4	-1.01406608997257	0.138803409918365	0.719698560773505
NUP107	0.260774026331344	0.28107015824648	0.737835795836267
EEFSEC	1.40688033540149	0.00199824022268962	0.219356820445753
EPPK1	-1.66131282146102	0.131348015626043	0.719698560773505
ARPC4	-1.15061857114046	0.182616362293416	0.719698560773505
TPI1	-0.832667090666455	0.460295259275557	0.794374345416056
EIF3E	-0.419722423041222	0.121982459890395	0.719698560773505
PPP4C	-0.423412367697686	0.382844880452821	0.764149040994075
MYL6	-1.98681257437469	0.0925441552292659	0.719698560773505
ACTB	-1.2292597732572	0.146686427045477	0.719698560773505
EIF4A1	-1.78302313918848	0.0591134366266027	0.719698560773505
RPS20	-0.0303188370418681	0.925453837930344	0.97563826904149
PSMA6	-0.932168070879904	0.0919768569351008	0.719698560773505
S100A10	-0.467722400945494	0.308527686340249	0.754804494132166
CDC42	-0.122697487363183	0.604234018230519	0.855318170594765
DSTN	-0.991218859657607	0.221896591238145	0.719698560773505
RAB8A	-0.659184908300659	0.11479740724419	0.719698560773505
SRP54	-0.346650791333207	0.473837518357835	0.798396217616752
RAB2A	0.0960527483531415	0.70226786233913	0.899988547133378
RAB5B	1.1001040214766	0.0187017797958459	0.661939723305311
RAB10	-0.23832101335795	0.691553585748118	0.896283663473849
RAB14	-0.108388548179118	0.742527738628344	0.911501062431384
ACTR3	-0.704467933204214	0.248261235292403	0.726464209816238
ACTR2	-1.18641698419659	0.158116378329456	0.719698560773505
ACTR1A	-1.30393199779807	0.172071782306004	0.719698560773505
COPS2	-1.31290886334936	0.0857533671144962	0.719698560773505
ARF3	-2.30742193059219	0.0674247411187507	0.719698560773505
ABCE1	0.177271547262322	0.773822822330339	0.922828900829038
RAP1B	-2.01283340085517	0.066301070869713	0.719698560773505
RAP2B	-0.180030250993212	0.671097486967467	0.886991272741167
RPS3A	-0.0908562089193836	0.74854133556926	0.913967805258979
RPL26	-0.365143838464391	0.149812298491491	0.719698560773505
PSME3	-1.31993861947111	0.128072895385213	0.719698560773505
RPL15	0.0956169795016422	0.826296170674259	0.940835292243953
RPL27	-0.362540017547257	0.20058098112835	0.719698560773505
RPL37A	-0.187018184606632	0.529661392401545	0.826490111597436
NAA20	0.0593652704818517	0.857150890264684	0.953114491403509
HSPE1	-0.199757968277673	0.458301518485363	0.793972447290465
VBP1	-2.39530350585639	0.000483177071378452	0.0922448052357732
STXBP1	0.0264606945323358	0.952554018521804	0.986675333459204
COPZ1	-0.270671184977363	0.638985042812558	0.872223585024316
UFM1	-0.90722175350728	0.184269030314048	0.719698560773505
DCAF7	0.0280726821033284	0.958851817183432	0.987660199219524
WDR5	-0.559618294096975	0.134560942611407	0.719698560773505
AP1S1	-0.00933175240185236	0.973086367617288	0.991144105824057
HNRNPK	-0.631455260269043	0.22052350504296	0.719698560773505
YWHAG	-1.09217891777586	0.177793130683474	0.719698560773505
RPS7	0.0714811000970919	0.838657298228185	0.943758123147094
PPP1CA	-0.301080803945247	0.42456984561772	0.778243828308407
PPP1CB	0.166197889916386	0.714325580228163	0.903038194458096
NCS1	-1.69424382384697	0.00482264669647159	0.336130819749313
PSMC1	-0.670633981870658	0.169837991932559	0.719698560773505
PSMC5	-0.453798929104675	0.311841557019833	0.755265458838437
RPS8	-0.440984325623347	0.291164568735313	0.741891149555502
RPS15A	-0.366028348086875	0.180031468984207	0.719698560773505
RPS16	-0.315436530502794	0.253965577353265	0.731254327972582
YWHAE	-1.03647645130697	0.428157167717767	0.778622002798637
RPS14	-0.261719199459311	0.273578513142643	0.736533897438297
RPS23	0.275735250941093	0.224600989038256	0.719698560773505
RPS18	-0.583356776295961	0.0797193037874374	0.719698560773505
RPS29	-0.858259920579002	0.159082682738781	0.719698560773505
RPS13	-0.0973412923407295	0.804187160678782	0.935661320228016
RPS11	-0.0540151379119536	0.834784376971267	0.943339518102772
SNRPE	-0.657777629513916	0.0387969223256315	0.719698560773505
SNRPF	0.345552175014639	0.232694657468264	0.719698560773505
LSM3	-1.48863821648983	0.0572214649003744	0.719698560773505
LSM6	-0.704938422649498	0.0139681514776194	0.613341531382269
SNRPD1	0.326864539143795	0.276425403324996	0.736533897438297
SNRPD2	0.508322928280087	0.196477440883303	0.719698560773505
SNRPD3	0.872978725160372	0.0390768216211036	0.719698560773505
TMSB4X	-1.94911070428983	0.223192660404535	0.719698560773505
ARF6	-0.630460743897693	0.222309530125391	0.719698560773505
PSMC6	-0.955425993754748	0.0459181757440451	0.719698560773505
RPL7A	-0.642401430377678	0.0294727453750153	0.719698560773505
ETF1	-1.37650975069536	0.0204694085544318	0.661939723305311
YPEL5	-0.289438167221888	0.309130341093929	0.754804494132166
RPS4X	-0.15058449327806	0.541701359693396	0.828677726132837
RPL23A	-0.285702564153198	0.338099992042266	0.761960099245542
RPS6	-0.0637756837928052	0.850705262864032	0.950845143500489
H4C1	-0.54048224478716	0.303660812306454	0.752458158567079
RAB1A	1.02284365453247	0.102473163465106	0.719698560773505
RAN	-0.753980511219904	0.348027398946125	0.762251782919766
RPL23	-0.377135659618233	0.183077631567266	0.719698560773505
RPS15	-0.270993142225809	0.383836422853854	0.764368688173611
RPS24	-0.0348021305763346	0.902396758037055	0.969285895808669
RPS25	-0.168876683211259	0.568936124263584	0.840964679564265
RPS26	0.45674664670527	0.105846781783996	0.719698560773505
RPS28	-0.244561201782183	0.509008516837644	0.813339300376308
FAU	0.397931398975345	0.382582020969241	0.764149040994075
POLR2L	-0.0657871212105192	0.859228625248927	0.953162843659111
RBX1	-0.128113457847501	0.565631080116059	0.838516567450916
RPL30	-0.196722690522947	0.378246979069267	0.763903130790551
RPL39	-0.657082797068643	0.0415565456946992	0.719698560773505
RPL31	-0.113518747177537	0.764928794112423	0.918329038267639
RPL10A	-0.103000998421116	0.624431953140197	0.86358447440586
RPL32	-0.175556304433488	0.553353837601666	0.832415731126997
RPL11	-0.246939793418701	0.356958915089936	0.763250423050664
RPL8	-0.343679087777939	0.182640336460457	0.719698560773505
PPIA	-1.69449153680257	0.261739188141188	0.733639697902513
GRB2	3.0951759587471	0.00295483668355198	0.259493757549535
RAC1	-0.283956106105769	0.42478766572378	0.778243828308407
AP2B1	-0.0976401094563109	0.662425370951616	0.883569199224953
GNAS	0.0425512277278912	0.879923662475847	0.960914386796849
PPP3R1	-1.1607238962931	0.0760968457747934	0.719698560773505
YWHAZ	-1.84529872019282	0.0654138215479252	0.719698560773505
PPP2R2A	-0.319251851796771	0.727098436789368	0.908821302573901
SUMO1	1.35137923425525	0.202796738896406	0.719698560773505
DYNLT1	-0.0763623979601	0.874377505916918	0.95839066792985
RPL38	-0.23399116262901	0.295597866269928	0.74661131022821
SKP1	-0.885110030573113	0.319290725392873	0.757597571797441
RPS21	-0.728668650078909	0.0819239527597505	0.719698560773505
EIF5A	-1.07672159931548	0.202252489171639	0.719698560773505
RACK1	-0.584381097658873	0.0512881500449269	0.719698560773505
UBE2I	0.25276601493244	0.718006565030218	0.905117046845675
TMSB10	-2.00786278718841	0.226220589842629	0.719698560773505
YBX1	-0.563830929121913	0.0339689255286369	0.719698560773505
CSNK2B	-0.390483009544976	0.178996460014154	0.719698560773505
TPM4	-1.87453655345643	0.124399234806546	0.719698560773505
TUBA1B	1.33057346338803	0.168444607934635	0.719698560773505
TUBA4A	-1.08483099275034	0.206992443711539	0.719698560773505
TUBB4B	-0.941597483672897	0.211485427283406	0.719698560773505
CSNK2A1	0.109932840764593	0.714634703269867	0.903038194458096
PAFAH1B2	-1.77774027197341	0.166506636663334	0.719698560773505
IGBP1	-1.07262011471963	0.319256269342223	0.757597571797441
EIF4G2	0.247615191074239	0.672747777976067	0.887700600669258
RPP38	-0.840331035008035	0.033210950454107	0.719698560773505
RPP30	-0.993551997089082	0.0355455866117276	0.719698560773505
GTF2I	-0.22827036147887	0.416177179544189	0.774098319099502
PIP4K2B	-0.323832316635588	0.279429840214843	0.737604232170153
SRPK2	-0.4683890943917	0.10511455161569	0.719698560773505
CCT2	-0.516923191845695	0.451528341512235	0.790773025476809
RAE1	-0.596523463623083	0.10214017845338	0.719698560773505
GSTO1	-1.17520328265025	0.257970354419566	0.733639697902513
PRKDC	-0.365454484058311	0.38762908914843	0.764368688173611
BASP1	-0.663696999619148	0.0678290606487411	0.719698560773505
HMGN5	-0.81726603596297	0.265843465743394	0.733639697902513
SARNP	-0.827589289292245	0.100391323045314	0.719698560773505
RPL24	-0.0875117147559337	0.765866758855863	0.918329038267639
ARF1	-1.90857269512938	0.0348106120520878	0.719698560773505
ARF5	-0.486595782487157	0.347275019478372	0.762251782919766
RHOG	-0.0233614907031274	0.933083992198258	0.978639333267565
RPL19	-0.579356585574139	0.519236609560924	0.821869235713285
SRSF3	0.36718446023794	0.265911726705116	0.733639697902513
CCZ1	0.31958551118478	0.737699919163239	0.910620665484678
DAB2	-1.34227192145236	0.0679356115503655	0.719698560773505
RBM3	-0.0591368412602868	0.861465197389108	0.953503627872602
CYCS	-0.346621745690015	0.277659912512877	0.736533897438297
HDLBP	-0.369237001221151	0.153248122124873	0.719698560773505
GTF2B	-0.625629209453521	0.367167205814824	0.763250423050664
CDK5	-0.256499657123875	0.515993125816831	0.819134423521946
PURA	0.0107418420631475	0.966338051083043	0.989675185830921
CLTC	0.321265417180307	0.235080058545794	0.719698560773505
FKBP3	-0.652376887283584	0.0366872564105088	0.719698560773505
REEP5	0.0976141407357396	0.705562816358486	0.90140422654353
HNRNPU	-0.721837158091681	0.107574703224334	0.719698560773505
SPTBN1	0.815511381159354	0.410111801835048	0.773413595117981
TIAL1	-0.298501077223651	0.31043716814777	0.754804494132166
SET	-1.30352867546271	0.243922083577541	0.722578268974008
SRSF2	-0.235870233820791	0.346439753255764	0.762251782919766
FABP5	-0.259601462174601	0.795055461015316	0.931951022241925
CAP1	-1.3809865801888	0.134285573658283	0.719698560773505
HMGCS1	-2.10306645193538	0.0405694560952398	0.719698560773505
IFITM3	0.0750227477716621	0.777135487432875	0.925020248764967
SLC7A5	-0.301108497625158	0.275985665400809	0.736533897438297
EXOSC10	-0.236548130897518	0.494224157695833	0.807364310248307
OTUD4	-0.19766200758772	0.376175457976685	0.763903130790551
PFKP	-1.18511298126203	0.259247629359751	0.733639697902513
EWSR1	-0.376806344300171	0.153660187983327	0.719698560773505
OCRL	-0.162486392841032	0.70306454158407	0.900029522913824
PLCB3	-1.04759337717712	0.123012149227767	0.719698560773505
COL7A1	-0.0488335267306255	0.944741595970229	0.98430656818757
RPL18A	-0.3558518213094	0.17712143459853	0.719698560773505
FKBP4	-1.56418969886946	0.0717286819769725	0.719698560773505
RPL6	0.288382445513854	0.358360061359909	0.763250423050664
AKAP12	-0.193409997496971	0.755538116466652	0.916019561061795
DST	0.19470994390683	0.527634629972034	0.825837849981217
TNFAIP2	0.13548054368459	0.782562450879504	0.928209541278202
EIF4G1	-1.07417609257466	0.0236376948414863	0.716817353318795
KRT17	-0.984026934954223	0.0791178985315235	0.719698560773505
TLE3	-1.19324206218357	0.0425597771479829	0.719698560773505
GLO1	-2.22321874507538	0.0673928139471043	0.719698560773505
YWHAH	-0.700518134130409	0.347693256533801	0.762251782919766
PLP2	-0.204413824599335	0.427352704649695	0.778622002798637
CSTF1	-0.67493205887197	0.152695973184366	0.719698560773505
DNM1	-0.620288687225084	0.613789386358647	0.859813785051731
EEF1A2	-1.37701615658268	0.09413580047088	0.719698560773505
PRKCD	-0.724360347648634	0.0265846336373356	0.719698560773505
CALD1	-0.860185637493572	0.0493410836861248	0.719698560773505
FPGS	-0.267813953287352	0.252323233289686	0.730162652662184
PTPN11	-0.527162920666445	0.337711160366934	0.761960099245542
GFPT1	-1.20748559360214	0.202953060046784	0.719698560773505
EXOSC9	-0.513981904375623	0.359907660372567	0.763250423050664
PSME1	-1.45240518103641	0.197738792446132	0.719698560773505
PRDX1	-1.84098427665222	0.194115613786247	0.719698560773505
RPL18	-0.155465500057804	0.53092728115166	0.826899476277592
C1QBP	0.195687512299031	0.374095873415066	0.76372044421367
TJP1	0.291496039495136	0.221626289263099	0.719698560773505
BAX	-0.375792364687456	0.226035164640165	0.719698560773505
POLE	0.183690933260674	0.640014664301605	0.872223585024316
SRSF1	0.203607639795177	0.537656296278532	0.827801209991475
TLE5	-2.95360586680687	0.00608355014130601	0.39374562738878
PPP3CA	-0.392785511606142	0.343281644666592	0.762251782919766
DHX9	-0.150110018016271	0.741307878659806	0.910895529086187
CRYZ	0.182948793329793	0.43424849151794	0.78042851246626
GOLGA3	0.17189656303082	0.561587609612203	0.835625616335881
GOLGA2	0.0475007337899847	0.879125067279501	0.960914386796849
PPID	-0.9850744593003	0.198238568281351	0.719698560773505
SSRP1	-1.30966223754056	0.0600126389211723	0.719698560773505
VAC14	0.238361931355776	0.332779654634471	0.760998897899049
NSUN2	-0.689595890655571	0.182038863623043	0.719698560773505
RBBP4	-0.752098235054007	0.597353118603597	0.851981612285857
NCBP1	-0.131403085859425	0.757282660670448	0.916451428401054
AHNAK	0.0909125923637113	0.721862686500664	0.907183473504412
FCHO2	-0.774115021884953	0.217657186919315	0.719698560773505
HSPA14	-1.10580346895726	0.042773756310685	0.719698560773505
GALNT2	-0.206551772725259	0.340923705973847	0.762251782919766
AP1B1	0.164544232879546	0.463035760860062	0.794835819365337
BST2	-0.214692211683854	0.395167493324864	0.767439391061246
WASHC5	-0.159940536608378	0.607931167430097	0.8574296530874
NUP160	0.055350367789007	0.886945466345528	0.963651112295502
TWF1	-1.06445146627418	0.233994352781503	0.719698560773505
AKAP13	-0.643067400019909	0.380349864339723	0.763903130790551
CDC20	-1.91401285606794	1.56672299992018e-05	0.00687948069264949
GRSF1	-0.167686301259927	0.764806023768272	0.918329038267639
SF3A3	0.0618643144951889	0.874784539312474	0.95839066792985
TP53BP1	0.0709217867899348	0.935073820213457	0.979696765582747
IFRD2	0.0585521726559435	0.805559551338836	0.93586169110102
AIMP1	-0.585657213327679	0.245338080191887	0.722578268974008
ILF2	-0.38535146085367	0.108163150142497	0.719698560773505
ILF3	-0.16750972120521	0.413686741518174	0.773637466842458
TRAP1	-0.649720485205691	0.352907440891603	0.762606581178655
MYO1E	-0.333725998079959	0.814290372571121	0.939053728396624
MLLT11	-0.962624240396831	0.146304509650334	0.719698560773505
STRN3	0.226464325899219	0.594030640714533	0.851114270873667
STK4	-0.325796583893759	0.59638723980238	0.851621583730813
FLII	0.278044666471743	0.671802738147821	0.887387746162819
COASY	-0.543283307783689	0.375386253136934	0.763903130790551
ACACA	-0.426233645953928	0.50360440284435	0.811251558926367
GPS1	-0.967559775637852	0.0484806369921319	0.719698560773505
CHAF1B	0.888171452722077	0.00889987573173816	0.470835594434485
IK	0.909223799951523	0.0695493197571686	0.719698560773505
MTAP	-1.24820839755694	0.22439449444073	0.719698560773505
PRKAA1	2.00901433763182	0.121817057991485	0.719698560773505
PPFIA1	0.482836749966346	0.0610262554896795	0.719698560773505
EIF2B5	-1.86888583086016	0.0442542386835421	0.719698560773505
TARDBP	-0.059978530723221	0.847339865526769	0.94942776096727
HNRNPA0	-0.0542246465984704	0.854989635778597	0.953114491403509
AIMP2	-0.702964993100004	0.426418733269343	0.778622002798637
PRDX4	-1.3060576007427	0.335231317489873	0.761901286550059
CBX3	-0.832087348777474	0.170522364635413	0.719698560773505
STX5	-0.0265534556830858	0.935596012466636	0.9800100407302
PSMD2	-0.96492548979397	0.0510974728111217	0.719698560773505
NME3	-0.374576778491111	0.237445325049525	0.719698560773505
SRSF5	-0.155678423643881	0.737870263674445	0.910620665484678
SRSF6	-0.496315486799109	0.210613914924265	0.719698560773505
MAD2L1	-0.739284925939906	0.151028180970263	0.719698560773505
TRIM28	-0.595710759639275	0.110891145402435	0.719698560773505
G3BP1	-0.0170627157152516	0.957228086872035	0.987591289815579
KCNAB2	-0.535803701362013	0.231873584451589	0.719698560773505
SKP2	0.773382382164389	0.127218500028524	0.719698560773505
PABPC4	-0.179789343033747	0.476603714135366	0.799376206557826
EIF3I	-0.197961381801633	0.592411776070387	0.850369437307967
PPP2R5C	-0.395600173213879	0.710145960909642	0.903038194458096
CTBP1	-0.528745917470502	0.33770572074532	0.761960099245542
PDCL	-0.0867429284636501	0.703541304462352	0.900029522913824
DYNC1I2	-0.111860278642968	0.684809264050955	0.893875588123586
ORC2	0.249915629526065	0.350250906597487	0.762251782919766
SNTB2	-0.0382154642053365	0.855283081987075	0.953114491403509
XRCC4	-0.331927284567413	0.628319835074091	0.867322350144714
TCOF1	-0.178034748552129	0.563863153768204	0.836743193036898
SF3B2	0.034612606282181	0.895637130631335	0.965506399949217
GOLGA4	-0.174632879423331	0.669305459259651	0.886991272741167
PDAP1	-1.85555588435447	0.0772159317324051	0.719698560773505
FKBP5	-0.809820360765446	0.0721460139548776	0.719698560773505
PICALM	-0.0893617385262537	0.82953921412284	0.942172758735331
SQSTM1	-0.459100202005814	0.318701009192055	0.757597571797441
TUBB3	-2.28629011883324	0.290568042708397	0.741586500373763
HDAC1	-0.740877882916852	0.142832703167997	0.719698560773505
DCTN2	-0.950331798706053	0.134927803263821	0.719698560773505
SNW1	-0.420265852628432	0.140296296957521	0.719698560773505
PWP1	0.534285774648232	0.319023588082736	0.757597571797441
CUL1	-0.265326959547135	0.516351104507488	0.819404533901501
CUL2	-0.537637755169627	0.257672727041004	0.733639697902513
CUL3	-0.49703224935114	0.236073069933164	0.719698560773505
CUL4A	-0.41238747402949	0.368249056429277	0.763250423050664
CUL4B	-1.0214466905481	0.116702765040455	0.719698560773505
TP53BP2	-0.797338810431366	0.119904953118541	0.719698560773505
GFUS	-0.457201379167021	0.554578535024516	0.832415731126997
RAB31	0.244024414629919	0.322572580080859	0.757775552108479
RAB32	0.234362269869386	0.247393453291746	0.726168783434438
PMS2P11	0.100210502390667	0.762080810152629	0.917546619572504
ALKBH1	0.15405071543745	0.643439593322894	0.874719273771154
ALCAM	-0.0683802702931011	0.76209378894663	0.917546619572504
SPTAN1	-0.8044572013407	0.192204148864651	0.719698560773505
GNL2	-0.188072350898342	0.66824577349851	0.886753457670582
DDX39B	-0.277540552236015	0.373381844644157	0.76372044421367
BLMH	-0.0945864629305717	0.913876163448632	0.972017572445421
EXOSC2	-0.450015201528117	0.189737690299613	0.719698560773505
BYSL	-0.501641394064826	0.179572690843294	0.719698560773505
IDI1	-0.717304732455979	0.161647811561016	0.719698560773505
CKAP5	-0.0319059091591107	0.979343498401791	0.992681740877715
CIRBP	0.449583189081114	0.376516260999467	0.763903130790551
COX17	-0.631779934015153	0.116340191054367	0.719698560773505
HNRNPD	-0.15661174257912	0.495894067782473	0.808566970528347
DSG2	0.0675979004678062	0.76545848801413	0.918329038267639
UBE4A	-0.0712018495982747	0.784973588083349	0.928311076023158
SAFB2	1.62489504374885	0.0659510770031904	0.719698560773505
EIF3A	-0.159699034695063	0.623146369295477	0.862363376212344
UBAP2L	-0.164629628177554	0.523489835029113	0.823429325182447
SCRIB	-0.015853680698104	0.967410509198085	0.989675185830921
DCTN1	-0.240100065803393	0.48060695709943	0.8021076201534
DYNC1H1	-0.358032663381042	0.36868780341992	0.763250423050664
ELOA	0.101633514933354	0.756232150074431	0.916284594640405
MAP7	-0.186196547427141	0.584884084672807	0.846445940482642
TRIM25	-0.537527074739359	0.16215519295164	0.719698560773505
FAM50A	-2.53909435734123	0.00542001753298608	0.36614303057449
FRG1	-0.305510082746721	0.297031462012379	0.74661131022821
PDE3A	-0.143321663227646	0.664336218547675	0.884505862838945
CAPRIN1	-0.100197375347285	0.717253609936871	0.905017414147356
RBM39	-0.163429181162606	0.533173978394234	0.82726746965692
MCM6	-0.943187780755512	0.0944790523998295	0.719698560773505
ITPR1	0.475760987441113	0.14720161533249	0.719698560773505
TRIP12	-0.254250727406234	0.514432048987988	0.818135142016028
PUM1	0.202137898368729	0.609672947554671	0.858586886694215
CLINT1	0.172569436405382	0.550054120078858	0.831512635167983
SMC1A	1.25313741439918	0.000987149267981722	0.127487424579639
USP10	0.233462029552737	0.333730115595805	0.760998897899049
GANAB	-0.588060252065855	0.4173091856072	0.774801113742586
MVP	-0.552457882433039	0.360311624715868	0.763250423050664
CHD4	0.688286260839511	0.214154477071748	0.719698560773505
LASP1	-1.79238797194733	0.158404418076038	0.719698560773505
KPNB1	-1.04377144138581	0.276877069065702	0.736533897438297
NOLC1	0.119742768328603	0.732617883031666	0.910506445723248
NUMA1	0.106222445984269	0.871046640454939	0.956909131407965
PSME4	-0.669305924958476	0.423250060072763	0.778067578369402
NAA25	-1.51389177742642	0.0163018037314842	0.654652845593486
NCAPH	-0.677254622827995	0.129998500021132	0.719698560773505
PCLAF	-1.98707383942333	0.000816110727629981	0.108937874513215
PSMD6	-0.676050979809823	0.0681131185675233	0.719698560773505
MORF4L2	0.414878945886827	0.619500560165841	0.861487548554176
ABRAXAS2	-1.36229961721643	0.0518785939310625	0.719698560773505
SART3	-0.505253163326707	0.0353133817791176	0.719698560773505
NCAPD2	-1.14212944480503	0.0762116196613277	0.719698560773505
SUZ12	1.64246412496247	0.0108978917150317	0.53119484408542
EXOSC7	0.844395284472029	0.397722053784071	0.768884063547655
EFTUD2	-0.57246685047004	0.280558336714026	0.737835795836267
SNX17	0.332491758865558	0.543776081425587	0.828781941527161
RAB3GAP1	-0.0588862212809964	0.869567175499249	0.955767838677484
KARS1	-0.809015490714973	0.0870284559803596	0.719698560773505
SETDB1	0.960279473542119	0.0527617370050414	0.719698560773505
EIF4H	-1.51160577448034	0.150691235607279	0.719698560773505
KIF14	0.30868845334976	0.723212814251538	0.907359265303647
EEA1	0.0140647050653868	0.959994017369376	0.987660199219524
PDIA6	-0.394042002373446	0.488326452838464	0.805423904108404
PAFAH1B3	-0.701326400190275	0.451664483692971	0.790773025476809
PLCB4	0.441733009876394	0.172890227015596	0.719698560773505
PLEC	-0.560229659289448	0.0628818904080778	0.719698560773505
PCM1	0.845080980860416	0.145585212443232	0.719698560773505
PPA1	-1.27277632746706	0.276361146952888	0.736533897438297
PTGES3	-1.72492204038871	0.0257182455386339	0.719698560773505
NONO	0.384328750678915	0.329146532999868	0.760480643999333
PTPA	-0.396138358946889	0.714069792998871	0.903038194458096
RABEP1	-1.33248064887958	0.301988372362232	0.750441959842987
RAB35	-0.0440594611437213	0.862547983746237	0.953503627872602
RBBP5	0.28627304106562	0.279103377824932	0.737515929834858
RCN1	-0.627244887941579	0.330944745861099	0.760887186232721
LLGL1	0.192918081796549	0.787872156145698	0.929718667100545
PCBP1	-0.81769929792523	0.327404989926634	0.758246471923973
PCBP2	-0.821640776398645	0.175642086290762	0.719698560773505
ELOC	-0.895240026837499	0.231271790896652	0.719698560773505
ELOB	-1.36523487450582	0.03976445014581	0.719698560773505
RHEB	-0.271764637379835	0.676206538052397	0.88789521565938
UBE3C	-0.0141083715845696	0.957649563829116	0.987660199219524
SF3B3	0.312733979517581	0.220388822526514	0.719698560773505
SF3B4	-0.406865194022938	0.218729915406841	0.719698560773505
SEC23A	-0.145792251762465	0.574461990742055	0.843350919875748
SEC23B	-0.503611792885216	0.223540828137733	0.719698560773505
SF3A1	0.226753109594103	0.507337222619601	0.812138597779938
TSN	-1.59251288870566	0.0525572603519183	0.719698560773505
TARBP2	0.841165382392994	0.228551421816756	0.719698560773505
SF1	-1.3272487863879	0.0291367696303783	0.719698560773505
TRIP11	0.0382998919648436	0.93430719132794	0.97936091599928
TRIP13	-1.72802618915781	0.0650262002864475	0.719698560773505
OASL	-0.277128618156304	0.649295506249618	0.878058690465683
TRIP6	-0.904116335824849	0.095929840255432	0.719698560773505
MAPRE1	-1.3698595568225	0.210193900440881	0.719698560773505
ELAVL1	0.0622868104585663	0.830168737102277	0.942173927272189
SLC1A5	-0.0212691671553884	0.92764515148301	0.976573929552121
MLF2	-0.649853554822428	0.221016659929971	0.719698560773505
STXBP2	-0.709913152015218	0.0824508467296728	0.719698560773505
NEDD8	-1.31658137860579	0.10847402719059	0.719698560773505
RAB11B	-0.239462195456071	0.614143063117778	0.859813785051731
ZYX	-1.4658064343673	0.231730734320524	0.719698560773505
ADRM1	-1.17905101494401	0.0201288041140487	0.661939723305311
CCDC6	-2.93282424408429	0.082211263661974	0.719698560773505
PSMD5	-0.659909188967482	0.280787820853924	0.737835795836267
PKN2	-0.492264903063138	0.315532585274161	0.757441594865379
DDB1	-0.810981303858576	0.222169840723068	0.719698560773505
CDC37	-1.23729401489991	0.158782783298828	0.719698560773505
DPYSL2	-1.43972397370136	0.141300900533293	0.719698560773505
RBBP7	-0.682041780452366	0.544612722333566	0.829193642082763
TAF9	-3.06560748396205	3.01588326031831e-05	0.0101867256892751
MEA1	-1.60138696024289	0.0877606385828957	0.719698560773505
SRSF7	0.0926173150125109	0.856259249173985	0.953114491403509
CPSF6	-0.163410657884441	0.52284784270275	0.823429325182447
SMN1	0.368198757985517	0.146581843905947	0.719698560773505
DBN1	0.100990893389945	0.779418487740728	0.926231821290808
FSCN1	-1.84721298404198	0.108549366648793	0.719698560773505
NDUFA5	-0.273091858788487	0.370234586234463	0.763250423050664
KYAT1	-0.174620817037741	0.824456487204909	0.940441611280674
GUK1	0.951773124954837	0.054807422154542	0.719698560773505
HAGH	0.620997743437737	0.137961513347268	0.719698560773505
H2AC18	-0.496221492916941	0.486474181047575	0.805190836383926
HADH	0.265396962598032	0.426884331963291	0.778622002798637
UGP2	1.23696714227705	0.333792729982594	0.760998897899049
ATP6V1F	-0.268961888793847	0.306138059691827	0.753123125371409
TXNRD1	-0.631279981848479	0.302817263542263	0.751226330064449
HNRNPUL2	-0.0172056876880617	0.933448408217682	0.97869435541639
INF2	-0.460173509908969	0.248496753164197	0.726464209816238
PDS5A	0.445255155648482	0.288065898787927	0.741143873638348
WASHC4	-0.0981498697673793	0.775503025129758	0.924079724109843
TSR1	-0.39521492462276	0.456875356769763	0.793881951553632
TYSND1	-0.831726253833274	0.266502329991966	0.733675066454373
SMU1	0.249330787934678	0.56799276159202	0.840964679564265
AP5B1	1.10941353442209	0.0434999864443987	0.719698560773505
LRRFIP1	-1.65059342073084	0.297041973552829	0.74661131022821
TRMT5	-0.485802409155859	0.218327880038446	0.719698560773505
EDRF1	0.244248327094549	0.506121652236405	0.812138597779938
MAP7D1	-0.0729897934495405	0.845728363083136	0.94942776096727
LSM12	-0.171671682977674	0.506555276504405	0.812138597779938
VPS26B	0.116530408797519	0.573606314950605	0.84237636419669
PREPL	-0.0449193061013204	0.864882831295868	0.954463493223615
FAM98B	-0.428525006222877	0.214801772405007	0.719698560773505
PDCD4	-1.54999769021317	0.0166035632583557	0.656730660105162
CEP55	-1.23510008105789	0.0385706198679818	0.719698560773505
LACTB2	0.0490313028445897	0.944939467850918	0.98430656818757
KLHL26	-0.810366178167108	0.434633693998417	0.78042851246626
WDR81	0.377990714588218	0.62227717215664	0.862246558638636
CCDC93	-0.0584548929456865	0.923093123194003	0.975116164245017
DNAJC21	-0.513167471451581	0.138064274917956	0.719698560773505
PPP6R3	-2.93182090237889	0.0721276963153714	0.719698560773505
PRRC2B	0.0866543491807832	0.784215377045885	0.928311076023158
RRP12	-2.31361233507825	0.117061940127297	0.719698560773505
PCID2	-0.743578688745536	0.260382905758735	0.733639697902513
SPECC1	-0.351610392673166	0.174411463749617	0.719698560773505
PPP4R3B	-0.51638225073734	0.0576369568976483	0.719698560773505
SAMD4B	0.811721729619503	0.105318043327331	0.719698560773505
SNAP47	0.47802488973349	0.54578766351995	0.829315038423785
NUP188	-0.303938163698259	0.532857483581213	0.827112064562533
CEP170	-0.169769918361514	0.82363439840327	0.940441611280674
HYI	0.110377635654988	0.724688027539109	0.907838051662589
CHCHD2	-0.566483921615493	0.0999972133877089	0.719698560773505
ARMH3	-0.335287187593231	0.351876213542002	0.762251782919766
UBR4	-0.495909267794737	0.487940882642279	0.805423904108404
STXBP5	-0.196450811564215	0.668031371020926	0.886753457670582
ARHGAP21	0.442723433347631	0.190281098578035	0.719698560773505
KANK4	-0.533730314986254	0.420655029289008	0.776556466602792
RBM26	-0.0976599881293012	0.751680945089005	0.915722643488009
DCAF8	-0.145199574462254	0.882401361378817	0.962421994173563
ATPAF1	0.292359416772744	0.319360761875897	0.757597571797441
STRIP1	0.752612064064699	0.287464480720527	0.741143873638348
CDC42BPA	1.9200527960671	0.160338113258289	0.719698560773505
RPRD2	0.338342317229358	0.281984553063902	0.738516436051228
ANGEL2	0.668288663267514	0.190135678372942	0.719698560773505
RNF20	-0.622567575195205	0.159806023715704	0.719698560773505
BROX	-1.47529504529463	0.00876092911351785	0.469137069968986
LYPLAL1	-0.350994927520162	0.166707638638768	0.719698560773505
ECPAS	-0.427617039159998	0.493131775891763	0.807364310248307
RNF213	-0.747560055191649	0.128532247534095	0.719698560773505
KANK2	0.412286941528532	0.587046136688315	0.847655240446692
WASHC2A	1.17193298487963	0.085833643830443	0.719698560773505
FAM91A1	0.234675799893758	0.647440316179008	0.876251322220021
ARL6IP4	-0.197907538737955	0.616551218513829	0.860636115950444
ARHGAP17	-1.03726636684167	0.0820604191499697	0.719698560773505
ATL3	0.156334408462143	0.456776686262445	0.793881951553632
RALGAPA1	1.73859542259517	0.00175398775054952	0.197481031093922
PPP4R3A	-0.728059992259997	0.206183787886649	0.719698560773505
RAB12	0.192186662760683	0.453714165005342	0.792510322269537
SDE2	-0.223299442456906	0.488582256962984	0.805423904108404
PDE12	0.277964390209345	0.410427991424604	0.773413595117981
HIBCH	0.293673827414075	0.216889537907247	0.719698560773505
TTI2	-0.818674075487618	0.125726665644772	0.719698560773505
JMJD6	-0.875545438707611	0.197262292434881	0.719698560773505
CAVIN1	-0.127350655385865	0.676385674420548	0.88789521565938
ZCCHC8	-0.987316622319661	0.0595385746980339	0.719698560773505
DHX57	0.8008078082274	0.135439799945687	0.719698560773505
CDC73	0.271049328342468	0.346978002029361	0.762251782919766
PMF1	0.0828362406337106	0.773467317163374	0.922828900829038
CC2D1A	-0.740661489016489	0.166774689046641	0.719698560773505
TATDN1	-0.085551594020032	0.799451957070347	0.933807966698936
EDC4	-0.087341814547699	0.7399768168623	0.910895529086187
PRPF8	-0.390961687865936	0.245278903532212	0.722578268974008
SCYL2	-0.223037645448848	0.443159155254664	0.784641875291625
RPL22L1	0.148363058125785	0.783740646200072	0.928311076023158
MEAK7	0.306002436653159	0.594731953399279	0.851114270873667
PSRC1	0.017720352054809	0.972562248601086	0.991062044741602
SKIC3	-1.84101729706271	0.0791775708089248	0.719698560773505
TTC33	-0.0706739323627446	0.860038985783966	0.953162843659111
LARP1	-0.162807721687486	0.655276420041853	0.880061285838271
RICTOR	-0.266008359603589	0.605748262920843	0.856355641495629
WDR74	0.338198285771995	0.370197056930425	0.763250423050664
NHS	-0.390159571638257	0.279688236520907	0.737604232170153
AFTPH	0.585947100279139	0.151552250688491	0.719698560773505
FIP1L1	0.230429931867903	0.435934956793578	0.78042851246626
CRTC3	-0.407260735253026	0.205242501516095	0.719698560773505
CWC27	-0.349541116374109	0.329932538384976	0.760646698422774
WDR82	0.168193410974304	0.699973286788212	0.899152132523209
RANBP10	-0.106514563774045	0.701959985823475	0.899988547133378
GIGYF2	-0.855541318549523	0.185506164065497	0.719698560773505
HSDL2	0.320527878784436	0.14745128264841	0.719698560773505
KYAT3	-0.140579042417201	0.571882830044578	0.84235675794843
RIPOR1	0.0589897581685719	0.890835848839966	0.964056115821889
SYDE1	1.11877880826498	0.035196431825729	0.719698560773505
USP34	-0.969286381269399	0.100754040998576	0.719698560773505
UNC13D	-0.816889523904276	0.257735637862138	0.733639697902513
LARP4	0.635149348646241	0.102560529304902	0.719698560773505
RPS27L	0.136223827207751	0.614832088408508	0.860154553747921
SUPT6H	-2.73893471407586	0.0175575743439767	0.661939723305311
SND1	0.0729992360606424	0.85115883305028	0.950845143500489
MARK2	0.201100970488376	0.455738675346452	0.793881951553632
DDX46	-0.236228048451608	0.387015938987424	0.764368688173611
BZW1	-1.55599192464382	0.0709626433202742	0.719698560773505
DHX30	0.229438485878152	0.368918728600053	0.763250423050664
EIF3M	-0.571812343145091	0.215968162280059	0.719698560773505
MEPCE	0.173609165882777	0.489973084729591	0.806096596121257
RRAGA	0.236021733489498	0.609270948723085	0.858296033315068
CYFIP1	0.0116758754612682	0.992350336129302	0.997149412409146
GET4	-1.16349593213666	0.0294223513450687	0.719698560773505
COPS6	-0.588018699605882	0.295779960883358	0.74661131022821
MAEA	-0.303005870813344	0.381694967339069	0.763903130790551
TAOK1	-1.22013478608435	0.207708217426913	0.719698560773505
MOB1A	-1.23985063098191	0.138402627898064	0.719698560773505
DYM	-0.0165981550350409	0.95161393158856	0.986675333459204
ZC3HAV1	-0.121256712479038	0.588577578667667	0.848610228089303
TRAPPC11	0.263327277909141	0.711128646157494	0.903038194458096
NEGR1	0.279305942138592	0.348545348164002	0.762251782919766
NUFIP2	0.231231507475961	0.330173675061218	0.760646698422774
CLASP1	-0.372268604182285	0.34344673198375	0.762251782919766
DHX29	0.11556855925987	0.695886754248147	0.898806246591443
COMMD6	-0.361630939489466	0.75732339078684	0.916451428401054
TRMT11	-0.0618116443225745	0.808719380067382	0.937456916017918
HDDC2	-0.93105785053768	0.192936558455801	0.719698560773505
HEATR3	-1.18545846844806	0.00778276508030434	0.443819759319693
HDGFL2	-0.813839623964196	0.0625994500565361	0.719698560773505
DCXR	0.149243091470602	0.545493796260953	0.829315038423785
HUWE1	1.03034221274259	0.196636090683007	0.719698560773505
YTHDF3	0.338199655530012	0.344221851086532	0.762251782919766
PATL1	0.584519131388554	0.0696849898099409	0.719698560773505
PEG10	-0.808285777829113	0.0970403109364527	0.719698560773505
SETD3	0.336787671430372	0.524417335149581	0.823903223671465
ISCA2	0.27607458221074	0.242707098560064	0.722578268974008
NOP9	0.267765194001669	0.333762636356078	0.760998897899049
PABPN1	0.419157059787004	0.289137670125631	0.741416098341744
YRDC	-0.372139085532755	0.334949638566839	0.761659172939923
MTDH	0.117681374701981	0.663627219426655	0.883940546111223
RIMS1	-0.631742122159352	0.087787328692415	0.719698560773505
BCL9L	-0.962142009708636	0.0432957901309888	0.719698560773505
LUZP1	0.525883348408549	0.272348842241123	0.736533897438297
ALYREF	0.0113685888217283	0.967089786670087	0.989675185830921
TAX1BP1	0.71230768009341	0.127729909144948	0.719698560773505
CAND1	-1.38206522679236	0.176680685911517	0.719698560773505
HOOK3	-0.471721925994416	0.209466704402223	0.719698560773505
METTL16	-1.27162743478983	0.0551470923903247	0.719698560773505
PPFIBP1	0.563800836007797	0.115640692536381	0.719698560773505
ZC3HC1	0.0417969883865403	0.90280320576576	0.969481261070543
NIT1	-0.0402692410261238	0.867928778512153	0.954678172957631
COMMD2	-0.287751154171868	0.512657160350298	0.817088054845066
DDX42	-0.481931176178861	0.360607076848209	0.763250423050664
SPATS2	0.399873218452697	0.36485339532003	0.763250423050664
PTRH1	0.210277169124332	0.720060252748677	0.905955464131645
HPS6	-1.2004292208425	0.15000786693554	0.719698560773505
ARMC8	-2.0022677980785	0.141411184649623	0.719698560773505
PLD3	-0.277078325318413	0.279622281988707	0.737604232170153
ERI1	-0.239579898808646	0.361923686638328	0.763250423050664
AHNAK2	-0.0319961051834348	0.904841949774816	0.970010010122367
NAXD	0.694331125149859	0.0893358808086461	0.719698560773505
MAP7D3	-0.18206449182361	0.676333396401411	0.88789521565938
CHERP	-0.0414453367685894	0.924123826265809	0.975439356041627
ANKHD1	-1.2648704693991	0.389104134022528	0.764368688173611
NELFCD	-0.789110276257652	0.0728607088909263	0.719698560773505
EXOC8	1.07463532228108	0.35661800454123	0.763250423050664
TRMT2A	-0.346439021032932	0.249698562790679	0.727555666366204
RPUSD2	-0.636650797412063	0.413507795704049	0.773637466842458
XRN1	0.675366641721119	0.173704009788624	0.719698560773505
PELP1	1.0913479690886	0.0898376921515177	0.719698560773505
ABI1	-0.146569147238967	0.736869973817481	0.910620665484678
SPART	-0.826950481966772	0.306871952191846	0.753123125371409
RPTOR	-0.239439349484012	0.765699848150299	0.918329038267639
CCAR2	-0.455098580518595	0.190396999291068	0.719698560773505
NUP93	-1.29512747048629	0.0312300665357563	0.719698560773505
LRRC47	-0.510790027449232	0.434008064200888	0.78042851246626
GPD1L	0.0806892870490579	0.872685730142049	0.95727280565919
ASCC3	-1.60443772316859	0.151728520061577	0.719698560773505
EHBP1L1	-1.95479997798691	0.0205018907696475	0.661939723305311
PALS1	0.106126749308419	0.714474510088865	0.903038194458096
FNBP4	0.982677950214516	0.10764027660298	0.719698560773505
RPP25L	-0.224648193525546	0.528336036061319	0.826103585596777
COMMD1	-0.237952451673443	0.475959531898559	0.798906079727283
ARFGAP2	1.30054930481448	0.00231173864260954	0.236066148365081
ARFGAP1	-0.00647246256614054	0.9900192797252	0.996901197735108
PAF1	0.175402855548967	0.462108058539521	0.794374345416056
ASCC1	0.266395422267998	0.647086352856508	0.876251322220021
AFG2A	0.953631284956963	0.0827120071033989	0.719698560773505
SUMF2	-0.53296326467196	0.391584345894934	0.765559600545261
TXNDC5	-1.17819680568314	0.188425915894919	0.719698560773505
SERBP1	-0.49578091078558	0.17488687742201	0.719698560773505
FAM98A	0.0571666669147319	0.815293267988117	0.939105797885411
TSEN2	-1.68646169084799	0.00266545171007468	0.251211579258271
NAXE	-0.164749939257177	0.670607613616707	0.886991272741167
ABCF1	-0.241805034087225	0.637836167453741	0.872223585024316
PIK3C3	0.248406509463205	0.35840730040395	0.763250423050664
SHCBP1	0.209827229755007	0.51551396817245	0.818869171053037
NAV1	1.0507327850919	0.0685409924014156	0.719698560773505
LPCAT1	-0.0246918336719979	0.923870748928122	0.975406698375423
USP32	-1.36255546127868	0.274215110711138	0.736533897438297
FLAD1	0.0587064112015483	0.846319335677672	0.94942776096727
NUP43	-0.0258524220353706	0.961147582802355	0.98805994289264
NUP37	-0.0955526873333987	0.754434638545435	0.916019561061795
CMAS	1.16341498421731	0.13409869629806	0.719698560773505
MOSPD2	0.092824825887412	0.67051966128966	0.886991272741167
NEDD1	-0.216067418373694	0.807848294124591	0.937346438324807
PATJ	2.95360515838224	0.017482873446898	0.661939723305311
WDR36	2.52533962346137	0.0185911106000576	0.661939723305311
WDR48	-0.337876280828564	0.565401801040543	0.838459746156375
NPLOC4	-0.316683792597761	0.308372952678883	0.754804494132166
ZCRB1	-0.0518489630943257	0.881490213553351	0.961884574481303
TMEM167A	0.712148131807275	0.0416985768474121	0.719698560773505
PIP4K2C	-0.363068750805162	0.29721625376427	0.74661131022821
NT5C	-0.336388988242238	0.477119145240316	0.799935153398331
BICD2	0.000343134725447669	0.999401660594353	0.999754450247319
BRIX1	0.0723770084713564	0.847408493439929	0.94942776096727
DTD1	-1.06951031870581	0.207768671579863	0.719698560773505
GEMIN5	-0.332416064596384	0.372249848678203	0.76372044421367
ARHGEF40	-0.294678378751144	0.745575175565986	0.912436063520135
PARD3	-1.37689016199019	0.00859648128673551	0.469137069968986
IPO4	-0.212146093661257	0.760544726190752	0.916703786083884
DYNLRB1	1.17602805706888	0.202132878864379	0.719698560773505
ABHD5	0.120662345417244	0.691961197717228	0.896283663473849
SCARB1	-0.226820765178829	0.374338660015417	0.763810899687591
SMAP2	0.347335883405606	0.243660067412754	0.722578268974008
ZC3H15	-0.205292939300197	0.38631141477674	0.764368688173611
GTF3C2	1.3317113466905	0.17810708588447	0.719698560773505
NUP133	-0.000150201364373714	0.999729979628277	0.999754450247319
PDCD6IP	-0.961581517408653	0.182000244038399	0.719698560773505
CHTF18	-0.63480217453348	0.160544096306233	0.719698560773505
SCFD1	-0.818535110986581	0.304284726454587	0.752458158567079
TRUB1	0.00646345781506241	0.985929119701518	0.994942281144582
LMO7	0.389141828279147	0.413087360446546	0.773628861376872
ATXN2L	-0.361430527428411	0.199000496789853	0.719698560773505
PRPF31	-0.862706821591498	0.156333500367838	0.719698560773505
NELFB	-0.200389355474712	0.77022666876897	0.922143171864291
GEMIN6	0.619890409681403	0.538989479942907	0.827801209991475
CTNNBL1	-0.0642848566605494	0.825417892910064	0.940575436866534
DDX1	0.0381592096561043	0.857933626441467	0.953114491403509
SEC14L1	-0.747096625654965	0.262061566040293	0.733639697902513
GBF1	-0.297352279688258	0.736430222166206	0.910620665484678
IP6K1	-0.0104814913480844	0.972724904646389	0.991062044741602
AP3S1	-0.192375124090663	0.584450961814974	0.846133918011722
HSPH1	-0.0796082578302766	0.913928781855939	0.972017572445421
CNOT9	-0.463792443351974	0.181876263725381	0.719698560773505
LARP4B	0.569382640540283	0.169657275017669	0.719698560773505
GCN1	-0.646335084814773	0.499985457549344	0.809406333915322
DHX38	-2.22956207615118	0.0675019260537196	0.719698560773505
NUP205	-0.0129662553716265	0.986459578381689	0.994942281144582
HDAC2	0.958248539724636	0.309990967069474	0.754804494132166
STAM	-0.240469790851641	0.554949057792318	0.83251838495595
DDX17	0.124206756258801	0.604235245999763	0.855318170594765
RAD50	0.567655180908829	0.0285524255391325	0.719698560773505
ARHGEF1	-0.687865635761931	0.500169566285048	0.809406333915322
UFD1	-0.117361011127247	0.703155316193594	0.900029522913824
UPF1	-0.268109430702051	0.228409845598593	0.719698560773505
COPS5	-0.5909591764274	0.336457679041407	0.761960099245542
GPKOW	-1.05273814783475	0.138552039775071	0.719698560773505
SMARCC1	0.141782227312831	0.668052143112536	0.886753457670582
KHSRP	-0.0629602084835916	0.846081250300668	0.94942776096727
TNPO1	-0.853816158443649	0.375094673294698	0.763903130790551
ARHGEF2	0.143842763903656	0.82744748883085	0.941031319206491
EMG1	0.306137040750706	0.237237219379843	0.719698560773505
CLP1	-0.0315373265409846	0.93897270440606	0.981907393438202
USP9X	-0.624301510914588	0.371027259084629	0.763250423050664
USP7	-0.294775095171655	0.300897796683399	0.750124600609466
RFK	-0.525414819179133	0.393862407961336	0.766878319543973
MYDGF	-0.815860248552315	0.181682504847147	0.719698560773505
BORCS5	0.143740415107516	0.708233984822929	0.901678664850647
RAB24	-0.116212352063322	0.601473342200251	0.854162175162129
ZNF622	-0.363606367723492	0.272594452658753	0.736533897438297
SYAP1	-1.83611184117621	0.148523263159613	0.719698560773505
EXOC4	-0.12571377560738	0.79005187897756	0.929816009767561
MAGOHB	-0.289403828218639	0.627336899566034	0.866782984894417
FERMT2	-0.947424926223523	0.114262878096567	0.719698560773505
FUBP1	-0.581698533810808	0.109185822828158	0.719698560773505
VPS33A	-0.0550842386325527	0.897377645918366	0.965544043917555
AKT1S1	-0.692268048179574	0.537187468088673	0.827801209991475
LENG9	0.16061443044925	0.704542975382213	0.900625387162533
CUSTOS	0.161423183524739	0.60534077868149	0.856245337213228
GCC1	-2.12326174885525	0.0384741095379393	0.719698560773505
GRAMD1A	0.454450468873731	0.391089694612334	0.765273996899626
CCDC124	-0.584448631341491	0.178969303643013	0.719698560773505
AP2M1	0.365083887856969	0.150900931252874	0.719698560773505
NMD3	-0.160718861169499	0.631364821397388	0.868522221414766
MSI2	0.00583234091421758	0.986491440943369	0.994942281144582
SNRNP40	0.408534773124607	0.251640840654779	0.730162652662184
RMC1	0.092398245264139	0.771630476617973	0.922469213947596
SPDL1	-0.302333970663842	0.655014246791829	0.880061285838271
SEH1L	0.0582758251204041	0.929634534663513	0.977905014846989
GNPNAT1	-1.06118859113804	0.348367777339003	0.762251782919766
DAZAP1	-0.363470020858344	0.248399458787085	0.726464209816238
MVB12A	0.445528892544672	0.315121714834801	0.757441594865379
CYFIP2	-0.148460488394871	0.745871173656524	0.912543974233992
CCDC97	-0.658420633763711	0.0159597940314569	0.648883848075254
EDC3	-0.173377104274486	0.822418365295796	0.940441611280674
OTUB1	-1.06273161680995	0.19702493757034	0.719698560773505
TRMT61A	-0.322607376153336	0.576341187628407	0.843898305704369
CHMP6	0.753082349454051	0.380949508596186	0.763903130790551
DUS3L	-2.23922103511513	1.34433105535412e-05	0.00687948069264949
FAHD2A	-0.0962257303710743	0.700196931226701	0.899152132523209
TOE1	0.364283365848241	0.145099774917468	0.719698560773505
PDLIM5	-1.62030078697801	0.0358725219264245	0.719698560773505
ERO1A	-0.865680492009449	0.268232935147305	0.736533897438297
AHCYL2	0.559957121649433	0.29958989510075	0.74889680937801
NAF1	-0.945101708775312	0.105141966771718	0.719698560773505
NGLY1	-0.293545149585096	0.393067502055041	0.76675228854895
ITCH	-0.334076802740125	0.339818432821098	0.762074943063045
ZFP91	0.557468367689061	0.540768302857622	0.828222398970289
PBK	-2.17250769351025	0.102568956683488	0.719698560773505
ARL5B	-0.159443608333326	0.613525087394873	0.859813785051731
SCYL1	-1.22837446880416	0.062941810934117	0.719698560773505
EXOC2	-0.33045799304923	0.304848238643424	0.752458158567079
ZFR	1.07029514146715	0.126037358890855	0.719698560773505
PRRC1	-0.649009744129902	0.380011645640097	0.763903130790551
DNAAF10	0.143352400651573	0.703428730817665	0.900029522913824
DOCK7	-0.173605614786641	0.872209724321102	0.957059801189689
RILP	1.70710485879455	0.00511870572278061	0.351191200448901
NSUN5	0.164976669898738	0.674823509921365	0.88789521565938
RPRD1A	-0.697616585074627	0.0972684627468764	0.719698560773505
ARAP1	0.137346748291485	0.87619167905864	0.959315758763525
RBM14	0.0272776089888573	0.955695366571045	0.987591289815579
NEDD4L	0.0157378511907567	0.95239904002952	0.986675333459204
FMNL2	0.468297993886001	0.297689262175946	0.746944885836901
TRNT1	0.10347514786169	0.793982859097987	0.931688598155869
VPS35	0.0242777410086248	0.959129298694505	0.987660199219524
SPAG5	-0.215399272239608	0.707630690583913	0.901678664850647
ERBIN	0.99317052140195	0.0729650307646136	0.719698560773505
WRNIP1	-1.21874095529436	0.0128294980535594	0.587804519297636
RANBP9	0.326801011554846	0.467216898237449	0.797058736185607
UBL7	-1.83126331258526	0.106482226866221	0.719698560773505
SRPK1	-2.46512209829784	0.0501758510741547	0.719698560773505
IWS1	-0.32781165324042	0.232462378108588	0.719698560773505
OSBPL9	-0.693024868471721	0.413776842320287	0.773637466842458
RUFY1	0.112976734680171	0.765150606735346	0.918329038267639
MMS19	-0.63528510770027	0.340750868508383	0.762251782919766
NIBAN2	-1.29316232426129	0.166681913597682	0.719698560773505
MYCBP	-0.307138550812674	0.444305084008099	0.785704744941756
PSMB7	-0.839454768651709	0.0584040217532949	0.719698560773505
PSMD1	-0.658233830176819	0.200337427815667	0.719698560773505
PFDN5	-1.25839723125916	0.0839558262026477	0.719698560773505
PARK7	-1.10975519197044	0.158003774665326	0.719698560773505
GAS2L1	-1.51804885543498	0.164382686502529	0.719698560773505
EYA3	-1.10314218866054	0.0226441133150583	0.695316794170776
VAT1	-0.360653236315635	0.184456927131989	0.719698560773505
DNAJC2	-2.13431533781954	0.000156251719460602	0.0457400866767668
NUP88	2.52401639532323	0.00457508508174142	0.324019332160106
PIK3R4	0.249830543974404	0.33002477198451	0.760646698422774
POP1	-0.413820137777179	0.111487693498891	0.719698560773505
TTC1	-1.05340624523587	0.20665839140113	0.719698560773505
DNAJC7	-1.06938210199375	0.113368101368556	0.719698560773505
COPS8	-0.582876421162915	0.333232856502638	0.760998897899049
CHP1	-0.258469799862738	0.314924372433895	0.757441594865379
HNRNPAB	-0.617884952592874	0.039955973304193	0.719698560773505
NAP1L4	-1.70693216457675	0.0876268263194408	0.719698560773505
OLFM1	0.280336404246711	0.648345493380421	0.877044073146466
TSG101	0.24182644101306	0.62103935427949	0.862246558638636
CPNE1	-1.84183583380813	0.0711591085620348	0.719698560773505
CCT7	-1.15560962462886	0.182547647469745	0.719698560773505
PRMT1	-0.890867886630492	0.244278563304526	0.722578268974008
BAG1	-0.6154198802829	0.276174454505565	0.736533897438297
NCAPG	-0.72118189787081	0.343413249169715	0.762251782919766
ARPC5L	-0.0237343788657753	0.966507319191238	0.989675185830921
RBM4B	-1.03678696423399	0.250377274910467	0.728566344686456
ELAC2	-0.309919829551561	0.234186581752353	0.719698560773505
TRIR	-0.764624612685104	0.200785725561782	0.719698560773505
GRWD1	0.593536591910517	0.0942266279982733	0.719698560773505
MACROD1	-0.257577879217379	0.390641356401326	0.764737492625156
CMSS1	0.153137420630415	0.548689305380372	0.831364644556664
WDR77	-1.83844424185209	0.155482159470637	0.719698560773505
KXD1	0.0463353964054143	0.904635499160337	0.970010010122367
APOL2	-0.169810664053102	0.554660778575359	0.832415731126997
MYBBP1A	1.18075606463988	0.0075659564472395	0.437133088945114
FYCO1	0.441083383182164	0.103056683889006	0.719698560773505
VPS25	-0.289778691821788	0.455976406927632	0.793881951553632
CHLSN	0.108034950098492	0.715728822862751	0.903872666433805
PYM1	-0.639620774312448	0.195923240373609	0.719698560773505
PYGO2	-0.279298547742279	0.457641159885439	0.793972447290465
AIFM2	0.13777575585722	0.837706354195537	0.943758123147094
PELO	-1.47915810621886	0.051410159969959	0.719698560773505
ATG101	0.828579340544664	0.065875607077404	0.719698560773505
NTPCR	-0.145237886911477	0.712056506605257	0.903038194458096
TUBGCP2	0.00557492807454452	0.993152697280711	0.997171531576869
ESYT1	0.072590908179091	0.722759768941605	0.907359265303647
TSEN34	-0.793764219982364	0.13338550695296	0.719698560773505
CNPY3	-0.824466724249859	0.16632092940239	0.719698560773505
COPS4	-0.950029468081137	0.141134127119072	0.719698560773505
RBM42	-0.105180518198189	0.671253017380756	0.886991272741167
ANP32E	-3.68891310120132	0.0150921378896558	0.624427854639881
TUBB6	-2.24182182818779	0.191842260815809	0.719698560773505
POLR3C	-0.578638540110632	0.0219406598285273	0.679130645306025
HNRNPUL1	0.806011259839721	0.0203284555057719	0.661939723305311
PDCD10	-0.568929271802805	0.336756388038292	0.761960099245542
RPP25	-0.255077638926036	0.532547914870494	0.827112064562533
DDX23	0.345414027263764	0.183860413765073	0.719698560773505
NTMT1	-1.11790084362579	0.121848288289751	0.719698560773505
DSCC1	-0.305191838495777	0.4623942076988	0.794374345416056
MLST8	-0.359768559031256	0.772023157680362	0.922620895154452
KIFC3	0.526743543838336	0.294172607282493	0.745265496210758
TMED9	-0.311933466112205	0.286685591398202	0.741143873638348
SELENOO	0.0143323635343222	0.958259670940186	0.987660199219524
GNL3	0.436184916886749	0.0881325592270992	0.719698560773505
AFG2B	0.117637219315913	0.905125924923249	0.970077602230409
NUP85	-0.285674940426034	0.399565383096496	0.77052771066171
DDA1	-0.436569215995096	0.155251897781231	0.719698560773505
NUDT9	-0.127898109186958	0.541357058035453	0.828546128209715
TARS2	0.430307614543906	0.137650932759618	0.719698560773505
RBM4	0.21913666367573	0.54345951066524	0.828781941527161
SLC4A1AP	0.184251893151391	0.565277555767664	0.838459746156375
SSBP3	0.351251543174747	0.62104985250144	0.862246558638636
OSBPL10	0.144438748242791	0.504767342654887	0.811557844091068
NAA15	-1.41657901491721	0.0953951775813876	0.719698560773505
SRRT	0.255895480533034	0.380948092666428	0.763903130790551
QTRT1	-0.0470153430724736	0.860037661236138	0.953162843659111
AP1M1	0.26778236561443	0.356537639540974	0.763250423050664
NUSAP1	0.372166869384792	0.172149517262153	0.719698560773505
CHMP4A	-1.19573816148739	0.0844743506490324	0.719698560773505
EIF2A	-0.631602173878367	0.0791623810100077	0.719698560773505
NIFK	0.145973004985322	0.516536495067036	0.819404533901501
YTHDF1	0.211048767622298	0.467597709152841	0.797058736185607
NLN	0.0668880355526369	0.794859987056508	0.931951022241925
LDHAL6B	-1.15743452392044	0.181077017218742	0.719698560773505
GTPBP4	-0.00384148403090734	0.991242600670762	0.997076069570209
WDR11	-0.438856478618188	0.336348160761594	0.761960099245542
TBL1XR1	-0.012785941907751	0.959926717647531	0.987660199219524
ULBP2	0.0642571490322865	0.892183644452442	0.964445687540786
UBXN6	1.15866077649921	0.00325750406841329	0.269654544154049
UCK2	-0.318570235566924	0.581075212076273	0.843898305704369
API5	-0.772463565286387	0.360907264043179	0.763250423050664
DPY30	0.445511067259719	0.238629085238704	0.719698560773505
TNKS1BP1	-0.56700055154332	0.238585225490506	0.719698560773505
ZYG11B	0.131211851407134	0.793580466257279	0.931688598155869
XPO4	-1.8616052870621	0.000294225814361818	0.0679971342559337
COMMD5	-0.120143052706929	0.748189742943132	0.913967805258979
DDX24	-0.0608393308269086	0.849369100805244	0.950419884391147
SKIC8	-0.690839200942964	0.199727273461406	0.719698560773505
NIF3L1	0.850631129311029	0.301298661399448	0.750214261280839
PAIP1	-1.19731369138402	0.0144623062181007	0.621218267605541
COMMD4	-0.579213867601204	0.338491005945378	0.761960099245542
KLC2	-0.225343664179761	0.643251024346608	0.874719273771154
XRN2	0.970398482284534	0.00651696416578149	0.403042107773895
PCBD2	-0.119569468121853	0.695412264919558	0.898776403394585
NT5C3A	-0.316039374973752	0.232224889305354	0.719698560773505
DDX47	0.453001746345212	0.203778514478251	0.719698560773505
RAB1B	-0.472530841155777	0.506331560198874	0.812138597779938
TSPYL1	-0.520471447691698	0.18649548255135	0.719698560773505
POLR3F	-0.438694655062797	0.323102152304364	0.757775552108479
ASCC2	-0.640455341031853	0.331689829869017	0.760945685974322
EHD4	-0.524007947314356	0.412581044609994	0.773628861376872
VPS16	-0.16332889708589	0.541246606839247	0.828546128209715
SLK	-0.697387536149051	0.23293328139035	0.719698560773505
RAB3GAP2	0.333188065082304	0.422996299952209	0.778067578369402
DHX36	0.915919662923677	0.195794482977497	0.719698560773505
PPA2	0.168422930299574	0.581074180698069	0.843898305704369
TRIT1	0.355692889765788	0.168879417351818	0.719698560773505
TXNIP	0.0632959126224542	0.847250169745354	0.94942776096727
NELFA	-0.601784204449174	0.12157260608367	0.719698560773505
ACBD3	-0.310588023634256	0.57801498311826	0.843898305704369
CDC42EP4	-0.52539595127843	0.525362155137085	0.824764112694652
PTPN23	0.241891299946065	0.594172623647098	0.851114270873667
UNC45A	-1.89264197212848	0.0438982987596917	0.719698560773505
CHMP4B	-0.960742352916647	0.0986663021590804	0.719698560773505
WNK1	-0.338272441287803	0.459535240414738	0.794374345416056
GOLPH3	0.0613424459289647	0.819093252495916	0.940050073960558
EPB41L1	0.147602810409079	0.588379351929285	0.848610228089303
SMARCAD1	-0.731156338190516	0.0595417325474874	0.719698560773505
EHD1	-0.451200023696721	0.546392258291963	0.829315038423785
HEATR1	-2.18357701876249	0.0148333236995045	0.624427854639881
STEEP1	0.0337667964030146	0.916628891700497	0.972437174065447
TUT1	-0.872656129183643	0.0345616704017694	0.719698560773505
REEP4	0.220157706608997	0.338885758286872	0.761960099245542
YTHDC2	-0.482098422460634	0.379310754251926	0.763903130790551
RPAP3	-0.972740751280647	0.0461896030923767	0.719698560773505
DCTPP1	-0.805925777411513	0.492529031575451	0.807364310248307
RPF2	0.723680805028266	0.159173148196802	0.719698560773505
WDR26	0.0373238946241905	0.889655227907429	0.964056115821889
C8orf33	-0.507247638702005	0.15309851683591	0.719698560773505
PHAX	-1.11636894482756	0.171393686736892	0.719698560773505
TUBA4B	-1.04352786825136	0.329635024838844	0.760646698422774
RMND5A	-0.0982731577702509	0.688191176357423	0.894831938224887
ANKZF1	0.177878077110208	0.588142943256448	0.848610228089303
GORASP2	-2.11782701899287	0.000650881290108435	0.10164017874679
QTRT2	-0.261020459620291	0.444132310121165	0.785704744941756
CNOT10	-0.0248511119678767	0.925328537891457	0.97563826904149
VPS37B	-0.565000018526778	0.479887030061451	0.8021076201534
COPS7B	-1.31327020264451	0.0324126990889022	0.719698560773505
ELP3	-0.166981889278919	0.814833068842773	0.939053728396624
POLR1B	0.33575427916341	0.410749374587823	0.773413595117981
C17orf75	-0.20009342157919	0.820924020875549	0.940441611280674
XPO5	-0.408555881135644	0.476256722368042	0.799099452777253
MYG1	-0.0593151246960844	0.938876689113535	0.981907393438202
BCL2L12	-0.397674907933311	0.419837399944333	0.776556466602792
CACYBP	-1.65267474175153	0.0901300143615636	0.719698560773505
ETNK1	2.54600799562356	0.0818994191066749	0.719698560773505
GLOD4	-1.26744201275212	0.121128252532579	0.719698560773505
MOV10	0.758438644390672	0.292050982716127	0.742381573840203
XAB2	-0.305210872083929	0.189606899947432	0.719698560773505
GOPC	-0.719501023595704	0.0621407150225733	0.719698560773505
MYO10	-0.189100585401029	0.789935051788234	0.929816009767561
RAB18	0.0528124840704649	0.818317223461614	0.939898228673803
SSU72	-1.16543089463456	0.0202914031525891	0.661939723305311
VTA1	-0.222814285783524	0.641835977205565	0.87354615700817
EXOSC4	-0.826177733671049	0.123440426052149	0.719698560773505
NOP10	1.00570090956857	0.0196985758086011	0.661939723305311
DCP1A	0.430994698074628	0.365617099536836	0.763250423050664
ACOT13	0.366731610468754	0.195630867381417	0.719698560773505
RIC8A	-1.70179967310757	0.0378584997046029	0.719698560773505
LUC7L	-0.188307595721103	0.766665526401868	0.918785023589138
WASH6P	-0.180203503148771	0.571538054388346	0.84235675794843
RTN4	-0.275458060262643	0.430998075538091	0.778720484969041
RPRD1B	-0.623412969712348	0.0775681917993519	0.719698560773505
PFDN4	-2.65578215967705	0.0366925850282546	0.719698560773505
NIT2	-0.765614213186865	0.212126595724312	0.719698560773505
AVEN	-1.65737019688313	0.00258256184458758	0.251211579258271
EXOSC5	0.14381878745673	0.572098289262483	0.84235675794843
EXOSC3	0.306425908610695	0.657693684259651	0.881323671549426
STARD7	-0.408219317733398	0.467414343121695	0.797058736185607
PDLIM7	-0.793721995368301	0.175610251228446	0.719698560773505
DDX21	0.197695487084992	0.386586548774269	0.764368688173611
SAR1A	0.873763224383328	0.194435532598666	0.719698560773505
POLE4	-1.00230251709397	0.182371885334768	0.719698560773505
EIF2B3	-0.746636662967255	0.524164377544877	0.823903223671465
SPHK2	0.574446589632601	0.109696941108433	0.719698560773505
CTPS2	-0.450262853833205	0.402787313950141	0.772942596423392
POLE3	-1.11402301661235	0.205952721594314	0.719698560773505
CHRAC1	-1.04879599454186	0.22320799535449	0.719698560773505
STRN4	0.330038964850139	0.430210781347167	0.778720484969041
AASDHPPT	-0.472886444127127	0.163436316655052	0.719698560773505
UBQLN4	-0.376594863743584	0.320041190412909	0.757775552108479
HEBP1	0.753982849435594	0.0629053170562152	0.719698560773505
VPS45	0.0116824524837646	0.965956932969779	0.989621300203056
PNO1	-2.08806053891157	0.00166525677987315	0.193947824045595
LANCL2	-1.09628873834003	0.0707519013935839	0.719698560773505
FARSB	-1.09671288858364	0.027184445506357	0.719698560773505
SLX9	1.12815872904856	0.0243085825816709	0.719698560773505
SMC4	-1.36404037636214	0.109137904478263	0.719698560773505
OLA1	-1.18403211706347	0.376421390299368	0.763903130790551
ECHDC1	-0.0614207183583275	0.806058464616612	0.936102279325983
RBM12	-3.2293846198562	1.00562660581271e-05	0.00630815203731945
STAU2	0.107207126405122	0.800739314978116	0.934306458717227
LIN7C	0.246427040685258	0.713542872368282	0.903038194458096
TXLNG	-1.69543505480426	0.0191103456831259	0.661939723305311
ABCF3	0.60178717104144	0.353813610392275	0.763250423050664
CYRIB	-0.354623161034919	0.513637926759947	0.817610033049925
AP5S1	-0.50042713160002	0.431085609649925	0.778720484969041
TBC1D23	0.374616682394901	0.342439873844885	0.762251782919766
EXOC1	1.34214328045162	0.237754502622601	0.719698560773505
FANCI	0.333206792416558	0.650314057000291	0.878412934816993
INTS13	-0.657755142303337	0.243975535206034	0.722578268974008
GNL3L	-0.472950805312806	0.0912874244684276	0.719698560773505
KLHL11	0.99493001153575	0.0145719611850081	0.621218267605541
PNPO	-0.568500506121588	0.120093373364388	0.719698560773505
ARMC1	-0.220641499844799	0.324515047480451	0.757775552108479
SDAD1	-0.451905786659228	0.259580414819166	0.733639697902513
POLR3B	-0.232458783308239	0.434531487219989	0.78042851246626
RBM28	0.339259468608599	0.383228657675325	0.764368688173611
BSDC1	-0.932596632695038	0.0791626327031327	0.719698560773505
CUEDC1	-2.14388071960748	0.0464604568123454	0.719698560773505
PIH1D1	-0.360736593019872	0.526617650682408	0.825554482023011
GID8	-1.20004335723196	0.076938448627296	0.719698560773505
COMMD8	-0.582236345407896	0.114885993381836	0.719698560773505
ADPRS	-0.050824282984955	0.86555992485002	0.954463493223615
HYPK	-0.981673031587952	0.255034011138234	0.731930943077116
DUS2	0.0394782227778236	0.885546618973457	0.963020945609455
SIRT5	0.00521806556788107	0.9813749208209	0.993574721634053
MIOS	2.17122272981182	0.00208130793785983	0.222903003783964
TRMT1	-0.448923071669494	0.431076305136627	0.778720484969041
GDAP2	0.216230367467372	0.441567214758571	0.783719337107876
NDE1	-0.715877988229163	0.289238391359464	0.741416098341744
BABAM2	0.379979636885338	0.208194413655517	0.719698560773505
GAR1	-0.00911561553110474	0.971355477435205	0.990529935303759
PPP4R2	-0.905279327003832	0.0385356895035637	0.719698560773505
DDX56	0.279567480272782	0.553781751597168	0.832415731126997
ABI2	-0.123682610445268	0.759346785946169	0.91654580429128
BCLAF1	0.558404756349216	0.13676956349928	0.719698560773505
COA4	-0.850506360444875	0.140329326173608	0.719698560773505
ACTR10	0.052754273026661	0.853445147498638	0.952103059620558
FAM120A	0.177739600961942	0.700042520901061	0.899152132523209
SPG21	-0.176389045330978	0.552873576373365	0.832415731126997
IGF2BP1	-0.0334508808330547	0.89726888289068	0.965544043917555
HSPBP1	-0.656135781350997	0.287886767381747	0.741143873638348
MYOF	0.324143301156091	0.158853359278541	0.719698560773505
EHD2	-0.475326023900589	0.257985556702171	0.733639697902513
NCKIPSD	0.159999933945116	0.829273269970655	0.942172758735331
PALS2	-0.195881913689092	0.381159015361429	0.763903130790551
CHMP5	-0.902547847463794	0.244365368004123	0.722578268974008
COMMD9	-0.529116912419539	0.310546166074158	0.754804494132166
CCDC59	-0.785151676061346	0.0410866188652028	0.719698560773505
RAI14	0.326412648685199	0.621938682429779	0.862246558638636
CALCOCO1	1.66620669332807	0.0979499552361671	0.719698560773505
NHSL3	0.288485452991303	0.532676904541795	0.827112064562533
VPS18	0.861462855491801	0.230991131757957	0.719698560773505
RCC2	-0.777133847334021	0.204094343080756	0.719698560773505
DIP2B	-0.43632210769227	0.460185161320208	0.794374345416056
SLAIN2	-0.167823761955102	0.464426912763118	0.795632046569778
STK26	-0.653251109099408	0.36837553303645	0.763250423050664
PTGFRN	0.921849990623446	0.00418398593248616	0.303912348333896
HEATR5B	-0.167153699297611	0.737777251534222	0.910620665484678
RRBP1	-0.0033174003680827	0.987911804952776	0.995621008847289
CPSF2	0.120478947459929	0.733207160589962	0.910506445723248
LARS1	-0.927205162557907	0.182803578963208	0.719698560773505
KLHL13	-0.78845566646401	0.0668385863956346	0.719698560773505
ANKFY1	-0.163315990261484	0.748700112848223	0.913967805258979
ATXN10	-0.373381072371391	0.537552157814633	0.827801209991475
EPS15L1	-0.296129173429719	0.506955467846635	0.812138597779938
ORC3	1.01871778744905	0.084182560631555	0.719698560773505
COPG2	0.118867135528234	0.583959397734526	0.845701093486908
COMMD3	-0.275403569872612	0.390423152365535	0.7646543206814
GNG12	0.326050788495944	0.418812564294491	0.776289965035589
UXT	-0.217497630408282	0.446760900847184	0.787525939630665
GULP1	0.00764050633796742	0.975355894565279	0.991561749370118
VPS29	0.156008459582644	0.783142452918695	0.928311076023158
EIF3K	-0.156326604563887	0.682039592362022	0.892116726262031
GRHPR	-0.0442666813756425	0.890220998102335	0.964056115821889
CTNNAL1	0.192714734125083	0.652243646806072	0.878949654712954
NXF1	-0.0181072465609518	0.939566887449914	0.982060986144388
COPS7A	-0.769679571217157	0.0119494516230456	0.55819193698716
ABCF2	-0.213243278228049	0.562484627583106	0.835769156731859
PARP2	1.47690274319433	0.137807681825072	0.719698560773505
NDRG3	0.0943718094213004	0.916610076698425	0.972437174065447
ARMCX3	-1.17392534887857	0.18634841586819	0.719698560773505
LIMA1	0.108309250277589	0.711700742904208	0.903038194458096
SRP68	-0.120406862384684	0.733837921069136	0.910506445723248
SEPTIN9	0.216591584024378	0.55979471868014	0.834711560100142
UBQLN2	-1.00158005633574	0.0318374493685806	0.719698560773505
DDX20	-0.793648518506281	0.126865348755421	0.719698560773505
BAIAP2L1	-0.486436011428907	0.37372715826535	0.76372044421367
SAP30BP	0.907386338064477	0.11089124954198	0.719698560773505
PFDN2	-1.46020887976866	0.154645676471817	0.719698560773505
PUF60	-0.0633907141217449	0.793478959748576	0.931688598155869
EIF2B4	-0.800052050426526	0.0476412167901855	0.719698560773505
ATP6V1H	0.499147565138088	0.0708957879693421	0.719698560773505
TRMT112	-0.910752174479448	0.110425662481057	0.719698560773505
CNOT7	0.293149285660956	0.345583317968119	0.762251782919766
RABGEF1	-0.280370792332228	0.192652898558382	0.719698560773505
TRMT6	-0.418699682641304	0.299947464238718	0.74889680937801
TSR3	0.676260538607771	0.126632224305126	0.719698560773505
DCTN4	0.0732835605474733	0.816949868532153	0.939892793609367
ANAPC7	-0.658967512301096	0.0463825406163848	0.719698560773505
LSM7	-0.229431420097242	0.758650504350841	0.91654580429128
MRTO4	0.511286981331708	0.576839147912949	0.843898305704369
CPSF3	-0.086526357027175	0.79746892349408	0.933313017933384
NUDT5	-1.26891054696536	0.205079485558218	0.719698560773505
RCOR1	-0.11050423029284	0.659852073267235	0.88254963561268
GTF3C4	0.233796541088573	0.695523165277796	0.898776403394585
PACSIN3	-0.0664090287560057	0.741657129147845	0.910895529086187
ACIN1	0.141293069358955	0.622482712567633	0.862246558638636
AGO2	-0.357933480773614	0.735921732813391	0.910620665484678
NUP50	-0.171069696052928	0.725168897873881	0.907838051662589
BAG5	-0.151236141596506	0.732170423223021	0.910506445723248
RAB21	0.269446127924137	0.317190173739509	0.757441594865379
RAB22A	0.241980268788513	0.499543829221563	0.809406333915322
PSME2	-1.42277858423942	0.282052394274177	0.738516436051228
MKLN1	0.379745186935583	0.498218467988111	0.809406333915322
DNPEP	-0.599104686236561	0.156849708359292	0.719698560773505
SLC39A10	0.204089610396796	0.487496195886201	0.805423904108404
CNOT6	0.455118435771514	0.291863840136917	0.742381573840203
ISY1	-0.56135724163353	0.03952930739118	0.719698560773505
NOB1	0.130975834682715	0.918674287643849	0.973741425070896
AKAP8L	-0.693355449527814	0.19856506449946	0.719698560773505
MYO6	-1.80874740603873	0.000404002639848716	0.0844750281702721
PRPF19	-0.0826758041380344	0.837145113830319	0.943758123147094
UBQLN1	-1.01628199540653	0.28455642650875	0.739773051274585
SYNRG	-0.595382698962265	0.343387322723507	0.762251782919766
G3BP2	0.0016905784718233	0.996411603826867	0.998314832200279
STUB1	-0.814042772266564	0.131633802436936	0.719698560773505
PACSIN2	1.21568223798051	0.0448520403211721	0.719698560773505
MAGED2	-0.846935558357803	0.183990631102975	0.719698560773505
SNX7	-0.0803609787714024	0.883061971767443	0.962421994173563
SNX6	-0.35236924203722	0.657948203457436	0.881323671549426
DUSP12	0.00225503797435778	0.991907249919828	0.997149412409146
STX8	0.0594207102153277	0.973845345527933	0.991561749370118
PSMD13	-0.93103957332265	0.0363903624754842	0.719698560773505
FAF1	-1.10637627795528	0.130963781048649	0.719698560773505
PROCR	0.0882168026292369	0.732030715541416	0.910506445723248
PPIE	-0.0948475040007359	0.904572841346106	0.970010010122367
COPS3	-1.12461980913472	0.084195944036503	0.719698560773505
MINPP1	0.171010036513579	0.801775605343541	0.934500305530339
NSFL1C	-1.16693208248274	0.182849946616805	0.719698560773505
COG5	0.241349453105137	0.66738512802134	0.886585879956279
MACF1	0.211142819878766	0.616787147564104	0.860636115950444
TRIM33	0.258980221989816	0.289910520461409	0.741586500373763
TNRC6B	-0.560175679023512	0.550098195950249	0.831512635167983
EXOC7	-0.251253706186905	0.497516341973548	0.809406333915322
SLC7A11	0.113959464456052	0.713875329862986	0.903038194458096
SRRM2	0.321561899250327	0.285873692553018	0.740573087905782
PA2G4	-0.581600620393782	0.150844503909383	0.719698560773505
BAIAP2	-0.241328114135214	0.456426411259517	0.793881951553632
SMC3	-0.0771303001067665	0.910863401685043	0.971459621887907
RTRAF	-0.853622637912039	0.0334111442447425	0.719698560773505
RUVBL2	-0.751111796172069	0.126897653028474	0.719698560773505
EIF3L	-0.576866550609282	0.0856727976295773	0.719698560773505
PLAA	-1.235510939223	0.0307070958382267	0.719698560773505
RUVBL1	-0.722772562546034	0.211095446270564	0.719698560773505
NUDC	-0.282004099551539	0.73900923578335	0.910895529086187
FARSA	-0.857339073293311	0.135051227153392	0.719698560773505
DRG1	-0.20826261617151	0.424221499331704	0.778243828308407
TRAPPC4	0.108920899360022	0.741440573551522	0.910895529086187
NCKAP1	-0.0526575670172775	0.941452304708958	0.982861880641235
CNPY2	-1.21080030014385	0.254674398378778	0.731391296994522
EXOC6B	-0.758324945598417	0.372050742679446	0.76372044421367
DLGAP4	-0.173292583552865	0.50115877961696	0.809406333915322
NISCH	-0.141391121703187	0.753672590873627	0.916019561061795
PIKFYVE	0.606208206920908	0.108170355382726	0.719698560773505
DIS3	0.133309120839829	0.723377789071885	0.907359265303647
MRPS28	0.230348144339565	0.515141446496002	0.818670319060422
AP3M1	-0.529974015481258	0.165199971242576	0.719698560773505
LEMD3	-0.0269776516399816	0.939457240176084	0.982060986144388
COG6	0.084899941716909	0.838245430364297	0.943758123147094
THRAP3	-0.0411506213243982	0.887145717965908	0.963651112295502
WBP11	-0.328714678128684	0.370522478496559	0.763250423050664
NOP58	0.222494786643285	0.371399283652778	0.763250423050664
GIT1	0.12193670691962	0.761225816306888	0.917272930681543
ZNF281	0.625620811236011	0.0574341448975078	0.719698560773505
SUGT1	0.376448157640265	0.523574282830652	0.823429325182447
AAR2	0.0266205736471115	0.95273035326831	0.986675333459204
NOSIP	-1.31702036105312	0.0687412646124994	0.719698560773505
DERA	-1.22427892668987	0.00838056267840445	0.469137069968986
MEMO1	-0.976775087351648	0.23583252040324	0.719698560773505
LSM2	-0.819921881811112	0.176017695512828	0.719698560773505
CAB39	-1.35210265671841	0.069084811878083	0.719698560773505
LUC7L2	-0.973050963903901	0.0400219302928482	0.719698560773505
MOB4	-0.24510994843229	0.248147990259696	0.726464209816238
SBDS	-0.836205794258078	0.152743331210423	0.719698560773505
EXOSC1	0.148925364903384	0.556162363960071	0.832952800080534
SF3B6	0.319066534955265	0.370535153420878	0.763250423050664
REXO2	-0.178726800679001	0.471602210242868	0.798142913144123
NOP16	0.647720139042171	0.145156416526046	0.719698560773505
FIS1	-0.313414983331441	0.443393826913119	0.78474094880109
GOLT1B	-0.0409555978833502	0.878868292670274	0.960914386796849
STRAP	-0.79109911450945	0.224376047968685	0.719698560773505
RTCB	-0.149283066336331	0.618210399212023	0.861218865145936
RAP2C	0.0682796744946756	0.858571347495582	0.953114491403509
RPL36	-0.307513301063846	0.201618317189653	0.719698560773505
FAM32A	-0.458019483688489	0.595331131727657	0.851114270873667
PKP3	0.0303544857069866	0.91350408620213	0.972017572445421
HBS1L	1.63220865934549	0.0331785155918705	0.719698560773505
TLN1	-0.799082032402254	0.241807985140065	0.72180752056426
MTCL1	-1.57862769012539	0.020197608060298	0.661939723305311
DCAF1	-0.279182440171585	0.27011953394113	0.736533897438297
TCAF1	-0.154413800114636	0.573384986011906	0.84237636419669
WDR7	0.68393424989728	0.0611000588929086	0.719698560773505
USP15	-1.02161265324509	0.194651673638867	0.719698560773505
FARP1	-0.0359865236666472	0.932046853834021	0.978626909417787
TLN2	0.290543248618853	0.686784267695805	0.894831938224887
HYOU1	0.144729664730438	0.784609342071496	0.928311076023158
TELO2	-0.677106744160454	0.36730589955286	0.763250423050664
LAS1L	-0.16737869653906	0.559663454419135	0.834711560100142
LSM5	-0.829147825126455	0.149275047026323	0.719698560773505
PRRC2C	0.131877216590656	0.671957243450552	0.887387746162819
POLR3H	-0.165570079724592	0.759187222559966	0.91654580429128
RBM7	-0.465006329017001	0.513273656515631	0.81747719468993
YTHDF2	-0.00329844251683653	0.988989385174298	0.996478290569147
SUPT16H	-1.00045191106872	0.0032307400388891	0.269654544154049
UCHL5	-0.366353790157309	0.475465559925291	0.798906079727283
CD2AP	-1.81879433748382	0.00411641276709993	0.303912348333896
ATP6V1D	0.31131744475206	0.291170345568594	0.741891149555502
TNPO3	-1.85383085520989	0.0906731527993605	0.719698560773505
GTF3C5	1.52585309518874	0.0709999494994339	0.719698560773505
GTF3C3	-1.02508488165759	0.119856732173908	0.719698560773505
TRAPPC1	-0.451140158128908	0.233132731290021	0.719698560773505
CDC42BPB	0.756607121167004	0.651648785207314	0.878949654712954
FLVCR1	-0.111131637533298	0.707306086735514	0.901678664850647
MRFAP1	-0.937769355848879	0.151591051357616	0.719698560773505
PUS1	0.103675518189554	0.635095894456734	0.870926318725646
PSAT1	-1.63094003345685	0.118908136042209	0.719698560773505
COPG1	0.0217184396730339	0.962838226224919	0.98805994289264
CLIC4	-0.649071534965671	0.330971196926554	0.760887186232721
CFAP20	0.0608139574847755	0.86333509484189	0.953503627872602
SAR1B	-3.02856394291948	0.0115588487868456	0.551683750250426
MAD1L1	-0.0850733793174996	0.83563096510571	0.94373144574407
STK24	0.0604156231869126	0.917940945201562	0.973593886565232
BZW2	-1.19825216120558	0.131064590003459	0.719698560773505
COMMD10	0.300336077326744	0.696669304019796	0.898806246591443
DYNC1LI1	0.0378619987742255	0.908737554844603	0.971340458452447
EPN1	-0.125252784918274	0.702610052282673	0.899988547133378
ROBO1	-0.454384939444605	0.153864849537929	0.719698560773505
NUMBL	0.763991026393025	0.0699890388208839	0.719698560773505
DDX49	-0.259007130694467	0.503637383200473	0.811251558926367
WASF2	-0.542625640740535	0.222998571637143	0.719698560773505
SEC23IP	-0.0951898061337957	0.894919440733771	0.965506399949217
DNASE2	-0.486019646017393	0.0941714540825204	0.719698560773505
RNGTT	-0.297811614984262	0.489567137696036	0.806032734016983
RNF40	-0.0113034365358686	0.968427295057142	0.989675185830921
ULK1	-0.222316820848189	0.499607349645067	0.809406333915322
CREG1	0.0464327261856283	0.887392444070971	0.963651112295502
CCNK	0.164286050065449	0.708241793457045	0.901678664850647
ARL6IP5	-0.247549602744414	0.342601968719297	0.762251782919766
RSL1D1	-0.176733681131346	0.550869225842304	0.831512635167983
EPN2	0.409352260293442	0.235560115890892	0.719698560773505
POP4	-0.0432700776085611	0.866531606033528	0.954587695711569
GLUD1	0.0879943931560554	0.731064753098144	0.910506445723248
TIMP1	0.0646648999883475	0.824573036536232	0.940441611280674
SOD2	0.0499885685898676	0.859982748341777	0.953162843659111
FYN	0.441319745682637	0.408282952047211	0.773413595117981
GLA	8.56257846493236e-05	0.999754450247319	0.999754450247319
GNAI3	0.0881196213017574	0.810231519983178	0.937724460792339
SNRPC	-0.184000941629215	0.570449115786997	0.842015531587218
GAA	-0.187570594580503	0.493645791639828	0.807364310248307
RALA	0.269750149487063	0.267745218772685	0.736173610288577
P4HA1	-0.0390685256364165	0.909158165519436	0.971446264096487
GLB1	-0.220752003032889	0.542737009347816	0.828677726132837
XRCC1	-0.38935611358221	0.395494624045331	0.767511717040984
ATP2B1	-0.0297140518358852	0.916426981756816	0.972437174065447
RAB6A	0.439203447835013	0.277772747473883	0.736533897438297
FKBP2	-0.438573914611837	0.23432668324479	0.719698560773505
PSMB6	-0.0256342594590393	0.962213035810094	0.98805994289264
ARRB2	0.251420191891164	0.540451493987679	0.828025997941346
PHB1	0.435352909651243	0.132301442442221	0.719698560773505
POLR2I	-0.153600879303244	0.58219369924865	0.845095052363908
MDH2	0.251595480994229	0.411379721591601	0.773628861376872
NCAPD3	0.80570096034284	0.0925739621680975	0.719698560773505
PPT1	-0.385310466817323	0.199434301203066	0.719698560773505
HSD17B4	0.0767063429974222	0.727005471931859	0.908821302573901
MANF	-0.452913075539076	0.143482727640595	0.719698560773505
MAX	0.627933349676351	0.253253864724324	0.730162652662184
GNAI1	0.211569155856537	0.533496821990246	0.827475996241318
CDK17	0.48603956129428	0.120507779564934	0.719698560773505
RING1	1.25005937059785	0.128689025118184	0.719698560773505
GTF3C1	0.662787155186688	0.0888314652315959	0.719698560773505
CALCOCO2	0.14787210518028	0.507130004222237	0.812138597779938
SRSF9	0.666458948252913	0.154325013964256	0.719698560773505
DAG1	0.177366947913466	0.381864580297258	0.763903130790551
DHX34	-2.04838697080691	0.025730890187671	0.719698560773505
HLTF	0.588889291569132	0.407827162237319	0.773413595117981
NHERF2	-0.0347930626862478	0.895872914633543	0.965506399949217
TRIP4	0.0294025825583901	0.957045280789967	0.987591289815579
CSRP2	0.0546186294858551	0.890945050786888	0.964056115821889
CPEB4	-0.569849338815914	0.0765972372399812	0.719698560773505
LARP7	0.206916910769166	0.495332316336124	0.808097164561783
NCBP3	0.3399931462178	0.722389020318723	0.907359265303647
LDLRAP1	0.604782366367402	0.0687776856963671	0.719698560773505
UBAP2	-1.95831298128056	0.007111282289912	0.421968115337886
UTP25	1.0775661237039	0.0454685203208387	0.719698560773505
RINT1	0.476935925122149	0.507071663273127	0.812138597779938
RFWD3	1.40322181203078	0.164341025988953	0.719698560773505
ZC3H14	-0.564458464154008	0.145983985528212	0.719698560773505
BLOC1S2	0.0133125858967063	0.975893157598707	0.991702581582023
TRMT1L	0.0621713196233742	0.799541939515241	0.933807966698936
WAPL	0.777382765602646	0.236757790674745	0.719698560773505
IRF2BP2	-1.8142301221817	9.38904752858424e-06	0.00630815203731945
ZNF598	-0.711745284017628	0.296460027593966	0.74661131022821
NCAPG2	-0.40064290498389	0.507517265385596	0.812138597779938
WDR75	-0.509299647420448	0.0665186308989112	0.719698560773505
DHX40	0.346054406470145	0.477621584315309	0.800265712812133
PHC2	0.525615375119699	0.083273788672477	0.719698560773505
RAVER1	0.170786565527571	0.718202729072936	0.905117046845675
PLCD3	0.0159233238299521	0.943646669217282	0.983749412282309
NOPCHAP1	-1.04833562199419	0.00622623597126032	0.396223219562378
SVIP	0.309872302061361	0.297453081876182	0.746779006585657
DDX55	0.83493294690069	0.126160560269147	0.719698560773505
PPIL4	-0.202136460755561	0.345875713983284	0.762251782919766
HNRNPLL	0.294074891123266	0.583400442160115	0.845513887338467
DDB2	-0.246039780794309	0.289231232392991	0.741416098341744
TBC1D5	-1.52938774540081	0.149488996108766	0.719698560773505
DLG3	0.183272110364697	0.419248918190523	0.776289965035589
GGH	-0.0339870269601263	0.918334947843952	0.973741425070896
CAVIN3	0.196158582521036	0.471477758566798	0.798142913144123
ERGIC1	0.00878886208375107	0.971882383223823	0.99083713599624
UTP4	0.163618129676568	0.547638201579835	0.830631897456669
LRRC59	0.441955680690132	0.156959302245379	0.719698560773505
FKBP10	-0.757952326574639	0.346167723100883	0.762251782919766
USP28	0.283743206908781	0.350470359974106	0.762251782919766
LGMN	-0.0497565728357081	0.855870958831442	0.953114491403509
NAPG	-0.0419638241872846	0.851166326010704	0.950845143500489
HTATIP2	0.164675540469453	0.538249569414776	0.827801209991475
FRMD8	0.221727232657663	0.601805663992931	0.854357798445833
WWTR1	0.760675393613504	0.137533998622722	0.719698560773505
NAT10	0.764294147517447	0.22307557745946	0.719698560773505
TOLLIP	-0.487438891740148	0.136157014142693	0.719698560773505
SENP3	0.930706468304805	0.0365501087850939	0.719698560773505
LDAH	-0.0922509356960894	0.85456608655534	0.953111426483235
SCPEP1	0.150326301779867	0.484946701799924	0.805190836383926
ZCCHC17	0.994284428105566	0.206453614312739	0.719698560773505
BMP2K	0.622905879587073	0.226162747575012	0.719698560773505
MDN1	1.89600877458458	0.0614153571584663	0.719698560773505
DPP7	-0.0258954617307552	0.914741696374563	0.972314400576303
HERC5	-0.456997071316049	0.424061660382735	0.778243828308407
CNOT11	0.355351826844291	0.686424046912321	0.894831938224887
EPDR1	-1.47901086280719	0.169246052707274	0.719698560773505
NOC2L	0.121629775930355	0.640539211850886	0.872667601376743
SNX9	0.325590719080758	0.404238031143288	0.772942596423392
SNX8	0.983353053399668	0.0817879347723237	0.719698560773505
UBXN8	0.0799641294164566	0.83244683751397	0.942400600560694
PGRMC1	-0.122270916811949	0.616812083100899	0.860636115950444
GOLIM4	0.117767399533399	0.617081385063473	0.860738361440187
PLOD2	-0.366079236616585	0.31004596496006	0.754804494132166
TNFRSF10B	-0.195327374794001	0.573506631203156	0.84237636419669
MGST3	0.293028996270376	0.358311105817141	0.763250423050664
CASK	0.286456307513596	0.473364662066275	0.798396217616752
PGRMC2	0.233255924366819	0.277227123075411	0.736533897438297
P4HA2	-0.0850261177437446	0.825036289251307	0.940575436866534
CYB5B	-0.336901592760253	0.236406874926084	0.719698560773505
HTRA2	0.231099971267582	0.537851224670307	0.827801209991475
PLRG1	0.636762623324973	0.280531798461801	0.737835795836267
TIMM8A	-0.138403873858351	0.549122414394244	0.831447076415561
FADS1	-0.189057553032374	0.609243014071667	0.858296033315068
SELENOF	-0.346572292388423	0.342717072860869	0.762251782919766
SLC16A7	0.204852625695747	0.503195249511395	0.811251558926367
TACC1	-0.0947114194124445	0.840376378008043	0.944966114169863
ECI2	0.217791126706754	0.429435440550132	0.778622002798637
ATP6AP2	0.504193816467716	0.364369808979079	0.763250423050664
STAM2	0.318092714462875	0.551786432678908	0.832323677737233
RPP14	0.0479339915627932	0.911446135644741	0.971459621887907
FKBP9	-0.503693517781375	0.561437090552298	0.835625616335881
CD2BP2	0.286299653214957	0.355900315007586	0.763250423050664
SEC24B	0.151281223484844	0.737237184550203	0.910620665484678
ACSL3	-0.221504382450057	0.437303534419	0.781522108113077
CYB5R3	-0.0946959231356672	0.691515481581218	0.896283663473849
GOT2	-0.176156212444432	0.530490977928629	0.826899476277592
GBA1	0.0556597104308665	0.813971743964336	0.939053728396624
RPN1	0.166620836427612	0.598667147971478	0.852658918826715
EPHX1	0.174400173163438	0.550853269948258	0.831512635167983
ACAA1	-0.343855856168023	0.46803371610281	0.797058736185607
CTSA	0.122014389978361	0.690047757375824	0.896184472829708
TFPI	0.642631865020725	0.10214935286257	0.719698560773505
LAMC1	0.320095188787324	0.34765570588276	0.762251782919766
PDHB	0.0908926475409864	0.683966787681714	0.893307009134565
ACADM	0.0693972478285119	0.789623405087045	0.929816009767561
NAGA	-0.0511078644671343	0.865045834053843	0.954463493223615
UBTF	0.630597214104395	0.115500091724554	0.719698560773505
AGA	0.0581537387681514	0.814144423581871	0.939053728396624
VDAC1	0.22935363337146	0.281881892942512	0.738516436051228
ACAT1	0.0210749089956686	0.930813404755543	0.978123805076748
ABCD3	0.49254766037388	0.0511816528892088	0.719698560773505
TYK2	0.768532499145419	0.0524977810940997	0.719698560773505
HMOX2	0.0731463165290442	0.797786372961246	0.933313017933384
ABCD1	0.104316504790248	0.691641217449632	0.896283663473849
SHMT2	-0.0763795656315587	0.713259425567413	0.903038194458096
LIPA	0.0791319359612217	0.773397027655017	0.922828900829038
DDOST	0.375154908680614	0.141995122482164	0.719698560773505
ECI1	0.0775859237880248	0.774200741316804	0.923028904458889
SSR1	0.270275257193731	0.381722259142604	0.763903130790551
PPIC	-0.253353448129786	0.571877531190755	0.84235675794843
VDAC2	0.0536138299004776	0.829478166909449	0.942172758735331
NSF	0.399005582307101	0.166822838539645	0.719698560773505
HSPA13	-0.253532168575877	0.388267185781848	0.764368688173611
TUFM	0.209013922607422	0.413154106109944	0.773628861376872
VPS41	-0.0812314388504163	0.782263419513484	0.928105559330913
RBM25	0.341776988846838	0.196356812361523	0.719698560773505
NUP153	-0.380633773136736	0.264252871808721	0.733639697902513
CPT1A	-0.0324523166980271	0.910119083101588	0.971446264096487
SSR4	0.541204389688602	0.0740397185569841	0.719698560773505
NAGLU	-0.00556458853471753	0.98325825586334	0.994354445300766
CTBP2	-2.05629559702885	1.81471103648899e-05	0.00724399651020288
CDK16	0.29774917279515	0.519400393783732	0.821869235713285
PLOD1	0.175518358964091	0.483936119528196	0.804605642123555
NUCB1	-0.123443648725335	0.738510752466014	0.910895529086187
SSBP1	-0.329856253438138	0.141563008211969	0.719698560773505
FSTL1	-0.154740953291373	0.486480544528738	0.805190836383926
LMAN2	0.217615212096991	0.535473666228031	0.827801209991475
CSTF3	-1.44673365780058	0.0378074662114412	0.719698560773505
ECH1	0.585143506868334	0.101176880474915	0.719698560773505
TRIM32	-0.0945202120619655	0.761516986550837	0.917372040588402
CBLB	4.14557155412778	9.07907685915174e-08	0.000398662264885353
TRA2A	0.422769027146941	0.430758417172884	0.778720484969041
BMS1	0.0898977890741719	0.762497748763395	0.917546619572504
ACOX1	-0.654627988771395	0.132337558188143	0.719698560773505
DHCR24	-0.26259707699047	0.342720138457191	0.762251782919766
NSDHL	-0.324680805696257	0.288457043964459	0.741143873638348
QSER1	-0.907771255506439	0.0628293901102017	0.719698560773505
P3H1	0.434811474997616	0.292151072556564	0.742381573840203
VMA21	0.237712134928806	0.373134047037401	0.76372044421367
MIX23	-0.541414939986151	0.10692930942704	0.719698560773505
COA6	-0.458325234055661	0.180475875162368	0.719698560773505
TOR1AIP1	0.265993656094007	0.339246639495567	0.761960099245542
EXOSC6	0.0181950537991327	0.949814383771714	0.986198855318419
GPATCH4	1.74226266644684	0.023670807613579	0.716817353318795
DENND10	-0.473032865920615	0.139785084059143	0.719698560773505
ALKBH5	-0.774661456218148	0.521839414071736	0.822847326804431
POGLUT2	0.139037612974679	0.560022832169214	0.834711560100142
MON1B	1.07460603182258	0.0319447497998241	0.719698560773505
VPS35L	-0.0913192093649613	0.741649375788778	0.910895529086187
SRGAP1	0.695577356369583	0.189957719793462	0.719698560773505
TRAPPC6B	1.6133998605892	0.00347324474045838	0.277291230097323
KTN1	0.329845150527678	0.234095837227999	0.719698560773505
MON1A	1.53162983388777	0.000600189518477045	0.10164017874679
ANKLE2	0.232305390139636	0.352410296259422	0.762251782919766
RIOX2	-0.51911499171559	0.479513216104775	0.8021076201534
DNAJC10	-0.0433910987528527	0.890278270401635	0.964056115821889
SMAP1	0.610673276547065	0.0965739317860345	0.719698560773505
STAG2	0.834537736749553	0.0597057146572696	0.719698560773505
COLGALT1	-0.0217577597398062	0.92659288817028	0.975934126158719
PCSK9	-0.111945516971453	0.788113415166393	0.929718667100545
SCCPDH	0.511982332387866	0.058756344994133	0.719698560773505
LSM14A	-0.305030963956096	0.304856083828475	0.752458158567079
ATL2	0.118244661380984	0.606516508091797	0.857165750573248
PLBD2	0.233633104666389	0.359061238484837	0.763250423050664
RDH11	0.14968963735933	0.696820954096484	0.898806246591443
SPPL2A	-0.225075687672803	0.480313176031018	0.8021076201534
HM13	0.15224198475174	0.514626750265545	0.81814846503114
LEO1	0.517456698013881	0.257455931193505	0.733639697902513
RUFY2	1.10285884277818	0.0860687877810087	0.719698560773505
SMG7	-2.26110275031874	0.000176115653131851	0.0483327395563724
TAF15	-0.128017497247345	0.764848921780817	0.918329038267639
IGSF8	-0.0849081969060634	0.733126788600593	0.910506445723248
RCN3	-0.962401808493059	0.187022142427226	0.719698560773505
RMDN1	0.000640787718893421	0.998610592255182	0.999748999223097
BORCS6	-0.250578796043897	0.298225504602483	0.747436181911816
INTS4	1.37987987017508	0.00281520342605472	0.252276698853189
FUBP3	-0.644112717295172	0.440238105240979	0.782830714619884
CLPTM1L	-0.0622973460804737	0.777561542084188	0.925026478269214
SNX27	0.491776483882482	0.0849736568497911	0.719698560773505
KIF16B	0.537264687964143	0.633329253092088	0.869589978213683
ARHGEF17	-0.321471538278182	0.50597281726588	0.812138597779938
CIC	-2.60830541801579	6.90158794310876e-06	0.00606097453163812
GFM1	0.295458643120273	0.219515412938263	0.719698560773505
CDC5L	-0.498029552196396	0.261620946805545	0.733639697902513
SCAF11	-0.245138703477537	0.457972375708814	0.793972447290465
ATXN2	0.879263838750688	0.117794184210947	0.719698560773505
HSD17B10	-0.0913773181648523	0.717248069988168	0.905017414147356
MGST2	0.14897572556475	0.780692102603372	0.927092917280741
EBNA1BP2	0.337513592441866	0.435428026576533	0.78042851246626
VRK1	0.0529721648176071	0.892965667369529	0.964816005270571
SDF4	-0.412059712981481	0.105135507504773	0.719698560773505
TMEM43	0.306307262249543	0.385426470165739	0.764368688173611
CCDC28B	-0.208327196040344	0.581177061364157	0.843898305704369
UTP14A	-0.877060168694907	0.322556745078256	0.757775552108479
OSBPL11	0.357392050629624	0.165818086607926	0.719698560773505
OSBPL1A	0.921473561779912	0.14306094668892	0.719698560773505
PNN	0.515117229498394	0.36321368352882	0.763250423050664
TMX1	0.393558429535943	0.174953908511917	0.719698560773505
POFUT1	-0.774872681464267	0.0778891986740709	0.719698560773505
OSBPL3	0.297806210970535	0.21077274406511	0.719698560773505
CCDC86	0.745156084023044	0.238694752548745	0.719698560773505
PTGES2	0.229529586261204	0.406702065936225	0.773413595117981
GNB4	-0.049071511649263	0.959493989279454	0.987660199219524
GRPEL1	0.579610451136439	0.143275298428499	0.719698560773505
APMAP	-0.0535044810287602	0.804416941521615	0.9356807391315
DIABLO	0.30241932845815	0.87036411590413	0.956398606840599
MRGBP	-0.184832129026177	0.799616933452061	0.933807966698936
GEMIN8	0.435422615092719	0.155982978594754	0.719698560773505
CDKN2AIP	0.42376984077174	0.672880850713185	0.887700600669258
UGGT1	-0.188447519847287	0.672245762841512	0.887501847455526
TECR	-0.423679559461203	0.50493646778793	0.811557844091068
CNOT2	0.407153058870879	0.373380209944037	0.76372044421367
VAPA	0.517319571565849	0.228799662636772	0.719698560773505
DHCR7	-0.404746359635414	0.168791625669744	0.719698560773505
ACAD8	0.486978663398759	0.150660243474724	0.719698560773505
SSR3	0.00921400900602976	0.976975304186117	0.991770591107627
DIMT1	-0.0261540558017543	0.942814356028058	0.983183661206008
GSTK1	0.749918905261808	0.176572878482234	0.719698560773505
WASHC3	-0.424785883871788	0.324202356659606	0.757775552108479
WASHC2C	-1.9801624646013	0.130743643521501	0.719698560773505
TSSC4	0.216279429077467	0.595354764154892	0.851114270873667
SLC30A1	0.326632371949778	0.259717959616419	0.733639697902513
SNRPB2	1.1776088919299	0.198648270279204	0.719698560773505
TIA1	-0.384345404631446	0.18717163722954	0.719698560773505
NCBP2	0.244806398414966	0.250661728131603	0.728911025315144
SYNJ2BP	0.252034948007633	0.414253456914646	0.77370775385462
NDUFA9	-0.107237655754414	0.698695761738575	0.899152132523209
FAHD1	0.150235279361503	0.595450476001801	0.851114270873667
FAM177A1	0.149821513582218	0.589060345073149	0.848610228089303
SYMPK	1.11172335884064	0.104489815705613	0.719698560773505
EME1	0.91056238371695	0.105667329067721	0.719698560773505
DDX27	-0.241577937892625	0.339060813585851	0.761960099245542
MTMR9	0.312076581068563	0.450547236446249	0.790392694860359
PHB2	0.303625256173124	0.32064985831057	0.757775552108479
SIKE1	0.0347829555602246	0.893788034656126	0.964992195764704
ESYT2	0.18963489515103	0.474391306579969	0.798711743429295
AGPS	-0.0718101227187979	0.783118330887551	0.928311076023158
HIP1	-0.496223538522461	0.327059005487633	0.758246471923973
NOP56	0.262376358439369	0.488803608605628	0.805423904108404
STX16	0.0893706323829129	0.709196825477396	0.902371272289552
VPS26C	-0.0166695652873656	0.974614349058183	0.991561749370118
U2SURP	0.118394640156218	0.731566141636469	0.910506445723248
SCAMP1	-0.52723615436711	0.143036801776194	0.719698560773505
NKRF	-0.886731300992221	0.0539198092352524	0.719698560773505
RER1	0.113101865881877	0.601439404634259	0.854162175162129
SURF4	0.238927161416733	0.382196746510853	0.764119777377885
HDAC3	1.19035348748288	0.111575796788911	0.719698560773505
STX7	-0.335523731881793	0.471528623520534	0.798142913144123
POLR1G	0.852111442475966	0.0643661551021649	0.719698560773505
RBFOX1	-0.432532070167671	0.570675978593387	0.842015531587218
B4GALT5	0.333480162661623	0.18911457367048	0.719698560773505
SART1	-0.201489406038817	0.706650937745191	0.901678664850647
PRPF3	0.108157467238325	0.755389550494543	0.916019561061795
B4GAT1	0.456253979372576	0.25351238611119	0.730428403815114
PRC1	-0.101812308702762	0.735519851125966	0.910620665484678
STX6	0.220313684975771	0.529511389268461	0.826490111597436
SYNGR2	0.500484498914059	0.0704413683291122	0.719698560773505
ORC4	0.996110265959231	0.279150871187778	0.737515929834858
PIP5K1C	-0.103272871765924	0.715254123212564	0.903533042297574
STX10	0.252649314637075	0.362338034897074	0.763250423050664
CCNT1	0.445173146833611	0.294304343072069	0.745265496210758
DPM1	-0.258701890630878	0.210994807532405	0.719698560773505
PQBP1	-0.128948896369131	0.849555464867969	0.950419884391147
RNASEH1	-0.178378159999873	0.594560365192631	0.851114270873667
NBN	0.448472145876238	0.302756703571528	0.751226330064449
HIP1R	-1.54199635608715	0.134174355741658	0.719698560773505
DNAJC13	0.166888024394858	0.53952010436925	0.827801209991475
VAMP4	0.581149461880091	0.197382752244073	0.719698560773505
PRPF40A	0.197257351832381	0.525123106034882	0.82468367617996
SRSF10	0.20729848885518	0.539493533993883	0.827801209991475
EED	0.666622976674059	0.338921093696115	0.761960099245542
RP2	0.0213068633013869	0.951491703833635	0.986675333459204
ZMPSTE24	0.677188050293356	0.0665318234218612	0.719698560773505
CPD	0.320400921014613	0.183700480543135	0.719698560773505
B3GAT3	0.079170127386746	0.772387704529211	0.922620895154452
UFL1	0.230915772275431	0.388428253237526	0.764368688173611
PRPF6	1.06664896549337	0.275376939639473	0.736533897438297
YIF1A	0.506211504191555	0.142725040718501	0.719698560773505
KAT7	0.636482078684274	0.229892652948741	0.719698560773505
MAP4K4	0.152095063631034	0.598110056198611	0.852418453998086
AIFM1	0.0553165671304789	0.820697735335346	0.940441611280674
MBD3	-0.608212939184483	0.0574395616163513	0.719698560773505
TOP3B	0.372703900335871	0.1462219144137	0.719698560773505
CLPTM1	-0.0519169630828991	0.809130965244064	0.937654326650628
LDLR	0.186476477809499	0.470860587108702	0.798142913144123
OAT	-0.222670113685357	0.423498408631945	0.778067578369402
RPN2	-0.0877743610886199	0.802087294423454	0.934500305530339
SLC25A5	-0.0425219673620774	0.876609496478213	0.95941981531302
POLR3D	0.27386650284679	0.50874703564211	0.813339300376308
LPL	-0.0908772215583902	0.797917802168509	0.933313017933384
LAMB1	-0.0742089318689452	0.764868035105181	0.918329038267639
SRPRA	0.204285080224256	0.410634289562905	0.773413595117981
PDHA1	-0.00165972529072178	0.994536036790481	0.99768366971855
COL4A2	0.618522598935698	0.17146513181636	0.719698560773505
FGF2	0.0735736964351794	0.919504264835197	0.97406083743855
SRP19	0.278302152965615	0.31729466595706	0.757441594865379
HMOX1	-0.176969737374716	0.409054700969141	0.773413595117981
DLD	0.0619764200630293	0.779351374553855	0.926231821290808
DLAT	-0.0550426790802447	0.81047822886613	0.93776282027699
MGST1	-0.0547967069208575	0.832448085664902	0.942400600560694
RALB	0.31714341204308	0.359658766494512	0.763250423050664
LAMP1	-0.122730541319243	0.876113299495003	0.959315758763525
PC	0.652230940430012	0.0269997352280822	0.719698560773505
IGF2R	-0.109500999843068	0.797179181927174	0.933313017933384
SLC25A6	0.198372462876311	0.412294442461927	0.773628861376872
ETFA	0.395357472441173	0.278124425948086	0.737021336353678
MTHFD2	0.016094788010939	0.947800481979544	0.985214444468108
B4GALT1	0.0537227338787218	0.859699161990464	0.953162843659111
ATP2A2	-0.049786812905058	0.867194333453302	0.954587695711569
ITGA2	0.0395879456421575	0.880629902389886	0.961423645299351
PTPN1	-0.256200300192017	0.520144955444914	0.822618081156943
SON	0.728401447030507	0.227521488156436	0.719698560773505
M6PR	0.303621449224142	0.249579416600262	0.727555666366204
ME2	0.144508494982524	0.57614251539435	0.843898305704369
BRD2	0.366564307423978	0.431534925701139	0.778975036187558
ATP5F1A	0.167100202001915	0.489878685761717	0.806096596121257
COL8A1	-0.354035984690892	0.486242693211776	0.805190836383926
ECHS1	0.484919250866263	0.140101611056904	0.719698560773505
ALDH1B1	0.230830812428319	0.393737538123217	0.766878319543973
SDHA	-0.288085694558617	0.573353737905404	0.84237636419669
HIBADH	-0.0642708109150831	0.786566705295243	0.929693577885401
GTF2H1	0.560519437318362	0.395554319212878	0.767511717040984
RFC1	0.846574251184379	0.0447370121205473	0.719698560773505
ACTN2	-0.775385461995729	0.126760959458755	0.719698560773505
LONP1	0.091239703443101	0.690768059918773	0.896283663473849
DLST	0.23647207343291	0.368440642530415	0.763250423050664
COIL	0.00674293466218501	0.986685711580063	0.994942281144582
PI4KA	0.00461910016657896	0.984283334199803	0.994474947186226
HELZ	-0.879117547692132	0.0928543653071762	0.719698560773505
LRPPRC	0.0384267698649978	0.863309458188227	0.953503627872602
ACAA2	0.498750275163946	0.262770568396167	0.733639697902513
SLC1A3	-0.129295688433455	0.658063019926902	0.881323671549426
TSFM	0.311802141008556	0.43584403090366	0.78042851246626
MKI67	-0.225521554875286	0.557929804091342	0.833572565418537
ATRX	-0.0174614636726425	0.980529658456746	0.993196246893557
BRCC3	0.397985292943794	0.35490930932247	0.763250423050664
UTRN	-0.876452501995537	0.155696510853181	0.719698560773505
LSS	-0.0500063463985185	0.924487234005977	0.975588426945505
IDH2	0.329936496798972	0.280399200667573	0.737835795836267
CENPF	-0.674841549380268	0.322748918536915	0.757775552108479
ACADVL	0.191255175354481	0.365738554719688	0.763250423050664
LIG3	0.736468110924982	0.0605155212382458	0.719698560773505
IDH3A	0.435684561519217	0.146313928623962	0.719698560773505
EMD	0.168978343329048	0.65430898883445	0.879960419593283
BCAP31	0.379646448983294	0.19849931310416	0.719698560773505
VAMP7	-0.130341420701146	0.700318900758227	0.899152132523209
ALDH18A1	-0.0230542541785539	0.945990757358061	0.984323558189394
HNRNPH2	-0.0927691429116706	0.91390017727312	0.972017572445421
OXCT1	0.135044700159817	0.615252024683559	0.860154553747921
RRP1	0.241501023722961	0.717129862169758	0.905017414147356
TMEM33	0.270548779019851	0.481997157222451	0.802901941336792
SEC61G	0.410628938343525	0.224642516063283	0.719698560773505
SPCS3	0.274177640040037	0.388088844684729	0.764368688173611
ATP6V0D1	0.206633373102775	0.42784426882223	0.778622002798637
RRAS2	-0.0416210830863939	0.867927397648131	0.954678172957631
GNB2	-0.263177146567742	0.521892463026723	0.822847326804431
TRA2B	0.957025082809103	0.339470857675609	0.762000306927783
NOP14	0.860826556829046	0.316969391689335	0.757441594865379
TMF1	1.10386188600839	0.0627308848361783	0.719698560773505
ERH	0.083673148074741	0.948567661919028	0.985214444468108
RBM10	0.259214921164787	0.498100319514945	0.809406333915322
ATP2C1	-0.0578793933793236	0.861695418507212	0.953503627872602
SLC25A3	0.120057244596367	0.622476896613782	0.862246558638636
U2AF1	0.588457062333116	0.508241416069224	0.813001114010915
TOP2B	1.92094771852692	0.0421926549840972	0.719698560773505
MLLT1	0.686671774705182	0.210525559839256	0.719698560773505
TAP1	0.190119175460122	0.535614326974897	0.827801209991475
ATP7A	0.0567261718152636	0.821700214442897	0.940441611280674
NOTCH2	-0.344544245218309	0.250258932456014	0.728566344686456
SRSF11	0.123103686474494	0.636912444676084	0.871783835589989
FMR1	0.431101564831145	0.238641983393321	0.719698560773505
KHDRBS1	0.123331608087632	0.651821836904466	0.878949654712954
MGAT2	0.00561592208071815	0.984671597307612	0.994638367558713
GALNT1	-0.051230216766335	0.857936955002889	0.953114491403509
PMPCA	0.0029230471684194	0.991167448755484	0.997076069570209
ST3GAL4	0.408936502687364	0.208423339679222	0.719698560773505
TBL3	0.429296901368271	0.379819442865952	0.763903130790551
SFSWAP	0.0569813722020491	0.908083039316846	0.971130895381778
DLG1	0.016229155059623	0.945486292534355	0.98430656818757
CHAF1A	1.17535104524588	0.0471228858914167	0.719698560773505
STK3	1.62203806704581	0.207197625328308	0.719698560773505
GPS2	-0.0417177128453616	0.89602336137396	0.965506399949217
MTA1	-0.468273866161766	0.132160643343176	0.719698560773505
TMED1	-0.103251712883157	0.754140355262527	0.916019561061795
TOP3A	1.78674874521174	0.00331617977324496	0.269654544154049
ATR	-1.02611940516966	0.0290258312788306	0.719698560773505
MOGS	0.0452841137204629	0.890536257530176	0.964056115821889
FKBP8	0.353804518155378	0.178983152696277	0.719698560773505
DHX8	-0.749737881218596	0.126690699337943	0.719698560773505
RASA3	0.718802763003485	0.23505338719863	0.719698560773505
MDC1	0.0212522200047367	0.942199885363048	0.982941244150426
GSE1	-0.358579661615902	0.214727663825544	0.719698560773505
CBX2	0.0630131254091708	0.833158535954592	0.942400600560694
GOLGB1	-0.4449388645378	0.352375619777896	0.762251782919766
ZNF638	-0.295520080667451	0.453993513023077	0.792638376017627
WTAP	-0.0738031056019466	0.803831304224807	0.935661320228016
SLC39A14	0.309022350256274	0.262541583779128	0.733639697902513
PCOLCE	-2.14103285837436	0.152691942625884	0.719698560773505
EBP	0.138437950513357	0.681014237000586	0.891572306103033
RNPS1	0.802659262640258	0.32104493588233	0.757775552108479
TMED2	-0.124034223652551	0.714423296492902	0.903038194458096
SF3A2	0.304534950455043	0.543593149495379	0.828781941527161
TGFBI	0.671287987874766	0.07949480457596	0.719698560773505
ITSN1	-0.426835785184611	0.398190690042901	0.768889762523474
VAMP3	0.352865577354862	0.387297012384439	0.764368688173611
ATP6AP1	0.13779236076423	0.555150828845458	0.832536642575276
SYPL1	0.409663410503388	0.111279186862733	0.719698560773505
IFI16	-0.317831165126286	0.523531387915433	0.823429325182447
MAN2A1	0.361300081002049	0.387522222255841	0.764368688173611
CYP51A1	0.23673866301349	0.435327089056879	0.78042851246626
KNOP1	-0.825310025643923	0.068543928652017	0.719698560773505
GON4L	0.477499880379309	0.164061317179223	0.719698560773505
ARID4B	0.58606999061638	0.0919693415270936	0.719698560773505
KLHL12	0.995452572125462	0.142323068144766	0.719698560773505
HSD17B12	0.171001113556219	0.536292625731978	0.827801209991475
USP39	0.362094416215314	0.395943333570755	0.767665243893916
ESCO2	1.12094995681116	0.0261676652118574	0.719698560773505
EAPP	-0.0779635960128111	0.805295087550236	0.93586169110102
DNTTIP2	1.16869919617358	0.405397482078065	0.772942596423392
SNAPC4	1.04411331912462	0.108387743411158	0.719698560773505
FKBP15	0.198513145922348	0.400749845794064	0.771118568309261
DCAF12	-0.0311126063868983	0.962206470348511	0.98805994289264
WLS	0.244020887039486	0.550599163890473	0.831512635167983
VPS13D	0.10097492561173	0.780294838196975	0.927022357825464
PRPF38B	-0.501449605964666	0.31442762536295	0.757441594865379
GPR107	0.0436312541952368	0.865504969506545	0.954463493223615
SPTY2D1	0.684233429225099	0.127745246316117	0.719698560773505
ZFYVE26	-0.668577451819726	0.693800183720583	0.897606542933731
VIRMA	1.32922369052358	0.229435651844196	0.719698560773505
VASN	-0.636006735094291	0.0197467856377182	0.661939723305311
LAMTOR1	0.194069823432628	0.49249894707185	0.807364310248307
RPUSD3	0.787722043492959	0.404641954722698	0.772942596423392
PKN3	0.983675405230137	0.562226938856003	0.835727315002271
RSBN1L	-0.404733990309843	0.296549877378882	0.74661131022821
CTR9	0.0582351834305825	0.838294062852083	0.943758123147094
DARS2	0.276162230733227	0.285295920812682	0.740386754307616
MTHFD1L	0.689250536162483	0.0748375973419458	0.719698560773505
ABRAXAS1	0.528781408445987	0.199579526271516	0.719698560773505
ATF7IP	0.365404045583261	0.33694155812117	0.761960099245542
QSOX2	0.316233061939826	0.18672377717803	0.719698560773505
RSRC2	-1.3645345524532	0.0986817859671393	0.719698560773505
HS2ST1	0.236645508673469	0.48626576581634	0.805190836383926
APTX	0.102821057470749	0.925777679569243	0.97563826904149
ATG9A	0.0363101568509876	0.909586190511047	0.971446264096487
RBBP6	0.509787609470724	0.0972579848261763	0.719698560773505
TMED4	0.241719618403572	0.538483686340402	0.827801209991475
FAM83A	1.15668915742246	0.0635811510014952	0.719698560773505
VRK2	0.378768931988002	0.263140788937535	0.733639697902513
GATAD2A	-0.132448939966334	0.596923619544157	0.851833478524015
FMNL3	-0.303675903416345	0.456201364262792	0.793881951553632
CCDC50	-0.0344170816394751	0.938800492880367	0.981907393438202
MFN1	0.186747035985526	0.577571703981851	0.843898305704369
WDFY1	0.390652833879784	0.172467659462189	0.719698560773505
SUGP1	-0.333716162778344	0.621745356566427	0.862246558638636
CCAR1	0.537443437643883	0.203546960193573	0.719698560773505
RBM12B	0.245162682689344	0.403419872296907	0.772942596423392
DHX37	0.209124778827732	0.474644415595981	0.798711743429295
FTSJ3	-0.156313709925445	0.639764389361247	0.872223585024316
SRRM1	-0.179545434866522	0.477680809218994	0.800265712812133
SUPV3L1	0.0695322005979477	0.786327236228118	0.929661522422635
KIAA0319L	0.424164912651818	0.12052453555067	0.719698560773505
PIAS4	0.262145633883698	0.72348695682364	0.907359265303647
AFAP1	-0.711901997270271	0.281120311189723	0.737835795836267
ZGPAT	0.519676151258565	0.24552192605539	0.722578268974008
CPSF7	-0.264506829833508	0.301815562289357	0.750437221977672
PRPF38A	-0.323663765405829	0.274066038432128	0.736533897438297
GOLM1	-0.239299195316757	0.406427954100393	0.773413595117981
POGLUT1	-0.0726025557426624	0.798315145447827	0.933477662162472
HSD17B11	0.191995211517394	0.633640648999258	0.869745573540401
RETREG2	0.520545562251723	0.144224528361084	0.719698560773505
MTMR14	1.18662309653786	0.0163998663209482	0.654652845593486
DAGLB	0.42070287093026	0.235802858993989	0.719698560773505
CHST14	0.234516094836483	0.50110135350823	0.809406333915322
BOD1L1	0.243225938775577	0.596697461275298	0.851787565819191
MCFD2	-1.22579470596406	0.0100695784164607	0.508224354329642
THOC2	0.201854828689129	0.456507647918084	0.793881951553632
ABHD4	0.428582689341692	0.170180467903467	0.719698560773505
SLC35B2	0.208901926729716	0.391999078906755	0.765669580853908
GOLGA5	-0.261133800220527	0.349505747011292	0.762251782919766
WDR20	-0.223719790203628	0.713144258299804	0.903038194458096
PI4K2B	0.0490596841835895	0.863317354636113	0.953503627872602
DMXL2	1.77116720594828	0.0644716398798271	0.719698560773505
RB1CC1	0.0367947559284048	0.923788960088619	0.975406698375423
GPX8	0.0779592273796794	0.812004751329489	0.938046004495603
CACTIN	0.210852994792976	0.700229741805383	0.899152132523209
MITD1	-0.275925000267705	0.329099719720837	0.760480643999333
TRAPPC12	0.525343253041481	0.0809065313391351	0.719698560773505
SREK1	-0.0111073907933523	0.975485213443854	0.991561749370118
ATRIP	-0.472496378266346	0.213439575455761	0.719698560773505
PSPC1	0.148079104825207	0.712010714984599	0.903038194458096
GATAD2B	0.759140573278504	0.340306565924252	0.762251782919766
FAM3C	-0.0767841801367837	0.780919586491715	0.927092917280741
H1-10	-0.192487058327607	0.689284980149814	0.895723689801076
AKAP1	0.0884868760906627	0.861597363888676	0.953503627872602
GOLGA1	-0.752729941482407	0.0244821640514509	0.719698560773505
CELF1	0.631207506909369	0.287327785433108	0.741143873638348
ATP6V0A1	0.0653938505206426	0.798696328113051	0.933477662162472
PTP4A1	0.942041744838278	0.174116728617636	0.719698560773505
YIPF5	0.160435401790995	0.82520034524763	0.940575436866534
ENTR1	0.580254388567358	0.512095490268009	0.817082493098233
THAP11	0.685251692884719	0.0620891584267916	0.719698560773505
RBM33	-1.99545263960022	0.00731385528588085	0.428201847470704
TMA16	0.280702805050744	0.536639410254824	0.827801209991475
BICD1	0.576392765414106	0.1789730089977	0.719698560773505
DDRGK1	-0.293293913557918	0.311400349271552	0.755051681001713
RBM17	0.255615005304861	0.575261246670155	0.8437025217517
TENT5A	0.164921746204399	0.773765476142977	0.922828900829038
CDK5RAP3	0.172560960560695	0.456554455085819	0.793881951553632
VPS39	0.880497672638107	0.0208491926381796	0.668239451636837
SPG11	0.294628627940348	0.421793093340524	0.776623038401188
ZNF830	0.505784879014286	0.109778289338115	0.719698560773505
ANKRD27	-0.120540457825545	0.893656079823739	0.964992195764704
PPP1R10	0.0102445257793562	0.980893517835466	0.993335663472216
UIMC1	-0.536319263743309	0.123875232531338	0.719698560773505
ERGIC2	-0.0365896154816028	0.855737011173759	0.953114491403509
SIN3A	-0.423106055444826	0.376990928865527	0.763903130790551
COL12A1	0.929346266114145	0.427347768327556	0.778622002798637
ACO2	0.085479981911682	0.833918800098196	0.942774832963743
TM9SF2	0.148516318268108	0.543130361036997	0.828677726132837
TCF25	0.287390001766539	0.448679257966546	0.789094057518995
ERP44	0.203372602895396	0.586082856088553	0.847020954124604
YIPF4	-0.252774577372879	0.58384873937491	0.845701093486908
WAC	0.00371659229002219	0.993310926694881	0.997171531576869
DIDO1	0.62413051985018	0.182812657111907	0.719698560773505
LRRC1	0.464830373710242	0.38650169906089	0.764368688173611
PI4K2A	0.263098912736201	0.325059937574991	0.757775552108479
PHF23	0.130364164276287	0.756036576262088	0.916284594640405
NOC4L	1.28267383232767	0.144283685806056	0.719698560773505
SF3B5	0.510816919796383	0.330738013216848	0.760887186232721
LSM14B	0.0626857535643381	0.862580790664318	0.953503627872602
POLDIP3	-0.346779195510013	0.53713282774729	0.827801209991475
HYCC1	-0.168885075589351	0.589740447767433	0.84907615918189
HELZ2	-1.20303065914203	0.0452640684177312	0.719698560773505
DOCK9	-0.112911640397439	0.837491141556005	0.943758123147094
UPF3B	-0.879594432941644	0.0991523255008099	0.719698560773505
REXO4	1.06272683263667	0.0342921836602804	0.719698560773505
POLR1E	-0.0780952537579367	0.862346701914003	0.953503627872602
MFF	-0.0298991343721262	0.893366259969763	0.964992195764704
CLPB	0.151584753841156	0.682306483661067	0.892200050552634
MIS12	0.37291355787611	0.462047570536379	0.794374345416056
LSG1	0.339484274688111	0.550757698143542	0.831512635167983
PARP12	0.135494915959576	0.758176913031718	0.91654580429128
LMAN2L	0.0517979867878609	0.885236036025975	0.963020945609455
METTL9	-0.217720270713379	0.399994168864743	0.77053598759424
VPS11	0.0208094169991782	0.959985471052416	0.987660199219524
TAOK3	-1.0580435933771	0.306537350154362	0.753123125371409
ADNP	1.49958721088054	0.02575002451169	0.719698560773505
KCTD10	-0.694746094724366	0.0199283018400657	0.661939723305311
ST6GALNAC4	0.928348275086474	0.357188720318372	0.763250423050664
ESF1	-0.112363863154293	0.869572424394568	0.955767838677484
TDRD3	-0.285617417798463	0.241578266585846	0.721612359577177
NRDE2	0.657680025224906	0.115589374750393	0.719698560773505
YY1AP1	-0.880022078708478	0.0582683514436909	0.719698560773505
NOL11	-0.0504427850787863	0.886828568489302	0.963651112295502
DDX31	-0.83080382397581	0.32317806670987	0.757775552108479
PAAT	-0.209985696431083	0.45837398175389	0.793972447290465
ECT2	-0.534692923210748	0.286940585677928	0.741143873638348
MEAF6	-0.10210330359612	0.858605897266385	0.953114491403509
TMEM165	0.363674185377949	0.266322404567662	0.733639697902513
CHD8	0.730103098071442	0.282611904441895	0.738889895462418
MRPL47	0.104857419705201	0.759008061794397	0.91654580429128
TM9SF3	0.341130855780207	0.42775313734636	0.778622002798637
HMG20A	0.00653640462111937	0.986785159276852	0.994942281144582
DMAP1	-0.621644665038033	0.125768328176691	0.719698560773505
AAAS	0.0649403748270103	0.832977208326555	0.942400600560694
DROSHA	0.0712508608603244	0.866836449353611	0.954587695711569
SERINC1	0.284739637662	0.403860178703242	0.772942596423392
IMP3	0.616958864441518	0.146040199879738	0.719698560773505
ARL8B	-0.270793131983112	0.255933087618733	0.733073834138196
DDX18	-0.460941464414965	0.309118782785928	0.754804494132166
INTS10	1.91886898905493	0.0390422233464919	0.719698560773505
LYAR	0.542985997599573	0.277175786785779	0.736533897438297
BPNT2	0.0726902429078571	0.75812263655125	0.91654580429128
KCTD5	-0.0537853234872223	0.8573811465366	0.953114491403509
PODXL2	0.404585549235428	0.297198019860648	0.74661131022821
SH3BP4	-0.268593457395731	0.442798994253043	0.784636958742982
HMG20B	-0.417240678397228	0.525958198753687	0.825109843060893
CEP72	1.03397296972597	0.120676483887116	0.719698560773505
RCOR3	0.157627841651738	0.819501523523837	0.940050073960558
RBM27	0.242258413239256	0.27629283559584	0.736533897438297
ASH2L	0.227291882040046	0.748648332231684	0.913967805258979
CTSZ	0.162923661084964	0.790057739112451	0.929816009767561
TJP2	1.86585750002954	0.127905401625465	0.719698560773505
VTI1B	-0.152923284120639	0.612366735993168	0.859813785051731
AFF4	0.948338992408303	0.222647725951576	0.719698560773505
LNPEP	0.741945767451199	0.073049534278833	0.719698560773505
DDX41	0.437106863545985	0.272551892983866	0.736533897438297
PTBP2	-0.0357483741068627	0.89020482920183	0.964056115821889
MAN1B1	-0.0812059760809305	0.770987072885726	0.92220218933294
RALY	0.192336785167157	0.578756788438103	0.843898305704369
TAOK2	0.92235736956907	0.393980062707445	0.766878319543973
TPX2	-0.36861741224152	0.264428399343009	0.733639697902513
TMCO1	-0.107000991501337	0.723862333490931	0.907359265303647
WDR3	0.82087295846561	0.470922204668333	0.798142913144123
SLC12A4	0.612096320659525	0.0517570634282531	0.719698560773505
SCAF8	-0.221448035318971	0.395154577646669	0.767439391061246
ZC3H4	1.30863559835253	0.059175716050746	0.719698560773505
MTMR6	0.1519769837324	0.789223235751969	0.929816009767561
ERGIC3	0.19588554950564	0.692547253059777	0.896578654135258
TRAPPC8	-0.00470458228992499	0.992834714427872	0.997149412409146
POLDIP2	0.0813978135210753	0.77454482530629	0.92318847120519
TMED5	-0.213803694081257	0.481691850661502	0.802697880931557
TMED7	-0.0693353480317036	0.759832036038084	0.91654580429128
CHTOP	-0.840414697371028	0.0212958204449913	0.672733435783863
ATP6V0A2	0.251006542083537	0.36576138358085	0.763250423050664
NCOR2	0.195755669738318	0.435404635945826	0.78042851246626
ADGRG1	0.98043340197745	0.0069490432452924	0.417989710822999
PRSS21	0.0374719721468502	0.906622476619705	0.971130895381778
MAU2	-0.213770568996818	0.629599938518659	0.867453194237663
MORC2	0.238780581020663	0.445851400151865	0.78687037703651
TOR1A	0.131577296190461	0.697127524298954	0.898806246591443
SLC27A2	-0.016345478701556	0.946528928281517	0.984416988177201
SPTLC1	-0.178255693546706	0.389180598299377	0.764368688173611
BCAT2	0.104884105974005	0.714158922994297	0.903038194458096
IDH3B	-0.00767405265357013	0.977230228654157	0.991770591107627
NIPSNAP2	0.162262129144999	0.604124303506802	0.855318170594765
FLOT1	1.65178121551345	0.00865063257285951	0.469137069968986
ATP5MG	0.460250064880086	0.112468392105114	0.719698560773505
CLPX	0.0701945367671435	0.78436700629813	0.928311076023158
GOSR1	0.0514802955632163	0.835839579252718	0.94373144574407
RAB3D	0.539236092490636	0.0687317835068277	0.719698560773505
EGFR	0.352465097680003	0.114872862848196	0.719698560773505
COL3A1	-0.0994449003126654	0.83175404263028	0.942400600560694
ALB	0.631959619271587	0.284183805499198	0.739773051274585
TOP1	1.08125222707125	0.169952521804557	0.719698560773505
MGAT1	2.09697932042821	0.000234539295684714	0.0605801204324458
NDUFS1	0.132359629383217	0.542833456167344	0.828677726132837
PPIF	0.156554652477336	0.636215271728508	0.871783835589989
HADHA	0.554584723157145	0.127963783150406	0.719698560773505
PPP3CC	-0.0389041847267002	0.876295948166818	0.959315758763525
CLK3	-0.115380339599682	0.619776626254302	0.861487548554176
DAP3	0.148946148619107	0.588852344864218	0.848610228089303
ALDH3A2	0.178282859247027	0.432977762970304	0.779670889354083
SEC61A1	-0.166943718635814	0.708071913791703	0.901678664850647
RAP1A	6.16144511661733	0.0411282779224086	0.719698560773505
SEC11A	-0.195785923956269	0.475646968865433	0.798906079727283
CKAP4	0.115005993352479	0.632909459107129	0.869557395162517
LGALS3BP	0.153989506659805	0.527487927776446	0.825837849981217
PRP4K	0.463899704313015	0.172240416938131	0.719698560773505
MPP2	-0.0150760921593225	0.974290079243291	0.991561749370118
PDK3	0.898928863172024	0.210267031646389	0.719698560773505
CLPP	0.118622157256596	0.638320925705075	0.872223585024316
NADK2	0.0872343818788757	0.735255740686309	0.910620665484678
RAB11FIP1	0.00920856848611962	0.970953172666923	0.990529935303759
ZC3H18	0.29455596084027	0.32201016178066	0.757775552108479
RETREG3	0.460143708416471	0.0619598069498165	0.719698560773505
CLASRP	0.440516150385083	0.64387558493949	0.874823205103364
NKAP	0.657743365131914	0.385913375498273	0.764368688173611
EMC1	0.362527025537201	0.127408698874433	0.719698560773505
PPTC7	0.48223317609116	0.472292555897227	0.798191839058937
PNPT1	0.151475138984985	0.544489835274382	0.829193642082763
PNISR	-0.24138405317116	0.660852444060394	0.883080670075834
GLG1	0.356751214063628	0.263595704669634	0.733639697902513
TBRG4	0.0399371780471753	0.892907083721782	0.964816005270571
PTCD3	0.434522356186818	0.208219798727352	0.719698560773505
YTHDC1	0.439419723635684	0.529012619758903	0.826436714021129
CCNL2	0.737275182390054	0.187783076588811	0.719698560773505
PPP1R9B	0.797889385045465	0.144270707285551	0.719698560773505
SORT1	0.0398687050597033	0.938510937717174	0.981907393438202
PIP5K1A	-0.264084926244809	0.270657697589943	0.736533897438297
SRSF8	0.548356311331048	0.409686569161019	0.773413595117981
CCDC106	0.492296774262694	0.182675903923447	0.719698560773505
CHID1	0.358264296827276	0.277753563758264	0.736533897438297
OSBPL8	0.290672201685442	0.415527292402046	0.773921467683185
NSRP1	0.215019290218905	0.686934663976616	0.894831938224887
CPVL	-0.148049917068427	0.653868344821747	0.879906804202358
ANTXR1	0.102877243240677	0.899541442135844	0.967105269629796
SFXN1	0.564211281973304	0.0901171214951554	0.719698560773505
MCCC2	0.280590940207848	0.318673518353984	0.757597571797441
CWC25	0.778531772576414	0.614264596608354	0.859813785051731
MRPL39	0.2092551954591	0.351576704666058	0.762251782919766
PLEK2	-0.27433056274921	0.638238958625602	0.872223585024316
CDK12	0.355326512148302	0.228489217693222	0.719698560773505
DNAJB11	0.264814851139324	0.797178471316111	0.933313017933384
DAXX	0.24097734239297	0.505351207975216	0.811927242670755
PCYOX1	0.247661736236068	0.382857638393752	0.764149040994075
GMEB2	1.20258571263055	0.0366355491275885	0.719698560773505
GPATCH8	0.436949275264539	0.568906753635749	0.840964679564265
CSNK1G3	1.08621744785555	0.130296474864514	0.719698560773505
HACL2	-1.65018992753186	0.141769621509528	0.719698560773505
GTPBP10	0.48067085134781	0.157969382391595	0.719698560773505
TPP1	-0.276153318492412	0.388388472995459	0.764368688173611
LAMA5	0.630695162714154	0.554078186760212	0.832415731126997
SPTLC2	-0.05691524750128	0.837190047151675	0.943758123147094
TIMM44	0.358783930823186	0.137443363217797	0.719698560773505
GTPBP6	-0.12976773126373	0.656224345271021	0.880894245912096
CCNT2	1.06446728214354	0.301526912365917	0.750214261280839
PMPCB	0.189018111799207	0.480473057399264	0.8021076201534
ERAL1	0.168455409993047	0.63935545838199	0.872223585024316
MICAL2	-0.309032421528986	0.330379345346821	0.760721397702094
ERLIN2	0.346032986701548	0.313185698080995	0.756279361460267
GLS	0.28675841158471	0.306641198412514	0.753123125371409
MFN2	-0.267328212735219	0.421752730028462	0.776623038401188
STBD1	-0.0309378113252059	0.914273129989642	0.97205164982676
VAPB	-0.710771291839315	0.317488769141472	0.757441594865379
ETHE1	0.432814361138448	0.120124737785568	0.719698560773505
C3	0.451617477433835	0.263315095510765	0.733639697902513
TGFB1	0.291826081901092	0.38487074025715	0.764368688173611
ALDH2	0.276321656897746	0.382320917991167	0.764119777377885
ATXN1L	-0.0481355736338926	0.948216890757919	0.985214444468108
IFI30	0.389458269278911	0.662013494889931	0.883569199224953
TRIM27	1.06084325306556	0.0541420468900317	0.719698560773505
ATF7	-1.54874380936365	0.233222662993972	0.719698560773505
SDC1	0.45841432612281	0.187086108282777	0.719698560773505
ATP2B4	0.19785310121582	0.720866314721385	0.906709821810828
IVD	0.063519893387042	0.771200545281321	0.922206316538747
AK4	0.16449155159431	0.580564710610939	0.843898305704369
PYCR1	0.158005480504407	0.675947255056608	0.88789521565938
SGSH	0.514283250429621	0.210981863954256	0.719698560773505
SUCLG1	0.0214075774689064	0.930776442626874	0.978123805076748
SEC61B	0.0539504904489299	0.885907072504456	0.963114126112173
TMEM258	0.579230665919546	0.0674238493935519	0.719698560773505
DAD1	0.449905516571736	0.147902709338872	0.719698560773505
RBM6	-0.29991822064849	0.734159114276913	0.910620665484678
MRPS35	0.337686677036668	0.359518781020034	0.763250423050664
MRPS9	-0.0394252861082691	0.895386467147264	0.965506399949217
OGDH	0.260355896087038	0.35027349523961	0.762251782919766
SPOCK1	0.0826847287355363	0.867767369592889	0.954678172957631
ASPH	0.399810102687322	0.191976314909504	0.719698560773505
CDK13	0.96587536272915	0.285843292574945	0.740573087905782
NID2	-0.256994739090942	0.352397052770411	0.762251782919766
MLEC	0.440743231496555	0.139235094412317	0.719698560773505
SEMA3A	0.754585749942958	0.145478213889345	0.719698560773505
LBR	0.307424170779182	0.281059640316615	0.737835795836267
TMEM41B	0.548866687542787	0.536473975338587	0.827801209991475
NOM1	0.741912611337909	0.0396317179184262	0.719698560773505
MEST	-0.293589676577398	0.238108096739015	0.719698560773505
AARS2	-0.105338252969588	0.732130901416657	0.910506445723248
ZC3H13	0.189017009938983	0.699410390518051	0.899152132523209
MPP7	0.759418696262333	0.223710465985451	0.719698560773505
IBA57	0.761113881980144	0.260253113095154	0.733639697902513
ACBD5	-0.31886107289202	0.359906349587515	0.763250423050664
IKBIP	0.381882791886873	0.155398970526461	0.719698560773505
TRMT10C	0.489604255099593	0.313097420905302	0.756279361460267
PHF5A	0.734259808088151	0.107761410506903	0.719698560773505
GPR180	0.3369856700192	0.342532215860909	0.762251782919766
C2CD5	-0.0567661875305809	0.880868986582959	0.961445617719555
CBR4	0.222247323130123	0.485663412922327	0.805190836383926
MMGT1	-0.30590200005711	0.365862257624424	0.763250423050664
CISD2	0.0361144234731654	0.891252635832173	0.964151348593021
ARL14EP	-0.437720293515895	0.392262003303154	0.765669580853908
PHC3	0.067341514841015	0.954653120838109	0.987486891307452
SNIP1	1.54485632168566	0.0551681825949318	0.719698560773505
ZCCHC10	0.608854846200266	0.263253008388673	0.733639697902513
SPRYD4	0.428922297969642	0.263584223594269	0.733639697902513
AHCTF1	-1.2081995768939	0.158836624120906	0.719698560773505
PXDN	0.503396903608465	0.060284833078754	0.719698560773505
P3H4	-0.435710635199968	0.146792224514592	0.719698560773505
NCLN	0.334659917384293	0.214496020696007	0.719698560773505
CCDC47	0.301424943309438	0.397389474544064	0.768884063547655
MRPL24	0.541535440940386	0.0916921669858508	0.719698560773505
PYCR2	0.0648484971890468	0.781443300310233	0.927383116665469
MRRF	0.955733421821119	0.125390243792918	0.719698560773505
MARS2	0.401418545657876	0.220695246027877	0.719698560773505
TMEM41A	0.878132034594806	0.0551229804951217	0.719698560773505
SUCLG2	0.254158094237397	0.320211950267728	0.757775552108479
TMX3	0.117265930336508	0.65538610901643	0.880061285838271
DNAJC1	0.217193421002111	0.518777910727916	0.821712394091035
B3GALT6	0.21946185833292	0.54668551291422	0.829473423360864
PIGS	-0.14051624092512	0.523115755940503	0.823429325182447
SDF2	0.142462214472381	0.591036748040669	0.849491311610876
NEU1	0.552423810840622	0.0737484361996229	0.719698560773505
MRPL45	-0.0601653128862019	0.792256051016643	0.931404637219299
PRXL2A	-0.0263220912189901	0.924967053184228	0.975625830058118
MMTAG2	-0.12803394704892	0.80837579425297	0.937346438324807
FUNDC2	-0.152294500246011	0.654286663570986	0.879960419593283
HDHD5	0.111664899291107	0.727386533975341	0.908922672363609
MRPL13	0.589878194963028	0.0814875221390019	0.719698560773505
SETD2	-0.586377342279047	0.252957300182264	0.730162652662184
RAB33B	0.257369450276329	0.461514564313362	0.794374345416056
SIL1	0.275107351567783	0.525867842997382	0.825109843060893
SMOC1	0.654338428513881	0.322552136640554	0.757775552108479
TFB2M	-0.00693322380904249	0.977680897324006	0.991770591107627
CCDC134	0.372192493462109	0.366743205617414	0.763250423050664
RIOX1	3.2596511086396	0.00106362459077187	0.133439302230837
NT5DC2	0.21316613835755	0.39691986765528	0.768463465112141
TMT1A	0.345116590080522	0.149873237037073	0.719698560773505
BRD9	-0.115502144359652	0.899709639361812	0.967105269629796
L2HGDH	0.483034134202107	0.0961606833130862	0.719698560773505
CARS2	0.165091076645432	0.611305719566292	0.859242260742427
MRPS30	0.00835477244486071	0.975161157462528	0.991561749370118
UTP3	0.604568063024264	0.218994739463161	0.719698560773505
IARS2	-0.232615572296993	0.368434399667511	0.763250423050664
DECR2	0.591415200025395	0.18964777309436	0.719698560773505
ABHD10	0.298458419867593	0.27221292717093	0.736533897438297
OXSM	0.464169700994255	0.289491826299153	0.741586500373763
CHCHD3	-0.0248646380295447	0.926089798534486	0.97563826904149
FKBP11	0.33674044498877	0.252405400811099	0.730162652662184
FASTKD2	0.295012808798035	0.370029045455545	0.763250423050664
HACD3	-0.733113038370647	0.0888010562689779	0.719698560773505
XPR1	0.248291894045913	0.481266037005109	0.802384928903552
NIPSNAP3A	0.323100452245299	0.32331894253526	0.757775552108479
SEC63	0.194105669215553	0.452904885561042	0.792312889441648
FNDC3A	0.188227129128855	0.697629907702486	0.898853557723479
MRPS17	0.155261200141197	0.538923282586883	0.827801209991475
ACOT9	0.226713880204397	0.46083433736909	0.794374345416056
MRPS2	0.202138524987944	0.650557700757199	0.878412934816993
MRPS23	0.200599573161064	0.425458147073444	0.778622002798637
TMED3	0.18682385851389	0.783906211421324	0.928311076023158
TBL2	0.179846725359852	0.595861616710264	0.85114780708353
SRPRB	0.0267277922275362	0.94016918092606	0.982456657174282
ALG5	-0.122877783365681	0.582652846000319	0.845202724409449
NDUFS3	0.0731113178953571	0.759720641696668	0.91654580429128
TNFRSF1A	0.466419149606232	0.231975283005616	0.719698560773505
UQCRC2	-0.22460952901945	0.335962525417812	0.761960099245542
CLK2	0.4794591810508	0.527360152306198	0.825837849981217
MRPS34	-0.126475752034867	0.679838871514226	0.890564583776541
SRSF4	0.345110929759102	0.1653964727483	0.719698560773505
NCSTN	0.424469799824447	0.159804509862012	0.719698560773505
MRPL1	0.144894981636149	0.554591134684848	0.832415731126997
MRPL16	0.0718101631589469	0.822833134592971	0.940441611280674
SLC25A13	0.158620287976301	0.521447937098004	0.822847326804431
STRIP2	2.75870438746241	0.0104380507435503	0.520835009260563
VDAC3	0.0697908253192168	0.80170463134168	0.934500305530339
VWA8	0.322672461669026	0.244776069773972	0.722578268974008
NUDT19	0.00599801681689982	0.978394552603001	0.991948852569794
SLC35A4	-0.156457267097007	0.631020453815709	0.86832165539012
HAX1	-0.0819994170144298	0.689712419644951	0.896013974751769
NDUFS8	-0.0774782175280819	0.756691221038298	0.916335121781348
TNFRSF10A	0.279314381090845	0.358501883333256	0.763250423050664
MANBA	-0.0187449431786888	0.957143907085979	0.987591289815579
AGRN	-0.141832926793068	0.601390672885398	0.854162175162129
RNASET2	-0.314716224734056	0.363509569620989	0.763250423050664
MAN2B1	0.464141788808988	0.220632821036711	0.719698560773505
NDUFAB1	-0.468546234454863	0.0718977516522055	0.719698560773505
TOR1B	-0.528194413128347	0.62757587719109	0.866840414201345
ACOT8	0.357343690796576	0.240002432502317	0.719698560773505
UQCRQ	0.188079363981942	0.482658040990509	0.803697936287192
RAB29	-0.35666833252624	0.33774695734804	0.761960099245542
NPC1	0.333456222705721	0.262614630433934	0.733639697902513
GNPAT	0.239373351598722	0.51762864148362	0.820544175001652
ACOX3	0.531727989890587	0.274372246909974	0.736533897438297
TM9SF1	0.546373761608969	0.188869034354161	0.719698560773505
TAPBP	-0.255974323585132	0.374112093802103	0.76372044421367
GPAA1	0.534271841595935	0.0868438238023073	0.719698560773505
TGOLN2	0.204285058052253	0.794629184872267	0.931948918475994
TRIAP1	0.663732517613205	0.277031134264186	0.736533897438297
GATC	0.0508662735402012	0.856453707806037	0.953114491403509
KDELR3	0.485926380141915	0.36068951623369	0.763250423050664
NDUFS5	0.13964255343565	0.619678467431825	0.861487548554176
OPA1	0.035571442112218	0.863386568986897	0.953503627872602
NRP2	0.677350293138623	0.38692654046267	0.764368688173611
B4GALT3	0.563758811656122	0.15996823961122	0.719698560773505
PRAF2	0.151351880362181	0.580799368015058	0.843898305704369
ABCB7	0.496625618393097	0.440747661961116	0.782897647116206
COQ9	0.16006599795643	0.675136188827076	0.88789521565938
NDUFS2	0.359500500405169	0.312412223893505	0.756230471398226
MPDU1	-0.135249903337815	0.58638217623272	0.847020954124604
LRCH4	1.69280903891807	0.0672661747700709	0.719698560773505
CLN5	0.0875311949492819	0.777202505312368	0.925020248764967
CRTAP	0.0332539628369339	0.904244949038058	0.970010010122367
ATRN	-0.409008032461767	0.203571497097433	0.719698560773505
ATP5PD	-0.299298135062063	0.361575997633378	0.763250423050664
ENDOD1	0.315282172244761	0.288656102520127	0.741221605944956
UBL3	-0.314744410829171	0.31322395836116	0.756279361460267
RTN3	0.140713509357216	0.791238925882926	0.930707239097758
LETM1	0.0113246343850051	0.968087618344465	0.989675185830921
SGPL1	0.531342380633212	0.231197810139303	0.719698560773505
CTDNEP1	0.0710583641923321	0.889901528151567	0.964056115821889
TOMM40	0.207605498456907	0.404322705386147	0.772942596423392
CYB5A	-0.446432486394649	0.119805045952221	0.719698560773505
MT-CO2	0.112218959509384	0.638414585340081	0.872223585024316
MBP	0.679609047310112	0.153121516513442	0.719698560773505
FUCA1	0.457768993341805	0.0982391186694664	0.719698560773505
SLC4A2	-0.168282658354528	0.532537313912464	0.827112064562533
APP	0.117221246678852	0.718363222103662	0.905117046845675
PCCB	-0.00111146724463751	0.995983863823323	0.998257280540564
SERPINE2	-0.0765139396397601	0.8195198549581	0.940050073960558
GUSB	-0.114570505552525	0.712323651183987	0.903038194458096
CYC1	0.0119025929620591	0.962265625793976	0.98805994289264
MET	-0.149699117504042	0.542535192390289	0.828677726132837
CFH	0.309354712920054	0.55862355672253	0.83404149526305
COX6C	0.187075723816466	0.811474583931427	0.938046004495603
GATD3	0.00383155504606947	0.990090212553588	0.996901197735108
ACP2	-0.00394910622001277	0.99217354844287	0.997149412409146
COX4I1	-0.0352024760122802	0.895053472793363	0.965506399949217
BMP1	0.0817866141217927	0.922982444493677	0.975116164245017
CYBA	-0.185956575942203	0.735169781480179	0.910620665484678
COX7A2	0.0843215851576211	0.763921125692285	0.918329038267639
PVR	0.0315209772654086	0.907512420694357	0.971130895381778
ARSA	0.464298835226188	0.243686847736642	0.722578268974008
ARSB	1.27033148570316	0.189402317287137	0.719698560773505
TIMP2	0.901540168205695	0.412229213134761	0.773628861376872
SMPD1	0.424785493583016	0.436669014683304	0.781023887362276
ENG	0.210126525982741	0.416253864208753	0.774098319099502
PAM	0.200048722630832	0.589963871934399	0.84907615918189
CDH2	-0.743480726674957	0.0273133473471126	0.719698560773505
NDUFV2	-0.291140963431516	0.26561271866003	0.733639697902513
IL11	0.762382778824232	0.352569658644966	0.762251782919766
COL5A1	2.42085064081069	0.0424136977439501	0.719698560773505
BGN	0.406725674381093	0.539285000903532	0.827801209991475
COMT	-0.205066938763547	0.468752011635911	0.797058736185607
MMUT	0.0838776083108712	0.729032686922158	0.909955720349805
ENPP1	0.104944851891631	0.874554699243313	0.95839066792985
GAL	-0.317574476218752	0.615555377026923	0.860154553747921
CPT2	-0.113919722903031	0.608034642473213	0.8574296530874
ATP5PB	0.386974256498931	0.238817699113757	0.719698560773505
CTSS	2.5414810743907	0.0590877762353905	0.719698560773505
GRN	-0.417628957303528	0.188550483913316	0.719698560773505
EPHB2	0.967121005317999	0.0358689205439877	0.719698560773505
ATP5F1D	-0.315391770059499	0.381497471683715	0.763903130790551
UQCRC1	0.28212680128253	0.501890875774553	0.810221630708112
ABCC1	-0.13790648497816	0.810151189238149	0.937724460792339
GALNS	0.220258018249801	0.313293591094563	0.756279361460267
PTGS2	0.0731332166599898	0.866697061587498	0.954587695711569
FBN1	0.151781525566168	0.556566008063229	0.832952800080534
HMGCL	0.289110759644622	0.305329453501312	0.752463071951504
ATP5F1C	0.38881507276432	0.137744610795697	0.719698560773505
CPOX	0.192072353437915	0.539198419057508	0.827801209991475
SREBF1	0.295294837379735	0.438952502089086	0.782830714619884
GGCX	0.561130920711538	0.0819991095623779	0.719698560773505
COL18A1	1.71020137590202	0.000448533225592729	0.0895231542535306
ECE1	0.466060643079683	0.122789880175969	0.719698560773505
SLC1A4	0.438474271618251	0.158096312410847	0.719698560773505
GPD2	0.0591649056754022	0.788448710786023	0.929718667100545
STT3A	0.0818084588910466	0.808410603948086	0.937346438324807
UQCRFS1	-0.262731924797404	0.335862402035916	0.761960099245542
ATP5PO	0.232906148247245	0.362370772413973	0.763250423050664
MRPL19	0.041728231476263	0.889003890663607	0.964056115821889
NDUFV1	0.0242671804648396	0.93094651960899	0.978123805076748
GNAQ	-0.367198927551392	0.687947310631585	0.894831938224887
SLC26A2	1.12139489778336	0.0422604112271809	0.719698560773505
BCAM	0.236064393392535	0.366795438564276	0.763250423050664
RAB27A	1.79246672138071	0.0826299797537605	0.719698560773505
LUM	-0.42351433261474	0.523451780174353	0.823429325182447
NDUFA8	-0.486686913001527	0.17644100906296	0.719698560773505
MRPL12	0.0790547347069257	0.743345798826605	0.911726868319775
HCCS	-0.0097791461125496	0.969734083468238	0.990486708655277
CACNA2D1	-0.363707205373561	0.244841405869198	0.722578268974008
EPHB4	-0.0914823033976475	0.794210731103671	0.931707005149939
SLC12A2	0.0255687121643682	0.904388467942348	0.970010010122367
HADHB	0.181749167281509	0.440244202904588	0.782830714619884
GFER	-0.0083266306898615	0.976741598906074	0.991770591107627
ATP5MF	0.313898894921778	0.214517317022051	0.719698560773505
ITGA1	0.109726152218645	0.687460152782794	0.894831938224887
ATP5ME	-0.034622006396507	0.899614618637948	0.967105269629796
HSD17B7	0.279795892121143	0.486488565002631	0.805190836383926
CD81	0.0429515788282195	0.879778629479492	0.960914386796849
B2M	-1.28490879759927	0.0504574979131594	0.719698560773505
NPC2	0.304061816573579	0.42483499349926	0.778243828308407
TIMM10	-0.0217261475602513	0.946359573640474	0.984416988177201
CXADR	0.0735543007541324	0.737270070212674	0.910620665484678
ADAM17	0.128254663235712	0.6310212713163	0.86832165539012
NUCB2	-0.732848771314274	0.0497912569569553	0.719698560773505
MRPS22	0.162055918775152	0.588342037854964	0.848610228089303
MRPS25	0.288017119210874	0.408734667154255	0.773413595117981
LACTB	0.529615722727527	0.249133453631354	0.726873750760981
CBX1	-0.670849241298345	0.15105141432669	0.719698560773505
MXRA7	-0.55337836752734	0.133205493496999	0.719698560773505
HSPG2	0.407325841959302	0.459801330663003	0.794374345416056
TFAM	0.240582881506242	0.324193747814508	0.757775552108479
CDC42EP1	-1.00327621687642	0.304811603032419	0.752458158567079
ALDH6A1	-0.122292025949232	0.605475238452989	0.856245337213228
SLC25A11	-0.147687030072042	0.516907533742319	0.819696995544429
PLAUR	0.408595549898465	0.115243694940456	0.719698560773505
KDSR	0.0672505630556479	0.904646241360031	0.970010010122367
LRP1	0.389168355247698	0.368349845703421	0.763250423050664
HYAL1	-0.64312307294658	0.323321792325857	0.757775552108479
EFEMP1	0.470687398791881	0.538728595996052	0.827801209991475
STX4	0.0721863529096787	0.828383155320462	0.94160767150198
PTPRJ	-0.416706201506937	0.498838883514975	0.809406333915322
BNIP1	0.281985362901608	0.214003893887682	0.719698560773505
DNAJC3	0.156683629531123	0.679195156569613	0.889998632885093
MRPL49	-0.0123735811663721	0.964576695269234	0.989024627033409
MSLN	-0.172144205041914	0.717544364697789	0.905117046845675
NNT	0.266424328920245	0.284668164133002	0.739773051274585
SLC39A6	-0.494477010930829	0.239114908628973	0.719698560773505
OS9	0.271985630108293	0.296717339648786	0.74661131022821
ADAM9	-0.286125351421632	0.230460500027985	0.719698560773505
ADAM15	0.250436247746222	0.438871947418496	0.782830714619884
MTX1	0.332134317988835	0.236840408923209	0.719698560773505
ASAH1	-0.187712387795539	0.502288460878024	0.810565465533041
MTMR3	-0.167878050026459	0.60774791364815	0.8574296530874
LAMB3	0.256929010548404	0.456743992487791	0.793881951553632
ARFRP1	0.135558557112816	0.621385409022019	0.862246558638636
SCARB2	0.220235393291876	0.394652186497759	0.767408857824745
FLOT2	-0.735948492171314	0.403557883410209	0.772942596423392
RCN2	-0.881301937451362	0.0465525588216724	0.719698560773505
GNA13	0.0982617206374528	0.753426594420161	0.916019561061795
FAT1	0.100763119527361	0.920311144681473	0.974460148612575
SQLE	0.188770128624629	0.578947443282424	0.843898305704369
BLTP2	0.306648009116827	0.551321684866731	0.831908425515401
MESD	1.73486846785999	0.0375543576385332	0.719698560773505
SLMAP	0.231689247899755	0.500482869033294	0.809406333915322
HERPUD1	0.549556938375517	0.545628345557416	0.829315038423785
PON2	0.437362903366029	0.33437917166791	0.761150307306269
PTPRK	0.236834736837817	0.413863450150975	0.773637466842458
EPHA7	0.0993136315285454	0.697431392836573	0.898853557723479
RAB30	0.151150538980794	0.673204964752592	0.887700600669258
DECR1	0.432748024847303	0.137885150942708	0.719698560773505
TST	-0.0533766665212561	0.874796127775641	0.95839066792985
PCK2	0.348938857324789	0.221129775354113	0.719698560773505
UGT8	0.411687838764351	0.208038653477581	0.719698560773505
IMMT	0.104352905141546	0.710013380398488	0.903038194458096
LY6K	0.520470650887518	0.560557561076461	0.834728332210064
ALG11	-0.609187038621133	0.595661261658783	0.851138496564828
PGS1	0.202925535712904	0.41934862151319	0.776289965035589
HSDL1	0.20824746807109	0.488769526294	0.805423904108404
TIMM50	0.0762879243043066	0.812636086386666	0.938528420653301
CRTC2	-0.480127320159006	0.320568199413076	0.757775552108479
GPAT3	0.713857708208682	0.199592533865383	0.719698560773505
TMEM97	0.264576486097774	0.493115235774856	0.807364310248307
YIF1B	0.532330221761587	0.0988683266600609	0.719698560773505
PIGG	-0.084780753101672	0.751413916277395	0.915722643488009
CT83	-0.236499202684133	0.572970497395949	0.84237636419669
MIA3	-0.463943296296531	0.277646413335342	0.736533897438297
PITRM1	0.430915383432492	0.0707753449161653	0.719698560773505
PPP1R15B	0.40963393741275	0.275533431572785	0.736533897438297
ODR4	1.66720821994913	0.0785792824901997	0.719698560773505
TPRG1L	0.798351493343443	0.0940724262048178	0.719698560773505
THEM4	0.0204444712228522	0.954552108068255	0.987486891307452
ZFYVE27	0.432164034542936	0.432041442341308	0.778975036187558
MTARC1	-0.274076053484201	0.347633912471016	0.762251782919766
CDKAL1	0.0458581832010729	0.817837225048706	0.939898228673803
LPCAT4	0.21770390342083	0.420893186241824	0.776556466602792
STEAP3	0.200597365632298	0.617832776641424	0.861218865145936
MBLAC2	0.044846124551249	0.882496163266646	0.962421994173563
TTC19	-0.0935385186756292	0.69670537530386	0.898806246591443
MCTP2	0.388166088965868	0.2145604361057	0.719698560773505
DHRS7B	0.507091123407569	0.0618398510256175	0.719698560773505
ACAD10	1.36805469691674	0.111138895136038	0.719698560773505
FSTL4	0.0928566919614511	0.866290731524095	0.954587695711569
SLC25A24	0.0600269028591605	0.846555035402884	0.94942776096727
RETSAT	0.0703355874030471	0.752166098980408	0.915907193739038
TMEM214	0.314013684067646	0.415777896211486	0.773921467683185
TCTN3	-0.693125806003124	0.317484311804741	0.757441594865379
SLC27A4	0.0054199717526906	0.984189728438709	0.994474947186226
FDX2	-0.178547612969261	0.456637290980965	0.793881951553632
NCEH1	0.125278825123438	0.585052022173723	0.846445940482642
TXNDC11	0.261488326956531	0.325393166807815	0.757775552108479
CYP20A1	0.14037269658013	0.617936212690761	0.861218865145936
TMEM205	0.0344522455293941	0.903227991749898	0.969700271827335
LCLAT1	0.06749998863652	0.860000051762055	0.953162843659111
TMT1B	0.379405896540515	0.306215252984566	0.753123125371409
SEZ6L2	0.123828741519112	0.718974977192897	0.905287996126617
CD109	0.577202445605089	0.163932386760434	0.719698560773505
ACAD11	0.634998102254428	0.261895529334382	0.733639697902513
GDPD3	0.357893055033102	0.24471427677418	0.722578268974008
LPCAT2	1.31795907863332	0.131572687510823	0.719698560773505
ERMP1	0.235279889231485	0.407618385145466	0.773413595117981
MRPL21	0.264601367986742	0.364867775191401	0.763250423050664
LYSMD3	-0.0711448995437074	0.831118175588325	0.942400600560694
P4HA3	0.769097475769211	0.0437443747101226	0.719698560773505
GALNT7	0.124365148379031	0.57762246961026	0.843898305704369
ADGRG6	0.041599634172222	0.866516887586399	0.954587695711569
DHDDS	0.310656963147615	0.286159662389905	0.740876814595563
GALNT10	0.102100036737639	0.883983728058336	0.962783267099857
GLRX5	-0.112109276351699	0.665971728917639	0.885609285789628
GPAT4	-0.0778388103458596	0.86305786085608	0.953503627872602
TRABD2A	0.205059797681781	0.639685199315366	0.872223585024316
LONP2	0.548292692186546	0.244628686679609	0.722578268974008
OSTM1	0.385841404058574	0.412670211564704	0.773628861376872
TMEM126B	-0.0118640955811422	0.958474376703083	0.987660199219524
P3H2	-0.234558341230077	0.67464451475442	0.88789521565938
P3H3	0.308722165370433	0.322455719513431	0.757775552108479
ITPRIP	0.285915406159059	0.366305714673379	0.763250423050664
TEX2	-0.396587972518521	0.730062493825483	0.910506445723248
TMEM192	-0.230251063520338	0.490911890817603	0.806997351450716
THNSL1	0.496791004436041	0.206349296435506	0.719698560773505
MICU2	0.238773973473076	0.444475196182036	0.785704744941756
CHPF	-0.681124871634761	0.232501709340268	0.719698560773505
ELMOD2	0.189818580379779	0.546362651323773	0.829315038423785
RDH10	-0.101983522542746	0.764740681714712	0.918329038267639
VKORC1L1	-0.601888406548333	0.126363025336459	0.719698560773505
GHDC	0.802311773090395	0.0598500331998979	0.719698560773505
ABHD12	0.105913715113136	0.836514441323604	0.943758123147094
SDR16C5	0.724726006598292	0.0450397147927967	0.719698560773505
PTGR3	0.299797926011415	0.246700248020185	0.725074155995067
CHCHD4	-0.769073814126937	0.125833980906254	0.719698560773505
DHRSX	0.467808305743908	0.253213622992698	0.730162652662184
ATPAF2	-0.110144588113311	0.841762526927623	0.945763971286013
FAM241A	0.473672699521874	0.131829745104359	0.719698560773505
GDPD1	4.52748272220232	0.00314575382863821	0.269654544154049
XXYLT1	0.223492411617542	0.380846891955368	0.763903130790551
SUMF1	-0.654888444690947	0.0243489647210897	0.719698560773505
UBAC2	0.0151197995951655	0.961331149538775	0.98805994289264
TMEM87A	-0.185562392535079	0.556474618251269	0.832952800080534
RDH13	0.125739391022307	0.629328422983498	0.867453194237663
TTC13	1.31955907549721	0.0439582681392681	0.719698560773505
UXS1	0.419154029427272	0.287877468113948	0.741143873638348
KCT2	0.100254333538423	0.732489258890141	0.910506445723248
PLA2G15	0.0115465550662641	0.964407133428454	0.989024627033409
PDPR	0.300601877678659	0.296868538325101	0.74661131022821
DIPK2A	1.07660986606539	0.170088376935793	0.719698560773505
PDZD8	-0.0510729499407923	0.858374664558923	0.953114491403509
ABHD11	1.06782133717373	0.131467354886865	0.719698560773505
GRPEL2	0.13311529532578	0.580216878290563	0.843898305704369
VANGL1	1.72685487511233	0.000818708690261012	0.108937874513215
DNAJB14	0.392506300297761	0.367591597197839	0.763250423050664
STT3B	0.661709362080128	0.150761802548284	0.719698560773505
NUP210	-0.120157132877203	0.678176846182252	0.889980433827336
USP33	-0.21882709298573	0.471953437164609	0.798191839058937
ABHD3	-0.237513063645459	0.654526446420783	0.879983351571849
TSKU	0.475060863551864	0.316102206725225	0.757441594865379
CHPT1	0.615130154657663	0.0835463994798586	0.719698560773505
SLC38A5	-0.482496642247181	0.179533852938961	0.719698560773505
THEM6	0.309346917353118	0.252463692271091	0.730162652662184
NUDT8	0.241148210679292	0.46370815085457	0.795632046569778
DCAKD	0.153411526950968	0.570128205630257	0.842015531587218
TFB1M	0.075340520953759	0.793685740978771	0.931688598155869
FAR1	0.299490172429913	0.745391443626068	0.912436063520135
SLC44A1	0.00307274271340674	0.994616966710107	0.99768366971855
BRI3BP	0.00311361588984127	0.994957137257465	0.99768366971855
PIGB	-0.665048881508504	0.156594297225108	0.719698560773505
CCT6B	0.944074743632175	0.428972856847585	0.778622002798637
TM9SF4	0.0945949752897874	0.792839465384114	0.931591675809912
UBXN4	0.373002778772562	0.176719517605476	0.719698560773505
PIGK	0.0634538425133613	0.85658887016328	0.953114491403509
NECTIN2	0.41675625511597	0.325148568225108	0.757775552108479
GCDH	0.0731174359043507	0.833603970659699	0.942661610910826
PIGT	0.0191384798894489	0.956798497301607	0.987591289815579
GTPBP3	0.565534925189535	0.0177580043224298	0.661939723305311
FAM162A	0.448586217319047	0.148058032239194	0.719698560773505
ADIPOR1	0.0577489482366857	0.851234857458534	0.950845143500489
ISOC2	-0.0389363240307361	0.850493623142087	0.950845143500489
PNPLA2	1.27876793213601	0.308590448825021	0.754804494132166
TTC17	0.449532166894997	0.409266711433521	0.773413595117981
TOMM6	-0.62722589327911	0.150699942670451	0.719698560773505
ARL8A	0.0686330626616645	0.8485540116388	0.950025666778677
COA7	-0.222871449507224	0.566110395663504	0.838943890434845
TIMCC	-0.381827656320546	0.192435270848905	0.719698560773505
FAF2	0.493267967661499	0.0914697502212023	0.719698560773505
FAM241B	-0.371817278640286	0.324313609638525	0.757775552108479
RSPRY1	0.84027089225609	0.122431782631291	0.719698560773505
ERLEC1	0.56734086832699	0.0710976779838748	0.719698560773505
NUS1	0.532890827473935	0.109892213870531	0.719698560773505
C1GALT1C1	0.343857941771397	0.440092713512752	0.782830714619884
SMIM12	0.129687381261185	0.577424610547996	0.843898305704369
DNAJA3	0.0203637120437072	0.951890714223427	0.986675333459204
MMAB	0.478666857990078	0.109070715811947	0.719698560773505
ALG14	0.56984649246251	0.329235642050269	0.760480643999333
CERS2	0.0676107999822726	0.84758752516322	0.94942776096727
REEP6	0.368031196835034	0.537701326682468	0.827801209991475
HPDL	-0.351703928144975	0.400096117448159	0.77053598759424
ATP5MK	0.180021793977676	0.487887602464772	0.805423904108404
TXNDC15	0.445206667496905	0.245187675759416	0.722578268974008
SLC35E1	0.180743361320733	0.479382963692606	0.8021076201534
DHRS1	0.0762438838296973	0.82995313841682	0.942172758735331
TMEM68	-0.224705025150417	0.6181561398425	0.861218865145936
MBOAT7	0.0245197109734754	0.934892238896164	0.979696765582747
MIA2	0.404754515745182	0.142061055310954	0.719698560773505
TMEM237	0.0609581626277311	0.801196873403955	0.934410483696352
SLC38A2	0.39902773784468	0.243264561741167	0.722578268974008
VPS13A	0.718826391005706	0.00975799571260943	0.498225106675209
CLCC1	-0.196652161277449	0.650926403318147	0.878640589292955
MYADM	0.353699374948373	0.145560616124766	0.719698560773505
CYP2S1	0.305221268975551	0.380707035116675	0.763903130790551
CDK5RAP1	0.0753513741899781	0.73342665565704	0.910506445723248
YME1L1	0.209023351836986	0.446437540248071	0.787525939630665
SERPINI1	-0.0490163585326755	0.87972612433852	0.960914386796849
PKMYT1	0.48175963639143	0.207732749510584	0.719698560773505
OSMR	0.255420876034275	0.323240512430365	0.757775552108479
CGREF1	0.89336399205845	0.531588037262231	0.827112064562533
SIGMAR1	0.478247412899126	0.187807985434401	0.719698560773505
MIPEP	0.0987901177215527	0.694115183136558	0.897749563815207
SLC29A1	-0.0166119977614514	0.941022020599019	0.982861880641235
CIB1	0.277744262023006	0.427364905170733	0.778622002798637
RNF5	0.0760813582245135	0.827023551323066	0.940835292243953
SEMA3C	0.46894753053374	0.346431727538244	0.762251782919766
ADPGK	0.379329426605715	0.157787582049371	0.719698560773505
PRADC1	0.717849172360005	0.214676050701273	0.719698560773505
ALG1	0.234547957317119	0.521551398975182	0.822847326804431
INPP5K	-0.0971074775680023	0.920703075788157	0.974640117113259
NDC1	0.943967176947755	0.114642554230409	0.719698560773505
FUCA2	0.275771379538121	0.227460958051742	0.719698560773505
DHRS4	0.555773312801566	0.461916183486643	0.794374345416056
LMF2	1.04442930204082	0.504287227835122	0.811557844091068
ISCA1	0.0395558681801447	0.867105643555038	0.954587695711569
DERL1	0.198844671326235	0.60396823465489	0.855318170594765
ABHD6	0.432407447453496	0.347049323032024	0.762251782919766
TMEM109	-0.00620765380154609	0.983928483074215	0.994474947186226
BCL2L13	-0.241477018533978	0.352565763488995	0.762251782919766
TMEM59	0.208016351308228	0.724915440777721	0.907838051662589
PECR	1.44444799033987	0.00167843710173824	0.193947824045595
MRPL20	0.32647116543529	0.230873974565299	0.719698560773505
MRPL37	0.0530970380893905	0.882714683908445	0.962421994173563
EDEM3	0.294004824092429	0.576239656872602	0.843898305704369
SELENOI	0.0556701799623625	0.832904934006003	0.942400600560694
LNPK	0.148712259323773	0.602367399174962	0.854749551431227
TTYH3	1.13928599978611	0.294290430930255	0.745265496210758
SLIRP	0.35357425149255	0.500745539631856	0.809406333915322
SLC22A4	0.112491161852457	0.792675725594528	0.931591675809912
RAB6C	0.558583776013471	0.140366108904052	0.719698560773505
MAGT1	0.093599390366883	0.817242242313952	0.939892793609367
UNC93B1	0.0718411561651067	0.741219008311446	0.910895529086187
TMX4	-0.0538309971955613	0.800894901073022	0.934306458717227
SLC38A1	0.473165717090843	0.130484841317183	0.719698560773505
SPNS1	-0.228802805975672	0.306985942322557	0.753123125371409
MRPL46	0.11025986134409	0.623156226991976	0.862363376212344
TOR3A	0.274425559040061	0.656407645781002	0.880894245912096
TRABD	-0.175574602103826	0.583445019047041	0.845513887338467
ALG2	0.111490277683416	0.858692992027392	0.953114491403509
POMK	0.329102109033808	0.253188854315541	0.730162652662184
RETREG1	-0.655227079411361	0.237355554268411	0.719698560773505
ACAD9	0.310409698311123	0.1943373170024	0.719698560773505
MRPL44	0.00549827824625027	0.985109996643279	0.994852344816154
SIAE	0.775927706641799	0.213107743853807	0.719698560773505
ZFYVE1	1.05054957342814	0.0134156078024227	0.60110136592284
RDH14	0.796918480083125	0.129020567392616	0.719698560773505
SDF2L1	0.209571428082192	0.611508099480775	0.859242260742427
PREB	-0.253733199768053	0.381492691835613	0.763903130790551
TXNRD2	0.513031795953477	0.233678497227524	0.719698560773505
ABCB6	0.466256102349973	0.122179138272533	0.719698560773505
PNPLA8	0.699322672426653	0.0983400104994676	0.719698560773505
SARS2	0.0659728169170428	0.784789994582541	0.928311076023158
CD320	-0.473272748197406	0.154581786278561	0.719698560773505
GPR108	0.257007048765942	0.348550336578545	0.762251782919766
SDR39U1	0.616368342473201	0.165365247676213	0.719698560773505
GLRX2	0.690226625905275	0.359993198129913	0.763250423050664
TOMM22	-0.288715317490411	0.387064499221985	0.764368688173611
SACM1L	0.322479108259209	0.19873223520705	0.719698560773505
TMEM106B	0.439197773224841	0.262833679275457	0.733639697902513
UFSP2	0.114960859058478	0.641902741672982	0.87354615700817
SPTLC3	1.01347707883498	0.11224272914491	0.719698560773505
TYW1	0.977651896468004	0.243029850571865	0.722578268974008
TMEM30A	0.782208408645239	0.103519986090488	0.719698560773505
ATAD3A	0.096655085192463	0.697146696249823	0.898806246591443
FKBP14	-1.14164792970532	0.245513293751841	0.722578268974008
MRPL22	0.207792527883353	0.423355197692858	0.778067578369402
SDHAF2	-0.0893661240459416	0.743602558340549	0.911726868319775
SMPD4	1.34317315660312	0.000766565729351386	0.108937874513215
P4HTM	0.350991833842293	0.431052256265296	0.778720484969041
TOR4A	1.27640670681579	0.233406680937664	0.719698560773505
QPCTL	0.342092788009282	0.309840531789101	0.754804494132166
DNAJB12	0.185349800780241	0.509812286291926	0.814327300512131
SLC39A1	0.00856149523844607	0.983095476870592	0.994354445300766
MTMR4	0.116954163393991	0.861814106727494	0.953503627872602
UGGT2	0.204719074296889	0.412815664248473	0.773628861376872
ERAP1	0.659815608506349	0.540074754825296	0.828007696053016
GDE1	0.545095629271735	0.641318113432197	0.873457765533739
MTCH1	0.0453312544488362	0.895727741908216	0.965506399949217
NDUFAF4	0.898836266435893	0.0562919107946128	0.719698560773505
NDUFA13	0.320919890046333	0.212914592861206	0.719698560773505
PDP1	-0.50600981305552	0.481321316951026	0.802384928903552
TMEM14C	-0.0138566590765095	0.955997489531997	0.987591289815579
CHPF2	0.0290817135433485	0.942061278442519	0.982941244150426
STX18	0.235464818045926	0.506136272132765	0.812138597779938
DPM3	0.299771409301464	0.470851519936126	0.798142913144123
MRC2	0.0164937202231137	0.962428490809952	0.98805994289264
TNFRSF10D	-0.370054785584273	0.159288171542914	0.719698560773505
AMACR	0.329035946580866	0.231871797820769	0.719698560773505
BCAP29	-0.344030377812537	0.315650449725196	0.757441594865379
ADGRE2	-0.11993390267352	0.699412555924832	0.899152132523209
AK3	0.113240937656606	0.660687507790368	0.883080670075834
PLXNA1	-0.366018112712773	0.169105488560092	0.719698560773505
HACL1	-1.3713577178122	0.0554266099875648	0.719698560773505
STOML2	0.023055813544822	0.933173055885059	0.978639333267565
RAB23	0.656504705777973	0.171195684781153	0.719698560773505
PPT2	-0.0312019087868336	0.926864021025225	0.975985591444068
NFU1	-0.215918747359037	0.468138056041107	0.797058736185607
HIGD1A	0.117987541428029	0.705266621926824	0.901288049150374
SLC5A6	0.185390713114774	0.457311491491336	0.793972447290465
MAN2B2	2.64950981011327	0.0486594937256547	0.719698560773505
YARS2	1.87136284296339	0.00686252674172142	0.417989710822999
DHRS7	1.19818187323175	0.125537388047664	0.719698560773505
MRPL11	0.130549269196724	0.702204530290652	0.899988547133378
TIMM10B	0.520584656810026	0.22311105379184	0.719698560773505
TIMM8B	-0.554977273136174	0.0723113762082125	0.719698560773505
TIMM13	-0.0114530008862488	0.977637765984957	0.991770591107627
FADS3	0.458302049553303	0.113145508180798	0.719698560773505
IER3IP1	0.58163807034126	0.110417232450565	0.719698560773505
SNX14	0.450998189610441	0.328863128003009	0.760480643999333
SNX13	0.550588581336473	0.325684258519881	0.757775552108479
AUP1	0.228640197147612	0.369758841809591	0.763250423050664
FKBP7	-0.93232923994352	0.26937186322441	0.736533897438297
MTCH2	0.139750361667403	0.552450324733966	0.832415731126997
TEX264	0.125224768351064	0.6925973115069	0.896578654135258
CEPT1	0.287330466164605	0.341208429360302	0.762251782919766
SLC4A7	0.271070742008451	0.263603169916212	0.733639697902513
COX11	0.241626937696864	0.428821484455745	0.778622002798637
LAMC3	-0.145841687200551	0.744333901333202	0.911784759768627
MMP24OS	-0.736724115773256	0.128017748809958	0.719698560773505
PEDS1	-0.296576141373297	0.462714868148995	0.794595614408384
RAB27B	0.726014189116814	0.409969036747682	0.773413595117981
LGALS8	-0.00827753559816813	0.982361341272039	0.994134281983296
PDHX	0.241632511088589	0.432101806286916	0.778975036187558
ADAM10	0.645324577825651	0.0373500851803394	0.719698560773505
CLGN	0.177183292280379	0.629414315906574	0.867453194237663
FAM20B	0.133395985255035	0.501201508065534	0.809406333915322
LRP5	1.50783896770866	0.133398824888027	0.719698560773505
GCAT	0.465016222756731	0.26742821200517	0.735762706086905
FARS2	-0.0288878495163871	0.91887209395562	0.973741425070896
ICAM1	0.0288690260259301	0.931537304627417	0.978325832245633
YES1	-0.302177302359908	0.500339236344798	0.809406333915322
STS	0.290726695862929	0.486332480225936	0.805190836383926
RAP2A	0.902939506195651	0.309805338989706	0.754804494132166
COX6B1	-0.317340930207262	0.380071814821404	0.763903130790551
IFNGR1	-0.246408071656582	0.464146700468252	0.795632046569778
ACADS	0.39792909240677	0.264632975625005	0.733639697902513
CD36	0.234098740469204	0.360519298866972	0.763250423050664
PTPRA	0.42883617679967	0.25684933941115	0.733639697902513
NT5E	0.119763665516992	0.7036668986935	0.900029522913824
SDHB	0.467742517916626	0.167132375957803	0.719698560773505
FECH	-0.13728105982586	0.688112442508225	0.894831938224887
GCSH	-0.222371292387329	0.472443769008011	0.798191839058937
CTNNA2	-0.625040966932801	0.25221595244702	0.730162652662184
PTPRM	1.05636184842223	0.118371861385539	0.719698560773505
AXL	-0.183843027042698	0.63672944856007	0.871783835589989
ACADSB	-0.543063952081283	0.410374423773795	0.773413595117981
GLIPR1	0.362657592091757	0.13890365640755	0.719698560773505
CD151	0.0165888793785243	0.968492452321367	0.989675185830921
HARS2	0.0770498137641553	0.772309535242045	0.922620895154452
IDH3G	0.440728636334782	0.112977854084006	0.719698560773505
ALDH5A1	0.552669516062988	0.0783776259442076	0.719698560773505
CLDN12	0.211164646801556	0.462405107466053	0.794374345416056
SLC35A2	0.226449227574285	0.4279751627901	0.778622002798637
ROR2	0.629049986206383	0.211723690123653	0.719698560773505
CLN3	0.392171958599889	0.41676075354936	0.774110181402386
TPBG	0.179252956612498	0.676211799943291	0.88789521565938
EFR3A	0.00331192323461238	0.991399252959128	0.997076069570209
ENDOG	-0.119201081158835	0.711570877997836	0.903038194458096
PDIA5	-0.277691642804008	0.376462595220346	0.763903130790551
NBR1	-0.2376882693898	0.377537859491101	0.763903130790551
FXN	0.123562482124136	0.663158787241805	0.883940546111223
ALDH1L2	0.404122471806296	0.27150677535469	0.736533897438297
ACSF3	0.516957128133797	0.0664384909951471	0.719698560773505
NHLRC3	-0.495935143808047	0.491255732276876	0.806997351450716
SLC27A3	0.83792090947717	0.208210502037706	0.719698560773505
RARS2	0.0958067538848013	0.763742205611653	0.918329038267639
ATAD3B	0.759756531141534	0.26500198940509	0.733639697902513
CD276	0.179447302180805	0.548420850811771	0.831244720716081
REEP3	0.84085375334525	0.244422451615221	0.722578268974008
GOLM2	-0.0618864272349455	0.82701578256091	0.940835292243953
PPP1R3F	-0.13287226972292	0.669759079077792	0.886991272741167
LRP10	0.448545032987045	0.264361333779259	0.733639697902513
MRPL10	0.218214320108846	0.412751091274742	0.773628861376872
PIP4P1	-0.00912497107517396	0.971140439493286	0.990529935303759
SLITRK4	0.135003634317943	0.641979833446906	0.87354615700817
KIAA2013	0.38472158117218	0.483516962956445	0.804605642123555
TMEM123	-0.220089593774034	0.468365609098664	0.797058736185607
STK11IP	0.0717398094753534	0.799947802078971	0.933945971531178
SLC15A4	0.076659611986063	0.787538798598307	0.929718667100545
RNF149	0.0887144135503277	0.77033989350651	0.922143171864291
MCU	0.174916258401904	0.610859299558035	0.859242260742427
GLMP	0.024356944012041	0.967126075635494	0.989675185830921
MAIP1	0.135915713565193	0.762993273038222	0.917891359427625
RTN4IP1	0.190951298095747	0.622213226834367	0.862246558638636
MRPS27	-0.0259975117608633	0.929800372804869	0.977905014846989
RAB8B	0.0668340419177937	0.823827553314546	0.940441611280674
GFM2	0.234794228497641	0.34811915818509	0.762251782919766
YIPF6	-0.0387442355855327	0.908552181600631	0.971340458452447
PGAM5	-0.142435053365269	0.652967484333067	0.879503136106287
DHTKD1	0.258366653699706	0.439412132865581	0.782830714619884
FBXL20	0.36668502881486	0.473363187386753	0.798396217616752
SLC49A4	0.0448915184531558	0.902400533378692	0.969285895808669
MICU1	-0.0125195066194763	0.970678619398687	0.990529820539074
AGMAT	0.186737449716858	0.634533146443787	0.870426443622202
TACO1	0.368311427429198	0.415563855275835	0.773921467683185
NDUFAF3	-0.344368179341782	0.203714009758993	0.719698560773505
MCOLN1	0.906143065489907	0.178545250711697	0.719698560773505
MTFR1L	0.130904349299787	0.65531312939865	0.880061285838271
TMEM126A	0.0821745256618627	0.791833383144581	0.931157039471841
XYLT2	-0.619725979093559	0.300317671975319	0.749258464570241
MFSD1	0.146650567949319	0.661411796823653	0.883559233298649
CHST12	-0.450400537123961	0.629094602479959	0.867453194237663
OTULINL	0.554736952016249	0.288322329329039	0.741143873638348
RAB20	0.271329197072784	0.428477496740963	0.778622002798637
CMTM6	-0.209233710970615	0.470427343320471	0.798142913144123
TENM3	0.590626488723636	0.458849804548142	0.794374345416056
SUCLA2	0.334251508146899	0.195669980826216	0.719698560773505
EXTL2	1.97620453375528	0.198903805505453	0.719698560773505
LAMTOR3	0.36385407336498	0.202992120460073	0.719698560773505
NOCT	0.691123125078782	0.222386652207049	0.719698560773505
PTRH2	0.44373098407252	0.226768893544575	0.719698560773505
PLXND1	-0.0277509642344107	0.95181775033482	0.986675333459204
DTNA	-0.270954139373444	0.553760850866231	0.832415731126997
F11R	0.263464197904256	0.373654573191323	0.76372044421367
SLC12A7	0.534466000896018	0.11793198352062	0.719698560773505
NFS1	0.360421224233402	0.536739295425784	0.827801209991475
NBAS	0.136684130034986	0.637462722955071	0.872223585024316
TMEM131L	-0.37274031129391	0.132327905826596	0.719698560773505
METTL15	0.0714498093407556	0.77850716491999	0.925649867631647
AGPAT2	0.692832566039908	0.0978372389909822	0.719698560773505
SCAMP2	0.237441004950977	0.391792504157687	0.765625672343749
ABCC4	0.334472682119515	0.147685104228165	0.719698560773505
KCNN4	-0.00752079223746094	0.986288661874541	0.994942281144582
PLXNB1	-0.125773321274899	0.843578438360562	0.947353688706197
RNF13	-0.0790750101434874	0.809316761103594	0.937654326650628
TSPAN6	0.840739212456253	0.260825202627459	0.733639697902513
MGRN1	0.0609395556249197	0.924718266175855	0.975597767125944
TSPAN3	0.666685871299713	0.138840830811663	0.719698560773505
SLC19A2	0.203076306760281	0.649710590817034	0.878112135933992
SMPD2	0.894409456814373	0.130986126026564	0.719698560773505
TRMU	0.452159078612709	0.21764945863217	0.719698560773505
GATB	0.340825247726521	0.409335313612477	0.773413595117981
ECEL1	0.148532347205112	0.47366283145171	0.798396217616752
TMEM50A	0.26853459126319	0.531505013865546	0.827112064562533
CD63	-0.355871812082583	0.196937801960889	0.719698560773505
MRPL3	-0.0724054237415857	0.841440443384445	0.945678266419528
FURIN	0.764595148631546	0.324702385266353	0.757775552108479
COX5B	-0.229404286670512	0.39663250117121	0.768463465112141
CD46	-0.36346793549037	0.240773670183621	0.719698560773505
GJA1	0.680305753506847	0.142765204156702	0.719698560773505
FDXR	-0.370256496427377	0.208905674737163	0.719698560773505
EPHA2	0.544276790126382	0.133459946090358	0.719698560773505
ALDH4A1	0.318973676673664	0.277092202743321	0.736533897438297
SDC4	-0.798440213461507	0.0947356646949887	0.719698560773505
SOAT1	0.0944418988739777	0.754275551577824	0.916019561061795
TGFBR1	0.656627619927416	0.154876820515923	0.719698560773505
IL6ST	0.117234363541399	0.908099170220356	0.971130895381778
PNPLA4	0.314538945423838	0.371456650890292	0.763250423050664
NES	-0.554214654289432	0.290632481351003	0.741586500373763
PPOX	0.19437334983694	0.610107754333345	0.858648445281319
EPHA5	0.650776632770143	0.0841832289364337	0.719698560773505
NDUFA6	0.205128870479061	0.464862076986257	0.795793130622477
UBE2G2	-0.110425041951576	0.681441082764057	0.891865214431289
CNTNAP1	0.792214028550148	0.134592330374871	0.719698560773505
ARG2	0.14059278643774	0.652356393693809	0.878949654712954
MRPS5	0.697058966380382	0.0531246329918835	0.719698560773505
MRPS15	0.175469595397921	0.524438512904064	0.823903223671465
MRPS21	0.0786939612598552	0.788054746900894	0.929718667100545
IFITM2	0.608001145565311	0.265047951655498	0.733639697902513
PDE3B	0.526344814833184	0.219933116072932	0.719698560773505
TCIRG1	0.457454156643642	0.253087560513415	0.730162652662184
PEX6	-0.412464236858394	0.47267874946859	0.798281688044838
NCOA4	-0.348407984791784	0.651554604098771	0.878949654712954
SLC29A2	-0.0565738149118289	0.911503903934907	0.971459621887907
SPCS2	0.126366932731031	0.712181485985273	0.903038194458096
LARS2	0.331997903255289	0.327313616571541	0.758246471923973
MTX3	0.249466433618721	0.291985705754369	0.742381573840203
EARS2	0.206182638282613	0.425245567655938	0.778622002798637
MRPL2	0.147444092555016	0.494237136403427	0.807364310248307
NDUFAF5	0.50220341141047	0.131255176748917	0.719698560773505
ZDHHC20	0.355250513106572	0.354321478015697	0.763250423050664
SLC61A1	0.257502058982162	0.532044682966436	0.827112064562533
SLC18B1	0.188587747370228	0.494187082657075	0.807364310248307
MFSD12	0.0599659160627795	0.824542017097149	0.940441611280674
C8orf82	0.267791130165957	0.488831806125621	0.805423904108404
MAVS	-0.443225158689174	0.183497416996121	0.719698560773505
GOLGA7	0.483248323470889	0.215175705334057	0.719698560773505
CMC1	0.631204353211206	0.438133912234446	0.782687554361861
ADCK1	-0.361615450985322	0.475546117597986	0.798906079727283
PDSS2	0.285314542511269	0.339186665447334	0.761960099245542
SLC35F2	0.17134838538718	0.580202473662348	0.843898305704369
PNPLA6	0.355108105784527	0.148747720280134	0.719698560773505
ORMDL1	-0.325394018825719	0.316289439637159	0.757441594865379
SLC39A11	0.302541890304735	0.458135346160346	0.793972447290465
UBE2J2	0.159777135223408	0.578494122035505	0.843898305704369
JAGN1	0.269128636857882	0.309903049127162	0.754804494132166
ATP11C	-0.95540707798159	0.388013998582893	0.764368688173611
SLC43A3	0.263354806416224	0.607904856855105	0.8574296530874
LEMD2	0.416770543310641	0.238322602927851	0.719698560773505
GPRC5A	-0.0621101078801907	0.81019857469872	0.937724460792339
MFSD8	0.486535153059986	0.427387564240578	0.778622002798637
COQ8A	0.281046247573578	0.263620981785445	0.733639697902513
GADD45GIP1	-0.00949877628891471	0.972780098573515	0.991062044741602
CD99L2	-0.17139104461906	0.585636999439114	0.84673429849758
GPT2	-0.0772678593441469	0.789118121389527	0.929816009767561
SCFD2	0.166770447704906	0.674955341728764	0.88789521565938
CANT1	-0.140000976884263	0.579124829657837	0.843898305704369
CLEC2B	0.577490255994928	0.221301576855012	0.719698560773505
SLC7A6	0.0718302717385662	0.83255683894309	0.942400600560694
LPGAT1	0.508224674640047	0.0825313139304059	0.719698560773505
MRPS31	-0.0286319235572527	0.921961380934342	0.974964211515971
TAMM41	0.329094600962307	0.344967764781093	0.762251782919766
FOXRED1	0.487298688954763	0.0886270574904648	0.719698560773505
MRPL38	0.112668917215995	0.678653739340243	0.889998632885093
BSCL2	-0.0392634220173349	0.918967083920245	0.973741425070896
MRPL48	0.228481803554946	0.44312776040883	0.784641875291625
FMC1	0.512863885072449	0.165156120436673	0.719698560773505
NARS2	-0.0748022849103336	0.743992010194672	0.911769164600838
KIRREL1	1.44958858328026	0.00274242166050575	0.251211579258271
SLC71A1	0.572640675078382	0.527738785481051	0.825837849981217
MCEE	1.44774712321333	0.0856785621109192	0.719698560773505
PANX1	0.670847988552097	0.0654050346518817	0.719698560773505
SEC62	0.284900131867769	0.405531277428983	0.772942596423392
PKP2	-0.0686215684147413	0.915500955134909	0.97241526221514
NIPSNAP1	0.095709093625409	0.730668342278338	0.910506445723248
MGME1	0.379652464300143	0.161579237039823	0.719698560773505
UQCC2	0.12730095375564	0.552690908863659	0.832415731126997
ALKBH7	0.226191349520789	0.491945146005696	0.807364310248307
HINT2	-0.349546221953737	0.226610855280019	0.719698560773505
RAB11FIP5	0.478445776904536	0.23870299376626	0.719698560773505
MRPL9	0.476908644579723	0.126647041978336	0.719698560773505
MRPL4	0.507493978651297	0.134759133536791	0.719698560773505
MRPS26	0.313962855319083	0.277060920371541	0.736533897438297
ZDHHC5	0.290928330636419	0.318220709673042	0.757597571797441
QRSL1	0.286049405562061	0.325972449853732	0.757775552108479
CYSTM1	-0.161849597512397	0.569197683367113	0.840964679564265
GHITM	-0.161290862356072	0.513244596734677	0.81747719468993
OSGEPL1	-0.014604039639373	0.961204975541281	0.98805994289264
RHOF	-0.0903023016506594	0.826529669423279	0.940835292243953
EPB41L5	0.209353604572996	0.688120197650852	0.894831938224887
XPNPEP3	0.0259235610405959	0.906486174923709	0.971130895381778
NECTIN3	0.118594479683903	0.684476836819761	0.893707341800646
CMC2	-0.049585532534568	0.906789896025806	0.971130895381778
CDC42SE2	0.235742968366861	0.646931349452226	0.876251322220021
DDX28	0.0720441943244445	0.82405760019516	0.940441611280674
NDFIP2	-0.321632065260278	0.184923955759796	0.719698560773505
UQCC1	0.104709716564482	0.731311954572227	0.910506445723248
CLN6	0.343157733522368	0.373389043501027	0.76372044421367
OCIAD1	0.165597308667031	0.60338241855122	0.855318170594765
ELOVL5	0.023640609343726	0.923014411760752	0.975116164245017
CISD1	0.153459985729405	0.624019519102858	0.863285982476575
CNIH4	0.0780221870099425	0.78678439396055	0.929693577885401
MRPL15	0.179769756635466	0.520248328711644	0.822618081156943
ADAM22	0.16282913770377	0.675161087342347	0.88789521565938
MRPL27	0.258989883235717	0.531053637691371	0.826899476277592
SLC2A6	0.672212737768501	0.395983096656734	0.767665243893916
AFG3L2	0.452559880655549	0.161058604638528	0.719698560773505
TIMM22	0.225488837279457	0.393450608664969	0.766878319543973
PEX16	0.609276399257862	0.0923184947818992	0.719698560773505
MRPS18B	0.0773016920588638	0.784139254772013	0.928311076023158
NDUFA10	-0.792535713547817	0.0601565963980331	0.719698560773505
C6orf47	0.164610919366798	0.669600708339152	0.886991272741167
MT-ATP6	-0.66101072495313	0.211613620468293	0.719698560773505
IGF1R	0.560592404064067	0.135722030067209	0.719698560773505
ATF6	0.201342291587522	0.64489632581125	0.87495575119736
KDELR2	0.467894411761502	0.326338776824672	0.757775552108479
PIGA	-0.0616510658369691	0.953938502212097	0.987479041215043
TMBIM6	0.492127749669109	0.206467881388681	0.719698560773505
KGD4	-0.0439948446425902	0.832965611664919	0.942400600560694
KCTD2	0.272818938193183	0.548260925333898	0.831244720716081
TOMM20	-0.0242109683006895	0.907538871838166	0.971130895381778
MSMO1	-0.170361825464404	0.562635761170434	0.835769156731859
IGFBP7	-0.403356598035341	0.223566642598339	0.719698560773505
AGK	-0.58985093273737	0.468754835616682	0.797058736185607
EMC4	-0.464826669325547	0.466888551494424	0.797058736185607
ASPHD1	0.508560603016186	0.317570024173802	0.757441594865379
FAT4	0.713546710085225	0.168564984512057	0.719698560773505
DNAJC14	0.155005295246717	0.634467196573333	0.870426443622202
AADAT	-0.0144859549060428	0.965214152393996	0.989145174386086
LMF1	0.133908795663668	0.689068975399838	0.895708073114473
CADM1	-0.0214493333507946	0.932941929610035	0.978639333267565
CLMP	-0.0177881189345079	0.96231267800785	0.98805994289264
GPRC5C	1.14848129271092	0.102753355016676	0.719698560773505
RAB6B	-0.216716330002178	0.570584139736884	0.842015531587218
RASSF1	-0.0939701631292955	0.911896374343616	0.971642072250137
CELSR1	0.550197348080744	0.106370796868949	0.719698560773505
TIMM9	0.047519812354512	0.847243514280438	0.94942776096727
PXMP4	-0.442636232742167	0.385916879429665	0.764368688173611
SMIM26	0.349909953991492	0.560419675711699	0.834728332210064
PIGBOS1	-0.114518458046067	0.773201592957562	0.922828900829038
C1orf226	0.245120925661986	0.546361270412817	0.829315038423785
FAM234B	0.243758437030841	0.568958833255121	0.840964679564265
C15orf61	0.331211891036123	0.569119345217596	0.840964679564265
CYSRT1	-0.368911198515637	0.499222859417635	0.809406333915322
HACD1	-0.000278029250331713	0.9995307511322	0.999754450247319
SMIM1	0.635707568361092	0.369808327810369	0.763250423050664
GPHRA	0.702048241341036	0.201250269564256	0.719698560773505
TK2	0.225959558286522	0.490408073913738	0.806510057136787
GET1	1.03484778740203	0.215049893703129	0.719698560773505
SLC33A1	0.363678926011925	0.733834587998645	0.910506445723248
POLRMT	0.138712348851854	0.661738200966978	0.883569199224953
BTN3A1	-0.0637694663227961	0.802190662299163	0.934500305530339
COXFA4	0.100765498978006	0.773701453097837	0.922828900829038
PODXL	0.219359787871031	0.444872896144156	0.785775095321395
NME4	-1.29763120115924	0.124465714147512	0.719698560773505
PLPP1	-0.222563632865768	0.578167114538748	0.843898305704369
PLPP3	-0.0860233264821915	0.807560370309515	0.937346438324807
C2CD2L	0.381604301454395	0.301006501087196	0.750124600609466
NEMP1	0.356301736252821	0.33167023511256	0.760945685974322
COX7A2L	-0.0602844679289305	0.820639610946486	0.940441611280674
EI24	0.896595923946261	0.0521600565818119	0.719698560773505
CDIPT	0.312595851399792	0.209326966881338	0.719698560773505
BCKDK	0.929876884597618	0.0713837460484238	0.719698560773505
TIMM23	0.00897760776739176	0.97526309440359	0.991561749370118
UQCR11	0.242041778663008	0.47367058172658	0.798396217616752
PRORP	0.359777479589667	0.164061842104137	0.719698560773505
DEGS1	1.84067184452351	0.163710502336268	0.719698560773505
BET1	-0.478665833484065	0.55410501604078	0.832415731126997
CTDSPL	0.53502942561607	0.0962706245663652	0.719698560773505
MRPS12	0.407641423689835	0.185693148067752	0.719698560773505
NDUFA1	-0.202463445308069	0.696842715682823	0.898806246591443
ABCC5	0.777638272557674	0.408393462589961	0.773413595117981
CLDN3	0.00933106052317711	0.974337401354665	0.991561749370118
NDUFS4	0.0949993986417788	0.814602516805562	0.939053728396624
LYRM1	-0.650774878673907	0.202364716790024	0.719698560773505
EMC8	0.136249240351788	0.631830211785047	0.868618177817201
SGCE	0.879558842707496	0.12438900437684	0.719698560773505
NDUFB5	0.0403157388721098	0.883078618657546	0.962421994173563
NDUFB3	0.322159114269308	0.44234758233881	0.784470207612971
NDUFA2	0.159015971020445	0.464426774945892	0.795632046569778
PLPP2	0.159785552887996	0.699166313144596	0.899152132523209
SLC25A20	0.413835957681947	0.121422731007332	0.719698560773505
SLC25A17	0.631091754060741	0.239220336805632	0.719698560773505
SCO2	0.0870408509024756	0.808057452623816	0.937346438324807
SLC37A4	0.295722828928525	0.602470931833215	0.854749551431227
EXTL3	0.443755461266743	0.814789006583878	0.939053728396624
BNIP3L	-0.0943082764316898	0.741562877090065	0.910895529086187
ADCY3	0.286519905454782	0.435980674352024	0.78042851246626
MARCHF6	0.876545382092708	0.133844063558617	0.719698560773505
MAN1A2	0.639354999305567	0.254507218681736	0.731391296994522
ADCY9	0.291422194269778	0.414213171608117	0.77370775385462
TPST1	0.490866460340317	0.348632005061436	0.762251782919766
PEX10	1.31024503817182	0.276926651527222	0.736533897438297
ICMT	0.99535184373536	0.207409074237904	0.719698560773505
MRPS14	0.676375607339711	0.0584861135509164	0.719698560773505
TIMM17B	0.0354769424712842	0.897215504762316	0.965544043917555
IGSF3	0.00240020675034813	0.994853895335773	0.99768366971855
EFCAB14	0.195122096784715	0.566320922468883	0.838972729608929
FKTN	0.628841594361969	0.429365901325015	0.778622002798637
LRP4	-1.44701152529176	0.32992654274735	0.760646698422774
ATP9A	0.178450482148271	0.560015127631429	0.834711560100142
PTCD1	0.902240844949535	0.299799750626688	0.74889680937801
NDUFS7	0.243401737855514	0.388932792858071	0.764368688173611
NDUFS6	-0.0946506078873668	0.778101263128269	0.925417834885219
PEX14	0.0749839683240054	0.757413398694471	0.916451428401054
MRPL33	0.27219677973212	0.486988416169672	0.805423904108404
NME6	0.26039337566149	0.403032954306079	0.772942596423392
MTX2	0.366219546026255	0.381511597101301	0.763903130790551
MTRF1	-0.424692450734426	0.334112495870518	0.761150307306269
LRP6	0.110570554268541	0.706260176321829	0.901678664850647
STK16	0.176934956339778	0.699898331451804	0.899152132523209
SLC25A12	-0.133413873960709	0.829896347916234	0.942172758735331
B3GALNT1	0.125026049473096	0.622070198358339	0.862246558638636
PALM	0.557448166809028	0.298857529769101	0.748592933951011
SCO1	0.204887483698169	0.82368270778267	0.940441611280674
C1QL1	-1.30821835561276	0.0901349029356112	0.719698560773505
WFS1	0.0782892609320243	0.741201624220022	0.910895529086187
SLC22A5	0.325069288184697	0.428771075185231	0.778622002798637
JTB	0.270614324955329	0.512329905919718	0.817082493098233
TMCC1	0.585669883123504	0.398783598702597	0.769357988533877
TMEM63A	-0.088341725038461	0.836839707090411	0.943758123147094
GLCE	0.0801205949372346	0.800415691221446	0.934243833108286
RHOBTB3	-0.505372415889099	0.390424729439239	0.7646543206814
CLSTN1	1.02779380770126	0.140195183809088	0.719698560773505
SLITRK5	0.822741547396589	0.0691770812685071	0.719698560773505
NDUFB6	0.101898830210754	0.748253582159139	0.913967805258979
ZFPL1	-0.158984834011662	0.712061408864469	0.903038194458096
NDUFA3	-0.452209602823771	0.451654484542086	0.790773025476809
NDUFB4	0.210766414076957	0.356382255647133	0.763250423050664
NDUFB8	-0.171634061730142	0.520753155627575	0.82282371585487
NDUFB2	0.724459992677765	0.14658830086693	0.719698560773505
NDUFA7	-0.228835364195838	0.376073173260625	0.763903130790551
SLC25A14	0.465130635386863	0.160191371801205	0.719698560773505
NDUFC2	0.362744750865048	0.496948944183433	0.809406333915322
PIGN	-0.913184796648682	0.254654064021432	0.731391296994522
SFT2D2	1.13286019284512	0.0830144510265574	0.719698560773505
MPC2	0.67442902703138	0.0363248970961937	0.719698560773505
STARD3NL	0.282754079756558	0.539550686175268	0.827801209991475
MLYCD	0.420321788227046	0.421827817487322	0.776623038401188
ABHD16A	-0.0467480997386431	0.856664208736713	0.953114491403509
TRUB2	0.146796156024926	0.607852337169197	0.8574296530874
NDUFB10	0.225953167617238	0.386447217229738	0.764368688173611
PEX11B	-1.21297107038616	0.265352025816965	0.733639697902513
MT-CYB	-0.157655460612993	0.683257201278865	0.893177246447007
MT-CO1	0.297316473456863	0.676022102753961	0.88789521565938
HRAS	0.404379058653316	0.180340607311728	0.719698560773505
HLA-H	-0.0843510772039231	0.83258355901104	0.942400600560694
COL4A1	0.217080124773311	0.394005349326168	0.766878319543973
MT-ND1	-0.495623398257028	0.141754704624187	0.719698560773505
MT-ND3	0.354853489548294	0.406922766604714	0.773413595117981
MT-ND4	0.701832094483205	0.163350505470523	0.719698560773505
MT-ND5	0.378456901360352	0.365657648321794	0.763250423050664
MT-ATP8	-0.512584823219441	0.0976588978191977	0.719698560773505
HMGCR	0.814366666518428	0.30000216071417	0.74889680937801
PRNP	0.428223118703059	0.376142285529332	0.763903130790551
ITGB2	0.469810096561758	0.376812057434114	0.763903130790551
PCCA	0.38656313982009	0.580797986668542	0.843898305704369
INSR	-0.410274547944383	0.228513457544752	0.719698560773505
UQCRH	-0.793036634019394	0.105116158498605	0.719698560773505
ABCB1	-0.50646818473021	0.172940943692239	0.719698560773505
FDX1	-0.563682439857246	0.0198260736314623	0.661939723305311
SRGN	0.315285795831322	0.449615276243216	0.790039821122411
SLC2A3	0.349398854654158	0.388442021795928	0.764368688173611
DBT	0.0753463921193784	0.748345926837147	0.913967805258979
COX6A1	0.100295849050248	0.674951036338353	0.88789521565938
SLC25A4	0.4029717712448	0.38427110495625	0.764368688173611
BCKDHA	0.298381735648857	0.350042938186408	0.762251782919766
ALAS1	0.442587284245661	0.196693254603328	0.719698560773505
CD59	-0.374514693143194	0.185662026690077	0.719698560773505
UQCRB	-0.0710704063892962	0.743749861608161	0.911726868319775
MUC1	-0.136621815975126	0.55716812117434	0.833030392392054
NPR1	0.349443745241146	0.628598094089632	0.867433762145687
SLC25A16	0.941164559762001	0.229234609122734	0.719698560773505
TMEM11	0.101775938176754	0.646418454632559	0.876056615522088
NDUFB7	0.0941182505133789	0.81801838300093	0.939898228673803
ITGB5	-0.224777689154859	0.499123203379637	0.809406333915322
ATP5PF	0.0818214776590551	0.718091726147224	0.905117046845675
SLC9A1	-0.31176900372057	0.210935973373112	0.719698560773505
COX5A	0.244838682469044	0.613463191070006	0.859813785051731
TBXA2R	0.257886695929258	0.433071578031111	0.779670889354083
BCKDHB	-0.0825862521737157	0.731680159232519	0.910506445723248
IGFBP4	0.379002042281151	0.737796237400817	0.910620665484678
JAK1	0.0638859458106431	0.83484795430366	0.943339518102772
FAS	0.716949939987195	0.284722490697802	0.739773051274585
MAOB	3.86412567333549	0.000575621859057006	0.10164017874679
CD82	0.396464294604701	0.420501008141043	0.776556466602792
TSPO	0.49769908425241	0.591147943377243	0.849491311610876
GK	0.550202757005344	0.085777963389013	0.719698560773505
STX2	0.176803342489023	0.751805996304777	0.915722643488009
MAN1A1	1.27717039503627	0.167588443997815	0.719698560773505
LTBR	0.637180967449162	0.388020716718634	0.764368688173611
MPV17	-0.433078877069242	0.507378714098958	0.812138597779938
SLC19A1	1.19683112715952	0.211425510492217	0.719698560773505
LIFR	-0.109398242382326	0.805638167242508	0.93586169110102
CRAT	0.972087465190942	0.316840282367973	0.757441594865379
SSR2	0.81571414883345	0.19148023888263	0.719698560773505
MTIF2	0.165843424760077	0.528311123845177	0.826103585596777
SLC6A8	0.344521899253508	0.282699846134562	0.738889895462418
SLC6A9	1.66080834263516	0.0283589354114657	0.719698560773505
PTDSS1	0.227729578911621	0.536370957719379	0.827801209991475
DNASE1L1	-0.250753357998519	0.621914591242337	0.862246558638636
SLC11A2	0.471710497366647	0.174841065467046	0.719698560773505
CYB561	0.21735388204165	0.649734987394566	0.878112135933992
ACOT2	0.954544203162612	0.549475473471645	0.831483158313613
PSEN2	-0.18460088865185	0.558332512549243	0.83389049748426
MMP15	0.285375492596611	0.347114491850946	0.762251782919766
CLCN2	0.624204238645135	0.182712284667654	0.719698560773505
CLCN3	0.94473361584928	0.13839474017361	0.719698560773505
CLCN4	-0.288231205334206	0.484573098277087	0.805055041443319
CLCN5	0.683222495964408	0.175310265888614	0.719698560773505
CLCN6	0.052615801724226	0.896702204735079	0.965527067432989
CLCN7	-0.271922025527484	0.670540935090326	0.886991272741167
DGKE	0.80781891876229	0.0582468068626664	0.719698560773505
NDST1	0.385859356239386	0.415765499878024	0.773921467683185
NDST2	-0.174584698683773	0.613342497413091	0.859813785051731
SLC25A1	-0.193680923925214	0.432330258070845	0.778975036187558
SLC5A3	0.350200604672217	0.189943063812562	0.719698560773505
POLG	0.0512162409990822	0.832659422159278	0.942400600560694
NDUFV3	-0.238707563993191	0.360336052968531	0.763250423050664
ATP5MJ	0.169399153139874	0.521507785627669	0.822847326804431
PEX3	0.184478047881086	0.537201936145892	0.827801209991475
SNX16	1.13396154510555	0.158913943436617	0.719698560773505
YBEY	0.595274339907128	0.240508526423118	0.719698560773505
ROMO1	-0.00145489289170797	0.996495993972631	0.998314832200279
SNAP25	0.447768684606743	0.43723574175237	0.781522108113077
CXCR4	0.479831734114768	0.636693033363238	0.871783835589989
SELENOT	0.564529119056292	0.0518035438003291	0.719698560773505
RHOB	-0.287472457772367	0.378725206306228	0.763903130790551
OLR1	0.312260907050998	0.74084544395999	0.910895529086187
SLC35A1	-0.216800562080863	0.635915489756609	0.871777994230806
IL13RA1	0.698015646466104	0.31140938152906	0.755051681001713
MRPS10	0.342705818232254	0.227525138187449	0.719698560773505
MRPS11	0.632678017040398	0.152397047401112	0.719698560773505
MRPS6	0.594283447345461	0.16958603009817	0.719698560773505
HTD2	0.547529470618624	0.15135744036673	0.719698560773505
FAM3A	0.644020602855704	0.368863287325936	0.763250423050664
ATP11A	1.11008288022602	0.137999498493071	0.719698560773505
CD83	-0.625474656346444	0.0581943351932997	0.719698560773505
DHODH	0.336993300995893	0.202002871239916	0.719698560773505
BDH1	0.133043689172922	0.614251570833119	0.859813785051731
GCNT1	0.637555288501421	0.115521112240083	0.719698560773505
TAP2	0.237079062423362	0.633199543839768	0.869589978213683
MST1R	1.68846830076119	0.00609763212535574	0.39374562738878
TYRO3	0.263989311191498	0.730891536154426	0.910506445723248
APLP2	0.486295782974743	0.265622082683622	0.733639697902513
IL10RB	0.0738884158375868	0.852582957038514	0.951624749455037
SLC20A2	0.489219630960044	0.269173711451219	0.736533897438297
MGAT5	-0.304630191117067	0.591433871980891	0.84952114225322
ABHD18	0.122172534776041	0.791105938716336	0.930707239097758
TMEM62	0.0849035559166254	0.804015499541132	0.935661320228016
LAMTOR4	0.743774726001014	0.196438916400187	0.719698560773505
ST3GAL1	0.877105258464823	0.111992869074262	0.719698560773505
SCAP	0.917882084485768	0.07823978686433	0.719698560773505
SREBF2	-0.538759151642672	0.423299797916292	0.778067578369402
HYAL2	0.765496451583772	0.333281555021951	0.760998897899049
BNIP3	0.331551213337136	0.626351855489442	0.865694364952515
MRPL28	0.0796392725160047	0.780987634029028	0.927092917280741
PTPRS	0.347820294884805	0.366073483861282	0.763250423050664
PLD1	-0.245534571856513	0.530235043372429	0.826824356082719
PPIG	-0.574392175550226	0.242025055709574	0.72196468724235
TUSC3	0.219820971406406	0.403828447369165	0.772942596423392
PKD2	0.0860666671669321	0.784020233718753	0.928311076023158
STIM1	0.256834570934657	0.424677553576338	0.778243828308407
AUH	-0.272389756295791	0.484427817018722	0.805055041443319
BMPR2	0.863439703887025	0.0948556165898303	0.719698560773505
LRP8	-0.36765234289637	0.459666051326433	0.794374345416056
TRIM14	-0.511088233215759	0.105233789075924	0.719698560773505
MRPL58	0.215917196351931	0.531978069343688	0.827112064562533
GALNT3	0.0981111370976002	0.687345587953505	0.894831938224887
ITPR2	0.764226456967233	0.156582831401083	0.719698560773505
ITPR3	0.589445799519751	0.228648350296316	0.719698560773505
INPP5A	-0.24098567772532	0.47140536760134	0.798142913144123
MBTPS1	0.338562502545379	0.3836828872958	0.764368688173611
SLC75A1	0.353875471708612	0.290304806028983	0.741586500373763
STARD3	-1.15342419393907	0.163903537600636	0.719698560773505
FASTKD3	-0.126345275399643	0.669087786871154	0.886991272741167
EMC2	0.50472624876204	0.131355068137322	0.719698560773505
OXA1L	0.101880803160903	0.666538779958227	0.886094999332902
PDK1	0.0233244084856601	0.964698810654541	0.989024627033409
PDK2	-0.0133416411420733	0.955811450034875	0.987591289815579
MTFR1	-0.977250432501013	0.0193449666355631	0.661939723305311
SURF1	0.488147216364062	0.158372652265244	0.719698560773505
DIXDC1	0.614425336024922	0.23025598688501	0.719698560773505
TRAM1	0.157493602474155	0.818231666154314	0.939898228673803
ETFDH	0.747077777749677	0.275625147344087	0.736533897438297
SEPTIN14	0.210509615440991	0.660090486917328	0.882599673585258
EXT1	0.264117147163212	0.464153611950048	0.795632046569778
MRPL23	0.493218714963415	0.105034148904102	0.719698560773505
SGCB	-0.679707522995407	0.283304839860831	0.739219586157755
BAK1	0.590998923055228	0.544949393291762	0.829315038423785
TAFAZZIN	0.63256352798831	0.0896300402814532	0.719698560773505
CYP1B1	0.488528513731794	0.188293871517178	0.719698560773505
ME3	0.142599664747337	0.776925115412134	0.925020248764967
ST3GAL2	0.743516772355591	0.22847329109558	0.719698560773505
DGUOK	0.629879706243152	0.356662678641055	0.763250423050664
TMEM132A	0.995432185540707	0.181780402781901	0.719698560773505
DPY19L1	0.718424868887926	0.0456620929142409	0.719698560773505
HFE	0.291377927474318	0.206334649455139	0.719698560773505
NDUFAF6	0.651836460352538	0.0393825437311133	0.719698560773505
SLC25A35	-0.186788277224792	0.691516931404494	0.896283663473849
GRAMD1B	0.657815612753801	0.0904770101523948	0.719698560773505
ITPRIPL2	0.335523307990876	0.499697667438601	0.809406333915322
ARL13B	0.91502269546125	0.23848169305769	0.719698560773505
GNPTAB	0.50825940940036	0.644210837601081	0.87490336782105
ANO6	0.217681086451648	0.444657124586153	0.785710033826076
MRPL51	-0.264075878547416	0.420099568199216	0.776556466602792
TMEM259	0.369830506793132	0.203071684306458	0.719698560773505
FNDC3B	-0.450947639892483	0.204444705788033	0.719698560773505
ORMDL2	0.234587753261245	0.409290677937675	0.773413595117981
FASTKD1	0.246148800411476	0.431788838476082	0.778975036187558
BOLA3	-0.0630169098963798	0.869243803740754	0.955767838677484
TMEM177	-0.315688895794118	0.435350328297171	0.78042851246626
CYBRD1	0.107423768876295	0.793968124677896	0.931688598155869
MPV17L2	0.242475097742684	0.400094064863691	0.77053598759424
OCIAD2	0.866227881115115	0.00975330612425046	0.498225106675209
TMEM128	0.0927960563599584	0.711026863234583	0.903038194458096
OXLD1	0.00895337922103678	0.983895472253624	0.994474947186226
RABL3	-0.0631668671111179	0.849522992419896	0.950419884391147
COQ5	0.724604185208221	0.203950946803269	0.719698560773505
RNFT1	-0.0872097578686883	0.861845663536342	0.953503627872602
COX20	0.319207839521404	0.290555965024471	0.741586500373763
PPM1L	0.0800495318789842	0.726957569718946	0.908821302573901
C6orf136	0.978870840712858	0.258734016458651	0.733639697902513
SLC71A2	0.246117543359738	0.361975123622684	0.763250423050664
MANEA	-0.211170702284797	0.755513905136647	0.916019561061795
VARS2	0.652756145950605	0.154175611826064	0.719698560773505
DNLZ	0.559916972957083	0.202901815671019	0.719698560773505
PDSS1	0.0164672393055554	0.956856114768917	0.987591289815579
TMEM63B	0.567875521773871	0.238682367866275	0.719698560773505
TMEM164	-0.0851102192482145	0.892054652657932	0.964445687540786
EMC10	-0.101596517380568	0.630834720187095	0.86832165539012
ABHD17B	1.34390655601963	0.00256021685678375	0.251211579258271
SDHAF4	-0.40255789689369	0.419049123025166	0.776289965035589
SPRYD7	1.24303002910804	0.0946203947858706	0.719698560773505
FAM219B	0.721546817076131	0.332792182332213	0.760998897899049
MICOS13	0.239513554419936	0.611297797098869	0.859242260742427
TRIQK	-0.69352092779636	0.130262035723253	0.719698560773505
HGSNAT	-0.0971654692732322	0.678543570322622	0.889998632885093
GLT8D1	0.419414362882492	0.286983248297004	0.741143873638348
SEL1L3	0.64332436447021	0.426003963745555	0.778622002798637
NCR3LG1	0.792401587095604	0.123476735369636	0.719698560773505
LMBRD2	-0.310945084420734	0.718787876910394	0.905287996126617
SCARA3	0.549927905502962	0.428029725735448	0.778622002798637
MRM1	0.262624537913769	0.412781925057092	0.773628861376872
SLC25A25	0.349900698281814	0.283613539033818	0.739219586157755
MYORG	-0.479733373325008	0.562076156736129	0.835727315002271
LRRC8E	0.577328029884974	0.124477871372735	0.719698560773505
RHBDD2	0.559303619071517	0.258196479689451	0.733639697902513
SLC30A6	0.186921890569263	0.592771615562963	0.850607896711428
TAPT1	-0.210402061902563	0.615716600967624	0.860154553747921
MRPL54	-0.0311260227549752	0.916232967215314	0.972437174065447
LPCAT3	0.348021356845479	0.210501000444126	0.719698560773505
MRPL14	0.670167828488125	0.332277218220084	0.760998897899049
LETMD1	0.350958343492003	0.291282245919764	0.741891149555502
FAHD2B	2.13225132753861	0.0196984359330055	0.661939723305311
MTFR2	0.00720070045679932	0.980248089042082	0.993140138205764
SFXN4	0.217526203744281	0.460975906370952	0.794374345416056
ATPSCKMT	0.0137180542429753	0.959317083333772	0.987660199219524
CNNM4	1.22041599653437	0.109789552540016	0.719698560773505
ABHD17C	1.89197265565405	0.00422196612351803	0.303912348333896
TMEM65	0.100333101762629	0.691844311954247	0.896283663473849
LRFN4	-0.831861637134075	0.283667730055982	0.739219586157755
SLC30A9	1.30221874849785	0.00639250163048093	0.400992495134882
CSPG4	1.44090636907254	0.0110085927605951	0.53119484408542
UQCC3	0.271411612916499	0.35435015852516	0.763250423050664
PET117	-0.205693900913744	0.440353419519725	0.782830714619884
C6orf89	0.422602927702108	0.180313426901489	0.719698560773505
ABHD15	0.35756753827183	0.233285786583261	0.719698560773505
TMEM92	0.209678462657365	0.534441197685318	0.827801209991475
APOOL	-0.18966965483931	0.521780761972575	0.822847326804431
HACD2	-0.12758389904597	0.611396825725982	0.859242260742427
SLC36A4	0.384381816412812	0.327890019347396	0.75896946492062
TMEM184A	0.4618156111984	0.0960558261827127	0.719698560773505
CERS6	-0.347981699097868	0.366014167607373	0.763250423050664
DPY19L3	0.0599468159299761	0.925985330933715	0.97563826904149
MFSD6	1.48115713205615	0.080285670040705	0.719698560773505
TMPPE	-1.01078543769254	0.113603385761243	0.719698560773505
MBOAT2	-0.60050207404689	0.379597412058244	0.763903130790551
TMTC3	0.186898061911993	0.542090891016648	0.828677726132837
SLC25A26	0.43425979058016	0.42126110303982	0.776556466602792
CHSY3	0.554863204299998	0.472307609827994	0.798191839058937
TMUB2	0.585038564727654	0.132993555628428	0.719698560773505
BTN2A1	-0.0218802137646747	0.945526099889586	0.98430656818757
COX15	0.15200356563772	0.770517717506282	0.922143171864291
LRRC8D	0.0849093262301643	0.769203695064541	0.921323902080851
ARMCX2	-1.17056572355936	0.227460453207337	0.719698560773505
PARS2	-0.0324942852743426	0.889947690109817	0.964056115821889
MIGA2	-0.507305646884831	0.460527731380064	0.794374345416056
NDUFAF7	-0.0151660150295179	0.956427429369498	0.987591289815579
FA2H	0.859121571044021	0.0293282038618541	0.719698560773505
FASTKD5	-0.090730914799753	0.686986506653183	0.894831938224887
CHST3	-0.0699142525311238	0.741536822442883	0.910895529086187
SLC36A1	0.470930582372464	0.135404413611762	0.719698560773505
GPRIN1	0.745519047097098	0.0128511122415334	0.587804519297636
C6orf120	0.869237206052841	0.305405792246918	0.752463071951504
MTERF4	0.295663462877805	0.383395895151274	0.764368688173611
PLEKHH3	0.250122176601643	0.568452181156514	0.840964679564265
MRPL55	0.1277316829886	0.583001983798983	0.84542989130163
TMEM179B	0.340545656307206	0.302594377445694	0.751226330064449
AMIGO2	0.574010151198085	0.405252323606464	0.772942596423392
SYVN1	0.175618965626704	0.770760764662607	0.922182702352454
MRPL52	-0.00810017960878184	0.976827005870653	0.991770591107627
NLRX1	0.706945366310947	0.169501530045566	0.719698560773505
NT5DC3	0.719741937614341	0.124883354743065	0.719698560773505
COMTD1	0.253957118081019	0.403810221113074	0.772942596423392
SGMS1	-0.0471757444085483	0.888328576597431	0.964056115821889
BPHL	0.255398979427248	0.523563511208255	0.823429325182447
RASSF3	0.356315270003471	0.578573303781787	0.843898305704369
LDHD	-0.133562840682952	0.823683727203372	0.940441611280674
STING1	0.416194495755828	0.19188942760176	0.719698560773505
TMEM219	-0.0549719752543432	0.816691243945721	0.939892793609367
NDUFA11	-0.209960679424391	0.499345073066918	0.809406333915322
STX12	0.474426921830045	0.137394939944863	0.719698560773505
DOLPP1	-1.28142370924119	0.11014400367456	0.719698560773505
RAB43	0.274307626659073	0.67036653395995	0.886991272741167
ZDHHC13	0.768180537593214	0.157021698357037	0.719698560773505
RELL1	-0.940034454514056	0.350504769035763	0.762251782919766
MMAA	-0.2154188727385	0.613214119521633	0.859813785051731
MCAT	0.0789244469659209	0.798610700931826	0.933477662162472
SLC44A2	-0.872379561897425	0.0500042150740201	0.719698560773505
HSCB	-0.217718964531521	0.608070129745881	0.8574296530874
LRRC8A	0.494129773617566	0.111646369520447	0.719698560773505
LMTK2	0.245974353661918	0.277465846787053	0.736533897438297
RHOT2	0.140711189847227	0.591219642059403	0.849491311610876
RHOT1	0.530813101078074	0.103649944877815	0.719698560773505
MRPL41	0.616134408309428	0.0515186052049564	0.719698560773505
NRM	0.311825412219022	0.557187488602929	0.833030392392054
PLPP6	1.39292559855337	0.0150727744727753	0.624427854639881
DSEL	0.53971916176199	0.156864711904051	0.719698560773505
FAM185A	-0.30383882881852	0.468269858553962	0.797058736185607
RBFA	0.011168148933141	0.968447219022574	0.989675185830921
CLYBL	0.231811618604958	0.375823929603251	0.763903130790551
PUSL1	-0.0180717474463172	0.944737086365848	0.98430656818757
NDUFAF2	0.0960859776323595	0.707351936544746	0.901678664850647
ARMC10	0.521607786562196	0.207394892462039	0.719698560773505
PYROXD2	-0.241819558968409	0.643914506694164	0.874823205103364
SYS1	-0.0562984239310751	0.851987378013517	0.951408452650534
TMEM256	0.25078360549243	0.449694161078455	0.790039821122411
CBARP	-1.16739809917114	0.0351054063650434	0.719698560773505
SLC35F6	-0.128480265212747	0.7418270125284	0.910895529086187
GTPBP8	0.24212723318189	0.411936946249598	0.773628861376872
GUF1	-0.550801715594879	0.247403438856279	0.726168783434438
D2HGDH	0.794206279341438	0.152488573391254	0.719698560773505
TOMM5	0.192675386839714	0.539255235857004	0.827801209991475
PIP4P2	0.493513977827146	0.123407258864267	0.719698560773505
KIF2B	0.0815284126573275	0.864011195872539	0.953953523026482
MARVELD2	0.435328721118641	0.487615647234515	0.805423904108404
VMA12	-0.0234864702243733	0.928511641688243	0.977017641661413
MREG	-0.357169032651314	0.461157730859898	0.794374345416056
SMIM20	-0.532068022086712	0.142227724479069	0.719698560773505
MACO1	-0.00363655707728583	0.987572004605217	0.995507041373165
MRPL50	-0.329037729212708	0.248952471152014	0.726828657465752
PARP16	0.342884666943721	0.573479140638222	0.84237636419669
CSGALNACT2	0.246084053691003	0.448195204815645	0.789094057518995
KRTCAP2	0.450915935369075	0.351227773960773	0.762251782919766
FITM2	0.039624460334597	0.888818903875763	0.964056115821889
CCNYL1	-0.0097186333679069	0.986600018739961	0.994942281144582
DCBLD1	0.603311030875105	0.139394827296704	0.719698560773505
MRPL43	-0.177829479687862	0.500053576496453	0.809406333915322
NAT8L	-0.0140718875660184	0.953970870606744	0.987479041215043
MIGA1	0.380762602874853	0.150656462997646	0.719698560773505
POMGNT2	1.38305316812088	0.0557924108304604	0.719698560773505
SIDT2	1.5358742071554	0.165040091303085	0.719698560773505
SLC4A11	-0.129500969999221	0.796297831089278	0.933158200243667
ATAD1	-0.204178621071318	0.335449305369218	0.761901286550059
SLC38A9	0.93741441635791	0.311393808714805	0.755051681001713
NOA1	0.265929987316301	0.365649859125567	0.763250423050664
SLC37A3	-0.310529097178055	0.598600846134943	0.852658918826715
GALNT6	0.529185476805029	0.725979370755448	0.90819812449777
B3GALNT2	0.96111607886122	0.0180531495666112	0.661939723305311
CCNY	0.701470245471381	0.371090312767328	0.763250423050664
CNNM3	1.19667843525277	0.105891708201937	0.719698560773505
CHDH	0.464352952526131	0.146171096057875	0.719698560773505
SLC30A7	0.159644587052657	0.59961467933613	0.853239715715556
SGMS2	-0.0235032865597731	0.960593244064453	0.988045194351608
SLC30A5	0.677329440513283	0.182269360420787	0.719698560773505
OCC1	0.443136047648906	0.549105279309491	0.831447076415561
SPATA20	0.628541639120783	0.271008802827758	0.736533897438297
GDAP1	0.227937244848654	0.415771816430725	0.773921467683185
NUBPL	1.24395692082995	0.0954638119547857	0.719698560773505
ITFG1	0.32725995120277	0.333534866031538	0.760998897899049
PIGX	0.134097425241251	0.820642118619129	0.940441611280674
SLC25A40	0.500953084673711	0.10978513236593	0.719698560773505
MRPL30	-1.14343909157831	0.121551505559711	0.719698560773505
SPPL2B	0.1558834777504	0.744420032742092	0.911784759768627
LRRC8C	-0.0171588701094691	0.97005824183042	0.990529820539074
SYTL5	0.157748769003902	0.626111460503554	0.865634579052615
CSGALNACT1	0.53166634184425	0.461803578213957	0.794374345416056
RHBDD1	-0.183161905656519	0.848310900227846	0.949995705916978
PIGO	0.515184417097572	0.180412817879694	0.719698560773505
RAB2B	0.278252995049602	0.365477775323639	0.763250423050664
CYB5D2	0.792126358131036	0.157558641291347	0.719698560773505
PTPMT1	0.106923389873725	0.765349035383819	0.918329038267639
SLC20A1	-0.269879525273574	0.379094586052549	0.763903130790551
NAT14	0.78484068912578	0.0796285873761633	0.719698560773505
PTCD2	-0.761121428288224	0.259592547149405	0.733639697902513
AFG1L	0.813230691030974	0.273388512778454	0.736533897438297
UQCC5	0.18876888686065	0.679166266740818	0.889998632885093
LMBR1	-0.0276513210674061	0.922093548258165	0.974964211515971
ARLN	-0.650225628126449	0.23631588924987	0.719698560773505
POMGNT1	0.242872694467859	0.391436485885521	0.765559600545261
SLC39A7	0.670922818854937	0.149255776139501	0.719698560773505
HSD17B8	-0.276539851757647	0.448728731866302	0.789094057518995
PIEZO1	0.15266225328083	0.694955002042807	0.89857108774145
TMEM131	0.198461042371012	0.653495277365799	0.879674360181858
SLC9A6	0.548137773324299	0.198720254785182	0.719698560773505
ALG3	0.0339819241834753	0.895497257556884	0.965506399949217
HTRA1	0.617725490344579	0.615879279659181	0.860154553747921
PEX13	-0.191730303953499	0.528473006591061	0.826103585596777
NINJ1	-0.397014319774883	0.4688687578154	0.797058736185607
EXT2	0.0293329995165692	0.955056899780319	0.987591289815579
ATP2A3	0.313307501472401	0.315310097909379	0.757441594865379
SCAMP4	0.243232392746972	0.421186555841555	0.776556466602792
TOMM40L	0.744369496923305	0.231578306713844	0.719698560773505
MUL1	0.8779704901571	0.202298372085932	0.719698560773505
PMEPA1	0.067931493219973	0.910053751240371	0.971446264096487
MTARC2	0.645692715358727	0.047763607031427	0.719698560773505
SLC25A28	-1.03382059949096	0.0931154818459803	0.719698560773505
RFT1	-0.0523173310447618	0.921295211877062	0.974964211515971
SLC25A46	0.380099160616226	0.123718546654547	0.719698560773505
VTI1A	-0.521056019938779	0.198576921299008	0.719698560773505
TMEM143	0.0890833289810402	0.855850556559749	0.953114491403509
PBXIP1	0.490246441267328	0.127549963963574	0.719698560773505
MCUR1	0.197052559241992	0.410971357540349	0.773499884680529
SLCO4A1	0.243538106019898	0.439683538004483	0.782830714619884
SLC67A1	0.0848752148031302	0.823577323713527	0.940441611280674
APH1A	-0.0103235621313758	0.980169478955314	0.993140138205764
CHCHD1	0.483865908692934	0.174824173355824	0.719698560773505
CCDC127	-0.102455687901266	0.877255908409068	0.959888037334717
S100PBP	-1.93415969601112	0.0202303611345738	0.661939723305311
SARAF	-0.554340088495984	0.089292028830688	0.719698560773505
TBC1D20	0.306892211714956	0.268459219348823	0.736533897438297
NSUN4	0.0411231681879407	0.915737755576155	0.972431556163216
RPUSD4	0.409479956222292	0.27297367153855	0.736533897438297
ACSF2	-0.0687837985805615	0.839627789726972	0.944366194849164
TLCD1	1.27520582623715	0.0461929461329074	0.719698560773505
SLC25A36	2.6237560503973	0.0133947762441837	0.60110136592284
COQ8B	2.18383653427487	0.101600725034499	0.719698560773505
DNAJC19	0.113185463466902	0.61364462440047	0.859813785051731
ECHDC3	0.176724095740326	0.487330033298978	0.805423904108404
MTFMT	0.444315316842122	0.504569343280482	0.811557844091068
SLC25A38	0.134963100373675	0.66516525831839	0.885087696685448
MTERF3	0.330783049801997	0.419000716332492	0.776289965035589
CCDC126	0.408706632576997	0.503001675243384	0.811251558926367
MALSU1	0.710404969962482	0.216619217855102	0.719698560773505
MRPS24	0.196580287991772	0.645612412369906	0.875504664211321
MRPL53	-0.0366239136864301	0.896528094217094	0.965527067432989
CCDC51	0.18795832291222	0.618663479986213	0.861359456374829
SLC33A2	0.414735190443928	0.619068301352078	0.861487548554176
DISP1	0.961851901778072	0.37235108653332	0.76372044421367
SLC47A1	-0.172457838125307	0.665747297089945	0.885579031057845
VMP1	-0.764826837798473	0.219115276855511	0.719698560773505
DMAC1	-0.193092833733601	0.535438129063127	0.827801209991475
RNF185	-0.222124874751767	0.412196116248957	0.773628861376872
TRMT2B	0.624389835736313	0.276995960539355	0.736533897438297
RUSF1	0.646324158877771	0.181789278035262	0.719698560773505
ZDHHC12	-0.397835985831133	0.400564588070004	0.771100002724853
SLC41A3	0.144630347955093	0.691171019111023	0.896283663473849
MYO19	0.585484531839334	0.440653074787632	0.782897647116206
SLC25A44	0.33686459788516	0.453739683485679	0.792510322269537
COQ2	0.409108095178603	0.52615107321994	0.825117629467413
CRELD1	0.195557116130402	0.759771733358203	0.91654580429128
PRR11	-0.00243761157513589	0.995363699203775	0.997863471051091
GRAMD2B	0.524364057418445	0.0788723042207078	0.719698560773505
OXNAD1	-0.0854735554908927	0.797597035434446	0.933313017933384
COX14	0.54458017782332	0.398401205725508	0.768958107402509
RCC1L	-0.0575172729491094	0.890305096937454	0.964056115821889
COA8	-0.199627072855659	0.546329527972413	0.829315038423785
LRIG1	-0.950392363793565	0.320121555807374	0.757775552108479
RNF170	0.304121157749755	0.514301068531351	0.818135142016028
DNAJC30	0.283982965136449	0.45337720152827	0.792510322269537
CARD19	0.134108177791649	0.671200521847222	0.886991272741167
HS6ST2	0.151898467155821	0.577582047432119	0.843898305704369
TLCD4	0.252196244578254	0.344245053731682	0.762251782919766
SFXN2	0.380198564382702	0.304679526561502	0.752458158567079
MIMS1	0.194545878811176	0.481217022490917	0.802384928903552
VMA22	-1.01646114820388	0.01521607388897	0.624427854639881
TEFM	-0.398243053188811	0.458070275820009	0.793972447290465
F2RL3	0.162743174392347	0.691454413900864	0.896283663473849
MCCC1	0.0467442053539955	0.884460055073953	0.962783267099857
TWNK	2.17919092377719	0.0291849543394438	0.719698560773505
TMEM209	-0.0536222737917136	0.910163955930983	0.971446264096487
IMMP2L	0.108193985355086	0.723088672950698	0.907359265303647
RMDN3	0.254356698934071	0.377079783477349	0.763903130790551
MTERF1	0.184834815761882	0.756545914028062	0.916335121781348
PKP4	0.518926704625393	0.105233091765581	0.719698560773505
TIMM17A	-0.269255293673943	0.407335383896908	0.773413595117981
TXN2	-0.235304347165719	0.487083412789039	0.805423904108404
DMAC2L	0.489755888032359	0.48619185645819	0.805190836383926
COQ7	0.0138024684345943	0.962912966855651	0.98805994289264
ATF6B	0.377595738535994	0.307124257500211	0.753123125371409
AGPAT1	0.0907122198574051	0.942880072270212	0.983183661206008
MRPL34	-0.410413215024562	0.449806320383974	0.790039821122411
ECSIT	0.204743568742643	0.468600269808854	0.797058736185607
CYBC1	-0.379631693901533	0.644372009003251	0.87490336782105
VKORC1	-0.0306862134446604	0.948176676888818	0.985214444468108
MRPL57	0.156026475120274	0.460532528814838	0.794374345416056
SELENOS	-0.00111090145961867	0.99725304137502	0.998845370592544
GORASP1	0.982477397355975	0.257508656443061	0.733639697902513
SLC25A21	0.212732630120172	0.542879953715133	0.828677726132837
CHCHD6	0.571442314974099	0.407504201850729	0.773413595117981
PGAP4	0.630529133958756	0.0398275728440494	0.719698560773505
TIMM29	0.653931158222278	0.0783948926835618	0.719698560773505
HDHD3	0.493744704843699	0.316634631523326	0.757441594865379
MTNAP1	1.20415280562588	0.0193179316377363	0.661939723305311
SLC25A33	-2.0261614773867	0.0219623210278879	0.679130645306025
MTG1	-0.0252297424801355	0.928075764489356	0.976793068521755
NDFIP1	-0.295952668282336	0.68745995236585	0.894831938224887
TMEM70	-0.0381416082713777	0.910747203169169	0.971459621887907
ABHD14A	-0.375824895970517	0.574691842799802	0.843406377584869
APOO	0.0717758786531135	0.744981077957401	0.912217488374497
RAB5IF	-0.667205039378377	0.226775378863429	0.719698560773505
ALG12	-0.381608336421834	0.442766489846178	0.784636958742982
SLC25A23	-0.249950587591982	0.498415415438881	0.809406333915322
VAMP8	0.364411141825137	0.293323554756417	0.744499265280594
MECR	-0.014771514621998	0.954261237633215	0.987486891307452
EMC6	0.61513568745692	0.182533219763233	0.719698560773505
PTDSS2	0.492988103287523	0.0595019216210059	0.719698560773505
ALG8	0.56361067186101	0.248139158560731	0.726464209816238
TRMT61B	1.20531452513835	0.112923116025192	0.719698560773505
TMUB1	0.114896906049271	0.807306784383214	0.937304095776492
TIMM21	0.139758242298189	0.683673857774606	0.893265605272556
ELOVL1	-0.408486805182296	0.447745593630853	0.788944984603963
HIGD2A	-0.034594243776457	0.945494200706883	0.98430656818757
LTAP1	0.344276477822838	0.376940148113542	0.763903130790551
SFXN3	0.0514470098202153	0.828218593580748	0.94160767150198
YIPF2	1.07658452856444	0.264051040360378	0.733639697902513
STRA6	0.787466969651565	0.367307863710036	0.763250423050664
SGPP1	0.204277799733987	0.431124914361134	0.778720484969041
LGR4	0.0195494836196453	0.963082795622979	0.98805994289264
TMEM120A	-1.76820182167329	0.16290122105163	0.719698560773505
SLC12A9	0.158111834639605	0.74769252304516	0.913967805258979
SLC26A6	0.766421765611803	0.12062219691593	0.719698560773505
SEC11C	0.0312744422167945	0.930458172222975	0.978123805076748
FUT8	-0.208497730378159	0.453647953801363	0.792510322269537
MRPL32	0.383577671870849	0.432265220986977	0.778975036187558
ABCA2	-0.514213327885365	0.424022550408855	0.778243828308407
SLC29A3	0.836785339235902	0.083571143579641	0.719698560773505
OSBPL6	1.63363982449836	0.0648326421330483	0.719698560773505
SLC25A39	0.459283698007951	0.467014151078978	0.797058736185607
ULBP3	0.484311314843438	0.205872766260835	0.719698560773505
TRIM4	0.151884042365982	0.683731655504682	0.893265605272556
SEMA4C	-0.808936815547813	0.0782923091721309	0.719698560773505
CCDC90B	0.548806361679581	0.357913789019348	0.763250423050664
COA1	0.481469028900577	0.164256145807193	0.719698560773505
TMEM222	-0.154578880099031	0.754494605234678	0.916019561061795
MRPL18	0.304625480284706	0.493862886348808	0.807364310248307
TMEM168	1.06481883570634	0.0971220769525622	0.719698560773505
FAM234A	0.00260209801146516	0.994760810555488	0.99768366971855
OSBPL5	0.785852961803684	0.180661587315688	0.719698560773505
GLT8D2	0.126889755504699	0.585559861432088	0.84673429849758
ISCU	-0.635030853596373	0.153989472593665	0.719698560773505
MEGF9	-0.276246108552918	0.327250084778594	0.758246471923973
SLC25A51	-1.13757092099781	0.232935214505129	0.719698560773505
PORCN	1.45291223516335	0.0117376788291483	0.55419513697624
ARV1	1.21081758662862	0.160016078984403	0.719698560773505
SLC25A32	0.0453611599412298	0.891678708296799	0.964374681805725
SLC6A15	0.541674667408572	0.0761372536221042	0.719698560773505
MTIF3	0.0145704656361119	0.976260042369933	0.991770591107627
KCNN2	-0.554135670027403	0.21102989259385	0.719698560773505
PARL	0.648358191645798	0.0964460877095408	0.719698560773505
TMEM245	0.108907199327447	0.755158670453847	0.916019561061795
MMADHC	-0.0435931217549381	0.915057301664889	0.97241447522036
MUC13	0.135385309753865	0.704160820705347	0.90039899933523
DNAJC5	0.0787625994547092	0.815488591969272	0.939105797885411
MTG2	-0.150772117714482	0.572441941634733	0.84235675794843
NSUN3	0.0600957817445824	0.879564765467731	0.960914386796849
PCNX3	0.0692064911108403	0.802550820349558	0.934500305530339
TMEM231	1.00942341002474	0.21705462229376	0.719698560773505
ZDHHC6	-0.609678396370711	0.335576654107906	0.761901286550059
ALG9	0.307595778826396	0.338465140900203	0.761960099245542
RNF167	-0.0165490314600767	0.978157787310401	0.991937839279439
ATP13A3	0.376107635040064	0.729042182689732	0.909955720349805
METTL17	0.203360804759203	0.600006050916083	0.85345855833253
METTL8	0.774820257219773	0.184616235531422	0.719698560773505
COQ10B	0.584395613248823	0.530801873054337	0.826899476277592
CNNM2	0.332788382261633	0.216814569105318	0.719698560773505
SLC25A22	0.0344494434342799	0.885602044721243	0.963020945609455
RSAD1	1.45298382265895	0.104903782529638	0.719698560773505
UBTD1	0.0301570082747986	0.909322428290057	0.971446264096487
PDF	-0.10268579505739	0.697183802297985	0.898806246591443
PLGRKT	0.0399771632110593	0.858080207535505	0.953114491403509
VEZT	-0.441316430354426	0.459244039695387	0.794374345416056
SLC38A10	0.332632831883103	0.460435839540171	0.794374345416056
SLC25A19	0.74462969425467	0.325532369163892	0.757775552108479
MRM3	-0.0755353149994207	0.733682282848664	0.910506445723248
ANKH	0.469153162543549	0.287782504297388	0.741143873638348
GPAM	0.226249538788359	0.36705296087945	0.763250423050664
CSNK1G1	-0.484614533836087	0.278675817112562	0.737147899362206
S100A14	0.341289545273401	0.390265395476331	0.7646543206814
ATP13A1	0.0226556648366767	0.937845919589785	0.98166422715584
MRS2	0.247809367907706	0.483630653872376	0.804605642123555
LYRM4	0.475443262158549	0.318668122574885	0.757597571797441
JPH1	0.912441161830095	0.271949652723162	0.736533897438297
ABCB9	0.293425417478716	0.670885036699186	0.886991272741167
EMC7	0.243727020777136	0.301555037841194	0.750214261280839
NGRN	0.0323243097741965	0.919712191304994	0.97406083743855
TIMMDC1	-0.25789108004787	0.278563267665022	0.737147899362206
SEMA4B	0.250204514267999	0.467969706540068	0.797058736185607
MRPL40	0.552567866495696	0.239134086874424	0.719698560773505
SLC35H1	0.57383619965151	0.283366508460307	0.739219586157755
ITM2C	0.00630701075406748	0.989256527825132	0.996518791851377
ENTPD7	0.258104816110027	0.701052988126012	0.899327864390979
PXMP2	0.307826590832676	0.471687738467092	0.798142913144123
SLC17A5	0.595924701190334	0.428463024242635	0.778622002798637
ABCB10	-0.398733700706686	0.361107144571009	0.763250423050664
OSTC	0.425354722968791	0.436229649830821	0.780555987125972
SDHAF3	0.117930712352731	0.719323575150482	0.905287996126617
MRPL17	0.191187265700854	0.530252194654734	0.826824356082719
AGPAT3	-0.0422907744385945	0.858173773707253	0.953114491403509
C1GALT1	0.436706468149012	0.371358784484873	0.763250423050664
TM7SF3	0.773391916618166	0.539226009447691	0.827801209991475
TREX1	-0.103774651549497	0.759996190713858	0.91654580429128
SIRT3	0.580949363722816	0.183496672194814	0.719698560773505
LYRM2	0.514814830957839	0.349969357907359	0.762251782919766
LMBRD1	3.02516287881371	3.22218522190512e-06	0.00353715382734635
AGPAT5	0.0841540915587089	0.802500657452139	0.934500305530339
ABCB8	-0.479707517714921	0.495104044064058	0.808097164561783
TMEM184C	0.417917370451494	0.141773664175056	0.719698560773505
SLC38A7	-0.680402272640723	0.129785279300352	0.719698560773505
EXD2	0.590299546684765	0.0773687913792462	0.719698560773505
DNAJC11	0.246262432680027	0.485249908734388	0.805190836383926
TMLHE	0.426654061417988	0.288175911548832	0.741143873638348
FGFR1OP2	0.0578654274336756	0.821534471206414	0.940441611280674
MRPS18A	0.0183132039085159	0.955845671591517	0.987591289815579
TMEM38B	1.00635238648226	0.170525181562837	0.719698560773505
MTPAP	0.345949251865598	0.467239847280796	0.797058736185607
ANO10	0.358891523179004	0.223853675315774	0.719698560773505
DMAC2	-0.431716035896603	0.240750372580644	0.719698560773505
TMEM51	1.09539459223981	0.215750020521183	0.719698560773505
TMEM248	-0.323923961370344	0.324383744861949	0.757775552108479
MCUB	0.629277653001104	0.480470418766287	0.8021076201534
RMND1	0.378444434565484	0.206869894657464	0.719698560773505
THG1L	0.156376585778396	0.658379709831317	0.881323671549426
TMEM160	0.151066793739673	0.594802020170767	0.851114270873667
NDUFB11	0.309354578220653	0.669666746730507	0.886991272741167
MARCHF5	0.12086188102014	0.597474983480124	0.851981612285857
ARL15	0.491104947156369	0.215788734056766	0.719698560773505
B3GNT2	0.55045009748563	0.364493139451498	0.763250423050664
ZDHHC3	0.492304451629156	0.273841316227527	0.736533897438297
BET1L	-0.144937530484764	0.580350522868482	0.843898305704369
TVP23B	-0.0482861657325948	0.884744291872097	0.962803515640738
USE1	0.38872762923398	0.314747038754493	0.757441594865379
MRPL35	0.324152807162637	0.398012634125215	0.768884063547655
EIF2AK3	0.763317220441316	0.139048348981397	0.719698560773505
COQ3	0.027489804584043	0.912839747978611	0.972017572445421
EMC3	0.378310187832689	0.404746942013907	0.772942596423392
COX16	0.00840940267995904	0.981582132190508	0.993574721634053
TMEM9	-0.394841722772256	0.215217192487488	0.719698560773505
MDFIC	-0.529878606056474	0.160684433309125	0.719698560773505
STIM2	0.639535546926503	0.167972780326423	0.719698560773505
PDP2	0.307559221995959	0.40587421312718	0.772942596423392
CKLF	0.952856606515695	0.240691530086711	0.719698560773505
FAM8A1	0.38498876752962	0.344486581016867	0.762251782919766
SEL1L	0.0358362513471029	0.901178253493463	0.968446821118404
B4GALT7	0.556107480719554	0.318888559048088	0.757597571797441
SLC25A10	0.477959350219848	0.184347209088277	0.719698560773505
UQCR10	0.638232821389771	0.0322125443720759	0.719698560773505
MTFP1	0.0708682265264748	0.840792537786843	0.945192020845373
C19orf25	0.274199978759267	0.421082503556163	0.776556466602792
PISD	-0.378214390531177	0.7387793761963	0.910895529086187
MTRF1L	0.226072415406371	0.420990665550478	0.776556466602792
CHRNA9	0.230766894338611	0.434609021532048	0.78042851246626
WARS2	0.301377544996626	0.707574327254514	0.901678664850647
SUN2	0.454602756323276	0.379238981751337	0.763903130790551
POLG2	0.297630654872108	0.557166708142239	0.833030392392054
CEMIP2	0.555570914920413	0.192217008557934	0.719698560773505
CYB5R1	0.0569277477001116	0.87300639708069	0.95738538700832
SLC12A6	0.346031162246256	0.508914107449848	0.813339300376308
NDUFA12	0.065688735878517	0.825547195099891	0.940575436866534
NAGPA	0.692595856800104	0.274731500312169	0.736533897438297
CCNL1	0.365667737617866	0.455784208168315	0.793881951553632
ERG28	0.379074113456447	0.355153891129468	0.763250423050664
AMFR	1.68692111931706	0.0169006068303082	0.656730660105162
VAV3	3.23790202858889	1.14089720093689e-06	0.00250483980465694
DSE	-0.295945137629587	0.814337868940235	0.939053728396624
CCPG1	0.9545912628111	0.20090975836919	0.719698560773505
KIDINS220	0.0869183659510639	0.698443843815266	0.899152132523209
TPCN1	0.14654294092475	0.630597542099352	0.86832165539012
ABCG2	0.436790799506987	0.233144177306594	0.719698560773505
DOLK	0.374028644280266	0.308716464391402	0.754804494132166
NEU3	0.115280399861341	0.815015659057057	0.939053728396624
MGAT4B	1.52777968415324	0.0899643789096393	0.719698560773505
SPG7	0.350018113901363	0.251690821486817	0.730162652662184
ENTPD4	-0.738050378095419	0.363889168103066	0.763250423050664
RCE1	0.162960348183276	0.586413960496196	0.847020954124604
BCS1L	0.0132724477684576	0.968033180582117	0.989675185830921
ITM2B	0.0913812130493099	0.879944602439109	0.960914386796849
MRPS33	0.217942996457161	0.563797974519179	0.836743193036898
RXYLT1	0.157234652579376	0.623119858571603	0.862363376212344
UST	0.834010741091213	0.0389535017120885	0.719698560773505
EXOG	0.288072012337359	0.376337763199657	0.763903130790551
SLC35A3	0.285583824824077	0.512467589613421	0.817082493098233
ATP11B	0.275727716859141	0.295934576330066	0.74661131022821
DNAJC16	0.548856815578525	0.171826084899704	0.719698560773505
LAMTOR2	0.00529241443345541	0.983037036418663	0.994354445300766
COA3	0.093038242145596	0.735038057527608	0.910620665484678
MRPS7	0.251931643816306	0.296672679168886	0.74661131022821
MTO1	-0.0187836095640819	0.945852551358784	0.984323558189394
COQ6	0.542200517939445	0.156934563560701	0.719698560773505
TMX2	-0.0662068058450629	0.838496823601833	0.943758123147094
PLLP	0.580407979672245	0.113132610227252	0.719698560773505
NDUFAF1	-0.136131908497696	0.701070207198889	0.899327864390979
UBE2J1	0.457915042928008	0.222684420536051	0.719698560773505
COQ4	-0.288925527423949	0.606992311164587	0.8574296530874
EMC9	0.249612412904238	0.571440808257832	0.84235675794843
RNF11	-0.0606162616053005	0.817834296740305	0.939898228673803
MSRB2	0.0961344669467827	0.693076057536561	0.896933972485423
MRPS16	0.305773421186473	0.361698592944554	0.763250423050664
MRPS18C	0.090036964092576	0.737674798623684	0.910620665484678
PAM16	0.189189063970677	0.852172499265441	0.951408452650534
DAAM1	-0.330764735946225	0.520599558200656	0.82282371585487
SAMM50	-0.449203038458641	0.213508835199181	0.719698560773505
YIPF1	0.3531041245548	0.172953612454128	0.719698560773505
DNAJC15	0.146570249653621	0.673054886132716	0.887700600669258
MPC1	0.591586160292376	0.32496263606369	0.757775552108479
SNX11	-0.0034951407838939	0.99282388516454	0.997149412409146
BACE2	1.32507479777778	0.0186790149548885	0.661939723305311
SLC25A15	1.13420156545165	0.277612574266133	0.736533897438297
NPTN	0.132571102906276	0.6804912175949	0.891153276605787
ALG6	0.551494100128544	0.0848839557123898	0.719698560773505
SPCS1	0.168532048167407	0.639940962587431	0.872223585024316
SELENOK	0.463930800767788	0.408462141196741	0.773413595117981
MRPL42	-0.362889588002581	0.18608954607458	0.719698560773505
NDUFB9	0.025068536376768	0.941400800738315	0.982861880641235
SQOR	0.429244982427086	0.0824533639339265	0.719698560773505
TMEM223	0.857464732813877	0.0729765212779555	0.719698560773505
LIPT2	-0.202461298156916	0.493431859567721	0.807364310248307
CYB561D2	-0.199306259881162	0.598980832100821	0.852829064122797
ABCD4	0.833572233060003	0.0168140647951798	0.656730660105162
ABCC3	0.344879476885051	0.338373110807901	0.761960099245542
ADAM12	-0.295510739621875	0.370716222211006	0.763250423050664
LIAS	0.640570492368603	0.135610980022545	0.719698560773505
FARP2	0.975546628648054	0.0498431030232929	0.719698560773505
PLAU	1.25483522502972	0.156788579398691	0.719698560773505
SLC35E2B	0.121516245507699	0.750982586873557	0.915722643488009
SLC2A4	-0.947272177784836	0.37304907455723	0.76372044421367
CERS1	-0.55328890246302	0.597609511692198	0.851981612285857
ADCY7	0.0293979811520622	0.952378320922986	0.986675333459204
MCL1	-0.0108118210681916	0.967779469641776	0.989675185830921
PTPN13	-0.183106689305308	0.575277920775356	0.8437025217517
LRRC24	0.122659471458391	0.888182618979011	0.964056115821889
TMEM67	-0.577583586929308	0.209858175707989	0.719698560773505
TMEM201	0.115910099971803	0.871917219375978	0.957059801189689
ABCC10	0.120397707825767	0.805115720852097	0.93586169110102
TMEM268	0.0162775264579729	0.951715525025821	0.986675333459204
METAP1D	0.672292477409545	0.124272707693333	0.719698560773505
B3GNT9	-0.347504346505112	0.540250979091754	0.828007696053016
CHSY1	-0.39631891102529	0.532885454485859	0.827112064562533
ZDHHC21	0.118416109154197	0.853171211582113	0.952039336736228
LARGE2	-0.258346471218196	0.418452789844791	0.776267934181866
PNKD	0.215527566828179	0.552576837742076	0.832415731126997
OVCA2	0.288430891717102	0.371223284578253	0.763250423050664
TMEM230	0.685425287247831	0.0781561442936715	0.719698560773505
IMMP1L	-0.363641518541709	0.612517811518754	0.859813785051731
RMDN2	0.536149206720768	0.157724176496672	0.719698560773505
TRPM7	-0.468352167186907	0.321967193366661	0.757775552108479
CGRRF1	-0.886295264189119	0.0304429887320836	0.719698560773505
TMEM47	0.0622575493209325	0.819160757718429	0.940050073960558
COL25A1	0.379487714559016	0.285858000318173	0.740573087905782
SLC19A3	-0.795827145263249	0.199545843301174	0.719698560773505
YIPF3	2.60791827892438	1.53756207906778e-05	0.00687948069264949
DERL2	-0.124241027813856	0.787532095966982	0.929718667100545
IFI27L2	0.378521287269592	0.389672481799174	0.764545070411159
ATP13A2	0.172676699332772	0.644591369542029	0.874930665736955
TMEM242	0.450363208359398	0.352464999248076	0.762251782919766
NHP2	-0.706660738479766	0.324538933026958	0.757775552108479
TMEM161A	-0.0960813490288146	0.721135509231028	0.906788665817138
PSENEN	0.0197706211036888	0.970456487005816	0.990529820539074
FLRT3	0.197493403992045	0.759053888307296	0.91654580429128
MTRES1	3.11730529734004	0.000616357906459678	0.10164017874679
TOMM7	0.108257096743934	0.936829755845738	0.981068318129892
ATP10D	-0.681493749893988	0.471559365275787	0.798142913144123
PGAP2	-0.0370083385949229	0.884506422109046	0.962783267099857
ATP5IF1	0.376433585482737	0.305543533885113	0.752463071951504
KIF26A	0.0563152593576532	0.907956534038409	0.971130895381778
CA5B	-0.127186771012724	0.841947475235032	0.945763971286013
USP20	-0.313475738005824	0.76620439659792	0.918483075474055
RHBDD3	0.192854851258605	0.576661441545103	0.843898305704369
DENND11	0.469969263511341	0.221447750807181	0.719698560773505
SERINC3	-0.261546757607789	0.572438536591428	0.84235675794843
CA9	0.407807874542002	0.58992938310912	0.84907615918189
GRTP1	0.274513476556002	0.40566689477549	0.772942596423392
DHRS13	0.217395966542227	0.675536814291966	0.88789521565938
SCARA5	-0.38493003229615	0.513729465084205	0.817610033049925
LRP11	-0.0885225628401614	0.871498472698058	0.957059801189689
TSPAN14	0.736365831336759	0.191496363768541	0.719698560773505
NRCAM	0.809338442857335	0.14256021275951	0.719698560773505
RELT	-1.41260159218656	0.00135762695028068	0.165592776074513
POM121	0.76555889664888	0.0986873000788905	0.719698560773505
SLC2A13	-0.31273874538465	0.294249856534576	0.745265496210758
SDHC	0.240702491492552	0.609223527651171	0.858296033315068
ZDHHC7	0.895000092627566	0.0258880755328826	0.719698560773505
SLC25A37	0.495798185098302	0.0849335145966186	0.719698560773505
LRFN1	-0.91278577791558	0.0279402761156365	0.719698560773505
FBXL2	-0.214050649695537	0.662095682977861	0.883569199224953
ADCY6	0.822565485855396	0.196241311872759	0.719698560773505
ATP7B	-0.296278627644462	0.613332021966891	0.859813785051731
USP6NL	0.631559256228584	0.209361333784826	0.719698560773505
PHC1	-0.930814899677049	0.168639032952215	0.719698560773505
SUSD5	1.35065727115252	0.0331131228238253	0.719698560773505
ICOSLG	2.40268234466168	3.01187542178194e-05	0.0101867256892751
CABLES1	0.0325094665876833	0.907896591010081	0.971130895381778
OMA1	0.592520627204784	0.160341180276578	0.719698560773505
TSPAN13	0.454736586443136	0.344525267555053	0.762251782919766
ACVR1	0.348535497632476	0.169759783435801	0.719698560773505
RAB26	1.00741265379492	0.365304692794334	0.763250423050664
RNF126	-0.996361507828645	0.0774307393658382	0.719698560773505
