gene	logFC	P_Value	BH
RBM47	-3.44101391908886	0.00158344605114902	0.1666211638856
UBA6	-1.11473903165966	0.0905270502714448	0.591870183851919
SHTN1	-0.457059954046386	0.365977706555517	0.67942469061645
SBNO1	-1.35809662636735	0.0231408567876907	0.469162209389149
CNOT1	-0.387505987448762	0.346555217730782	0.668936181579848
MAP1LC3B	-0.277675870460634	0.576261872927143	0.796843591542065
RIMOC1	-1.68132059406992	0.0359100287741049	0.504361088901813
RCCD1	-0.979067405966635	0.00873730708255121	0.373654056348405
GGT1	-0.731507532149401	0.220712424529319	0.646364575664931
UNC119B	-0.0431803105822297	0.926690436311086	0.968488556456412
USP22	0.129796982350072	0.857537863424027	0.941856620422602
RTL8C	0.4609587881213	0.210532424694688	0.641739379360059
SNRPG	-0.597374375071517	0.305267890390924	0.65852725145186
EIF3C	-0.0424897371950053	0.899744982684137	0.959270096042375
UMAD1	0.431936923486102	0.362542927433457	0.67680662344137
NACA	-1.18756031964071	0.0527812514205904	0.543858949330376
RSMC	-0.69941155336366	0.12624239580442	0.607571670616153
KIF2A	0.806565459441735	0.0717097969052744	0.565973283477759
DDX39A	2.94077497766128	0.0580358337183744	0.543858949330376
PDLIM1	-0.865728649205707	0.205691989512304	0.641739379360059
ACOT7	-0.70695064214409	0.380338029978166	0.686033411941155
MYO1C	-1.30513259007319	0.477991906107843	0.742689525312187
SNAP23	0.122093077776178	0.747128463216358	0.89711403816841
AIP	-0.750090585343585	0.286778051194841	0.656976021165371
STXBP3	1.51482619829597	0.203566567903951	0.641739379360059
SMAP	-0.956410432223954	0.138481664133349	0.616792695520846
AP3B1	-0.462969978265299	0.319162994889693	0.664751312949223
PSMD11	-0.0546570145170477	0.907745484353982	0.960657697139955
PSMD12	-0.00133671510002387	0.996715272026624	0.998623528399711
PSMD9	-0.629662988628887	0.153053555746467	0.620677643152565
SUPT5H	-0.392178267268505	0.356013083799513	0.675216972564581
DFFA	-1.18342208291767	0.0918123740074604	0.592418138618621
CLIC1	-1.37337417238797	0.255531168322884	0.656408536714037
EIF3F	-0.466528620701869	0.266824546113504	0.656408536714037
WASL	0.283139223213414	0.576357931917622	0.796843591542065
IPO5	-1.269276371449	0.152305660819906	0.620677643152565
IGF2BP3	0.149175758211907	0.728937094645557	0.88814920320142
DNM1L	-0.448889087947165	0.507695111117463	0.757905761830302
PIK3C2A	0.345363717595159	0.742374144590362	0.895415068781875
IFRD1	0.968546422851066	0.355138245265585	0.675216972564581
EXOC5	2.04009394996216	0.00957017884804317	0.373654056348405
PSMD14	-0.092550425437409	0.794207595825131	0.916449462624409
BIN1	-0.438109219362193	0.384263150889721	0.686227542800645
KPNA3	-0.00670534764233821	0.98413758456998	0.99391427050683
SDCBP	1.72596317300858	0.123731812828548	0.604347921762944
PITPNM1	0.526269599245865	0.251662635659807	0.656382041981408
DDX3X	-0.205349281590394	0.578616074066258	0.797500444190007
PIR	-2.30830571825007	0.0111075163041792	0.391462093299624
PEX7	-0.14661384902206	0.855852057760684	0.941856620422602
KPNA4	-0.412696213135568	0.251239921244543	0.656382041981408
PPP6C	-0.104477553798844	0.806722265589906	0.9227023547284
PDXK	-1.5081154782462	0.0436357235069251	0.526110942635716
SCD	-0.153713861362135	0.697180717172347	0.8691135485808
TRAFD1	-0.0911802609308054	0.884823554277969	0.949806325984122
UBFD1	-0.711777648254699	0.154714383582029	0.620677643152565
COPE	-0.572655932883364	0.270617006251964	0.656408536714037
EIF1AX	-0.543489234689531	0.399327615403656	0.696836852238402
AP3D1	-0.0499590548460773	0.920687040367095	0.966699416837813
CCS	0.318182561673126	0.406373347767938	0.701872014727703
CHD1	0.957770186102483	0.308826892671532	0.658702608746803
GOSR2	1.24294596605242	0.197450543926338	0.638405277287363
PDCD5	-0.910102470036932	0.349929304645677	0.671747102455315
PRMT5	-0.657058894686376	0.210702527643915	0.641739379360059
NHERF1	-0.399185193283422	0.410436618974332	0.703251645396765
CHEK1	-0.135324814901534	0.850698068355352	0.940810249613143
TCERG1	-0.474810430470566	0.71362350482302	0.877934733963967
NDC80	-1.08917114860656	0.00757002396772067	0.3542812153745
POLR3A	0.697601228566697	0.235485356127232	0.648573591406783
TSPAN4	0.642671618870523	0.223967764681652	0.64661112827345
PSMA7	-0.358352259581352	0.298568116423635	0.656976021165371
SCAMP3	0.238923509541628	0.682118417858072	0.860646001293604
GEMIN2	1.10956685798853	0.0602581371072152	0.544325822246218
TAX1BP3	-0.761120646241288	0.331866263210395	0.665674297109786
GIPC1	-0.388468123026097	0.307233053855437	0.65852725145186
IKBKB	-1.58378836434497	0.170856567209892	0.632228373587721
HAT1	-1.30810786037377	0.0519632063531732	0.543858949330376
MYL12A	-0.339548088941271	0.51516618032145	0.759479505077384
HGS	0.215517426954275	0.650393657506121	0.842250852491615
AURKA	0.209734468616858	0.605037941257339	0.812245666244722
PPP1R12A	0.636315162453791	0.257825578024821	0.656408536714037
GAK	1.04207888089975	0.060624992135617	0.544325822246218
HNRNPDL	-0.865166325329692	0.152661939395279	0.620677643152565
XPO1	-0.236392226109118	0.574910954509319	0.79646921728679
BTAF1	1.0023705098773	0.0219850022304704	0.469162209389149
SPTBN2	1.36636743225766	0.00474836209278332	0.279782397685717
SEC16A	0.481350663682072	0.331603108732289	0.665674297109786
PLXNB2	1.43640604333412	0.196970640282802	0.638405277287363
PFAS	-0.975354395280711	0.248394679639732	0.654117553716083
MCF2L	0.646093074986556	0.19306509041537	0.638405277287363
LSM1	-1.40152798887194	0.0651969409390958	0.548789429199397
ARPC1B	-0.432980835721448	0.284916947097027	0.656976021165371
ARPC2	-0.630631154477381	0.18877339412538	0.638405277287363
ARPC3	-0.430913344082413	0.380344448912647	0.686033411941155
POLR1C	-0.353458429624961	0.422419987231044	0.712308083058286
TRIM24	0.362481595823009	0.433397296546814	0.716816318104401
PFDN6	-0.716679833965951	0.333127088300267	0.666546113454973
OGT	-0.0938355982169981	0.779957184730849	0.912571685888933
PMM2	-1.00137070120826	0.107216368250575	0.602215030741867
POLR3G	0.0267401173163861	0.949592619822072	0.979998294841005
HMGB3	-0.67538225916163	0.34959821798522	0.671747102455315
PPM1G	-0.856344551096562	0.366203890541283	0.67942469061645
INPPL1	-0.43199244079922	0.488015674555697	0.747484609565204
EIF3D	-0.0965347402254757	0.792774825203883	0.915917238310001
EIF3H	-0.262699809369249	0.44078055888721	0.71769838318384
IPO8	-1.71695192968883	0.00392414553072394	0.260480058863828
SLC16A3	0.118439064425441	0.833283878346146	0.93216063638188
MAGEB2	0.00116621000479	0.997304622690616	0.998707777983844
YKT6	0.0176926111940574	0.969792168627259	0.987867711478497
ARPC5	-0.605960057002736	0.295122414996647	0.656976021165371
DHX15	-1.76366498730151	0.0658687992126616	0.551967844706771
RNMT	0.46650287562386	0.498813390357878	0.755636360701648
TTI1	-1.58694412275206	0.043539894997513	0.526110942635716
PRPF4	-0.321721807958063	0.484358641766836	0.746736074449198
PHGDH	-0.916525594405339	0.239403684208169	0.650816742143476
DYNC1LI2	0.672280956597845	0.121249855683848	0.604347921762944
PSMD3	0.147730566477097	0.708466771786196	0.877093958110882
PAPSS1	-2.33011988919724	0.000627508905470045	0.118316804126377
ZW10	-0.465450426803915	0.356492117791973	0.675216972564581
PPIP5K2	0.263898850496467	0.674231666513365	0.856358239953485
MAP3K7	-1.29408692629392	0.0126122609409892	0.406502871867267
EEF1E1	-1.27482049068073	0.101805959586397	0.602215030741867
HNRNPR	-0.105709107823706	0.800940254476177	0.920556446092552
TXNL1	-0.394036888152073	0.333363878160077	0.666546113454973
TPD52L2	-0.0139567123283229	0.974822697284357	0.989783627210368
FIBP	0.669158240021549	0.0957339031257795	0.592418138618621
EIF4G3	1.57686668669382	0.0318445748936598	0.488154032211346
PPIH	-0.322241714817338	0.564813993347947	0.789441648967795
AKR7A2	-0.82595598230025	0.337686017027911	0.668936181579848
EPB41L2	-0.82476999321614	0.276716971846464	0.656408536714037
DENR	1.07418975408116	0.312552088955232	0.660744963479306
XPOT	-0.773837259864983	0.305186867165456	0.65852725145186
DNPH1	-0.713522066203112	0.287207624223341	0.656976021165371
TRAPPC3	-0.0577029724184328	0.905866674867873	0.960657697139955
ZNF207	-0.291308864228014	0.491313878507857	0.750099042855518
GET3	0.354073271330293	0.341757811474911	0.668936181579848
BUB3	0.0551484171979624	0.872754597425221	0.944649135158011
ACTN4	-0.452262277131943	0.330320907979158	0.665508487700431
BUD23	0.127968637466171	0.695049925211668	0.868466954265474
HTATSF1	0.489616799236725	0.359146084885041	0.676113996076094
AP1G1	0.47195019846513	0.583631933566874	0.799582260169905
SGTA	-0.744587960525219	0.124042771531296	0.604347921762944
ENSA	-0.561616984894911	0.311597598192164	0.66017472585964
NARS1	-1.4030141273237	0.127382564653982	0.607571670616153
MYO1B	0.342719230972875	0.392394464822786	0.691257496697687
NUDT21	0.585938899321192	0.263150983227407	0.656408536714037
LANCL1	-0.40009548342729	0.268088529672615	0.656408536714037
STRN	0.931949709836367	0.131560873829087	0.608948890339362
RRP9	-0.262606109698581	0.727482701143904	0.887363471163216
AKAP8	0.152031104363697	0.678069375051333	0.858629823142571
NRDC	-0.2236301519136	0.554218631358799	0.783342750694915
CALU	0.0142861943375081	0.963013399430709	0.985910637072064
AHCYL1	-0.336921348193794	0.378480532113037	0.686033411941155
ORC5	0.607094412847296	0.581181311372107	0.798118656263957
PDE6D	-0.287414011977816	0.360254413976892	0.676113996076094
PEX1	1.09560472036617	0.0520252793749876	0.543858949330376
DHX16	0.589179379468	0.227069177095169	0.647073334812313
ZNRD2	-0.515839663835841	0.337678855920737	0.668936181579848
PCDH7	0.66065552970786	0.135886765151279	0.614817367624663
PRPSAP2	-0.160651586175856	0.791244699168805	0.915642981625276
SMARCA5	0.577469802220634	0.293820435631535	0.656976021165371
SPAG9	-0.560324588152309	0.301752753403632	0.656976021165371
AQR	-0.109528811025456	0.920846364533263	0.966699416837813
KIF1B	0.512425024651343	0.342941085059121	0.668936181579848
KDM1A	0.362920764064498	0.443873199984974	0.718362207329991
TBC1D4	-0.008041987272982	0.991450940550902	0.995147330073374
ACSL4	0.255715325306895	0.494159752210801	0.75236841943205
SNX3	1.01352849458143	0.107755287709006	0.602215030741867
OGA	-0.931813600979829	0.152077209896034	0.620677643152565
SYNCRIP	-0.205148769164154	0.53443494119844	0.772546278237635
RANBP6	-1.27425672131007	0.113931867174555	0.604347921762944
NEMF	0.660426588274426	0.148652312690536	0.620677643152565
BUB1B	-0.898480906911391	0.207511885905452	0.641739379360059
PLOD3	0.508473358431605	0.321952589715944	0.664751312949223
EIF4E2	2.58833123049924	0.0139699977428077	0.425382885829998
DIAPH1	-1.10254113567658	0.141501543992628	0.617034746025468
EXOC3	0.737118942068129	0.0614731959477497	0.546206283066445
PLIN3	-0.80488812090784	0.346923413461707	0.668936181579848
RAD1	-0.951976625937487	0.190995989826104	0.638405277287363
PRMT3	-1.16783001419849	0.0778672059123684	0.574612355288872
KPNA6	-0.0119604587343431	0.981492014213448	0.993026089604775
UGDH	-1.1151939281964	0.209473506844081	0.641739379360059
CTNND1	0.216916810192945	0.553409832609135	0.782786376132427
EIF1	-0.286694875584153	0.431303148002505	0.716816318104401
SNX2	0.331919677916787	0.357941393138489	0.676113996076094
USO1	0.387343272696381	0.267641984307949	0.656408536714037
TOM1	-0.0382259460605567	0.92538921921795	0.968488556456412
H2BC11	6.38615285787672	2.05350266060387e-06	0.00774375853313721
CCDC22	-0.2489237468941	0.512950661060483	0.758984645290704
DKC1	-1.15792255650227	0.00438981916168785	0.271377181290572
EIF5B	-0.34382113382097	0.436225475487655	0.717631351501575
EDF1	0.298969597664367	0.58723148861966	0.802336936081426
DNAJA2	-0.175059675680338	0.736216231318833	0.892404824269791
CUTA	-0.471833289483001	0.602446649843463	0.810886664159998
HUS1	-0.525195115904143	0.109402776332109	0.602215030741867
NOL3	-0.589246834841664	0.351700861284417	0.671866235006858
SRGAP2	0.104757086960067	0.819223421734256	0.926749561763243
WDR1	-0.326816211575412	0.629656631777028	0.830222083367543
ROCK2	0.149022942265791	0.738668848354636	0.893615763904375
CPNE3	-0.835053305675778	0.0976707575450734	0.598951723940302
CLUH	-1.14509244890132	0.0230181437569356	0.469162209389149
PPP6R2	-0.261650891455218	0.504751260057366	0.757729698119557
ANKRD17	-1.05578446112539	0.147649454842338	0.620677643152565
GGCT	-1.14975867010453	0.0925960388321846	0.592418138618621
ZPR1	-1.12702751691606	0.126754068746103	0.607571670616153
PDCD6	-0.627312276376855	0.345057343225203	0.668936181579848
TBCA	-0.609516355628923	0.548059843793134	0.781078484861643
ATP6V1G1	-0.396327321432725	0.326370884456416	0.664751312949223
VPS4B	-0.48905105913293	0.453179810744795	0.721674225240711
SH3BGRL	-0.681158473412488	0.322217482739821	0.664751312949223
FLNB	-0.833477505968652	0.117016279211594	0.604347921762944
NCOR1	-1.13498341493486	0.105989053898728	0.602215030741867
CS	0.314720423413362	0.434806801819015	0.717631351501575
SPAG7	-0.513361256986158	0.392772758060485	0.691257496697687
SEC22B	0.55787148726543	0.319518272647404	0.664751312949223
VPS26A	0.0515414011458759	0.871590067242796	0.944312496923368
PSIP1	-0.0337858929763293	0.960218728520237	0.984766066154423
HSBP1	0.100790886432165	0.81775788860316	0.926436244152591
BANF1	-0.284742357331204	0.67357995361228	0.856324765064141
SF3B1	0.459091161405325	0.153755989931726	0.620677643152565
CSDE1	-2.86245676811222	0.00615093622103439	0.320044363173403
CRCP	0.703800668352191	0.3004347649887	0.656976021165371
NPM3	0.391198052911101	0.50822044789084	0.757905761830302
LYPLA1	-0.332118218483235	0.464682286280225	0.730898856501695
SNRNP200	0.045818233333339	0.902185663002396	0.960657697139955
TIPRL	-0.574388795472313	0.217025992000798	0.646364575664931
TOM1L1	-0.19682114666379	0.688405501655242	0.864173484268282
RPS6KA4	0.694236494739997	0.137253121775431	0.614817367624663
NUP155	-0.350956270996011	0.439611193597517	0.71769838318384
WDHD1	-0.223745150667153	0.542923739610433	0.775811073160646
RNASEH2A	-0.838979305657542	0.118877781601615	0.604347921762944
CDC123	-0.57998273947328	0.389097212835479	0.689842348021733
POP7	0.442680221419099	0.597817212019739	0.808307173369106
RPP40	-0.310302715265813	0.460369599372067	0.72790514013923
EIF3G	-0.474555248710086	0.247444595013717	0.653997672632632
EIF3J	-0.10453191021497	0.870735036683914	0.944312496923368
PSMD10	-1.24934591126149	0.00727080705702819	0.351515556564786
IDH1	-0.282279235656159	0.715550350073986	0.878530471504377
DCTN3	0.991166940117814	0.0204435309520462	0.4561689657998
DNAJC8	-0.214723824973888	0.531391236600204	0.770721674315142
TRIO	0.566125552276777	0.260014517324571	0.656408536714037
MPDZ	-0.257873157819066	0.655859383397114	0.846247928321167
GLRX3	-1.67234692667383	0.0556061478644754	0.543858949330376
SNCG	-0.131089203682755	0.832536572306464	0.931832460581952
CIAO1	0.530584273363118	0.261738337631544	0.656408536714037
SRP72	0.292941812270129	0.383739341947844	0.686126930166809
DDAH1	-0.0816195433630824	0.860931399861607	0.941908270297651
MTA2	0.486325459480543	0.538457662880847	0.773625630825347
DDHD2	0.739144280565132	0.209766847715758	0.641739379360059
SEC24D	0.303651232917225	0.502798973565264	0.756673536371456
UBXN7	-0.0411723096237644	0.903757056473573	0.960657697139955
PLPBP	-2.09379603196357	0.0295678803206405	0.487350108810577
FRYL	1.45314665056922	0.0124014528487242	0.406040756523009
USP19	0.174727861498983	0.671349874795372	0.85473381038826
AP2A2	0.744845806073393	0.160717331994855	0.62568016865396
SEC31A	-0.162489172930574	0.642310753807738	0.836176999987096
HEXIM1	-0.203054042860192	0.605607106437579	0.812720426468366
CCNB2	0.232688453332244	0.694301806239838	0.868395393476096
UBR5	0.447976681527365	0.322552301432495	0.664751312949223
UBE4B	-0.640277627743473	0.154716781904909	0.620677643152565
ELP1	-0.740847272909335	0.290831388302793	0.656976021165371
GABARAP	0.140382509031419	0.733622976714326	0.890692931484135
ZRANB2	0.181696066939413	0.620026678166148	0.823862087161573
SNX4	-0.0263103319142353	0.948352787994787	0.97952297001598
ZWINT	0.116456555883225	0.763864701629185	0.903333519495389
LUC7L3	0.125991884649306	0.865149726522891	0.943381369963311
KIF4A	-0.520226545454637	0.442215490263386	0.71769838318384
SNAPIN	0.336056404467065	0.373879224076668	0.684730299023546
MPZL1	-0.169986402131794	0.65604627690476	0.846247928321167
PGLS	-2.06237916412716	0.136784817393376	0.614817367624663
SMC2	-0.137817619658698	0.748281432416005	0.897223936928698
ATG7	-0.692896344425549	0.231785521198724	0.648573591406783
TRIM16	-0.512225832359899	0.480462043257833	0.74438059372444
IPO7	-0.915102653981663	0.326159535666049	0.664751312949223
TNFAIP8	0.323589282958242	0.557590096443669	0.785691948141651
BAG4	0.422979564550417	0.435327703677013	0.717631351501575
AHSA1	-1.47008661476044	0.116119330470641	0.604347921762944
PARN	-0.825401399171376	0.0838966424678277	0.581536275984974
PSMG1	-0.797861545379014	0.225194158516322	0.64661112827345
FMNL1	0.605775969057845	0.0989812167926807	0.600093518529259
SEC24A	-0.0115233003457504	0.973306316935285	0.989576198749787
TDP2	0.400745656883831	0.676361609132916	0.857330967408479
CNOT4	0.682500233763001	0.321703877872279	0.664751312949223
STAMBP	0.502792563596383	0.383054955619128	0.68607531521423
EYA4	0.263755218000178	0.45203180550635	0.72107104000188
CEP43	-1.50953833402861	0.0595690642408894	0.544325822246218
SNAP29	0.216504027186168	0.62358385208509	0.825969338325562
OXSR1	-0.233122209695445	0.717696383488683	0.879103007770975
HSPA4L	-0.329311924775492	0.502670319237175	0.756673536371456
LSM8	-0.679232652621906	0.122613105203225	0.604347921762944
AP2A1	0.0969842599437882	0.774081203872226	0.909728013592862
TTC4	-0.147392892992976	0.742498785489505	0.895415068781875
BAG2	-1.17165523827309	0.0334184740865266	0.500083594366237
BAG3	0.288442874850489	0.600637389382344	0.809685476357728
CLIC3	0.0682862451904676	0.883808931730408	0.949528057423182
EML2	-0.434635146559401	0.428720495643301	0.715747995824684
BPNT1	-1.25350186094642	0.21827383327515	0.646364575664931
DDAH2	-0.25377361802478	0.643004209392757	0.836704235203619
TXNDC12	0.52094584598899	0.206083375592876	0.641739379360059
PTTG1	0.00987211784775965	0.987036099068817	0.99468549695043
ZBED1	-0.606950670382489	0.21552631941617	0.645726869188927
MOCS2	-0.591160522220761	0.378579046955354	0.686033411941155
ACTL6A	0.217903688224759	0.630902418355628	0.83056941998729
LDHA	-0.848004949008928	0.329768621877956	0.665508487700431
DHFR	-0.669756727661166	0.382781426794579	0.68607531521423
GSR	-0.533048401295165	0.47069391260539	0.736509022587106
SOD1	-0.996843321204384	0.237300512940647	0.649862189033536
PNP	-0.762079014489366	0.380356255583309	0.686033411941155
HPRT1	-0.945782217647345	0.369209534573107	0.681228092433992
PGK1	-1.78782722101343	0.120488257186752	0.604347921762944
AK1	-0.979306065841872	0.210777554122224	0.641739379360059
ASS1	-1.20091601867199	0.218299183961135	0.646364575664931
NRAS	0.729892167689393	0.272903162984338	0.656408536714037
HLA-B	-0.605235740609334	0.305816435153959	0.65852725145186
LMNA	-1.24789339310521	0.0162860986201038	0.446934190649317
TFRC	-0.0949786766678855	0.832190794960528	0.931832460581952
FTL	1.16075615013825	0.266824178291441	0.656408536714037
FTH1	-0.0204901494813328	0.98416226095797	0.99391427050683
CAT	0.309927923260084	0.425442968564043	0.714283978662059
ALDOA	-2.10040615490201	0.0568569638231463	0.543858949330376
CSTB	-0.0146038135407984	0.979109676684843	0.992066199602806
ANXA1	-0.747075243447924	0.491115394392165	0.750099042855518
NR3C1	-0.616549068104103	0.137299299673433	0.614817367624663
KRT1	1.64184472236663	0.0520106048853548	0.543858949330376
GAPDH	-1.97060122044081	0.121666706618927	0.604347921762944
HLA-A	-0.0906602291761018	0.782689955689515	0.913238863452337
CAPNS1	-0.93061192404403	0.145974970574701	0.620677643152565
HSPB1	-1.10373177709824	0.237804480388246	0.650297821279242
TYMS	-0.786723165628935	0.370855844152891	0.682860052881129
GNAI2	0.207000530053499	0.840119653679143	0.935644186067351
ATP1A1	0.309413361109641	0.523059671114489	0.764371308889574
ATP1B1	0.159234978136613	0.74190460185684	0.895415068781875
ALPL	0.14954070832033	0.681440747762477	0.860298982193606
ALPP	0.213197434172656	0.867468454697551	0.944312496923368
EIF2S1	0.112699831756625	0.783278734934832	0.913238863452337
RPLP1	-0.924840184672203	0.159279895114568	0.62568016865396
RPLP2	-0.603028046898508	0.444074544325805	0.718362207329991
RPLP0	-0.151469025849266	0.693557963929509	0.868040850308058
SSB	-0.869491651623488	0.115115337332402	0.604347921762944
ITGB1	0.43128456480899	0.293801981334079	0.656976021165371
KRT18	-0.17221516110353	0.660584077656954	0.847378802172281
KRT8	-0.137662250808759	0.718864176572186	0.879103007770975
UROD	0.262543373957584	0.710715672147118	0.877368245498791
CDK1	-0.684392011582002	0.627604487420437	0.828946573623497
ATP5F1B	-0.0409507138326966	0.937171794007774	0.975186212804446
EIF4E	-0.692438237444232	0.048701146917758	0.543563375321491
ENO1	-1.62621076087236	0.170937862883982	0.632228373587721
PYGL	-2.34762846567941	0.00628181167808064	0.320044363173403
GPI	-1.38494176637937	0.263026323973048	0.656408536714037
POLB	0.462429890325087	0.265811892582924	0.656408536714037
NPM1	-0.074404543998412	0.857550520913471	0.941856620422602
TPM3	-0.705474176277509	0.268470487872047	0.656408536714037
ITGAV	0.933079675885402	0.136284334783327	0.614817367624663
HEXA	0.651170000364218	0.217485539584694	0.646364575664931
DBI	-1.04644157316368	0.248944421310881	0.65419471272706
LDHB	-0.682102926222868	0.274308586056478	0.656408536714037
P4HB	0.266058972855788	0.421300195861952	0.711793476073217
CTSD	1.13301585135508	0.0536133314834893	0.543858949330376
ANXA2	0.0838691114334189	0.871534811326499	0.944312496923368
CAPN1	-0.780172308994615	0.348549787835675	0.670814675382108
TUBB	-1.10081890946301	0.277998780662595	0.656408536714037
PSAP	0.465555856384455	0.380927144434087	0.686033411941155
HEXB	1.01110960088689	0.071804267639908	0.565973283477759
CTSL	0.582776077805015	0.30142232218385	0.656976021165371
PFN1	-1.74939846128701	0.193721047072722	0.638405277287363
APRT	-1.26630802173639	0.199595760563606	0.638972622285924
EPRS1	-0.72695617909433	0.222015889138102	0.646364575664931
CTSB	0.629545671631934	0.299977186362203	0.656976021165371
HSP90AA1	-1.44643153805346	0.0644015231395883	0.546631960681267
HNRNPC	0.252723308108031	0.445304051778805	0.719161275913436
LYN	0.603465390791687	0.29163684458233	0.656976021165371
TPM2	-1.40207983985398	0.0869248504251982	0.581536275984974
FH	-0.501939056733178	0.425448893611755	0.714283978662059
SP1	-0.136515130953278	0.814122653589231	0.925273214793547
ANXA6	-0.79122311654093	0.0944887406017206	0.592418138618621
CD55	0.515399192470863	0.298680918213081	0.656976021165371
SLC3A2	0.316641164595705	0.425618582888544	0.714283978662059
PFKM	-1.76351417380751	0.085658754857286	0.581536275984974
HSP90AB1	-1.40658770362661	0.0952963931680589	0.592418138618621
ASNS	-1.78990816355044	0.0646507171741833	0.546631960681267
SNRNP70	0.148451064539717	0.827174422928654	0.929485696870758
ITGA5	0.640680633375052	0.357391729075757	0.676005748931938
NFIC	0.290864143179252	0.569474870698305	0.792738622752744
VIM	-0.22243349629154	0.541184684289039	0.774206162539441
RPS17	-0.0746975485315247	0.850249178044594	0.940810249613143
KRT7	0.175298001000627	0.602745610025499	0.810900355121712
ANXA5	-1.62447363890493	0.142354873784714	0.617034746025468
RPSA	-0.295107071582393	0.431011288529266	0.716816318104401
SNRPA	0.948672934782095	0.07518354652776	0.570964569388321
GSTP1	-1.13566728476352	0.241507985915676	0.65170955321972
LGALS1	-0.858321324193934	0.305569341879525	0.65852725145186
QDPR	-1.51475124178069	0.0387405690891716	0.519651018560197
HMGB1	-1.67364445752459	0.106325902186861	0.602215030741867
TPM1	0.343421321042417	0.603853549761796	0.811746970102029
CLTB	0.661584740724543	0.345935812016048	0.668936181579848
ANXA4	-0.415371174549218	0.706361225191771	0.875134160857116
CNP	0.0666905528380681	0.881606728038248	0.948376995860595
HNRNPA1	-0.23643426095672	0.520331676895946	0.762896871529786
SNRPA1	-0.013834460940803	0.96674145023233	0.986358768621785
PARP1	0.571821057147691	0.221604555484391	0.646364575664931
POLA1	1.05897956148885	0.0345394493393063	0.500905031060203
ALPI	0.454244699567624	0.221773993578469	0.646364575664931
LTA4H	-1.10418705829627	0.156671202196383	0.621467265051329
ALDOC	-4.71832283474605	0.00542153990168721	0.299441208447922
H2AZ1	-2.32243495228837	0.034801675454196	0.500905031060203
RPS27A	1.06859892996953	0.329740996572284	0.665508487700431
TRAPPC2	0.279651936318103	0.46967006117482	0.735212038476648
SULT1A3	-2.30922275254296	0.0818758772757245	0.579360914478612
HSPA1A	-0.765327971750512	0.0934936408141349	0.592418138618621
CALM1	-0.670944376838293	0.172600247742159	0.632532103241673
POLR1D	0.272475058911375	0.532744747942641	0.771661527042909
RO60	-0.535648693801889	0.21613081708878	0.646335694878501
RRAS	0.125837191999935	0.776925960782959	0.910720484337127
ARAF	-0.701763816103231	0.148700949276227	0.620677643152565
PTPRF	-0.172373437578788	0.874964293039351	0.945786104357703
TXN	-1.22301411125791	0.229075285593858	0.647073334812313
PRKAR1A	-0.586421702560777	0.324868201835873	0.664751312949223
ESD	-0.824655948822475	0.191808247387604	0.638405277287363
HSPD1	-0.0762684815670376	0.841103284611677	0.935866143482722
CLU	0.0320567309966115	0.921184734002368	0.966699416837813
HSPA5	-0.0690013886091947	0.817325316478527	0.926436244152591
HSPA8	-0.766634515269022	0.16602186100397	0.632228373587721
SLC2A1	0.240939851147274	0.685105927461345	0.861752652587302
EPB41	-1.17353084288306	0.261363109913195	0.656408536714037
UMPS	-1.49658391790776	0.0411912869768532	0.524771429694978
BCR	0.483130687603023	0.311371165713068	0.66017472585964
TOP2A	-0.66716207907827	0.183247313565069	0.638405277287363
G6PD	0.107281318939375	0.84181571770818	0.935866143482722
UBL4A	-0.327907230862667	0.475420897746547	0.740416665093973
DMD	1.54080307463463	0.155946767193838	0.621467265051329
MTHFD1	-0.41534417377196	0.438011466140001	0.71769838318384
ADH5	-0.621965572179185	0.438964664790794	0.71769838318384
CDK4	-0.504177811943045	0.344455522609981	0.668936181579848
PRPS2	-0.401071771265286	0.340187614224735	0.668936181579848
PABPC1	-0.10025538344221	0.807946249124938	0.922939226946061
PCNA	-1.21539591622293	0.0129316589665978	0.413265135280002
HARS1	-1.73571573793037	0.0570618930612613	0.543858949330376
COL6A1	0.271357434841249	0.385548845641087	0.687750566183793
IMPDH2	-0.901398905399571	0.16443421635607	0.630164054754816
TPR	0.505111440710326	0.127788713317113	0.607571670616153
CKB	-1.10260946550991	0.363012464865727	0.677278347460226
ANXA3	-1.27327555378443	0.174135276247107	0.633029297272087
ACTN1	-0.209774226288353	0.594318731143264	0.805444634833794
PEPD	-1.00194279800152	0.243344620990871	0.651741879088477
XRCC6	-0.15034760918563	0.775771671105774	0.909979728977313
XRCC5	-0.16550433955544	0.646560408755945	0.839101088786527
LAMP2	0.931225480438734	0.0560059488066714	0.543858949330376
RNH1	-1.30289903884941	0.162951260971914	0.627029801148049
EEF2	-1.80705189142772	0.0865428475817448	0.581536275984974
KRT10	2.38738219067866	0.0581603950225349	0.543858949330376
PDIA4	-0.0203683369093213	0.951798429824055	0.98120062298155
TPT1	-1.18472957101011	0.127286312576199	0.607571670616153
PLS3	-0.568183984253963	0.371881593607882	0.683413981235537
APEH	-0.740441749619453	0.235930664300538	0.648573591406783
GYS1	-0.807669316996396	0.0578753703477672	0.543858949330376
PRKAR2A	0.405519627197851	0.292733600205046	0.656976021165371
ENO3	-1.78547732097649	0.13318539825917	0.611916834175525
GTF2F2	0.218915721319082	0.660363287893808	0.847378802172281
MIF	-0.627987352141673	0.53068926060755	0.77029607457701
CD99	0.395737891403634	0.630390383474134	0.830318594509591
PRKCSH	-0.0350904175341213	0.918453639088808	0.965848457246556
FDPS	-1.05474753200279	0.155149380656592	0.621348689590289
CPM	0.206763696146339	0.723480053188577	0.883784671387795
AKR1A1	-0.955513667841867	0.221260470637782	0.646364575664931
PKM	-1.34134989598186	0.219625562420114	0.646364575664931
ACYP2	0.181984651490705	0.717102539638792	0.879103007770975
HSP90B1	-0.162625752484836	0.709964263646555	0.877368245498791
CCNB1	0.713641327491512	0.342256754675326	0.668936181579848
SNRPB	0.0107168347619861	0.977332326415062	0.991530859002205
IDE	-0.0631793650130703	0.851244914261481	0.940810249613143
HNRNPL	0.34733413513257	0.646038114369045	0.838915196035009
DARS1	-0.188313111527279	0.70436104752986	0.87373207573523
JUP	0.275891172207643	0.489081878507466	0.748509644420315
AKR1B1	0.107153656331633	0.907107464717345	0.960657697139955
ANPEP	0.762026673070917	0.138147263266868	0.616512816306934
GSPT1	-1.37517690985962	0.0919302368165622	0.592418138618621
EZR	-0.414267611549537	0.293632572594968	0.656976021165371
UCHL3	-0.967806878241873	0.162548087436671	0.626168591414095
NME1	-1.07416890179482	0.233365871545011	0.648573591406783
NQO1	-1.42671268715696	0.116593243489975	0.604347921762944
GNS	0.924751573910811	0.0298644863257264	0.487350108810577
RPS2	-0.120526696549064	0.728045313235514	0.887363471163216
TCF3	0.653130790162216	0.190275134720641	0.638405277287363
DSP	1.93749238809065	0.0019109695408936	0.169833052738304
RPA2	-0.00551321298918594	0.990347857046769	0.995117632050451
CD44	-0.045166051531865	0.914965308544959	0.964414211858895
NQO2	-2.64180651526952	0.00145955111081594	0.1666211638856
CBR1	-1.12231826929824	0.207787814689527	0.641739379360059
NCK1	0.387921546294532	0.474947777266425	0.740400193498011
H1-5	-1.36592072730577	0.0544533641226141	0.543858949330376
POR	0.500215689353809	0.47902302932406	0.743678815801165
FAH	-1.17984761788332	0.158528737486719	0.62568016865396
STMN1	-1.59931203422791	0.0995391192846567	0.601100744514566
YBX3	0.26490323249574	0.636505180376466	0.833423970555435
HSPA6	-0.536820942669902	0.255377196265327	0.656408536714037
HMGA1	-1.3690516871234	0.0143264704180466	0.426478915100866
GOT1	0.133507754400991	0.91504844002282	0.964414211858895
PRKCA	0.970390186950311	0.231271271774935	0.648419305474557
NPR3	0.559478187774282	0.532290694927257	0.771432824969518
PRKACA	-0.102387765473424	0.791387791936512	0.915642981625276
CAPN2	-0.637073390341989	0.188350387330076	0.638405277287363
PTPN2	0.156814375801194	0.80191122274048	0.92139159687823
CTPS1	-0.97693192050766	0.233542047375953	0.648573591406783
DDX5	-0.759510047599761	0.0588026841268102	0.543858949330376
PFKL	-0.959636676742331	0.278892354091495	0.656408536714037
LGALS3	-0.739912671139209	0.337817783317179	0.668936181579848
PSMC3	-0.232964045853755	0.572397060778203	0.793706982589565
TCP1	-0.771313450027595	0.21793124351561	0.646364575664931
ERCC2	0.724881785195841	0.261217932120251	0.656408536714037
RPL35A	-0.115157880210944	0.754346766451271	0.901343997556319
ARF4	-0.926261343587171	0.137600016110985	0.614817367624663
RPL7	-0.210850608358271	0.617990300088987	0.822895982215949
VCL	-0.559257460777957	0.372931043028519	0.684263524435598
NELFE	0.0398317108933242	0.951647897446694	0.98120062298155
RPL17	-0.000756948274002411	0.998069033320766	0.998863674270862
PGAM1	-1.49966275730888	0.122368411399419	0.604347921762944
RCC1	0.411002154763555	0.308456204340967	0.65852725145186
LIG1	-1.49972901790535	0.00312470421982315	0.235665192259062
PLCG1	-0.496956115973571	0.539525089191542	0.773625630825347
NCL	0.372573004727837	0.406493895562265	0.701872014727703
HK1	-0.502613258818329	0.159004617964113	0.62568016865396
POLR2C	-0.41809381542668	0.306972683200876	0.65852725145186
POLR2E	0.0739679174819301	0.866265263861701	0.943583567308629
EIF2AK2	0.0829790458931008	0.825026081043814	0.929485696870758
SRM	-1.15773818284256	0.134484244373885	0.614817367624663
CSNK2A2	0.372370681327546	0.259662558927648	0.656408536714037
RXRA	0.299362354165009	0.498948432285098	0.755636360701648
NFKB1	-0.378575377319549	0.481949609090761	0.744578169391711
EIF2S2	0.557276751180332	0.188879700000206	0.638405277287363
ANXA7	0.185456072735278	0.827424704241791	0.929485696870758
BTF3	-0.941930728500967	0.208681254131133	0.641739379360059
RAB3A	0.401625796698205	0.437876455305713	0.71769838318384
RAB4A	-2.69686512243855	3.40685961213701e-05	0.0256945351947373
RAB5A	-0.295093504970531	0.371372430362237	0.68316133921709
PSMB1	-1.02315533195515	0.0470397252992112	0.543563375321491
LMNB1	0.0454831887215477	0.901145039445647	0.95994857168066
BCL3	-0.189064072923401	0.791567117550683	0.915642981625276
CAST	-1.44674468845764	0.0188954389161274	0.448995344399328
IMPDH1	-0.843245104529242	0.169687671528742	0.632228373587721
PTMS	-1.56402615012848	0.108765624864896	0.602215030741867
CDK11B	-0.250966328382045	0.715103569379492	0.878530471504377
GSTM3	-1.42462865156923	0.0977413237386687	0.598951723940302
ATP6V1B2	0.21561716003395	0.570000839645775	0.792818472096374
ATP6V1C1	-0.320200485730254	0.422325401571244	0.712308083058286
CSRP1	-0.0614436139265813	0.856317125362308	0.941856620422602
FLNA	-1.03427679197035	0.180766342748326	0.638405277287363
ACO1	-0.684213560091624	0.561544699797032	0.787360782549839
TGM2	-1.16955795162956	0.184729998749865	0.638405277287363
OSBP	0.302110247437362	0.502843776755998	0.756673536371456
PCMT1	-0.596273713675583	0.181561392486459	0.638405277287363
FBL	0.611974202682728	0.348659974475983	0.670814675382108
GART	-0.726578320500845	0.418286385424634	0.708606450780007
PAICS	-0.970778680419876	0.339806795457325	0.668936181579848
UBA1	-1.30719825498285	0.206148726716706	0.641739379360059
NME2	-1.21027646057703	0.276814212121409	0.656408536714037
HNRNPA2B1	-0.183500779167456	0.633628894817075	0.831507073266762
RFX1	0.960275976704722	0.285227505951631	0.656976021165371
CBL	0.914558683643083	0.129317432487451	0.607571670616153
PRKACB	-0.162746197664752	0.683770722970959	0.861033836881484
TCEA1	-0.164785647677473	0.857548423649109	0.941856620422602
SFPQ	-0.10063182018752	0.910925641797746	0.962752408974019
PPIB	-0.0132602093203431	0.966195200641851	0.986341382831216
WARS1	-1.14725486345322	0.113184330977293	0.604347921762944
RPS3	-0.525470273170807	0.128732686291433	0.607571670616153
SP100	1.48998116132206	0.116752331361723	0.604347921762944
AHCY	-0.781158239822908	0.441968359622962	0.71769838318384
CFL1	-1.32081002076258	0.130932098516325	0.608948890339362
EIF4B	-1.02984095474812	0.0450261128518059	0.53092512865527
F8A1	0.528338749348247	0.119979368304771	0.604347921762944
DTYMK	-0.530512237860691	0.448096278607257	0.72085062490642
RRM1	-0.799245928536067	0.115989453906089	0.604347921762944
EEF1B2	-1.04322877373085	0.210849931325143	0.641739379360059
ACP1	-0.923207637303818	0.218986825495857	0.646364575664931
MYL9	0.380957770245839	0.340842329992542	0.668936181579848
POLR2A	0.793565575045164	0.185268054166895	0.638405277287363
CDK2	-0.0293936844414411	0.943893447978303	0.977421345108788
GRK2	-1.81085267605891	0.0370719922029613	0.511219431871961
MCM3	-0.181666377024165	0.592188615607293	0.804670691602253
MPST	0.118380306904378	0.834901264910377	0.932796729423461
RPS12	-0.403322923125948	0.368594732244192	0.681024368100366
YY1	-0.116669844772268	0.847516368057515	0.939166683498351
DNAJB1	-0.381779257333875	0.52597582447529	0.766700747621306
DNAJB2	0.196010891837961	0.752573911733736	0.900366821430178
PSMA1	-0.500626331840113	0.234038290429625	0.648573591406783
PSMA2	-0.221157358837758	0.51159915867567	0.758850080882707
PSMA3	-0.400664950360678	0.274238547812349	0.656408536714037
PSMA4	-0.386560293652678	0.422163377412453	0.712308083058286
ITGA3	0.363749936848588	0.403638999976226	0.699907982771456
MSN	-0.26849124016848	0.520024256159664	0.762896871529786
DDX6	0.527682332784146	0.166762836843662	0.632228373587721
DNMT1	0.44355271584039	0.32363522488827	0.664751312949223
U2AF2	0.627777158726907	0.176927856192422	0.634600953463834
RPL13	-0.803217471804132	0.0403465100405119	0.52305455305149
S100A4	-1.64816697659372	0.128101273816666	0.607571670616153
HMGB2	-0.885825120851926	0.0260643901018276	0.481497671626796
PTBP1	-0.0360091222825822	0.918991493292193	0.96586313300024
TARS1	-0.691215642136765	0.449370983554145	0.72085062490642
VARS1	-1.19283947306182	0.0546629743292238	0.543858949330376
EEF1G	-0.8922490047396	0.17441459556237	0.633029297272087
STOM	0.372280224458422	0.522438839725435	0.764371308889574
YWHAQ	-1.04040552179609	0.104020680927924	0.602215030741867
MAPK3	0.0255673737013637	0.941857300758359	0.977421345108788
MARK3	0.888570873369094	0.0705340288453031	0.56472149209265
ARNT	-0.87320389312713	0.169234712183904	0.632228373587721
RPL10	-0.0192610889386913	0.964045788298559	0.986009402678022
RPA1	-0.268816359270485	0.541623021846972	0.774539406668537
APEX1	-0.657659419374269	0.150817499213745	0.620677643152565
CAD	-0.454343441892551	0.236028021616127	0.648573591406783
CALR	0.0784644950499995	0.86222947469305	0.941908270297651
MAP4	-0.828299119164953	0.197816350545203	0.638405277287363
CANX	0.414607847541088	0.337967143557765	0.668936181579848
PSMB8	0.680209393919863	0.0987625106193381	0.599731767384097
PSMA5	-0.488067081295043	0.272102570439873	0.656408536714037
PSMB4	-0.641153868396351	0.107714545954603	0.602215030741867
PSMB5	-0.811524536383939	0.03560121570542	0.504361088901813
ITPRID2	-0.31466407256513	0.543898638091088	0.776615586611697
POLD1	-0.293316221813122	0.514649596526342	0.759479505077384
MAPK1	-0.424488101665418	0.318253755296091	0.664751312949223
ERCC5	0.726145366421061	0.315319773766086	0.66280427361868
LAP3	-0.27788202023488	0.597799898849429	0.808307173369106
GTF2E1	1.78915956274523	0.114837508442924	0.604347921762944
TPP2	-1.51169001840528	0.0549921452269648	0.543858949330376
IMPA1	-0.419160951224121	0.465874867975267	0.732005886306139
SHC1	0.174526306354974	0.756612057778102	0.902117057661177
CRABP2	-1.1139638502241	0.199604812795762	0.638972622285924
TKT	-1.05468315595808	0.265884368426132	0.656408536714037
RBMS1	0.430913204071558	0.339651900664604	0.668936181579848
PML	0.148895178989125	0.747713825748612	0.89711403816841
EEF1D	-0.536961067377611	0.272305248829681	0.656408536714037
MARCKS	-0.843713942804847	0.0693996743663329	0.559476535216731
ERP29	0.349720303401163	0.326470281512056	0.664751312949223
PRDX6	-1.58561646830966	0.154210979768349	0.620677643152565
BLVRB	-1.06472070826616	0.191284990326292	0.638405277287363
PRDX5	-0.00163054185321698	0.997749526375273	0.998808989636622
DDT	-0.957552046411728	0.377049348388009	0.686033411941155
PRDX3	0.41878513592367	0.23035369847278	0.648205306982206
RPL12	-0.831443369541475	0.0484722236881065	0.543563375321491
CMPK1	-0.776934356707393	0.298346504426296	0.656976021165371
PEBP1	-1.16328023348768	0.273404436020586	0.656408536714037
PDIA3	0.318815945619853	0.302492222976414	0.656976021165371
PPP2R1A	-0.427684886320659	0.462605260400647	0.729604532401021
PPP2R1B	-1.69244186302993	0.00183166317675644	0.168468337549964
CDC27	1.27542302831889	0.0143629865334951	0.426478915100866
NMT1	-1.10590672983922	0.117122646345526	0.604347921762944
ADSS2	-1.63334246606716	0.0386854724989598	0.519651018560197
LRPAP1	0.357392014279153	0.296443305513982	0.656976021165371
ADSL	-0.777559227979296	0.17439104991534	0.633029297272087
CLIP1	0.360401222089266	0.614051286011635	0.820548334355023
SERPINB1	-1.07460574904111	0.115284044394129	0.604347921762944
SLC7A1	-0.771672850174738	0.22584137463253	0.647073334812313
POLR2B	-0.327645333612189	0.431489612832539	0.716816318104401
MAT2A	-1.4328670039375	0.0940539613894694	0.592418138618621
PRKAR1B	0.463540602135026	0.302616639820804	0.656976021165371
CPS1	0.407351668796164	0.275770557250292	0.656408536714037
RRM2	-0.425503217921982	0.382636700753313	0.68607531521423
DNAJA1	-0.595957966940912	0.185605752778525	0.638405277287363
ATIC	-0.810019775242132	0.276815938014018	0.656408536714037
HNRNPH3	0.376682974883249	0.471926382758468	0.73782520289477
HNRNPH1	0.252794626464109	0.575929850291389	0.796843591542065
YWHAB	-1.02285837643225	0.144339776351075	0.620677643152565
SFN	-2.13142963545528	0.0373268220556741	0.51185253080708
STIP1	-0.946622476220313	0.211865956899441	0.642316837480917
S100A11	0.653133317504679	0.571001877780156	0.792818472096374
L1CAM	0.323737426106941	0.554174412892538	0.783342750694915
INPP5B	-0.951081602025532	0.0824490187722918	0.579360914478612
PRDX2	-1.29734594672584	0.253883494858358	0.656408536714037
HPD	-2.09974012597138	0.00400561371852547	0.260480058863828
CTH	-2.06131844440356	0.0175058924934339	0.448995344399328
RPL9	-0.585163847877521	0.191972661977206	0.638405277287363
ACSL1	0.383074227272139	0.329691534711765	0.665508487700431
KIF5B	-0.704746869701147	0.249645782693139	0.655217262064058
CSTF2	0.00204389189250875	0.997383583104524	0.998707777983844
DUT	-1.2009032459893	0.187330001295265	0.638405277287363
TTK	0.728563804760245	0.506353113798053	0.757905761830302
MCM4	0.175441054242043	0.735575973115303	0.891915432352993
MCM5	-0.189579331743005	0.567587750341882	0.792092602723724
MCM7	-0.305320222089321	0.441518745510106	0.71769838318384
HSPA1L	-0.661647450786528	0.187264354453054	0.638405277287363
HSPA4	-0.989115388399835	0.189767389576849	0.638405277287363
MPI	-1.46251003529889	0.018389257029848	0.448995344399328
GPC1	1.27042284414232	0.0436681848435373	0.526110942635716
PFN2	-0.994250669828723	0.127637140631719	0.607571670616153
CTNNA1	-2.034368304155	0.0427157524529373	0.526110942635716
CTNNB1	0.341953952023985	0.42254923940636	0.712308083058286
SERPINB6	-0.503168033157937	0.484761842196576	0.746868545828122
RDX	-0.209032407802393	0.583809477545445	0.799582260169905
RPA3	0.0112442226763925	0.979175389796246	0.992066199602806
RFC4	-0.498045512568158	0.427228578768604	0.715312693969747
RFC2	0.2335035554425	0.561278667657048	0.787360782549839
RPL22	-0.731423125163207	0.113003055452218	0.604347921762944
GTF2F1	-0.633248986129487	0.305806350611717	0.65852725145186
SPR	-0.479266264158795	0.540002838802242	0.773689477630416
AGL	-2.89941469530121	0.00171831916684738	0.1666211638856
MYH9	-0.361500445532201	0.496704029433957	0.754357992346135
COPB2	0.474643911434597	0.280534787756203	0.656408536714037
ADD1	-0.776261166915681	0.148828884220775	0.620677643152565
BSG	0.163700841871183	0.672839890331261	0.855743415325188
FUS	0.185147731073435	0.734610800093478	0.89160519058658
NUP214	-0.000188688173722085	0.999595606998899	0.999839975639015
DEK	0.488024586284169	0.581109204356018	0.798118656263957
CHKA	-2.33683088268888	0.000979745249146862	0.142100743635878
PSMC2	-0.157188971771991	0.684078290795881	0.86103445747372
ARL2	-0.376112930721803	0.459638401968685	0.727553088631482
ARL3	-0.626034360979961	0.317887450500927	0.664751312949223
MAP2K2	-0.124223555139878	0.784122933238235	0.913664591576812
ATP6V1E1	-0.479791190825495	0.354645996941966	0.674757847864861
RPL4	-0.500203518123577	0.300745477725518	0.656976021165371
PGM1	-1.17322970053138	0.204452561393118	0.641739379360059
PPP1CC	-0.543838071559509	0.234571441197766	0.648573591406783
SRP14	-0.538913460417501	0.435975876028473	0.717631351501575
NUP62	0.0692630455021721	0.872505246092882	0.944649135158011
HPCAL1	-0.497612139040204	0.199325924455585	0.638972622285924
FDFT1	-0.0039474590042019	0.990631554154705	0.995117632050451
TAGLN2	-1.54783370669169	0.216116372151597	0.646335694878501
TALDO1	-2.3370755311154	0.0136207107766478	0.425382885829998
SNCA	0.445836555397349	0.452630104461766	0.721601887974445
ETFB	-0.0718324129574732	0.868955575134542	0.944312496923368
ATP6V1A	-1.26695797043174	0.315940600931672	0.663381197258138
HSPA9	0.248172582264576	0.482110339223802	0.744578169391711
EIF4A3	-1.68928393724058	0.03366636793346	0.500905031060203
RPS19	-0.444329806915228	0.292802471871147	0.656976021165371
RPL3	-0.0862551769606057	0.827025952314097	0.929485696870758
FEN1	0.0396886624163457	0.93949288997639	0.977320202250671
CAPG	-1.6471069611913	0.0496600922793162	0.543858949330376
CAP2	-2.26566041024596	0.000161885434106146	0.0649625665084837
TXLNA	1.0575782605349	0.0258494517976137	0.481497671626796
CCT6A	-0.91898910670734	0.295225131176086	0.656976021165371
NNMT	-0.782013554444575	0.337944662285132	0.668936181579848
RPL13A	-0.636507298569292	0.097963435595813	0.598951723940302
ARL1	-0.647036566729433	0.0759341984759042	0.571552619665937
MLH1	-0.103954841537753	0.804203744225856	0.922059081628368
STAT3	-0.355999687651373	0.594123398395211	0.805444634833794
PEX19	-0.324890424195122	0.361024336835461	0.676113996076094
MDH1	-0.444349225985519	0.522591444608375	0.764371308889574
RFC5	-0.0856592207687896	0.803882658843085	0.922059081628368
RFC3	0.0710684830189727	0.931072379100684	0.970500090004888
EIF2S3	-1.4929503146355	0.109809918764644	0.602215030741867
NAA10	-1.2065672506987	0.0117636159159367	0.399645005576552
PPP1R2	-0.0950043838922312	0.776168769567268	0.910115805360127
CSK	-0.546433090681521	0.47478739537464	0.740400193498011
GARS1	-1.03801524712095	0.297879907804474	0.656976021165371
IARS1	-1.15561056905712	0.103047534111377	0.602215030741867
PRKCI	0.0305582194698886	0.949481343848768	0.979998294841005
STAT1	-0.470631271715753	0.600057412942325	0.80959445588748
STAT6	-1.14847496364989	0.0177567915400774	0.448995344399328
MTREX	0.328462975427719	0.654982788363993	0.846159676231798
AKR1C3	-1.15088604555368	0.159942112409701	0.62568016865396
MTOR	-0.179536970303737	0.683849467372062	0.861033836881484
EPS15	0.290493576797928	0.451012949401808	0.72107104000188
RPS27	-0.60768459161908	0.161172859222184	0.625934966145064
RPL35	-0.766615566371147	0.0684243991878398	0.557296780426229
CDKN2A	-0.701665039104959	0.31469694991539	0.661864025728351
PRCP	1.0893217413791	0.0434218794280135	0.526110942635716
HTT	-2.10753483477355	0.0229781545720159	0.469162209389149
PAFAH1B1	0.53536967851705	0.149870061929258	0.620677643152565
MCAM	0.35157846892599	0.283162509925395	0.656976021165371
MATR3	-0.282217621471517	0.639008044928794	0.83463955366098
MSH2	0.603420001356007	0.224785278112831	0.64661112827345
MAGEA1	-1.18171430911298	0.0999210719324687	0.601100744514566
MAGEA12	-0.155010441895289	0.763618139142388	0.903333519495389
RANBP1	-0.440452359287399	0.513403205024105	0.759232739665058
NAMPT	-0.573864916207661	0.333254633290267	0.666546113454973
PSMC4	-0.236674464066127	0.453818267400265	0.721783503317756
CBX5	0.55247358202843	0.44219269482052	0.71769838318384
USP5	-0.302576138395949	0.622525628331886	0.82540502377781
RANGAP1	0.44324433444206	0.428424735599675	0.715747995824684
RECQL	0.887161152081184	0.104342623825533	0.602215030741867
NOP2	-2.04532392205143	0.000609879150161936	0.118316804126377
CRK	-0.00567446490551404	0.992070995354424	0.995147330073374
CRKL	-0.707967487899538	0.232884882877052	0.648573591406783
BAG6	0.0804122577707282	0.852227524483866	0.941620273902332
RPL27A	0.446813920264145	0.514685924446151	0.759479505077384
RPL5	-0.951283115664616	0.106959280341209	0.602215030741867
RPL21	-0.185799558098687	0.673751147691675	0.856324765064141
RPL28	-0.0550678170891743	0.893706700348632	0.954721803686881
RPS9	-0.384227411110373	0.248938074637994	0.65419471272706
RPS5	-0.947300603668847	0.113498349593341	0.604347921762944
RPS10	-0.641261775364875	0.311188153722515	0.66017472585964
GNPDA1	-1.21549098388631	0.280676862474873	0.656408536714037
YAP1	-0.390300285556684	0.316408398148984	0.663982231174078
IQGAP1	-0.361209725160229	0.508422589388637	0.757905761830302
GYG1	-0.668164541594919	0.328161638717711	0.665508487700431
PLA2G4A	-0.768293189092979	0.291739597973293	0.656976021165371
CAPZA2	-0.906173329560634	0.369933186779857	0.681827002613313
CAPZB	-1.03239627582514	0.094139147433256	0.592418138618621
QARS1	-0.746311323829858	0.149496613024816	0.620677643152565
RPL29	-1.31347827508025	0.0229500329124362	0.469162209389149
LIMS1	0.211860259618266	0.669134138108741	0.853581309955264
PREP	-1.31884708877735	0.0522532985981923	0.543858949330376
ME1	0.335500034859027	0.745141111071336	0.896022681712374
PIP4K2A	0.414631856644426	0.432904471186889	0.716816318104401
ARCN1	-0.200573892340937	0.527257094383808	0.76797470178499
GCLM	-1.00495455357347	0.120645493453613	0.604347921762944
PSMD8	0.188404118532421	0.59239783015296	0.804670691602253
PRRC2A	-0.539040561420155	0.227770967229127	0.647073334812313
GSS	-1.5309343241719	0.128371550057589	0.607571670616153
CCT5	-0.748085418627657	0.380463825370123	0.686033411941155
CSNK1A1	-0.0901309801543526	0.802634577831591	0.921661081913194
CSNK1D	0.428904912796114	0.321188326754251	0.664751312949223
PITPNB	-0.573673573673194	0.290724346307347	0.656976021165371
ADGRE5	0.248695592974254	0.551927586149276	0.782181420451481
POLD2	-0.554626130248707	0.122870523276272	0.604347921762944
MARCKSL1	-1.14484463997678	0.0213638837541076	0.469162209389149
PXN	-0.474229311426463	0.350285698574762	0.671747102455315
MAPKAPK2	0.0537354746084659	0.919729326780565	0.966369264778353
ALDH9A1	-0.360527761882636	0.509106627353424	0.757931737761454
RPL34	-0.410681805605471	0.345824125991905	0.668936181579848
RPIA	-1.46234659474184	0.0767979066705864	0.573532053580204
LMAN1	0.57100649003986	0.444550157769719	0.718559213437467
NASP	-0.474701536696003	0.501436620443767	0.756465972482725
FASN	-1.12275759868933	0.173366087878177	0.632878526029628
FNTA	-0.737294158339576	0.195432391010281	0.638405277287363
DHPS	-1.6894450562165	0.010659107092504	0.385743843013723
CCT3	-0.758153293716965	0.325598412212239	0.664751312949223
ALDH7A1	-0.126135783272513	0.822452736530371	0.928270959511945
CDC34	-0.846200917726293	0.280974917369641	0.656408536714037
SRP9	-0.555892718441129	0.105316374866824	0.602215030741867
PCYT1A	0.135057593439218	0.702106246995937	0.871795409095053
AARS1	-0.61352432321484	0.478494235022007	0.743163822186157
CARS1	-1.34916867018935	0.0645508035054973	0.546631960681267
SARS1	-1.47274429133841	0.199495702934948	0.638972622285924
PRIM1	-0.534572935221661	0.355866532472216	0.675216972564581
PRIM2	-0.511694024549492	0.183106304429328	0.638405277287363
PSMB3	-0.429343094754081	0.227327387126308	0.647073334812313
PSMB2	-0.733208751814235	0.0440897699111118	0.529498478773257
MCM2	-0.27673835973593	0.515181271277632	0.759479505077384
TMED10	0.763151702378089	0.145979949632954	0.620677643152565
EIF2B2	-1.4626207279927	0.0203060959500893	0.455799332308255
HINT1	-1.64266837628531	0.0909360478942018	0.592262239393843
RANBP2	1.15116420978057	0.031119473736995	0.488154032211346
TSC2	1.92554985931574	0.0426030469602444	0.526110942635716
GSK3A	-0.077431532953625	0.830626604544428	0.931398431679167
NT5C2	-0.750175139471455	0.185476515755374	0.638405277287363
SEPHS1	-0.205945052191886	0.628222493019485	0.829116611210671
GMPS	-0.518777234860103	0.429070290284783	0.715747995824684
LIG4	0.0806495912959306	0.873764094341091	0.944928132996918
MRE11	-2.26823083513226	0.0740413670878193	0.570964569388321
GDI2	-0.83174175519045	0.346820355169061	0.668936181579848
SERPINH1	0.282089262595651	0.441188073934475	0.71769838318384
ST13	-1.00413718946224	0.185786073400107	0.638405277287363
PEX5	-0.874928068860129	0.218551917353883	0.646364575664931
VASP	0.140568252942039	0.728056902619727	0.887363471163216
DNM2	0.691180644518099	0.0617034941888903	0.546206283066445
METAP2	-0.911268874095423	0.0240423324745697	0.479701776516415
CDK7	0.0165965170805968	0.97230113639361	0.989400791782798
KNTC1	-2.83492816521825	0.00342806999443832	0.253475528412292
CDK9	2.0033714019628	0.0757773368846801	0.571552619665937
LRBA	-1.4915908596982	0.0654411384151388	0.549618113504429
RPL14	-0.651527033617349	0.172014402360382	0.632228373587721
CCT8	-0.824299156108836	0.240522482815912	0.651507106353763
CCT4	-1.0087492712011	0.163763686828367	0.628232820986543
ANXA11	-1.03118443505147	0.0529196330230762	0.543858949330376
PAPOLA	-0.0360217209793632	0.965264920696759	0.986341382831216
FXR1	0.251338729414829	0.624206566812353	0.826058032511354
FXR2	-0.660901149414659	0.140005609553055	0.617034746025468
RAB5C	-0.256644869165036	0.44950913821881	0.72085062490642
RAB7A	-6.75172552355718e-05	0.999839975639015	0.999839975639015
RAB9A	0.0900331983197802	0.783400624521851	0.913238863452337
RAB13	-0.0338655643356134	0.926037962450863	0.968488556456412
DUSP3	-0.5644480356355	0.383802916703656	0.686126930166809
HCFC1	-0.212764680245073	0.578114883424053	0.797392547692796
IRAK1	0.351734252558604	0.448736982232227	0.72085062490642
PSMD7	-0.319879699559788	0.438561522942624	0.71769838318384
USP11	-0.690778771429361	0.085828132387574	0.581536275984974
RPS6KA3	-0.0592517198663707	0.886649958868946	0.950412383560253
HDGF	-1.33945394841635	0.211601432367401	0.642316837480917
HNRNPA3	-0.772593786703744	0.553400991452588	0.782786376132427
PGD	-1.41190104130564	0.167813157076468	0.632228373587721
HNRNPM	0.285334517121765	0.484840678914676	0.746868545828122
KPNA2	-0.695744769225719	0.255465891842938	0.656408536714037
RAP1GDS1	-0.748947389940863	0.292991379964426	0.656976021165371
POLR2H	0.0953806467122753	0.761111852151301	0.903333519495389
POLR2J	-0.017446328531598	0.966201290951607	0.986341382831216
ARHGDIA	-1.01631602199937	0.153580725568185	0.620677643152565
SLC7A2	-1.41692489243158	0.0482083673440362	0.543563375321491
AGFG1	0.923689943236212	0.230633813294389	0.648205306982206
HNRNPF	0.351472005644428	0.400832699114464	0.697887082898245
STAT2	0.248402037747237	0.612241441556382	0.818710097911034
MSH6	-0.190670862573342	0.588523567474181	0.802358052402436
KIF11	-1.03144375858646	0.105884479890381	0.602215030741867
RIDA	-0.328998786533727	0.359538815724325	0.676113996076094
SMS	0.41953060049514	0.555928133718158	0.784803820997446
HK2	-0.651979177095903	0.1666594504449	0.632228373587721
THOP1	-1.82482919044678	0.0899864119346661	0.591591680416235
CAPZA1	-0.803839217990372	0.259370274558126	0.656408536714037
CRIP2	1.30807022434055	0.10563303688256	0.602215030741867
NUP98	0.061181848599329	0.881321479192631	0.948376995860595
BLVRA	-0.912827847156741	0.17490109361217	0.633101978588867
PPP5C	-1.25484070269345	0.159317712476293	0.62568016865396
PLK1	0.462231006049201	0.594418567685613	0.805444634833794
ARFIP2	-0.0428794855817536	0.925455226862171	0.968488556456412
ARFIP1	-0.247046887774516	0.461347347705719	0.728839902889932
ACLY	-0.86564609418722	0.429166882113231	0.715747995824684
METAP1	0.220601051932327	0.747904864056537	0.89711403816841
PGGT1B	-1.28064781308689	0.402702244214852	0.699811134992723
RABGGTB	-0.840364121609305	0.213681236501567	0.642919729185953
COPB1	0.0243630123547049	0.941041509519784	0.977421345108788
COPA	0.175004509344138	0.60389733718795	0.811746970102029
CTSC	0.473784340488798	0.320415697251766	0.664751312949223
CLTCL1	-1.08134988624145	0.190876056545796	0.638405277287363
AP2S1	-0.316188261617313	0.383101231984394	0.68607531521423
SLC16A1	0.308274220432402	0.706552579669941	0.875134160857116
IST1	0.334959826257137	0.522330529146691	0.764371308889574
SEC24C	0.373389716342743	0.390219238441072	0.689881269648984
SUB1	-1.16781307559614	0.140711882963642	0.617034746025468
CLNS1A	-1.93657220276339	0.0257840450571388	0.481497671626796
RARS1	-0.73574150419994	0.381318595878545	0.686033411941155
ATN1	0.557939126692567	0.516047713191629	0.760078307304564
YARS1	-0.162612875764243	0.870419429597103	0.944312496923368
USP14	-1.10329375052075	0.171524827185588	0.632228373587721
PRKAG1	-0.225749307884101	0.680206969160326	0.859710733021834
HSPA2	0.339393165242594	0.850788930399525	0.940810249613143
ATP1B3	0.57012876192638	0.171991316484766	0.632228373587721
RAD23A	-0.695053511414756	0.145995770331137	0.620677643152565
RAD23B	-0.60890977958594	0.210373025688317	0.641739379360059
PDE1A	-0.167905781844347	0.84436875421225	0.937415641651933
AK2	0.118199213358725	0.700333031495839	0.870740475361296
NAPA	0.250124588044592	0.444806944136826	0.718666232365027
EIF5	-0.420181867338492	0.37734753175728	0.686033411941155
PSMD4	-0.0716075455333431	0.836326105059857	0.932796729423461
CSE1L	-1.892319802724	0.0517452850704664	0.543858949330376
VCP	0.11267052495208	0.743784937845768	0.896022681712374
MFAP1	-0.156383592419864	0.810676099147087	0.923466683894065
NAP1L1	-0.878523658223237	0.323270526649506	0.664751312949223
ADK	-0.871214200876292	0.222430556823097	0.646364575664931
ADAR	-0.696066546260909	0.191918702106842	0.638405277287363
TPD52	-0.0255344228276897	0.963870189603337	0.986009402678022
SEC13	0.236250861252323	0.561916895847481	0.787360782549839
SNU13	-0.116909753737804	0.798123789051905	0.918412585322325
NPEPPS	-1.22151094763807	0.0850885099528362	0.581536275984974
EIF3B	-0.493092776928361	0.232597832885935	0.648573591406783
MARS1	-0.0264660491818773	0.967882488467274	0.986988876151998
AP1S2	1.24259608684449	0.108891620397277	0.602215030741867
EIF6	-0.352728031021549	0.465300346638902	0.731407922957607
BCAR1	1.11204559332257	0.0287906740641573	0.486851367121788
GEMIN4	0.154182341127342	0.868028250492947	0.944312496923368
NUP107	0.0359894906087845	0.943625528599916	0.977421345108788
EEFSEC	-0.0295905723336709	0.976271531736894	0.990987872457558
EPPK1	-0.929215372124123	0.171767669889007	0.632228373587721
MTPN	-1.06897508981732	0.208017403162863	0.641739379360059
ARPC4	-1.0428748960534	0.10421462785078	0.602215030741867
TPI1	-1.33507004453606	0.278849718950192	0.656408536714037
EIF3E	-0.572962199346122	0.126686854185206	0.607571670616153
PPP4C	0.00394186438999355	0.992231343365342	0.995147330073374
MYL6	-0.922600690699785	0.149835224405509	0.620677643152565
EIF4A1	-1.04046990213738	0.286809219438421	0.656976021165371
RPS20	-0.261086870925993	0.494396431544052	0.75236841943205
PRPS1	-0.827237000356405	0.242777824936605	0.65170955321972
PSMA6	-0.696762974683022	0.09004869386341	0.591591680416235
S100A10	0.523799729097629	0.180534888655874	0.638405277287363
CDC42	0.11385045112014	0.765297505308084	0.903832412313431
DSTN	-1.28114780333582	0.0869244246535068	0.581536275984974
RAB8A	0.0901339619423283	0.819018810237039	0.926749561763243
SRP54	0.088650624881069	0.814660669271669	0.925605719741929
RAB2A	0.248713734481839	0.592567093762784	0.804670691602253
RAB5B	0.14215554556754	0.696496184890053	0.868925432292864
RAB10	-0.527759452078701	0.191608194648699	0.638405277287363
UBE2M	-1.55801938151276	0.0576362234676176	0.543858949330376
UBE2K	-1.10434763944375	0.111940048671094	0.603037033626708
UBE2N	-1.32857948372693	0.289879439204208	0.656976021165371
RAB14	0.678965944091555	0.324615530375564	0.664751312949223
ACTR3	-0.292384368983761	0.54069505481992	0.774206162539441
ACTR2	-0.81391661603223	0.209051868594209	0.641739379360059
ACTR1A	0.407023611173265	0.301745385071213	0.656976021165371
COPS2	0.0285027324353848	0.958724243327064	0.98434576460204
ARF3	-0.0876788169181353	0.957470837866872	0.984075329982712
ABCE1	-0.0270940012189236	0.929871928588806	0.969730929952541
RAP1B	0.467486261353322	0.447006175745112	0.720059926841015
RAP2B	0.709010199099765	0.266923429578834	0.656408536714037
RPS3A	-0.0151044227545114	0.96266702698601	0.985910637072064
RPL26	-0.904406678400584	0.046307861778669	0.541378878529179
PSME3	-0.70902452740313	0.0780989296173053	0.574612355288872
RPL15	-0.840673677233962	0.0840468020937293	0.581536275984974
RPL27	-0.661808592268972	0.0588004777369331	0.543858949330376
RPL37A	-0.402196119134363	0.252196317210382	0.656408536714037
HSPE1	0.50243888961187	0.217000387010929	0.646364575664931
VBP1	-1.14260371830338	0.0806758285372815	0.579360914478612
STXBP1	0.542726724674313	0.283494647200407	0.656976021165371
COPZ1	0.159887608382139	0.631139210254265	0.83056941998729
UFM1	-0.450050523602631	0.508877876910161	0.757905761830302
DCAF7	-0.0901793482002518	0.803436701510159	0.922020633412906
WDR5	0.219095657530325	0.568618366305522	0.792738622752744
AP1S1	0.115124763988231	0.835142584155733	0.932796729423461
NUTF2	-1.07188789824396	0.197396948518241	0.638405277287363
HNRNPK	-0.239746669545916	0.663127986927979	0.84883083459111
YWHAG	-0.676325088400123	0.178416723861731	0.636269655484034
RPS7	-0.654915993138129	0.228322723319808	0.647073334812313
PPP1CA	0.023451609334785	0.961225802948859	0.985174475671558
PPP1CB	0.15123685420923	0.688085786943845	0.864059774414
NCS1	-0.0717444659614337	0.871942751070583	0.944312496923368
PSMC1	-0.134087726496773	0.713802146468715	0.877934733963967
PSMC5	-0.349351023750334	0.341940325460991	0.668936181579848
RPS8	-0.748099923166968	0.079932166847261	0.579360914478612
RPS15A	-0.0542406275222511	0.882335999461645	0.948376995860595
RPS16	-0.175969212550875	0.560960007004174	0.787360782549839
UBE2H	-0.732441124983684	0.309885630985715	0.659468800478065
YWHAE	-1.03060788134876	0.313463998850299	0.660744963479306
RPS14	-0.544339886462048	0.205476109014294	0.641739379360059
RPS23	-0.405928234696603	0.374651785518785	0.684810504862385
RPS18	-0.976613123015753	0.0268144156035448	0.48381416861707
RPS29	0.249070181895195	0.732007324917283	0.889877376616079
RPS13	-0.424644433177107	0.490722949033379	0.750099042855518
RPS11	-0.557889249231714	0.275134290681268	0.656408536714037
SNRPE	-0.594557096608707	0.213965595366845	0.642919729185953
SNRPF	-1.68155561583857	0.0675356252464364	0.556927867387257
LSM3	-0.38403311233267	0.261403745142704	0.656408536714037
LSM6	-0.192389892182547	0.559058922976522	0.786352554473878
SNRPD1	-0.693443145775714	0.106921236899242	0.602215030741867
SNRPD2	-0.522435489898488	0.250714682372169	0.656103447068321
SNRPD3	0.767162292090536	0.105654036528878	0.602215030741867
TMSB4X	-1.58275810776112	0.208915568087559	0.641739379360059
ARF6	-0.00421511452869439	0.990511453464301	0.995117632050451
PSMC6	0.246813314156309	0.581855745160269	0.798173159330438
RPL7A	-0.885961792014253	0.0349389386965767	0.500968584885135
POLR2G	0.450853421493616	0.488798509818967	0.74837969164731
ETF1	-0.621491914223085	0.441542065891229	0.71769838318384
RPS4X	-0.712468737954346	0.0477357216723518	0.543563375321491
PPP2CA	-0.983449688181832	0.161617873813179	0.626168591414095
RPL23A	-0.633763199893117	0.102505301784383	0.602215030741867
RPS6	-0.283951417578962	0.458375798065366	0.725970237087145
H4C1	-1.40098528597523	0.00537980038497656	0.299441208447922
RAB1A	0.395994400867878	0.29232508990106	0.656976021165371
RAN	-0.983272987160831	0.0932969846955535	0.592418138618621
RPL23	0.0101909400950255	0.985972043306714	0.994144538852839
RPS15	-1.00629807974772	0.0282803312273162	0.486851367121788
RPS24	-0.355827193561453	0.413476319510723	0.704254381605663
RPS25	-0.709819701774709	0.140690498610104	0.617034746025468
RPS26	-0.0046428906970597	0.991922873184652	0.995147330073374
RPS28	-0.375213863869536	0.388474978070125	0.689791850051219
FAU	0.496381821534552	0.224156686681462	0.64661112827345
POLR2L	-0.0758395355979715	0.866099656367377	0.943583567308629
RBX1	-0.251571151714071	0.449980974135825	0.72085062490642
RPL30	-0.633076817865028	0.0773103955418588	0.574612355288872
RPL39	-0.765783147647799	0.0600874350412224	0.544325822246218
RPL31	-0.468129590140222	0.376875974404817	0.686033411941155
RPL10A	-0.800523302661517	0.0284911921466287	0.486851367121788
RPL32	-0.454439159335678	0.309139500784896	0.658926276690102
RPL11	-0.387187567632719	0.329550144438924	0.665508487700431
RPL8	-0.471573273420351	0.220365105339291	0.646364575664931
PPIA	-0.974633470870216	0.337649717347836	0.668936181579848
FKBP1A	-1.13312839773547	0.149054668286838	0.620677643152565
GRB2	0.646367725595653	0.108778429761071	0.602215030741867
RAC1	-1.25211892677013	0.191235353402593	0.638405277287363
AP2B1	-0.55588712260521	0.173923657201278	0.633029297272087
GNAS	0.137989877218608	0.722249181939636	0.882566968598305
PPP3R1	-0.240175478078445	0.592520241878175	0.804670691602253
YWHAZ	-1.58774727830418	0.119655294695329	0.604347921762944
PPP2R2A	-0.498621680537614	0.345799891575461	0.668936181579848
SUMO1	0.0766998053159682	0.819957747312239	0.926749561763243
RPL38	-0.149026421222281	0.71370676914648	0.877934733963967
SKP1	-0.415366314565116	0.581524263266112	0.798118656263957
RPS21	0.464988022552969	0.300229999115038	0.656976021165371
EIF5A	-0.867267507123152	0.275013409263392	0.656408536714037
RACK1	-0.407575420084616	0.24543371152039	0.653161980341136
SUPT4H1	-0.372926035745071	0.380002957770494	0.686033411941155
UBE2I	-0.364111430046254	0.497142778056148	0.754720376831617
TMSB10	-2.54587495577612	0.131531329272252	0.608948890339362
YBX1	-0.793949998078183	0.0568314860399119	0.543858949330376
TPM4	-0.872103769933197	0.266606480059775	0.656408536714037
UBE2L3	0.716792650003953	0.429714522022563	0.715747995824684
EEF1A1	-3.0223322721933	0.0189327574917536	0.448995344399328
TUBA4A	-1.35893057101037	0.165756876783301	0.632021417947247
TUBB4B	-0.939637907766368	0.11146806986418	0.602215030741867
CSNK2A1	0.422515354285412	0.436485257624416	0.717631351501575
PAFAH1B2	-1.31658160279824	0.256003391658012	0.656408536714037
H3-3A	0.748683900490853	0.352267947990061	0.672608826263555
IGBP1	-0.83735219744225	0.282976448077289	0.656976021165371
PSPH	-0.832964554484015	0.379069268034359	0.686033411941155
EIF4G2	-0.0710156456500037	0.849503477129672	0.940539522095124
RPP38	-0.534889611449778	0.275780760544091	0.656408536714037
RPP30	0.234969080631704	0.646626296476703	0.839101088786527
GTF2I	1.34132392484403	0.0718910641171696	0.565973283477759
PIP4K2B	-0.0548011011589722	0.91358366618406	0.964414211858895
CCT2	-0.418622533923042	0.57859982862959	0.797500444190007
RAE1	-0.119405862563845	0.793526597589964	0.916224372171388
GSTO1	-1.35343095578705	0.170157561389727	0.632228373587721
PRKDC	1.0562956524228	0.1112603294902	0.602215030741867
BASP1	-0.692839785928655	0.10308849069813	0.602215030741867
HMGN5	-0.365205195764869	0.238515638152242	0.650816742143476
SARNP	-0.150488636095513	0.652552922917297	0.843887884883789
COG7	-0.786450008016576	0.185783617079154	0.638405277287363
RPL24	-0.171484829890545	0.789559391167525	0.915642981625276
ARF1	-0.893672096294772	0.660165898774107	0.847378802172281
ARF5	-0.557555641558316	0.324455571785436	0.664751312949223
RHOG	-0.0274643227576696	0.944762875343816	0.977421345108788
RPL19	-1.33371852900473	0.183203653616684	0.638405277287363
SRSF3	0.555120624985896	0.170713086268622	0.632228373587721
FOXK1	-0.113436269242115	0.744673021756636	0.896022681712374
CCZ1	-0.848131698311956	0.485796371957392	0.747484609565204
DAB2	-0.442938117128133	0.389905910099432	0.689881269648984
RBM3	-1.04329336397984	0.0820361532278224	0.579360914478612
CYCS	0.291685678207816	0.503915765935829	0.757235955303077
PITPNA	-1.1411122898091	0.0345722023576424	0.500905031060203
HDLBP	-0.476200759128776	0.44780117393945	0.720724808760421
GTF2B	-0.500759592540586	0.224608152404503	0.64661112827345
CDK6	-4.49082711493267	6.03365863550369e-06	0.0113764633572422
CDK5	-0.134487752037987	0.804078401222672	0.922059081628368
PURA	0.260166763469755	0.571014311910303	0.792818472096374
CLTC	0.255650838601532	0.457106938366778	0.725484118089697
HSF1	-1.73608827621728	0.0187487417111721	0.448995344399328
NFKB2	-1.01745156619693	0.131185382532887	0.608948890339362
FKBP3	-1.47240586562694	0.0537648752371776	0.543858949330376
REEP5	0.524761372419103	0.468604347290226	0.734458434593284
SORD	-2.9046252694287	0.0420696231058083	0.526110942635716
HNRNPU	-0.704382991795324	0.0954594539268989	0.592418138618621
SPTBN1	0.400990130395119	0.453265116970936	0.721674225240711
TIAL1	0.133802965408393	0.755694572683322	0.902117057661177
SET	-2.36010493403337	0.00558967955664111	0.301124022972766
SRSF2	0.220561502441363	0.579438627672423	0.79799812301559
FABP5	-0.832032599555593	0.257640101408	0.656408536714037
CAP1	-0.738149671193174	0.359381370713054	0.676113996076094
HMGCS1	-2.32853263694787	0.0582061001461496	0.543858949330376
IFITM3	-0.0613165224276386	0.889328482736598	0.951475671772345
SLC7A5	-0.0411975577772346	0.939740931678847	0.977320202250671
EXOSC10	0.622953149799791	0.264607229559179	0.656408536714037
PFKP	-1.03508757964574	0.195353050465496	0.638405277287363
EWSR1	0.432775146752093	0.457673293774312	0.725762045789175
OCRL	0.0468419482618359	0.909885335701065	0.962192260495994
PLCB3	0.0441168001687657	0.956804523852423	0.983672262662891
COL7A1	0.869779069553118	0.166294705824272	0.632228373587721
RPL18A	0.127029554006018	0.931983756797042	0.970887572458791
MAP2K1	-2.68230412889228	0.00120899552050298	0.157211107166094
FKBP4	-1.2591895963542	0.073284769539114	0.568959895820024
RPL6	-0.219661293595728	0.538643873359086	0.773625630825347
AKAP12	0.55085242939429	0.247632421920668	0.653997672632632
TNFAIP2	2.41472771984698	0.00942584378882013	0.373654056348405
RELA	-0.253548975884375	0.71044871267145	0.877368245498791
UBXN1	-0.249628328375543	0.449512661094346	0.72085062490642
GBE1	-1.3396139722757	0.0942044375048146	0.592418138618621
EIF4G1	-0.439879247905168	0.25902198900336	0.656408536714037
KRT17	-0.746616242053815	0.0484431742608762	0.543563375321491
TLE3	-0.720250232341538	0.100103756975642	0.601100744514566
GLO1	-1.62766328945831	0.172835844884033	0.632780554424941
YWHAH	-0.397486101332461	0.438132014985886	0.71769838318384
PLP2	-0.425195434151881	0.49974843487386	0.755937163220749
CSTF1	-0.255309408333936	0.624748772776978	0.826351323094348
UBE3A	0.789021873649759	0.156625418507579	0.621467265051329
DNM1	0.437226428005285	0.17807856744688	0.636269655484034
EEF1A2	-1.99652312037624	0.0267988152926672	0.48381416861707
PRKCD	-0.00695476916745719	0.986918072373699	0.99468549695043
CALD1	-0.31031478321146	0.387529346328934	0.689326964625664
FPGS	-0.269308352555267	0.5304398772186	0.770230564879222
PTPN11	-0.078357528506686	0.861953854377522	0.941908270297651
PPAT	-0.518387567363916	0.350754639150293	0.671747102455315
GFPT1	-1.4073984502459	0.117729590676304	0.604347921762944
EXOSC9	0.41953470440847	0.371557141610339	0.68316133921709
PSME1	-1.17487792927693	0.176736664463047	0.634600953463834
GABPA	-0.414702797380393	0.266041347996314	0.656408536714037
PRDX1	-1.4270959830199	0.224475859670684	0.64661112827345
RPL18	-0.914299066984686	0.0589623342488602	0.543858949330376
C1QBP	0.526059776418233	0.222542179494642	0.646364575664931
TJP1	0.895061386541908	0.112809421656535	0.604347921762944
BAX	0.0683613813222941	0.860401888793677	0.941908270297651
POLE	0.404912310412101	0.492175461376722	0.750806498726383
KLC1	-0.4056821733435	0.374657315483774	0.684810504862385
SRSF1	0.465365454774702	0.356147896962417	0.675216972564581
ARHGAP1	-0.302249990676373	0.428791159307755	0.715747995824684
TLE5	-0.451928482422129	0.222996635624523	0.646364575664931
PPP3CA	-0.76898398127398	0.108554221871621	0.602215030741867
DHX9	-0.462635834240555	0.417286409040689	0.708201447697466
CRYZ	-0.22435397349922	0.691684594425664	0.866559005175807
GOLGA3	0.314907558200009	0.539330755845901	0.773625630825347
GOLGA2	0.29421281219177	0.56948526360042	0.792738622752744
PPID	-0.0908633970695405	0.82598947372276	0.929485696870758
SSRP1	-1.50875580596981	0.129820134233423	0.607571670616153
VAC14	0.151475783389504	0.708793371964594	0.877210307081878
NSUN2	-0.513221890919095	0.395309154582035	0.693676510902213
RBBP4	-0.462863560762749	0.264682491300615	0.656408536714037
NCBP1	0.846778981232692	0.0287026362478912	0.486851367121788
AHNAK	0.453854228099978	0.235014867766741	0.648573591406783
FCHO2	0.622051504118218	0.17070693081218	0.632228373587721
HSPA14	-0.66286033157736	0.256622078948255	0.656408536714037
GALNT2	0.549585000205987	0.346046847952024	0.668936181579848
AP1B1	1.84346250643407	0.222524906679836	0.646364575664931
CPSF1	-0.92866112730475	0.458175771549338	0.725958333828804
BST2	-0.51563916502181	0.459780146974978	0.727553088631482
SCRN1	-0.643544251602215	0.616233587233106	0.821426955622496
WASHC5	0.705789175765542	0.101346258083005	0.602215030741867
NUP160	0.0262617523818847	0.954412995535397	0.982821246904419
TWF1	-1.01771551344211	0.0641330858201892	0.546631960681267
TFCP2	-0.357355660987679	0.427046952750402	0.715312693969747
AKAP13	-1.90636429921427	0.0260750050106679	0.481497671626796
GRSF1	-1.37057630723952	0.0299777634374364	0.487350108810577
SF3A3	0.582555371839533	0.30104564055937	0.656976021165371
TP53BP1	-0.884072851448952	0.118912759604783	0.604347921762944
TRIM26	-0.122580513242621	0.81809405808224	0.926436244152591
AIMP1	-1.74165554831711	0.0261752910855193	0.481497671626796
ILF2	-0.942428708569842	0.0166501632037461	0.446934190649317
ILF3	-0.31112042930021	0.425611944714126	0.714283978662059
TRAP1	0.0371559652168436	0.983044145218289	0.993343314392771
MYO1E	-0.593059128747257	0.294325538422264	0.656976021165371
PPP1R8	-0.311112331408719	0.741998600803284	0.895415068781875
PTP4A2	0.359092612530439	0.298396194869221	0.656976021165371
ABR	-0.739188301110602	0.495100995249449	0.752910326726443
MLLT11	0.392717198305061	0.28057491103957	0.656408536714037
STRN3	-1.07913852877201	0.391349914752223	0.690775668668723
CDC16	-0.153563556734643	0.80874045177924	0.922982639713667
STK4	-0.134369890981397	0.829711231710049	0.930825134154473
FLII	-0.138418770739449	0.784283289030533	0.913664591576812
COASY	-0.530137724286554	0.531219798645788	0.770721674315142
ACACA	-0.207640795566306	0.57644903678779	0.796843591542065
GPS1	-0.3462290770048	0.290967851787143	0.656976021165371
CHAF1B	0.953656474928199	0.135769842486528	0.614817367624663
MTAP	-1.19807599021756	0.222921537909918	0.646364575664931
PRKAA1	0.196895593338716	0.6435825047932	0.837167859805159
PPFIA1	1.10240388811676	0.123457519891758	0.604347921762944
EIF2B5	-1.20015799411785	0.446629709340588	0.720059926841015
TARDBP	0.063913413662938	0.880043570259734	0.948376995860595
HNRNPA0	-0.0646386981769425	0.844753882291091	0.937482898799207
AIMP2	-0.721021252618872	0.255156783955477	0.656408536714037
PRDX4	-0.375618874445699	0.341284615131467	0.668936181579848
PAK2	-1.05229105452949	0.0592069589699167	0.544325822246218
CBX3	0.147077031640571	0.695792044910009	0.868925432292864
STX5	0.3505078197391	0.410939925008581	0.703319793032165
PSMD2	-0.745241153759103	0.123377669347054	0.604347921762944
SELENBP1	-4.17282288774452	0.00149963846599413	0.1666211638856
NME3	-0.607211628871653	0.159265876523211	0.62568016865396
SRSF5	1.80691036156711	0.0758074055252753	0.571552619665937
SRSF6	-0.877327410634315	0.11971239853067	0.604347921762944
MAD2L1	-0.401117279650855	0.373432599652204	0.684263524435598
TRIM28	-0.00882696400989857	0.980097404693528	0.992733632312461
G3BP1	0.229983282260037	0.499286829507737	0.755695518702446
KCNAB2	1.59384379407792	0.0096113613009269	0.373654056348405
SKP2	0.769304944125835	0.105720766129806	0.602215030741867
PABPC4	-0.30900742633111	0.393189884093718	0.691566722442823
IFIT5	-1.15943144771362	0.201043803486229	0.640768669883313
EIF3I	-0.403037308280787	0.441283089934146	0.71769838318384
PPP2R5C	-0.182227415555847	0.602520401213555	0.810886664159998
CTBP1	0.0173553250719856	0.958764782122326	0.98434576460204
PDCL	0.281853896794878	0.49595138128979	0.753822111585569
UBE2V1	0.10926190927163	0.890290706189285	0.951881557425515
DYNC1I2	0.826547800538243	0.121653034141782	0.604347921762944
ORC2	-0.150820206315167	0.756401174391693	0.902117057661177
ILK	0.215069412832399	0.622701078744426	0.82540502377781
SNTA1	0.651692320331168	0.138537102388267	0.616792695520846
SNTB2	0.801981384033386	0.196006803984113	0.638405277287363
XRCC4	-0.766635896651277	0.390167510273565	0.689881269648984
TCOF1	0.128698821906109	0.783433498612652	0.913238863452337
SF3B2	0.579960651150056	0.359705543979914	0.676113996076094
GOLGA4	-0.152086806106869	0.751741612866517	0.899942102260202
PDAP1	-0.761108210179156	0.141576760536989	0.617034746025468
FKBP5	-0.508462937075286	0.219331680015009	0.646364575664931
MYO9B	-0.00524897991130047	0.992636343632246	0.995275631969476
ROCK1	-0.432757820994635	0.342889894964437	0.668936181579848
GAB1	1.36916316811472	0.00809244317631269	0.365247283301896
PICALM	-0.0519633671404911	0.881333191037773	0.948376995860595
SQSTM1	-0.983049233026403	0.0588537269222422	0.543858949330376
TUBB3	-0.131734740277484	0.90285465502651	0.960657697139955
EIF4EBP1	-0.968515777833094	0.177524978162052	0.635751844870937
RIPK1	0.646266064748428	0.238719794555298	0.650816742143476
HDAC1	-1.08754244818451	0.0750479057909492	0.570964569388321
DCTN2	-0.560235309778044	0.312432917670471	0.660744963479306
NAE1	-1.87125729033545	0.0170400457160158	0.448995344399328
SNW1	-0.230894767595995	0.622847722658689	0.82540502377781
IQGAP2	0.367773249121122	0.389099621915202	0.689842348021733
SNX1	0.212821895536397	0.602378752244587	0.810886664159998
PWP1	-0.295209099975242	0.526770745418207	0.7675627824467
MTMR2	0.354370394533522	0.396938044921612	0.6958872000927
CUL1	-0.049772941566598	0.895694368598591	0.956303358999231
CUL2	-0.466661071048229	0.234680933415998	0.648573591406783
CUL3	0.0719723316510859	0.863061856658717	0.942544529817556
CUL4A	-0.17034861916305	0.710782283213685	0.877368245498791
CUL4B	-0.650294884162996	0.229071392075643	0.647073334812313
TP53BP2	-0.578903242594919	0.23042742257073	0.648205306982206
GFUS	-0.928133391512496	0.128285083085984	0.607571670616153
RAB31	0.579728031124631	0.151527579908256	0.620677643152565
RAB32	0.719098597425781	0.12397943411669	0.604347921762944
FHL1	-0.226773221097304	0.663757073473063	0.849059675735048
FHL3	-0.125236642944628	0.780392362212313	0.912797642029352
RIN1	-1.15696057422437	0.024556513653421	0.479806284906997
AAMP	-0.832019846352495	0.190392646733692	0.638405277287363
ALKBH1	1.49702562003396	0.145125597620814	0.620677643152565
ALCAM	0.486410928819364	0.539531905463684	0.773625630825347
SPTAN1	0.253491759828417	0.495151845738949	0.752910326726443
GNL2	0.68966911074326	0.486469929145508	0.747484609565204
DDX39B	-0.114260158892208	0.738874025949043	0.893615763904375
BLMH	-0.870091697623842	0.341685277992883	0.668936181579848
EXOSC2	-0.858203299231104	0.152731422011108	0.620677643152565
TUBB2A	-0.932738553918224	0.254926311368454	0.656408536714037
BYSL	0.446457796108575	0.252206035902101	0.656408536714037
IDI1	-1.15203766864113	0.27306951357295	0.656408536714037
CBFB	-0.249703743020568	0.718894167958076	0.879103007770975
CKAP5	0.659109267236769	0.425513345120677	0.714283978662059
CIRBP	0.925444294283842	0.110787377371774	0.602215030741867
COTL1	-0.657608698083045	0.417296106280501	0.708201447697466
COX17	0.01739943496408	0.976947445417567	0.991407108899259
HNRNPD	-0.365310586299469	0.299023943588939	0.656976021165371
IL18	-0.653385929875217	0.380692578988001	0.686033411941155
DSG2	0.361191832570249	0.383107776878315	0.68607531521423
BOP1	0.0994091942962143	0.816681248761314	0.926436244152591
UBE4A	0.069478229688773	0.864601588075977	0.943167335977235
SEPTIN6	0.340561276449186	0.607257890315272	0.814356153762052
SAFB2	0.783979141368935	0.435764887417111	0.717631351501575
EIF3A	-0.0551698495317368	0.875059060754184	0.945786104357703
UBAP2L	0.450706359216575	0.309455962879388	0.658926276690102
SCRIB	0.360270628703056	0.412914534590143	0.704098487512676
TTLL12	-0.177304290499503	0.798344326355498	0.918412585322325
POLA2	-2.25564091863863	0.0600063452258297	0.544325822246218
DPYSL3	0.141421648415779	0.8081530966258	0.922939226946061
DCTN1	-1.03468239771719	0.255563456898765	0.656408536714037
DYNC1H1	-0.104337742912818	0.791009379458149	0.915642981625276
EIF2B1	-0.94595099377176	0.167544455197185	0.632228373587721
ELOA	1.46722345149801	0.0836933100351797	0.581536275984974
MAP7	-0.902779618058823	0.178710629419831	0.636371844704612
CTTN	-1.13344240398089	0.0367980527817417	0.510167121470397
TRIM25	0.113247474673042	0.729921972974534	0.888487979369583
FAM50A	-0.0993169116934922	0.80260315186982	0.921661081913194
FRG1	-0.521007711467664	0.455005693603394	0.722522946914848
GAMT	-0.984438752180509	0.244432234385691	0.652417196084346
GALE	-0.209011783896845	0.762065810329638	0.903333519495389
PDE3A	-0.240215658782006	0.53452867228601	0.772546278237635
CAPRIN1	0.0453563277797215	0.890833987669774	0.952192451106213
RBM39	0.0531509902023828	0.882333135711162	0.948376995860595
PRPSAP1	-1.15162266791049	0.0305691178265725	0.488154032211346
MCM6	-0.0682747641605488	0.849318944753611	0.940539522095124
PLS1	0.442418652120832	0.263300232637778	0.656408536714037
LAGE3	-0.0335404780788195	0.944654759250949	0.977421345108788
TRIP12	-2.13127968304013	0.0342785883735479	0.500905031060203
PUM1	0.0109792754074931	0.988446127347101	0.995117632050451
CLINT1	0.300783813442699	0.724170189288225	0.884341251232479
SMC1A	0.399934358885034	0.558370751482013	0.785691948141651
USP10	0.410941594431634	0.293643394504691	0.656976021165371
GANAB	0.135829699938832	0.682172075806572	0.860646001293604
PPP2R5D	-0.580435942642175	0.268080675301235	0.656408536714037
COG2	0.31115649048143	0.545541626272326	0.778666719406866
MVP	-0.312336392019358	0.451370165292645	0.72107104000188
CASP8	-0.425091309280127	0.538512747065597	0.773625630825347
CHD4	0.41922800372188	0.516192136040039	0.760078307304564
LASP1	-1.07820730379702	0.249681040993384	0.655217262064058
PTGR1	-0.812907898102502	0.293656760329657	0.656976021165371
DRAP1	0.0929691156413526	0.856820953865179	0.941856620422602
KPNB1	-0.481178854391899	0.438642590066026	0.71769838318384
NOLC1	0.725578293183787	0.196718402764067	0.638405277287363
NUMA1	-1.61236610841769	0.00756234382677966	0.3542812153745
PSME4	-0.677752627863352	0.178169696486853	0.636269655484034
GAPVD1	-0.307549934901012	0.571680801743813	0.79315978784986
NCAPH	-0.192899540859468	0.717105229006439	0.879103007770975
PSMD6	-0.218730367915185	0.506758952930744	0.757905761830302
MORF4L2	-1.5849161040442	0.0611218391709819	0.546185913539746
ABRAXAS2	-0.114305500123947	0.789765730376717	0.915642981625276
SEPTIN2	-0.0573710117827346	0.862123519571493	0.941908270297651
SART3	-0.0296389818782217	0.959767740357463	0.984766066154423
NCAPD2	0.299917074551416	0.514800143632739	0.759479505077384
SUZ12	-0.87419848669191	0.118094303180223	0.604347921762944
EXOSC7	0.197287313619672	0.592808095812368	0.804708181896486
TNIP1	0.0136588499231429	0.980460464954194	0.992739869905239
EFTUD2	-0.130953911304729	0.672546018427297	0.855658244092219
SNX17	1.21934939000803	0.00954772030169011	0.373654056348405
RAB3GAP1	0.941148752467633	0.0259054344761248	0.481497671626796
KARS1	-1.56013588109855	0.038997941727005	0.519651018560197
SETDB1	0.450394428791061	0.407176298185202	0.702085880409876
LRRC14	-0.540224540792362	0.260170768638716	0.656408536714037
POLD3	0.78485430564816	0.171548192224228	0.632228373587721
EIF4H	-0.70299118832979	0.323709260214689	0.664751312949223
EEA1	0.445263726140674	0.453366809757423	0.721674225240711
PDIA6	0.221407962787882	0.497836955035815	0.754862548226803
PAFAH1B3	-1.16806153519353	0.142066180574645	0.617034746025468
PEA15	-2.24114286374703	0.0288501229452695	0.486851367121788
PMVK	0.087692797805655	0.857989561277096	0.941856620422602
PLCB4	0.87318231791447	0.127684731968154	0.607571670616153
PLEC	0.57485159006681	0.322169523793799	0.664751312949223
PCM1	0.613058331851288	0.318503577414821	0.664751312949223
PPA1	-0.935974055802525	0.34132644969517	0.668936181579848
NONO	-0.20243835700742	0.715917300167847	0.878530471504377
PTPA	-1.97792520811219	0.0243652159699481	0.479806284906997
RABEP1	-1.84389342624032	0.36358174222635	0.677278347460226
RAB35	0.413969542367745	0.41225661993072	0.704098487512676
RBBP5	-0.820517108271979	0.0381423072517385	0.51553634640253
RCN1	-0.0161183945286183	0.968672606497602	0.987527547743297
LLGL1	-0.191957315567898	0.668718636707063	0.853581309955264
PCBP1	-0.41700745780286	0.619389336220271	0.823595623020678
PCBP2	-0.607864688898154	0.285352190037505	0.656976021165371
ELOC	-0.286285446936276	0.552089447283513	0.782181420451481
ELOB	-0.820060112522398	0.0781692225571974	0.574612355288872
RHEB	-0.353708307602609	0.514522166920214	0.759479505077384
UBE3C	-0.229633810900559	0.597048880139537	0.807847623611839
SF3B3	-0.0547142790075448	0.889658769204266	0.951475671772345
DLGAP5	-0.165892210570014	0.763855126069688	0.903333519495389
RSU1	0.170136617085113	0.848040451274211	0.939471369493258
CNN3	-0.681579698331479	0.20128498308459	0.640768669883313
RPS6KA1	-0.68460642507852	0.128839406459971	0.607571670616153
SF3B4	-0.251338833781809	0.510184531558862	0.758775423909653
PPP1R7	-1.13557498993238	0.0405017049830377	0.52305455305149
SEC23A	0.388770156170619	0.351224311391933	0.671747102455315
SEC23B	0.00939064900294184	0.987701971327065	0.995090604828844
SF3A1	0.209235462518848	0.71174811407874	0.877665260492229
TAF7	-0.692729964123007	0.109266193538455	0.602215030741867
TSN	0.443809292549972	0.367999784792419	0.68092600022189
SF1	-0.463284634263889	0.246519502442772	0.653997672632632
TRIP10	-0.46296564838552	0.48276209049006	0.744899398165279
TRIP11	0.722543767008474	0.239083302706852	0.650816742143476
TRIP13	-1.21838362592005	0.123171299527912	0.604347921762944
TRIP6	-0.0948981261047948	0.8327434081573	0.931832460581952
MAPRE1	-1.15376294195143	0.170655038392709	0.632228373587721
ELAVL1	0.148105448708517	0.762446527834523	0.903333519495389
TAB1	-0.338109492954533	0.361079729571042	0.676113996076094
SLC1A5	0.522165258476662	0.168151277606313	0.632228373587721
MLF2	-0.718531435271178	0.209825563715908	0.641739379360059
TOMM34	-0.424535865747842	0.547524930475256	0.780611157966802
TBCE	-0.707652003961371	0.112222273871321	0.603694999670115
UBE2V2	-0.29217800602834	0.689301936688329	0.865010849667783
STXBP2	-0.219062264299311	0.565353273923633	0.789902629109308
NEDD8	-0.742911264512792	0.135908662224702	0.614817367624663
RAB11B	0.110300917546482	0.791568323286834	0.915642981625276
ZYX	-0.0806353888681457	0.882486045737159	0.948376995860595
SEPTIN7	0.0380792051248342	0.953356738904695	0.982270017051804
ADRM1	-0.379641830115563	0.341161728635222	0.668936181579848
CCDC6	-0.581188506345327	0.202724525149484	0.641739379360059
UAP1	-0.942646724199129	0.182238397953164	0.638405277287363
PSMD5	-0.368933456359635	0.533934292615348	0.772546278237635
PKN2	-0.0607222210484473	0.859185036927539	0.941856620422602
DDB1	-0.508276564570824	0.135349253921054	0.614817367624663
PPP2R5E	-0.20673198555923	0.545907374656003	0.778893949991595
CDC37	-0.83674626721848	0.186023155155342	0.638405277287363
DPYSL2	-0.816918508609067	0.153551728067706	0.620677643152565
RBBP7	-1.566000624061	0.266960416863056	0.656408536714037
TAF9	-0.125019708770886	0.844225869574758	0.937415641651933
MEA1	-0.677722299728231	0.360991775274769	0.676113996076094
SRSF7	0.148076798229873	0.766489408278686	0.904956655798036
CPSF6	0.619303996285279	0.21103106159965	0.641772688138937
SMN1	1.51809162920021	0.00529129372547268	0.299441208447922
DBN1	-0.426905981926936	0.341258139068794	0.668936181579848
NRF1	0.567716108623223	0.295315500496511	0.656976021165371
FSCN1	-1.72319730122998	0.0694169573342823	0.559476535216731
NDUFA5	0.289687602638487	0.581374472318935	0.798118656263957
KYNU	-1.77297866067215	0.0494707674439011	0.543858949330376
KYAT1	-1.10347812848492	0.0621828407685934	0.546631960681267
H2AC18	0.731081498868186	0.327370519623932	0.665508487700431
HADH	0.0726977926282686	0.876827511827248	0.947425944727952
UGP2	-0.887373817361631	0.283170915711763	0.656976021165371
ATP6V1F	-0.956002092379428	0.0800139051044298	0.579360914478612
TXNRD1	-0.760718691273603	0.288744940310352	0.656976021165371
TPD52L1	-0.0312722677828319	0.940525770090417	0.977421345108788
HNRNPUL2	0.351623932106129	0.615765855560106	0.821426955622496
INF2	0.260595851167874	0.501549329406694	0.756465972482725
PDS5A	0.387104691380017	0.33665885799759	0.668936181579848
WASHC4	-0.851112062858295	0.227272620315213	0.647073334812313
ERCC6L	-1.49554299677628	0.0371450873330462	0.511219431871961
TSR1	0.366874055337227	0.318651024716042	0.664751312949223
TYSND1	0.229142789575342	0.742252705831291	0.895415068781875
QRICH1	-0.711202659845739	0.226909256247098	0.647073334812313
SMU1	0.0137513949505568	0.985303679416947	0.994071223909865
LRRFIP1	-0.573810467900877	0.208436582197199	0.641739379360059
TRMT5	0.258265048428111	0.665093837809623	0.850224666908606
MAP7D1	0.0877018305709747	0.881258749778113	0.948376995860595
LSM12	1.04173811102023	0.0604434918769238	0.544325822246218
RABL6	0.0790479487091105	0.86220182389324	0.941908270297651
VPS26B	0.684618002158853	0.239466825173387	0.650816742143476
PREPL	-0.432209819383971	0.363423291386059	0.677278347460226
GRIPAP1	-1.41284314018554	0.280067787442709	0.656408536714037
FAM98B	1.23438902253583	0.117819594104721	0.604347921762944
PDCD4	-0.435621113893639	0.407007934588159	0.702085880409876
PHLDA2	0.345239751781278	0.520226744793522	0.762896871529786
PDLIM3	0.321357653970246	0.519385764661898	0.762525678517426
LACTB2	-0.312800270031016	0.432936163329511	0.716816318104401
SOWAHC	0.0808559644182409	0.85250173307507	0.94164734488169
ACTBL2	-0.547819328584751	0.497563739961089	0.754862548226803
DCAF6	-1.25277911158791	0.111018803676088	0.602215030741867
ZC3H12A	-0.380425826786599	0.381675443715869	0.686033411941155
DNAJC21	0.634773823322178	0.53414799084047	0.772546278237635
PPP6R3	2.0086121260011	0.214219819022937	0.643171128611062
WDR44	0.322184394727788	0.409094679672639	0.702980292989344
PRRC2B	1.03585929303315	0.0999964608863884	0.601100744514566
RRP12	0.202597074212825	0.812061574021667	0.924044718055433
PCID2	0.475841652386169	0.404247275742366	0.699956482930429
SPECC1	0.431262693535938	0.437125222593243	0.717631351501575
PPP4R3B	-0.426009655445952	0.340513444977105	0.668936181579848
SNAP47	0.382300004578717	0.440806642827697	0.71769838318384
NUP188	-0.914061070632886	0.149151347272294	0.620677643152565
CEP170	0.209722521896019	0.784826854352953	0.913914531087457
CC2D1B	0.276189338522123	0.611278081057406	0.818002002720893
CHCHD2	0.535865524983901	0.183056454383211	0.638405277287363
ARMH3	0.321298893624533	0.570725536710749	0.792818472096374
HECTD3	-0.450210609006312	0.69799500467243	0.869841098023706
UBR4	-0.508827662662444	0.359506063878081	0.676113996076094
KANK4	0.102458108949868	0.816154649596178	0.926325871766976
RBM26	0.24282008078179	0.787554011461137	0.915642981625276
INTS11	0.119539868020134	0.797909550097854	0.918412585322325
DCAF8	2.36337500319564	0.00148508182853366	0.1666211638856
ATPAF1	1.07890435137151	0.0907078407161595	0.591870183851919
DDI2	0.0135369313835767	0.974330585080774	0.989783627210368
NT5DC1	-1.57822867043815	0.193964842638443	0.638405277287363
VPS53	0.818209588808479	0.269471666922981	0.656408536714037
STRIP1	-0.0321497378321958	0.962521475758078	0.985910637072064
CDC42BPA	0.159975770955668	0.727697952649994	0.887363471163216
RPRD2	2.03982872407336	0.0538755836871587	0.543858949330376
RNF20	0.466807660036977	0.55275451910503	0.782740252176143
ARHGEF16	-2.04869488545902	0.0534960794628624	0.543858949330376
BROX	-1.8548267790422	0.0163468299483727	0.446934190649317
LYPLAL1	0.567016790186706	0.502116490503991	0.756673536371456
ECPAS	-0.931683914466014	0.076805538864493	0.573532053580204
DENND4C	-1.14062405672097	0.445567180937654	0.719278184638652
FHIP2A	0.130756557456049	0.790239568387856	0.915642981625276
RNF213	-0.335520379019503	0.551148257236171	0.781987824703579
KANK2	0.0859028554825123	0.827441921080651	0.929485696870758
WASHC2A	0.2068482701034	0.608698572139244	0.815702653294003
FAM91A1	-0.659308627119692	0.254333834822249	0.656408536714037
TBC1D9B	0.266269183651961	0.774936452761267	0.909728013592862
TNS3	-1.27658938048074	0.165465080253928	0.631547386272838
INTS3	-0.32930788529854	0.76090717069318	0.903333519495389
ARHGAP17	0.322243739287984	0.377887659420116	0.686033411941155
CWF19L1	1.14301270318847	0.0161047013307032	0.446934190649317
ATL3	0.38672112984214	0.539133117429518	0.773625630825347
CIAPIN1	-0.344845682059997	0.779828584176947	0.912571685888933
ELP2	-1.11027236408209	0.00813597767100485	0.365247283301896
TWF2	1.22078507953825	0.277408457044473	0.656408536714037
DESI1	0.0616330495161463	0.85835336943285	0.941856620422602
PPP4R3A	0.78378967548425	0.140830826805686	0.617034746025468
RAB12	0.938685827164196	0.0564498881593064	0.543858949330376
SDE2	0.465700210607856	0.345743827153301	0.668936181579848
KRT80	0.802839277276433	0.228561970773665	0.647073334812313
PDE12	-0.584226434560897	0.361275444734376	0.676113996076094
HIBCH	0.917743210229041	0.0712637570809568	0.565973283477759
ARMC6	-1.31152573257343	0.162561403074622	0.626168591414095
TTI2	-0.575882944137636	0.156254661099576	0.621467265051329
JMJD6	-0.668913272864025	0.180005558548413	0.638405277287363
CAVIN1	0.352993176985478	0.453598096544181	0.721737730830425
ZCCHC8	2.22760657549953	0.207544720709248	0.641739379360059
CDC73	1.01274988278107	0.0273774332352513	0.485353921485787
PMF1	0.888484536349459	0.0346755476660434	0.500905031060203
CC2D1A	0.755631172521081	0.323251574626672	0.664751312949223
METTL2B	-0.271457350384861	0.661848163214281	0.847768146562858
EDC4	0.33208394476193	0.409137516842856	0.702980292989344
PRMT9	-0.72500287848591	0.598624066753966	0.808933667093378
PRPF8	-0.715748200644327	0.109091220826403	0.602215030741867
SCYL2	1.07654538005691	0.0821249805271178	0.579360914478612
WDR73	-0.524018601007661	0.271510764592979	0.656408536714037
PDXDC1	-0.370076770806556	0.50630629408616	0.757905761830302
MEAK7	1.95192121975816	0.0428365491668373	0.526110942635716
AAGAB	-1.1165855770581	0.102828009873727	0.602215030741867
TTC33	-0.0293998832754596	0.946204147124172	0.977839363881955
BRAT1	-0.153046831462689	0.710225328831632	0.877368245498791
LARP1	-0.181293102499396	0.611886905032429	0.818526257139869
BLOC1S3	-0.752544198859393	0.27587472402966	0.656408536714037
FIP1L1	0.218949897150839	0.753319337939745	0.900687134867083
CRTC3	-0.0547826214656837	0.881710276406106	0.948376995860595
SASS6	-0.482339500338593	0.678495923302914	0.85888154641668
LRSAM1	-1.65948446620556	0.03799529667727	0.515396632266134
CWC27	-0.0406148501455377	0.941499811733608	0.977421345108788
WDR82	0.64069477808107	0.215584759562148	0.645726869188927
RANBP10	0.903857845674288	0.213656687337683	0.642919729185953
NAPRT	-0.684404499605893	0.366287561926079	0.67942469061645
DNMBP	1.06898681512846	0.0959187164903088	0.592418138618621
GIGYF2	0.344943625140402	0.690111105286395	0.865270166244624
THADA	-0.544589997381554	0.322290000219881	0.664751312949223
HSDL2	0.102924648275714	0.788846848341524	0.915642981625276
KYAT3	-0.632913481041374	0.243154698184428	0.65170955321972
NBEAL2	0.246712433066595	0.651320230486953	0.842871856268462
RIPOR1	1.31690036471721	0.150853560120624	0.620677643152565
NBEAL1	0.249784888569867	0.768147670303492	0.905214020223271
TOM1L2	0.788575557197742	0.126204884204633	0.607571670616153
PAXIP1	0.235516173672995	0.823968655846065	0.928921964185761
STXBP4	-1.11333921829488	0.305600160734733	0.65852725145186
USP34	-0.0851946907229397	0.918483383826791	0.965848457246556
RAPH1	0.185956621179962	0.719061261734028	0.879103007770975
UNC13D	-0.176103150451318	0.711895984423974	0.877665260492229
LARP4	0.739070571786876	0.329864297729982	0.665508487700431
SUPT6H	0.12329853016271	0.759396450982705	0.903333519495389
SND1	-0.0959547661146196	0.806629816536512	0.9227023547284
MARK2	-1.74729454741255	0.00400720163002801	0.260480058863828
DDX46	-0.250675171406115	0.514666253317459	0.759479505077384
BZW1	-0.0881256564548423	0.86855718188264	0.944312496923368
KCTD9	-1.35261798204312	0.224033626573549	0.64661112827345
DHX30	-0.251604239658473	0.832139565747835	0.931832460581952
EIF3M	-0.595488248310723	0.21077023512105	0.641739379360059
MEPCE	0.328209517311297	0.680348135204812	0.859710733021834
RRAGA	-1.0922113558618	0.140131560422453	0.617034746025468
CYFIP1	-1.38103411367034	0.062776169101614	0.546631960681267
GET4	-0.347952627559547	0.307686832614059	0.65852725145186
COPS6	-0.676942723532644	0.0605999746618789	0.544325822246218
MAEA	1.25805056189639	0.108750051264171	0.602215030741867
TAOK1	0.269748888243033	0.657034369050182	0.846301910233689
MOB1A	-0.514045698519801	0.280858787446892	0.656408536714037
KDM3B	0.398790564199228	0.270309276907193	0.656408536714037
MICAL3	-1.09304348776067	0.295480868449377	0.656976021165371
DYM	0.0705926945881075	0.854572745779147	0.941856620422602
ZC3HAV1	0.296266693816364	0.53975317254831	0.773625698852025
TRAPPC11	0.496226479316235	0.171716446222062	0.632228373587721
NEGR1	0.402501850812421	0.286021506489665	0.656976021165371
NUP54	0.0310609106819797	0.929615569105493	0.969730929952541
ZFYVE16	-0.19060538413904	0.717875703097591	0.879103007770975
MON2	1.01560433854399	0.122581562994212	0.604347921762944
NUFIP2	0.807987922328664	0.132615412452559	0.61136029383692
CLASP1	-0.710397700521732	0.145116325423641	0.620677643152565
DHX29	0.379460560849481	0.528881369411952	0.769152195932306
HEATR3	0.0199426837654855	0.956547893773032	0.983672262662891
HDGFL2	0.200859764357883	0.694838902298545	0.868466954265474
DCXR	-2.04690042680296	0.0112399569371686	0.392035911471868
TSEN54	-1.75849284683446	0.000188765136622837	0.0649625665084837
RABEPK	-0.527590366488436	0.380683706457266	0.686033411941155
HUWE1	-0.431449892558053	0.290469364985501	0.656976021165371
YTHDF3	0.383176544935655	0.525621214084907	0.766480123091333
TEDC1	-0.0997952532705426	0.855542117963685	0.941856620422602
PATL1	1.08243160783259	0.0900301439542315	0.591591680416235
MYPN	-0.59696046009298	0.644486642721617	0.838054872311455
PEG10	-0.481906911479705	0.206831733493004	0.641739379360059
DPP9	-1.94778101336545	0.0145771369716837	0.428486970058132
SETD3	0.773092657803211	0.175202415384522	0.633101978588867
RBM23	1.19932793370217	0.167220053104772	0.632228373587721
NOP9	1.18064088399587	0.0148742689635328	0.431468217396016
PABPN1	0.607725057351676	0.399265182454519	0.696836852238402
LDB1	0.802652380278339	0.194645273699049	0.638405277287363
YRDC	-0.143266191322681	0.647458461355496	0.839314492186859
PRPF39	-0.644851941416572	0.307819272266284	0.65852725145186
MTDH	-0.0630502767723797	0.881931941879804	0.948376995860595
RIMS1	-0.0925074822760195	0.918721404440041	0.965848457246556
BCL9L	-0.486116563632979	0.486711552307385	0.747484609565204
USP48	0.869044455552732	0.318538000885999	0.664751312949223
LUZP1	-0.224709072344858	0.800741877372911	0.920556446092552
ALYREF	-0.0650662138672331	0.861253086747026	0.941908270297651
TAX1BP1	-1.53860771482826	0.00120541772079398	0.157211107166094
CAND1	-0.955215927446076	0.202827193882294	0.641739379360059
HOOK3	-0.122644819594271	0.797797924402663	0.918412585322325
THOC6	0.36045159985585	0.450035107421431	0.72085062490642
PPFIBP1	0.829441603185501	0.101974169928627	0.602215030741867
ZC3HC1	0.55664056477741	0.300155234902824	0.656976021165371
CARM1	-0.691915822306925	0.085019399814417	0.581536275984974
HEATR5A	0.0489545862341707	0.922475359192887	0.967098854466605
DDX42	0.544254730195597	0.27054812206586	0.656408536714037
SPATS2	1.09629169207336	0.21389940654206	0.642919729185953
CACUL1	-0.126602187045322	0.775811410411578	0.909979728977313
DNAAF5	-0.788729272072466	0.0890145834355762	0.590096291046968
PTOV1	-0.590452193565085	0.235870429557769	0.648573591406783
CPNE8	0.499646676749567	0.264802376777991	0.656408536714037
HPS6	-0.746296026989345	0.660070252695897	0.847378802172281
IRF2BP1	0.836884076455593	0.280200197131723	0.656408536714037
ARMC8	-0.0659624534988126	0.886324938006077	0.950412383560253
PLD3	1.03878859551654	0.0914966795779006	0.592418138618621
ERI1	-0.17009107262357	0.67043718819555	0.854127917799128
NUDCD3	-0.215183238215296	0.523360277816345	0.764371308889574
AHNAK2	0.964427874776398	0.161601970391028	0.626168591414095
MAP7D3	-0.52659035971265	0.265626045377878	0.656408536714037
CCDC117	-1.5337000428928	0.00310438435729389	0.235665192259062
FAM114A1	0.601140151015734	0.42580492814434	0.714283978662059
GCC2	0.117286062559803	0.795335939836932	0.916909761273332
CHERP	0.568166075750462	0.448633666967674	0.72085062490642
ANKHD1	-1.85550821250024	0.235337755873718	0.648573591406783
NELFCD	-2.38668510199283	0.0265885037954407	0.48381416861707
SIRT2	0.689614191948738	0.09491846535607	0.592418138618621
C9orf40	-0.893751819190896	0.246293423759153	0.653997672632632
GPALPP1	0.276406934214645	0.527685100711219	0.768004830097263
GSPT2	-0.452431343975491	0.517723899866507	0.762036232004917
ANKRD13A	-0.485031382306715	0.201293583620435	0.640768669883313
PHACTR4	0.0576947598350763	0.866620165554473	0.943697558274883
TRMT2A	-0.140592454805127	0.817220834903394	0.926436244152591
RPUSD2	-0.697238800473993	0.487934903276005	0.747484609565204
ALDH16A1	-0.878373568249106	0.233482309761854	0.648573591406783
SCYL3	-0.515636484049114	0.515504931882648	0.759659671015813
XRN1	0.544659420690227	0.189168133795181	0.638405277287363
ABI1	0.399024336165784	0.277692888600836	0.656408536714037
SPART	0.500800150354351	0.365087999958328	0.678200417656579
TTC5	0.317669352276813	0.858664336382627	0.941856620422602
RPTOR	-0.806001087928266	0.309371674749403	0.658926276690102
CCAR2	-0.0318002524897771	0.928906972916264	0.969730929952541
VPS52	-1.31824246048913	0.0395517361528871	0.52305455305149
NUP93	-0.680757835004634	0.175301108348603	0.633101978588867
CMTR1	-0.904245229295842	0.0356814735879637	0.504361088901813
LRRC47	-0.439269948084519	0.303628016030673	0.658035200259579
RUSC2	-0.605357777752591	0.292504579365118	0.656976021165371
GPD1L	0.221099046201132	0.479995234828281	0.74438059372444
ARHGAP18	-0.0742286543748847	0.837006535074945	0.933279610812424
ASCC3	0.197136780783531	0.747951879077561	0.89711403816841
EHBP1L1	-0.286253073685984	0.689958189197349	0.865270166244624
PALS1	0.471204087621512	0.377229766498417	0.686033411941155
FNBP4	-1.50112932668761	0.216703797253107	0.646364575664931
CARNMT1	-0.419521651924519	0.561674678021045	0.787360782549839
OGFOD1	0.0026675812614414	0.996769811958767	0.998623528399711
OXR1	-0.300795494234773	0.43335692546539	0.716816318104401
RPP25L	-0.197821050641743	0.712040809572284	0.877665260492229
COMMD1	-0.404092116614429	0.314415629396411	0.661864025728351
ARFGAP2	0.558157900133843	0.160644428376631	0.62568016865396
C1orf52	-0.306984014461065	0.503960941077869	0.757235955303077
METTL13	0.241459468591238	0.770961625781151	0.907395846073882
ARFGAP1	0.169965316606564	0.636319152558491	0.833423970555435
PAF1	0.908051355239678	0.0805424557704241	0.579360914478612
UBR7	-0.626746972130643	0.220529927118368	0.646364575664931
ENAH	-0.269488384134164	0.648072554145592	0.839533356813132
ASCC1	0.838431332580264	0.194619023832868	0.638405277287363
LRRC57	-0.248294738030861	0.622219723920598	0.82540502377781
ANKRD52	0.339968454116558	0.537473934781495	0.773615654587675
AFG2A	0.621546668715943	0.105972956906292	0.602215030741867
FANCB	0.121000544974837	0.767599670958051	0.905214020223271
NHLRC2	-1.64015293015816	0.0478547357868971	0.543563375321491
AVL9	0.232855580955285	0.634159199871442	0.831507073266762
SUMF2	-0.0349830970676663	0.91497688338963	0.964414211858895
TXNDC5	0.438331712037332	0.241970288800566	0.65170955321972
SPC24	0.838809274798596	0.136381525489701	0.614817367624663
SERBP1	-0.420119956130364	0.236777380486641	0.648900800737736
FAM98A	0.292820966860148	0.730242385654709	0.888591170152923
NFATC2IP	0.702455444755234	0.17025241599808	0.632228373587721
NAXE	-0.234152322640419	0.682722647116654	0.860795367101236
RNF214	-1.13912743123278	0.157108273368674	0.622326994614781
NPEPL1	-0.106926870525964	0.804696724036114	0.922343874267534
EHBP1	-0.304144956903631	0.440766732792211	0.71769838318384
ABCF1	0.274927410599531	0.510602980337521	0.758775423909653
PIK3C3	0.0904889705564571	0.836120846133332	0.932796729423461
DDHD1	-0.0380380499564161	0.946661018664933	0.978043479831634
SHCBP1	-0.748277428201824	0.343049880315896	0.668936181579848
APPL2	-0.729428163837746	0.397928735732074	0.696329124104711
VPS37A	0.124606590923246	0.706651689156701	0.875134160857116
LPCAT1	0.465119063729972	0.361668243625663	0.676402899196716
ZMIZ2	-0.508518727003842	0.282800987072448	0.656976021165371
USP32	-0.0905870296897433	0.850236338131269	0.940810249613143
FLAD1	0.442720110300687	0.366695574085164	0.679847104166742
NUP43	0.206968715526244	0.509717596489433	0.758541853339246
NUP37	-0.392068719231766	0.322382502560464	0.664751312949223
MOSPD2	0.447002014482507	0.402892174774211	0.699818696947742
NEDD1	1.69829339468624	0.0465121845157438	0.541378878529179
WDR48	-0.702824297675164	0.254129929793155	0.656408536714037
CEP76	-1.48082348454991	0.0016765760084522	0.1666211638856
NPLOC4	0.115997661940327	0.810570167485443	0.923466683894065
FBXO30	0.59924544968953	0.129726657169798	0.607571670616153
ZCRB1	1.74354596166438	0.0443119841837083	0.530477753513537
TMEM167A	1.32581931504286	0.0280982595372714	0.486851367121788
PIP4K2C	0.0215893222616188	0.956425945390756	0.983672262662891
TBC1D15	-0.25525487424602	0.567573507128271	0.792092602723724
CIP2A	-0.481732064132171	0.294100553168707	0.656976021165371
BICD2	0.88924691024943	0.165244536640727	0.631547386272838
NEK9	-0.396135251315215	0.352682273181379	0.673059135712035
GNPDA2	-1.55335928180216	0.214797005561296	0.644391016683889
DCAF11	-0.568384382883153	0.107375550631748	0.602215030741867
GEMIN5	-0.118180907214807	0.856657065777118	0.941856620422602
ARHGEF40	-0.519499204772234	0.286619482157435	0.656976021165371
PARD3	1.75743786291918	0.00166894710874328	0.1666211638856
IPO4	-0.801761554468136	0.205698177158575	0.641739379360059
ABHD5	0.334638497844338	0.481054181363571	0.744578169391711
SETD7	-0.116812340381689	0.873191738754978	0.944851089482073
SCARB1	0.827324468383313	0.0981163935138145	0.598951723940302
COG1	0.736151817212335	0.0855136262061501	0.581536275984974
SMAP2	0.713358460595039	0.0714798182504115	0.565973283477759
ZC3H15	0.381671220795738	0.432381695604088	0.716816318104401
PPP1R13L	0.227525804179734	0.534149766236859	0.772546278237635
TMEM263	0.401781975813332	0.285350570920362	0.656976021165371
NUP133	0.234014774379986	0.548451085391457	0.7813407793771
PDCD6IP	-0.806628208600394	0.208774162478239	0.641739379360059
CHMP7	-0.437991741825947	0.464457182799147	0.730898856501695
CHTF18	0.885524995042765	0.28696147148842	0.656976021165371
NUDCD2	-0.573407887830413	0.310918558213914	0.66017472585964
SCFD1	-0.675718342105831	0.230854098841415	0.64821355676171
PCNP	-1.6112707031762	0.0580431129377267	0.543858949330376
LMO7	0.635603038543593	0.153520543446714	0.620677643152565
ATXN2L	0.581865048554747	0.398419173347668	0.696588688466222
PRPF31	0.333195821375917	0.489524191460955	0.748882647464203
NELFB	0.963137074202482	0.0547041924430563	0.543858949330376
PALLD	-0.00611357798486978	0.990916372241684	0.995138652389718
MYO3B	0.25111660814817	0.519228840666356	0.762525678517426
DNAJC9	-1.29844599853876	0.404856233035569	0.700326997604188
CTNNBL1	1.05555299160111	0.0302436851541036	0.488154032211346
DDX1	0.629213800525296	0.165456949684951	0.631547386272838
SEC14L1	0.67952308939336	0.508177913682603	0.757905761830302
PSMF1	-1.19512699855846	0.0146578677108191	0.428486970058132
GBF1	-0.567835210184967	0.202073532821348	0.641739379360059
RTF1	-1.52608480176657	0.0922979612297462	0.592418138618621
IP6K1	0.795882246108615	0.222879078759693	0.646364575664931
AP3S1	0.0980264935234274	0.788755239154742	0.915642981625276
HSPH1	-0.475831715000155	0.350497262146578	0.671747102455315
CNOT9	0.375593013924966	0.273089288808054	0.656408536714037
MYO18A	-0.221214151157518	0.639372090802801	0.83463955366098
LARP4B	-0.511787577498232	0.313114321664969	0.660744963479306
GCN1	0.536168870092261	0.30321857740297	0.657843692701806
DHX38	-0.343234427764305	0.381098129548652	0.686033411941155
NUP205	-0.499935584650991	0.350319365477767	0.671747102455315
ANP32B	-0.0407109859870047	0.972803960599765	0.989576198749787
PRCC	0.773385501492548	0.113336448957763	0.604347921762944
TFG	-1.31155390968756	0.0313564694678782	0.488154032211346
HDAC2	2.4526620855331	0.00239439377017172	0.192111891645054
STAM	0.572523839925893	0.131889849887931	0.60950566657768
DDX17	0.0860863837272419	0.89789417548117	0.957975382531199
RAD50	1.05476885507912	0.301386809002408	0.656976021165371
OSTF1	-0.225222120933104	0.809090494629049	0.922982639713667
ARHGEF1	-1.3022495998872	0.0092729702611647	0.373654056348405
UFD1	0.2045043591019	0.609372345809514	0.816030936096476
UPF1	0.316171085132215	0.329272571302439	0.665508487700431
COPS5	-0.243575571322541	0.494232967707771	0.75236841943205
GPKOW	-0.192030742182801	0.789866795298096	0.915642981625276
SMARCC1	0.183689530035334	0.683778603955037	0.861033836881484
BAD	1.2109420826826	0.119507221079343	0.604347921762944
KHSRP	0.53516345865469	0.280618206555769	0.656408536714037
TNPO1	-1.09476798471479	0.160262885510373	0.62568016865396
ARHGEF2	-0.0682267198185187	0.856538187502205	0.941856620422602
EMG1	0.229559748392518	0.599776643272356	0.80959445588748
CLP1	0.168745258127203	0.737343862293231	0.892957517158275
GLMN	-0.669064143277993	0.236667410701724	0.648900800737736
USP9X	-0.0320041920496266	0.964776556718481	0.986221847488586
USP7	0.0244379122760741	0.945340198827971	0.977519269710555
CUL5	-0.437400658293637	0.250590135461421	0.656103447068321
LPP	-0.487243336074382	0.165191008185358	0.631547386272838
RBPMS	0.791469172024364	0.111240062525718	0.602215030741867
HPS3	0.179372019067472	0.669021730683365	0.853581309955264
RFK	-0.961095275808159	0.167921298873759	0.632228373587721
MYDGF	0.601554620386221	0.126187612696574	0.607571670616153
BORCS5	0.138095611337391	0.698987254795696	0.870639278581793
RAB24	-0.113436656197628	0.886900338835463	0.950412383560253
ZNF622	0.100726519694966	0.856544150312391	0.941856620422602
PSMG2	0.0762205035014993	0.907125227111859	0.960657697139955
SYAP1	-0.025463891140511	0.96374888953643	0.986009402678022
EXOC4	-0.0691623393454108	0.950459048518979	0.980355873075785
FERMT2	-0.526220300353231	0.397438877305496	0.696329124104711
FUBP1	0.237309649696957	0.559435615560702	0.786589003087028
VPS33A	0.660190664054166	0.197132112821036	0.638405277287363
AKT1S1	-0.886937659077731	0.252697826488159	0.656408536714037
OTULIN	-0.607165443763186	0.376117838163162	0.68518858343637
ATG2B	0.781888116420024	0.0465146530478531	0.541378878529179
EFHD2	-1.31018017707057	0.0533572564414583	0.543858949330376
CUSTOS	0.948070825958439	0.133222943743863	0.611916834175525
CHMP4C	0.298816622319745	0.628378487096287	0.829116611210671
ISOC1	0.0347347518185614	0.914887549814555	0.964414211858895
GCC1	-0.077161443322403	0.835808447875922	0.932796729423461
FLYWCH2	-0.072548743643079	0.916017510329153	0.965158432928538
CCDC124	-1.78895286569709	0.00198839515050198	0.170414502557795
AP2M1	0.888376972637598	0.196682765539071	0.638405277287363
NMD3	-1.12427284102542	0.016500712218627	0.446934190649317
REPS1	-0.252328866751824	0.57470234304334	0.79646921728679
CMBL	-0.581294985978957	0.317912196420832	0.664751312949223
MSI2	0.891682357333195	0.0801450664742702	0.579360914478612
SNRNP40	0.946705200014009	0.0424342527625298	0.526110942635716
RMC1	1.28661334506209	0.0388864956355122	0.519651018560197
SPDL1	-0.358296768221116	0.310318494594814	0.659645458352336
SIRT1	-0.23501672818465	0.651898304581456	0.843330533988566
SEH1L	0.140718776729766	0.680142900369796	0.859710733021834
TCEAL4	-0.326475552800861	0.431182538389388	0.716816318104401
KIFBP	0.836097670933146	0.278004023837271	0.656408536714037
GNPNAT1	-1.0244433956669	0.331195962880487	0.665674297109786
KTI12	-0.0070538848548658	0.993775832415154	0.996153286559688
MOCOS	-0.316143530986857	0.552152463866837	0.782181420451481
DAZAP1	0.605213495598754	0.10336395921886	0.602215030741867
SGTB	-1.05388903972209	0.0199439373094963	0.45035082391683
SAAL1	-0.119112234308663	0.767873841314601	0.905214020223271
MVB12A	-0.129739677445002	0.802943951191729	0.921735659039273
CYFIP2	0.430969946702312	0.193316049739756	0.638405277287363
CCDC97	0.22908029550468	0.631902324567366	0.83056941998729
EDC3	0.402652836690635	0.48782858834079	0.747484609565204
S100A16	-2.9882947073237	0.0944782858117605	0.592418138618621
SIPA1	0.391119468137873	0.512906075180389	0.758984645290704
OTUB1	-2.05852482170415	0.163486500714461	0.627808140727326
CHMP6	0.569538735983258	0.324957119710927	0.664751312949223
PGM2	-0.938614215115713	0.39847054786741	0.696588688466222
DUS3L	-0.958283341055552	0.296907128847129	0.656976021165371
OTUD5	-0.152625608025971	0.7628411196272	0.903333519495389
LTV1	-0.519117658766465	0.197854753557902	0.638405277287363
DCUN1D1	-0.456220492199691	0.452747299641352	0.721601887974445
FAHD2A	-0.149540840912337	0.786315379774239	0.915183733681684
TOE1	0.346286563284838	0.682747001591036	0.860795367101236
MASTL	-1.04986174223021	0.0410184247413017	0.524340609150673
SNF8	0.688726308295401	0.153159245270064	0.620677643152565
PDLIM5	-0.170204085946438	0.640098181837844	0.83463955366098
ERO1A	0.312062906393408	0.41268001855809	0.704098487512676
NAF1	0.0829583861984595	0.834133044995337	0.932557282145691
GMPPA	-0.637895986002803	0.13233481119647	0.610813430871342
ABHD14B	-0.832663860885788	0.258207241645776	0.656408536714037
NGLY1	0.669161470893293	0.228027690558201	0.647073334812313
PAWR	-0.0615499921331519	0.869641684559795	0.944312496923368
ITCH	0.666138019105531	0.257185975525645	0.656408536714037
COG3	0.73296628907902	0.267555174503446	0.656408536714037
VCPIP1	-2.4203123772399	4.61207940340688e-05	0.0289869190504122
ZFP91	0.852952767472399	0.248824088411222	0.65419471272706
BTF3L4	-0.666726200252377	0.280189621328792	0.656408536714037
USP47	-1.73666110942565	0.0275537257609633	0.485537849741087
PBK	-1.00933836256958	0.291197926998511	0.656976021165371
ARL5B	0.171569239326111	0.696426875471353	0.868925432292864
SCYL1	-0.18132420995553	0.712186607559326	0.877665260492229
EXOC2	0.703475834122919	0.10741897728535	0.602215030741867
CNDP2	-0.320019394727961	0.781105152383303	0.913238863452337
ZFR	-0.4149407119533	0.562926278029039	0.787688666454845
TRIM47	0.205772676669476	0.587990019369603	0.802358052402436
PRRC1	0.2537891602061	0.496396657840246	0.754194922125532
CCDC43	-0.307325549966702	0.687892502872627	0.864059774414
COG8	1.01307131311056	0.451565076085548	0.72107104000188
DNAAF10	0.136333240340846	0.754897592245626	0.901716446106511
DOCK7	0.306182313750028	0.706356931699141	0.875134160857116
SAMD11	-0.190616685808902	0.675952691545251	0.857100739682967
NSUN5	0.0332412355902818	0.974681726633902	0.989783627210368
RPRD1A	0.312629701608195	0.416167719680511	0.707560176246712
AGAP3	0.54591960513546	0.227383861242746	0.647073334812313
ARAP1	0.330880181813477	0.398631235669612	0.696588688466222
IPO9	-0.879672394365382	0.296633166140171	0.656976021165371
RBM14	0.0342343894767261	0.954011889226939	0.982676545827585
NEDD4L	0.164608820537939	0.638689700598956	0.83463955366098
FMNL2	0.235235703614435	0.464782672471776	0.730898856501695
PUS7	-2.1328667058843	0.0141004669129541	0.425382885829998
TRNT1	0.105309332809856	0.859109885458883	0.941856620422602
VPS35	0.149929142165796	0.672531654584622	0.855658244092219
SPAG5	-0.21712477664444	0.753244096095847	0.900687134867083
NACC1	-0.314028746378025	0.614935321388858	0.82114769722287
SNX18	0.3276420352136	0.74070444055455	0.8946817569927
TGS1	-1.1846785171486	0.00722244337799144	0.351515556564786
NUDCD1	-1.26819392878516	0.0309571793847744	0.488154032211346
ERBIN	-1.35951577055771	0.228632218163269	0.647073334812313
WRNIP1	0.262550536374874	0.651265572341848	0.842871856268462
RANBP9	0.377336251664168	0.391465619483266	0.690775668668723
UBL7	0.0534300607460843	0.880500162929293	0.948376995860595
PLEKHF1	1.08022579570113	0.0212618471253096	0.469162209389149
SRPK1	-0.224858921306506	0.642377292220264	0.836176999987096
IWS1	0.064743590457276	0.90699392363594	0.960657697139955
OSBPL9	0.686844207951165	0.364052826916435	0.677278347460226
RUFY1	0.441282530709227	0.311792942656064	0.66017472585964
MMS19	-0.377911861102422	0.33771380270086	0.668936181579848
NIBAN2	-0.443649604252837	0.464273645622067	0.730898856501695
TCF12	0.115583971009205	0.795092790483374	0.916909759300551
MYCBP	-0.000309969457756409	0.999454955656632	0.999839975639015
TBCB	-0.847068120329109	0.141146243862275	0.617034746025468
PSMB7	-0.00778922743258903	0.982907733342475	0.993343314392771
CNN2	-0.718880330814777	0.30558083018575	0.65852725145186
PSMD1	-0.564123277776233	0.295081078305879	0.656976021165371
PFDN5	-0.568006243423913	0.399655159382956	0.697085849229013
PARK7	-1.47993685296674	0.172006617952574	0.632228373587721
EYA3	0.217232644039122	0.699097251536905	0.870639278581793
VAT1	0.165646349308481	0.692762683683864	0.867333359950814
PLIN2	0.328973892219963	0.387110047077203	0.689247979185311
NUP88	-0.919748916356678	0.0544016133355287	0.543858949330376
PIK3R4	0.377658821149112	0.414158873724574	0.705098470797006
POP1	0.313565964468911	0.65711270038829	0.846301910233689
S100A13	-1.23835173269199	0.171076934026152	0.632228373587721
TSNAX	-0.289803480384162	0.686017929772651	0.862432477352881
TTC1	-0.30888006525716	0.436299884374855	0.717631351501575
DNAJC7	-0.342663513242805	0.52854832753799	0.768964407077839
COPS8	-0.595439729356471	0.0783405112033893	0.574751104568057
CHP1	0.847156217139055	0.0775042903521404	0.574612355288872
KIF2C	1.28825189933453	0.0151866333498809	0.434159827295687
MGLL	0.347936898376791	0.466629587641547	0.732886370260838
MTR	-1.71091509148545	0.0346132325592503	0.500905031060203
HNRNPAB	-0.318767332953612	0.497684943246389	0.754862548226803
NAP1L4	-0.728606712026671	0.379460548010647	0.686033411941155
OLFM1	-0.109761662226553	0.774615505476917	0.909728013592862
TSG101	0.208073977796662	0.58850716061939	0.802358052402436
CPNE1	-1.07716877836047	0.13457784746657	0.614817367624663
CCT7	-0.798568087419895	0.31322872375243	0.660744963479306
PRMT1	-0.828045654445148	0.0753189114808723	0.570964569388321
BAG1	-1.15663583535547	0.117251005087871	0.604347921762944
SH3GL1	0.399159468741686	0.549104547832695	0.781386132029091
SH3GL2	0.839794895227591	0.0748061991633396	0.570964569388321
NCAPG	-0.235785453364919	0.656397557767015	0.846247928321167
ARPC5L	0.17868728871499	0.715390832859759	0.878530471504377
ELAC2	-1.1555684539675	0.0307322488839954	0.488154032211346
TRIR	0.232664560248729	0.580698484952879	0.798118656263957
GRWD1	-0.197200774385983	0.551094668175701	0.781987824703579
MACROD1	0.228737885216447	0.656957550362031	0.846301910233689
CMSS1	-0.407529313429272	0.410185888307939	0.703251645396765
WDR77	0.116803180593834	0.865561022954152	0.943381369963311
KXD1	0.594545324078819	0.279613655324305	0.656408536714037
APOL2	0.0254182156287044	0.963164886495222	0.985910637072064
MYBBP1A	-0.0840259686510407	0.917983249524639	0.965848457246556
NUDT12	0.164875091805257	0.660780241126271	0.847378802172281
FERMT1	0.0581321737714795	0.924344844104217	0.968488556456412
FYCO1	0.894323645932843	0.184038940995386	0.638405277287363
VPS25	0.417456361284199	0.427948778923278	0.715747995824684
CHLSN	-0.0583550559097894	0.90510700716848	0.960657697139955
PDCD2L	0.265711659410222	0.655306606262755	0.846247928321167
PAAF1	-0.0424015321736775	0.914238060208495	0.964414211858895
PYM1	1.33807892360512	0.109661258084485	0.602215030741867
PYGO2	0.434710022644236	0.549030357009376	0.781386132029091
AIFM2	0.138747758225477	0.676867524830136	0.857683950313993
RIOK1	0.627246755455069	0.173998528780496	0.633029297272087
MIEN1	0.0826050312609361	0.817727945535826	0.926436244152591
PELO	-0.424572184716673	0.631670916452042	0.83056941998729
ATG101	-0.968166699643053	0.0699632886010136	0.562540642461455
NTPCR	0.899925271550369	0.162185010833128	0.626168591414095
TUBGCP2	0.52545917529941	0.247870140118532	0.653997672632632
ESYT1	1.59657730419232	0.109934850088426	0.602215030741867
UBAC1	-1.20738757646893	0.0233124318218787	0.470113264172752
TSEN34	-1.2936499552595	0.0190838322373147	0.448995344399328
CNPY3	-0.00811077756579692	0.981052279593077	0.992900737076085
PSMG3	-0.713647280602103	0.154227068604659	0.620677643152565
COPS4	-0.41076391304701	0.336923704753834	0.668936181579848
RBM42	0.118782381307657	0.774899101814704	0.909728013592862
MCMBP	-2.9224761675256	6.94535969839306e-05	0.0374156448894861
AARSD1	-0.636037303390822	0.296214034039163	0.656976021165371
DCUN1D5	-0.602219230260157	0.304260376480528	0.65852725145186
ANP32E	-1.28249810276202	0.188976709923009	0.638405277287363
TBCD	-1.44895045730441	0.0114356802603833	0.392035911471868
HGH1	-0.645945391177683	0.220228160148306	0.646364575664931
DOHH	-2.57880545672819	0.017504410314141	0.448995344399328
TUBB6	-2.93283401411476	0.121501108056348	0.604347921762944
POLR3C	1.20667296406727	0.0290297877753836	0.486851367121788
HNRNPUL1	0.0979926537464983	0.855300908186011	0.941856620422602
PDCD10	-0.47579504979187	0.299779048052022	0.656976021165371
RPP25	0.583315185645642	0.350549747027574	0.671747102455315
EFHD1	0.51474563688042	0.487474159067785	0.747484609565204
DDX23	0.184673980534466	0.703143168715261	0.872795552740371
MRI1	-0.520363167456434	0.450708304387374	0.72107104000188
WDR18	-0.28339515038034	0.660863026754954	0.847378802172281
NTMT1	-0.499724522326119	0.45504958868278	0.722522946914848
DSCC1	-0.764214643238823	0.270061033124008	0.656408536714037
TMED9	1.30875893924074	0.0899726986530299	0.591591680416235
GNL3	-0.054820548870623	0.926523112954901	0.968488556456412
AFG2B	0.739856004286395	0.124941401496984	0.607571670616153
RIOK2	-0.15343251717934	0.778962836695081	0.91197418726394
NUP85	0.951922436737441	0.067915647240688	0.556927867387257
DDA1	0.103976413629777	0.807299730251962	0.922939226946061
YJU2	0.93150121707275	0.188671360786845	0.638405277287363
NUDT9	0.409698777033128	0.269555785185216	0.656408536714037
ACAT2	-1.78062047499451	0.0422467534807634	0.526110942635716
RBM4	0.468912501331438	0.360932187529466	0.676113996076094
RPAP1	-0.744522209036504	0.279363869521266	0.656408536714037
SLC4A1AP	0.344763513757574	0.284844217437785	0.656976021165371
SSBP3	0.566689929668556	0.363895598036977	0.677278347460226
OSBPL10	0.612640779530761	0.139934915750771	0.617034746025468
NAA15	-0.438100750645589	0.389985129465111	0.689881269648984
SRRT	0.770370927848443	0.143642319600568	0.61977716616846
AP1M1	0.495622843181923	0.213371690997583	0.642919729185953
NUSAP1	0.162290930354501	0.700866650996945	0.870853561074044
FANCD2	-0.719693258020214	0.441388598181726	0.71769838318384
RTF2	-1.69759480213142	0.00487307128421165	0.282713104811725
CHMP4A	-0.522616924155514	0.272495651846836	0.656408536714037
EIF2A	-1.70431089400942	0.00871483754689917	0.373654056348405
NIFK	0.350488160139342	0.481233625399572	0.744578169391711
NLN	0.222827937454326	0.661786003079387	0.847768146562858
CEP41	-0.403608465576479	0.432096012740104	0.716816318104401
LDHAL6B	-1.56997916975288	0.219046568183851	0.646364575664931
NUF2	0.111145610477212	0.81988790709951	0.926749561763243
GTPBP4	0.557731558544834	0.492402166206123	0.75084859230218
ASPSCR1	-0.743741933727414	0.084203333734112	0.581536275984974
TBL1XR1	0.458127214339761	0.36114336857972	0.676113996076094
ULBP2	0.711651927812518	0.268821563472527	0.656408536714037
NIBAN1	0.701297083823604	0.308082765798941	0.65852725145186
UBXN6	-0.281206204850665	0.645900012356066	0.838915196035009
UCK2	-0.597714185304532	0.289953292737215	0.656976021165371
API5	0.483272312270685	0.290323088219453	0.656976021165371
DPY30	0.389510773323572	0.323925942017343	0.664751312949223
TANGO6	0.091203234635401	0.825558476644852	0.929485696870758
TNKS1BP1	0.536762144790021	0.334801470015715	0.667655390496701
AMBRA1	0.53018380757921	0.557795838720667	0.785691948141651
UBE2O	-1.95882248766859	0.000244960103725833	0.0710572731653935
XPO4	-0.525578245840059	0.403566810766343	0.699907982771456
WDR12	0.0581379865746214	0.871076589228934	0.944312496923368
ADISSP	-0.131432183759749	0.90508426355733	0.960657697139955
PITHD1	-2.09911393682938	0.00982063325327893	0.377893959164437
COMMD5	0.638499859884281	0.259343055493299	0.656408536714037
DDX24	0.0796064930809131	0.895964695981308	0.956321219514722
SKIC8	-1.30892807634906	0.187175122648099	0.638405277287363
NIF3L1	-0.570985809520383	0.300067151307017	0.656976021165371
EGLN1	-0.296249386972708	0.383910851936348	0.686126930166809
PSME3IP1	-0.759975793798041	0.0766308505494628	0.573532053580204
NAA50	-0.287487156766201	0.512665584749163	0.758984645290704
UBA5	-0.789346309825589	0.167524445242376	0.632228373587721
PAIP1	-0.963217343551321	0.0331310854986674	0.497758260619422
COMMD4	-0.176360071013232	0.69623700713528	0.868925432292864
KLC2	0.259118203757687	0.758490254429423	0.902861978994115
XRN2	-0.32705947112126	0.363426472081712	0.677278347460226
CSTF2T	0.0631903446124262	0.901110502661455	0.95994857168066
NT5C3A	-0.371422039563139	0.403843771441139	0.699907982771456
DDX47	0.017774659113563	0.969515101095861	0.987852322678328
RAB1B	-0.388779805213417	0.248177664696459	0.65400277677872
TSPYL1	-0.43365399809926	0.392830765161268	0.691257496697687
ANAPC1	-0.127792593675856	0.806065078464319	0.9227023547284
POLR3F	0.678814238440147	0.278712581665465	0.656408536714037
ASCC2	-0.266821049181967	0.508739693487751	0.757905761830302
ATG5	0.264396545055014	0.627436146905925	0.828946573623497
EHD4	-0.415645259445579	0.475718849239895	0.740416665093973
VPS16	-0.605436517056525	0.420943944793204	0.711617285790817
SLK	-0.146630264727293	0.78918417401746	0.915642981625276
PPIL3	-0.631012668036789	0.402040112570584	0.699434057181428
PDCL3	-2.03812807858432	0.00173985956068298	0.1666211638856
RAB3GAP2	0.0259388860696461	0.949983537470923	0.98013349379011
DHX36	-0.310069351397523	0.675308285587544	0.856736260634282
PPA2	0.158654060644455	0.686103800598951	0.862432477352881
BOLA2	-0.756749152588558	0.376049442478309	0.68518858343637
TXNIP	0.0213767927905089	0.981702800860939	0.993026089604775
NELFA	0.605019152179992	0.271599589568691	0.656408536714037
ACBD3	-1.13778732375729	0.100082014811568	0.601100744514566
CDC42EP4	0.220177992484579	0.522993689255096	0.764371308889574
PTPN23	1.03171178227404	0.0920998653474693	0.592418138618621
UNC45A	-1.00155356642081	0.147253837293358	0.620677643152565
DSN1	0.849581024246923	0.12955634785412	0.607571670616153
C1orf198	-0.119670872297657	0.769915899100059	0.906731060432955
CHMP4B	-0.404244738230204	0.427366613501416	0.715312693969747
WNK1	0.371126929302527	0.338989287048261	0.668936181579848
RNPEP	-0.148719035163868	0.860216032808013	0.941908270297651
GOLPH3	0.419080023047211	0.330079400332118	0.665508487700431
EPB41L1	0.936544429056532	0.227474760786858	0.647073334812313
SMARCAD1	-0.203799259329827	0.539547973765755	0.773625630825347
EHD1	-0.150844980298224	0.660099448466738	0.847378802172281
HEATR1	0.578881169165047	0.329838142368357	0.665508487700431
RABEP2	-0.959714637091803	0.0353420647819176	0.504361088901813
STEEP1	0.280149067730669	0.614760287131933	0.82114769722287
CIAO2A	-0.246621594263495	0.462412284463749	0.729604532401021
HAUS4	2.76128585936043	0.000107163947802413	0.0505144058953623
TUT1	0.372357015252238	0.328786125865537	0.665508487700431
REEP4	0.473395196874765	0.504020749883512	0.757235955303077
YTHDC2	0.719618590271882	0.191431277208839	0.638405277287363
EPS8L2	0.206883249455764	0.826775372728097	0.929485696870758
RPAP3	-0.646404594183764	0.111033550111453	0.602215030741867
WDR55	0.292372422674475	0.76206970606507	0.903333519495389
RANBP3	-0.496047601382479	0.302424058904278	0.656976021165371
DCTPP1	-0.308912991979419	0.693810348896705	0.868068621662069
SH2D4A	-1.20868259170905	0.334068457817528	0.666546113454973
RPF2	0.184440147240398	0.840759126060581	0.935825316043161
WDR26	0.454171166493023	0.260489784054979	0.656408536714037
C8orf33	-0.320006962703694	0.419357294095619	0.70978292461157
PHAX	-0.50148180505148	0.24771179845582	0.653997672632632
UBE2Z	-1.16838192642859	0.0753176840818577	0.570964569388321
TUBA4B	-0.942884664478814	0.233104793876835	0.648573591406783
RMND5A	-0.604422707702156	0.293476407866803	0.656976021165371
ANKZF1	2.13028781495012	0.00193657418927263	0.169833052738304
GORASP2	0.369719488339754	0.319202349235522	0.664751312949223
CNOT10	1.31826363899291	0.024687196117114	0.479873281224932
LRRC40	-0.183829585092706	0.817944086117852	0.926436244152591
VIPAS39	0.755963434562815	0.362401900122368	0.67680662344137
COG4	0.381285663399236	0.3402328337218	0.668936181579848
COPS7B	-0.65323060796787	0.0960240574936421	0.592418138618621
NHEJ1	2.38586763952221	0.000694094763031718	0.124639588161553
ELP3	-1.42878614956949	0.135072419922753	0.614817367624663
JMJD4	0.807092689793532	0.119650614485251	0.604347921762944
POLR1B	-0.174636211084596	0.763350122034629	0.903333519495389
WDR41	0.24378383127717	0.579614023748017	0.79799812301559
XPO5	-0.448598743936408	0.3264423070745	0.664751312949223
CLSPN	0.338448796483153	0.618886076354636	0.823430331136055
MYG1	-1.67627024748458	0.082656105009147	0.579360914478612
BCL2L12	0.757948337727143	0.408067645342899	0.702693073453679
PLEKHA2	-0.868006773476068	0.265089007839626	0.656408536714037
CACYBP	-1.3901833305188	0.0754018444856493	0.570964569388321
PARVB	0.271607810945433	0.532104575340402	0.771432824969518
SPC25	0.341153603986925	0.443842281782157	0.718362207329991
GLOD4	-1.40519701614056	0.0677237059695333	0.556927867387257
MOV10	-0.511450975845563	0.502761438775765	0.756673536371456
RAVER2	0.249170258761666	0.737382579801344	0.892957517158275
GPN1	0.00839115674965285	0.990141722959171	0.995117632050451
XAB2	0.0878836555684295	0.81086237592288	0.923466683894065
SRA1	-0.633142951129123	0.234124456349968	0.648573591406783
GOPC	-0.0945261319963748	0.816277080849022	0.926325871766976
MYO10	-0.62362595077305	0.252309958482025	0.656408536714037
WDR6	-0.429180300540999	0.394067747939614	0.69214228108071
SH2D2A	0.96819675486978	0.272142739546356	0.656408536714037
ARFGAP3	1.38767399001669	0.0502467336283832	0.543858949330376
RAB18	0.534824515814126	0.364667226193874	0.6780868392392
PALMD	-0.185828173127572	0.798801259647904	0.918657990281258
SSU72	-0.666861733913478	0.120413393436403	0.604347921762944
VTA1	-0.0182463775052462	0.966718754574065	0.986358768621785
MID1IP1	-0.535121596937781	0.32384549811925	0.664751312949223
EXOSC4	-0.496699538566066	0.201355309947421	0.640768669883313
UBE2T	-0.78224174951584	0.297150450002723	0.656976021165371
OSGEP	-0.90335588083952	0.277634436248086	0.656408536714037
DCP1A	0.719401229606788	0.173078528056871	0.63280066512153
ACOT13	0.0889137556940156	0.832581881098312	0.931832460581952
RIC8A	-0.676890004219505	0.350924592273556	0.671747102455315
LUC7L	0.33578517860801	0.451064581912079	0.72107104000188
LZTFL1	1.06423421238783	0.159451789390603	0.62568016865396
TIGAR	-0.460031306198793	0.59521680497671	0.805657778739115
WASH6P	1.59309341250844	0.0423872155198037	0.526110942635716
RTN4	0.0906127209387861	0.884640817347026	0.949806325984122
HINT3	0.529890036617388	0.191270175197008	0.638405277287363
RPRD1B	0.0367856845944132	0.912101435316674	0.963455045540386
PFDN4	-1.16902690553246	0.179396666798145	0.637010198206971
NIT2	-0.804872437967664	0.41259773365111	0.704098487512676
EXOSC5	0.684637292962442	0.221417363676662	0.646364575664931
EXOSC3	0.0535196056364029	0.928878606540297	0.969730929952541
ANLN	0.0368476593917251	0.909219967994988	0.961758344827237
XPNPEP1	-0.361443913837832	0.639724977158518	0.83463955366098
GPHN	-0.318622520117923	0.383154233317732	0.68607531521423
BIN3	1.29633325015706	0.0317737261669179	0.488154032211346
STARD7	0.180794475506193	0.687001306899505	0.863272885144296
PDLIM7	-0.643234963881138	0.570616819667927	0.792818472096374
DDX21	1.13966207800688	0.0254441335319868	0.481497671626796
SAR1A	-0.251969878766452	0.807753718700851	0.922939226946061
POLE4	-0.136185168357937	0.837972062518831	0.934080002293382
NANS	-1.12724383233145	0.182395491655943	0.638405277287363
SH3GLB2	0.0197623793934838	0.95808979882219	0.984188676480109
EIF2B3	0.487917061904753	0.432828213000795	0.716816318104401
POLE3	-0.600458414413215	0.333999296088565	0.666546113454973
CHRAC1	-0.619275134406639	0.20746566132054	0.641739379360059
STRN4	0.899113406461851	0.107245195733597	0.602215030741867
AASDHPPT	-2.01665943108697	0.0178412379164494	0.448995344399328
UBQLN4	0.369777690927179	0.283726530244952	0.656976021165371
HEBP1	0.37338697933248	0.339432949150884	0.668936181579848
VPS45	-0.92084027695477	0.281119010022055	0.656408536714037
PNO1	-1.2031526269077	0.193233419940166	0.638405277287363
PHPT1	-2.79844160407013	0.00236663754314338	0.192111891645054
ARHGAP35	-0.615855569026767	0.381598273561383	0.686033411941155
FAM114A2	0.512730821413847	0.187569738208825	0.638405277287363
LANCL2	-0.232641756172683	0.764782965214493	0.903721626903509
KIF15	0.867786594467923	0.221047825675329	0.646364575664931
FARSB	-0.538692529317824	0.18627609890643	0.638405277287363
SLX9	1.96038316173158	0.199413406529327	0.638972622285924
KLC4	0.34952810947869	0.615859562379774	0.821426955622496
ATG3	-0.844403921282197	0.252856904404283	0.656408536714037
SMC4	-0.0324969319435837	0.961149103771212	0.985174475671558
OLA1	-0.923828684604313	0.356353040567494	0.675216972564581
CUTC	-0.812604284992581	0.15063509669664	0.620677643152565
ECHDC1	-0.396680297964551	0.348114929974354	0.670450153694223
RBM12	0.893886947600866	0.199237793024631	0.638972622285924
TCP11L1	-0.156287983420661	0.775114321844038	0.909728013592862
STAU2	0.235589626576264	0.579823616298785	0.79799812301559
BLOC1S4	-1.03442435056781	0.0295412897640442	0.487350108810577
LIN7C	1.22733947169962	0.0633663110918734	0.546631960681267
ABCF3	-0.926296292671037	0.262022294987791	0.656408536714037
CYRIB	-0.145537398902089	0.823984081198984	0.928921964185761
DDX19A	-0.311728129481658	0.639128558763209	0.83463955366098
TDP1	-0.114962287247653	0.921325299420605	0.966699416837813
TBC1D23	0.160796305468406	0.696903779842832	0.869055606411151
DCAF13	-0.303037078867813	0.464287321933213	0.730898856501695
EXOC1	-0.157513080450091	0.911469505592497	0.963057300529366
SEPTIN11	0.209089143211944	0.809414900433067	0.922982639713667
PARVA	0.251208289935466	0.58260145125192	0.79890548097127
FANCI	0.362088929098626	0.58978494792765	0.803046459085934
INTS13	-0.125598684121812	0.746194267448154	0.897003054685046
ASF1B	-0.393380378721883	0.235836194333234	0.648573591406783
PNPO	-0.600149952283846	0.250475671964597	0.656103447068321
ARMC1	-0.0254326752770169	0.956127573301631	0.983672262662891
NLE1	0.0125780172297141	0.984805684120694	0.994031647435529
POLR3B	0.220994733888652	0.617751843441135	0.822895982215949
RBM28	-0.352542888317984	0.616026562893355	0.821426955622496
RBM22	3.34551973901277	0.00176739500276426	0.1666211638856
BSDC1	-0.54395084083324	0.328979523148554	0.665508487700431
WDR70	0.423462302221317	0.406937368498829	0.702085880409876
PIH1D1	0.149858171537197	0.701451075422733	0.871268776488514
HIF1AN	-0.0147487644686919	0.972346681078507	0.989400791782798
GID8	-0.129314824360282	0.760584371506855	0.903333519495389
BABAM1	-2.14272946495499	0.000530799204800073	0.11774375301771
ASB6	0.0558817246816048	0.941043282573033	0.977421345108788
UCKL1	-0.38615707470105	0.442045337586796	0.71769838318384
COMMD8	0.601337061454643	0.224867600475443	0.64661112827345
HYPK	-0.260598945350335	0.658120734777246	0.847310785539432
THUMPD1	-1.09039258126737	0.313837903937227	0.661163539523622
TRMT1	-0.309783405658802	0.52370338102915	0.764570441293428
GDAP2	0.309389686849482	0.519099220845586	0.762525678517426
NDE1	1.34213664489504	0.0194925694395378	0.448995344399328
BABAM2	-0.191575636939184	0.63935385915836	0.83463955366098
PPP4R2	0.0978710578045536	0.774413233374015	0.909728013592862
DPP3	-1.30011672995926	0.0645316633182041	0.546631960681267
DDX56	0.687696368403095	0.415289081283023	0.706703576497418
TERF2IP	-0.184379473135518	0.699664162834163	0.870740475361296
ABI2	0.0132044857766864	0.985372112165228	0.994071223909865
COA4	0.440691389470171	0.307210886547212	0.65852725145186
TMOD3	0.105204123766285	0.860273578843532	0.941908270297651
RRN3	-0.266505406604963	0.731595486733587	0.88966352159702
UBAP1	-0.0277632017587273	0.952669062449671	0.981829744328426
ACTR10	0.191704367668656	0.64798617976968	0.839533356813132
C9orf78	-1.57012280114622	0.025220897552721	0.481497671626796
FAM120A	1.0349937652656	0.200430774917129	0.640655985226231
SPG21	0.252961372452852	0.584335106563756	0.799828561470753
IGF2BP1	0.157929055460151	0.703559186342847	0.873024577722566
DTL	1.09831385397309	0.129860187355243	0.607571670616153
HSPBP1	-0.583780940162043	0.217814968953523	0.646364575664931
MAT2B	-0.909950713419811	0.294479093595527	0.656976021165371
MYOF	0.933337543299277	0.22963504917508	0.647684196289623
EHD2	0.233921536181136	0.634153671671822	0.831507073266762
NCKIPSD	0.501677660560883	0.152643547498772	0.620677643152565
OGFR	-0.334944275376543	0.477352374079507	0.742001567458294
PALS2	0.480570933813624	0.272413449815101	0.656408536714037
COMMD9	-0.121761874988522	0.857529506200394	0.941856620422602
NHSL3	0.813440329526109	0.13160788799432	0.608948890339362
RCC2	0.393808000417152	0.296086398489841	0.656976021165371
DIP2B	0.00548904359087032	0.992244487158814	0.995147330073374
BCCIP	-0.825476939368365	0.272872814996305	0.656408536714037
STK26	-0.664930259973559	0.244171785199272	0.652417196084346
PTGFRN	1.15987080962059	0.195685933396255	0.638405277287363
CTTNBP2NL	0.408120868687931	0.518277975401013	0.762256725911552
HEATR5B	-1.32628718804026	0.182643307871019	0.638405277287363
RRBP1	1.51272958728057	0.123779125909228	0.604347921762944
CPSF2	0.175692297625517	0.781727196860291	0.913238863452337
LARS1	-0.790126216322079	0.252476546705764	0.656408536714037
KLHL13	-0.204868780355554	0.595001113027463	0.805655007980812
ANKFY1	-0.523098519895733	0.290302525996972	0.656976021165371
ATXN10	-0.578180494355074	0.196844734881146	0.638405277287363
EPS15L1	0.651844826339268	0.332996653637489	0.666546113454973
SAE1	-0.0667246672812922	0.931124191365072	0.970500090004888
COPG2	0.726512113613477	0.0915718924751491	0.592418138618621
PI4KB	-0.71925836982572	0.273916697767366	0.656408536714037
COMMD3	-0.819142309058435	0.288670165467381	0.656976021165371
GNG12	1.16085538482872	0.0227606972471114	0.469162209389149
MTRR	-0.0344820464886055	0.967047230824812	0.986403870013624
VPS29	-0.474968419450647	0.220471506274006	0.646364575664931
EIF3K	-0.544917248965771	0.34221958782029	0.668936181579848
GRHPR	-0.618182047455022	0.358263638882447	0.676113996076094
UBA2	-1.88460156757976	0.0522590057758227	0.543858949330376
CTNNAL1	-0.0552946063504471	0.928383120596938	0.969730929952541
NXF1	1.68230718071077	0.0255529679431755	0.481497671626796
COPS7A	-0.28545363210808	0.403202808521657	0.699907982771456
DNAJB4	-1.18684134835326	0.0167111431666809	0.446934190649317
ABCF2	-0.663150184832443	0.270782969047481	0.656408536714037
TES	-0.968811145783206	0.0636856582957439	0.546631960681267
NDRG3	-0.558079496580749	0.462413991280677	0.729604532401021
ARMCX3	-2.54356476661972	0.000301521418162742	0.0812169477065501
SWAP70	-0.397704334288136	0.457657993609664	0.725762045789175
LIMA1	0.449442533350638	0.37849783078349	0.686033411941155
SRP68	0.771796306072126	0.108979281512003	0.602215030741867
CHORDC1	-0.931465357535949	0.258592552383642	0.656408536714037
SEPTIN9	0.444846933649799	0.457859429045995	0.725762045789175
UBQLN2	1.06315598923968	0.0407779218677874	0.524340609150673
DDX20	1.44816759651253	0.02954955533971	0.487350108810577
BAIAP2L1	0.24444323893584	0.712474298785425	0.877732956785312
SAP30BP	0.328850162519274	0.413198078192933	0.704098487512676
PFDN2	-0.884704476457554	0.209885808913429	0.641739379360059
PUF60	0.0633732644544587	0.846265393297459	0.938607881801388
NRBP1	0.234952938311707	0.522763627404538	0.764371308889574
ENOPH1	-2.41039239004978	0.023843160341677	0.478258285364171
EIF2B4	-2.59868902033834	0.0157443900446612	0.446406728258778
ATP6V1H	-0.113510687322151	0.822110347571024	0.928197042122853
TRMT112	-0.6294162833006	0.343416189361321	0.668936181579848
XPO7	-0.80744632460949	0.117814837782995	0.604347921762944
CNOT7	-0.101375689061335	0.855096849084428	0.941856620422602
TRMT6	-0.609199753271557	0.389727367358382	0.689881269648984
DBNL	-0.690469593281222	0.335069467597131	0.667836660839735
DCTN4	-0.236177031533948	0.758447712546469	0.902861978994115
CDC23	0.227938527545028	0.637745677696464	0.834468754543152
ANAPC7	-0.274882093454643	0.558088315005011	0.785691948141651
ANAPC5	0.294687019582291	0.569143278858289	0.792738622752744
ANAPC4	-0.381041138910859	0.338170430399706	0.668936181579848
ANAPC2	-1.17069435065621	0.0561777943783316	0.543858949330376
VPS28	-0.0431711341499579	0.905617693385359	0.960657697139955
LSM7	-1.52269326441453	0.0110064450308034	0.391462093299624
FBXO3	-1.10774812921026	0.00407318769372801	0.260480058863828
MRTO4	-0.229867361922722	0.551186326720264	0.781987824703579
CPSF3	0.364892892099935	0.462805338003263	0.729607472694401
APPL1	-0.00663529053965206	0.988725814503503	0.995117632050451
NUDT5	-0.539933556966307	0.4771630234419	0.742001567458294
RCOR1	0.488933469963538	0.379548687173616	0.686033411941155
GTF3C4	-0.100581166483913	0.836099909711674	0.932796729423461
PACSIN3	-0.358014513330886	0.566046615851692	0.79057844013953
ACIN1	0.236158967591884	0.600498985037563	0.809685476357728
AGO2	1.56886938367953	0.0124902486758603	0.406040756523009
NUP50	0.374763758337505	0.438706479856056	0.71769838318384
CDV3	-0.209153013195984	0.754061561640521	0.901288795228655
BAG5	0.164050864572712	0.646983623208436	0.839275969425185
RAB21	0.338550907911916	0.352991843844265	0.673188749225467
RAB22A	0.726029436096109	0.0933885280482944	0.592418138618621
TRAPPC2L	0.556302161162847	0.532857760917458	0.771661527042909
BLOC1S6	-0.64190027848004	0.189322945905979	0.638405277287363
PSME2	-0.466130909435247	0.503634166718971	0.757235955303077
MKLN1	2.16308298703789	0.0818485201509263	0.579360914478612
DNPEP	-0.632554487279194	0.0872209783577795	0.581536275984974
MCTS1	-0.810519676888809	0.289334158008397	0.656976021165371
SLC39A10	0.0782810564212966	0.861411503688953	0.941908270297651
MRTFB	0.72387287122233	0.325159469507667	0.664751312949223
ANKRD50	-0.0393596340286031	0.90631137079091	0.960657697139955
ISY1	-0.449047058469311	0.25169144330552	0.656382041981408
HECTD1	-0.429655843866211	0.267030746291962	0.656408536714037
CORO1C	1.12357171317035	0.400284494371693	0.697860762032203
NOB1	-0.866997667802526	0.0485916454486588	0.543563375321491
AKAP8L	-0.39749041285036	0.254473410449929	0.656408536714037
MYO6	0.811034257856885	0.226610459608635	0.647073334812313
DDX19B	1.62111622647237	0.117880408902371	0.604347921762944
PRPF19	0.456840163055517	0.345065654506256	0.668936181579848
UBQLN1	0.351413868181961	0.357453053134522	0.676005748931938
NOL7	-0.260080849063119	0.489960529006238	0.749246210414649
SNX12	0.598318292482524	0.58394313033888	0.799582260169905
SYNRG	-0.609058291681055	0.508756176940507	0.757905761830302
VPS4A	0.815491741593295	0.296029829253801	0.656976021165371
G3BP2	0.709157465211639	0.263326606364982	0.656408536714037
STUB1	-0.238934603766566	0.679257181004085	0.859556654216914
PACSIN2	0.418671351632163	0.404503314398845	0.700037631297863
MAGED2	-0.52187125278396	0.319459561281362	0.664751312949223
SNX7	0.536183531952034	0.369246942703548	0.681228092433992
SNX6	0.650285908780532	0.120687824854143	0.604347921762944
DUSP12	0.555874690007762	0.224060164415196	0.64661112827345
STX8	0.234414917777848	0.809237523172274	0.922982639713667
PSMD13	-0.227221492372259	0.570697145505293	0.792818472096374
FAF1	-0.621523898988563	0.104694160804483	0.602215030741867
PROCR	0.371783095723206	0.620582891706472	0.824310702580171
PPIE	-1.885282023694	0.0904954240889157	0.591870183851919
TIMELESS	-2.30339416409583	0.109769232902489	0.602215030741867
COPS3	-0.289598252276111	0.529683796067893	0.769725470124095
MINPP1	0.0319005241128494	0.945635188518723	0.977519269710555
NSFL1C	-1.30497197595282	0.0222257069800505	0.469162209389149
COG5	0.191429705652634	0.536049938331424	0.773314582038179
AP4E1	0.365103316823021	0.536427374138968	0.773377638906744
PPP6R1	-1.13954085722103	0.0531088760004975	0.543858949330376
TRIM33	0.774046992871213	0.247970270407708	0.653997672632632
EXOC7	1.23855336574202	0.0107406797975181	0.385743843013723
USP24	-0.14029549961073	0.749014727945039	0.897532424239194
SLC7A11	0.888945189401923	0.390585872934131	0.689882588681315
SRRM2	0.0456305349251984	0.90773526931824	0.960657697139955
PA2G4	-0.579219582948117	0.140313815528833	0.617034746025468
BAIAP2	0.541829349256396	0.18603652237466	0.638405277287363
SMC3	2.22220703576074	0.107421351676334	0.602215030741867
CHMP2B	0.291081106208214	0.481657503148296	0.744578169391711
GNE	-0.0260707896336854	0.961400708159993	0.985174475671558
RTRAF	-0.369766278248999	0.374349600477412	0.684810504862385
RUVBL2	-0.15071068454489	0.789442872533645	0.915642981625276
POMP	-0.892268701370639	0.0865976226189134	0.581536275984974
EIF3L	-0.240517896623704	0.538684009495553	0.773625630825347
PLAA	0.0410144927722556	0.904711378853439	0.960657697139955
RUVBL1	-0.443416276776599	0.433619866171536	0.716870019874118
NUDC	-1.19000415794971	0.0640812000488556	0.546631960681267
CFL2	-0.318457831107867	0.794043541182286	0.916449462624409
FARSA	-0.689217669421129	0.241138363749386	0.651507106353763
ASF1A	-1.40123006338731	0.0345130558942029	0.500905031060203
DRG1	0.73624741864624	0.198320093813432	0.638972622285924
TRAPPC4	0.514576055825906	0.141996460947004	0.617034746025468
NCKAP1	-0.456773237173557	0.383820090973326	0.686126930166809
CNPY2	0.0743237692806993	0.820267540509376	0.926749561763243
DLGAP4	-0.140240830523489	0.710059358162806	0.877368245498791
STK38L	0.135202159221585	0.756394101255042	0.902117057661177
PIKFYVE	1.42750810513834	0.0137237088879162	0.425382885829998
DIS3	0.519993189421882	0.317866463817633	0.664751312949223
MRPS28	0.5643584343977	0.197133065850068	0.638405277287363
AP3M1	0.252163946307899	0.481367126912571	0.744578169391711
GDA	-0.553118024147373	0.486474216909623	0.747484609565204
LEMD3	1.78229687152058	0.0365296879197761	0.508315325260058
COG6	0.137909333335607	0.700885854643257	0.870853561074044
THRAP3	-0.595904602285461	0.378941253871743	0.686033411941155
WBP11	-0.313298168536434	0.549844122547342	0.781848486472861
NOP58	-1.41160041733172	0.275464706514839	0.656408536714037
ZNF281	-1.17049993958662	0.0832098425672854	0.581536275984974
SUGT1	-0.860911580390312	0.0692134818619715	0.559476535216731
AAR2	1.0550105062254	0.160663282173008	0.62568016865396
NOSIP	-0.282474892786812	0.491218485211979	0.750099042855518
DERA	-1.01722151341786	0.0554747739445799	0.543858949330376
MEMO1	-0.584158539934066	0.139168362556098	0.617034746025468
LSM2	-0.467229393172659	0.219777290869701	0.646364575664931
SH3GLB1	0.883888202520357	0.0665103388901089	0.553620720832061
CAB39	-0.102667347325461	0.808751837978279	0.922982639713667
LUC7L2	-0.503473261269004	0.27183477259131	0.656408536714037
SBDS	-0.689562034503503	0.129181217532804	0.607571670616153
EXOSC1	0.985399436749958	0.37405049482591	0.684730299023546
SF3B6	0.726829985083128	0.266566631159182	0.656408536714037
RRP15	-0.372881982371617	0.271891191277637	0.656408536714037
PPIL1	-0.0452293854147783	0.916587333179325	0.965415120311972
UFC1	-1.40546626913661	0.0113740699190228	0.392035911471868
FIS1	-0.265759711716477	0.473404087719343	0.739216072376664
GOLT1B	0.670148413671281	0.276756455772759	0.656408536714037
STRAP	-0.886515624629226	0.0639593223817263	0.546631960681267
RTCB	0.492867174868078	0.333993834151791	0.666546113454973
FBXO7	0.0138318232823522	0.973606948738979	0.98961504142714
RAP2C	-0.943139322093682	0.103726713410455	0.602215030741867
RABGAP1	-1.42083346115774	0.0361117724750702	0.504361088901813
R3HCC1	0.0525603177328939	0.912365112006786	0.963463690108539
RPL36	-0.596853852731737	0.204431510203245	0.641739379360059
SAMHD1	-1.55935985471463	0.111437952791184	0.602215030741867
PKP3	0.686004799539141	0.186017489451523	0.638405277287363
HBS1L	-0.108236864534391	0.790506646949961	0.915642981625276
PRKAB1	-0.537466782847321	0.386242905486553	0.688662882548365
WDR45	1.46393984426983	0.0151973209236358	0.434159827295687
TLN1	-1.11983787906984	0.0271184081966506	0.484661219476632
DCAF1	0.424877357802249	0.410004901145414	0.703251645396765
TCAF1	-0.393821939825592	0.260486827376396	0.656408536714037
USP15	-0.594249632137466	0.185403416115097	0.638405277287363
FARP1	0.602854781536994	0.13889704454586	0.617034746025468
TLN2	1.09100194678294	0.375996881484815	0.68518858343637
HYOU1	0.318102622602787	0.435243574705291	0.717631351501575
WIPI2	2.20593190915069	0.00085807178704017	0.140686465605586
TELO2	0.0362282742932329	0.944145734477975	0.977421345108788
LAS1L	-0.675743880820349	0.392814273568467	0.691257496697687
ARIH1	1.19662223191131	0.0159947147915161	0.446934190649317
LSM5	-0.568272715864623	0.278503576898261	0.656408536714037
LSM4	-0.0995899063602153	0.836138728503666	0.932796729423461
PRRC2C	-0.0718166878057609	0.926282517010736	0.968488556456412
POLR3H	0.51315162632698	0.429634045491998	0.715747995824684
IFT25	-1.84596707362056	0.107583231922921	0.602215030741867
PPME1	-1.16545647013804	0.152074159733015	0.620677643152565
ASB3	-0.306556003394657	0.589721669214665	0.803046459085934
RBM7	0.31967430591903	0.38711939005953	0.689247979185311
AP4S1	0.984872489453078	0.0434768467698914	0.526110942635716
NUB1	-0.178743278847236	0.783064883493499	0.913238863452337
YTHDF2	0.406339982921768	0.549498210498591	0.781651358653408
CTDP1	0.309158346030799	0.467991157245981	0.734107593167468
SUPT16H	0.261016505792931	0.608432024777437	0.815640656038292
UCHL5	-0.372812663799508	0.311527833874656	0.66017472585964
CD2AP	-0.0365828742702874	0.964396677447092	0.986100832606557
ATP6V1D	1.32509150112238	0.0416525906040379	0.526110942635716
TNPO3	-0.713922733879379	0.0843083271757316	0.581536275984974
CERT1	-0.0487999284577896	0.889625989318199	0.951475671772345
GTF3C5	0.360110179438781	0.529999812731626	0.769888017646749
GTF3C3	0.0192787256941891	0.97878508867483	0.992066199602806
TRAPPC1	0.807371150394861	0.152747307198423	0.620677643152565
CDC42BPB	-0.0382063993453485	0.907306689486284	0.960657697139955
SNX5	0.894597919665905	0.0214240678424471	0.469162209389149
FLVCR1	-0.139678999903502	0.719181325636027	0.879103007770975
NUBP2	-0.450676775903176	0.479650324327299	0.74434624404866
MRFAP1	0.119139033545032	0.813310824683147	0.924908057864942
PUS1	-0.392490921505676	0.718009327583427	0.879103007770975
FHOD1	0.284708828775607	0.505204659247742	0.757749403096686
PSAT1	-1.5054307252379	0.0987583359511962	0.599731767384097
COPG1	0.46520576289744	0.244537283439363	0.652417196084346
CLIC4	0.153965014361905	0.669329072802364	0.853581309955264
CFAP20	-0.506758647161082	0.326257929441588	0.664751312949223
TACC3	-0.0938465101644113	0.840011731278534	0.935644186067351
SAR1B	-0.403179070182013	0.744829960299547	0.896022681712374
ARFGEF2	-1.43975993167196	0.0585976260326764	0.543858949330376
MAD1L1	0.797979203752938	0.393684273915707	0.691790958497731
STK24	-0.502456943970145	0.295717928638996	0.656976021165371
BZW2	-0.507659822908245	0.195338604853922	0.638405277287363
COMMD10	0.748656349566541	0.0723618003571909	0.56622212268795
DYNC1LI1	0.588288185665665	0.378100502331989	0.686033411941155
EPN1	0.214080043556272	0.62889312741986	0.829505415704894
IKBKG	-0.34124151341549	0.523364285216887	0.764371308889574
ROBO1	0.418676288622962	0.551115467635841	0.781987824703579
NCOA3	-2.3692181730599	0.0409476374440666	0.524340609150673
CAPN7	-0.310687904339318	0.330548235869241	0.665508487700431
WASF2	0.185297877775035	0.570051985902251	0.792818472096374
SEC23IP	0.177261293782927	0.581190135319329	0.798118656263957
DNASE2	0.552585913369512	0.254806060906785	0.656408536714037
AP4M1	0.190340889625745	0.598709590256594	0.808933667093378
POLR2D	0.123885971968647	0.86921105001263	0.944312496923368
THAP12	0.09832045945722	0.863928068895754	0.943167335977235
RNF40	1.2190051818615	0.101623359290161	0.602215030741867
CREG1	0.237256184020648	0.521309722354906	0.763779128118705
ARL6IP5	0.389875441156029	0.547514479625749	0.780611157966802
RSL1D1	-0.846215098701883	0.0475166858063128	0.543563375321491
EPN2	-0.201214528353908	0.820416424253375	0.926749561763243
POP4	0.583798208172155	0.372636884751959	0.684263524435598
GLUD1	0.222938059781804	0.674554833015496	0.856480227374221
TIMP1	0.518998702376489	0.222919502979291	0.646364575664931
SOD2	0.0591928267431712	0.861510391549441	0.941908270297651
FYN	0.85344094026345	0.286116670602161	0.656976021165371
GLA	0.341610149961348	0.358284668257105	0.676113996076094
PGK2	0.230036514830442	0.774232338599983	0.909728013592862
GNAI3	0.689873092424559	0.706090250623247	0.875134160857116
GAA	1.09353957661667	0.0868474442980355	0.581536275984974
RALA	0.5823610926847	0.382221172535938	0.68607531521423
P4HA1	0.422050159749617	0.432723880512088	0.716816318104401
CREB1	0.925179233920424	0.0282554045757629	0.486851367121788
GLB1	0.477829929466466	0.203948618595887	0.641739379360059
XRCC1	-0.148240704109785	0.737017300035345	0.892957517158275
ATP2B1	0.719780088742258	0.190965740790303	0.638405277287363
RAB6A	-0.0131770064326453	0.965977416669119	0.986341382831216
FKBP2	0.211456440109245	0.576987765201905	0.797134508590382
PSMB6	-0.304097898484866	0.417849933358383	0.708503641499309
PHB1	-0.577539061819206	0.302314663439947	0.656976021165371
POLR2I	0.26654019530249	0.5015468902546	0.756465972482725
ANP32A	-0.077085302874373	0.858457783115494	0.941856620422602
PBX1	0.572760277431964	0.450173222395815	0.72085062490642
MDH2	0.790163431991509	0.0431954844061229	0.526110942635716
KDM5C	-0.185332359068319	0.671366095563518	0.85473381038826
PPT1	0.370557035248552	0.323344963352966	0.664751312949223
HSD17B4	0.245121117100545	0.57712959191081	0.797134508590382
MANF	-0.0944887325029953	0.826926646861259	0.929485696870758
GNAI1	0.698071808803391	0.625935487005155	0.827340596388517
CDK17	0.302620793552652	0.507142045701762	0.757905761830302
TFAP4	2.2481236535243	0.0536358537952888	0.543858949330376
CDR2	1.02290597441432	0.193830771253434	0.638405277287363
RING1	1.98653953060783	0.0165925751524454	0.446934190649317
GTF3C1	0.255416129812829	0.561861436063156	0.787360782549839
CALCOCO2	-0.411476795072911	0.511937047405358	0.758850080882707
SRSF9	0.501907549114112	0.424216345044513	0.714283978662059
NFYC	0.195010691918554	0.684907311742438	0.861752652587302
DAG1	0.512527232989164	0.289249645319615	0.656976021165371
DHX34	-0.301330187583357	0.593109607267776	0.804827754230581
HLTF	1.46869943151915	0.154190310076068	0.620677643152565
SAFB	-1.33790115669542	0.0555888562091973	0.543858949330376
NCOA2	-1.17329006274976	0.0060085026707924	0.319127655937438
NHERF2	0.963836709259716	0.259267446517379	0.656408536714037
CSRP2	0.179446068163397	0.752207573080805	0.900214140935486
LARP7	-0.0762326126134738	0.824673942937814	0.929421828696502
NCBP3	-0.0819856303211033	0.86180681816747	0.941908270297651
WIPI1	-1.55988941122148	0.106561747579949	0.602215030741867
UBAP2	1.29370431179285	0.00760985904145703	0.3542812153745
UTP25	0.114761063817244	0.879125587235311	0.948299229510269
BLTP3A	1.26965310972093	0.0228294854646512	0.469162209389149
RINT1	1.84768183128223	0.0175550672959124	0.448995344399328
RFWD3	0.155074130801978	0.813753684133562	0.925132693056275
FIGNL1	-1.44491693076461	0.0229454530964159	0.469162209389149
ZC3H14	-0.190521973091297	0.739961401973968	0.894356926481652
BLOC1S2	0.570057291702621	0.278607349820907	0.656408536714037
VPS13C	-0.251243156573292	0.735494536955991	0.891915432352993
TUBA1A	-2.48766605023873	0.271777959189607	0.656408536714037
TRMT1L	0.6516434057569	0.143644986271873	0.61977716616846
WAPL	0.542358258080075	0.25344496755378	0.656408536714037
IRF2BP2	-1.44963604343761	0.0179840479924563	0.448995344399328
SESTD1	-0.554748219196881	0.205219924778152	0.641739379360059
DHX40	0.537486904306864	0.275982458288417	0.656408536714037
IFT20	0.301229585777598	0.442304704990518	0.71769838318384
RAVER1	0.821214328571031	0.0961442325204445	0.592418138618621
MIER1	0.269192024693375	0.588218758295497	0.802358052402436
PLCD3	0.623209071702078	0.305342118883155	0.65852725145186
NOPCHAP1	1.73934250464507	0.0377318876101422	0.515396632266134
SVIP	-0.061105765601809	0.871451035521037	0.944312496923368
DDX55	-0.998953821675858	0.0186003939229725	0.448995344399328
SMCR8	-1.48108235813502	0.0183927959999359	0.448995344399328
PPIL4	-0.0339110143314549	0.965613840134986	0.986341382831216
DDB2	0.183495843954951	0.724642484403841	0.884631534052083
TBC1D5	-0.103704225243014	0.844444692307509	0.937415641651933
DLG3	0.0985342930190214	0.832301046797497	0.931832460581952
GGH	0.770762763949591	0.0907188985060752	0.591870183851919
CAVIN3	0.752917593895869	0.183669812382531	0.638405277287363
ERGIC1	1.50322450975756	0.111132151428705	0.602215030741867
LRRC59	0.495874708141933	0.253206478332417	0.656408536714037
FKBP10	0.531022093657842	0.324067663935684	0.664751312949223
HOOK2	0.36302710158547	0.521338497952147	0.763779128118705
USP28	0.827466415697035	0.329330755475143	0.665508487700431
LGMN	0.453037156292595	0.204421442025083	0.641739379360059
NAPG	0.983106908235797	0.163244019247774	0.627516000594654
HTATIP2	0.0798819825125818	0.858117979089736	0.941856620422602
PRKD2	1.2890505092332	0.00995682213643112	0.378679658213093
NAT10	0.0665017123718847	0.943492018758816	0.977421345108788
TOLLIP	0.49043924333618	0.162267997036996	0.626168591414095
LDAH	0.693794320444098	0.204928815789583	0.641739379360059
CAAP1	1.30687361784992	0.0192398063541462	0.448995344399328
SCPEP1	0.871342422632651	0.111634481758257	0.602251259957635
DDIT4	0.396861089975204	0.343666798953654	0.668936181579848
DPP7	0.809736865949809	0.153361520041165	0.620677643152565
EPDR1	0.839140868648052	0.174156821828353	0.633029297272087
NOC2L	0.222965545335065	0.748800725354345	0.897532424239194
SNX9	1.25412979768252	0.0341575287775635	0.500905031060203
SNX8	-1.31603191901855	0.0188577069305505	0.448995344399328
AP4B1	-0.721527741627764	0.26264303180261	0.656408536714037
PGRMC1	0.569753245134336	0.235733427386458	0.648573591406783
GOLIM4	0.336399391545797	0.632217032785012	0.830693529837031
PLOD2	0.653104335311259	0.184917014318483	0.638405277287363
TNFRSF10B	0.062055576016963	0.926211352653671	0.968488556456412
CASK	0.397248520641121	0.30857004861189	0.65852725145186
PGRMC2	0.474340364902627	0.288654703823774	0.656976021165371
P4HA2	0.558891845892735	0.220159688303991	0.646364575664931
CYB5B	-0.119014713756393	0.854308443305623	0.941856620422602
HTRA2	0.62369663069493	0.246998596064027	0.653997672632632
TIMM8A	1.06626361473768	0.043481658395286	0.526110942635716
FADS1	0.413434084158752	0.511445283270083	0.758850080882707
SELENOF	0.756658484410107	0.113966192834643	0.604347921762944
SLC16A7	0.79259490178017	0.356498804660854	0.675216972564581
H2BC12	-3.93947119955492	0.00131400682395526	0.165170657771177
TACC1	0.710399922533753	0.258880747100431	0.656408536714037
ECI2	0.472620639187816	0.373213058431664	0.684263524435598
ATP6AP2	0.870224814487745	0.145332992444691	0.620677643152565
STAM2	0.463536232737745	0.255347520792236	0.656408536714037
RPP14	-0.897949836630939	0.0643526771747314	0.546631960681267
FKBP9	0.934325526857013	0.0404106995835937	0.52305455305149
CD2BP2	1.53532205653519	0.0491057628835204	0.543858949330376
SEC24B	0.265641045577066	0.5144932528992	0.759479505077384
ACSL3	0.755962893366945	0.364945653289904	0.678200417656579
CYB5R3	0.138773873997462	0.784982542082278	0.913914531087457
GOT2	0.589054165644946	0.171375914585872	0.632228373587721
GBA1	0.480638643888142	0.281598893269968	0.656715786345733
RPN1	0.253354762452204	0.661558762346945	0.847768146562858
EPHX1	0.691034628714654	0.222282328391601	0.646364575664931
ACAA1	0.679328104405638	0.22421249350864	0.64661112827345
CTSA	0.846010940259013	0.247012017483531	0.653997672632632
TFPI	0.397691265357548	0.357157447435689	0.676005748931938
LAMC1	0.399465723575094	0.413014189458031	0.704098487512676
PDHB	0.495408179265283	0.202839081954125	0.641739379360059
ACADM	0.579781692103953	0.217878653045566	0.646364575664931
NAGA	1.15549497195594	0.172549911966996	0.632532103241673
AGA	0.458466782802603	0.225310798873326	0.64661112827345
VDAC1	-2.91606739623297	0.000383086224400627	0.0902886345134228
SCP2	0.0525143763564202	0.892817182311767	0.954041823320394
ACAT1	0.782353387210748	0.137293503972802	0.614817367624663
HMOX2	1.45166360385486	0.147924739636468	0.620677643152565
ABCD1	-1.00864847689747	0.119212050491344	0.604347921762944
SHMT2	-0.382915061365392	0.30792181629919	0.65852725145186
LIPA	0.709038232784543	0.259741178368314	0.656408536714037
DDOST	-0.0665216360861827	0.833593845955766	0.932230840183628
ECI1	0.225185865942919	0.50883930357973	0.757905761830302
SSR1	0.636256408154658	0.235478677462433	0.648573591406783
PPIC	0.530189834344739	0.180653078864522	0.638405277287363
VDAC2	-2.81982399298213	0.000339571930044679	0.0853683832132323
NSF	-0.282290123963641	0.473728171635846	0.73941595001605
HSPA13	0.647383017535255	0.140894328083366	0.617034746025468
TUFM	0.418252461871994	0.289714904178105	0.656976021165371
VPS41	0.967893453384804	0.310145501377238	0.659645458352336
RBM25	0.159995135840447	0.718845757003895	0.879103007770975
NUP153	1.31878536533619	0.272951955307371	0.656408536714037
CPT1A	-0.710625808678209	0.319629501218095	0.664751312949223
SSR4	0.637463237996045	0.33281649864195	0.666546113454973
NAGLU	0.634898191759099	0.188220414416819	0.638405277287363
CTBP2	0.805976103821383	0.200640339048576	0.640655985226231
PRAME	-0.388077307637801	0.462994081717767	0.729607472694401
CDK16	0.0691085774025915	0.92910276007472	0.969730929952541
PLOD1	0.655507549548087	0.14609842332686	0.620677643152565
NUCB1	0.62710637092993	0.0847499865154266	0.581536275984974
SSBP1	0.479074701184885	0.29062374241178	0.656976021165371
FSTL1	0.86072205653695	0.0481506540825485	0.543563375321491
LMAN2	0.857011530207423	0.287504652909379	0.656976021165371
CSTF3	-0.239390676957669	0.556342525788189	0.78487379900758
ECH1	0.225278805698522	0.511848453183118	0.758850080882707
TRIM32	0.896171389233089	0.114185107792783	0.604347921762944
TRA2A	-1.02904754474497	0.0608733451287729	0.545257445322097
ACOX1	0.553337821001968	0.131328856884145	0.608948890339362
DHCR24	1.41039393454455	0.274970849329209	0.656408536714037
NSDHL	0.178568141530981	0.762971839620774	0.903333519495389
QSER1	0.420733485075512	0.524277824104756	0.765112877205509
P3H1	0.429393125178862	0.306878496001598	0.65852725145186
MIX23	0.614240182563591	0.321437403589808	0.664751312949223
COA6	1.07782441966472	0.0950475736027384	0.592418138618621
TOR1AIP1	-0.0324670791193498	0.920113413504515	0.966503532681205
OGFOD2	-0.18187519633203	0.84722513155658	0.939119920958219
FBXO38	-0.448962614791839	0.240915938701337	0.651507106353763
POGLUT2	0.539398872461312	0.327872532188376	0.665508487700431
C15orf39	-0.0595186267145316	0.900245760947743	0.959532720331809
SRGAP1	0.562295240723195	0.400854792245452	0.697887082898245
TRAPPC6B	1.26854208775006	0.117872939260608	0.604347921762944
KTN1	-1.44012730778444	0.029048410926121	0.486851367121788
ANKLE2	0.240099338305019	0.762348134503983	0.903333519495389
DNAJC10	0.246628384219321	0.588755587031221	0.802384285758849
CNPY4	0.496478474748383	0.194517001840574	0.638405277287363
STAG2	-0.0619814391370106	0.879144552205755	0.948299229510269
COLGALT1	0.770967943386921	0.19455193922464	0.638405277287363
PCSK9	0.737081330865742	0.0947903493498034	0.592418138618621
SCCPDH	0.681379135376073	0.176828448193288	0.634600953463834
LSM14A	0.210347650032126	0.640334221841022	0.83463955366098
ATL2	-0.113917521407451	0.895032931466938	0.955867795118047
PLBD2	0.559613247851342	0.150966103539393	0.620677643152565
RDH11	0.483611205240486	0.330501501137007	0.665508487700431
SPPL2A	1.32597135833088	0.00900114758209611	0.373654056348405
HM13	0.334663627413178	0.313413129488025	0.660744963479306
LEO1	1.7746907541969	0.0307807630016045	0.488154032211346
RUFY2	0.092465039715087	0.853645017906524	0.941856620422602
TAF15	-0.599232109657738	0.300785582634956	0.656976021165371
POP5	-0.351093632555823	0.605919477148275	0.81285035514982
IGSF8	-0.168695286703151	0.762673441054149	0.903333519495389
RCN3	0.644901537189401	0.0717983960249952	0.565973283477759
RMDN1	0.436611321103303	0.407414247965669	0.702175104697687
BORCS6	0.761598254726486	0.100016847675208	0.601100744514566
FUBP3	-0.418056764542083	0.425499338504557	0.714283978662059
CLPTM1L	0.678272306267182	0.178342492904297	0.636269655484034
SNX27	0.65805244811272	0.580076902175475	0.798055453521969
CIC	0.405124907640605	0.583066044901617	0.799251928507451
GFM1	0.809557846407426	0.0605432726033503	0.544325822246218
LYSMD1	0.0413397162931517	0.925795928459031	0.968488556456412
CDC5L	0.267122107621766	0.604938150796763	0.812245666244722
ATXN2	1.46257276750428	0.0575572000115665	0.543858949330376
HSD17B10	0.350089191712733	0.355562039121233	0.675216972564581
MGST2	0.212157671893472	0.666964121446972	0.852294714326171
VRK1	0.642223031492982	0.300419929106071	0.656976021165371
SDF4	0.217100794019178	0.713774280192482	0.877934733963967
TMEM43	0.878402955411939	0.194438555329156	0.638405277287363
UTP14A	-0.606151505907334	0.260442320949225	0.656408536714037
OSBPL11	0.114036431308055	0.878234926217485	0.948166544764466
TMX1	0.820471768438992	0.169554822675411	0.632228373587721
POFUT1	0.683737076690434	0.201632529998431	0.641109840323849
PTGES2	0.503485243335511	0.297617981870752	0.656976021165371
GNB4	0.772268345791119	0.427013186303892	0.715312693969747
GRPEL1	0.596789880600099	0.108983321553991	0.602215030741867
APMAP	0.0495550719031002	0.898853486398348	0.958590638350727
DIABLO	0.240824669173666	0.669680302198901	0.853740506961479
MRGBP	1.02635556881864	0.15236063653697	0.620677643152565
SLTM	0.380858406907183	0.27329414184906	0.656408536714037
CDKN2AIP	-0.0347222153727778	0.925346285358283	0.968488556456412
UGGT1	0.284735873201697	0.48216915663075	0.744578169391711
TECR	-0.31181965846578	0.667795701852538	0.853068289866505
CWC15	0.705275025250767	0.390580435897546	0.689882588681315
VAPA	0.824867145265497	0.167280533638078	0.632228373587721
DHCR7	0.633089602239682	0.330188298624449	0.665508487700431
NUFIP1	0.0285599175611821	0.943711068110103	0.977421345108788
NENF	0.271670693087845	0.557202744398038	0.785499644532711
SSR3	0.942150936954597	0.277803971725932	0.656408536714037
GSTK1	0.420728077970729	0.335919215844048	0.668823317290342
WASHC3	1.12742997455887	0.421007203553252	0.711617285790817
RAD54L2	0.931376453870183	0.391641044713267	0.690775668668723
WASHC2C	0.142501178866279	0.864632585646593	0.943167335977235
SLC30A1	1.69791284640491	0.226132570039604	0.647073334812313
SNRPB2	-0.242547701039022	0.587036470172671	0.802336936081426
TIA1	0.35501379882637	0.543208433593613	0.775923864803605
NCBP2	-0.295610461347501	0.387963274746235	0.689448402011335
FAHD1	1.14828153736445	0.0299828229233768	0.487350108810577
PRXL2C	0.419029040958939	0.674928535902168	0.856666276973098
KHDC4	1.43666683917985	0.0103495960735316	0.385743843013723
FAM177A1	0.244671592054324	0.581604366855835	0.798118656263957
SYMPK	1.33876310025406	0.387513359929137	0.689326964625664
DDX27	2.60990649028572	0.0309918429538472	0.488154032211346
MTMR9	0.510225587251075	0.267155441952575	0.656408536714037
PHB2	-0.948090609467897	0.405435130765261	0.701006821694543
ESYT2	0.990605019308873	0.116974468130509	0.604347921762944
TRAPPC13	0.102599809349563	0.797998204444869	0.918412585322325
SMCHD1	1.99401916176876	0.000581041680168823	0.118316804126377
AGPS	0.481604191227394	0.152422334080241	0.620677643152565
PES1	0.535514137794472	0.447530103096519	0.720596079751055
SCAMP1	-0.467499451412294	0.308559147384175	0.65852725145186
RER1	0.159832723159781	0.777320628278569	0.910899965580635
SURF4	0.855697739291685	0.212380133195785	0.642756934914164
HDAC3	0.766352630886178	0.0871496425899506	0.581536275984974
STX7	0.0116717254838719	0.978280696351167	0.992066199602806
RBFOX1	0.403170095213945	0.772905559456989	0.90939995778855
B4GALT5	1.53007894413536	0.0524395862587871	0.543858949330376
PRPF3	-0.979878774228236	0.053153488693648	0.543858949330376
B4GAT1	0.328976362301972	0.535107631598171	0.772546278237635
STX6	0.133173403707055	0.767928119413619	0.905214020223271
SYNGR2	0.120411182414156	0.769401552260908	0.906408389120863
ORC4	0.327969956988614	0.740198347268427	0.894356926481652
PIP5K1C	-0.0752341476696721	0.865579299939819	0.943381369963311
STX10	-0.880446087016463	0.266284973234659	0.656408536714037
CCNT1	0.823042763453607	0.241141281623009	0.651507106353763
DPM1	-0.924462573391679	0.177035323002905	0.634600953463834
DNAJC13	0.629096252800014	0.48032281489029	0.74438059372444
RP2	1.18509065832984	0.151703620655649	0.620677643152565
ZMPSTE24	0.447549300449818	0.429653979967547	0.715747995824684
CPD	-0.202460884228501	0.600769016931563	0.809685476357728
B3GAT3	1.06957638697837	0.271768747489412	0.656408536714037
TOX4	1.39369606339854	0.195894506876265	0.638405277287363
SUPT7L	0.806953253766792	0.591271325835272	0.804069300297443
UFL1	-0.0395527030416822	0.917655527256262	0.965848457246556
YIF1A	-0.768061656076288	0.343833735244196	0.668936181579848
MAP4K4	-0.693858701673939	0.23403680863855	0.648573591406783
AIFM1	0.898172012658243	0.125754004414939	0.607571670616153
MBD3	1.9638288446639	0.0397933262809683	0.52305455305149
CLPTM1	-0.237591020353676	0.807987159007641	0.922939226946061
LDLR	-0.0852781649325109	0.826492079247068	0.929485696870758
OAT	0.346391630130643	0.435661349446391	0.717631351501575
RPN2	0.348813466596191	0.289968713229322	0.656976021165371
SLC25A5	-1.25350576137984	0.0360410295299749	0.504361088901813
POLR3D	0.29683801495527	0.443493183610901	0.718362207329991
LPL	0.141811786929086	0.792708519768959	0.915917238310001
LAMB1	0.588342612457282	0.208625035032933	0.641739379360059
SRPRA	0.199152342846169	0.726556606883086	0.886681218302951
PDHA1	0.362109136882687	0.492736675964533	0.750859412868737
COL4A2	0.912863698330632	0.23869982728563	0.650816742143476
FGF2	1.38064052552892	0.212041071417774	0.642316837480917
HMOX1	0.766831384121346	0.367964210164314	0.68092600022189
DLD	0.91057605257604	0.060299170663673	0.544325822246218
DLAT	0.451662775929307	0.36398602044176	0.677278347460226
NR2F6	-0.943523937826072	0.0636627175504644	0.546631960681267
MGST1	0.419772633553492	0.34371338588334	0.668936181579848
RALB	1.66582465391393	0.152140247097999	0.620677643152565
LAMP1	1.17479207048752	0.133733465767143	0.612769015076424
PC	0.666373066093424	0.107127424689933	0.602215030741867
IGF2R	0.463412575622492	0.512962558364559	0.758984645290704
SLC25A6	-1.22403672344639	0.120847549527558	0.604347921762944
SRC	0.736992956773371	0.1475656036054	0.620677643152565
ETFA	0.683503131081622	0.135992412076149	0.614817367624663
MTHFD2	0.883780130966493	0.208057533310202	0.641739379360059
B4GALT1	-0.247415517831083	0.562072454686865	0.787360782549839
ATP2A2	0.482377607777437	0.551058469050445	0.781987824703579
ITGA2	0.986996261904054	0.0541446174408165	0.543858949330376
PTPN1	0.0124626203971587	0.980630075682052	0.992739869905239
M6PR	0.351202197906009	0.640428432644224	0.83463955366098
ME2	0.0531237976941199	0.915055436232068	0.964414211858895
ATP5F1A	-1.87317467787115	0.0120918722005029	0.403526106797312
COL8A1	1.11347739979715	0.116866243298594	0.604347921762944
ECHS1	0.693752051486481	0.197903943025438	0.638405277287363
ALDH1B1	0.672147134892487	0.155255311473317	0.621348689590289
SDHA	1.01758747117992	0.0725232790395863	0.56622212268795
HIBADH	0.252197583585605	0.536610674996772	0.773377638906744
RFC1	0.782093420459326	0.242929969343134	0.65170955321972
KRT9	0.391408084118897	0.500477816206991	0.756433605176979
LONP1	0.647915525285516	0.24118374979312	0.651507106353763
DLST	0.0301147509510287	0.943363617131721	0.977421345108788
COIL	-0.0801632543497099	0.857248401504119	0.941856620422602
PI4KA	0.633809510764078	0.197069974814366	0.638405277287363
LRPPRC	0.995117420431669	0.108739775050068	0.602215030741867
ACAA2	0.85551029632639	0.0960400340868779	0.592418138618621
SLC1A3	0.398698378005214	0.360227906001592	0.676113996076094
PTPN9	0.20271016961458	0.6229389280487	0.82540502377781
TSFM	1.27770992260543	0.126711544627709	0.607571670616153
ATRX	1.12668883284871	0.00620272931320515	0.320044363173403
UTRN	-0.651517355158951	0.331777171306822	0.665674297109786
LSS	0.513291473911963	0.228103163417145	0.647073334812313
IDH2	1.24847289163987	0.0172462548987904	0.448995344399328
ACADVL	0.0416178071749513	0.907766901090089	0.960657697139955
LIG3	-0.0377661103426803	0.969151920910307	0.987749160473721
IDH3A	0.425857587655472	0.419299931064767	0.70978292461157
EMD	-0.320402976376194	0.524490387328309	0.765126982829807
BCAP31	-0.122350128477304	0.763811287315923	0.903333519495389
VAMP7	-0.0713959198271219	0.829411378381056	0.930825134154473
ALDH18A1	1.52949308602225	0.0672783515305204	0.556374262328053
HNRNPH2	-0.252977926557755	0.733077606462822	0.890692931484135
OXCT1	0.370481323808391	0.381525261331854	0.686033411941155
SIK1	-0.319221941596105	0.501548815652513	0.756465972482725
TMEM33	1.94803534555084	0.133183633024394	0.611916834175525
SEC61G	0.612146372678534	0.231055231299016	0.648295593176035
SPCS3	0.278147707214142	0.665118739692492	0.850224666908606
ATP6V0D1	0.280888297023221	0.631898393179953	0.83056941998729
RRAS2	-0.0289287731390679	0.955654007369385	0.983672262662891
GNB2	-0.113226630992642	0.786662695868156	0.915305469336259
PITX1	0.412422299854427	0.23327254070473	0.648573591406783
TMF1	1.42705760238189	0.0328963210884176	0.496208107297691
ERH	-0.107824707240646	0.749466466803862	0.897788451816189
RBM10	0.24928154631279	0.714906216283693	0.878530471504377
ATP2C1	-0.941642753901185	0.237781639222072	0.650297821279242
SLC25A3	-1.43538258999473	0.197359700148972	0.638405277287363
U2AF1	0.32722278611147	0.639580944794178	0.83463955366098
ID3	0.629808995695793	0.276926888231938	0.656408536714037
TOP2B	0.799849038543829	0.141857050126418	0.617034746025468
MLLT1	1.18457491246597	0.129378589481952	0.607571670616153
MECOM	-0.291663151360783	0.438003221196913	0.71769838318384
TAP1	-0.895716971635579	0.0844411742074886	0.581536275984974
ATP7A	0.170050396109545	0.668872537206469	0.853581309955264
NOTCH2	0.400984177197646	0.432205059611061	0.716816318104401
RAD51	-1.63642520469706	0.00151543835959846	0.1666211638856
KHDRBS1	-0.261691125340999	0.529283885032309	0.769440836721988
MGAT2	1.29164346635344	0.0196457787923333	0.448995344399328
GALNT1	0.463394563439977	0.373258004460845	0.684263524435598
PMPCA	0.683849520001949	0.185851658210982	0.638405277287363
ST3GAL4	0.945568833432954	0.128448987454152	0.607571670616153
TBL3	-0.579707303737678	0.12030656701195	0.604347921762944
DLG1	-0.580419764841988	0.31456480987332	0.661864025728351
STK3	1.44265577139766	0.0551479107692912	0.543858949330376
GPS2	0.910575111891081	0.210079105324285	0.641739379360059
MTA1	0.203228632082929	0.74653649921751	0.89711403816841
TMED1	1.56641829360463	0.173176952109631	0.63280066512153
MOGS	0.645027870859991	0.21684372562461	0.646364575664931
FKBP8	0.913201274438102	0.147739679856289	0.620677643152565
RASA3	-0.468750925117494	0.45494697817262	0.722522946914848
MDC1	0.079979533404952	0.826115729196939	0.929485696870758
GSE1	0.476638194930334	0.288399503925355	0.656976021165371
GOLGB1	0.340001398359885	0.362073544153113	0.676600265114662
ZNF638	-0.244352824865235	0.487961257872357	0.747484609565204
WTAP	-0.0320411003529557	0.943301988535223	0.977421345108788
MAD2L1BP	-0.424810521988814	0.301321906357378	0.656976021165371
SLC39A14	-0.698886455588816	0.0731554103803763	0.568959895820024
PCOLCE	0.360355179092856	0.586039212574103	0.801579205882097
EBP	0.794087039324872	0.0660136563147053	0.551967844706771
TMED2	-0.704398645564666	0.454450727801903	0.722484694157241
SF3A2	-0.444657567858741	0.392542671914805	0.691257496697687
TGFBI	0.972879635010202	0.11716985679402	0.604347921762944
ITSN1	-0.0974015283176399	0.797343032845719	0.918412585322325
VAMP3	-0.411650176336483	0.536886060259543	0.773377638906744
ATP6AP1	0.383179137642497	0.433121459303476	0.716816318104401
SYPL1	0.523848753127947	0.436963840965259	0.717631351501575
IFI16	-0.695527644661798	0.397786791911379	0.696329124104711
MAN2A1	0.020524230627295	0.960210411648085	0.984766066154423
CYP51A1	1.05884508485273	0.147063758250658	0.620677643152565
HSD17B12	0.897080040647484	0.235722024313349	0.648573591406783
EAPP	0.305527150818385	0.629913381330914	0.830270311429177
WDR45B	0.403096985168165	0.300331215867666	0.656976021165371
DNTTIP2	-2.43770599375969	0.0260833168177856	0.481497671626796
FKBP15	1.06522685898906	0.0483663129081911	0.543563375321491
DCAF12	-0.315568143812463	0.504638017963511	0.757729698119557
WLS	0.58752337405447	0.179050082331431	0.636804313133313
VPS13D	-0.388805696990577	0.641359097471787	0.835428378779312
VIRMA	0.35104448002663	0.418256572854972	0.708606450780007
VASN	-0.880174102509077	0.0585013029214382	0.543858949330376
LAMTOR1	0.919171703438412	0.207181072381658	0.641739379360059
PPP1R18	0.0392105500641762	0.933988643872249	0.972679142789906
CTR9	0.544137256415386	0.44157867041225	0.71769838318384
DARS2	1.1501420872851	0.0518572367159816	0.543858949330376
MTHFD1L	0.587023488116014	0.500258060488355	0.756404629551558
ATF7IP	0.00535737909115497	0.990008669778915	0.995117632050451
AEBP2	-0.30287795458019	0.345077599175763	0.668936181579848
QSOX2	0.531956423323699	0.136690076702957	0.614817367624663
MMS22L	-0.145503550208367	0.711581218764292	0.877665260492229
MED25	0.257263220062807	0.563370975869509	0.787907537052981
HS2ST1	0.796344605302949	0.20925951571463	0.641739379360059
ATG9A	-0.918199791867863	0.0195066282419089	0.448995344399328
TMED4	-0.216040140304422	0.568801851428327	0.792738622752744
GATAD2A	0.257775196213792	0.511209520599081	0.758850080882707
CCDC50	-0.338238788785304	0.501631185413891	0.756465972482725
MISP	-0.934793157053019	0.211937428764689	0.642316837480917
MFN1	-0.110472464759777	0.767355741162022	0.905214020223271
WDFY1	-0.518344594661347	0.247552782791892	0.653997672632632
SUGP1	-0.333361308165451	0.576144515717083	0.796843591542065
CCAR1	-0.0706328784987313	0.840778618603614	0.935825316043161
AFAP1	-0.115921119020143	0.737845767062563	0.893231585102063
ZGPAT	-0.0415996362287032	0.903982219497089	0.960657697139955
ARRDC1	-1.12153841098866	0.068694489695142	0.558290777242199
CPSF7	1.51252477283361	0.0182056986687168	0.448995344399328
ANKRD13C	0.701543963595693	0.185682712239209	0.638405277287363
GOLM1	-0.0484540811340963	0.904174710286225	0.960657697139955
POGLUT1	0.638551423017788	0.209268778281916	0.641739379360059
HSD17B11	0.429748470315506	0.534739551212337	0.772546278237635
RETREG2	0.952628684712586	0.259348764827235	0.656408536714037
NECAP1	0.2325571188567	0.747154174238319	0.89711403816841
MTMR14	0.624231268636496	0.434893193714315	0.717631351501575
DAGLB	0.539152012681591	0.402114302829312	0.699434057181428
CHST14	1.1774301248262	0.0625521553105108	0.546631960681267
BOD1L1	0.759032460383068	0.235662248595795	0.648573591406783
MCFD2	0.25596092062117	0.674193757479375	0.856358239953485
THOC2	-0.65009098789362	0.569413584414214	0.792738622752744
ABHD4	0.404814805640104	0.377542490292725	0.686033411941155
SLC35B2	0.806519900058269	0.226163190954521	0.647073334812313
GOLGA5	1.38267881880123	0.140306170440988	0.617034746025468
GPX8	0.681583251051887	0.416568582102833	0.707922543086879
ARB2A	-0.774007893419331	0.0821358781076247	0.579360914478612
SNX33	-0.274874891421661	0.63415376391408	0.831507073266762
TRAPPC12	1.02036598920854	0.213907630930425	0.642919729185953
SREK1	0.2025172004778	0.823162034534775	0.928550413470128
GATAD2B	0.430963654569798	0.536913990627912	0.773377638906744
FAM3C	0.176700014273116	0.680806864337392	0.859786565779071
AKAP1	-0.766228340714928	0.0589865580154134	0.543858949330376
DPF2	1.07628430777297	0.205932387392959	0.641739379360059
GOLGA1	0.422168633550314	0.236618422910411	0.648900800737736
APBB2	-0.311437993260046	0.409485767049488	0.703174329482522
CELF1	0.177648171730421	0.79313166509328	0.916048854231779
ATP6V0A1	-1.3420084944465	0.0250592996622968	0.481497671626796
YIPF5	0.741160344479756	0.18393605146047	0.638405277287363
AIDA	0.104555983762165	0.881045508494434	0.948376995860595
TRIM11	-0.545725178304615	0.343844550356075	0.668936181579848
STAMBPL1	-0.774228770972936	0.122682412510056	0.604347921762944
AURKB	-0.414093873150602	0.387855668591061	0.689448402011335
TONSL	0.112794505363969	0.8644942070133	0.943167335977235
DDRGK1	-0.0677673792782585	0.888233605728252	0.951030359795922
TENT5A	1.32799558120944	0.18517187528177	0.638405277287363
CDK5RAP3	0.22655573176597	0.51808113311621	0.762256725911552
ZNF830	0.674382206013142	0.24424396855491	0.652417196084346
PURB	0.201053790176324	0.77394430411519	0.909728013592862
ERGIC2	-0.0993178460647961	0.815289980912512	0.925952418736809
RPS6KC1	-0.45133622992374	0.435059479103463	0.717631351501575
RSF1	-0.156131958596006	0.888126866770849	0.951030359795922
PNKP	0.348615602411336	0.577884578256125	0.797366536627825
UHRF1	-0.0835833643254418	0.926882842813893	0.968488556456412
COL12A1	1.59750861083538	0.28527560777818	0.656976021165371
ACO2	0.373348442712334	0.299135977754851	0.656976021165371
TM9SF2	0.937306294695105	0.34205541967008	0.668936181579848
TCF25	-0.230577338212271	0.588509944179991	0.802358052402436
ERP44	0.236509217935478	0.658950284285955	0.847378802172281
YIPF4	0.827575782150749	0.222329341851451	0.646364575664931
LRRC1	1.72315924622864	0.0106151307232373	0.385743843013723
PI4K2A	-0.106404921473718	0.820582547527836	0.926749561763243
SPINDOC	0.783281235685241	0.134849876680086	0.614817367624663
PHF23	-0.142727815566218	0.729893509829032	0.888487979369583
RUSC1	0.788764637581554	0.230110204679091	0.648205306982206
RTL8A	0.874992064854876	0.131097658177445	0.608948890339362
DOCK9	-0.298067882366652	0.428589720721832	0.715747995824684
MAF1	0.0518948774114065	0.877136030864298	0.947487817928751
CLPB	0.55998803403185	0.330822381156358	0.665674297109786
LSG1	-0.183027093473459	0.819433564104614	0.926749561763243
LMAN2L	-0.275908920684451	0.624135853868535	0.826058032511354
METTL9	0.632963676925279	0.290666105237428	0.656976021165371
IRF2BPL	0.400573179109387	0.510679402249456	0.758775423909653
ADNP	-1.10828487245075	0.278430900472295	0.656408536714037
GOLPH3L	0.475890246315732	0.419967135753657	0.71049621755363
ST6GALNAC4	0.102980649844671	0.851150390922507	0.940810249613143
TMEM165	0.732680723120119	0.279934978936927	0.656408536714037
FBRSL1	0.358067617688782	0.519471882288854	0.762525678517426
MRPL47	0.584294634206355	0.326134099427001	0.664751312949223
TM9SF3	-0.378393936793131	0.389845577722092	0.689881269648984
MBNL1	-0.494296304376668	0.358752240873456	0.676113996076094
AAAS	0.220990717675988	0.621570348120758	0.825331613649076
SERINC1	-0.42482297584818	0.279667620662277	0.656408536714037
FIRRM	-0.325020121967874	0.58764300778973	0.802358052402436
ARL8B	0.445886374776819	0.446965914375557	0.720059926841015
POLR3E	0.089243965403675	0.886848179422218	0.950412383560253
BPNT2	-0.0152436318697404	0.982771149822458	0.993343314392771
KCTD5	1.13205564375708	0.367631868440354	0.680913445917768
PODXL2	-1.65465523075039	0.158990657821324	0.62568016865396
SH3BP4	0.825130405816402	0.380684676871871	0.686033411941155
POGK	0.681568787505825	0.187955037888697	0.638405277287363
ASH2L	-1.05301689155057	0.184457332811703	0.638405277287363
CTSZ	1.04369128169481	0.243159729880707	0.65170955321972
VTI1B	-0.00639531767113866	0.985864562965673	0.994144538852839
MAN1B1	0.223030939921994	0.630211860178686	0.830318594509591
RALY	0.169724089242205	0.683530746710963	0.861033836881484
TMCO1	0.00937106414396283	0.988543971086688	0.995117632050451
SCAF8	0.446217364017649	0.369841440633001	0.681827002613313
MTMR6	1.23011856275715	0.0274145810863093	0.485353921485787
ERGIC3	0.198826437568481	0.805951983181829	0.9227023547284
TRAPPC8	0.819597720596803	0.274723180052023	0.656408536714037
POLDIP2	1.35251053473019	0.0802987811271535	0.579360914478612
TMED5	0.658843768400619	0.387023125509777	0.689247979185311
TMED7	1.06379465590809	0.159165004367782	0.62568016865396
CHTOP	0.10825859751985	0.829868496692479	0.930825134154473
ATP6V0A2	-0.697246061207423	0.300139525049858	0.656976021165371
LRRFIP2	-0.0332154271576144	0.959257922815005	0.984584002976425
NCOR2	0.808380964060117	0.0945438652648981	0.592418138618621
ADGRG1	1.1339798710698	0.0635227872179541	0.546631960681267
PRSS21	1.07982361820487	0.125117408020513	0.607571670616153
TOR1A	0.433306297790558	0.25024758749391	0.656103447068321
SLC27A2	-0.0548823184496889	0.873446352403141	0.944855477599611
SPTLC1	0.2502276057795	0.60226012272815	0.810886664159998
BCAT2	0.855514786616681	0.176110169061145	0.634299376819081
IDH3B	0.910589329303242	0.057349396827488	0.543858949330376
FLOT1	0.191647913403031	0.735500100640584	0.891915432352993
ATP5MG	-2.22194677674118	0.0270724548865622	0.484661219476632
CLPX	-0.415179334719525	0.428326274067664	0.715747995824684
RAB3D	-0.0328210115059164	0.92228164161084	0.967098854466605
EGFR	0.0542213985257725	0.868390813058268	0.944312496923368
COL3A1	-1.21807996861202	0.121049173100496	0.604347921762944
ALB	0.112495446083102	0.925888483770909	0.968488556456412
NDUFS1	-1.33340957180899	0.0094828397700232	0.373654056348405
PPIF	1.44574435230548	0.141813963552874	0.617034746025468
HADHA	0.756962144006103	0.087531999400982	0.582157265857325
DAP3	-0.184799651031618	0.827983343401129	0.929816911246473
ALDH3A2	0.485747814052743	0.423233650117768	0.713143027075114
RAP1A	0.145016905439441	0.768130031684326	0.905214020223271
SEC11A	-0.645475968180058	0.291638114261023	0.656976021165371
CKAP4	0.562494469130996	0.280094683715286	0.656408536714037
LGALS3BP	0.407132603660134	0.373374739818983	0.684263524435598
CLPP	1.36896427536264	0.102044929846854	0.602215030741867
NADK2	0.810057393986327	0.129284530313594	0.607571670616153
RETREG3	0.443795438678823	0.448384708321828	0.72085062490642
EMC1	0.791835033450866	0.344541722141039	0.668936181579848
NUP35	0.337361603217516	0.622193079449576	0.82540502377781
PNPT1	-0.397242354024662	0.258726968152353	0.656408536714037
GLG1	1.15094528424975	0.0322467543982102	0.489262345162552
TBRG4	1.42804610014115	0.101492392915679	0.602215030741867
YTHDC1	-0.415340167438107	0.290775813165643	0.656976021165371
PPP1R9B	-0.799364586001722	0.260107398783315	0.656408536714037
PIP5K1A	-0.194989845572088	0.619633678228285	0.823630102431745
PAIP2	-1.20740259863368	0.0137889278707316	0.425382885829998
CCDC106	1.03366161301937	0.0318067008067459	0.488154032211346
CHID1	0.545061409213737	0.302615032627629	0.656976021165371
OSBPL8	0.26270212486633	0.757165171990795	0.902117057661177
BLZF1	-0.237213662226978	0.680518837992621	0.859710733021834
CPVL	0.53036403626826	0.343621188676196	0.668936181579848
ANTXR1	-0.097557511035518	0.811479224794388	0.923660777754192
SFXN1	-0.79751955053575	0.26408949298687	0.656408536714037
MCCC2	0.76390677448417	0.120310335660033	0.604347921762944
MRPL39	1.1781004086269	0.271470139827412	0.656408536714037
DNAJB11	0.17691423793022	0.624307980020514	0.826058032511354
PCYOX1	0.773915834768111	0.133526765563355	0.61256622012094
GMEB2	0.5106926735528	0.655855384365756	0.846247928321167
CSNK1G3	-0.135373927944276	0.679763128055506	0.859710733021834
FAM169A	0.0210596306009379	0.973180253290837	0.989576198749787
HACL2	0.0831095931342709	0.870197292735101	0.944312496923368
TPP1	0.495289198081679	0.440894458421514	0.71769838318384
LAMA5	0.811036896729615	0.206447170943312	0.641739379360059
SPTLC2	0.731396746523387	0.244674818264145	0.652417196084346
TIMM44	0.989182831715191	0.0447205007403645	0.53092512865527
PMPCB	0.890977814848245	0.101781901103243	0.602215030741867
ANXA9	-1.56190260067098	0.054622534212489	0.543858949330376
MICAL2	0.575143371611329	0.44681908752567	0.720059926841015
ERLIN2	2.24291696381148	0.0681292008836409	0.556927867387257
GLS	0.938815707684149	0.0626995031984381	0.546631960681267
MFN2	0.579658031515951	0.374820705923087	0.684810504862385
VAPB	-0.617901045244182	0.335565503804418	0.66847200995587
ETHE1	0.295621006102529	0.812395427393262	0.924145748627449
C3	0.899449901794142	0.160298452401098	0.62568016865396
KRAS	-1.7533675647973	0.245990192490586	0.653997672632632
TGFB1	0.822291920577236	0.200574138328224	0.640655985226231
COL1A1	1.66301536532434	0.0933723120517371	0.592418138618621
ALDH2	0.789017206964576	0.166704255039015	0.632228373587721
CLTA	-0.561531444140822	0.469411306778316	0.735212038476648
ATXN1L	0.411281342905149	0.350937628460548	0.671747102455315
IFI30	0.360478845888029	0.645620636448019	0.838915196035009
SDC1	0.436277257759983	0.46108105211992	0.728724496036973
ATP2B4	-0.35595159132081	0.577505032476511	0.797134508590382
IVD	1.45853214776927	0.126384721295851	0.607571670616153
AK4	0.59615713787052	0.345984886544469	0.668936181579848
SGSH	0.951511374366053	0.0132744236730852	0.420654215724407
SUCLG1	0.863226051920599	0.120821191639227	0.604347921762944
SEC61B	-0.467634046003507	0.260110677141859	0.656408536714037
TMEM258	1.74736775052662	0.00214324684519063	0.179604085626975
DAD1	-0.776218970921498	0.0820419038926403	0.579360914478612
MRPS35	0.498725944101196	0.400790370242502	0.697887082898245
MRPS9	-0.931599338097868	0.0243256054831733	0.479806284906997
OGDH	1.47454382101491	0.142343788188035	0.617034746025468
COL16A1	0.121276626427836	0.762318720455828	0.903333519495389
SPOCK1	0.966746485830612	0.0403238634859708	0.52305455305149
ASPH	0.341055493030154	0.473295054620329	0.739216072376664
NID2	1.5832129870925	0.102825857881175	0.602215030741867
MLEC	0.726288274418749	0.473365637981404	0.739216072376664
SEMA3A	1.01261768737266	0.263191305029405	0.656408536714037
LBR	0.294883731651897	0.468324257622553	0.734324646775322
TMEM41B	-1.08274315719867	0.0913087323068259	0.592418138618621
MEST	1.23208742215329	0.0544237556099356	0.543858949330376
AARS2	1.10794819217356	0.272502955063023	0.656408536714037
TRMT10C	0.306211365157882	0.613850650391026	0.820548334355023
ZBTB33	0.181422610699634	0.608910890751158	0.815702653294003
GPR180	0.240560671491728	0.589880321312128	0.803046459085934
CBR4	0.432814538320226	0.432164459154431	0.716816318104401
CISD2	-0.132571834490737	0.716287665953706	0.87869902027047
ARL14EP	0.375359893147195	0.441097070132957	0.71769838318384
PHC3	-0.36277141449035	0.360920453189715	0.676113996076094
SPRYD4	0.883733282575193	0.198935073253298	0.638972622285924
PXDN	0.829221337404416	0.14860057175545	0.620677643152565
P3H4	1.19772233605946	0.212061644832602	0.642316837480917
NCLN	0.23153995935921	0.751740699236426	0.899942102260202
CCDC47	0.844638917949478	0.0561936848188433	0.543858949330376
MARS2	0.213573273123565	0.663079948197422	0.84883083459111
TMEM41A	0.408403535512061	0.287102018529264	0.656976021165371
SUCLG2	1.02193579101483	0.137604311396239	0.614817367624663
TMX3	1.78745546235831	0.0808287454320209	0.579360914478612
DNAJC1	1.29656611392655	0.175441943151781	0.633101978588867
B3GALT6	0.0583811838908197	0.886868633093086	0.950412383560253
PIGS	0.829280149241217	0.1752923397145	0.633101978588867
SDF2	0.331192014262761	0.625245031755875	0.826717747107785
NEU1	0.509916577368386	0.431219109298178	0.716816318104401
PRXL2A	0.867878071195889	0.0788676067191276	0.577494650364719
FUNDC2	-1.57262956105087	0.00547903563588083	0.299441208447922
HDHD5	0.510333214590318	0.393593277566702	0.691790958497731
DNTTIP1	1.14130027597648	0.0400499957924495	0.52305455305149
SIL1	0.91412816071383	0.0379755877551756	0.515396632266134
SMOC1	0.788302918093027	0.236142015646118	0.648573591406783
TFB2M	0.706429529644357	0.29974564691578	0.656976021165371
CCDC134	0.639869211510526	0.248002299619375	0.653997672632632
NT5DC2	1.36892178348789	0.0450353625167627	0.53092512865527
TMT1A	0.661994526938326	0.198605770370252	0.638972622285924
L2HGDH	1.31549819497788	0.113427389351011	0.604347921762944
CARS2	1.81618099337209	0.184796503575339	0.638405277287363
IARS2	0.594569609365713	0.12302399440772	0.604347921762944
DECR2	0.853884165331138	0.25134493338792	0.656382041981408
ABHD10	1.1675433511738	0.0897164704347205	0.591591680416235
OXSM	1.90012644362977	0.0485723727538369	0.543563375321491
CHCHD3	0.998226059398267	0.225041134790373	0.64661112827345
FKBP11	0.4415685986841	0.320449420933793	0.664751312949223
FASTKD2	0.537275054432143	0.511008898020133	0.758850080882707
HACD3	-0.191168063499774	0.845438859550208	0.937967031292685
SEC63	0.219312453302571	0.575664972710072	0.796843591542065
MRPS17	0.509461635673745	0.37063389854771	0.682784773533666
ACOT9	0.259716930272667	0.713026585108915	0.877934733963967
MRPS23	-0.872747431240736	0.300140682136474	0.656976021165371
TMED3	-1.49947438245167	0.0358529144941608	0.504361088901813
SRPRB	-0.410080073964938	0.426463014718047	0.715069821476992
ALG5	0.291078161301037	0.436634736233613	0.717631351501575
NDUFS3	0.182410675232298	0.718239475800364	0.879103007770975
UQCRC2	0.319769103635334	0.715184672534788	0.878530471504377
MRPS34	0.125730765942063	0.805925046087906	0.9227023547284
ZNF460	-0.98713529081607	0.101551024007262	0.602215030741867
NCSTN	0.734883715377542	0.0738687298266308	0.570964569388321
MAK16	0.402566690701995	0.39789706849712	0.696329124104711
MRPL1	0.358815065523821	0.572496152915306	0.793706982589565
SLC25A13	-2.00728963202046	0.000966882943960406	0.142100743635878
VDAC3	-1.38197268235489	0.0580250750018269	0.543858949330376
VWA8	1.02362355193281	0.153241464314992	0.620677643152565
NUDT19	0.271862220891926	0.421744942527287	0.712225785163636
SLC35A4	0.514371947319638	0.229457545399976	0.647667966843795
HAX1	0.915068568985475	0.19143962294107	0.638405277287363
NDUFS8	0.223796592680767	0.660690126369148	0.847378802172281
TNFRSF10A	2.85374945065847	0.0615660559202524	0.546206283066445
MANBA	1.03013970111995	0.063641139467839	0.546631960681267
AGRN	0.642338937106771	0.313380553597861	0.660744963479306
BCL9	-0.965276949739437	0.416941064721421	0.708201447697466
RNASET2	1.03392967644442	0.306842918581572	0.65852725145186
CES2	0.877382265699779	0.19270025170238	0.638405277287363
MAN2B1	1.413639219059	0.0613638568175243	0.546206283066445
ASTN1	-0.171101511175223	0.829714724083274	0.930825134154473
NDUFAB1	0.274176623174935	0.709339264169883	0.877368245498791
TOR1B	0.227933033798578	0.645645518483026	0.838915196035009
ACOT8	0.450473649642767	0.251193303704535	0.656382041981408
PHYH	0.605242170619924	0.227570367644905	0.647073334812313
RAB29	1.28840049523991	0.0865700901914874	0.581536275984974
NPC1	1.79635177759357	0.068021672354557	0.556927867387257
GNPAT	0.678714870128704	0.222815036700637	0.646364575664931
ACOX3	2.60709380107516	0.00637003188185063	0.320044363173403
TM9SF1	-0.688241269928945	0.396555284035286	0.695539523766076
TAPBP	-0.248845004398447	0.637641724058229	0.834468754543152
GPAA1	0.383744884585617	0.501702836695649	0.756465972482725
TRIAP1	0.950912883234693	0.263647541354584	0.656408536714037
GATC	1.94194660203265	0.0572919371782709	0.543858949330376
HYAL3	0.521032203203539	0.160775413265894	0.62568016865396
TLL1	-0.479250608125746	0.482772243202318	0.744899398165279
OPA1	0.30230239665557	0.408460147708953	0.702693073453679
NRP2	0.216687854765858	0.542681786835834	0.775759294222112
B4GALT3	-0.111885252900542	0.788647025507913	0.915642981625276
PRAF2	0.660789602881025	0.187203704658805	0.638405277287363
COQ9	0.665397380896387	0.319625088964922	0.664751312949223
RTN2	0.59072649488871	0.346174600701871	0.668936181579848
NDUFS2	0.568245813411039	0.41064972770185	0.703251645396765
MPDU1	0.362093182648699	0.297563784254267	0.656976021165371
ENTPD5	0.545785310760166	0.410569292940462	0.703251645396765
LRCH4	-0.444435784320888	0.480274744379675	0.74438059372444
CRLF1	1.73060034720716	0.00386731166799803	0.260480058863828
CLN5	0.950357152039203	0.08707485422979	0.581536275984974
CRTAP	0.51160144192006	0.360246707273916	0.676113996076094
ATRN	0.68174300393747	0.351609569910421	0.671866235006858
DHRS3	-0.351395812367677	0.660870076157167	0.847378802172281
PRKD3	1.75765588268649	0.00462153002851143	0.276631583135184
LRIG2	0.552499564322122	0.140032227445717	0.617034746025468
ENDOD1	-0.0073626832291005	0.984741728063194	0.994031647435529
PRSS23	0.46630496454145	0.315946070081044	0.663381197258138
UBL3	0.119126729249295	0.744899842986081	0.896022681712374
RTN3	0.317504412931381	0.654499221212292	0.846114694272044
LETM1	0.624797934127091	0.354573418501052	0.674757847864861
SGPL1	0.0546695850458363	0.935051716121871	0.973517399639861
CTDNEP1	0.767849546263296	0.277689809491185	0.656408536714037
H6PD	0.192000909353503	0.76391689039268	0.903333519495389
AGR2	0.888965381185184	0.195927909168776	0.638405277287363
TOMM40	-0.440538921613499	0.347546413544899	0.669697253693313
CYB5A	0.808043918707355	0.149658654199543	0.620677643152565
CST3	-0.0351241049209463	0.936573891395844	0.974833051187891
CGA	0.571267418733772	0.577297891742778	0.797134508590382
MBP	0.968879860644915	0.311701156933555	0.66017472585964
BRAF	2.01065175934256	0.00018951783324866	0.0649625665084837
FUCA1	0.421481576637788	0.368414826149755	0.681024368100366
SLC4A2	-0.177940496692685	0.699459556948587	0.870740475361296
APP	1.17058184858669	0.155378364965166	0.621348689590289
SERPINE1	0.336670151126349	0.505557855719284	0.757749403096686
PCCB	0.659996949524022	0.451561659869586	0.72107104000188
COL5A2	0.46622353860144	0.560433949821639	0.787360782549839
BCHE	0.648890127849072	0.435199507216501	0.717631351501575
SERPINE2	0.959702246195803	0.0752364334271227	0.570964569388321
THBS1	0.976923322292691	0.0762281800051508	0.572622443823553
GUSB	0.842392069648447	0.0780034572733406	0.574612355288872
MMP2	0.318188349660208	0.41309803837283	0.704098487512676
CYC1	-1.19558463793414	0.0721302621322875	0.56622212268795
MET	0.698515205125197	0.289150738475455	0.656976021165371
CFH	0.107173659222585	0.759316746468543	0.903333519495389
PRSS56	1.12657582841986	0.142666031508747	0.617673484293323
GATD3	-0.190141814552327	0.694611961581129	0.868466954265474
ACP2	0.83592369978177	0.32075356851168	0.664751312949223
COX4I1	0.341494720134506	0.647293676032554	0.839314492186859
BMP1	0.567385533894964	0.298171501243989	0.656976021165371
CYBA	-0.400214806017662	0.604244103169178	0.811757931261479
PVR	0.679961293881171	0.222202748672064	0.646364575664931
ARSA	1.01908701653813	0.0981575617595085	0.598951723940302
ARSB	1.05322882832848	0.0227722941828819	0.469162209389149
TIMP2	1.26870061413246	0.34067763664524	0.668936181579848
CPE	-0.716903650368771	0.290701551487897	0.656976021165371
SMPD1	1.24554589554448	0.0987544585926718	0.599731767384097
ENG	0.203878746545932	0.638274439110799	0.83463955366098
PAM	0.360464597072049	0.563507458878783	0.787907537052981
CDH2	-0.658742243082141	0.47180303941682	0.73782520289477
NDUFV2	0.585264906389092	0.224854578202805	0.64661112827345
IL11	0.504560375941853	0.334021282852236	0.666546113454973
C4BPB	0.355422143785198	0.341710119655347	0.668936181579848
COL5A1	2.2541221241029	0.192729730085382	0.638405277287363
BGN	1.37462980914922	0.0959954943848248	0.592418138618621
COMT	0.389050703292675	0.535711206161498	0.773121683289327
MMUT	0.317470486933232	0.738363813647341	0.893571868184892
ENPP1	0.203015651652581	0.733419161629409	0.890692931484135
FGFR4	0.430912950280636	0.451893794125079	0.72107104000188
GAL	-0.222319522257465	0.555423784034674	0.784458085990545
CES1	0.0470703675072954	0.906163116291798	0.960657697139955
FBLN1	0.977848028551662	0.0890386607281158	0.590096291046968
PTGS1	0.334815760486585	0.449752910978829	0.72085062490642
CPT2	1.98094299238883	0.0314240122128607	0.488154032211346
CTSS	0.870094190926224	0.222862696385905	0.646364575664931
LOX	1.69149401724327	0.0745242887080606	0.570964569388321
GRN	0.450983060725974	0.485496176482677	0.747484609565204
PCSK6	0.581377228849266	0.341126626573771	0.668936181579848
COL4A5	0.07133923644842	0.846604495355236	0.938707895320375
ATP5F1D	-0.18633517290165	0.640532184644623	0.83463955366098
CHRNA5	-0.217343629613715	0.591128733728403	0.804069300297443
UQCRC1	-1.78857989487752	0.0227018945069456	0.469162209389149
GALNS	0.501077314466965	0.328297933822935	0.665508487700431
PTGS2	0.00929594218597884	0.9830700740689	0.993343314392771
FBN1	0.889629018110973	0.103742364737099	0.602215030741867
FBN2	0.0486318912625379	0.887705739635251	0.951005211410379
HMGCL	1.19414884303124	0.0265497949002335	0.48381416861707
CPOX	0.335398038496827	0.505916403347965	0.757905761830302
SREBF1	0.13990530609156	0.770736513497911	0.907395846073882
COL18A1	0.695250213304952	0.0487203449638462	0.543563375321491
ECE1	1.47172781587004	0.0106102663078824	0.385743843013723
SLC1A4	-0.20456490676618	0.593891411763758	0.805444634833794
BTD	0.272395727877957	0.444237779764927	0.718362207329991
GPD2	-3.83406386970607	0.107316217386861	0.602215030741867
UQCRFS1	0.0218796849595932	0.948910707219993	0.979830853484828
ATP5PO	0.205901302324609	0.810939747955362	0.923466683894065
MRPL19	0.349510299287484	0.537489529307799	0.773615654587675
ACOT1	0.553348912048122	0.331757522440841	0.665674297109786
NDUFV1	0.825212445229123	0.0803203025819006	0.579360914478612
GNAQ	0.905644162888521	0.171950466419865	0.632228373587721
SLC26A2	0.415916892822942	0.562933162581757	0.787688666454845
BCAM	-0.122570755467891	0.795020634669564	0.916909759300551
SUOX	0.339542288472575	0.594775590212212	0.805638919069775
LUM	0.350297185997199	0.375730890719669	0.68518858343637
NDUFA8	-0.587936047566195	0.475743723023786	0.740416665093973
MRPL12	1.46941888453103	0.11980454556962	0.604347921762944
CACNA2D1	0.941273964228639	0.143052458750173	0.618636263700574
EPHB4	0.112323487202186	0.805442757186561	0.9227023547284
GALC	0.453191991641646	0.323599870824679	0.664751312949223
SLC12A2	-0.362936931432188	0.731200770659301	0.889470356824588
HADHB	0.454028232817713	0.505568151204259	0.757749403096686
LAMB2	1.07637666827809	0.168578784214255	0.632228373587721
GFER	0.188121998095216	0.747316563154777	0.89711403816841
ATP5MF	-2.21473890870083	0.000206722566455	0.0649625665084837
ITGA1	1.54236670465076	0.0286283634507625	0.486851367121788
ATP5ME	0.580356905456899	0.359503207898653	0.676113996076094
HSD17B7	1.22020561081843	0.106540667770247	0.602215030741867
CD81	-0.565556439932067	0.095036846143024	0.592418138618621
B2M	0.467225882917546	0.402355180400003	0.699530375882163
TGFB2	-0.779357428672419	0.118509489169396	0.604347921762944
NPC2	0.59280086093041	0.394322116299516	0.692266620374988
TIMM10	-1.46734878060491	0.00945932551044938	0.373654056348405
CXADR	0.0882364107378031	0.932010875709579	0.970887572458791
GPC5	2.07504718123683	0.097442345989537	0.598951723940302
ADAM17	0.49550559743313	0.213439100985909	0.642919729185953
BLOC1S1	0.701552823138801	0.203650782012039	0.641739379360059
NUCB2	1.3478011222869	0.0315758600244953	0.488154032211346
MXRA7	0.598606753314215	0.560820767766588	0.787360782549839
HSPG2	0.845211881199337	0.155569308022545	0.621453242111247
CDC42EP1	-0.082893153262269	0.819354922237218	0.926749561763243
NAAA	0.337048830244676	0.871561800329371	0.944312496923368
ALDH6A1	0.0457713691361832	0.902986777755355	0.960657697139955
LMNB2	1.21410289807645	0.152158972874267	0.620677643152565
PLAUR	1.79153871573425	0.0338921501625862	0.500905031060203
KDSR	0.743460720673266	0.153241998647756	0.620677643152565
LRP1	0.247832982617009	0.691012453910146	0.866004640643124
HYAL1	1.36587398710195	0.15350354248695	0.620677643152565
EFEMP1	0.165891107309967	0.670367905744237	0.854127917799128
STX4	1.08223914804117	0.346901987302797	0.668936181579848
PTPRJ	0.425154013362565	0.411562125799792	0.703536163368547
BNIP1	0.703377317531661	0.288860695901114	0.656976021165371
DNAJC3	0.448229515863034	0.284264588094251	0.656976021165371
MRPL49	-1.28254073801657	0.17093296349174	0.632228373587721
MSLN	0.446232611785899	0.375307838782925	0.685036718320625
SLC39A6	-1.24668267118294	0.239547504135546	0.650816742143476
OS9	0.375361864639704	0.408410702072696	0.702693073453679
ADAM15	0.500836030930607	0.358972722468577	0.676113996076094
MTX1	0.365049719470196	0.318688630963056	0.664751312949223
ASAH1	0.876749727004025	0.110446217990672	0.602215030741867
MTMR3	0.489987851243022	0.353154690354763	0.673188749225467
LAMB3	2.03942363362093	0.00645011180089595	0.320044363173403
ARFRP1	0.360049573561994	0.368375888816215	0.681024368100366
SCARB2	0.896925390927116	0.122453215561518	0.604347921762944
FLOT2	-1.13379105119763	0.69218913028654	0.866903092099151
RCN2	1.06636975292493	0.0447815650291181	0.53092512865527
GNA13	0.8080933879539	0.282830777662621	0.656976021165371
FAT1	0.6453324337865	0.467489651864917	0.73362608288914
SQLE	0.517689861567703	0.384331097956766	0.686227542800645
ITIH4	1.31304074005028	0.0195251619156841	0.448995344399328
BLTP2	-0.107416887905998	0.879128884613588	0.948299229510269
MESD	0.205247611328442	0.715842562903899	0.878530471504377
LTBP1	0.510111754430564	0.254908997884723	0.656408536714037
SLMAP	-1.01369783501845	0.492048981770391	0.750806498726383
HERPUD1	1.45515812067872	0.0837381019796562	0.581536275984974
ARL6IP1	0.0835555206020082	0.839602238801623	0.93562057994117
PON2	0.756980041218217	0.183374256179016	0.638405277287363
EPHA7	-0.139915603858626	0.787292782679251	0.915642981625276
RAB30	-0.900056791528204	0.0852424207419835	0.581536275984974
NPTX1	0.660866089429152	0.303365203290491	0.657843692701806
ECM1	0.525111282623524	0.2874146519988	0.656976021165371
TST	0.214039181100393	0.557131590291768	0.785499644532711
LAMA3	-0.227899506473872	0.797874997937598	0.918412585322325
PCK2	1.73407063100812	0.0733265736856356	0.568959895820024
UGT8	1.80498818711461	0.103843099497468	0.602215030741867
ALG11	0.781380729064832	0.279899738034982	0.656408536714037
PGS1	1.12677680075927	0.0586054146186263	0.543858949330376
HSDL1	0.846318130792337	0.16094436292698	0.625691951131591
TIMM50	0.624847007011041	0.147763050369445	0.620677643152565
POFUT4	1.34721685678295	0.203926462366951	0.641739379360059
COX19	-0.102686021891515	0.791985522016711	0.915642981625276
GXYLT1	1.12756287642873	0.139894287041174	0.617034746025468
SVEP1	0.667264085032492	0.239000404113562	0.650816742143476
GPAT3	0.662215603842718	0.136633960924121	0.614817367624663
PIGG	0.863307694927286	0.212547838196224	0.642756934914164
MIA3	0.576951740859261	0.604020683666479	0.811746970102029
PITRM1	0.597863710029312	0.443718898373219	0.718362207329991
EOGT	0.232187535379399	0.660630491658015	0.847378802172281
PPP1R15B	0.751994157682883	0.286056533024123	0.656976021165371
ODR4	0.845594696337859	0.127130461715849	0.607571670616153
TPRG1L	1.13076376063421	0.108929310883092	0.602215030741867
THEM4	0.891811689931348	0.0872844158598503	0.581536275984974
CERCAM	0.506524479191366	0.298087527040471	0.656976021165371
ZFYVE27	0.334566276838235	0.510402159957086	0.758775423909653
CACHD1	0.651356629285903	0.154633335077885	0.620677643152565
CDKAL1	-0.577545886945078	0.156726430406739	0.621467265051329
LPCAT4	-0.654911441775894	0.186716091360946	0.638405277287363
OLFML2A	0.797035149297905	0.150931865968624	0.620677643152565
MBLAC2	1.40873456823376	0.00893691494304139	0.373654056348405
TTC19	1.11499579476266	0.261235427691224	0.656408536714037
MCTP2	1.2157520514835	0.230679268621087	0.648205306982206
DHRS7B	-0.323116154355301	0.487973377208588	0.747484609565204
FSTL4	0.427556011153598	0.205299912270517	0.641739379360059
RETSAT	0.30705237513153	0.388888491904942	0.689842348021733
TMEM214	-0.188517247017408	0.700163937274739	0.870740475361296
TCTN3	1.0904458466495	0.183483307517661	0.638405277287363
SLC27A4	0.358346588347661	0.50812394523766	0.757905761830302
FDX2	0.167192502387053	0.763080767886362	0.903333519495389
NCEH1	0.900065282848885	0.162312144095973	0.626168591414095
TXNDC11	0.773609452066715	0.346974057589547	0.668936181579848
CYP20A1	1.23121978692813	0.292805335842602	0.656976021165371
TMEM205	0.118031450089155	0.81106381783536	0.923466683894065
LCLAT1	0.555604496302696	0.32240316591243	0.664751312949223
GLB1L	1.12979951491835	0.122336312069231	0.604347921762944
CES3	0.249453699126793	0.527576854240788	0.768004830097263
ARSK	-0.110514667508138	0.74493374943444	0.896022681712374
TMT1B	-0.108407571966822	0.822668137546783	0.928270959511945
SEZ6L2	0.924482237792954	0.0526717757294645	0.543858949330376
CRELD2	0.0761988521719061	0.889101077930188	0.951475671772345
B3GLCT	0.051200552589048	0.943955787344941	0.977421345108788
CD109	1.02854589723809	0.262630973238221	0.656408536714037
GK5	-0.617776442160391	0.451871754989231	0.72107104000188
ACAD11	0.243714959145827	0.550108460506894	0.781929515481152
GDPD3	0.301426155336472	0.616207384068223	0.821426955622496
LPCAT2	0.581954129920465	0.325573975287936	0.664751312949223
ERMP1	1.30305113448529	0.0228540159464028	0.469162209389149
MRPL21	-0.956638668938893	0.30492655142005	0.65852725145186
LYSMD3	0.941137437514303	0.116939436181054	0.604347921762944
POGLUT3	0.448053977950366	0.306677733859041	0.65852725145186
P4HA3	1.32802651814714	0.0531324117156968	0.543858949330376
MEGF8	0.112595464633795	0.917797382615701	0.965848457246556
GALNT7	0.628190694449948	0.441028911730004	0.71769838318384
ADGRG6	-0.0578904113343697	0.91072650279401	0.962752408974019
DHDDS	0.997196710194924	0.204493080380014	0.641739379360059
GALNT10	0.536784209977064	0.403871591225322	0.699907982771456
GLRX5	0.675672306584435	0.156625009507293	0.621467265051329
OAF	0.418255190948479	0.382316868199364	0.68607531521423
GPAT4	1.5092533108178	0.0663817119250744	0.553620720832061
TRABD2A	0.713854560585251	0.0596491677485068	0.544325822246218
LONP2	0.926411615304787	0.192493852680193	0.638405277287363
OSTM1	0.548101108227399	0.51303417153169	0.758984645290704
CPNE5	-0.378467361115742	0.617852299607404	0.822895982215949
TMEM126B	-1.36247599058772	0.0198719915503961	0.45035082391683
P3H2	0.995829076612829	0.144618156432552	0.620677643152565
P3H3	1.33590242590051	0.169110193719467	0.632228373587721
FUNDC1	0.776390941393952	0.0626623391864599	0.546631960681267
ITPRIP	0.122826134834092	0.790128764973642	0.915642981625276
TEX2	0.687837430918059	0.298181316234096	0.656976021165371
FOXRED2	0.959183677802145	0.15613030864067	0.621467265051329
SULF2	0.674384515004835	0.265864737545415	0.656408536714037
MSRB3	1.32320740118929	0.0809766943775274	0.579360914478612
TMEM192	1.16993656769749	0.0119871476697574	0.403526106797312
THNSL1	-0.284814569942185	0.656362761673608	0.846247928321167
MICU2	1.39770363493429	0.0400633737212643	0.52305455305149
CHPF	0.666828763217627	0.404270808756954	0.699956482930429
ELMOD2	0.813331737655364	0.325369811235437	0.664751312949223
RDH10	0.387850256888271	0.308562345225224	0.65852725145186
VKORC1L1	0.315023339169333	0.555217708587938	0.784458085990545
GHDC	0.711887818148007	0.0935611751673862	0.592418138618621
ABHD12	0.060049681852842	0.86837093337516	0.944312496923368
SDR16C5	0.60378069266152	0.116773980502111	0.604347921762944
PTGR3	0.668413667637587	0.263786070475147	0.656408536714037
CHCHD4	0.117053878322182	0.886199446130561	0.950412383560253
DHRSX	0.526441104319446	0.405866690075975	0.70143138784441
FAM241A	-0.113802766455507	0.743494601120471	0.896022681712374
GDPD1	1.84325650599873	0.0813586558296656	0.579360914478612
ACOT4	0.733191752930477	0.0672185030322972	0.556374262328053
XXYLT1	0.514199076200693	0.461882480171928	0.729379745698635
SUMF1	0.37705806940567	0.32028763677106	0.664751312949223
PCYOX1L	0.871671092816982	0.239056951543346	0.650816742143476
TMEM87A	1.93195948518002	0.0558568999266546	0.543858949330376
RDH13	1.01326058315469	0.276966532867819	0.656408536714037
TTC13	1.55453353876252	0.0724317333342496	0.56622212268795
UXS1	0.45476071612773	0.241854101891408	0.65170955321972
KCT2	-0.228006454870602	0.540982993620252	0.774206162539441
PLA2G15	1.33216739379671	0.0576024176428787	0.543858949330376
PDPR	0.665858315857395	0.304898839047582	0.65852725145186
KREMEN2	-0.066506909591272	0.855935099843159	0.941856620422602
DIPK2A	0.470115225486893	0.42516969640272	0.714283978662059
PDZD8	0.942820335216958	0.208209016279059	0.641739379360059
ABHD11	-0.366915307776626	0.619046668992499	0.823430331136055
GRPEL2	0.182907297428606	0.756868274383392	0.902117057661177
DNAJB14	0.625312703804227	0.29178870121287	0.656976021165371
NUP210	0.0462203143644331	0.940942619068301	0.977421345108788
USP33	0.622879291324082	0.353464259736522	0.673188749225467
ABHD3	0.0226936678553216	0.943292467255151	0.977421345108788
TSKU	1.15041497888985	0.0743496987876045	0.570964569388321
CHPT1	0.339098517486814	0.367023313962479	0.680120352310816
SLC38A5	0.880103914975635	0.17631382966904	0.634426957711783
THEM6	0.241539405221751	0.55838091249526	0.785691948141651
NUDT8	1.11835427038547	0.0475177606090079	0.543563375321491
DCAKD	0.326726942652826	0.498204223768008	0.755115807005289
FAR1	-0.124130273602464	0.790478299031792	0.915642981625276
SLC44A1	0.670143490773686	0.338343255721717	0.668936181579848
SELENOM	0.818572094526218	0.0578269877136242	0.543858949330376
BRI3BP	1.05892250923956	0.235859622878865	0.648573591406783
CHCHD10	0.0415421932732016	0.90316601149409	0.960657697139955
SNX19	0.730463668785465	0.181096383561973	0.638405277287363
TM9SF4	0.46990830445462	0.469649942912995	0.735212038476648
UBXN4	1.87429472246784	0.08479840372011	0.581536275984974
EDEM1	0.0121104677934625	0.972199356913467	0.989400791782798
NECTIN2	0.852801666082492	0.0948854058387707	0.592418138618621
GCDH	0.362340447660731	0.709441663812699	0.877368245498791
PIGT	1.58402144870882	0.184794345786457	0.638405277287363
GTPBP3	0.818353431141507	0.123132447726189	0.604347921762944
ISOC2	1.19480939885513	0.115695939373312	0.604347921762944
PNPLA2	-0.0471760740165585	0.94168596334713	0.977421345108788
TTC17	0.0381906483717778	0.907924697058286	0.960657697139955
ARL8A	1.05453042492129	0.0781446252137048	0.574612355288872
COA7	0.645057865909287	0.330427003476506	0.665508487700431
TIMCC	0.633464547396883	0.240644550367321	0.651507106353763
FAF2	-0.122916564688257	0.881878832170857	0.948376995860595
FAM241B	-0.326373070738072	0.540841979429753	0.774206162539441
RSPRY1	0.0118968215749717	0.970165920259844	0.987981551525755
ERLEC1	0.920563414355094	0.281347157035536	0.656534733404089
NUS1	0.854676477368585	0.172305008219001	0.632532103241673
C1GALT1C1	-0.221823259361262	0.633869607757287	0.831507073266762
MMAB	0.722272512289983	0.0648712587635254	0.547269612521822
ALG14	-0.145079155924428	0.740146210228821	0.894356926481652
CERS2	-0.555675722244693	0.267870053148223	0.656408536714037
REEP6	0.276900106940197	0.782522237214656	0.913238863452337
HPDL	0.808439985445339	0.202438062164349	0.641739379360059
TXNDC15	0.418210398755384	0.242838136946449	0.65170955321972
SLC35E1	-0.0239803059477524	0.974696214272503	0.989783627210368
DHRS1	0.701919796170742	0.27312524875218	0.656408536714037
TMEM68	0.801295469245215	0.137005710344452	0.614817367624663
MBOAT7	-0.498876798804233	0.350891011862741	0.671747102455315
MIA2	-0.208814599621473	0.586510521394876	0.801932986287193
TMEM237	0.402002219605862	0.562482314171596	0.787642334474968
VPS13A	0.695439636211262	0.117597765889012	0.604347921762944
CLCC1	0.797899805398728	0.246989544236553	0.653997672632632
CYP2S1	0.675438274668629	0.416072970801802	0.707560176246712
YME1L1	1.11492480084618	0.187642964954384	0.638405277287363
PAFAH2	0.835711462480614	0.144493455258388	0.620677643152565
SERPINI1	0.579091124067823	0.331156822905487	0.665674297109786
PKMYT1	-0.0421256118147113	0.921717679984602	0.966842106042262
OSMR	0.967419063311926	0.159877262761632	0.62568016865396
CGREF1	0.172092241592203	0.832326383087652	0.931832460581952
SIGMAR1	0.952861740323577	0.154656535953138	0.620677643152565
MIPEP	0.253378829696917	0.578954595442394	0.797675476585045
SLC29A1	0.471411459008351	0.324761943219188	0.664751312949223
CIB1	0.822063588137521	0.0513994466309425	0.543858949330376
RNF5	0.233113506539624	0.548798112817097	0.781386132029091
SEMA3C	-0.365245351805374	0.437085602021735	0.717631351501575
ADPGK	0.714869646398917	0.244807831466282	0.652417196084346
PRADC1	1.7466380187371	0.0171418953422755	0.448995344399328
CHCHD5	1.09316891866832	0.185181600903632	0.638405277287363
DESI2	-0.223547813748993	0.627809974613818	0.828946573623497
ALG1	0.0937738731115587	0.806411436869579	0.9227023547284
INPP5K	0.98974514554105	0.197803027046793	0.638405277287363
NDC1	0.165310970191459	0.63604652452898	0.833423970555435
FUCA2	0.57135204872797	0.240194652478383	0.651507106353763
DHRS4	1.16668914813569	0.339729888099077	0.668936181579848
LMF2	0.379881198347118	0.598985144157094	0.809016109819628
ISCA1	-0.0205427174918924	0.956594307839009	0.983672262662891
DERL1	0.228838290386673	0.539538080756082	0.773625630825347
ABHD6	0.606000758930364	0.409722987177783	0.703251645396765
EDEM2	0.594832615133729	0.439970130717966	0.71769838318384
TMEM109	1.38924476579252	0.0404493828764025	0.52305455305149
C1QTNF6	0.824152638088947	0.179169816026106	0.636804313133313
BCL2L13	0.315747470682631	0.744717978325269	0.896022681712374
TMEM59	-0.700887379516505	0.272670961523878	0.656408536714037
PECR	0.680209141371574	0.272339918111888	0.656408536714037
MRPL20	0.191574649493013	0.699889530101909	0.870740475361296
MRPL37	1.46469457430699	0.285869099240761	0.656976021165371
EDEM3	0.594956290090771	0.188767409932916	0.638405277287363
SELENOI	0.0793152489954281	0.841855216997815	0.935866143482722
LNPK	0.667084371638943	0.307598413669044	0.65852725145186
TTYH3	0.228395783480082	0.764964050139486	0.903721626903509
SLIRP	0.563879741585801	0.411405624470826	0.703536163368547
SLC22A4	0.32119487044843	0.499388287617739	0.755695518702446
UNC93B1	-1.61322138302175	0.00104041378532968	0.145311125351045
TMX4	0.512934345989112	0.48413091952285	0.746690264834629
SLC38A1	0.00678661069352771	0.989358101935271	0.995117632050451
SPNS1	0.0360863560888625	0.916773149254089	0.965415120311972
MRPL46	-0.780797233871304	0.351282229128051	0.671747102455315
SNX25	1.23591488901306	0.178513204853383	0.636269655484034
TOR3A	0.715578160829864	0.243072282098179	0.65170955321972
TRABD	1.55981825451699	0.0823219967223766	0.579360914478612
ALG2	0.125001866267841	0.764408950423784	0.903632022585608
POMK	0.698658024561222	0.449932901524779	0.72085062490642
RETREG1	0.269196974163229	0.505374929178254	0.757749403096686
NAA60	1.24346053874776	0.00432033820044252	0.271377181290572
ACAD9	0.439252794280485	0.290569487945879	0.656976021165371
MRPL44	0.171687293779986	0.792051818101737	0.915642981625276
SIAE	0.82087194910391	0.284248768277869	0.656976021165371
ZFYVE1	1.71995095708449	0.0244736731382318	0.479806284906997
RDH14	0.310709088436873	0.466929804537346	0.733052578230779
GBA2	0.599343365496246	0.368928833428109	0.681228092433992
SDF2L1	0.634435640406906	0.408306254095317	0.702693073453679
PREB	0.189972454815624	0.781832303580731	0.913238863452337
TXNRD2	0.797965806212662	0.168039989081361	0.632228373587721
ABCB6	0.196676385515644	0.729514314264607	0.888487979369583
ALG13	0.302209699009854	0.446463847933965	0.720059926841015
PNPLA8	0.120213121709554	0.878267234384057	0.948166544764466
SARS2	-0.455192665801299	0.633519601718005	0.831507073266762
CD320	1.05530207156636	0.0930432293277886	0.592418138618621
ACP6	0.802820825457111	0.0461165699289612	0.541378878529179
GPR108	0.308751042836427	0.442861216997319	0.718292322278232
MIEF1	0.481078180802136	0.584726348365019	0.800073679130801
DUSP22	0.494809171578531	0.417831880058231	0.708503641499309
GLRX2	0.307698230559314	0.609688285650977	0.816164190695717
SACM1L	-0.719656361999526	0.276487812395203	0.656408536714037
TMEM106B	-0.0876758881627921	0.884731138496018	0.949806325984122
UFSP2	0.640085182498609	0.327574955646856	0.665508487700431
SPTLC3	1.81199255119996	0.0823605626721842	0.579360914478612
ATAD3A	-2.27132639029014	0.000751276177363604	0.128775566583552
FKBP14	0.873490309250897	0.175664318148115	0.63329841657413
MRPL22	-0.188644123497678	0.636248507493154	0.833423970555435
SDHAF2	0.214542506079837	0.492807490546307	0.750859412868737
P4HTM	0.810300871602042	0.128581608036113	0.607571670616153
TOR4A	0.941133262683103	0.0694338420794034	0.559476535216731
QPCTL	0.213306135036316	0.690196939820692	0.865270166244624
DNAJB12	0.499610159881339	0.32202471033284	0.664751312949223
SLC39A1	-0.0729338759814482	0.859072486862363	0.941856620422602
MTMR4	0.709751101440219	0.399135277008347	0.696836852238402
UGGT2	0.427558620191906	0.474148856568825	0.739766379032287
ERAP1	0.798868466029457	0.0769683174918525	0.573611710003509
PLA2G3	-0.872235123336491	0.0817440595791582	0.579360914478612
GDE1	0.16911459983411	0.599941457248668	0.80959445588748
C1RL	0.66680656775468	0.409186354577462	0.702980292989344
NDUFAF4	1.25394949030399	0.119781554826062	0.604347921762944
PDP1	0.0451255108011779	0.929818063574587	0.969730929952541
TMEM14C	-0.150865096612094	0.777971523542031	0.911379501484
CHPF2	0.465987452773344	0.571392008013494	0.793050887824397
TXNDC16	1.01826521742121	0.0682314173250896	0.556927867387257
STX18	0.349999724302076	0.33743205650622	0.668936181579848
MRC2	1.30373767387001	0.0718577124517704	0.565973283477759
DNAJB9	0.248544746986852	0.518550563659443	0.76236030236248
FBLN5	0.186452025160811	0.663638180629194	0.849059675735048
EGFL7	0.798393085445181	0.130843070403395	0.608948890339362
AMACR	0.595782366430413	0.241061289912483	0.651507106353763
ADGRE2	0.69785065992702	0.085671838966646	0.581536275984974
RABAC1	1.03323622601754	0.142185199083033	0.617034746025468
CPA4	-0.0560847759203256	0.903108253937382	0.960657697139955
AK3	1.78573891717924	0.0563443181955417	0.543858949330376
PLXNA1	0.0730598745941222	0.841478252461704	0.935866143482722
HACL1	0.439624654360223	0.256971453008312	0.656408536714037
STOML2	-1.45299117667397	0.259057663163798	0.656408536714037
CROT	0.378944174065708	0.481842700878761	0.744578169391711
CES1P1	1.39936560429779	0.0642256663761323	0.546631960681267
RAB23	0.732915646748424	0.149072216629758	0.620677643152565
ICAM5	-0.223629977464821	0.50888819648749	0.757905761830302
PPT2	0.373862878865665	0.334028666810104	0.666546113454973
NFU1	0.468480737106606	0.19429789924937	0.638405277287363
HPSE	0.456576361973521	0.353372623623955	0.673188749225467
PRELID1	0.891086241989186	0.207849233026682	0.641739379360059
SLC5A6	-0.0629751682326543	0.871436404445156	0.944312496923368
MAN2B2	-0.863734899316206	0.206921861653188	0.641739379360059
POFUT2	0.945848546193812	0.160006491355757	0.62568016865396
YARS2	0.810830543288056	0.119713356068888	0.604347921762944
DHRS7	0.412648686448151	0.618519853524796	0.823310401567952
PRELID3B	0.615095244088049	0.234576181666675	0.648573591406783
MRPL11	0.430753911606963	0.487609998092793	0.747484609565204
LOXL2	0.540588903383018	0.459954007769147	0.727553088631482
TIMM10B	-0.164263893235418	0.782227359776705	0.913238863452337
TIMM8B	-0.24512148829912	0.742888385541247	0.895598498042213
TIMM13	0.209054436085033	0.76071188914514	0.903333519495389
FADS3	0.434566104829827	0.361788556796546	0.676402899196716
IER3IP1	1.04268625238155	0.0861570008692665	0.581536275984974
SNX14	1.26918698940037	0.145153688773669	0.620677643152565
SNX13	1.21323249219912	0.162225267628082	0.626168591414095
AUP1	0.953261462054659	0.13151041858983	0.608948890339362
FKBP7	0.439387787504604	0.371562955909374	0.68316133921709
MTCH2	-1.30540618299962	0.0416568987309098	0.526110942635716
TEX264	0.786735765230354	0.475467194017501	0.740416665093973
SLC4A7	0.492314411885189	0.551742385311795	0.782181420451481
COX11	1.02840271267251	0.0705207458896457	0.56472149209265
LAMC3	1.07033454804616	0.0711077921258111	0.565973283477759
MMP24OS	1.3942355336328	0.00813200732168218	0.365247283301896
PDHX	0.244578398208542	0.487391266779948	0.747484609565204
ADAM10	-0.101776050408208	0.78157539941115	0.913238863452337
CLGN	0.268733493670759	0.476721626435836	0.741632530234958
LRP5	0.0762377174544646	0.898022534406733	0.957975382531199
CFB	0.480778089510409	0.560312078707319	0.787360782549839
ICAM1	1.44961096179257	0.00298975236664561	0.234882420304595
PROS1	0.974937620649865	0.244289366404661	0.652417196084346
YES1	0.864432192832759	0.110829956722127	0.602215030741867
STS	2.19179436656098	0.0285686727765823	0.486851367121788
C4A	0.247552834444182	0.535074351458388	0.772546278237635
RAP2A	0.831635301183479	0.169457478049978	0.632228373587721
COX6B1	0.778256707501448	0.175168956716326	0.633101978588867
NT5E	1.01707791406064	0.0196106957271011	0.448995344399328
FECH	0.800097845534353	0.345980325382034	0.668936181579848
GCSH	0.625825318743139	0.144581826407953	0.620677643152565
CTNNA2	-1.04573882671367	0.0521980391594074	0.543858949330376
PTPRM	0.209820047990327	0.556084807665122	0.784803820997446
AXL	-0.242168037377802	0.567760887075637	0.792092602723724
BMP8A	3.03526841472769	2.44939491073871e-05	0.0256945351947373
IDUA	-1.85887399058544	0.0586118705637644	0.543858949330376
KRT2	2.16000300081729	0.00930052575122095	0.373654056348405
COL15A1	0.258020294556331	0.443210449032853	0.718362207329991
GLIPR1	-0.00450685295635367	0.990208526065799	0.995117632050451
IDH3G	-0.195546971992322	0.654964747300455	0.846159676231798
SLC35A2	1.19380426822968	0.189742717933374	0.638405277287363
CTBS	-0.27098076772695	0.553102413678203	0.782786376132427
ROR2	-0.322202413420939	0.425366926440483	0.714283978662059
BCL2L1	0.559560091030821	0.134784474662267	0.614817367624663
SEMA3B	0.782762904412905	0.355959850425739	0.675216972564581
NFE2L1	-0.085071905336509	0.842056172059633	0.935866143482722
FXN	-1.02234072068985	0.313040762554821	0.660744963479306
SLC27A3	1.33477282620936	0.227284122553071	0.647073334812313
CD276	-0.739447668924289	0.23333491074914	0.648573591406783
REEP3	-0.083394138353782	0.843557874849996	0.937258911626203
GOLM2	0.0695868768871506	0.834544465893225	0.932740717511367
LRP10	1.08277943638527	0.0507552344819761	0.543858949330376
SLITRK4	0.715105948875831	0.242875311116693	0.65170955321972
KIAA2013	0.238004702284996	0.658439177678117	0.847378802172281
GLMP	0.232780430792964	0.59049085280343	0.80358751567006
MAIP1	-0.110419451902274	0.778314584187485	0.911498228872984
MRPS27	-1.58069879797539	0.0320098752481855	0.488701374740517
RAB8B	0.868247628624005	0.062496564452097	0.546631960681267
YIPF6	0.384501150571612	0.257388050332703	0.656408536714037
SLC49A4	0.734209758920478	0.189523848897445	0.638405277287363
AGMAT	1.02916861623552	0.0229619323066916	0.469162209389149
NDUFAF3	-1.56818284488107	0.0122581812718211	0.405487733123135
CNTNAP3	0.0318657254559014	0.978568472347956	0.992066199602806
MCOLN1	0.642782925702114	0.308042270005974	0.65852725145186
CHST12	-0.1488191093582	0.757214789997064	0.902117057661177
OTULINL	0.0869695752800794	0.815456903374421	0.925952418736809
SUCLA2	0.514281725824517	0.325431176701931	0.664751312949223
EXTL2	2.6271043182661	0.00379526206318659	0.260480058863828
NOCT	0.265439811631282	0.67543805432663	0.856736260634282
NFS1	-0.438672824876459	0.245025766762171	0.652536840720442
NBAS	0.631140794204303	0.213795647004222	0.642919729185953
ECEL1	1.02660247921225	0.152888026341893	0.620677643152565
COX5B	-0.0694157474172989	0.871871914234174	0.944312496923368
SDC4	1.65695324291759	0.0809686055123839	0.579360914478612
TGFBR1	0.0315765653529851	0.944332409158545	0.977421345108788
COL4A4	-0.834188290347065	0.0826405034827735	0.579360914478612
EPHA5	2.15747613592132	0.00355996985600404	0.258166275519062
TCIRG1	0.0573190492849918	0.905095986301778	0.960657697139955
LARS2	-0.391188797179041	0.255349402973334	0.656408536714037
GOLGA7	-1.72515490650265	0.0044663423528459	0.271654467944869
CMC1	-0.0304648219185069	0.945394515321998	0.977519269710555
PNPLA6	-0.266607394537044	0.696568968926366	0.868925432292864
ORMDL1	-0.517483459686467	0.264084943061527	0.656408536714037
SLC39A11	1.62023788327608	0.107571312270951	0.602215030741867
SCFD2	-0.312309516354361	0.757385999616889	0.902117057661177
CANT1	-0.406426711131662	0.302140116107463	0.656976021165371
CLEC2B	0.550235501879371	0.343910954928695	0.668936181579848
SLC7A6	-1.1302320370981	0.242385155086524	0.65170955321972
BSCL2	1.47217552669115	0.0083876301132663	0.372114743025026
FMC1	0.781834174959716	0.0450533124289808	0.53092512865527
SEC62	-0.520098248341085	0.487427743727982	0.747484609565204
ZDHHC5	-0.428131326849496	0.384549537154484	0.686292619313564
CFD	1.1547114909624	0.0521873617344117	0.543858949330376
IGFBP6	0.240524483220561	0.631520343280548	0.83056941998729
STX17	-0.592451157164948	0.126328169470492	0.607571670616153
LTBP4	0.324554779235147	0.375264842644087	0.685036718320625
LDAF1	0.165866674213891	0.677136574080504	0.857736654638085
CADM1	0.32348277438118	0.388522378549135	0.689791850051219
RASSF1	-0.41544850600344	0.323281954206366	0.664751312949223
TPST1	1.26543066275557	0.0585108547523904	0.543858949330376
KRT5	0.0101725874821454	0.990385446213023	0.995117632050451
TMEM132A	-1.14696418095167	0.0666517653825924	0.553620720832061
TMEM179B	0.424516035539934	0.411062536155633	0.703319793032165
CCNY	-0.149197195326881	0.756439302319187	0.902117057661177
SCAMP4	1.21420194358686	0.00407539736753271	0.260480058863828
S100PBP	1.07576478058615	0.0430723885720656	0.526110942635716
NPTN	0.0215281710631245	0.957718499346739	0.984075329982712
MCL1	-0.53882000999981	0.229008570877714	0.647073334812313
H3-7	-2.22871123937362	0.000958826748122311	0.142100743635878
KRT31	4.4467385976012	0.0140598036616299	0.425382885829998
GNAT3	0.158246525204781	0.733607658520369	0.890692931484135
FHL2	0.566507969462236	0.507560358877729	0.757905761830302
NXPH4	-0.397419917359816	0.268880144641683	0.656408536714037
BMP5	0.967448633827328	0.0222766310309202	0.469162209389149
PTX3	1.44782994221971	0.0323061055278375	0.489262345162552
GSC	2.6630608630391	2.99294309761359e-05	0.0256945351947373
WDFY2	1.50785187914786	0.0316612178454041	0.488154032211346
GNPTG	1.03497186382257	0.0297292239291794	0.487350108810577
BORCS7	1.93589021401987	0.0753592748954991	0.570964569388321
PNPLA3	-1.01817821376642	0.0100418896370483	0.378679658213093
