gene	logFC	P_Value	BH
RBM47	-0.125925160114335	0.565974485230656	0.87086847290289
CNOT1	-0.13910889022825	0.758533128850015	0.935967091028556
MAP1LC3B	0.572455612489321	0.0357108511302271	0.544908015858552
SAC3D1	0.395826702655572	0.257518860767514	0.730112601555198
RTL8C	-0.717084863839421	0.153053156502854	0.664183638233793
SNRPG	0.128924173889221	0.673113896520704	0.901901289318448
EIF3C	-0.108264107672753	0.764774073614822	0.93727582951644
NACA	0.851961723031394	0.528048172314116	0.859394479845969
RSMC	0.176250521483933	0.516048827182248	0.852566929853253
ASDURF	0.178618394114686	0.603693110496819	0.885734576811771
KIF2A	0.0476134232583831	0.856413917387433	0.967374495611954
DDX39A	-1.17544672495578	0.451517775689493	0.819927569696182
MYO1C	-0.773081234350315	0.238120932223335	0.72322398733865
GTPBP1	-0.229996538591443	0.627516921499313	0.890282224413952
STXBP3	0.366504681353053	0.399511287497365	0.794188708197047
SMAP	-1.0699508158485	0.0224237195350401	0.536410460399203
AP3B1	0.291380421848256	0.441106458526712	0.817229277968252
PSMD11	-0.346221472431299	0.365461279822235	0.774107934510268
PSMD12	0.43209302826811	0.1940169260692	0.695883573589626
SUPT5H	-0.0359664570760891	0.881281200371905	0.975010770580001
CLIC1	-1.07161152689696	0.31216514879635	0.747518453062553
EIF3F	-0.574012948742642	0.202575742848281	0.706172434104839
IPO5	-0.678619924642732	0.372773167687151	0.777573611336547
IGF2BP3	-0.392387958480864	0.211497063754275	0.706172434104839
PIK3C2A	0.26523238106077	0.671291496386481	0.901866220336891
IFRD1	-0.328588922173608	0.263951021828399	0.730555961204825
EXOC5	-0.876270177570301	0.0982366331425464	0.631287107366986
PSMD14	-0.29077986406633	0.427680668441551	0.809764582498415
ZNF593	-0.462889019006113	0.0938037269902636	0.62254515005995
KPNA3	-0.0610054177705592	0.89622593425175	0.977237829388775
SDCBP	0.0899317348293813	0.788867610417609	0.947761801695389
DDX3X	-0.321164000445577	0.259173773674163	0.730555961204825
KPNA4	-0.178747115658034	0.578706593653536	0.876214022567615
NFIB	0.634788343429932	0.130827475883403	0.658184043156775
PPP6C	-0.132336514245928	0.828705321565333	0.958081257843465
SCD	0.222244530861193	0.42853652945615	0.809951434981536
COPE	-0.388329886020315	0.465684916863443	0.826521251089634
RFXANK	-0.0881589135574572	0.894589533624303	0.976984551839254
EIF1AX	-0.449209075872179	0.494876051581499	0.839736681593536
AP3D1	-0.157190236319774	0.622251809845345	0.890251101574413
ABLIM1	0.302464453335485	0.391538850499467	0.788835625270984
CHD1	0.000195459043961677	0.999446911048539	0.999927387557434
GOSR2	0.0370751790329678	0.853343621829541	0.964758659987657
PRMT5	-0.133227028452762	0.739612476525364	0.927307130080082
NHERF1	-0.528399700514331	0.559402124239342	0.869484647978604
TCERG1	-0.130248495841052	0.761896715158284	0.937081884381744
NDC80	-0.0341301313343862	0.933555395925883	0.981974614529695
POLR3A	0.0312072283634421	0.904394575655339	0.978873663296002
PSMA7	-0.58432991751021	0.114216525989592	0.654251340141825
GEMIN2	0.144241144508648	0.592149996566822	0.881954911029771
GIPC1	-0.223936298452756	0.47192879551635	0.829038958999018
MYL12A	-0.98183829317075	0.057348059162188	0.585150828279326
AURKA	0.27203137126488	0.300451183037646	0.741341669201813
PPP1R12A	-0.264704778526749	0.249213483946546	0.726689592464322
GAK	0.386162941579833	0.345086816443346	0.766711076627086
HNRNPDL	-0.322221593601945	0.567883983932859	0.87086847290289
XPO1	0.0685725850216912	0.873734226118424	0.973183650229464
BTAF1	0.282803839528555	0.35589605032226	0.769908781783735
SPTBN2	-0.385983504375098	0.489084017233113	0.836163384663457
SEC16A	-0.484274290119934	0.301611286906405	0.741341669201813
PFAS	-0.545918500730654	0.471912901969464	0.829038958999018
ARPC1B	-0.292737508270164	0.526668428131693	0.859368755904632
ARPC2	-0.571249003930085	0.224161650344115	0.711939302484034
ARPC3	0.520549368927114	0.126243348887686	0.657056809161496
ZBTB7B	-0.623178706250009	0.129721420111121	0.658184043156775
POLR1C	0.603511204245436	0.0563077663288156	0.585150828279326
TRIM24	0.02339358470919	0.941745739014482	0.984325792830293
PFDN6	-1.6131945319364	0.000926847940858221	0.156538206331495
OGT	-0.0507551138359545	0.826622057685412	0.956826256270742
POLR3G	0.0112321550307612	0.965034245125372	0.994471475672639
MID1	-0.8053848331297	0.206421681789671	0.706172434104839
HMGB3	-1.56877715081578	0.117332452164422	0.654251340141825
PPM1G	-0.474569994690743	0.611285474096138	0.886845449452339
FANCA	0.807043683318412	0.0552704773981642	0.585150828279326
EIF3D	-0.271585841418251	0.584317405641008	0.877963794766513
EIF3H	-0.208077427456871	0.652581733743239	0.894952624818918
SLC16A3	0.726546194779434	0.116933824199909	0.654251340141825
MAGEB2	-0.701447768245757	0.0571107213458437	0.585150828279326
RNF113A	-1.45642340925614	0.0588274571955517	0.586135391693861
DHX15	0.129647852631109	0.627834613935194	0.890282224413952
RNMT	-0.187431473670955	0.510175883830372	0.849038911224862
PRPF4	0.295263340487487	0.352871640068974	0.769908781783735
PHGDH	-1.25034354721948	0.160804150843393	0.667901315818292
DYNC1LI2	-0.0742397595246054	0.873508745930749	0.973183650229464
PSMD3	0.225679042267338	0.641131967192782	0.894952624818918
ZW10	0.707582033088443	0.263426614223683	0.730555961204825
PPIP5K2	-0.311625629743499	0.543463121739483	0.862498056802969
EEF1E1	0.119863490531781	0.645087038990617	0.894952624818918
HNRNPR	0.28545540778191	0.24900004722885	0.726689592464322
TXNL1	-1.28201305562652	0.0212283034938683	0.536410460399203
FIBP	0.0404999419286725	0.952375421568998	0.988450248143582
EIF4G3	-0.383200962264272	0.277561274926518	0.733787078303325
PPIH	0.110279349208387	0.740112772636333	0.927359050718308
EPB41L2	0.38994345180474	0.494768524063882	0.839736681593536
DENR	-1.40355153278223	0.209427775806359	0.706172434104839
ZNF207	0.249226040427864	0.424839122992548	0.80837444236082
BUB3	-0.287508497125764	0.244328318444831	0.726689592464322
ACTN4	-0.621173402182666	0.246037373803328	0.726689592464322
BUD23	-0.0712430912313309	0.820172170661149	0.954926372467067
HTATSF1	0.0691464933529247	0.841561311310373	0.963096472475873
AP1G1	0.438300989260377	0.45377095813359	0.819927569696182
NARS1	-0.966683640340435	0.158607959910074	0.667901315818292
MYO1B	0.406842697978991	0.227951445733407	0.715932644547107
NUDT21	-0.0247930049146632	0.930887652665492	0.981974614529695
STRN	-0.125499403738324	0.727502422972114	0.920947496683888
RRP9	-0.149333321947886	0.60886485508732	0.886845449452339
AKAP8	0.117329951648692	0.757787420527341	0.935967091028556
CALU	-0.162570506487452	0.833316066502393	0.959682223892556
AHCYL1	-0.493737919348952	0.511568580101507	0.849881798730784
ORC5	0.0705565434598299	0.805931672554218	0.950963375294496
PEX1	0.000189099368007817	0.999443482145119	0.999927387557434
DHX16	0.0245628617033375	0.927620362737274	0.981974614529695
PCDH7	0.490900364862501	0.149405235279563	0.664183638233793
SMARCA5	0.143078404385655	0.531466076780367	0.859910841748065
AQR	-0.162459779745184	0.463538959777671	0.826161714205696
KIF1B	-0.092894247280821	0.794595203344763	0.949132411695925
KDM1A	-0.12723154231044	0.634018176395385	0.891567378088297
ACSL4	-1.26281053582899	0.14485705650891	0.664183638233793
SYNCRIP	-0.183772857554096	0.382142581709633	0.781812769833681
NEMF	0.44440352736266	0.556370287395925	0.868635092572555
PLOD3	0.00852206884886542	0.971486561456407	0.995679233963677
EIF4E2	-0.441333151811655	0.224596115812802	0.711939302484034
DIAPH1	-0.277996632804232	0.775073607560897	0.94065362939321
PLIN3	-2.66646446619988	0.000417323039429256	0.0870992650468874
KPNA6	-0.369548963364558	0.135997808199731	0.658184043156775
CTNND1	-0.0832561518083459	0.751370943443498	0.933071848186876
EIF1	-0.841546057194137	0.143897767984047	0.664183638233793
DKC1	0.217789706381396	0.421373751681225	0.806009389005266
EIF5B	-0.480270877491062	0.244613983826493	0.726689592464322
EDF1	-0.604413252740336	0.333655639280291	0.764086962479424
DNAJA2	-0.50739762211062	0.161386793456121	0.667901315818292
SRGAP2	0.537848351207622	0.317063582244197	0.751703276569061
WDR1	-0.516503176298155	0.218185998042942	0.71117665025111
CLASP2	-0.330712914772938	0.760983660822126	0.937081884381744
COBL	-0.236174869739948	0.354565006196221	0.769908781783735
CLUH	-0.77831570624911	0.0557274923050131	0.585150828279326
CNOT3	-0.0342722085658735	0.908595659958101	0.979050680216444
ANKRD17	-0.628615615437869	0.143486302383717	0.664183638233793
DNAJB6	0.416792593039791	0.646662964252601	0.894952624818918
HMMR	-0.823463940144091	0.0786385839738434	0.610579710822461
PDCD6	-1.43454517872198	0.10707666474107	0.649022510169007
FLNB	-0.595679185431241	0.322410813807625	0.756895888473714
NCOR1	-1.38245113217888	0.165372027607174	0.671999044386781
CS	-1.16997181735734	0.0524386426030455	0.585150828279326
SEC22B	0.307947187867466	0.210079977287492	0.706172434104839
VPS26A	-0.925483865587392	0.303666857521201	0.742899276435795
PSIP1	-0.503135261433719	0.106372717307394	0.648828236242046
BANF1	0.328049494351987	0.272297584032237	0.733787078303325
SF3B1	0.390762588879948	0.269596545639819	0.733787078303325
CSDE1	-0.911499710101815	0.148317334703546	0.664183638233793
PRKRA	0.863463154827564	0.00801606422081441	0.389235725962583
MYCBP2	-0.50025611628282	0.375787897040354	0.779487845830697
NPM3	-0.297674383483475	0.205796668609562	0.706172434104839
SNRNP200	0.27748216130728	0.323104142757567	0.75713347075017
OFD1	0.612474535600381	0.371374561438236	0.775499628566725
RPS6KA4	-1.620582953869	0.0774890935991531	0.608197070131679
NUP155	0.459487634728934	0.108124046016594	0.649022510169007
WDHD1	-0.3827750154326	0.4972396800759	0.841381302501612
CDC123	-1.0738235861118	0.0740561939111373	0.60496771631919
POP7	0.0457743110933997	0.835714803651771	0.961517421585463
RPP40	0.421236396713937	0.134941025007312	0.658184043156775
EIF3G	-0.479625874972836	0.210104199008601	0.706172434104839
EIF3J	-0.876168957029535	0.277376148679596	0.733787078303325
BCAS2	0.123503014222067	0.627025456774953	0.890282224413952
DCTN3	-0.167453125329409	0.55319627366879	0.866500982357484
DNAJC8	-1.08256383353048	0.364464758123586	0.773706038827934
TRIO	-0.284317585041933	0.28236430494177	0.736523168857702
MPDZ	-0.190154383544883	0.701079012902444	0.914401263885556
SRP72	-0.15423756454091	0.590889840664836	0.881494506026725
RECQL4	0.0218319492165975	0.954553399713285	0.990174916522488
URI1	-0.679540097660656	0.0229854609570185	0.536410460399203
MTA2	0.224935509602595	0.475908302036264	0.83010039887325
TOMM70	0.0831614927039119	0.801044981293728	0.950963375294496
SEC24D	-0.794370633635264	0.101446214055996	0.636990946918877
UBXN7	-0.812213990694129	0.00958968133269695	0.39134061268325
USP19	-0.678731686944616	0.121186955201059	0.654306321756562
AP2A2	-0.212333062835754	0.433427943931438	0.811864043710498
SEC31A	-0.388015119737897	0.519619884904265	0.853672501283119
HEXIM1	-0.52260995070343	0.0882181931703584	0.62065828748736
CCNB2	0.292692481220918	0.543923975334865	0.862498056802969
UBR5	0.0153772944196433	0.95654089630184	0.990659418102952
ELP1	-0.631241910688157	0.41860791746447	0.804498983664181
ZRANB2	-2.62522677081832	9.6041799756903e-05	0.0334923948970436
LUC7L3	0.077550773979457	0.733825643811443	0.924317711764076
KIF4A	-0.454378954942172	0.194239793008751	0.695883573589626
SMC2	-0.29681791720181	0.284267706768832	0.736523168857702
IPO7	-0.491080381391932	0.264046588188957	0.730555961204825
BAG4	-0.708531444932419	0.333239424826028	0.764086962479424
AHSA1	-1.83462779709762	0.116279568583595	0.654251340141825
PARN	-0.0719652819851468	0.7342012689638	0.924317711764076
SEC24A	0.17076469902057	0.796391137477151	0.94992425477685
POLR1A	-0.242698123646594	0.455277821546629	0.819927569696182
EYA4	-0.369384687095394	0.189971239008536	0.694399720414324
CEP43	-0.376061834372557	0.341270533424609	0.765674262222474
HERC2	-0.0587603482822558	0.809407492592733	0.952419368584578
LDOC1	0.739932509596454	0.0932437949966362	0.62254515005995
HSPA4L	-0.354999700883209	0.245487760714921	0.726689592464322
PTBP3	-0.0183919837816546	0.928949708105519	0.981974614529695
LSM8	0.093238435471271	0.718775660531917	0.920210735371843
AP2A1	0.37377093451353	0.238696846732439	0.723787157198273
STAU1	-0.804724024536711	0.146899355723406	0.664183638233793
BAG2	0.398761884085552	0.362282893650735	0.771483848992319
BAG3	-2.18317806407255	0.00137864046763747	0.16864737314086
ECD	-0.511051089220729	0.0389454309133103	0.557292777268572
ZBED1	-0.508781554039967	0.264444276408573	0.730555961204825
ACTL6A	-0.184895033446153	0.495130911306582	0.839736681593536
LDHA	-1.41129761590911	0.292821061804511	0.741341669201813
GSR	0.206582255661552	0.782253277912832	0.942869871910288
PGK1	-2.76802378108859	0.030030141231981	0.543642649956469
ASS1	-2.2311215246733	0.0156986143947752	0.477935593796489
LMNA	0.135311048833199	0.596962434094229	0.884815493035545
TFRC	-0.0420524275569818	0.956754913030614	0.990659418102952
CAT	-0.758442749922668	0.345913231543734	0.766711076627086
ALDOA	-1.5182751436592	0.144676382528024	0.664183638233793
ANXA1	-4.06846649871147	0.00143048415351599	0.16864737314086
KRT1	1.00270369999937	0.036077158435187	0.544908015858552
GAPDH	-1.67599582316646	0.0899611655530181	0.62254515005995
HLA-A	0.196335807493035	0.640352366357065	0.894952624818918
HSPB1	-1.218532348928	0.0937056412320837	0.62254515005995
GNAI2	-0.69252049027433	0.312212722766073	0.747518453062553
ATP1A1	-0.235673975653917	0.527911280358617	0.859394479845969
ATP1B1	0.867188763470566	0.00634474299126097	0.336894663880222
ALPL	-0.661803819770807	0.0442547270506897	0.579137921798082
EIF2S1	-0.529979764631157	0.195719865015201	0.695883573589626
RPLP1	-0.51288192303906	0.232995189030659	0.720631294338641
RPLP2	-0.821720645006124	0.0811902885848211	0.610579710822461
RPLP0	-0.10615569454869	0.696098365983201	0.912276505606956
SSB	-0.12897474677127	0.687091450400384	0.906355847226917
ITGB1	-0.250432889397935	0.588081665690763	0.879828888295541
KRT18	0.163372534890318	0.606833586683155	0.886786148006317
KRT8	0.504408010979144	0.181525880700044	0.687835724919822
CDK1	-1.91627284784199	0.00955536158716507	0.39134061268325
ATP5F1B	-0.24765855663702	0.548718792135491	0.865608153751072
EIF4E	-1.36218380747235	0.00137531989240438	0.16864737314086
ENO1	-1.24166068646221	0.30709794172381	0.744954861226045
GPI	-1.50970376050267	0.316660155274374	0.751211104287261
POLB	-0.454657035267687	0.0760046259557951	0.60496771631919
NPM1	-0.218415292588787	0.435484795271875	0.81369687026932
TPM3	-1.7267500122459	0.0922132306862062	0.62254515005995
ITGAV	-0.0204069307496475	0.976979805573682	0.995679233963677
LDHB	-0.544729056943282	0.359031418041871	0.770035911997498
P4HB	0.0863795418286699	0.770954582007118	0.939368641125166
CTSD	-0.757647167215207	0.255242093704757	0.726689592464322
ANXA2	-0.25357673183267	0.649705646698226	0.894952624818918
TUBB	-0.244070354197987	0.787227446934389	0.947538276259905
PFN1	-1.9283003402703	0.250233639873827	0.726689592464322
EPRS1	0.0739381729092443	0.731344840735217	0.923145379750013
CTSB	-0.232071293137309	0.587966465197818	0.879828888295541
HSP90AA1	-1.20445393137486	0.120228524535634	0.654306321756562
HNRNPC	0.28701511489486	0.424270101860838	0.807692362649218
TPM2	-0.0908127128905498	0.802396239924496	0.950963375294496
FH	-0.515953397463285	0.336715033661595	0.764086962479424
ERCC1	0.441038939183375	0.486064423438981	0.834247484703325
SP1	-0.216367069117979	0.647877001921912	0.894952624818918
SLC3A2	0.0888953786558204	0.852743658289302	0.964529142995697
PFKM	0.363553928019375	0.601629008865245	0.885668792969396
HSP90AB1	-0.664590705177464	0.354043931883627	0.769908781783735
SNRNP70	-0.192746899890068	0.40117471119589	0.794511261695998
NFIC	0.0767719332598737	0.710857403861061	0.915972119990269
VIM	0.809802331627694	0.0993281715765145	0.632928349115464
RPS17	-0.287533915552878	0.462193846689589	0.825023543927996
KRT7	0.497360024083434	0.0506925375026249	0.585150828279326
RPSA	-0.497997343543979	0.0913533544552073	0.62254515005995
SNRPA	-0.448066612854834	0.0715892109021366	0.60496771631919
HMGB1	-1.83989325836177	0.0947963465220696	0.627373130956263
TPM1	-2.57850689798684	0.0121853732699226	0.429501524705708
CLTB	-0.303291473864277	0.480810275385782	0.830658908597247
CNP	0.231844181676351	0.293951808368101	0.741341669201813
HNRNPA1	0.117027217712192	0.798355762459407	0.950326751899144
SNRPA1	-0.505535161878452	0.128718185201916	0.657056809161496
PARP1	-0.258755419358344	0.445153992370786	0.818203179186967
POLA1	-0.544700245801867	0.312852256382761	0.747518453062553
ALPI	-0.110835143966433	0.762039064767301	0.937081884381744
H2AZ1	0.381295117574822	0.299052495698969	0.741341669201813
FBXO45	-0.240670584731397	0.712771411564479	0.916898435533649
HSPA1A	-0.680182101047841	0.229592533076668	0.716612658162815
CALM1	-0.175454978524861	0.608552140218555	0.886845449452339
POLR1D	-0.224470281991543	0.380780092190767	0.779857145565286
RO60	-0.505316669682585	0.52561078965664	0.859072428258574
H1-4	-0.358013191367334	0.27662981791185	0.733787078303325
PTPRF	-0.0465624591695644	0.881996222560826	0.975010770580001
TXN	0.126144042273182	0.766393327034325	0.93788513587247
PRKAR1A	-0.503044788146596	0.514734002309081	0.851638396776374
HSPD1	-0.368614554585676	0.151453245641146	0.664183638233793
CLU	-0.136993418876486	0.763997951760945	0.937085157459771
HSPA5	-0.0293128879068583	0.916252380033647	0.980682075070157
HSPA8	-0.418687887790409	0.162401067516558	0.667901315818292
SLC2A1	0.0718834187312041	0.868473029074539	0.972122130005816
EPB41	-0.352891350315524	0.339658206157026	0.764181160597273
TOP2A	0.199435923624968	0.549360566905639	0.865608153751072
DMD	0.644542708849194	0.0564061233247306	0.585150828279326
MTHFD1	-1.11338969387949	0.108659811389904	0.649022510169007
PABPC1	-0.230697982618899	0.427383327998542	0.809602958704041
PCNA	-0.552686258606904	0.224004345024428	0.711939302484034
HARS1	-0.389417016408935	0.582179180629416	0.876811675262835
IMPDH2	-0.789055895458596	0.0272808652763224	0.543642649956469
TPR	-0.106131871935716	0.76460208719746	0.93727582951644
CKB	-0.952490429096233	0.353803780554406	0.769908781783735
ACTN1	-0.2261366419872	0.374467020972183	0.779411553146659
XRCC6	0.0427961327756563	0.871774106110986	0.972983924423535
XRCC5	0.171724615839445	0.446214523542247	0.818203179186967
UNG	-0.0667508863825219	0.90712903761619	0.978873663296002
LAMP2	-0.997103407216709	0.125354729728594	0.657056809161496
EEF2	-0.265943632594993	0.7574769830675	0.935967091028556
KRT10	-1.28962234303336	0.126980611584381	0.657056809161496
PDIA4	-0.0142858671881498	0.972027173237273	0.995679233963677
PLS3	-0.937071849624314	0.25312551275769	0.726689592464322
PRKAR2A	-0.521396632994954	0.175198344417876	0.685786787379843
GTF2F2	-0.855595740650877	0.136505992732262	0.658184043156775
PRKCSH	-2.3635570288575	0.00454803663884574	0.295699466891733
CPM	-0.806401220623766	0.353253486794521	0.769908781783735
PKM	-0.392037461484335	0.741991675852034	0.92839888303476
HSP90B1	-0.338359562778361	0.724469932674736	0.920210735371843
CCNB1	-0.958385416608209	0.00901566633447659	0.390203800937684
HNRNPL	-0.333343844651733	0.442722681863195	0.817915656908604
DARS1	0.0729188729755634	0.80570216500664	0.950963375294496
JUP	-0.421372630133156	0.327702162115639	0.760423681655222
ANPEP	-1.05130382594639	0.334183706476435	0.764086962479424
EZR	-1.81285844151795	0.0890882788434824	0.62065828748736
NME1	-1.31467200588008	0.120402376864473	0.654306321756562
NQO1	-0.648668759385046	0.414934939820008	0.799844436758567
RPS2	-0.220515274458606	0.449748086076878	0.819588436195203
DSP	-0.387430288569831	0.541790362871321	0.862010714215838
RPA2	-0.278999116447778	0.529938526900519	0.85955356836803
CD44	-0.000675409287413942	0.998785495566061	0.999927387557434
GCFC2	0.51881578006936	0.233895659766621	0.720631294338641
H1-5	-0.524107557399422	0.151580586392037	0.664183638233793
POR	-0.162818608491722	0.749375665291054	0.932102805465786
YBX3	-0.526614391628744	0.199848230577657	0.703468524992562
HSPA6	0.705696139219825	0.465833927230394	0.826521251089634
HMGA1	-0.329654346358506	0.207951934084639	0.706172434104839
JUND	-0.0515835664283451	0.844804062248069	0.963863159236945
PRKACA	-0.229660985211385	0.53658962883305	0.861159627132473
PTPN2	0.981969043731581	0.419889081264683	0.804872605952361
DDX5	0.151353626660161	0.601276206492307	0.885668792969396
PSMC3	-0.346013854963214	0.223183162775427	0.711939302484034
TCP1	-0.326793602033849	0.476613301569306	0.83010039887325
ERCC2	0.325936366095796	0.178981937302933	0.685888822671378
RPL35A	-0.283944752358735	0.274061992932505	0.733787078303325
ARF4	-0.712407333569224	0.478824270438121	0.83010039887325
RPL7	-0.069110246289501	0.812084900291964	0.953371557307271
NELFE	-0.313258385111659	0.529244889713331	0.85955356836803
RPL17	-0.202911655265353	0.675864643952239	0.901901289318448
PGAM1	-0.41935917289241	0.565813628124503	0.87086847290289
RCC1	-0.0559052034925571	0.813751050273721	0.953465642786592
NCL	0.0140747075533305	0.950678580705287	0.987368972253428
POLR2C	0.166981472760618	0.462171002711723	0.825023543927996
POLR2E	-0.432205470168029	0.0889332582189487	0.62065828748736
EIF2AK2	-0.467702383961342	0.272856343863826	0.733787078303325
CSNK2A2	-0.199809645758013	0.472063154080579	0.829038958999018
RXRA	-0.134726713736946	0.632339760957867	0.891567378088297
NFKB1	0.191994947905087	0.589184404992468	0.880835786241931
EIF2S2	-0.373957904141896	0.205477652719973	0.706172434104839
BTF3	-0.878898723733233	0.203264201978397	0.706172434104839
RAB5A	-1.40011493001688	0.0014288808648059	0.16864737314086
PSMB1	-0.755828328081616	0.0360338303092574	0.544908015858552
LMNB1	0.366246226922556	0.265543969992646	0.730555961204825
IMPDH1	-0.905039790534353	0.0931022325319933	0.62254515005995
CDK11B	-0.401322897860581	0.275331897706267	0.733787078303325
CSRP1	-1.02150454074337	0.36900997689278	0.775203872596223
FLNA	-0.923252446977241	0.15340721952811	0.664183638233793
NF1	0.250386445955932	0.388220324461249	0.785864466824988
ACO1	-1.5480510875852	0.0856768369073204	0.62065828748736
TGM2	0.336534917953578	0.709600527858959	0.915747301540201
OSBP	0.125198157951008	0.702169262382534	0.914401263885556
FBL	0.403223735608755	0.253346939260182	0.726689592464322
PAICS	-0.0257872028489601	0.983467714321121	0.99736128368056
UBA1	-1.06098747777504	0.15247124278854	0.664183638233793
HNRNPA2B1	0.287183184541462	0.341546750942142	0.765674262222474
RFX1	-0.0744070140738842	0.844428857323527	0.963863159236945
PRKACB	0.217949556793332	0.557298964288121	0.86942970081004
NR4A1	-0.647509518826283	0.11779823783932	0.654251340141825
TCEA1	-0.749457016622216	0.539566446972735	0.861159627132473
SFPQ	0.140787762236229	0.595587493774178	0.884815493035545
TUBG1	-4.52023515691939	0.00037612726775008	0.0870992650468874
PPIB	-0.0576856843605782	0.78285728415909	0.942869871910288
RPS3	-0.535197306902241	0.0880802059108774	0.62065828748736
SP100	0.687457660028674	0.0532590224510092	0.585150828279326
CFL1	-0.902188427334735	0.220850399281128	0.71117665025111
EIF4B	-1.5644772244425	0.114826827905753	0.654251340141825
RRM1	-1.71384563417858	0.0387578404409617	0.556835490380259
EEF1B2	-1.80931511512436	0.0513293419004456	0.585150828279326
POLR2A	0.350619373733192	0.454255390663427	0.819927569696182
CDK2	-0.121542137692959	0.672691287701067	0.901901289318448
MCM3	0.138004341549689	0.648710264140465	0.894952624818918
NFYB	1.05651796890359	0.17809715755052	0.685888822671378
RPS12	-0.686269970366212	0.0987414662200708	0.631287107366986
YY1	-1.02343557555722	0.0233525930361488	0.536410460399203
DNAJB1	-0.576706511288378	0.14157855368964	0.664183638233793
PSMA1	0.366902474698833	0.789881202059541	0.947761801695389
PSMA2	-0.303125357390492	0.273346248325426	0.733787078303325
PSMA3	-0.426327068767286	0.305383910053852	0.743779478708937
PSMA4	-0.754083096898533	0.0882916732154706	0.62065828748736
ITGA3	-0.253074760522097	0.690107582606062	0.908148434606125
MSN	0.937231256082157	0.241953659980911	0.725832833105386
DDX6	0.0357680530148734	0.914637315398019	0.980682075070157
DNMT1	0.241773398790571	0.437329231879006	0.814415899327111
U2AF2	-0.031883370076951	0.889806129652251	0.976845147617119
RPL13	-0.624058990464949	0.175916110214225	0.685786787379843
HMGB2	-2.23171009944178	0.0363557472904776	0.544908015858552
PTBP1	0.0647312142431744	0.772078428253581	0.939533068105042
TARS1	-0.628739390574736	0.128028560018613	0.657056809161496
VARS1	-0.955868513339439	0.225011583404313	0.711939302484034
EEF1G	-1.24210833773591	0.111399267109365	0.654251340141825
STOM	-0.075562012914407	0.797159756242872	0.950326751899144
YWHAQ	-0.815673252658144	0.344845430807409	0.766711076627086
MARK3	0.31655420537766	0.262349840446893	0.730555961204825
ARNT	0.0617576435168097	0.889151714865005	0.976845147617119
RPL10	-0.716057504923764	0.042544531360613	0.57263446420811
RPA1	-0.606600483835809	0.187314342610553	0.692489901617326
APEX1	-0.802382888208083	0.160338619212238	0.667901315818292
CAD	-0.876162223151368	0.193219656178435	0.695883573589626
CALR	-0.72275620891158	0.375824591055463	0.779487845830697
MAP4	-4.02469458468164	0.0103501324312067	0.401041495011201
CANX	-0.526535460692795	0.475890396223393	0.83010039887325
PSMA5	-0.225273054257983	0.629081285859172	0.890282224413952
PSMB4	-0.0646319364945285	0.904051120221424	0.978873663296002
PSMB5	-0.660442868720548	0.0462827702662379	0.584015482701607
TMOD1	-1.20023816641854	0.212041549086609	0.707296854170635
ITPRID2	-0.413551275160373	0.136734760450774	0.658184043156775
POLD1	-0.204139944653889	0.742616749180986	0.92881573193944
SMARCA1	-0.15222809261774	0.565729213573502	0.87086847290289
ERCC5	0.293426738116651	0.252116009749744	0.726689592464322
GTF2E1	-0.806310769233093	0.112097093609491	0.654251340141825
TPP2	-0.405822347963571	0.554249696611117	0.867032297416607
SHC1	0.397117481751	0.133896885157531	0.658184043156775
MPG	-0.414961585441294	0.0633532597350659	0.591502688120517
TKT	-1.51844581595205	0.089502938359742	0.620855825584033
EEF1D	-1.3759646751202	0.0975713293192724	0.631287107366986
MARCKS	-1.81151708181669	0.0406270292036501	0.562618353881595
ERP29	-0.465083384870969	0.159102336514558	0.667901315818292
PRDX6	-1.59032430577679	0.190544963827069	0.694399720414324
PRDX5	-1.19972818207857	0.293760801811133	0.741341669201813
PRDX3	0.135344003701238	0.674349307619759	0.901901289318448
RPL12	-0.477997622194323	0.264816401211532	0.730555961204825
PDIA3	-0.815434325681782	0.0855854060167154	0.62065828748736
PPP2R1A	0.0724348269806612	0.769577898997778	0.93911793916822
PPP2R1B	0.160370571559859	0.723391224598847	0.920210735371843
CDC27	-0.14820302835923	0.484712129849553	0.833418077141589
NMT1	-0.994344437204767	0.115798337505506	0.654251340141825
LRPAP1	-0.474770298365165	0.22512574919529	0.711939302484034
CLIP1	-0.497567052212396	0.137932669116571	0.659791393183956
POLR2B	0.243232141919158	0.386274202222618	0.784256228284809
MAT2A	-0.703985500157636	0.149838330168029	0.664183638233793
CPS1	-0.264471677205556	0.722467020415487	0.920210735371843
DNAJA1	-0.579441599526561	0.218097652828573	0.71117665025111
HNRNPH3	0.394603486306046	0.312062353265704	0.747518453062553
HNRNPH1	-0.278061221644883	0.279503119750617	0.734949494057204
YWHAB	-0.678215073400846	0.323061135419699	0.75713347075017
STIP1	-0.992545417427706	0.0580729631876304	0.585150828279326
L1CAM	-0.908402481759587	0.10297203177431	0.63812716298264
RPL9	-0.618558457698267	0.0780667613416094	0.608666862817914
KIF5B	-0.557709888298984	0.0819517778259263	0.612695415751017
CSTF2	0.14558099681339	0.533726996458787	0.86083425019008
TTK	0.151043130377932	0.851320683573202	0.964529142995697
MCM4	0.0580602178126242	0.8876565060082	0.976672211611352
MCM5	-0.000354427095601295	0.998753067546179	0.999927387557434
MCM7	-0.183703932625654	0.401787186690337	0.794511261695998
HSPA4	-0.443865426603296	0.31241972326594	0.747518453062553
GPC1	0.613513513077002	0.0325202389619357	0.543642649956469
CTNNA1	-0.12531040933851	0.76578295919655	0.937803629295115
CTNNB1	-0.203624466063143	0.430316562833037	0.81075360266578
RDX	-0.392125783485561	0.336147248465144	0.764086962479424
RPA3	-0.467161114393821	0.253115502684117	0.726689592464322
RFC4	-0.339723993620506	0.196011666720382	0.695883573589626
RFC2	-0.360776346963949	0.154702226440345	0.666760210319186
RPL22	-0.449406135093668	0.129934608986005	0.658184043156775
GTF2F1	-0.562557519868658	0.206703263837473	0.706172434104839
MYH9	-0.735666806107648	0.0932054275079133	0.62254515005995
COPB2	-0.524437867424069	0.422162392303931	0.806201829959859
ADD1	-0.493322401978318	0.0331627685322768	0.543642649956469
BSG	-0.144631546991828	0.769360836045975	0.93911793916822
FUS	-0.292242722454084	0.344415991852784	0.766711076627086
NUP214	0.485908591873041	0.180783307446578	0.687835724919822
DEK	-0.160460980268311	0.540744171644053	0.861159627132473
PSMC2	-0.413746133528321	0.281230424144435	0.735468517168362
RPL4	0.104823841052951	0.765938157085921	0.937803629295115
PPP1CC	-0.227358520151746	0.433445662544082	0.811864043710498
SRP14	-0.416165337068922	0.294563751301381	0.741341669201813
NUP62	0.721335212513743	0.067422591645999	0.600888612292281
FDFT1	-0.04806895472165	0.928337982970863	0.981974614529695
ETFB	-0.712499866402577	0.298896934485594	0.741341669201813
RBMX	-0.226141522249414	0.895671149542499	0.976984551839254
ATP6V1A	-0.780674943176503	0.243008974934059	0.726037658005366
HSPA9	-0.198683659555307	0.597251426076882	0.884815493035545
EIF4A3	-0.552207770197054	0.05403653440262	0.585150828279326
IGHMBP2	-0.828246420157367	0.096304050042545	0.6293395842644
RPS19	-0.607797978946188	0.0992131416422609	0.632928349115464
RPL3	-0.108144112487579	0.763597713527522	0.937085157459771
FEN1	-1.02323603558605	0.0677911174900185	0.600888612292281
TXLNA	-1.94131688109891	0.00519881766940908	0.313516713492481
CCT6A	-0.522736755645386	0.378135885264511	0.779567345036914
PBX2	-3.35793127815595	6.15482505995905e-06	0.00786996964333431
MLH1	-0.085909459224478	0.769484913304565	0.93911793916822
RFC5	0.0500613485766266	0.843187146085444	0.963863159236945
RFC3	-0.224912402395997	0.394455339106033	0.790559394362979
EIF2S3	-0.434324914015022	0.218024662450551	0.71117665025111
CETN2	0.0187388513288695	0.945949612047776	0.985397984005583
EIF2D	-0.646923087533001	0.112743495584123	0.654251340141825
NAA10	-1.32586748942418	0.0557427474321644	0.585150828279326
GARS1	1.6420517719029	0.223034211663428	0.711939302484034
IARS1	0.0373084614637271	0.897198504810773	0.977487167934293
PRKCI	-0.79438458757074	0.142969920155442	0.664183638233793
MTREX	0.0702650831563574	0.728490632084529	0.921090731097143
MTOR	-0.259231304028557	0.504927052320954	0.846547278279362
EPS15	-0.815387793620658	0.190190902675368	0.694399720414324
RPS27	-0.172642725018434	0.487873302804819	0.835199446700586
RPL35	0.283751583121393	0.35334093812704	0.769908781783735
PAFAH1B1	-0.159228861998848	0.571338095848485	0.872147941780026
MCAM	-0.904978874026181	0.195338690235471	0.695883573589626
MATR3	0.234314134570759	0.484528005488926	0.833418077141589
MSH2	-0.414878835254434	0.344191565141766	0.766711076627086
MAGEA1	-0.0882192884232786	0.902986838102906	0.978873663296002
PSMC4	-2.41792694733527	0.146390926391522	0.664183638233793
CBX5	-0.321446605300217	0.203126885448665	0.706172434104839
RANGAP1	-0.0732311035937556	0.854884731544627	0.965931614198878
RECQL	-0.296577002053237	0.429652380258053	0.810358189944849
NOP2	0.627171830743588	0.0569032796103829	0.585150828279326
BAG6	0.131642261432852	0.893417960257932	0.976984551839254
RPL27A	-0.23995630572518	0.531243636361197	0.859910841748065
RPL5	-0.755521229555612	0.0241913973332082	0.53774512130499
RPL21	-0.134215731773836	0.661703112180993	0.89754228494814
RPL28	0.151662899073411	0.510875992622704	0.849835345923978
RPS9	0.308222248459067	0.185811998452487	0.691256886635118
RPS5	0.139304895785411	0.587135805196888	0.879442775765429
RPS10	-0.190880839201746	0.711364623209017	0.916317896114772
YAP1	0.0484941980029703	0.907331065063191	0.978873663296002
IQGAP1	-1.11883002417159	0.259005094573279	0.730555961204825
CAPZA2	0.511059900605613	0.061139436866235	0.590947757115699
CAPZB	-0.101266543519696	0.614761238810371	0.88787276880197
QARS1	0.373245178108029	0.149414948236996	0.664183638233793
RPL29	-0.795190612716802	0.115330332606229	0.654251340141825
LIMS1	-0.779060231948623	0.215419081585819	0.71117665025111
PIP4K2A	-0.131729827528982	0.821182583094781	0.954926372467067
ARCN1	-0.426096699082624	0.600055807998301	0.885491068116152
PSMD8	-0.0816151044862394	0.756368985444029	0.935342175423371
PRRC2A	-0.318948882885906	0.569409208089723	0.872147941780026
CCT5	-0.597352633915186	0.337103195878832	0.764086962479424
CSNK1A1	0.134493798386664	0.667495047215911	0.900637003559702
CSNK1D	-0.556106661119848	0.505648073146067	0.847015724274373
ADGRE5	0.182029520937096	0.607886314997833	0.886845449452339
POLD2	-0.935071284679324	0.00693938961040538	0.350256559809408
RPL34	-0.304249280128321	0.212957663075211	0.709119440587246
LMAN1	-0.638895255124218	0.390941292146555	0.78845993515993
FASN	-0.818530539428366	0.275183375956322	0.733787078303325
CCT3	-0.435042216901799	0.346172246389682	0.766711076627086
SRP9	-0.525394652074652	0.0399061325269686	0.558435750666436
CARS1	-0.283094214065923	0.63741185094559	0.893681235463189
SARS1	-0.381207988199296	0.618911801504308	0.889305376342686
PRIM2	0.0480995099159358	0.869459540783475	0.972942473292126
CSNK1E	0.188347618150807	0.858478881127131	0.967523327533994
PSMB3	-0.275132420760936	0.29798553047457	0.741341669201813
PSMB2	-0.126674109705473	0.73571104359467	0.925004117741447
MCM2	0.413649778070379	0.103763898911834	0.641997284235152
TMED10	0.0675235531353202	0.801930925305293	0.950963375294496
NUMB	0.369669893386732	0.564590353753347	0.87086847290289
EIF2B2	-0.665938632856175	0.333922370147563	0.764086962479424
RANBP2	0.507020497926248	0.134003402635986	0.658184043156775
GSK3B	-0.696113463216083	0.36723356619245	0.774331170313095
TAF6	0.12703427523417	0.677611626408065	0.901901289318448
LIG4	-0.909284289261777	0.160072625974808	0.667901315818292
MRE11	-0.477806908140295	0.153504502372634	0.664183638233793
SERPINH1	-0.188445764652776	0.478353377179373	0.83010039887325
VASP	-2.0440282010812	0.0035409932779811	0.277209188047663
DNM2	-0.17833581137965	0.732630070652188	0.924159470904898
METAP2	-1.06911961401516	0.136929326687624	0.658184043156775
CDK7	-0.444409154481207	0.148949472753077	0.664183638233793
CDK9	-0.430834838330192	0.0834746135314891	0.615345778934461
RPL14	-0.385390803697952	0.262559711571762	0.730555961204825
CCT8	-0.23081235187691	0.61149797022978	0.886845449452339
CCT4	-0.66563672654598	0.274025236374695	0.733787078303325
FXR1	-0.106880916297953	0.62657296987854	0.890282224413952
FXR2	-0.157394139741001	0.527147106222826	0.859368755904632
RAB5C	-0.275923720458092	0.558935667840973	0.869484647978604
RAB7A	-0.24398992100242	0.702377823470721	0.914401263885556
RAB13	-0.122091292155535	0.663656366906396	0.898568107567526
HCFC1	0.0781543228459718	0.734705564913403	0.924559899512352
PSMD7	-0.269419468439693	0.437568083554008	0.814415899327111
RPS6KA3	-0.613974484233118	0.256290065108514	0.728243473893526
HDGF	-1.96590302778124	0.0452536096831883	0.582526331358089
HNRNPA3	0.389981287119909	0.301306776880143	0.741341669201813
HNRNPM	0.376514646435744	0.293697943631458	0.741341669201813
KPNA2	-0.0871079597403721	0.789013246395914	0.947761801695389
POLR2H	0.519833874363727	0.167546944630045	0.675825530600267
POLR2J	0.143382199556022	0.689846620703395	0.908148434606125
SLC7A2	0.285705177172677	0.515272343936442	0.851976168681118
AGFG1	-0.799412837225013	0.0316186638503258	0.543642649956469
HNRNPF	0.374312852407677	0.387002646360812	0.784651296856595
MSH6	-0.614613459774208	0.128455037067432	0.657056809161496
RIDA	-0.00114336169648865	0.997991696985902	0.999927387557434
HK2	-0.53806804214631	0.555819538563377	0.86812856267472
CAPZA1	0.243376307669216	0.436879893905755	0.814415899327111
NUP98	-0.0718362824158518	0.814236474033274	0.953465642786592
PLK1	0.0691349779323502	0.760501815032082	0.937081884381744
ACLY	-0.922315630586841	0.240860910103136	0.725229553497355
METAP1	-0.68526424555596	0.0976478663609818	0.631287107366986
COPB1	-1.03088454355761	0.196412839374335	0.695883573589626
COPA	-0.488568590200138	0.338264434586256	0.764086962479424
CTSC	-0.103658242318129	0.896652823115771	0.977425470154049
AP2S1	-0.24462258558264	0.290423891364464	0.741341669201813
SLC16A1	-0.37311388674663	0.270541316016106	0.733787078303325
IST1	-0.640464361409759	0.0764326418752567	0.605139931716957
SEC24C	0.0777813466133708	0.814273578146213	0.953465642786592
SUB1	0.0322946257070313	0.921039360519729	0.980682075070157
CLNS1A	-2.09890499279064	0.159349701338263	0.667901315818292
RARS1	0.0397096354186601	0.879663165320201	0.974974834489538
YARS1	-1.17852575290237	0.0345103698830441	0.5447809830097
HSPA2	0.107625517711636	0.800892827594396	0.950963375294496
ATP1B3	0.439670926234172	0.111565710951254	0.654251340141825
RAD23B	0.0426863953423045	0.920838177665935	0.980682075070157
AK2	0.638140173926239	0.354203821312172	0.769908781783735
NAPA	-0.0974248651830329	0.738283036773601	0.926719152180476
EIF5	-0.368295376065984	0.596381285730509	0.884815493035545
PSMD4	-0.972830438640386	0.0504495872762228	0.585150828279326
CSE1L	0.525960789932668	0.681594254092586	0.904188410648075
VCP	-0.101812379061514	0.766989135523315	0.937892994538552
MFAP1	-0.178330790518217	0.622027117477567	0.890251101574413
NAP1L1	-0.0329334243685722	0.936145972692772	0.981974614529695
ADAR	0.259973152317212	0.413164633446546	0.798319538191064
SEC13	-0.619492103987767	0.0922504219499302	0.62254515005995
SNU13	-0.324349990869525	0.176478643228369	0.685888822671378
EIF3B	-0.0121775802728266	0.969225143175071	0.995679233963677
MARS1	-0.146263788085669	0.501658941411984	0.843972222393631
EIF6	0.30153164246213	0.477429725268755	0.83010039887325
GEMIN4	-0.241292835077704	0.253614063695038	0.726689592464322
NUP107	0.161581625004125	0.51835984203661	0.853186465209417
EEFSEC	-0.26221500802658	0.333036762685755	0.764086962479424
EPPK1	0.31890411508536	0.549473648981612	0.865608153751072
ARPC4	-0.511416192866047	0.332740963908766	0.764086962479424
TPI1	-0.551048988955646	0.622273345602043	0.890251101574413
EIF3E	-0.569607414553836	0.276755884000714	0.733787078303325
PPP4C	-0.217088062310648	0.516074142627542	0.852566929853253
MYL6	-1.06425977440196	0.0709252859821915	0.60496771631919
ACTB	-1.89886351202765	0.240461178977293	0.725229553497355
EIF4A1	-0.741394519309612	0.29182553981625	0.741341669201813
RPS20	-0.431784694495171	0.215972128773572	0.71117665025111
PRPS1	-1.552217351095	0.00298670324315702	0.249596224300678
PSMA6	-0.544800994353025	0.11642447770887	0.654251340141825
S100A10	-0.386378627440731	0.152659714390903	0.664183638233793
CDC42	0.315086907432633	0.609600814968063	0.886845449452339
DSTN	0.171337051748328	0.776052146133459	0.940786725829259
RAB8A	0.171896298363659	0.575907764412645	0.875270279036017
SRP54	-0.655373653465134	0.117220225713934	0.654251340141825
RAB2A	-0.689673651397726	0.0870661135802543	0.62065828748736
RAB10	-0.351673948407054	0.681488499224692	0.904188410648075
RAB14	-0.357987452571361	0.700055953619229	0.914401263885556
ACTR3	0.432366098809418	0.42006125055178	0.804872605952361
ACTR2	-0.642338193815156	0.283894458524797	0.736523168857702
ACTR1A	-0.62585062578696	0.0596679061578036	0.587665517242056
COPS2	-0.201164393355853	0.636798057619093	0.893157060588625
ABCE1	0.232113388130749	0.73406983763244	0.924317711764076
RAP1B	0.0306495153029758	0.938307033793995	0.98235419804415
RPS3A	-0.580619511107614	0.0515724659118234	0.585150828279326
RPL26	-0.59479142337328	0.079794595741137	0.610579710822461
PSME3	-0.229815336246016	0.563451357357672	0.87086847290289
RPL15	0.469450060843208	0.377571238617608	0.779567345036914
MAGOH	-1.81477818770477	0.278460273035262	0.734438700792114
RPL27	-0.400146158351319	0.295757031078359	0.741341669201813
RPL37A	-0.795711668542481	0.0365183165145257	0.544908015858552
NAA20	-1.19057893846406	0.017049404569262	0.50698849556348
HSPE1	-0.345401221238657	0.623258404133869	0.890282224413952
UFM1	-0.322268390140103	0.671542345068761	0.901866220336891
DCAF7	0.00598715434148289	0.977247763020932	0.995679233963677
WDR5	-0.0403417241757005	0.868465143450041	0.972122130005816
AP1S1	-0.190563493853134	0.385146819314432	0.784256228284809
HNRNPK	-0.180960228621419	0.500176221565697	0.843226765626595
YWHAG	-0.941016037166438	0.199479193828292	0.703468524992562
RPS7	0.0019828977161751	0.995270830134071	0.999927387557434
PPP1CA	0.00103231227365086	0.996503986654673	0.999927387557434
PPP1CB	-0.377531175506682	0.101457249657355	0.636990946918877
PSMC1	-0.251423432593743	0.410369735796375	0.796145883795156
PSMC5	-0.421301313167376	0.261587629420489	0.730555961204825
RPS8	-0.69627968638807	0.128849332151164	0.657056809161496
RPS15A	-0.360547121604434	0.345836655344918	0.766711076627086
RPS16	-0.381842339999636	0.220515184860539	0.71117665025111
YWHAE	-1.94936708916899	0.0746825164959442	0.60496771631919
RPS14	-0.0649920527689538	0.838626638753077	0.962623151929272
RPS23	-0.426930117575495	0.223429996623489	0.711939302484034
RPS18	-0.603490031147047	0.183209898576568	0.687835724919822
RPS29	-0.140919816501178	0.874527243661575	0.973271556203069
RPS13	-0.114371842550604	0.778331312937631	0.941512969474744
RPS11	-0.366399816354132	0.244433888512328	0.726689592464322
SNRPE	0.146908714723956	0.500528505039561	0.843226765626595
SNRPF	-0.55944301795769	0.121241078043941	0.654306321756562
LSM3	-0.532613480849932	0.0354700818741101	0.544908015858552
LSM6	-0.201880459147148	0.325894937599262	0.75962655019899
SNRPD1	0.150730407050798	0.620706227809977	0.889964729909222
SNRPD2	-0.0782203826472276	0.794077798660605	0.949132411695925
SNRPD3	0.0230620338253935	0.946608855855207	0.985397984005583
ARF6	-0.727169376962021	0.295149075666548	0.741341669201813
PSMC6	-0.413120646167943	0.236259326954212	0.722144046371599
RPL7A	0.0635546956312787	0.818724549265312	0.954836745287622
POLR2G	0.263848843101634	0.366340880180017	0.774108414380567
ETF1	-1.03816608350245	0.0685484900520684	0.60397729954742
YPEL5	0.255621958386378	0.412093373419132	0.798319538191064
RPS4X	-0.515121935141217	0.067784877313539	0.600888612292281
RPL23A	-0.446617344263473	0.251556048908287	0.726689592464322
RPS6	-0.436276807199132	0.247009694073119	0.726689592464322
H4C1	-0.0419550740376877	0.840698823650774	0.962986157865819
RAB1A	0.591636865527406	0.526019048844111	0.859072515323901
RAN	-0.529567167137458	0.131519598513976	0.658184043156775
RPL23	-0.437233372519412	0.347967355197357	0.766925401242413
RPS15	-0.92651533901623	0.0817620100568387	0.612576309722721
RPS24	-0.61919523648529	0.228595999746597	0.715932644547107
RPS25	-0.644766878136565	0.0734172290593203	0.60496771631919
RPS26	-0.104775743453832	0.736954435147033	0.925657240741329
RPS28	-0.321953748687243	0.384742917779246	0.784256228284809
POLR2L	-0.0476330871296682	0.892253773393751	0.976984551839254
RBX1	0.0875592010157931	0.707624700493276	0.915629954810249
RPL30	-0.0455173826588577	0.905816850946703	0.978873663296002
RPL39	-0.712718535214591	0.136841986577511	0.658184043156775
RPL31	-0.186450883326469	0.629080121684928	0.890282224413952
RPL10A	0.118517782139293	0.714057372469945	0.917030912962974
RPL32	-0.528488726445602	0.0920966104634664	0.62254515005995
RPL11	-0.573646851716369	0.122905556027746	0.656785422678076
RPL8	-0.747612178596796	0.0881170554628658	0.62065828748736
PPIA	-0.873773255929791	0.58635732473875	0.879306762196187
RAC1	-0.209472987016607	0.554439579135281	0.867032297416607
AP2B1	-0.200019616370977	0.377895213152251	0.779567345036914
GNAS	0.564765029246995	0.0373482017393021	0.547416346289841
YWHAZ	-0.0662595398382706	0.949626524266304	0.986932361713775
PPP2R2A	-1.8387619599071	0.118114975221127	0.654251340141825
SUMO1	-0.3732887601535	0.107282848681157	0.649022510169007
DYNLT1	-0.0156124482219049	0.968083552687523	0.995594774292048
RPL38	-0.44466241932604	0.129150373854997	0.657056809161496
SKP1	-0.784476457788969	0.0349757953619044	0.544908015858552
RPS21	-0.662515854381365	0.121880938688685	0.654811317660779
EIF5A	-0.866933580142913	0.2976755648053	0.741341669201813
RACK1	-0.666080135994669	0.0330726028189231	0.543642649956469
SUPT4H1	0.343741614534672	0.220376326510672	0.71117665025111
UBE2I	-0.738440844494473	0.0601324053456807	0.58843853802559
YBX1	-0.575521048467458	0.286935582107802	0.739900121001118
CSNK2B	-0.500515968808191	0.117381260979887	0.654251340141825
TPM4	-1.40317788781286	0.0813363483394885	0.610579710822461
TUBA1B	3.19744195320952	0.0400338455248358	0.558435750666436
TUBA4A	0.317358247929931	0.677276812815124	0.901901289318448
TUBB4B	-0.685513819284985	0.455818329822668	0.820130916134969
CSNK2A1	-0.279025354592413	0.406175866088035	0.795349985867128
EIF4G2	-0.184847499419934	0.686049337620047	0.905915751845268
RPP38	0.198119609294864	0.45647208678903	0.820537453103429
RPP30	0.116446721430783	0.656469495614913	0.895322023741063
GTF2I	-0.752961744662493	0.0207038830648031	0.536410460399203
PIP4K2B	0.598915591634089	0.422670039234588	0.806429925927459
SRPK2	0.0720022857642348	0.771624240924243	0.939368641125166
CCT2	-0.503433806706653	0.360791862649554	0.770567554802
RAE1	0.0387918304074475	0.863551824007674	0.969442433975253
PRKDC	0.261059334843203	0.254542247940066	0.726689592464322
BASP1	-1.216482694567	0.0449023987858736	0.581910816698011
HMGN5	-1.20697400481484	0.0294932132132205	0.543642649956469
SARNP	-0.570121319737297	0.092533344746262	0.62254515005995
RPL24	-0.190454171616686	0.496305356779047	0.840170939366472
RHOG	-0.249669101254273	0.567444378012777	0.87086847290289
RPL19	-0.293933635141393	0.579980168628601	0.876214022567615
SRSF3	0.355129512214784	0.45953040417521	0.823701045303896
FOXK1	-0.540671654862798	0.0830435795111309	0.615345778934461
CCZ1	0.250721972231386	0.557332542828959	0.86942970081004
DAB2	-0.263507389313112	0.665366478869481	0.899029874231535
RBM3	0.070247384091612	0.771215530133707	0.939368641125166
CYCS	-1.17344089757921	0.0047341569659169	0.302670435354287
HDLBP	-0.594165356575513	0.0950386222131482	0.627483915335003
GTF2B	-0.474035631194013	0.44644955124178	0.818203179186967
CDK5	-0.692162357662795	0.177628429265877	0.685888822671378
PURA	-0.0594706542987851	0.821264296484826	0.954926372467067
CLTC	-0.1377973426628	0.789414228934684	0.947761801695389
HSF1	-0.237427094892904	0.534611974737233	0.861159627132473
NFKB2	-0.12899345977678	0.859274272166581	0.967523327533994
FKBP3	-0.913613721103477	0.226614233394757	0.714084485716094
REEP5	0.0632597394210705	0.920755611342564	0.980682075070157
HNRNPU	0.0558142232732735	0.807363578125992	0.951766037397451
SPTBN1	0.131877393460336	0.584959037881213	0.878487369540671
TIAL1	0.0306645540441721	0.900108857146097	0.978786251379554
SET	-3.4252948949877	6.93709569646572e-05	0.0295674434351583
SRSF2	-0.718591238981752	0.0284082048664333	0.543642649956469
CAP1	-0.709806005588259	0.341116652720713	0.765674262222474
IFITM3	-0.118854916297941	0.870172800537042	0.972983924423535
SLC7A5	0.300576615766193	0.621255124121268	0.890225870799097
EXOSC10	0.114143349915654	0.638382749451028	0.894062149285923
OTUD4	-1.03332327062515	0.0312260522467814	0.543642649956469
EWSR1	-1.01459406690839	0.0229135511350319	0.536410460399203
OCRL	-0.0851857569372214	0.772249156343899	0.939533068105042
PLCB3	-0.198522138078172	0.416304779072127	0.800875191835846
COL7A1	0.410065505187784	0.161064271361749	0.667901315818292
RPL18A	0.445040200024746	0.0955997548004342	0.628577367216778
RPL6	-0.479502066176735	0.260814155762174	0.730555961204825
DST	-0.756421378798485	0.133841726090843	0.658184043156775
TNFAIP2	-1.88072580548956	0.00664393111706303	0.339814930200717
EIF4G1	-0.774307746153717	0.22686954278317	0.714084485716094
KRT17	0.767171836624549	0.023171194072579	0.536410460399203
TLE3	-0.781924553476191	0.221627023072406	0.71117665025111
YWHAH	-0.252965991887816	0.67554709232043	0.901901289318448
PLP2	-0.516789362080559	0.528378341513834	0.859511923926414
CSTF1	-0.231010219734245	0.253958938639566	0.726689592464322
DNM1	-1.17740982273262	0.182216664824016	0.687835724919822
EEF1A2	-1.59208350561601	0.0337191483730572	0.544481140163034
CALD1	-1.26540282611477	0.168570111913471	0.676739046923209
PTPN11	-0.726818099013656	0.14741840904929	0.664183638233793
EXOSC9	-0.0693393112252494	0.857317828961047	0.967523327533994
GABPA	-0.819968634845004	0.127524378716303	0.657056809161496
PRDX1	-1.76827594921953	0.0553243752895005	0.585150828279326
RPL18	-0.447822359260613	0.154615342590694	0.666760210319186
C1QBP	0.191122258985029	0.4738007341679	0.830094053439723
TJP1	0.0555678887141973	0.801504743766793	0.950963375294496
POLE	-0.149788243527929	0.670788719185156	0.901866220336891
KLC1	-0.942228757601971	0.0476902992991078	0.584048702923682
SRSF1	0.0812627222889759	0.833265907202354	0.959682223892556
DHX9	0.521228317394147	0.176445739116607	0.685888822671378
CRYZ	0.195874378502804	0.871796063105251	0.972983924423535
GOLGA3	-2.34001872595233	0.00118707082068506	0.163339144918421
GOLGA2	0.115372655366599	0.724511287798363	0.920210735371843
SSRP1	-0.382799703500925	0.146685316315465	0.664183638233793
NSUN2	-0.11648881625802	0.640841462310354	0.894952624818918
RBBP4	-1.28347812397852	0.0710810134891497	0.60496771631919
NCBP1	-0.024803191676309	0.929839413842283	0.981974614529695
AHNAK	-1.04040581425356	0.0132402321758502	0.434098552363772
FCHO2	-1.33571869559741	0.102469667881097	0.63810656816865
HSPA14	-0.957493928930457	0.195358278731953	0.695883573589626
GALNT2	0.127190693509839	0.576502019060077	0.875479709071439
AP1B1	-0.607350780488837	0.12901275009686	0.657056809161496
CPSF1	0.0043242392408338	0.986973088821741	0.998250330757816
WASHC5	-1.34137889128197	0.0641519080760828	0.593165171965625
NUP160	0.111207374595857	0.616519522732542	0.888555382340464
TWF1	-0.679800830928471	0.117220235023183	0.654251340141825
TFCP2	-1.81199918151123	0.00271464565383389	0.242171644839693
CDC20	0.420559174905332	0.302254331103407	0.74180909412199
GRSF1	0.888397800010527	0.109737878358268	0.651632355080982
SF3A3	0.226799866692673	0.426393565500197	0.809602958704041
TP53BP1	0.188370541956509	0.572943903359141	0.872147941780026
IFRD2	-0.394577277147526	0.451217052490162	0.819927569696182
TRIM26	-0.051057586732238	0.832669015735674	0.959682223892556
AIMP1	-0.423449080662632	0.149530348521782	0.664183638233793
ILF2	0.139232412889918	0.662877011866962	0.897880020311322
ILF3	0.164395424698707	0.605429218787246	0.885902943410691
TRAP1	-1.38311708745686	0.0777012130106422	0.608197070131679
MYO1E	0.276576755580006	0.660149441771771	0.89676810518472
PPP1R8	0.00308771770605176	0.99399131233964	0.999927387557434
STRN3	-1.29921693522877	0.254872220750887	0.726689592464322
CDC16	-0.251276347554061	0.315353522456989	0.751211104287261
FLII	-0.5180863447838	0.356889695449538	0.769908781783735
GPS1	-0.197250799187277	0.371177098389097	0.775499628566725
CHAF1B	0.426677219190825	0.128123550350697	0.657056809161496
IK	-0.341567294899402	0.259125682388964	0.730555961204825
PRKAA1	-0.96789574942531	0.287681349838746	0.739900121001118
PPFIA1	-0.188725214571328	0.736191882568096	0.925305393686505
TARDBP	0.255528752862606	0.39437726823644	0.790559394362979
HNRNPA0	0.351061435009335	0.255091424057345	0.726689592464322
AIMP2	-0.317934307297602	0.201524539266153	0.705980029794485
PRDX4	-0.540853138425227	0.0639117670804275	0.593165171965625
CBX3	-0.534394683267184	0.129359224970208	0.657247664881747
STX5	0.167032621326708	0.628983334344225	0.890282224413952
PSMD2	-0.579297519139661	0.0931570470409073	0.62254515005995
SRSF5	-0.0404536704988168	0.889367196029256	0.976845147617119
SRSF6	0.034577300295922	0.917892809759905	0.980682075070157
MAD2L1	-0.42247969982882	0.208569113418644	0.706172434104839
TRIM28	-0.0986830980387445	0.701878590818102	0.914401263885556
G3BP1	-0.465817082325515	0.122933246476241	0.656785422678076
KCNAB2	-0.700408055587861	0.386245218423579	0.784256228284809
SKP2	-0.587774099988742	0.399955437647133	0.794511261695998
PABPC4	-0.793782026795657	0.043472221929397	0.577592278661144
EIF3I	-0.706613885630119	0.184200620911293	0.688126885125084
PPP2R5C	-0.0643287919747948	0.8058886963316	0.950963375294496
CTBP1	0.023516475245799	0.926244266284147	0.981974614529695
DYNC1I2	-0.454780839815655	0.230327878475963	0.717739839020141
ORC2	-0.218233340689149	0.421582776343167	0.806009389005266
ILK	-0.598117304093467	0.351909141563007	0.769908781783735
SNTB2	0.31997921264945	0.275859736765486	0.733787078303325
XRCC4	-1.78378050949719	0.000431409289856846	0.0870992650468874
TCOF1	-0.296180787989499	0.173294897088111	0.683908667932094
SF3B2	0.164583737664781	0.651912207755029	0.894952624818918
GOLGA4	-0.606256705025189	0.124020295775457	0.657056809161496
PDAP1	-0.389108844295393	0.597867438348463	0.884815493035545
FKBP5	-0.468502305757088	0.315556367394653	0.751211104287261
PICALM	-0.149314738475805	0.694176761856131	0.910691538467893
SQSTM1	-0.567687813198319	0.222475629739755	0.711475370244726
HDAC1	-0.132325087935481	0.646363607482296	0.894952624818918
CAMK2G	-3.58317130516333	0.00162019243315779	0.172640504822035
CAMK2D	-1.13233875556026	0.108215342858281	0.649022510169007
DCTN2	0.0385505787218108	0.898000794848336	0.977617205697748
SNW1	-0.205336200261055	0.364698036068125	0.773773045551619
PWP1	0.00919317969057687	0.978029028564947	0.995679233963677
CUL1	-0.144374068295541	0.591280913337658	0.88152101965148
CUL2	0.424722267244185	0.0653175670781251	0.596567112646876
CUL3	-1.03438391912745	0.119040568674085	0.654306321756562
CUL4A	0.248002852797377	0.222469248154706	0.711475370244726
CUL4B	-0.148483138175688	0.651212559836312	0.894952624818918
TP53BP2	0.403574881969092	0.658221946992006	0.895686196758189
RAB31	0.0128959667157602	0.986266829592242	0.998237350479114
RAB32	0.850324301521624	0.0881225001878569	0.62065828748736
PMS2P11	-0.833158570705173	0.0421071990730219	0.570786249493904
ALKBH1	0.250929959131746	0.591033334072142	0.881494506026725
SPTAN1	0.0747240092835568	0.765751525939367	0.937803629295115
GNL2	0.250807552036417	0.336600365066013	0.764086962479424
DDX39B	0.52554070700856	0.0564112482047649	0.585150828279326
EXOSC2	-0.0480134218883919	0.82994966351018	0.958653089197546
KLF5	-0.0680772606155209	0.809071233348345	0.952419368584578
BYSL	-0.0656155497423896	0.795036949644339	0.949132411695925
CBFB	0.167878017364718	0.620274465714662	0.889964729909222
CKAP5	-0.419065359755404	0.195116706857944	0.695883573589626
CIRBP	-0.756049694806919	0.272818470676325	0.733787078303325
HNRNPD	-0.190807080689687	0.616990775076713	0.888555382340464
DSG2	-0.676060679124049	0.0557756112318633	0.585150828279326
BOP1	-0.0544255241958993	0.823377242413736	0.955665688925595
SEPTIN6	-0.802425191792778	0.210562242844862	0.706172434104839
SAFB2	-0.0269757537307171	0.948147801568635	0.985977947069857
EIF3A	-0.20711671829033	0.70482548102245	0.914874236924318
UBAP2L	-0.836750155598835	0.00915493797820427	0.390203800937684
SCRIB	-0.979591156676154	0.117369773895986	0.654251340141825
POLA2	-0.0536380092185453	0.845622620709058	0.963863159236945
DCTN1	-0.393302634681792	0.306158705639772	0.744248919413286
DYNC1H1	-0.264994237445617	0.476509862064807	0.83010039887325
EIF4A2	-1.09607316962623	0.0108577292582531	0.412378707273851
ELOA	0.221798819271001	0.465767255476156	0.826521251089634
CTTN	-0.453187321460266	0.23425724629737	0.720631294338641
TRIM25	-0.402440276741594	0.297768173641605	0.741341669201813
FAM50A	-0.546520375917467	0.161250625672414	0.667901315818292
FRG1	-0.784722950927208	0.0735435081035232	0.60496771631919
PDE3A	-0.179955397741022	0.519636415666341	0.853672501283119
CAPRIN1	-0.622701568018591	0.0885026640472813	0.62065828748736
RBM39	0.14024763932386	0.544240054963494	0.862498056802969
MCM6	0.140247704298208	0.562562370169646	0.87086847290289
ITPR1	0.482023859980835	0.543535335073716	0.862498056802969
PLS1	0.131372593160521	0.659428709934797	0.896692141549054
TRIP12	0.063342081903393	0.798702089508184	0.950326751899144
PUM1	-0.0145527647836516	0.973121878372078	0.995679233963677
CLINT1	-0.340543090435055	0.660874144298921	0.897385209745367
SMC1A	-0.0123360632884797	0.964185677685885	0.993984482559273
USP10	-0.315485120664427	0.281264941263292	0.735468517168362
GANAB	-0.925823367622641	0.190541088541891	0.694399720414324
MVP	-0.277501264008585	0.650541249761292	0.894952624818918
CHD4	0.0785831327913549	0.815923626020419	0.953901537385333
DRAP1	-0.282640699581634	0.659262141767044	0.896692141549054
KPNB1	0.248230416089321	0.461517536820615	0.824735035411519
NOLC1	-0.226651727983498	0.355547927012164	0.769908781783735
NUMA1	0.29254811681265	0.232669808608719	0.720356243602137
PSME4	0.027007777763874	0.925153044948076	0.981664956748604
NAA25	-0.82784176039555	0.128869605369324	0.657056809161496
NCAPH	-0.0466535662924699	0.846904772974335	0.964235554092585
PSMD6	-0.153842930124732	0.445664103164584	0.818203179186967
MORF4L2	-0.762950104051928	0.0456482532045308	0.583688997641933
SEPTIN2	-0.831479793578296	0.182551639099399	0.687835724919822
SART3	-0.156667896007047	0.6339555237007	0.891567378088297
NCAPD2	-0.305938699246404	0.508504213798488	0.848799409842415
SUZ12	0.627938718743366	0.0337816765794583	0.544481140163034
EXOSC7	-0.249315990293567	0.491637469473131	0.837442865408051
EFTUD2	-0.133237928839538	0.572020988188752	0.872147941780026
KARS1	-0.30344764087689	0.251707842697837	0.726689592464322
SETDB1	-0.265757845524099	0.676787755787446	0.901901289318448
POLD3	-0.461755014416877	0.357691017800475	0.769908781783735
EIF4H	-1.55819989067465	0.111976612008531	0.654251340141825
KIF14	-0.692440545082327	0.0722362314715802	0.60496771631919
PDIA6	-0.82456075360907	0.162015365973752	0.667901315818292
PLCB4	0.0339491089852508	0.865172266195275	0.969842435162208
PLEC	0.195111806991918	0.461602221331734	0.824735035411519
PCM1	-0.117959336193362	0.743611539468369	0.929453849918757
PTGES3	-1.60187431315009	0.0146864594508105	0.455444428382795
NONO	-0.123288568781977	0.745873624437988	0.930137547667315
RAB35	0.212960726708779	0.493362024417132	0.839262406059476
RBBP5	0.0184563444318186	0.959273491816401	0.99131818820251
RCN1	-0.29833366867258	0.551497999939421	0.865608153751072
RALBP1	0.164102713974447	0.646929820946618	0.894952624818918
LRRC41	-0.537346604272365	0.204955444652124	0.706172434104839
PCBP1	-0.153964915813155	0.71454780991823	0.917030912962974
PCBP2	-0.152684965182651	0.71832761052933	0.920210735371843
ELOC	-0.333369582086576	0.305240376331199	0.743779478708937
ELOB	-0.0723730667927178	0.81521783681942	0.953901537385333
UBE3C	1.4317920500973	0.0324539257194644	0.543642649956469
SF3B3	0.205865039300669	0.402019384502589	0.794511261695998
DLGAP5	-1.92394910690622	0.00353200190362094	0.277209188047663
SF3B4	-0.156785541772045	0.506990994851829	0.848095605925192
SEC23A	-0.558632140390788	0.218912263553319	0.71117665025111
SEC23B	-1.01243205062742	0.0672130193652894	0.600888612292281
SF3A1	-0.480878346074189	0.061836854083263	0.590947757115699
SKIC2	0.362069919774658	0.671629639823321	0.901866220336891
TAF7	-0.169965770884094	0.55972102409199	0.869484647978604
TSN	-0.269442184389817	0.671558809754576	0.901866220336891
TARBP2	0.29308357102564	0.469046539699188	0.82856574400906
SF1	-0.431403412783865	0.147457352928625	0.664183638233793
TRIP13	-0.021857406170767	0.976656174861546	0.995679233963677
OASL	-0.0420240193910644	0.859060731720155	0.967523327533994
TRIP6	-0.972082337776047	0.00732563229718301	0.360270839640949
MAPRE1	-1.24020617639541	0.080782317710614	0.610579710822461
ELAVL1	0.0938147261842346	0.707829384476732	0.915629954810249
SLC1A5	-0.47915865814937	0.404177822217391	0.794760848857956
MLF2	0.207403079468889	0.558253639844686	0.869484647978604
SMAD1	-0.237778923325603	0.550975588839594	0.865608153751072
NEDD8	-0.244197587737315	0.398505109594258	0.794188708197047
RAB11B	-0.481607378305721	0.524802478422237	0.858482860225033
SEPTIN7	-0.37258605191797	0.653589189578086	0.894952624818918
ADRM1	-0.297727890520743	0.435269562319518	0.81369687026932
PDCD2	-1.55188688448809	6.30855698382429e-05	0.0295674434351583
PSMD5	0.246670388928063	0.762172961228113	0.937081884381744
PKN2	-0.265948167066767	0.685404721394259	0.905376209114455
DDB1	0.232173387394109	0.350902760673701	0.769618633473023
PPP2R5E	-0.63690053267997	0.218512161965384	0.71117665025111
CDC37	-3.76191947166051	2.42616001550042e-05	0.0155112496990993
RBBP7	0.951738563510133	0.315903268735896	0.751211104287261
TAF9	-0.390851511603138	0.295413615647109	0.741341669201813
SRSF7	0.959183914776307	0.0996861238803972	0.634155839477949
CPSF6	-0.00576443709550745	0.9790910783814	0.995967482543371
SMN1	-0.231597623859592	0.341879865243164	0.765674262222474
DBN1	0.690480650254294	0.0811899173189464	0.610579710822461
NRF1	-0.685471613216109	0.115546025954828	0.654251340141825
FSCN1	-1.12604037543979	0.10555933910528	0.64708383629209
NDUFA5	0.322183053388422	0.29129919229298	0.741341669201813
H2AC18	-0.0694472913688813	0.936495431970845	0.981974614529695
HADH	-0.112803658923671	0.773502955242451	0.940537523166258
HNRNPUL2	0.48015547291579	0.0733677928997848	0.60496771631919
INF2	-0.531445214306991	0.42108384641513	0.806009389005266
PDS5A	0.177465868928799	0.540212098300493	0.861159627132473
TSR1	-0.336093087772539	0.369376703925328	0.775261575388137
SMU1	0.0838381881323009	0.761567914862354	0.937081884381744
LRRFIP1	-1.27597310554344	0.0424291978299728	0.57263446420811
EDRF1	0.0575478128172442	0.822287540330107	0.95524192875429
MAP7D1	-0.548391001312574	0.177319451372274	0.685888822671378
LSM12	-0.75442439239751	0.0577698972233729	0.585150828279326
PARP14	-0.800719855440839	0.432996118555271	0.811864043710498
TBC1D10B	-0.144677054185518	0.689687242340857	0.908148434606125
FAM98B	-0.776790272143529	0.044436018123274	0.579137921798082
PDCD4	-0.953908075319767	0.112964430737559	0.654251340141825
SETMAR	0.456093719601686	0.265325768829488	0.730555961204825
ACTBL2	-4.68162405510295	0.0696829453125225	0.60496771631919
DNAJC21	-0.344220680892654	0.422226140873138	0.806201829959859
PPP6R3	-2.09703198014215	0.202293469570092	0.706094403340193
PRRC2B	8.81065574418471e-05	0.999865910478954	0.999927387557434
RRP12	-0.332726447037796	0.338425442098151	0.764086962479424
PCID2	-0.0215940306177629	0.93423281309078	0.981974614529695
SPECC1	-0.261239804436251	0.320661248511382	0.755081346257621
SAMD4B	-0.996399480738759	0.0414969619363441	0.566485217038491
NUP188	0.423370116298219	0.155519182000082	0.667306020304603
HP1BP3	0.345526368501609	0.169885493911196	0.677549796254043
CEP170	-0.539612044046375	0.597873242426521	0.884815493035545
CHCHD2	-0.539502226144279	0.0658771204001788	0.600020695729366
UBR4	0.387564410779468	0.682420110559083	0.904470868176659
ARHGAP21	0.270280234081383	0.288753061537643	0.739917664701668
EEIG2	0.384938841024603	0.603330655461505	0.885734576811771
RBM26	-0.10425828921899	0.675513397030809	0.901901289318448
INTS11	-0.0809763600790347	0.753308179262617	0.933664030905137
CDC42BPA	0.048237536154339	0.92536508957324	0.981664956748604
RPRD2	0.0960937511543172	0.645772664206456	0.894952624818918
RNF20	-0.247193430772867	0.306988391826298	0.744954861226045
ECPAS	-0.959596649279632	0.0770795522742035	0.607718242866485
TUT7	-0.0100388842300205	0.989435490385268	0.998546314421965
RNF213	-0.3265993243593	0.563598007166773	0.87086847290289
KANK2	0.312220178892634	0.474123063369769	0.830094053439723
FAM91A1	0.615239242785357	0.375023664443202	0.779487845830697
ARL6IP4	0.0666396286089608	0.840436503031104	0.962986157865819
INTS3	0.328691984502392	0.453261371944265	0.819927569696182
ARHGAP17	-1.50063086346161	0.0354444733944117	0.544908015858552
CWF19L1	1.16473127156583	0.00565879529689472	0.32953331950091
ATL3	-0.423099953074534	0.390667126023678	0.788321459982551
RALGAPA1	-0.0287231199527156	0.981486819214583	0.996818490470516
TWF2	0.0318453563460324	0.958809145853646	0.991311259466078
PPP4R3A	-0.889291380456029	0.00407879795263906	0.279648869581163
RAB12	-0.143033829898542	0.543301106612022	0.862498056802969
SDE2	0.054980738449121	0.818806929412028	0.954836745287622
KRT80	0.504151993237212	0.0730664669066761	0.60496771631919
PDE12	0.22459631008191	0.444176796160366	0.818098501353861
ALKBH2	-0.262372624351421	0.275690923255451	0.733787078303325
HIBCH	-0.258312327184424	0.680436775596885	0.904106501970783
JMJD6	-0.586163634736465	0.261510778190123	0.730555961204825
CAVIN1	-0.0578511479356116	0.783694896046834	0.94358242976637
ZCCHC8	-0.570214623739808	0.0588176515003777	0.586135391693861
DHX57	-0.0453905433705017	0.951689216376653	0.988005367799957
CDC73	-0.0706870837459981	0.787724455140246	0.947761801695389
PMF1	0.0484667158541399	0.818929325337924	0.954836745287622
CC2D1A	-0.234558693466226	0.634044788171239	0.891567378088297
TATDN1	-0.284325305557605	0.426108902453236	0.809585809713032
MED27	0.543601810261215	0.063508158296223	0.591502688120517
EDC4	-0.0840093210835704	0.724733548254964	0.920210735371843
PRPF8	0.423601330793627	0.120706750443596	0.654306321756562
SCYL2	-0.698277284716887	0.243289823156301	0.726037658005366
SKIC3	-0.049889500980985	0.934233980248089	0.981974614529695
LARP1	-0.501527341221337	0.235884873196407	0.721574460591242
RICTOR	-0.207415528884976	0.826461918999029	0.956826256270742
WDR74	0.215298054450713	0.406470852942232	0.795521526472653
FAM111B	0.248179889364213	0.443286405295357	0.817915656908604
NHS	0.0472528287449308	0.857901190532299	0.967523327533994
FIP1L1	-0.293392621251392	0.239111792566252	0.723940675835944
CWC27	-0.571262477237141	0.0177816857942814	0.51874565124677
WDR82	0.14128181717	0.572714465556803	0.872147941780026
RANBP10	0.769912131070004	0.412498573163346	0.798319538191064
MPRIP	0.247645392141806	0.24613671822144	0.726689592464322
GIGYF2	0.132662518339586	0.769388714183816	0.93911793916822
HSDL2	0.217811265337659	0.359871405252776	0.770349726869224
PAXIP1	-0.361525103108839	0.529895174538051	0.85955356836803
LARP4	-0.531386218962773	0.142762612062612	0.664183638233793
RPS27L	-0.0821256900257694	0.77042674245421	0.93911793916822
SUPT6H	-0.189534434789778	0.683136165313072	0.904470868176659
SND1	-0.43619303035522	0.297080012723708	0.741341669201813
MARK2	0.0436184466269189	0.86167687366971	0.96847538796881
DDX46	-0.000381428525336958	0.998684078756725	0.999927387557434
BZW1	-0.296723133270188	0.67184465173755	0.901866220336891
DHX30	0.794549865619029	0.210967708480918	0.706172434104839
EIF3M	-0.503668695459126	0.343307019882154	0.766711076627086
MEPCE	-0.251394811433151	0.474926421102767	0.83010039887325
CYFIP1	-0.123134910571835	0.584226275746084	0.877963794766513
COPS6	-0.449719619621561	0.219011777638615	0.71117665025111
MAEA	0.665505431308809	0.0674405112260848	0.600888612292281
TAOK1	-0.460646541118287	0.135222340027278	0.658184043156775
KDM3B	0.303657196994838	0.347055583560735	0.766711076627086
ZC3HAV1	-0.216996258095502	0.384016513742702	0.784256228284809
NUP54	0.268109225314468	0.304933175338643	0.743779478708937
NUFIP2	-0.508446935901315	0.0589931518260623	0.586263550271438
CLASP1	-0.193193649464376	0.629235139200898	0.890282224413952
DHX29	-0.275824090982795	0.445432130596998	0.818203179186967
HEATR3	-0.175901558304734	0.617078086171792	0.888555382340464
HDGFL2	-0.473600455358667	0.105766831427305	0.64708383629209
DCXR	-0.630291260168985	0.0136003898260516	0.438412566157428
BRAP	1.36175147451319	0.149962660392779	0.664183638233793
HUWE1	0.532503428555515	0.629212211658587	0.890282224413952
YTHDF3	-0.188445757437275	0.540720903063297	0.861159627132473
PHLDB2	0.101771467678738	0.788859849325434	0.947761801695389
TEDC1	1.48151590853558	0.268308210139204	0.73304164401513
PATL1	0.240410815315631	0.538534645771478	0.861159627132473
PEG10	-0.580467020350046	0.127204514536125	0.657056809161496
TRPT1	0.704454139519328	0.312552156970477	0.747518453062553
SETD3	-1.05152985507617	0.161871687556175	0.667901315818292
NOP9	0.240589334618772	0.284343965576207	0.736523168857702
PABPN1	0.186556078676166	0.484673269922294	0.833418077141589
METTL3	-0.742941721320435	0.0662856346539215	0.600020695729366
LDB1	0.0326354504851558	0.909129461582824	0.979050680216444
MTDH	-0.538187558638608	0.107294546284634	0.649022510169007
RIMS1	-0.414590565042026	0.137093078853562	0.658184043156775
USP48	-0.532329800301621	0.27882581516614	0.734598782264638
NAA40	-0.296543756746484	0.269822822154931	0.733787078303325
LUZP1	-0.301399400547027	0.231529032800876	0.719146048440614
ALYREF	-0.0817057204017395	0.79212127638756	0.949004887435918
CAND1	-1.08669928425216	0.180263893747221	0.687368087887018
HOOK3	-0.353270733476474	0.383447592990073	0.783646759035652
THOC6	0.508849702537887	0.153579480477939	0.664183638233793
METTL16	0.122114019473564	0.793956814161551	0.949132411695925
PPFIBP1	-0.487382040100954	0.250799405309645	0.726689592464322
ZC3HC1	-0.535849130257681	0.513251834288107	0.850468266232906
DDX42	0.218859908075238	0.312960019712841	0.747518453062553
SPATS2	-0.692221095016308	0.0257989527795493	0.53774512130499
CACUL1	-0.209071408993424	0.514846048520441	0.851638396776374
PTRH1	0.186350984466806	0.647917260686049	0.894952624818918
IRF2BP1	0.0994141813031426	0.885303198607584	0.976149200879187
ERC1	-0.384981604778755	0.293686715284631	0.741341669201813
PLD3	-0.455971153866216	0.219609214770354	0.71117665025111
ERI1	-0.397606782327841	0.181136027745029	0.687835724919822
AHNAK2	-0.627085452940857	0.0256801595567246	0.53774512130499
MAP7D3	-0.191087996984358	0.518673315137737	0.853186465209417
CHERP	-0.254985044386942	0.404624372970493	0.794760848857956
ANKHD1	-0.27837448035805	0.350123971789289	0.768654321469921
NELFCD	0.271648787346606	0.437435897353352	0.814415899327111
GPALPP1	-0.00193042818404621	0.99500103041076	0.999927387557434
DDX60	-0.655684636632053	0.385482773945111	0.784256228284809
TRMT2A	0.339150277781194	0.235402320197351	0.720955797553901
XRN1	0.219464223885403	0.467612528859343	0.827487070777439
PELP1	0.390363399774781	0.210004305642074	0.706172434104839
ABI1	-0.553080201759414	0.0264444052584838	0.53774512130499
TTC5	-0.510217357422281	0.361556198685949	0.771373513992936
CCAR2	0.728673249324384	0.0184332184057033	0.51874565124677
NUP93	0.189475804217402	0.398302035132464	0.794188708197047
CMTR1	0.0537033271846497	0.84454934492794	0.963863159236945
LRRC47	-1.41080569841881	0.00725661620652367	0.360270839640949
ASCC3	-0.164757196493074	0.727983315271868	0.921023745838682
PALS1	0.14026094675841	0.651136170171684	0.894952624818918
FNBP4	0.64155416895445	0.0461125581733798	0.584015482701607
CARNMT1	-0.776603852867456	0.0228514220716312	0.536410460399203
RPP25L	0.0239232405743195	0.943520636788869	0.984710702797291
RFLNB	-0.300045151974924	0.323936212642474	0.758156993103434
ARFGAP2	0.528469394953817	0.258040508657731	0.730196979544953
C1orf52	-0.31145189807642	0.57190619081414	0.872147941780026
METTL13	-1.10560779392913	0.235236601491846	0.720955797553901
PAF1	0.0037990842053226	0.98462126728318	0.99736128368056
CGAS	0.417640487508514	0.273507424311135	0.733787078303325
ENAH	-0.484377450882505	0.655116519940438	0.894952624818918
ASCC1	0.41649246359199	0.419511687353338	0.804872605952361
EIF1AD	-0.476715326333419	0.712463836646948	0.916810223877119
AFG2A	-1.10253635187024	0.0937925322411334	0.62254515005995
FANCB	0.0651222497739816	0.77889483858609	0.941512969474744
TXNDC5	-0.938141558679298	0.20103541499772	0.705980029794485
SERBP1	-0.17046465020573	0.664558030914403	0.898854721561143
FAM98A	-0.172072564940763	0.482362320951134	0.832168495204093
TENT4B	-0.378026173457751	0.334213420775813	0.764086962479424
ABCF1	-0.720019770163915	0.111307755093415	0.654251340141825
SHCBP1	0.367472937123235	0.130958757944708	0.658184043156775
NAV1	-0.978918014554164	0.0810928645177558	0.610579710822461
LPCAT1	-0.0178278153247895	0.961640279407587	0.992575782284605
NUP43	0.366557513601268	0.15487052851783	0.666760210319186
NUP37	0.0930664518005244	0.761213405703654	0.937081884381744
CMAS	0.127900295003418	0.668907316073399	0.901103978997998
KNL1	-0.300322664313825	0.839793058330499	0.962986157865819
MOSPD2	0.406557522506422	0.181701244686827	0.687835724919822
RASSF8	0.144442058872087	0.527216523900755	0.859368755904632
NEDD1	-1.49926935008085	0.0231007903186314	0.536410460399203
CDC26	0.136692328901624	0.760110081561018	0.937081884381744
WDR36	0.423577396816768	0.230568113411618	0.717905262213447
WDR48	0.337495735122232	0.455168697713717	0.819927569696182
NPLOC4	0.385220126363453	0.373312260900224	0.777852163396665
SHKBP1	0.248192458770074	0.551345083159866	0.865608153751072
ZCRB1	0.257347121060175	0.503989175174539	0.846012461467471
TMEM167A	0.339438028585157	0.26163515401137	0.730555961204825
PIP4K2C	0.170221528507106	0.630577894612281	0.890282224413952
BICD2	-0.217795865558379	0.338161363605311	0.764086962479424
BRIX1	0.473393030415096	0.0870225312000952	0.62065828748736
DTD1	-1.02262230427273	0.0148436226671825	0.455521092410497
UTP15	0.975158092405159	0.262450912578355	0.730555961204825
GEMIN5	-0.367717592799615	0.400981579082489	0.794511261695998
PARD3	-0.224862037410322	0.545515183378698	0.863282278647148
SCARB1	-0.453324245066426	0.268310805345817	0.73304164401513
ZC3H15	-0.876743617667625	0.0694262621291154	0.60496771631919
GTF3C2	0.431392456513443	0.256287369227752	0.728243473893526
CCDC12	1.11478688160474	0.314105221837348	0.749320666024918
NUP133	0.112209716979567	0.641870296618729	0.894952624818918
CHTF18	-0.26877191154351	0.540924929919119	0.861159627132473
SNRNP27	0.0314701490178209	0.927552261026505	0.981974614529695
SCFD1	-0.0302388362207964	0.893295320604005	0.976984551839254
PCNP	-0.595661495212969	0.277343351250184	0.733787078303325
LMO7	0.0204664681099764	0.941939919642253	0.984325792830293
ATXN2L	-0.512122819165484	0.0298774346862197	0.543642649956469
PRPF31	-0.124400021340307	0.570214832376169	0.872147941780026
NELFB	-0.560546593079721	0.039819022506232	0.558435750666436
PALLD	-1.08272877989331	0.224181115300195	0.711939302484034
GEMIN6	-0.488787925025214	0.105450565610316	0.64708383629209
MYO3B	0.732656635796168	0.169308738039182	0.677549796254043
DNAJC9	0.0370636819179886	0.921626402666298	0.980682075070157
CTNNBL1	0.0271394038381771	0.923216759656776	0.981426092373673
DDX1	-0.182551123160884	0.380762354196369	0.779857145565286
AP3S1	0.703742388571541	0.062800631816737	0.591502688120517
HSPH1	-0.235184585249868	0.561109029356085	0.870013838565054
CNOT9	-0.231811094779374	0.492413175235417	0.838391895340904
MYO18A	-0.071069119019203	0.844631376641514	0.963863159236945
LARP4B	-0.096177052184931	0.835938634251178	0.961517421585463
GCN1	-0.507653257916971	0.506163378429773	0.847508825690357
DHX38	-0.170791654242556	0.524609779093848	0.858482860225033
NUP205	0.370815358681607	0.178981724621112	0.685888822671378
ANP32B	-0.976533976933769	0.290397163204708	0.741341669201813
PRCC	-0.416617661004103	0.205111973639193	0.706172434104839
HDAC2	0.231775601845431	0.613896523519978	0.887648560250155
DDX17	-0.408048480533825	0.366074791351434	0.774108414380567
RAD50	-0.17246089709792	0.490310942531581	0.837041733667621
ERCC4	0.445278520366049	0.3760739173232	0.779487845830697
UFD1	-0.351753636927139	0.240755086472079	0.725229553497355
UPF1	0.78054562807899	0.100666118490962	0.636990946918877
COPS5	-0.221038219660279	0.39536634278636	0.791971431294244
GPKOW	0.0943665310720156	0.683544055333048	0.904475679978466
SMARCC1	-0.016880286364465	0.948275732095918	0.985977947069857
KHSRP	-0.058459310722121	0.851998080677942	0.964529142995697
TNPO1	0.0101556842214237	0.987693943894981	0.99836468215577
ARHGEF2	-0.0557089589902944	0.861680526365367	0.96847538796881
EMG1	0.104945377852083	0.698835771109812	0.913678942732528
CLP1	-0.395449617814414	0.210532215456598	0.706172434104839
USP7	-0.0675395202850311	0.792651631737403	0.949004887435918
LSM10	0.12315550795487	0.629911662224698	0.890282224413952
ZNF622	-0.561254641479184	0.0558992642790549	0.585150828279326
EXOC4	-0.425301736757863	0.238872403809441	0.723787157198273
MAGOHB	0.371025630876375	0.326635500556111	0.75962655019899
FERMT2	-0.906090572489223	0.258834525177697	0.730555961204825
FUBP1	-0.3321276161107	0.449144558326133	0.819588436195203
VPS33A	-1.70449580434169	0.0211357871594404	0.536410460399203
PPWD1	0.166351892737527	0.507914012721664	0.848325747424267
CUSTOS	-0.260983770931983	0.204073981767224	0.706172434104839
GRAMD1A	-0.618240563607017	0.134055975124283	0.658184043156775
CCDC124	-0.865326156572561	0.0562981034094053	0.585150828279326
AP2M1	0.0604005852765681	0.84098113369408	0.962986157865819
TUBGCP3	-0.975919331970282	0.262790114064142	0.730555961204825
NMD3	0.210820441969954	0.580662446128236	0.876214022567615
REPS1	-0.251175371809651	0.605536370600321	0.885902943410691
MSI2	0.00873230570461914	0.966424688358605	0.995364620407487
SNRNP40	0.293961826537739	0.339401017801586	0.764086962479424
RMC1	0.604566210694628	0.194272796315941	0.695883573589626
SPDL1	0.15565846314912	0.812395724530631	0.953371557307271
SEH1L	0.284320320984907	0.246941507937701	0.726689592464322
KIFBP	0.0292131882053432	0.96954215438566	0.995679233963677
FAM120B	0.776013341976224	0.280489016556368	0.734949494057204
DAZAP1	0.0770269206343457	0.735073386310836	0.924559899512352
CYFIP2	-0.571262129139679	0.469884562066245	0.829038958999018
CCDC97	-0.565391449021213	0.036791234647384	0.544908015858552
EDC3	-0.701428260598391	0.190615981646581	0.694399720414324
SIPA1	0.0852706188743042	0.918913939099439	0.980682075070157
TRMT61A	0.303341141203077	0.353159679042055	0.769908781783735
CHMP6	0.688531270147791	0.250574936171761	0.726689592464322
LTV1	0.953906080242515	0.11949726833004	0.654306321756562
TOE1	-0.431181075841145	0.119254947602089	0.654306321756562
PDLIM5	-0.737527179630863	0.268488923316282	0.73304164401513
NAF1	0.111835169060299	0.849985787896717	0.964529142995697
LRCH3	-1.64584356353777	0.038399966219171	0.553767933897518
PAWR	-1.47250583920854	0.0285026516110388	0.543642649956469
ITCH	-0.298654688551942	0.431828947156248	0.811467286366496
ELMO2	-0.249950980397145	0.663853497613756	0.898568107567526
ZFP91	0.00981488463369828	0.988353186860159	0.998504826124723
SCYL1	-0.621192971470968	0.334030113149068	0.764086962479424
EXOC2	-0.50515022442713	0.365103063811707	0.774041591574282
ZFR	-0.176579024988868	0.487084331076721	0.835172393723932
DNAAF10	-0.797089079634912	0.0147223954951685	0.455444428382795
DOCK7	0.413028577709085	0.326940415635696	0.75962655019899
NSUN5	-0.0507842476883411	0.858560235015834	0.967523327533994
RPRD1A	-0.360384956414482	0.231081449255101	0.718337471104189
RBM14	0.24773109302182	0.473589817079106	0.830094053439723
SMG1	-1.7616107047386	0.00595779827191105	0.336089914280159
VPS35	-0.272955257811173	0.731670610309689	0.923252783272358
SPAG5	-1.62861262287289	0.241343609591882	0.72536297324053
NACC1	-0.892202245270671	0.0247934249568439	0.53774512130499
TGS1	-0.123472036370295	0.790649151318919	0.94808694731459
ERBIN	0.405911021748405	0.454996158628159	0.819927569696182
WRNIP1	-0.383424134713891	0.398339223218805	0.794188708197047
RANBP9	-0.231970280969662	0.570244294427888	0.872147941780026
SRPK1	-0.0397912147684458	0.878816784433042	0.974599937867924
CDK5RAP2	-0.0769989008587793	0.781260901530066	0.942130404988788
IWS1	-0.0287579751272204	0.937676054340994	0.981974614529695
OSBPL9	-0.55100160420767	0.440396825980155	0.816560073918731
SPEN	0.347526323047497	0.224837555757765	0.711939302484034
NIBAN2	-1.30873883215067	0.161627301087114	0.667901315818292
TCF12	-0.732937044175223	0.101479913138171	0.636990946918877
PSMB7	0.0568328066099681	0.838907507012398	0.962623151929272
PSMD1	-0.14536251637394	0.544889002590383	0.862647219949116
GAS2L1	-0.489938264587096	0.263423281106159	0.730555961204825
EYA3	-1.5131482922199	0.207386061175177	0.706172434104839
DNAJC2	-1.41874021926254	0.0324274565605523	0.543642649956469
NUP88	-0.0420961158394597	0.824390454269837	0.956060154548879
PIK3R4	-0.0594572600938825	0.874730621832978	0.973271556203069
POP1	0.56092125740911	0.0397770779747501	0.558435750666436
DNAJC7	-0.361948459684925	0.518635612269792	0.853186465209417
COPS8	-1.00309884056602	0.0733407613618367	0.60496771631919
CHP1	0.133297671360666	0.656787323985232	0.895322023741063
KIF2C	-0.255773317990986	0.356046977522395	0.769908781783735
HNRNPAB	-0.000579212981072885	0.998411458694229	0.999927387557434
NAP1L4	-0.01475285704554	0.985014001330966	0.997427981046877
OLFM1	0.306145548251507	0.359649144479662	0.770303806936898
TSG101	-0.183247674988952	0.796224057772684	0.94992425477685
CCT7	-0.536086691982362	0.339327806559279	0.764086962479424
PRMT1	-1.20069481781027	0.320850519916559	0.755081346257621
BAG1	-0.854356589572557	0.00287414131966481	0.249596224300678
AKAP9	-0.0150262171508295	0.972769462407685	0.995679233963677
NCAPG	-0.392305592935763	0.357872295422317	0.769908781783735
ARPC5L	-0.46376540531314	0.197651526875632	0.698793785340943
RBM4B	-0.222717665368986	0.850517901124869	0.964529142995697
ELAC2	0.258794143616999	0.346441527263034	0.766711076627086
TRIR	-0.645282971906965	0.048756749719556	0.585150828279326
GRWD1	-0.105849689446728	0.660185904338282	0.89676810518472
MACROD1	-0.123936238670403	0.645315026294836	0.894952624818918
CMSS1	-0.0466842407295083	0.829402929606246	0.958310131918542
WDR77	-0.984076519807335	0.230854637122562	0.718214426603525
MYBBP1A	0.593246159038575	0.0317581348677581	0.543642649956469
CORO1B	-0.566966460044828	0.203256923687983	0.706172434104839
CHLSN	0.00990453445311346	0.967430240995937	0.995456653556978
PDCD2L	0.843072827126161	0.022406624947461	0.536410460399203
PYM1	0.118285203914926	0.822514100801726	0.95524192875429
AIFM2	0.0961568973748292	0.794929416953728	0.949132411695925
RIOK1	-0.283730159640619	0.552111855068657	0.865863072789603
PELO	-0.84830989512762	0.0188975921375952	0.51874565124677
GINS3	0.875661574023592	0.0490510314262425	0.585150828279326
NTPCR	-0.31154968163878	0.275241944956451	0.733787078303325
TUBGCP2	-0.230214615970677	0.725164517640291	0.920210735371843
ESYT1	0.0132652462833747	0.967104728845436	0.995388714744055
TSEN34	-0.345874641994733	0.676865772429578	0.901901289318448
CNPY3	-0.243820010234618	0.798710492211376	0.950326751899144
COPS4	-0.404464580596276	0.311955796558345	0.747518453062553
RBM42	0.373617776552976	0.135283929689884	0.658184043156775
DCUN1D5	-0.659600325203272	0.40723466875992	0.795717241409359
PAGR1	-0.0770850632353977	0.907678211768477	0.978873663296002
ANP32E	-0.533117089771601	0.526058743090678	0.859072515323901
MED18	0.605476329331452	0.232301278565452	0.71979620725127
POLR3C	-0.0188562379784898	0.943358435377611	0.984710702797291
HNRNPUL1	-0.337005788906893	0.235494685697351	0.720955797553901
PDCD10	0.825269189114241	0.409843648038864	0.796030498165612
RPP25	0.453422577989336	0.218536034205942	0.71117665025111
EFHD1	0.0671448430044848	0.92604764896188	0.981974614529695
DDX23	0.249392442898355	0.39274115699869	0.789355474070268
WRAP53	-0.348451539195285	0.301564809465342	0.741341669201813
WDR18	0.0109113082728456	0.970842475014609	0.995679233963677
NTMT1	-0.705729192409201	0.362623186198042	0.771483848992319
DSCC1	-0.31975590632004	0.303135523736142	0.742546531961585
KIFC3	0.0239691237683672	0.932699113959117	0.981974614529695
TMED9	-0.142283807570326	0.691810882251794	0.909453921973229
GNL3	0.269435955918141	0.359627746162818	0.770303806936898
AFG2B	-0.383858124577216	0.512706042335461	0.850156325664875
NUP85	-0.106990885441178	0.64083840395273	0.894952624818918
TARS2	0.191205238002603	0.477218665431118	0.83010039887325
RBM4	-0.236080448441982	0.562738052002505	0.87086847290289
SSBP4	-1.69904989775921	0.0554669729139374	0.585150828279326
SLC4A1AP	-0.756788296571713	0.0254699986692755	0.53774512130499
SSBP3	0.501102257172946	0.216967684519098	0.71117665025111
OSBPL10	0.81924009731927	0.115924931775868	0.654251340141825
NAA15	-0.805854511446867	0.326491842663103	0.75962655019899
SRRT	0.084190805040155	0.746583292301268	0.930137547667315
AP1M1	0.310853181632012	0.45425290686423	0.819927569696182
NUSAP1	-0.039600605203546	0.898721457653066	0.977735539295849
FANCD2	-0.0218131331553231	0.948451153463965	0.985977947069857
RTF2	-0.0510468491056528	0.908908380340376	0.979050680216444
EIF2A	-0.559420801882105	0.217785515503618	0.71117665025111
NIFK	0.139609386542592	0.516488641688097	0.852705791967545
YTHDF1	-0.312358391555964	0.150700090509792	0.664183638233793
NUF2	-0.0388413553429743	0.876393615302647	0.973735952378893
GTPBP4	0.141850022362476	0.598116784031022	0.884834548223294
WDR11	-0.749249264246068	0.118768899157124	0.654306321756562
TBL1XR1	-0.224317452216169	0.360977553696349	0.770567554802
API5	-0.063757536608275	0.775872890574272	0.940786725829259
DPY30	-0.762833216746326	0.276817486453881	0.733787078303325
TNKS1BP1	-0.148927852823359	0.578513823006602	0.876214022567615
TANC1	-0.951310709211658	0.0435151638511654	0.577592278661144
WDR12	-0.0111448617363337	0.961784197797674	0.992575782284605
ACTR6	0.800794178746049	0.0930848995167714	0.62254515005995
IMUP	-0.440856467664162	0.209476203356037	0.706172434104839
DDX24	0.0774255793184011	0.71646026634351	0.91887047198051
SKIC8	-0.0873721451441654	0.745956959061805	0.930137547667315
EGLN1	-1.07327438643772	0.0844817845385798	0.616979835279792
PAIP1	-0.222675320186795	0.571527259480038	0.872147941780026
KLC2	1.09879536642324	0.0189198563958367	0.51874565124677
XRN2	0.281341263391017	0.455240498926309	0.819927569696182
CSTF2T	-0.350696479782229	0.477257251633889	0.83010039887325
NT5C3A	0.236470721263821	0.471991371657276	0.829038958999018
DDX47	0.409786517117727	0.202139411174054	0.706094403340193
RAB1B	-0.686797617128299	0.539270054579338	0.861159627132473
TSPYL1	0.514780406203396	0.363216848613172	0.771483848992319
SMG9	-0.0187903118258177	0.978520132668282	0.995914892256708
ANAPC1	-0.169160834188045	0.67818241561922	0.902048455726536
POLR3F	0.015317783902244	0.942019116446954	0.984325792830293
ASCC2	-0.823158169092423	0.253408599328667	0.726689592464322
EHD4	-0.587833377458136	0.304314205028632	0.743737464142757
VPS16	0.127902063252034	0.825653457164028	0.956571024367626
PPIL3	0.00689232113397864	0.979833317599942	0.996194170769515
DHX36	0.352296099769813	0.129076455635866	0.657056809161496
PPA2	-0.564631568170427	0.316500225756881	0.751211104287261
EPB41L4B	0.392985842073035	0.387007365394337	0.784651296856595
TXNIP	0.560962589377979	0.199666563800725	0.703468524992562
NELFA	0.0773903455018576	0.733031041513668	0.924317711764076
CENPH	0.425788958149212	0.260198500912312	0.730555961204825
UNC45A	-0.422872150669608	0.551090396941183	0.865608153751072
DSN1	-0.129851479675182	0.852319538374493	0.964529142995697
CHMP4B	-1.86433651714898	0.0189289468031919	0.51874565124677
GOLPH3	-0.238558570665678	0.34770310307169	0.766925401242413
FAM83D	0.444057715621319	0.521761118991655	0.856429461896444
SMARCAD1	-0.858600093328903	0.0455798368742542	0.583688997641933
HEATR1	-0.0572790974930371	0.919063726337148	0.980682075070157
STEEP1	-0.535465129033234	0.138050012908208	0.659791393183956
TUT1	0.127267578584643	0.654356671578214	0.894952624818918
REEP4	0.358650457153985	0.261168208185748	0.730555961204825
YTHDC2	-0.364477443776622	0.440423042997355	0.816560073918731
RPAP3	-0.387057816304655	0.288220979148262	0.739900121001118
WDR55	-0.339812023266148	0.358966802439612	0.770035911997498
RPF2	-0.236708536035657	0.737968913447658	0.926628069389596
DOCK5	-0.734064466511146	0.459034160741313	0.823214137729629
WDR26	-0.0566329187240839	0.851936866761779	0.964529142995697
C8orf33	-0.120798074811667	0.812356411411701	0.953371557307271
PHAX	-0.153519790718075	0.605788439348568	0.88593383657686
TUBA4B	0.631068016014815	0.375719374611697	0.779487845830697
RMND5A	0.988646460238382	0.128517976233799	0.657056809161496
ANKZF1	-0.807447965765789	0.0826574069826428	0.614767844916843
ACTR8	0.0591884480202793	0.886334349021458	0.976672211611352
CNOT10	0.0307645336494282	0.91942814986356	0.980682075070157
ACTR5	0.475070172042745	0.106390239988594	0.648828236242046
COPS7B	-1.9484310681967	0.174611621360373	0.685786787379843
ELP3	-0.0498363224059375	0.939355278779741	0.982795900937711
POLR1B	0.0724457305203323	0.803478559900099	0.950963375294496
C17orf75	-0.903398271091731	0.134959232661319	0.658184043156775
PLEKHA5	-1.57283544992032	0.0280044172225022	0.543642649956469
UPF2	-0.884924866079789	0.160570827744603	0.667901315818292
CLSPN	-0.360286521337784	0.410398605714221	0.796145883795156
CACYBP	-1.11080352507949	0.0277573585122203	0.543642649956469
PARVB	-0.502604112752906	0.480411645898367	0.830658908597247
SPC25	-2.85773863606575	9.50484374378869e-07	0.00182302903005867
MOV10	0.996594087083032	0.0445374574896856	0.579137921798082
RAVER2	-0.0300710777698079	0.959008363889108	0.991311259466078
XAB2	0.127176123562371	0.592261692078386	0.881954911029771
WDR6	0.196186817782952	0.654296085522474	0.894952624818918
RAB18	-0.43118418487343	0.244195125914943	0.726689592464322
VTA1	-1.02908995877946	0.0663213699137777	0.600020695729366
ENY2	0.644909479428943	0.0502435310199772	0.585150828279326
EXOSC4	0.327594602974898	0.250442939857112	0.726689592464322
NOP10	0.431409303693123	0.237797508792229	0.72322398733865
DCP1A	0.385012264055913	0.212492100502198	0.708183924870924
ACOT13	-0.205333953025875	0.468049766489503	0.827772662173229
MED4	0.253041561195786	0.498691421166314	0.842023121548328
LUC7L	-0.445149390299189	0.423182679136871	0.806429925927459
JADE2	0.505668326729271	0.305656151250373	0.743970175251541
RTN4	-0.87401482550522	0.277079938771702	0.733787078303325
RPRD1B	-0.0914468515729112	0.667119596527055	0.900617619029686
EXOSC5	0.367197802459522	0.191237161486956	0.694970921486529
EXOSC3	-0.152603421212309	0.522838207865564	0.857680832357567
ANLN	-0.735695121237164	0.111472921382729	0.654251340141825
PDLIM7	-0.0506542294236496	0.898357833702962	0.977617205697748
DDX21	0.246113539479413	0.454995049855315	0.819927569696182
SAR1A	0.111964317393799	0.909373715748486	0.979050680216444
SPHK2	-0.441689991247813	0.34837664507472	0.766925401242413
POLE3	-0.304759065233409	0.35770617610507	0.769908781783735
CHRAC1	-0.626570483394335	0.0245086370219798	0.53774512130499
UBQLN4	-0.29825698347263	0.170388317310431	0.677575599715049
VPS45	-0.262459834692436	0.363023940351316	0.771483848992319
PNO1	-0.069159418732724	0.805051309940401	0.950963375294496
LANCL2	1.13940276073675	0.191956131407591	0.694970921486529
HOMER3	-0.295754215172519	0.449732145500232	0.819588436195203
FARSB	-0.947911661182545	0.0286368843099417	0.543642649956469
SLX9	0.679813920125188	0.0881600652670523	0.62065828748736
DIAPH3	-1.19109413735605	0.308533465416261	0.74623857083025
SMC4	0.231370027884914	0.880235508537444	0.975010770580001
CUTC	-0.113999300214147	0.644319920273069	0.894952624818918
STAU2	0.216455688792728	0.402467483947894	0.794578110357242
TXLNG	-0.19134114190982	0.76341740730786	0.937085157459771
SPATS2L	-0.280235229166124	0.389163588981561	0.786597385311827
ABCF3	-0.0429318335600364	0.901462143116861	0.978873663296002
DDX19A	-0.665934621814813	0.270915297164604	0.733787078303325
TDP1	-0.716227869769135	0.178265177820281	0.685888822671378
DCAF13	-0.791827244099991	0.336109358474706	0.764086962479424
EXOC1	-0.106861299087125	0.840344995617063	0.962986157865819
INTS9	1.35677218954163	0.0315349526825409	0.543642649956469
SEPTIN11	-0.924993842149568	0.18152081528901	0.687835724919822
PARVA	-1.22682682258708	0.0438603940973755	0.578173442465747
INTS7	0.461430876938397	0.14350704815937	0.664183638233793
FANCI	-0.242861438284073	0.408627690929146	0.795933086828935
DNAJC17	-2.32228717289318	0.0891508645478456	0.62065828748736
INTS13	-0.0338906138845587	0.897473880465219	0.977487167934293
GNL3L	-0.467746580871886	0.0876405474663635	0.62065828748736
ARMC1	-0.273353633374498	0.235159392462216	0.720955797553901
SDAD1	0.456009559070818	0.128923322998823	0.657056809161496
NLE1	0.237234893351953	0.282997350170995	0.736523168857702
POLR3B	-0.320215294670213	0.371325125942383	0.775499628566725
RBM28	0.0999786534937783	0.74048508142601	0.927359050718308
RBM22	-0.0137349956980763	0.97236457464364	0.995679233963677
GPATCH2	-0.793718407039311	0.0868481940844939	0.62065828748736
WDR70	-0.395905770372131	0.45064552703994	0.819927569696182
PIH1D1	-0.836942693983239	0.0554062294645861	0.585150828279326
GID8	-0.0739614517831697	0.832328321537592	0.959682223892556
BABAM1	-0.226197490653099	0.413508709127903	0.798319538191064
HYPK	-2.13745510613511	0.00397608012216478	0.279648869581163
DUS2	-0.340500951088796	0.572160189733394	0.872147941780026
MIOS	-0.362892141365883	0.453068420088008	0.819927569696182
TRMT1	-0.525161037385796	0.23028813776061	0.717739839020141
BABAM2	-0.0376414980357644	0.903044649279393	0.978873663296002
GAR1	-0.00741322016694923	0.975936963962097	0.995679233963677
PPP4R2	-0.248691490275515	0.360386934538888	0.770567554802
DDX56	0.0610354439702014	0.847099535269034	0.964235554092585
TERF2IP	0.101318540143783	0.790501010873336	0.94808694731459
ABI2	-0.0460776597052828	0.892994978057756	0.976984551839254
BCLAF1	0.0868854306750606	0.77981538232633	0.941571232799433
UTP6	-0.0714581177428393	0.779207508941519	0.941512969474744
MAP3K20	-0.843992991595652	0.379634779800534	0.779857145565286
TMOD3	-0.219885304518925	0.647236255953004	0.894952624818918
NKIRAS2	0.465480430188745	0.367383401973366	0.774331170313095
RRN3	-0.243660560826523	0.721409690144857	0.920210735371843
ACTR10	0.317532393679947	0.150042100356707	0.664183638233793
C9orf78	-1.86841172475807	0.00397611521616828	0.279648869581163
FAM120A	0.0740846921444351	0.758582295622466	0.935967091028556
UBP1	0.130974710393303	0.557683843615178	0.869484647978604
IGF2BP1	0.120902533228666	0.723955672080611	0.920210735371843
HSPBP1	0.798700004649383	0.0734939038947394	0.60496771631919
MAT2B	-0.144573251243315	0.805650911838594	0.950963375294496
MYOF	-0.878697428761576	0.183191695397596	0.687835724919822
EHD2	0.499678368449874	0.206765671593305	0.706172434104839
PALS2	0.252343411897993	0.44632128865121	0.818203179186967
CCDC59	0.579138529498216	0.326332148021	0.75962655019899
RAI14	0.082310976828655	0.782683209609121	0.942869871910288
MARK1	0.447081864509411	0.735116708423533	0.924559899512352
NHSL3	-0.239238233370159	0.512841954532983	0.850156325664875
ARHGAP23	2.5123500748929	0.0484777236038576	0.585150828279326
RCC2	-1.09339348956238	0.0835753782129443	0.615345778934461
DIP2B	-0.37526686447967	0.138980105227139	0.660562683559302
SLAIN2	-1.67520429408675	0.0264947413781656	0.53774512130499
BCCIP	0.0347401266114282	0.898116309436362	0.977617205697748
IBTK	2.44866178985611	1.07188454808529e-05	0.010279372816138
RRBP1	-0.24085097625942	0.368458149454578	0.77489334501522
CPSF2	-0.137754913729502	0.657341735852073	0.895441370287128
LARS1	0.0885707572732422	0.687029570049235	0.906355847226917
KLHL13	-0.575104059507172	0.478161288755028	0.83010039887325
ATXN10	-0.632888758869299	0.132256405443397	0.658184043156775
NCDN	0.778808509052904	0.146490729500426	0.664183638233793
EPS15L1	0.135334887649982	0.550950806632806	0.865608153751072
ORC3	0.443406849630154	0.102185090104119	0.637739044152146
UXT	-0.418961165148708	0.157409012841208	0.667901315818292
SPAST	-0.17528536486504	0.804006665254932	0.950963375294496
GULP1	0.161748530985641	0.566907179601976	0.87086847290289
VPS29	-0.097597157956308	0.919994750054072	0.980682075070157
EIF3K	-0.201133693936235	0.572824788347797	0.872147941780026
CTNNAL1	0.470965124834219	0.217372716111381	0.71117665025111
NXF1	0.240046878490038	0.451695861099475	0.819927569696182
COPS7A	-0.133231572072006	0.546887509468183	0.864028206886306
DNAJB4	-0.529358304252494	0.0927935059637131	0.62254515005995
ADD3	0.0455922109259497	0.934240786141806	0.981974614529695
LRWD1	-0.22317145816184	0.365228175377855	0.774041591574282
CNOT8	-0.600231232767936	0.407179945910449	0.795717241409359
ABCF2	-0.0898408974229064	0.721908495694572	0.920210735371843
PARP2	0.315078390514671	0.514552653565133	0.851638396776374
ZC3H7B	-0.131532883706246	0.64939659685129	0.894952624818918
ARMCX3	0.305507184959989	0.220407842496594	0.71117665025111
LIMA1	-0.195104559554455	0.546867373762834	0.864028206886306
SRP68	-0.439859934993645	0.464518156782978	0.826521251089634
SEPTIN9	-0.783208959374321	0.276650548997573	0.733787078303325
DDX20	-0.257370982381794	0.3607541218214	0.770567554802
BAIAP2L1	0.264408020107684	0.501111584343039	0.843838471264221
SAP30BP	0.0462278705793686	0.882329729604534	0.975010770580001
PFDN2	-1.27215343367368	0.0561146399008061	0.585150828279326
PUF60	-0.170141780694422	0.512299738465128	0.849992126622937
EIF2B4	-2.09516532505313	0.00374214210546548	0.279648869581163
TRMT112	-0.877322156466594	0.0122052600710864	0.429501524705708
CNOT7	0.417989444673896	0.104981855249626	0.64708383629209
RABGEF1	-0.954602939918139	0.00883321199228056	0.390203800937684
TRMT6	0.194171511377018	0.409403271040129	0.796030498165612
TSR3	-1.7742240968813	5.28408313316361e-05	0.0289567755697366
DCTN4	0.148015675516678	0.587043650288895	0.879442775765429
CDC23	0.824767815655875	0.0390802286457888	0.557292777268572
ANAPC7	-0.0616551825447438	0.812422237856881	0.953371557307271
ANAPC5	0.268188278095487	0.481248946726636	0.830815013340853
ANAPC4	0.145618374364474	0.509656768503158	0.849038911224862
ANAPC2	0.188679649963827	0.555674221511262	0.86812856267472
LSM7	1.25539155300627	0.00523072723240844	0.313516713492481
MRTO4	-0.0975223328900334	0.70344059690466	0.914401263885556
CPSF3	0.369673946598098	0.196465565744934	0.695883573589626
TLK1	-0.152819884499486	0.628466273455565	0.890282224413952
RCOR1	-0.102536112606558	0.722543866506706	0.920210735371843
GTF3C4	0.00024084970496574	0.999163277325641	0.999927387557434
PACSIN3	-0.586329445807589	0.0569458415241795	0.585150828279326
ACIN1	0.257781620648949	0.510036079845969	0.849038911224862
AGO2	0.115000318210949	0.723198023287644	0.920210735371843
NUP50	-0.163575432674918	0.44694667138479	0.818203179186967
BAG5	-0.293593819042606	0.178110621400638	0.685888822671378
RAB21	0.142940954727386	0.683304633987476	0.904470868176659
MKLN1	0.975965592850542	0.0220676133327309	0.536410460399203
MCTS1	-1.90444795248455	0.0283301269693806	0.543642649956469
CNOT6	0.369268715298613	0.393333683701267	0.789962309255528
ISY1	-0.694087732549097	0.146288490611323	0.664183638233793
CORO1C	-0.325516978081797	0.333684622759311	0.764086962479424
NOB1	-0.0168993628842102	0.9697115536954	0.995679233963677
AKAP8L	0.264415043627537	0.419407578561611	0.804872605952361
MYO6	0.227528131030908	0.540772801822476	0.861159627132473
DDX19B	0.0826642748593791	0.800710312491406	0.950963375294496
PRPF19	-0.101447300167592	0.675285207593342	0.901901289318448
NOL7	-0.196477097869185	0.54380022445751	0.862498056802969
G3BP2	-0.430925908127161	0.216876095675759	0.71117665025111
STUB1	-0.919855050574917	0.0100643178792987	0.396626403241039
MAGED2	-0.465261057161417	0.102826877532546	0.63812716298264
SNX6	-0.0246606657731476	0.971954351631132	0.995679233963677
DUSP12	-0.581780173051193	0.10122909075023	0.636990946918877
STX8	0.101784678188327	0.911331368610277	0.980058068401744
PSMD13	-0.176151156762788	0.619105978617591	0.889305376342686
FAF1	-1.39556327900318	0.0253462517330686	0.53774512130499
PPIE	-0.0577667448316888	0.83334241078887	0.959682223892556
TIMELESS	0.517207658773849	0.0793782610765968	0.610579710822461
COPS3	-0.148521192698833	0.602148538817867	0.885668792969396
MACF1	-0.296973579303639	0.654434991991719	0.894952624818918
CEP131	-0.411868963565823	0.132256148852551	0.658184043156775
TRIM33	-0.113189033213597	0.612062387976589	0.886993320845559
AGAP1	1.3641957094338	0.0180920366161004	0.51874565124677
EXOC7	-0.180431425877956	0.587797716632314	0.879828888295541
DICER1	-0.0709232983224126	0.858482316033276	0.967523327533994
SLC7A11	0.694640637480866	0.041423098864546	0.566485217038491
SHOC2	-1.1753528828288	0.117797650418235	0.654251340141825
SRRM2	-0.0405559370565705	0.937425524744741	0.981974614529695
PA2G4	-0.859397833083271	0.0931144921761615	0.62254515005995
BAIAP2	-0.0481332311387064	0.813474613294103	0.953465642786592
SMC3	-0.145009672827413	0.479489097464231	0.83010039887325
RTRAF	-0.0051399234995344	0.982991101379193	0.99736128368056
RUVBL2	-0.0700422641351857	0.75386404758043	0.934051190735959
PIN4	0.517724796235441	0.456184717950003	0.820405334297334
EIF3L	-0.100660749004597	0.818440943565945	0.954836745287622
RUVBL1	0.384533203310891	0.107097346302932	0.649022510169007
FARSA	-0.931671864723519	0.140104031672275	0.662245966608573
ASF1A	0.355175196842275	0.409646762560197	0.796030498165612
DRG1	-0.416251728549287	0.337461669412512	0.764086962479424
NCKAP1	0.0783049598773857	0.794124553519347	0.949132411695925
EXOC6B	0.249582326630385	0.708443614670704	0.915629954810249
PALM2AKAP2	-0.0587188862394257	0.861434665409905	0.96847538796881
DIS3	-0.50122683629921	0.0473187757966813	0.584048702923682
MRPS28	0.113038079434759	0.624088635073946	0.890282224413952
AP3M1	-0.427267776655416	0.166572061880295	0.674019440266678
LEMD3	0.465903250650221	0.155316136189262	0.667181073260929
THRAP3	0.320446198400198	0.24675791805579	0.726689592464322
WBP11	0.0604546289136856	0.859101702894664	0.967523327533994
NOP58	0.566691616097714	0.0792856943652925	0.610579710822461
ZNF281	0.00362758882822689	0.993414281407203	0.999927387557434
SUGT1	-0.663145422147945	0.152089637781066	0.664183638233793
AAR2	0.0986923874032968	0.690025105944061	0.908148434606125
NOSIP	0.0894493822506206	0.882745674198213	0.975010770580001
LSM2	-0.242146955296601	0.313723508725645	0.748875780629479
CAB39	-0.280843716947626	0.748982963995687	0.931916526074426
LUC7L2	-0.38616363366258	0.184230008087451	0.688126885125084
SBDS	-1.44700155655499	0.0321962172539866	0.543642649956469
EXOSC1	0.084411952594607	0.751981893810046	0.933084060121438
SF3B6	0.398473441410896	0.352596959864358	0.769908781783735
RRP15	0.2972060088129	0.438154374077631	0.814716519128353
NOP16	-0.44028708573709	0.399245011694777	0.794188708197047
PPIL1	-0.482525991616843	0.139173227185669	0.660562683559302
GOLT1B	0.252466414315389	0.282624992244627	0.736523168857702
STRAP	-0.956346301751481	0.0834256642930953	0.615345778934461
RTCB	-0.237091933366969	0.288744779522401	0.739917664701668
RPL36	-0.345787437005853	0.382930629644627	0.783007406885283
CCDC9	0.727728500886116	0.248443440787307	0.726689592464322
PKP3	-0.0506171776645026	0.800027180581212	0.950963375294496
HBS1L	0.316606087372762	0.636805151384226	0.893157060588625
TLN1	-0.595888766547677	0.439809575004902	0.816560073918731
MTCL1	-0.875488269077607	0.0873206342485422	0.62065828748736
DCAF1	0.0385426316889017	0.910947376209494	0.980058068401744
TCAF1	-0.383825028415103	0.134078853465907	0.658184043156775
FARP1	0.518336208257285	0.44836160945101	0.819397395833289
HYOU1	0.250569103090047	0.603343648845644	0.885734576811771
LAS1L	0.249222267733558	0.400566165344096	0.794511261695998
LSM5	0.116078781880415	0.613081718421371	0.887648560250155
LSM4	0.126913294767306	0.776176885673403	0.940786725829259
PRRC2C	-0.296483184207091	0.385995831277212	0.784256228284809
POLR3H	0.637611996584106	0.599442093902171	0.885491068116152
ASB3	0.0308691817621103	0.913230604735388	0.980114208218846
RBM7	-0.948653887007893	0.0319727223443013	0.543642649956469
YTHDF2	-0.34893165654352	0.264566814468095	0.730555961204825
SUPT16H	-0.274968233534661	0.336968146939824	0.764086962479424
UCHL5	-0.609458650431908	0.049028372740322	0.585150828279326
CD2AP	-0.91759955997372	0.346602747645592	0.766711076627086
GTF3C5	0.475251313283479	0.224091397927342	0.711939302484034
GTF3C3	0.0269978239353819	0.929397848206849	0.981974614529695
CDC42BPB	1.0351711407911	0.357948345433779	0.769908781783735
RBM8A	-0.279549306226762	0.210270805726989	0.706172434104839
MRFAP1	-0.572346896859859	0.332765348017147	0.764086962479424
PUS1	0.330782747447138	0.257837155714267	0.730196979544953
COPG1	-0.245104564939652	0.651573179807123	0.894952624818918
CLIC4	0.22117293057838	0.662229804393642	0.89754228494814
CFAP20	0.314662594520257	0.376129302041872	0.779487845830697
MAD1L1	-0.759786765381744	0.125752361412532	0.657056809161496
BZW2	-1.29758860637254	0.058505958990498	0.585976132343474
DYNC1LI1	-0.254699872497611	0.387480599938547	0.785195764059305
EPN1	-0.89122855822383	0.0196890975257463	0.532207033468981
OAS3	-0.793801707771113	0.0221908562328471	0.536410460399203
ROBO1	-1.00120918935001	0.018474302997386	0.51874565124677
NUMBL	-0.620517096682889	0.60519811614017	0.885902943410691
DDX49	-0.0596643237359871	0.807922474369987	0.952132292375812
WASF2	-0.212185576396504	0.580613364195475	0.876214022567615
FANCG	0.238947353487326	0.338458212669778	0.764086962479424
POLR2D	0.213235833737031	0.676495919173905	0.901901289318448
KIN	-0.191803290799079	0.563849818977339	0.87086847290289
RNGTT	-0.203496868897446	0.642486366798791	0.894952624818918
RNF40	-0.174888578771711	0.493930397589899	0.839625535004545
KDM4A	0.306506569065796	0.476349353496459	0.83010039887325
MACROH2A1	0.208144177927423	0.506925843912673	0.848095605925192
CREG1	0.661135871903983	0.218483775389585	0.71117665025111
CCNK	0.0757653161813288	0.74484266922277	0.930137547667315
ARL6IP5	0.34962725799279	0.428623934570521	0.809951434981536
SMNDC1	1.09057998837729	0.185564617625155	0.691256886635118
RSL1D1	0.533555448524485	0.18918009313427	0.694399720414324
PHF14	0.798029804077821	0.05656424393473	0.585150828279326
EPN2	0.0525923613396273	0.845767308131271	0.963863159236945
POP4	0.316410892163503	0.346799223598584	0.766711076627086
GLUD1	0.131958236179305	0.692566713691759	0.909550686552744
GNAI3	3.84289661277674	0.0215255988667952	0.536410460399203
SNRPC	-0.446100458959005	0.225690850770275	0.713138470802944
RALA	0.373248188243196	0.647087866546201	0.894952624818918
P4HA1	-0.170414174671023	0.434674576026434	0.813371548115805
CREB1	0.165051139504563	0.527242604230548	0.859368755904632
GLB1	-0.641765493587474	0.421705120889877	0.806009389005266
XRCC1	0.452105150020525	0.137727216739692	0.659791393183956
ATP2B1	-0.176428449734196	0.65164602843972	0.894952624818918
RAB6A	-0.324125761745325	0.495611013328406	0.839736681593536
APC	-1.87607583408473	0.0643265671370438	0.593165171965625
FKBP2	0.806370838241669	0.378199903314311	0.779567345036914
PSMB6	-0.283226416885299	0.413519531383119	0.798319538191064
RXRB	-0.0394041764492528	0.908613660066931	0.979050680216444
ARRB2	-0.124116805286928	0.814038533500619	0.953465642786592
PHB1	-0.338406040077324	0.206962668213244	0.706172434104839
POLR2I	0.610372276693312	0.0778479565783771	0.608197070131679
PBX1	0.158176779440346	0.70535006610125	0.914874236924318
MDH2	-0.0867420810243225	0.883191322996477	0.975222197758919
NCAPD3	0.313161566897946	0.229566870800728	0.716612658162815
PPT1	-1.23328597363518	0.00186666728170873	0.188435149806176
HSD17B4	-0.104424768501278	0.609266964759848	0.886845449452339
CCNH	0.124306922737254	0.673622564197643	0.901901289318448
KPNA1	-0.825090084511217	0.531467451716376	0.859910841748065
PMS1	0.620113437162111	0.261051485840111	0.730555961204825
MANF	-0.860761244118621	0.0125438077000559	0.429501524705708
MAX	-0.345913054312444	0.287800881534756	0.739900121001118
GNAI1	-0.996072886574321	0.00942402495394121	0.39134061268325
CDK17	1.29312221398264	0.00390731578352332	0.279648869581163
TFAP4	0.31710357374169	0.401624393565041	0.794511261695998
RING1	-0.0930089977449953	0.721059297976327	0.920210735371843
GTF3C1	0.499837934659148	0.161621623409669	0.667901315818292
SRSF9	-0.0196394502665918	0.9601088228085	0.991811304305244
NFYC	-0.0835643577566678	0.746525545483752	0.930137547667315
DHX34	0.213071115384203	0.489360479293395	0.836163384663457
TFDP1	0.188841860291483	0.707395428814081	0.915629954810249
HLTF	-0.179766726597855	0.379716119231741	0.779857145565286
SAFB	0.0923681853564133	0.810429539223894	0.952745238266276
RBMS2	0.040990574638883	0.888573449315639	0.976672211611352
NHERF2	-0.69881673350082	0.175568140177707	0.685786787379843
TRIP4	-0.039797872042616	0.881074422953686	0.975010770580001
CSRP2	-0.526324153073681	0.235196774549273	0.720955797553901
CPEB4	-0.267256910440871	0.258119683071678	0.730196979544953
LARP7	-0.0101502032878784	0.966821839321766	0.995364620407487
NCBP3	-0.0229314039819073	0.945759676798878	0.985397984005583
NOL9	0.554934731046615	0.122577987204421	0.656716702396868
UBAP2	-0.494804574070645	0.109963445311717	0.651962559838866
UTP25	-0.401707299192054	0.24850817902666	0.726689592464322
RFWD3	-0.247417797923472	0.296286300687813	0.741341669201813
ZC3H14	-0.424865964888593	0.0986389102250847	0.631287107366986
TRMT1L	0.62813347959661	0.187792226025265	0.692664402916267
WAPL	-0.116869058389987	0.590090188856701	0.881458708899651
TAF8	-0.766589942319399	0.266903437348237	0.732219411188855
ZNF598	1.40049395462403	0.0613618979017041	0.590947757115699
NCAPG2	0.369164913321523	0.097377825878602	0.631287107366986
MIB1	-0.101616146225055	0.729696729449121	0.922278963481657
WDR75	-0.374416119521243	0.179929950972978	0.687368087887018
DHX40	0.111565688170874	0.652507564645976	0.894952624818918
PHC2	0.974727410136193	0.0309188214711819	0.543642649956469
RAVER1	-0.43566522711734	0.107376060827182	0.649022510169007
ASPM	1.78086912463539	0.00160446868833732	0.172640504822035
MIER1	-0.166156451481893	0.57175088064263	0.872147941780026
PLCD3	-0.0250963850333754	0.912179474514556	0.980114208218846
NOPCHAP1	-1.36863019806843	0.070657493547648	0.60496771631919
SPRYD3	-0.861657268466885	0.266054921220839	0.730555961204825
DDX55	-0.103315180389711	0.725344566788426	0.920210735371843
PPIL4	-0.0883610950808063	0.720265217742422	0.920210735371843
HNRNPLL	-0.0284132766758844	0.912070108939361	0.980114208218846
DDB2	-0.188577593535452	0.479536622498207	0.83010039887325
DLG3	0.0914220284928327	0.804928683416079	0.950963375294496
GGH	-0.194136056065826	0.669015675752424	0.901103978997998
CORO2A	0.0148318758440134	0.947806338751596	0.985977947069857
SMARCE1	-0.229838614914144	0.442168738327492	0.817820289404176
ERGIC1	0.289277515007662	0.479380091258456	0.83010039887325
UTP4	0.195487594349704	0.460705544143752	0.823900450972229
LRRC59	0.00800106044087556	0.983657589306754	0.99736128368056
ACD	0.3551643589837	0.634807774195422	0.891792265169971
FKBP10	-0.398411440745225	0.250161640607458	0.726689592464322
ESS2	0.678743558643877	0.0841521413195007	0.616045065079398
USP28	0.166139699247331	0.527360284514991	0.859368755904632
LGMN	0.38337387975433	0.0985974206984166	0.631287107366986
NAT10	0.00568240905985817	0.987146181020935	0.998250330757816
SENP3	0.273260715709036	0.200186482663359	0.70386374655971
CAAP1	0.138321775559358	0.76771101220407	0.938476559214408
IPPK	-0.0571409122635913	0.874988957408921	0.973271556203069
ZCCHC17	-0.025500667400209	0.923120383260236	0.981426092373673
APOBEC3C	0.00591140750308483	0.981044893613334	0.996796107088525
BMP2K	0.236208255287337	0.396635391478281	0.792857405789831
MDN1	-0.702546665243911	0.426738293776954	0.809602958704041
HOXC10	-1.11538359725406	0.113318009018024	0.654251340141825
TFIP11	-0.0352819416103145	0.945932096308247	0.985397984005583
MAD2L2	-0.220504735188143	0.417857009094805	0.80345838941738
HERC5	-0.0335774022715079	0.889946533905877	0.976845147617119
CNOT11	-0.206310501763987	0.345795645647776	0.766711076627086
EPDR1	1.98162697407073	0.0112421983124658	0.422794830653127
RCL1	0.476103853475024	0.203041437257661	0.706172434104839
NOC2L	0.106157653873051	0.701478527421336	0.914401263885556
SNX9	0.045643566447076	0.907452521907477	0.978873663296002
SNX8	1.27131174834109	0.13082712112148	0.658184043156775
UBXN8	0.933799468643382	0.29410027387429	0.741341669201813
PGRMC1	-1.03538281911978	0.0854147395515807	0.62065828748736
CDC7	-0.178772302233696	0.709467375690404	0.915747301540201
GOLIM4	-0.0412814890927748	0.852625142208423	0.964529142995697
PLOD2	0.213084140409162	0.338127514639966	0.764086962479424
MGST3	0.221655384686979	0.407218307742302	0.795717241409359
CASK	0.0555504436244441	0.90758195250391	0.978873663296002
PGRMC2	0.21528917053601	0.480541126533986	0.830658908597247
P4HA2	0.101409510764068	0.757959891425094	0.935967091028556
CYB5B	2.15024994696466	0.00522533707201331	0.313516713492481
HTRA2	0.53986029030424	0.33819758352638	0.764086962479424
OIP5	0.0563813664445441	0.862598718770298	0.968780665139033
PLRG1	-0.0334887524732252	0.913286932666606	0.980114208218846
TIMM8A	0.127367393882388	0.580340468735544	0.876214022567615
FADS1	0.510284566074453	0.289390984501447	0.74105728741492
CDC40	0.0442410561175706	0.838026296574426	0.962623151929272
SLC16A7	0.714255393694224	0.20569399976181	0.706172434104839
TACC1	-2.25160744391852	0.183720796137646	0.688126885125084
ECI2	0.0102061249980672	0.969044434085255	0.995679233963677
ATP6AP2	0.717958034831486	0.298334722873965	0.741341669201813
RPP14	0.697390555522372	0.0086414808582756	0.390203800937684
KIF20A	-0.174081999156225	0.447862972732445	0.819266744588297
CD2BP2	0.207855655323051	0.407555910888115	0.795717241409359
SEC24B	-0.666381257335843	0.458829337859933	0.823214137729629
ACSL3	-0.0483584129579988	0.871510302627215	0.972983924423535
CYB5R3	-0.296969909740294	0.467059358126779	0.827487070777439
GOT2	-0.234692059667559	0.682985238023326	0.904470868176659
GBA1	-0.357222435327145	0.483853662360722	0.833418077141589
RPN1	-0.478128791064755	0.053341270745163	0.585150828279326
JUN	0.511120139376807	0.21054532870866	0.706172434104839
ACAA1	-0.676315535927856	0.0935204389100687	0.62254515005995
CTSA	-0.297471513365284	0.270667362806256	0.733787078303325
TFPI	1.65708373987862	0.192973326016087	0.695719622742207
LAMC1	0.316449053833523	0.158577106579976	0.667901315818292
PDHB	-0.299328641417098	0.608938042995207	0.886845449452339
ACADM	0.0687802933310806	0.929407059507441	0.981974614529695
UBTF	-0.480143657302207	0.204374254180072	0.706172434104839
VDAC1	-0.551810399218482	0.207166543466392	0.706172434104839
ACAT1	-0.665649565633537	0.0493534824748688	0.585150828279326
ABCD3	0.812690183367174	0.0141504477446193	0.44492719301934
HMOX2	1.56645968819008	0.0165599089831825	0.49627977233975
ABCD1	0.365647864580694	0.301041307170113	0.741341669201813
SHMT2	0.444958508276788	0.283652224853314	0.736523168857702
DDOST	-0.180727340963085	0.34847522793679	0.766925401242413
ECI1	-0.886078379500159	0.429859764037263	0.810358189944849
SSR1	-0.35409604627106	0.294602070566704	0.741341669201813
PPIC	-0.957595445085538	0.0462704077608146	0.584015482701607
VDAC2	-0.562446007868395	0.124755298931596	0.657056809161496
NSF	-0.282049364413268	0.252716755599666	0.726689592464322
TUFM	0.107702195198094	0.770004680635803	0.93911793916822
RBM25	0.51762296532867	0.0634836061551463	0.591502688120517
NUP153	0.126229701522359	0.60843998954245	0.886845449452339
CPT1A	0.0453603624923602	0.864876007730029	0.969793734478922
SSR4	0.113057374172008	0.578666584019526	0.876214022567615
CTBP2	-0.54256904537862	0.144495681281452	0.664183638233793
DENND2B	0.758794015628297	0.0469654466618512	0.584048702923682
PLOD1	0.272929162426397	0.248955157187259	0.726689592464322
SSBP1	0.0981483225421691	0.742041443009535	0.92839888303476
LMAN2	-0.309210896572274	0.274467528122183	0.733787078303325
CSTF3	0.212194043965759	0.471933982119499	0.829038958999018
ECH1	-0.00445746919256607	0.985207148119557	0.997427981046877
TRIM32	-1.15413511390763	0.000330449140202905	0.0870992650468874
REST	0.199918237823407	0.602292265102151	0.885668792969396
TRA2A	0.276540085030334	0.433825498689061	0.812178922875178
ZMYM3	0.158101025787111	0.771406802309709	0.939368641125166
RRP1B	-0.0656111107748032	0.77043903924984	0.93911793916822
BMS1	0.831826874205973	0.0529705400169803	0.585150828279326
ACOX1	-0.42294143379911	0.237115700457936	0.722458957074377
DHCR24	0.46016880217455	0.181653605137426	0.687835724919822
NSDHL	-0.987743574635466	0.180956954546697	0.687835724919822
QSER1	0.216830338192423	0.356783576717933	0.769908781783735
P3H1	0.0056914703675659	0.990334159868574	0.999190383286651
TOR1AIP1	0.521589114167142	0.0729530125522729	0.60496771631919
EXOSC6	0.316960991481928	0.267621137429245	0.732758517614977
GPATCH4	-0.0989885867852145	0.720475425032204	0.920210735371843
CDCA2	2.65340200847908	0.0101327913236762	0.396626403241039
ALKBH5	0.0905394231330625	0.725523430554599	0.920210735371843
FBXO38	-0.180008807076891	0.810425879950706	0.952745238266276
POGLUT2	0.157548076679056	0.504647413326549	0.846448394193548
GTF2H5	-0.0458663819319618	0.859096660911302	0.967523327533994
KTN1	-0.063881011230464	0.789883858190865	0.947761801695389
CHD1L	0.0846717959084415	0.852872133670523	0.964529142995697
ANKLE2	-0.519701706694541	0.128052356679815	0.657056809161496
RIOX2	-0.00299089128644425	0.989317689186613	0.998546314421965
DNAJC10	0.0169993566201576	0.957781989284967	0.990659418102952
STAG2	-0.212804270696576	0.704371292484417	0.914874236924318
FBXL6	-0.126147374887587	0.638054375914519	0.89392862892918
KRI1	-0.388148616771474	0.0881398933522893	0.62065828748736
COLGALT1	0.541109109162832	0.185969005997769	0.691256886635118
SCCPDH	0.173695547074932	0.530746223703653	0.859910841748065
SMARCC2	0.28428902261334	0.392825755995866	0.789355474070268
RDH11	-0.00769137132453324	0.97731556383758	0.995679233963677
HM13	-0.203735417171991	0.739340176865593	0.927307130080082
NSMCE1	0.0667658629893317	0.849382084000294	0.964529142995697
LEO1	0.289251434394419	0.3786689574246	0.779857145565286
SMG7	-0.684151491900401	0.193412165949685	0.695883573589626
SEPTIN8	-1.02022523045552	0.171052508299455	0.679251989478993
TAF15	-0.294877054989424	0.28279237698435	0.736523168857702
POP5	0.844045858054805	0.0379766590647849	0.549730053481188
RCN3	0.0758348116995187	0.859542902904763	0.967523327533994
INTS4	0.436370617610631	0.0803595358167909	0.610579710822461
FUBP3	-0.371843703812353	0.202145392262991	0.706094403340193
CLPTM1L	0.304813096389196	0.217654647637605	0.71117665025111
LRR1	0.373112009910354	0.388209964926642	0.785864466824988
SNX27	-0.807811460370154	0.138295659200515	0.659828543150716
ARHGEF17	0.35763745824196	0.572627047625069	0.872147941780026
CIC	-0.314659277211248	0.377739837985031	0.779567345036914
GFM1	1.2110371986645	0.404316761843315	0.794760848857956
CDC5L	-0.254633214823933	0.301870617125451	0.741341669201813
SCAF11	0.252903742712878	0.289751263012182	0.741341669201813
ATXN2	-0.566629822784318	0.0186251271998769	0.51874565124677
HSD17B10	-0.0866981916172342	0.745650679634499	0.930137547667315
MGST2	0.170169294485195	0.642942839813015	0.894952624818918
EBNA1BP2	0.169887871019313	0.467572296571387	0.827487070777439
VRK1	-0.286718923632627	0.205276037875329	0.706172434104839
MAPKAP1	-0.235450730823914	0.615181049931095	0.88787276880197
SDF4	-1.00696282172484	0.128029750391249	0.657056809161496
TRIM56	-0.910521677311316	0.134824582197342	0.658184043156775
TMEM43	0.232308767749682	0.405075363116782	0.794890309809732
UTP14A	-0.273752385221691	0.344744314290429	0.766711076627086
OSBPL11	-0.230552730963474	0.310026222813435	0.747518453062553
RACGAP1	0.213821794956782	0.358059767127785	0.769908781783735
PNN	0.431483788096742	0.227900768519287	0.715932644547107
TMX1	-0.143387414858921	0.626559469501487	0.890282224413952
CCDC86	0.102553434217231	0.708268518727349	0.915629954810249
PTGES2	-0.406574393363016	0.512280271021145	0.849992126622937
GRPEL1	-1.45371936973867	0.112714300280158	0.654251340141825
APMAP	-0.374925636482303	0.474843476501242	0.83010039887325
RAD18	0.11771273497823	0.657045202682337	0.895355380990921
MRGBP	-0.305429996985893	0.318970343201023	0.753723459154511
SLTM	0.0426941098576812	0.8728005243671	0.972983924423535
GEMIN8	-0.326991557098935	0.195975428468861	0.695883573589626
MED29	0.888220988984131	0.146308733702066	0.664183638233793
CDKN2AIP	0.308774405276043	0.211197106263872	0.706172434104839
UGGT1	0.144155985733111	0.755418193959059	0.935070729921571
TECR	-0.190663402699506	0.680323402022516	0.904106501970783
CNOT2	-0.533085190363014	0.0310858581746546	0.543642649956469
CWC15	-1.36174642431013	0.136551005392229	0.658184043156775
VAPA	-0.266240062136653	0.68871469705938	0.907872707188929
SEPTIN10	-1.44068104309509	0.0328452902665176	0.543642649956469
DHCR7	0.440666517632881	0.253307419446887	0.726689592464322
NUFIP1	0.446994745318861	0.594654190804644	0.884599376194155
SSR3	0.464768567527603	0.0846015102599506	0.616979835279792
DIMT1	0.308341241084822	0.144415131762435	0.664183638233793
NIP7	0.206108412515242	0.538149291137578	0.861159627132473
SSX2IP	0.605243980735487	0.295971617579218	0.741341669201813
GSTK1	-0.847498372192192	0.217488250573854	0.71117665025111
TSSC4	-0.198598292165116	0.51682168228906	0.852705791967545
SNRPB2	-0.307035215228076	0.590780158849544	0.881494506026725
TIA1	0.0598499161315793	0.90471615044598	0.978873663296002
NCBP2	-0.712478281369627	0.23866605467211	0.723787157198273
SYNJ2BP	0.0520354308888145	0.915879048730118	0.980682075070157
CENPE	0.158075845443797	0.634902157502396	0.891792265169971
KIF23	0.206016978373523	0.483822345550098	0.833418077141589
NDUFA9	0.108895010871141	0.684793545663785	0.905171189356516
ZMYM1	0.631077841061369	0.0560607032612742	0.585150828279326
LIN9	0.133562106535795	0.677136328953457	0.901901289318448
INO80E	0.194685873195418	0.509010181973573	0.848940460022012
SYMPK	-0.285095882475495	0.287100367818591	0.739900121001118
EME1	0.205113483264832	0.413189818096372	0.798319538191064
DDX27	0.428079968577656	0.149995701300464	0.664183638233793
PHB2	-0.434180049957025	0.1004812622364	0.636990946918877
ESYT2	0.118848342613891	0.664866213409145	0.898854721561143
MED19	0.160260138104157	0.644966164641369	0.894952624818918
SMCHD1	0.138317130774187	0.53307748245467	0.860662472824001
AGPS	0.500065203167594	0.07018874544502	0.60496771631919
MEN1	0.113731005010941	0.759625786840919	0.936953221325327
TAF4	0.277364287094418	0.485780408819732	0.834247484703325
HIP1	0.908446846453348	0.269781865954569	0.733787078303325
MEIS1	-0.00926779174286096	0.988943280774365	0.998546314421965
KRIT1	0.507154060551869	0.355632095859551	0.769908781783735
PES1	0.188401042948861	0.61007306115933	0.886845449452339
NOP56	-0.214162060547775	0.599523881706771	0.885491068116152
E2F3	0.875359436554096	0.114241394315932	0.654251340141825
ARID1A	-0.399055821352867	0.139310534671396	0.660562683559302
CIT	0.437327451162702	0.196095032062928	0.695883573589626
STX16	0.229106027972467	0.71378553061821	0.917030912962974
KMT2D	0.296922531053269	0.284981110322303	0.737146014292889
VPS26C	0.0988564957516864	0.908856435123426	0.979050680216444
U2SURP	0.338018401710126	0.252621604721087	0.726689592464322
SETD1A	0.212680516088874	0.435458752611179	0.81369687026932
NKRF	-0.22802340831376	0.465531191049926	0.826521251089634
CASC3	0.143633414040988	0.62960554910181	0.890282224413952
RER1	0.416581884226328	0.0577304988189546	0.585150828279326
HDAC3	-0.191676427210645	0.642351312414611	0.894952624818918
NVL	0.410565093386502	0.242422169012373	0.726037658005366
YY2	-1.16524770398973	0.166826816845312	0.674338956184
STX7	-0.433118554948855	0.356985946252593	0.769908781783735
POLR1G	0.0465106024564683	0.85888542698334	0.967523327533994
OGG1	1.07710997800243	0.176702045479445	0.685888822671378
RBFOX1	0.138416981236784	0.550501104485054	0.865608153751072
B4GALT5	0.565797887352986	0.136632577226632	0.658184043156775
SART1	0.137849087251229	0.662393693610058	0.89754228494814
DAPK3	0.481163679871127	0.183255503354551	0.687835724919822
PRPF3	-0.111058322423339	0.608542721996006	0.886845449452339
B4GAT1	0.573409690057705	0.0434193042810852	0.577592278661144
PRC1	-0.186676874044021	0.356354734778499	0.769908781783735
STX6	-0.461262069910976	0.264838167592025	0.730555961204825
KIF1C	0.124973757827291	0.817029280758367	0.954071330590288
ORC4	0.000671832749794987	0.997714102096778	0.999927387557434
RAD21	0.802348038571214	0.0378262390160599	0.549730053481188
PPP1R12B	0.266578136102648	0.348795888392476	0.767190956349507
MED14	0.150091881970603	0.764129919847279	0.937085157459771
URB1	0.24307779734276	0.319284964724556	0.753723459154511
ZFC3H1	0.401794140598462	0.131271509809827	0.658184043156775
PPL	0.130040394326112	0.744061503710551	0.929713331672206
STX10	-0.147885437415955	0.51682506942767	0.852705791967545
CCNT1	-0.806979814093623	0.318436103614253	0.753528640539159
DPM1	0.61216817526082	0.0343476345741923	0.5447809830097
PQBP1	0.0180872842779216	0.937290035975627	0.981974614529695
BRD4	-0.211095798328721	0.437189123311196	0.814415899327111
NBN	-0.061070122412783	0.779521686926952	0.941512969474744
HIP1R	0.42851748803605	0.539540539574417	0.861159627132473
ZC3H11A	0.242706145995808	0.467672567634382	0.827487070777439
DNAJC13	0.42127868050142	0.239574191143853	0.724768609801119
ZNF217	0.440161341285247	0.358723237922831	0.770035911997498
PRPF40A	0.0299148024956466	0.90218595909859	0.978873663296002
SAP30	0.216107569715994	0.52522161497431	0.858802265576068
MED24	0.0719501701061667	0.778521919949226	0.941512969474744
SRSF10	0.0586151857999511	0.832952109776244	0.959682223892556
TADA3	-0.244647468985569	0.68448836495437	0.905171189356516
EED	-0.0824046964719258	0.743184112337985	0.929222377747232
PIAS1	0.0913625389477311	0.692595817367196	0.909550686552744
PIAS2	0.874050032889816	0.537409237724787	0.861159627132473
RAD17	0.0312052743954396	0.920100464215669	0.980682075070157
RECQL5	0.62686424334327	0.0826955703798465	0.614767844916843
B3GAT3	0.180372112971412	0.460667371738945	0.823900450972229
USP1	-0.0986745494686616	0.776464177317916	0.940786725829259
TOX4	-0.23758840657932	0.560087738570159	0.869484647978604
SUPT7L	0.681459048773842	0.151910614757693	0.664183638233793
UFL1	0.25036715739968	0.298431791720531	0.741341669201813
SORBS2	-0.366058625979662	0.256618364918962	0.728636600909798
PRPF6	0.336417798609261	0.432024284787094	0.811467286366496
PCF11	0.401162294529254	0.154184034956108	0.666047250103187
MBD4	0.273857921251142	0.299974476749095	0.741341669201813
KAT7	0.205613137447301	0.64965668476387	0.894952624818918
ZBTB7A	-0.11526363493039	0.799279127902038	0.950708444847199
SLU7	0.195869995967563	0.651303478754514	0.894952624818918
YEATS4	1.28286603770297	0.0471304526474288	0.584048702923682
WIZ	0.13719464959609	0.752952506220178	0.93352482671642
MAP4K4	0.275083125084528	0.290814744828862	0.741341669201813
AIFM1	-0.162961908338509	0.655558948298326	0.895238207786535
SYF2	0.218131584825944	0.6533681949042	0.894952624818918
MBD3	-0.289792925648463	0.296741361470286	0.741341669201813
TOP3B	0.198406009266041	0.449613037251396	0.819588436195203
CLPTM1	-0.961949936503888	0.228529788571404	0.715932644547107
OAT	0.125896352730948	0.821249866386233	0.954926372467067
RPN2	0.279923367852273	0.2726246053944	0.733787078303325
SLC25A5	0.210903745576857	0.559892234260245	0.869484647978604
POLR3D	0.246507963646174	0.495974508851508	0.839981552297741
LPL	0.134178535540578	0.631093408594404	0.890682235234781
LAMB1	0.0686204955404008	0.782710800163163	0.942869871910288
SRPRA	-0.0509285420181058	0.808260068046755	0.952237598595625
PDHA1	-1.18806551618313	0.159550093695808	0.667901315818292
COL4A2	0.401736207694952	0.23686966445306	0.722458957074377
FGF2	0.583344082833115	0.19874414432811	0.702009703170008
SRP19	-1.88961432164563	0.00157756777241142	0.172640504822035
HMOX1	0.187151770646512	0.469362190232453	0.82856574400906
DLD	-0.780498990391592	0.261495837861755	0.730555961204825
MYBL2	-0.0904222762088693	0.816386534733068	0.953901537385333
DLAT	-0.284399544947821	0.687432443332151	0.906493933524281
NR2F6	-0.0514441101440575	0.841579607856915	0.963096472475873
MGST1	0.110001630385831	0.677362882990227	0.901901289318448
ESRRA	0.0971107318003739	0.71048313761056	0.915797485172751
IGF2R	0.692358105250644	0.0751337101311866	0.60496771631919
SLC25A6	0.396726374560387	0.15035676373977	0.664183638233793
NR2C1	-0.0801451265621509	0.867735252723683	0.972122130005816
ETFA	-0.788959558640293	0.163384139543826	0.668428979715959
MTHFD2	-0.976884071502589	0.166330451740467	0.673752495117666
B4GALT1	0.227256417226307	0.341368384686123	0.765674262222474
ATP2A2	-0.154420392422388	0.709984211694125	0.915747301540201
CEBPB	0.16433403752297	0.626404182312699	0.890282224413952
PTPN1	-0.257731213500641	0.319589207147181	0.753723459154511
SON	0.306267186130754	0.272942904109585	0.733787078303325
ATF1	0.108676338318819	0.775131940175166	0.94065362939321
ERCC3	0.274964686860976	0.190844044939994	0.694570926366049
CCNA2	0.262340531849937	0.48993127794656	0.836765976047642
MSH3	-0.285667045072774	0.389417741621756	0.786627939368645
ME2	0.297177417483482	0.537738264670646	0.861159627132473
CCNC	0.256936040543334	0.312888572210159	0.747518453062553
BRD2	-0.433328853815162	0.0885364955689571	0.62065828748736
ATP5F1A	0.0348346241678748	0.918666068592355	0.980682075070157
COL8A1	0.931802928650868	0.0740352001394258	0.60496771631919
TEAD1	0.268777872291651	0.491162149343669	0.837442865408051
ECHS1	-0.442300015005411	0.480086356685459	0.830658908597247
ALDH1B1	0.717124285590941	0.265977369677046	0.730555961204825
SDHA	-0.0971798932555323	0.773598719808264	0.940537523166258
ELF1	-0.399586860546737	0.226610817501767	0.714084485716094
GTF2H1	0.0530982861997913	0.82090507390165	0.954926372467067
BMI1	-0.0532743420790958	0.870141452079899	0.972983924423535
RFC1	0.254676445309059	0.265985721068883	0.730555961204825
KRT9	-0.848891319078454	0.157283160474283	0.667901315818292
ACTN2	-2.3444901021706	0.0140383354852541	0.44492719301934
LONP1	0.0216556556045227	0.91780366903726	0.980682075070157
DLST	-0.42075746728198	0.635455950670389	0.891916950886064
ZEB1	0.604514270560923	0.163447962193318	0.668428979715959
COIL	0.0605817400405471	0.803365703118504	0.950963375294496
CUX1	-0.021643605512061	0.933547335013832	0.981974614529695
PBX3	-0.191940459416802	0.637724377641371	0.893792733881001
BUD31	0.609965749858233	0.117176725294088	0.654251340141825
ACTR1B	-0.643448054288122	0.0691242776528636	0.604010772383564
PI4KA	0.315170825303156	0.3075406208703	0.745246886707815
HELZ	-0.100176925274774	0.70029241306074	0.914401263885556
RBM34	0.464362581960593	0.157714098794728	0.667901315818292
LRPPRC	-0.106556208086054	0.812977254999685	0.953402858507732
ACAA2	0.0635620744100187	0.757121695469511	0.935967091028556
SLC1A3	0.484360428830445	0.117139509113398	0.654251340141825
TSFM	0.135003398439949	0.862151674419736	0.968721096389603
MKI67	-0.217180790450598	0.46345787915261	0.826161714205696
ATRX	0.330582616675294	0.288090076503396	0.739900121001118
BRCC3	-0.306062778521259	0.349866750583158	0.768654321469921
RFX3	0.0913601576605352	0.82913619018549	0.958290577147195
RFX5	0.365965398983469	0.494013251435156	0.839625535004545
IDH2	1.45858376189486	0.136748589600437	0.658184043156775
CDK8	0.144621178182611	0.62511805007892	0.890282224413952
CENPF	0.388364973893029	0.221601110655842	0.71117665025111
ACADVL	0.397607120671449	0.122083213365437	0.654980708349392
YLPM1	0.177038285354421	0.649852782853733	0.894952624818918
WHR1	0.537933252071152	0.120888988748933	0.654306321756562
LIG3	0.00717938974733556	0.979781879340151	0.996194170769515
IDH3A	0.284232123788922	0.654986242989739	0.894952624818918
EMD	0.38695074784254	0.208367594026704	0.706172434104839
SMARCA4	0.270122417354948	0.222196831602746	0.711475370244726
BCAP31	0.404104758365783	0.105149846258215	0.64708383629209
VAMP7	-0.0722743886976147	0.907045666701652	0.978873663296002
MNAT1	0.389968768886433	0.696987452513345	0.912468278516361
RBM5	0.229724910592029	0.403422450711666	0.794760848857956
PMS2	-0.0893287386599688	0.747582886125863	0.930476298241016
ALDH18A1	0.0508653858193036	0.895240424345333	0.976984551839254
ELL	0.238405606099597	0.479224111638357	0.83010039887325
PKNOX1	-1.69648779622409	0.054917387978497	0.585150828279326
HNRNPH2	-0.439661052481696	0.0674972856335755	0.600888612292281
OXCT1	-0.115190197351154	0.78079752130674	0.942130404988788
RRP1	0.32819003603657	0.21692135833456	0.71117665025111
MAZ	-0.767962397258259	0.35001052929254	0.768654321469921
POLE2	0.341418008596179	0.267482798090788	0.732758517614977
TMEM33	1.18541752652161	0.0599002130452669	0.587665517242056
ANAPC15	0.247276232596327	0.59641787474286	0.884815493035545
SEC61G	0.791416777153099	0.0371947910672906	0.547416346289841
SPCS3	-0.249696315642268	0.41616475624217	0.800875191835846
ATP6V0D1	-0.151190523456965	0.722799512020038	0.920210735371843
GNB2	-0.484331858172446	0.35220906259379	0.769908781783735
TRA2B	-0.257880807848856	0.44001709959059	0.816560073918731
FAM193A	0.238406233502911	0.777360449686983	0.940976549384433
NOP14	-0.096422540167449	0.776467876427381	0.940786725829259
NTHL1	0.36481738227808	0.334795734799882	0.764086962479424
LSM11	0.475424949057757	0.243220037829251	0.726037658005366
TXNL4A	-0.256191185227983	0.305906392969011	0.744107116949351
ERH	-0.2659914664323	0.444333301130691	0.818098501353861
RBM10	0.0374852523160563	0.901517515889391	0.978873663296002
SLC25A3	0.0410990425349382	0.913722190358725	0.980156130373621
U2AF1	0.853483168471804	0.208266477285317	0.706172434104839
FOXK2	-1.55205118634258	0.0678271035251715	0.600888612292281
MEF2A	-2.73690431114175	0.0311598396098184	0.543642649956469
SP3	1.15820101034947	0.175102959414884	0.685786787379843
TOP2B	0.614604245914897	0.0524940892281662	0.585150828279326
MLLT1	-0.129924635986868	0.647119508871018	0.894952624818918
MECOM	0.157130020796991	0.438031277269242	0.814716519128353
TAP1	1.30995460062111	0.21443162762411	0.71117665025111
NOTCH2	0.060138145837648	0.883833231452973	0.975650151324779
SRSF11	-0.113256012705072	0.611049591553157	0.886845449452339
RBPJ	0.144299063886791	0.667245900230023	0.900617619029686
FMR1	0.0279198100217428	0.933940385222664	0.981974614529695
KHDRBS1	-0.0300916624756198	0.915358329470122	0.980682075070157
SLFN5	1.5883581124981	0.174536235734172	0.685786787379843
EP300	-0.0596368794004398	0.871437165851701	0.972983924423535
FAAP100	-2.04700657420781	0.0869503240562688	0.62065828748736
NEXN	0.575054744653997	0.125124829166355	0.657056809161496
MGAT2	0.578077609065314	0.0837478717563982	0.615434551834374
GALNT1	0.11866643220025	0.653876357002394	0.894952624818918
PMPCA	0.101476505952316	0.863880187332385	0.969492083031778
ST3GAL4	0.310721192752801	0.380241628971507	0.779857145565286
TBL3	0.156823800776699	0.581097099429617	0.876214022567615
SMARCB1	-0.128499006039874	0.714170143834722	0.917030912962974
BPTF	-0.156612730931297	0.664207709391928	0.898730431473523
NFIA	0.0400754861624755	0.916924987352558	0.980682075070157
SFSWAP	0.00115942026450355	0.997173968026567	0.999927387557434
CHD3	0.233030702391929	0.396415647362207	0.792831294724414
EPS8	0.211951348939628	0.566652460695927	0.87086847290289
DLG1	-0.369028956974383	0.396413222896351	0.792831294724414
CHAF1A	0.396522505502951	0.264128905593835	0.730555961204825
STK3	0.276837888383938	0.585123886646615	0.878487369540671
GPS2	1.01151053510808	0.196404938369917	0.695883573589626
ATM	-0.643859905048441	0.360530447835568	0.770567554802
MTA1	0.518373644500905	0.0726256252207514	0.60496771631919
PPIL2	-0.0412308461249786	0.877443393016459	0.973735952378893
TMED1	-0.232270985810771	0.441210071603819	0.817229277968252
TOP3A	0.23180104501056	0.398760119057362	0.794188708197047
NAB1	-2.39368688278129	0.0115272540862377	0.426466543808954
ATR	0.31761532142735	0.626794563230992	0.890282224413952
MOGS	0.256929961823257	0.368884842835612	0.775203872596223
RUNX3	0.689874977173368	0.401873097315316	0.794511261695998
THOC5	-0.0153518822913767	0.977164618122019	0.995679233963677
MORC3	0.482389828594538	0.254899345520829	0.726689592464322
WRN	-0.230298959526024	0.477695537741233	0.83010039887325
BTG3	0.441316838644944	0.378043996662398	0.779567345036914
FKBP8	0.172582351623873	0.533468020719079	0.86083425019008
DHX8	-0.0128561367639897	0.962292505777924	0.992833257709553
RASA3	0.628162159229475	0.113748431054209	0.654251340141825
MDC1	0.176292296139394	0.536654648127791	0.861159627132473
GSE1	0.0548230020504548	0.824292544709406	0.956060154548879
PDCD11	0.497930664745692	0.157646134992732	0.667901315818292
CBX2	0.482872904367429	0.191476674310679	0.694970921486529
GOLGB1	-0.914680409438528	0.0726915128534094	0.60496771631919
KIF22	0.0438878837312657	0.840885040637501	0.962986157865819
NFIX	0.858518118505348	0.162970706883713	0.667901315818292
ZNF638	0.0797166093154651	0.705618193258591	0.914874236924318
SHPRH	0.359137054627439	0.702981118602259	0.914401263885556
WTAP	-0.331185641787108	0.23412788123694	0.720631294338641
RRS1	0.283424365634151	0.409525090928385	0.796030498165612
BRD3	-0.172214732121869	0.596265509142179	0.884815493035545
WDR43	0.206053036712774	0.529656819262833	0.85955356836803
PCOLCE	0.0700712784508859	0.852889169197447	0.964529142995697
EBP	0.287539595606805	0.586763029972993	0.879442775765429
PWP2	0.430031055720889	0.126700934965139	0.657056809161496
RNPS1	-0.174745930901523	0.579794365316809	0.876214022567615
TMED2	0.465977450979409	0.0750823984859315	0.60496771631919
PUM3	0.428062421469193	0.16841277455868	0.676739046923209
SF3A2	0.468408699601117	0.0966239310103977	0.630356121353547
TERF2	0.496186179624477	0.0533987037092918	0.585150828279326
TAF1C	-0.475878227536512	0.2744832904655	0.733787078303325
TGFBI	0.535327282034228	0.082097352371226	0.612695415751017
MED1	0.111771361993306	0.668407891292869	0.901103978997998
HMGN3	0.382583012579577	0.654802049452245	0.894952624818918
JMJD1C	0.818285066285469	0.148610540828578	0.664183638233793
ITSN1	-2.31523484763117	0.00106471445868467	0.163339144918421
ATP6AP1	-0.410991242173722	0.326597476193856	0.75962655019899
VPS72	0.115339428839878	0.752113174914989	0.933084060121438
EZH2	0.1489085237734	0.541030944053509	0.861159627132473
NFIL3	0.0624892437341913	0.895401174205309	0.976984551839254
IFI16	0.287522630772557	0.233591692344412	0.720631294338641
MAN2A1	0.127152032763675	0.581002881915252	0.876214022567615
CYP51A1	-0.276716723392724	0.457535005176895	0.821678033641653
KNOP1	-1.33644098876831	0.0235931644126585	0.537296288909354
MTHFSD	0.893045197385959	0.302707263530194	0.74244569239247
ASTE1	-0.840603764648066	0.0273725575420915	0.543642649956469
CWF19L2	0.0421298306886584	0.886253158391797	0.976672211611352
CHD9	0.269220315692568	0.248526972204471	0.726689592464322
GON4L	0.423291313645652	0.376363472095912	0.779551986479439
TPRN	0.0881954678127777	0.808943551546676	0.952419368584578
ARID4B	0.319310702551945	0.585975260601536	0.879077473471839
KLHL12	0.0436594123478713	0.936290510380143	0.981974614529695
HSD17B12	0.285663621500344	0.315587405698531	0.751211104287261
GLE1	0.197373434552205	0.624172506647215	0.890282224413952
USP39	0.338344649775365	0.209009842814121	0.706172434104839
ESCO2	0.0887070477039202	0.774055516328435	0.940537523166258
EAPP	-0.0465161182960863	0.876624122896872	0.973735952378893
ODF2	-0.115561852981074	0.722132801717225	0.920210735371843
SH3D19	-1.14249554979291	0.299443650805893	0.741341669201813
C3orf38	-0.472546765347566	0.558962988314714	0.869484647978604
AMER1	-0.78322915719238	0.26704248077508	0.732219411188855
DNTTIP2	0.120856382009457	0.617959014905289	0.889156332024264
SNAPC4	0.910175839965007	0.107855684042466	0.649022510169007
FKBP15	-0.429508740317786	0.595273206534062	0.884815493035545
SPOUT1	0.140999832117878	0.693027624744813	0.909562612889721
PHF19	0.538385367043858	0.247634580231224	0.726689592464322
GORAB	0.737426627479635	0.0202108645178927	0.536410460399203
WLS	0.273729862098833	0.251306457322568	0.726689592464322
RC3H1	0.87828588349582	0.080599417956342	0.610579710822461
RIF1	0.042569686565912	0.904692873943087	0.978873663296002
PRPF38B	0.249952116280369	0.443914382624114	0.818098501353861
ZMYM4	0.184973857364046	0.432967341449707	0.811864043710498
OBI1	0.1417959513639	0.635164508298092	0.891834207112548
ICE2	0.292360388336366	0.544569940974137	0.862498056802969
ARID2	0.139378791566354	0.563973224136284	0.87086847290289
SPTY2D1	0.105201985080175	0.844823966140356	0.963863159236945
VIRMA	-0.588085037515903	0.0953670147735631	0.628570221084859
SPECC1L	-0.112822982273158	0.721317843665183	0.920210735371843
RPL7L1	0.377933366447152	0.246269711029021	0.726689592464322
LAMTOR1	-0.422917176459254	0.404173334033636	0.794760848857956
NCAPH2	-0.0866601339597146	0.661128361471212	0.897412736943938
NIPBL	0.365729895348537	0.160733711565192	0.667901315818292
LIN54	0.241739276769515	0.597845595362999	0.884815493035545
HMBOX1	0.370581744574256	0.134533235893091	0.658184043156775
PPP1R18	-0.404791050795616	0.121445803204033	0.654306321756562
RPUSD3	0.152169049247536	0.643719045459454	0.894952624818918
TAF2	0.755228188729362	0.0334221093241413	0.544481140163034
NFRKB	0.766987078153317	0.172001204345249	0.679502183180612
PKN3	-0.327683522208549	0.156304549142522	0.667901315818292
INTS5	0.427025383368857	0.131851772112063	0.658184043156775
RSBN1L	0.165745078708007	0.53150380755596	0.859910841748065
CTR9	-0.159123554076608	0.551483111311335	0.865608153751072
DARS2	0.280752354533046	0.296670172381002	0.741341669201813
WDR59	-2.57190598182738	0.00987984605247664	0.396626403241039
CCDC137	1.06372930709482	0.0710792843707432	0.60496771631919
MTHFD1L	0.259183107449715	0.276762111459305	0.733787078303325
ABRAXAS1	-0.19305539791651	0.708794775500346	0.915747301540201
ATF7IP	-0.647000361671378	0.402773473951567	0.794760848857956
AEBP2	0.240682705697946	0.536971685020125	0.861159627132473
QSOX2	-0.253698817972442	0.402402255726908	0.794578110357242
MMS22L	-0.556658112937953	0.519201800535417	0.853672501283119
SRCAP	0.398674634428293	0.177628725711271	0.685888822671378
FAM83H	1.02651651080044	0.244942821184029	0.726689592464322
TPGS1	0.606837067544188	0.276513362350326	0.733787078303325
CRACD	-0.201724409588088	0.353667805704014	0.769908781783735
MED25	0.120140585809601	0.766738213268005	0.93788513587247
INTS8	0.275438424865655	0.498510060404514	0.842023121548328
ASXL2	0.377156583158705	0.0765101321383535	0.605139931716957
RSRC2	-0.0375986371801744	0.885017493708206	0.976149200879187
HS2ST1	-0.0631305585388979	0.821334869382457	0.954926372467067
APTX	-0.257735957036633	0.377431837951166	0.779567345036914
SETX	0.0512948319709494	0.903399991831181	0.978873663296002
EMSY	0.254630310095255	0.40380220116948	0.794760848857956
RBBP6	0.717133320542512	0.0606370541668214	0.590364821786616
TMED4	-0.362313524055132	0.652728531626211	0.894952624818918
PBRM1	0.327933135343329	0.232187259161203	0.71979620725127
CENATAC	0.0224790399052068	0.957710673317025	0.990659418102952
FAM83A	0.728033299432035	0.112672789361661	0.654251340141825
ERICH1	0.266940677083412	0.219710197905487	0.71117665025111
VRK2	0.223974879771276	0.391503265185115	0.788835625270984
GATAD2A	0.00832954538796216	0.97878619498514	0.995921444022015
DCP2	0.626895768781633	0.152848792018554	0.664183638233793
VRK3	0.371392852782755	0.414300195333326	0.799424320572756
FMNL3	0.744272213711746	0.251821842499478	0.726689592464322
FOXP4	-0.237805255408645	0.727372265671727	0.920947496683888
CCDC50	-0.351017367170055	0.362786382889	0.771483848992319
MISP	0.31155258163982	0.34341877136822	0.766711076627086
ZC3H7A	0.323551596905432	0.214757915694965	0.71117665025111
PHF6	-0.0439082975626661	0.872255216711625	0.972983924423535
SUGP1	-0.131791698854876	0.6422171963823	0.894952624818918
CCAR1	-0.0932051374975487	0.756133618675349	0.935342175423371
PARP9	-0.398699176698425	0.156970817713973	0.667901315818292
RBM12B	0.0854624626986649	0.812453498654189	0.953371557307271
SMC5	-0.0196717260656456	0.93374489037525	0.981974614529695
DHX37	-0.125215682991072	0.703293890236032	0.914401263885556
FTSJ3	0.098829693049268	0.644295100001844	0.894952624818918
SRRM1	0.000103885068156728	0.999629255431855	0.999927387557434
SUPV3L1	0.0434743610766759	0.865875260834603	0.970346918072315
FANCM	0.276518769919129	0.241255720283259	0.72536297324053
RNF168	0.0966239258150843	0.851694714640296	0.964529142995697
RCOR2	0.715119367744936	0.161176865833725	0.667901315818292
INTS1	0.00394863064060402	0.987320582610832	0.998250330757816
PIAS4	-0.0292459223507961	0.921290681699084	0.980682075070157
AGGF1	-1.06306271384346	0.201435667802927	0.705980029794485
SYNPO	0.248957486566795	0.385467160664024	0.784256228284809
RYBP	-1.42502720967031	0.00626576319333416	0.336894663880222
AFAP1	0.205111303717167	0.381077027048672	0.780048813104966
ZGPAT	-0.0657458402899671	0.791530259087939	0.948846898081666
SRBD1	0.280673439046407	0.300733383977895	0.741341669201813
CPSF7	-0.135545067124706	0.584056526374602	0.877963794766513
SIRT6	-1.69781367739567	0.000420956946643161	0.0870992650468874
GPATCH11	-0.647149793157663	0.0344915435136763	0.5447809830097
CEP120	1.41751464709654	0.0181504998107588	0.51874565124677
BANP	0.181265246270407	0.617664246372139	0.889065684459109
SCAI	1.09980999991049	0.0240593732865342	0.53774512130499
PRPF38A	0.308710837928942	0.406162361377889	0.795349985867128
KDM1B	0.351392600802345	0.280683266108917	0.734949494057204
GOLM1	0.198736073727478	0.47011115990529	0.829038958999018
POGLUT1	0.0518129433469277	0.80329847830427	0.950963375294496
HSD17B11	-0.184368189572705	0.602605722015152	0.885668792969396
POC1A	0.365906344947788	0.380613228454242	0.779857145565286
CHST14	-0.167940660806217	0.543135291435959	0.862498056802969
SRFBP1	-0.124213880959168	0.630087303097788	0.890282224413952
NGDN	-0.356980754115639	0.264471806541032	0.730555961204825
BOD1L1	0.167458294410135	0.498716509947289	0.842023121548328
ARID1B	-0.0193712769702863	0.943638306434526	0.984710702797291
COP1	-0.105610265703071	0.929896135518215	0.981974614529695
THOC2	0.416090265974404	0.0889518199563754	0.62065828748736
PUM2	-0.0393805520085806	0.887609660530194	0.976672211611352
GOLGA5	0.847345995586849	0.580031672338758	0.876214022567615
DLG5	4.8811497041612e-05	0.999927387557434	0.999927387557434
GPX8	-0.481365274669976	0.167919228097226	0.676615713215293
PHF10	0.00612897756741404	0.976799506293128	0.995679233963677
ARB2A	-0.0128732145713109	0.957861256971806	0.990659418102952
CACTIN	0.679259510549322	0.0632208942426574	0.591502688120517
GATAD1	0.589147774313162	0.320800261528789	0.755081346257621
BCL7C	-0.954096355660521	0.112097036775476	0.654251340141825
MITD1	-1.25836966027262	0.218369643304626	0.71117665025111
STAG1	-0.262465035430665	0.485448506559684	0.834247484703325
CKAP2	-0.275305033963267	0.231807358255431	0.719428014779799
SREK1	0.0950913625364009	0.673450079574467	0.901901289318448
ATRIP	0.633066113167018	0.133611621994188	0.658184043156775
PSPC1	-0.514670387338573	0.0495096145897208	0.585150828279326
GATAD2B	0.108407305037584	0.604826225989521	0.885902943410691
PIBF1	0.758871431539781	0.192119186914288	0.694970921486529
BBX	0.14496026592175	0.501851052992667	0.843972222393631
FAM3C	0.688554357219232	0.0261693898279429	0.53774512130499
H1-10	0.0665688598558063	0.763398864885754	0.937085157459771
TOPBP1	0.0197900522159316	0.972647238269078	0.995679233963677
BAP1	0.598504160879486	0.140820438127138	0.663620639626168
PHF3	0.47294176728672	0.209460139672689	0.706172434104839
AKAP1	0.249195955703911	0.337068953296071	0.764086962479424
CENPI	0.0221406817765342	0.934823558812722	0.981974614529695
GTF2H4	-0.0437684081956284	0.892792044927078	0.976984551839254
RREB1	0.173165765216662	0.551323482435729	0.865608153751072
DPF2	0.0919027202181049	0.70598838557361	0.914874236924318
CREBBP	0.173029308907218	0.561991988139178	0.870679025243088
CELF1	-0.337178226814501	0.30001226598594	0.741341669201813
SMARCD2	0.00306367497126914	0.99227420924272	0.999927387557434
KAT5	0.670785197331458	0.123893778382157	0.657056809161496
SECISBP2L	0.923608944884652	0.0921375041214817	0.62254515005995
MED12	0.523754361972365	0.149260588903612	0.664183638233793
PTP4A1	0.0170595924689465	0.955132153913452	0.990484365103635
L3MBTL2	0.105969685273315	0.696596906143841	0.912390975542367
RAD51AP1	-1.81010798798433	0.000535628274574986	0.102733503063482
EXOSC8	0.0820172756916087	0.844415101164435	0.963863159236945
NACC2	-2.27790290716479	0.131289049572309	0.658184043156775
PINX1	0.713578457041702	0.657912892747077	0.895583341581897
TADA1	-0.137444861252117	0.68501354606412	0.905171189356516
ENTR1	-0.128444008190591	0.702110389839801	0.914401263885556
INTS12	0.179417124516476	0.47613055485573	0.83010039887325
THAP11	0.278772800883729	0.613345189931341	0.887648560250155
SGF29	-0.680222024232382	0.065296079345139	0.596567112646876
RBM33	-0.151177648226838	0.54439188346289	0.862498056802969
MCRS1	0.52318950849498	0.162334686116738	0.667901315818292
WDR89	0.573813354147124	0.240838595087968	0.725229553497355
THOC1	0.290509931806003	0.297049148035303	0.741341669201813
BICD1	0.199014339861009	0.56801692367128	0.87086847290289
AURKB	-0.0456252620730808	0.890008808895159	0.976845147617119
SMARCD1	-0.205343770595768	0.411563400059648	0.797755029120167
LIN37	-0.751281087155512	0.00566975992884778	0.32953331950091
TONSL	0.260947486688849	0.482466823079745	0.832168495204093
DOCK6	0.459133814446417	0.221337374633462	0.71117665025111
DDRGK1	0.371286646448514	0.248569210819708	0.726689592464322
RBM17	-0.195944897263832	0.54637368297521	0.864028206886306
TENT5A	0.00379720012591633	0.994169092352551	0.999927387557434
NSL1	0.331776069684096	0.326815393719154	0.75962655019899
CDK5RAP3	-0.0592768600186027	0.924253832453848	0.981571899582768
VPS39	0.0585137173127031	0.874931181159335	0.973271556203069
EAF1	-0.0625157928694087	0.905937132604252	0.978873663296002
CHAMP1	0.0966617712573381	0.779215586776497	0.941512969474744
CNOT6L	1.43099433031452	0.0298667819040252	0.543642649956469
CCDC138	1.13321133777048	0.00416256782693006	0.28013351200182
NSMCE2	1.04320837547052	0.254643874889597	0.726689592464322
NSMCE3	0.279215563637248	0.595406339952739	0.884815493035545
TCEANC2	0.375787777058044	0.24862916550312	0.726689592464322
ZNF830	-0.275464124153963	0.308298694606016	0.74623857083025
MUS81	0.532918627261761	0.0402457928450023	0.559358193309524
UHRF2	0.0334921231722376	0.911160480808063	0.980058068401744
PPP1R10	0.154434770254774	0.649374824025301	0.894952624818918
PURB	-0.467246105915329	0.0929649594295604	0.62254515005995
UIMC1	-0.593292345301094	0.0300773693272956	0.543642649956469
MED15	-1.19382221337148	0.118226848902548	0.654251340141825
WDR24	0.787173573498229	0.0746437656037215	0.60496771631919
SMC6	0.0348412357913794	0.921610432439843	0.980682075070157
STRBP	0.308905945611102	0.165221485707365	0.671999044386781
SIN3A	0.297321186422888	0.221415595623734	0.71117665025111
INTS14	0.02592769227358	0.930854554628987	0.981974614529695
RSF1	-0.0463532683384287	0.878694181072681	0.974599937867924
RBM15	0.839090271815586	0.0563272115772998	0.585150828279326
PNKP	-0.00847707038578704	0.975561834082608	0.995679233963677
UHRF1	0.722545056528585	0.0790272277227693	0.610579710822461
COL12A1	0.378471760041826	0.0983747821774685	0.631287107366986
CDC6	0.0174592573172632	0.93626805644521	0.981974614529695
ARID3A	-0.720949370049787	0.12578914786538	0.657056809161496
FOXC2	-0.556066721868383	0.410525692947554	0.796145883795156
ZFYVE21	0.00727049986520711	0.993895505798197	0.999927387557434
TCF25	-0.144903600804845	0.803127948138767	0.950963375294496
CCDC77	0.503283885408131	0.554212859412057	0.867032297416607
NUDT16L1	-0.218277716884391	0.36284965390814	0.771483848992319
UTP23	0.0228989064856542	0.934427882453916	0.981974614529695
CENPK	0.647072362373653	0.219506118132814	0.71117665025111
ERP44	0.0865679897279392	0.774716395664095	0.94065362939321
TINF2	0.562730672161543	0.317372893503303	0.751971846497017
POLR3GL	-0.0203934615119294	0.972536506388134	0.995679233963677
WAC	0.067183291089524	0.75530380754515	0.935070729921571
DIDO1	0.220875634178327	0.430756853752101	0.810843313975413
MTA3	0.21104302923629	0.458377117786446	0.82280515855349
DCTN5	1.9079098387339	0.0105233434077367	0.403675453120779
PI4K2A	-0.764329646193126	0.147473307063406	0.664183638233793
SPINDOC	-0.23393703280539	0.517844788597319	0.853186465209417
PHF23	-0.885609188488022	0.00642286628552846	0.336894663880222
C2orf49	-0.0795392673002802	0.762981093437901	0.937085157459771
NOC4L	0.72940453237792	0.0373887076975856	0.547416346289841
KIFC1	0.411856281641892	0.610068861966558	0.886845449452339
SF3B5	-0.660266812554937	0.0282172972442692	0.543642649956469
PAPOLG	0.321567161902035	0.665002528621096	0.898854721561143
BRIP1	1.04872549512564	0.0141308728527419	0.44492719301934
SCAPER	0.611849307133898	0.0777552656331616	0.608197070131679
POLDIP3	-0.263959548927613	0.337524181159391	0.764086962479424
KIAA1671	0.858965569071799	0.130501249970604	0.658184043156775
HELZ2	0.291161556156098	0.280032796619788	0.734949494057204
DOCK9	0.521979566216583	0.150180708094419	0.664183638233793
UPF3B	1.8842974270746	0.0261211508381653	0.53774512130499
CRNKL1	-0.0405349986641781	0.939497541381279	0.982795900937711
WDR33	0.311989341128644	0.278087953201838	0.734167507558328
SENP6	-0.507926254806968	0.301770449011649	0.741341669201813
REXO4	0.147269596256976	0.610460176918524	0.886845449452339
POLR1E	0.117384695681608	0.747281940971108	0.93043045611398
MFF	0.915564652272263	0.101626292886953	0.636990946918877
CLPB	-0.123425409640074	0.579652940316098	0.876214022567615
MIS12	0.35350286516875	0.183248914617719	0.687835724919822
LSG1	-0.869042132071581	0.00893422888691107	0.390203800937684
BRD8	0.262410978186544	0.296799252281414	0.741341669201813
PARP12	0.422333612727314	0.097889795499895	0.631287107366986
METTL9	-1.33460924222516	0.0300601849043971	0.543642649956469
CDT1	0.807907698998847	0.115862193983592	0.654251340141825
TRIOBP	0.344613173879253	0.182666374273128	0.687835724919822
TAOK3	0.171038117273891	0.677836657222389	0.901901289318448
ADNP	-0.0202981039443983	0.946387362685453	0.985397984005583
FOXP1	-1.70189056558763	1.43294462351144e-05	0.0109935511515798
GGNBP2	0.698444260857762	0.463692953776033	0.826161714205696
KCTD10	-0.14077211430547	0.62218524731626	0.890251101574413
ST6GALNAC4	0.777026281027986	0.0594671497388745	0.587665517242056
ESF1	0.494398028347046	0.111646111326827	0.654251340141825
DHX35	0.361746496889598	0.276357647380591	0.733787078303325
DHX33	0.251215094317509	0.287750154461177	0.739900121001118
NOL6	1.1684303493686	0.0230860643820367	0.536410460399203
PEAK1	-0.433370826406531	0.599092540376633	0.885491068116152
TDRD3	-0.598180328399408	0.208154716684691	0.706172434104839
SUDS3	0.261277504307984	0.470908221695476	0.829038958999018
NRDE2	-0.102655017513765	0.798640601059429	0.950326751899144
KAT8	0.0673773277419727	0.870410042982197	0.972983924423535
NOL11	0.463780669622579	0.0903415753734576	0.62254515005995
DDX31	0.585810196107651	0.19017748048978	0.694399720414324
ECT2	-0.373904466236748	0.626767539403182	0.890282224413952
RMI1	0.436615290792318	0.302981338881464	0.742546531961585
EHMT1	-0.0675583561780684	0.84502177772608	0.963863159236945
AGO3	0.68468025617004	0.0937865666831557	0.62254515005995
ISG20L2	0.196146002404696	0.539386575030168	0.861159627132473
MEAF6	0.57375779355257	0.0700465223559996	0.60496771631919
FBRS	0.517411106322498	0.177402274184806	0.685888822671378
RC3H2	-1.1437910779614	0.0123260335475135	0.429501524705708
NCOA5	-0.161908124709864	0.592664479522955	0.882212240376428
CWC22	0.310360705881553	0.408405982119017	0.795933086828935
CHD8	0.173493831844805	0.500352557710982	0.843226765626595
MRPL47	0.187232049926745	0.459735124607832	0.823701045303896
TM9SF3	-0.266069901205253	0.468410309864351	0.828028547760207
HMG20A	0.277974882976086	0.333422588168744	0.764086962479424
DMAP1	-0.299115299480583	0.161165076052023	0.667901315818292
PPAN	-0.180641248353066	0.451122174523333	0.819927569696182
PRDM11	-0.960414367814185	0.0475911846778113	0.584048702923682
PRDM10	0.756678914561306	0.052171352053659	0.585150828279326
AAAS	0.259494802150627	0.457335231157936	0.821678033641653
BAZ1A	0.327564502491548	0.528568464166426	0.859511923926414
DROSHA	-0.152471007058125	0.558865059906479	0.869484647978604
HELLS	0.177445921848712	0.779293287302977	0.941512969474744
CENPM	-0.686568404867607	0.361942345816313	0.771483848992319
PDS5B	-0.13243381950614	0.534843319326805	0.861159627132473
IMP3	-0.0846017605659952	0.793419660150272	0.949132411695925
MED17	0.212887633726222	0.448195805146481	0.819397395833289
FBXO28	0.0389378329617216	0.895214636755269	0.976984551839254
ARL8B	0.0444810818578034	0.907039834540304	0.978873663296002
DDX18	0.346742074601195	0.325189341795424	0.75962655019899
INTS10	-0.0641748654674288	0.80428755331255	0.950963375294496
POLR3E	0.555643882757849	0.629758088078826	0.890282224413952
RLIM	0.268386171573809	0.622736686444165	0.890282224413952
FANCL	-1.20248212580777	0.184116958368008	0.688126885125084
ARGLU1	0.0397706395338915	0.930137737221271	0.981974614529695
PAK1IP1	0.00655542469075243	0.975424195544987	0.995679233963677
FAM120C	-0.147985256713564	0.705179625665563	0.914874236924318
LYAR	0.286910216236237	0.335706657029521	0.764086962479424
BPNT2	0.538385596058539	0.1208550207596	0.654306321756562
TEX10	0.416271107276089	0.0840894460014756	0.616045065079398
NSMCE4A	0.157020636776451	0.668843638307734	0.901103978997998
RTEL1	0.454002676883764	0.394124411368096	0.790559394362979
ITSN2	0.199481693538452	0.822099271682551	0.95524192875429
NOP53	0.0743517311125714	0.752224422176476	0.933084060121438
SENP1	0.310231455914217	0.192318264871318	0.694970921486529
SH3BP4	0.200086755882385	0.776842292446569	0.940930209043303
HMG20B	-0.100898768384397	0.746061066996546	0.930137547667315
CEP72	-0.413507658218698	0.386403616125727	0.784256228284809
POGK	1.44222802437898	0.0328134512751506	0.543642649956469
RCOR3	0.32103528956106	0.368142266834309	0.774653722203186
RBM27	-0.334763158917461	0.535092021751358	0.861159627132473
MBD2	0.345354861279191	0.238119466391642	0.72322398733865
ASH2L	0.0330123645768339	0.891587527968494	0.976984551839254
MORF4L1	-0.258736418372298	0.242572387760984	0.726037658005366
ZMYM2	-0.0425168013627477	0.87508175113253	0.973271556203069
TJP2	3.15801006948877	0.0264118030884274	0.53774512130499
VTI1B	0.325917503951242	0.363074048980162	0.771483848992319
KDM5B	0.489262511288835	0.0974462711047369	0.631287107366986
AFF4	0.00591217944525368	0.983593472977964	0.99736128368056
TRPS1	0.184982243001841	0.529580253026292	0.85955356836803
BAZ1B	0.0610091569307265	0.806037606167784	0.950963375294496
SIX4	0.699064840395334	0.345806535605471	0.766711076627086
DDX41	0.00484088645950109	0.988138749979742	0.998504826124723
PTBP2	0.257496140441045	0.335254002730195	0.764086962479424
MAN1B1	-0.0877146144730538	0.736484559133323	0.925370052026016
RALY	0.145084905840264	0.671932653212417	0.901866220336891
ZHX1	-0.37730741274563	0.392077941273564	0.789355474070268
INTS6	0.412166554003363	0.158433564486432	0.667901315818292
AGO1	0.344987926477657	0.572279522001152	0.872147941780026
TAOK2	-0.103576863724484	0.804071126408214	0.950963375294496
MED23	-0.136668721887979	0.573590690190555	0.872786151356989
YEATS2	0.14801500388543	0.613902927618264	0.887648560250155
CIZ1	0.0187299414896991	0.97191933634535	0.995679233963677
TPX2	-0.224615212831619	0.344085557597992	0.766711076627086
TMCO1	0.11682214916512	0.592071148634217	0.881954911029771
FZR1	0.439742244032246	0.347178607951316	0.766711076627086
ANAPC10	-0.498525993216852	0.26586926940581	0.730555961204825
L1RE1	0.545060888948957	0.39815900828939	0.794188708197047
WDR3	0.250597042639821	0.451294928500362	0.819927569696182
TTF2	0.242586705022859	0.419875931132594	0.804872605952361
SCAF8	0.131506855280008	0.524075718238588	0.858482860225033
PHF8	-0.0921339232317884	0.694852141048933	0.91126591899614
ZC3H4	0.080242593869599	0.746260252685639	0.930137547667315
EXO1	-0.265635562372303	0.454741237160692	0.819927569696182
ZNF148	-0.147406564611337	0.602848582335412	0.885686389061141
CDYL	0.450828508431613	0.248144315839163	0.726689592464322
ERGIC3	-0.251393076394876	0.619453588526501	0.889305376342686
KDM2A	0.48369254653938	0.170093966056476	0.677549796254043
LRCH1	0.0330712524653087	0.948325959156058	0.985977947069857
POLDIP2	-0.0295255322177574	0.918539102939281	0.980682075070157
FCF1	-0.234896305780985	0.62444448075342	0.890282224413952
TMED5	-0.0767238657370797	0.812855911104529	0.953402858507732
TMED7	-0.121707182700892	0.820022968083666	0.954926372467067
MED31	-0.0381244228505828	0.942243042563304	0.984325792830293
CHTOP	0.0527942053682473	0.917763730002624	0.980682075070157
TRRAP	0.0792337182541871	0.805061427756244	0.950963375294496
MARF1	-3.30500909412394	0.00207397124621057	0.198893842511594
UTP18	0.326569505995277	0.182000707169547	0.687835724919822
HCFC2	1.03422743344773	0.0760056713410238	0.60496771631919
LRRFIP2	-0.930967769298849	0.0734907939900536	0.60496771631919
NCOR2	-1.3524297146194	0.0017315274296726	0.179517276222272
ADGRG1	0.493481414720861	0.0366652532066738	0.544908015858552
SPIN1	0.760478171586662	0.0131800580363096	0.434098552363772
USP3	-0.132276256333078	0.677835559895625	0.901901289318448
TAF6L	-0.190283840988041	0.548911046111129	0.865608153751072
PRSS21	-0.123559583872385	0.641994587112845	0.894952624818918
IGF2BP2	-0.201034423738754	0.824472186342219	0.956060154548879
PIAS3	-0.0826712149474531	0.890783469316566	0.976984551839254
MAU2	0.422172432050047	0.376121460574413	0.779487845830697
ZHX2	0.490434898418137	0.141430742351288	0.664183638233793
MORC2	-0.224601850128678	0.491477930072891	0.837442865408051
RFXAP	1.93624417431833	0.0304982999241927	0.543642649956469
SLC27A2	0.684778309130483	0.0475614003953311	0.584048702923682
ZNF609	-0.364574684839248	0.467300110222849	0.827487070777439
SPTLC1	-0.317073636460496	0.182583415153699	0.687835724919822
BCAT2	-0.322915367401521	0.70618942010764	0.914874236924318
ZBTB43	0.356800818438657	0.19989069140821	0.703468524992562
SUPT3H	-0.0805892841675266	0.895668875985992	0.976984551839254
KHDRBS3	0.104461854342446	0.7262821802721	0.920389310711521
TAF5L	0.0364473059923469	0.907062952096599	0.978873663296002
ATP5MG	-0.185951178411223	0.600176427815953	0.885491068116152
CLPX	0.0340042794412234	0.905482792391973	0.978873663296002
GOSR1	0.625863326317486	0.276009139784272	0.733787078303325
NSD2	0.651725755345851	0.602540139936169	0.885668792969396
EGFR	2.52372943121879	0.0515084588012275	0.585150828279326
COL3A1	-0.642151639465958	0.206278601916337	0.706172434104839
ALB	0.605040958557012	0.260562056437586	0.730555961204825
TOP1	-0.27924971662145	0.324640479246025	0.758879267756095
FOSL2	0.486544177184307	0.158207928619794	0.667901315818292
MGAT1	0.117797604952216	0.609368095930039	0.886845449452339
NDUFS1	0.240417869022949	0.32787819850306	0.760423681655222
PPIF	-0.274596891690521	0.353346143335026	0.769908781783735
HADHA	-0.0372935236101668	0.851530952688125	0.964529142995697
CTCF	0.00321098311681922	0.993482239046887	0.999927387557434
CLK3	-1.10029185331846	0.144208921775472	0.664183638233793
DAP3	-0.133384658187545	0.569183970514867	0.872147941780026
ALDH3A2	-0.0576366280867049	0.849717319476858	0.964529142995697
SEC61A1	0.63750659931889	0.0803933176559056	0.610579710822461
RAP1A	-0.0784004735862887	0.879990894801111	0.975010770580001
SEC11A	0.352124429890853	0.472223703183747	0.829038958999018
CKAP4	-0.272083644652739	0.327746985364248	0.760423681655222
LGALS3BP	0.227826804136871	0.324189485268845	0.758287113104444
PRP4K	0.400323830247061	0.102244398371629	0.637739044152146
GTF2H3	0.0116184504053756	0.967860892686038	0.995594774292048
ARID5B	-0.238643256980851	0.62384490645391	0.890282224413952
PDK3	0.580613761007449	0.187607034691251	0.692647338860096
MED22	-0.0650382777608058	0.795232422103937	0.949132411695925
FLYWCH1	0.767067874707642	0.0342779925761816	0.5447809830097
SGO2	0.453034992867799	0.312798909779325	0.747518453062553
SAMD1	0.429221115642516	0.495038143646517	0.839736681593536
RAB11FIP1	-0.0478211364679098	0.876341665145473	0.973735952378893
ZC3H18	-0.0605046194265526	0.850579005948441	0.964529142995697
SUGP2	0.0929375527731651	0.717887879416742	0.920210735371843
HOMEZ	-0.0130765828039614	0.989431474387612	0.998546314421965
KLHL7	1.81078567588554	0.00908992497484401	0.390203800937684
ZNF687	0.488141439136491	0.250413188060976	0.726689592464322
CLASRP	-0.105970925797898	0.847905373734805	0.964529142995697
NKAP	0.280859062305449	0.453400708627493	0.819927569696182
EMC1	0.318893285042048	0.275418154772736	0.733787078303325
NUP35	0.0503769709804054	0.897347617544658	0.977487167934293
PNPT1	-0.00908457798064788	0.976324037489841	0.995679233963677
STK35	1.75825759843157	0.16261468626238	0.667901315818292
PNISR	0.415865532917309	0.155258267524449	0.667181073260929
GLG1	0.124833808147862	0.641099958623939	0.894952624818918
TBRG4	1.03877471580029	0.379831504024503	0.779857145565286
PTCD3	0.177036052376295	0.578321185080713	0.876214022567615
CDCA5	0.239771289252758	0.575090194949664	0.874720851636364
IMP4	0.116204714276115	0.725881924779079	0.920210735371843
RSRC1	0.223805959562537	0.560966858260448	0.870013838565054
EP400	-0.0404923314262362	0.97259499111921	0.995679233963677
YTHDC1	0.55182612855322	0.245451922371909	0.726689592464322
LENG8	0.310597228232311	0.247348260665769	0.726689592464322
CCNL2	0.398291953249711	0.429895442267405	0.810358189944849
PPP1R9B	0.751397248605898	0.228076273169217	0.715932644547107
RNF2	0.0860061458090229	0.701335374099084	0.914401263885556
MPHOSPH6	0.00404704740067885	0.986840097560157	0.998250330757816
PIP5K1A	0.188928851142641	0.48435364901412	0.833418077141589
DDX50	0.466834414822419	0.298341249196727	0.741341669201813
SRSF8	0.0479937225842022	0.935213457533137	0.981974614529695
CCDC106	0.236474453623348	0.47119410463465	0.829038958999018
CHID1	0.387390409937524	0.113514881606787	0.654251340141825
NSD3	-0.255415107455594	0.226921008364942	0.714084485716094
OSBPL8	0.551328296139037	0.0699418368272435	0.60496771631919
INTS2	-0.126771066404956	0.639258209194738	0.894782954246845
CPVL	-0.104895905657663	0.682436752204834	0.904470868176659
ACTL8	1.26868549280422	0.0603901456674314	0.589456994351824
ANTXR1	0.349097905129916	0.345849483460499	0.766711076627086
MED20	-0.176751045445886	0.427384252183442	0.809602958704041
SFXN1	-0.044657287185693	0.901385829786825	0.978873663296002
MCCC2	-0.0375832702147108	0.941349973939003	0.984325792830293
CWC25	0.0929532517426992	0.705105376754236	0.914874236924318
MRPL39	-0.162689010520374	0.654249283839117	0.894952624818918
CDK12	-0.105332969505671	0.733589605597861	0.924317711764076
DNAJB11	-0.665366689467206	0.146040934985695	0.664183638233793
DAXX	0.44617445655069	0.19001350174296	0.694399720414324
PCYOX1	-0.0737415121042524	0.798233622068602	0.950326751899144
MED13	-0.0084017402123493	0.977031461220649	0.995679233963677
GPATCH8	0.456083470810498	0.351876786012123	0.769908781783735
ZMYND8	0.0635727007565414	0.815773383398891	0.953901537385333
MED16	-0.0136906990354433	0.95081881738899	0.987368972253428
CSNK1G3	0.462999056582508	0.321874371599119	0.756562554812634
HACL2	0.792860680358991	0.50718041439914	0.848095605925192
GTPBP10	-0.220787771591937	0.310860433787658	0.747518453062553
ELL2	0.445859236325319	0.299188637991183	0.741341669201813
MPHOSPH10	0.216461252277064	0.460514661938005	0.823900450972229
ZNF195	0.781558839295961	0.384323562296463	0.784256228284809
TPP1	0.333145296412102	0.355747051958752	0.769908781783735
LIN7A	-0.945606358080862	0.0409995268842515	0.563706756731143
LAMA5	-0.0439168194879898	0.872846897509771	0.972983924423535
SPTLC2	0.445269758002013	0.195582734233786	0.695883573589626
RRP8	0.00228851099163307	0.993357689847563	0.999927387557434
SIPA1L1	1.24905886820088	0.236868536567143	0.722458957074377
TIMM44	-0.0273377773127983	0.930702671987017	0.981974614529695
GTPBP6	0.504660576716645	0.189383359740364	0.694399720414324
CCNT2	0.385505905372863	0.537281612592638	0.861159627132473
PMPCB	0.0295193405145042	0.88789076064955	0.976672211611352
MED6	0.0709671406466228	0.850140255559812	0.964529142995697
ERAL1	-0.0306787751913831	0.882654288573414	0.975010770580001
MICAL2	0.811700299331527	0.00649901072135985	0.336894663880222
ERLIN2	-0.421982794915134	0.43078693271165	0.810843313975413
SCAF4	0.484898526453833	0.641393949216226	0.894952624818918
VAPB	0.55983774701021	0.584290726385834	0.877963794766513
CPSF4	-0.0345759943282857	0.937665401353474	0.981974614529695
C3	0.819130466701086	0.16865550804447	0.676739046923209
KRAS	0.311093725766717	0.656463339562893	0.895322023741063
TGFB1	0.385244508977376	0.195616077962891	0.695883573589626
COL1A1	-0.0472693626865599	0.8850940113749	0.976149200879187
CENPB	0.609933410821967	0.0617324914157533	0.590947757115699
TRIM27	0.314334576471126	0.346526771629044	0.766711076627086
HIVEP1	0.661727247364119	0.322671335371307	0.75704418500571
ATF7	-0.768466792736579	0.130520106241937	0.658184043156775
SDC1	1.40872554976947	0.0580182133748164	0.585150828279326
PYCR1	0.41384339428518	0.301721465312776	0.741341669201813
BRCA1	0.692581530683857	0.355839488848802	0.769908781783735
NR2C2	0.601749637923838	0.13180633263778	0.658184043156775
PSEN1	0.564404683620676	0.690738164094343	0.908355021414433
ZNF131	-0.0808710389051157	0.710205480209097	0.915747301540201
SUCLG1	0.178879084709077	0.61498213980337	0.88787276880197
BLM	0.507795444802746	0.146151455196535	0.664183638233793
SEC61B	0.175679259497201	0.536717807284271	0.861159627132473
TMEM258	-0.237817823446953	0.289894943093065	0.741341669201813
DAD1	-0.105208663054214	0.623402846451518	0.890282224413952
RBM6	0.294395737874488	0.464618654316734	0.826521251089634
ADARB1	0.263291533667783	0.263675541005481	0.730555961204825
MRPS35	-0.669343939817828	0.14650942281421	0.664183638233793
MRPS9	0.162284500084652	0.48761695666965	0.835199446700586
OGDH	-0.370675947832751	0.386250729903262	0.784256228284809
KMT2A	0.910553291135408	0.0716865209314749	0.60496771631919
CEBPZ	0.565940547235108	0.0635294857939658	0.591502688120517
CTDSPL2	-0.0455513208630478	0.839381461409647	0.962878973076377
COL16A1	0.373095240200929	0.507978165232936	0.848325747424267
SPOCK1	0.757333467285811	0.095859687127689	0.628577367216778
ASPH	0.271524431024982	0.414597083484864	0.799594978505751
DDX10	0.148264917559423	0.669913357466025	0.901679873417429
ORC1	0.679994398665645	0.599927011943483	0.885491068116152
MED21	0.497591216441311	0.655880714499057	0.895322023741063
KRR1	0.0332298281975696	0.912836763084286	0.980114208218846
C1D	0.796144525707355	0.139701875725894	0.661600488005593
CDK13	0.0165850225463124	0.977330756183151	0.995679233963677
NID2	0.481368119865476	0.321387255884405	0.755880756328988
URB2	0.427057843629669	0.141312593748616	0.664183638233793
MLEC	0.00235650668864906	0.992766204146017	0.999927387557434
SEMA3A	0.372132007055377	0.333925507781789	0.764086962479424
LBR	0.739710019520942	0.00912377889514325	0.390203800937684
ATXN7L3	-0.599428380410416	0.493177379187499	0.839262406059476
ZFHX3	0.387698207210661	0.602552438020711	0.885668792969396
RFX7	-0.288831159975761	0.698525267589265	0.913584359520088
POLR1F	0.495257188989036	0.400757803886717	0.794511261695998
GLYR1	0.145176908088001	0.644748046815441	0.894952624818918
TMEM41B	0.596792030729866	0.444665113483525	0.818098501353861
NOM1	0.294247497373995	0.28264876686592	0.736523168857702
MEST	0.202284674738149	0.479481352560522	0.83010039887325
AARS2	-0.270490975498284	0.502796270208791	0.844821065493176
ZC3H13	0.249803734432746	0.571791406262262	0.872147941780026
MPP7	0.102198911905738	0.916515893190325	0.980682075070157
LRIF1	0.39668455008885	0.21908615454849	0.71117665025111
IBA57	0.274083477044751	0.425152202004878	0.80856908621255
ACBD5	-0.00674958940722803	0.984565574320261	0.99736128368056
PRR14L	-0.701947444366596	0.59045416971713	0.881494506026725
RSBN1	0.450030261966543	0.144150178556786	0.664183638233793
THOC7	0.0806167727650262	0.824714038426027	0.956060154548879
MIDEAS	-0.0638110459898265	0.780106366093546	0.941626186386042
SMARCD3	0.466006257833936	0.273428025911387	0.733787078303325
BCOR	-0.188364188323678	0.513607999214495	0.850690969337997
IKBIP	-0.107257060355945	0.615258308495962	0.88787276880197
CBLL1	0.666045663755902	0.310719688862584	0.747518453062553
NOL8	0.430992569754096	0.0915695776143043	0.62254515005995
TRMT10C	0.0152339165348216	0.976382868276348	0.995679233963677
PHF5A	0.426441912796257	0.180093988850869	0.687368087887018
POGZ	0.0503954369895752	0.841960537804187	0.963245041162201
CENPV	0.64448974170341	0.0544104493794495	0.585150828279326
ZBTB33	0.62245198109477	0.175891086697226	0.685786787379843
GPR180	0.144783346237336	0.633909243979878	0.891567378088297
MGA	-0.308142480324126	0.293913911984144	0.741341669201813
ZZZ3	-0.25659583496622	0.318619253116402	0.753528640539159
CCNQ	-0.210179525821207	0.565462267942724	0.87086847290289
CBR4	0.193901660392108	0.54062683363426	0.861159627132473
MMGT1	-0.0801143000550262	0.825601099700726	0.956571024367626
CISD2	0.169044461102381	0.692532424562377	0.909550686552744
DDX51	-0.149004293007135	0.46012046972895	0.823900450972229
C19orf47	1.31806203786987	0.142753146074574	0.664183638233793
RNF169	-0.231062381746721	0.816638808534429	0.953905745900752
RBM15B	0.65835954737139	0.0236712911432953	0.537296288909354
PHC3	-1.41224985546224	0.183957439720578	0.688126885125084
KDM2B	0.729125922194253	0.00950606253288074	0.39134061268325
SNIP1	-0.245188098298119	0.703229520468793	0.914401263885556
ZCCHC10	0.399418354629368	0.546790569566728	0.864028206886306
DDX54	0.43778414502286	0.226471561980811	0.714084485716094
SPRYD4	0.372685411923225	0.425861826995345	0.809517328223064
AHCTF1	0.504940357420466	0.169692971534706	0.677549796254043
DGCR8	0.222767209704905	0.544370213390034	0.862498056802969
PXDN	0.0324435414530129	0.900408606771945	0.978786251379554
P3H4	-0.0508723606726562	0.804348862926516	0.950963375294496
NCLN	-0.0891152235974815	0.830453574772718	0.958946391579815
CCDC47	-0.235854209741998	0.284148573508697	0.736523168857702
MRPL24	0.546589677275485	0.367887224981986	0.774541929215641
PYCR2	0.262953373516776	0.251153655860272	0.726689592464322
MRRF	0.164914593975524	0.756187374468917	0.935342175423371
MARS2	0.167491816007953	0.596940542182041	0.884815493035545
TMX3	-1.52799621408622	0.0875107477713563	0.62065828748736
DNAJC1	0.0849125048185044	0.718816146005866	0.920210735371843
EHMT2	0.329762994606444	0.335361730732086	0.764086962479424
B3GALT6	0.104757402044555	0.721669338600578	0.920210735371843
ATAD5	0.00544797165878563	0.994548048675724	0.999927387557434
PIGS	0.542241176639131	0.0748135560747724	0.60496771631919
BARD1	0.222347759145478	0.42343222279946	0.806497520684572
BUD13	0.317232900238206	0.373035033737431	0.777696950769992
MRPL45	-0.153413074456886	0.567496795510879	0.87086847290289
GPATCH1	0.134861417159232	0.596544383862526	0.884815493035545
PRXL2A	-0.30323362482374	0.454303121650871	0.819927569696182
PCGF1	0.383522772158301	0.311093025829375	0.747518453062553
MMTAG2	-0.170704883915739	0.539674309619874	0.861159627132473
PHF20	0.830654043212153	0.126909531121321	0.657056809161496
FUNDC2	3.06660382305561	0.0231895546770673	0.536410460399203
MRPL13	-0.623429473570322	0.0503882373050433	0.585150828279326
SETD2	0.0774086648806467	0.862709789393883	0.968780665139033
DNTTIP1	-0.10865771779072	0.674192971997658	0.901901289318448
ZNF106	0.667112420789604	0.063433040592412	0.591502688120517
SMOC1	0.348369157298151	0.553981834277376	0.867032297416607
TFB2M	0.0752611379620447	0.792426350172005	0.949004887435918
CCDC134	0.0754871025821835	0.827153269702915	0.957152320537069
RIOX1	0.183184358694476	0.415973840335664	0.800875191835846
SCAF1	-0.0117346832112162	0.976958023882907	0.995679233963677
NT5DC2	-0.00297600088648764	0.990838384052291	0.999436245391687
TMT1A	0.227564527431639	0.572783605491007	0.872147941780026
BRD9	0.273762298562961	0.244248306583526	0.726689592464322
WDR76	0.394787589256953	0.453922026858512	0.819927569696182
L2HGDH	-0.508018799627067	0.370739197480472	0.775499628566725
CARS2	0.117960100501641	0.842254152432728	0.963293657940353
BRMS1	0.513728767909583	0.335798634023536	0.764086962479424
MRPS30	-0.423690144946605	0.168389363845199	0.676739046923209
UTP3	0.826042487504736	0.0198398346679	0.532207033468981
ASH1L	0.629832346857373	0.0335659253576613	0.544481140163034
IARS2	0.0690863147672225	0.900452732304079	0.978786251379554
DECR2	-0.312857011641203	0.377202066127903	0.779567345036914
ABHD10	1.00986121604551	0.280521490964993	0.734949494057204
ZNHIT6	-0.449956668208799	0.40145061795964	0.794511261695998
OXSM	0.839907950089327	0.611901196433877	0.886993320845559
CHCHD3	0.194599398488766	0.661386850717565	0.897446041511347
MCM9	-1.21274234357295	0.0361063303054689	0.544908015858552
ING3	0.0215368455475691	0.929948527284655	0.981974614529695
AATF	0.136565283123481	0.632896549921038	0.891567378088297
FKBP11	0.426821644005116	0.162829564546998	0.667901315818292
FASTKD2	0.18930958724895	0.436859480610189	0.814415899327111
HACD3	0.0322801103160124	0.905611981201845	0.978873663296002
USP36	-0.0469860950969903	0.887488831124868	0.976672211611352
CHD7	0.297055977397381	0.170079766423298	0.677549796254043
XPR1	0.280745059967479	0.750577301449475	0.932800488817623
SEC63	-0.195323092393622	0.374118023370805	0.779107892318355
TCF20	0.571156329305502	0.0799183693866713	0.610579710822461
NOL12	0.0888543957706744	0.918436471395391	0.980682075070157
SALL4	0.190437173569489	0.740365316612706	0.927359050718308
SCML2	-0.56354914899682	0.0686847139785048	0.60397729954742
ICE1	-0.448316235425594	0.339020851799018	0.764086962479424
FNDC3A	-0.287823161439313	0.421144835212588	0.806009389005266
MRPS17	-0.181242814849	0.517639484532338	0.853186465209417
ACOT9	0.4144860531744	0.210466745916767	0.706172434104839
MRPS2	0.0742915646985693	0.809348832459813	0.952419368584578
MRPS23	0.0685808525242209	0.744944575586817	0.930137547667315
RBM19	0.391683452179233	0.300375532336439	0.741341669201813
TBL2	-0.12305025734269	0.577509578294129	0.876214022567615
PAXBP1	-0.0397719550119149	0.877114581414371	0.973735952378893
SRPRB	0.232910234318712	0.449211723755909	0.819588436195203
ALG5	0.0409922218884908	0.903941212831882	0.978873663296002
DNMT3A	0.20786594015215	0.502457137172443	0.844621199909505
BDP1	-0.249692679475359	0.60640785100184	0.886501721205434
NDUFS3	0.0225349948351479	0.912163583942913	0.980114208218846
SVIL	-0.48123392398611	0.23733617747543	0.722556806980755
UQCRC2	-0.337854469710926	0.329420916737837	0.763078886839578
CLK2	0.770998187842487	0.025337683721982	0.53774512130499
MRPS34	-0.194914876535517	0.552955781149059	0.866478094970502
SRSF4	0.312195415591795	0.344259706369786	0.766711076627086
RBM45	0.545536150440338	0.067174244728016	0.600888612292281
MSL3	0.635482025489278	0.149075924177372	0.664183638233793
NCSTN	-0.608883595751678	0.365909735405834	0.774108414380567
NOL10	-0.0065346190965947	0.981204927102782	0.996796107088525
MAK16	0.0591048471364495	0.826367631715909	0.956826256270742
MRPL1	0.618058814868807	0.191588529325372	0.694970921486529
SIRT7	0.363348819911227	0.34028546294087	0.765143631794359
MRPL16	-0.0446784630784407	0.836756091832555	0.961880841555194
SLC25A13	-0.032132873089683	0.95536813109579	0.990484365103635
VDAC3	-0.385010487705046	0.280361434377796	0.734949494057204
DDX52	0.607531043125746	0.220007853411653	0.71117665025111
RRP7A	0.118723650389217	0.620840880405912	0.889964729909222
VWA8	0.420995365346382	0.0581184738202355	0.585150828279326
NDUFS8	-0.00775342908199761	0.976727006340868	0.995679233963677
AGRN	-0.728475400305939	0.108699676654373	0.649022510169007
NDUFAB1	0.0391693010362602	0.924560215406416	0.981625515167177
ACOT8	0.63877916157875	0.0736927549754818	0.60496771631919
UQCRQ	-0.0363223927475076	0.917852468577356	0.980682075070157
NPC1	0.308985718719601	0.339417149130589	0.764086962479424
GNPAT	-0.105895969989742	0.75487273576836	0.934998971394068
TAPBP	0.149373478178561	0.580874954273509	0.876214022567615
GPAA1	0.263496783227559	0.329839122856724	0.763586527023774
NDUFS5	-0.20630269389811	0.624993748318708	0.890282224413952
OPA1	-0.356835144161465	0.632938705144655	0.891567378088297
ABCB7	0.267115098380451	0.367644231441138	0.77445539363438
NDUFS2	1.0774109743507	0.0197306763151625	0.532207033468981
LRCH4	-0.788511202208365	0.284356312064196	0.736523168857702
SURF6	0.23221841580029	0.724079401917257	0.920210735371843
CRTAP	-0.292254131486754	0.323569930409901	0.757762059250538
ATP5PD	0.112416181153602	0.656748453436522	0.895322023741063
PRSS23	0.0446599522928111	0.86079175740269	0.968327619177923
LETM1	0.0323137204903112	0.924883016395951	0.981664956748604
SGPL1	0.176884314401281	0.50416696739172	0.846012461467471
CTDNEP1	-0.00326170535154091	0.994905875680874	0.999927387557434
TOMM40	-0.196715657398578	0.523174780039426	0.857680832357567
MT-CO2	-0.202644517962884	0.708023283387636	0.915629954810249
APP	0.11798394080396	0.696661409635973	0.912390975542367
COL5A2	-1.7065019178028	0.185775443016905	0.691256886635118
SERPINE2	-0.604775411317213	0.582545560721333	0.877019140866182
CYC1	-0.25265347079759	0.297035362512163	0.741341669201813
MET	0.157070004823922	0.495459269581688	0.839736681593536
CFH	0.605393388401836	0.317892234922848	0.752737415533362
COX4I1	-0.483347406644157	0.201404923477366	0.705980029794485
CYBA	-1.56050451191471	0.192542509716408	0.694970921486529
COX7A2	0.0727356974998017	0.76384312959713	0.937085157459771
NDUFV2	0.315410203895187	0.171658736842195	0.679502183180612
COL5A1	0.0715674965323743	0.957764563901682	0.990659418102952
MMUT	0.351224241331899	0.283665877133566	0.736523168857702
CPT2	0.0744620675863992	0.879232784309027	0.974779468384228
ATP5PB	-0.0725205389635377	0.719886575613254	0.920210735371843
GRN	-1.86369765042094	0.0135307356793476	0.438412566157428
ATP5F1D	0.480364149194056	0.0961142392811354	0.629171027103132
UQCRC1	-0.169751674758658	0.611318556862416	0.886845449452339
FBN1	-0.183863261106048	0.555282601625429	0.867996764399001
ATP5F1C	0.0481047055547421	0.891812921374218	0.976984551839254
SREBF1	0.643703734619649	0.105598536877285	0.64708383629209
GGCX	0.465669373121123	0.204346688763369	0.706172434104839
COL18A1	0.137251607746819	0.701972634657775	0.914401263885556
GPD2	-0.0926511692790513	0.803191147726759	0.950963375294496
STT3A	0.273898843112327	0.325415593107183	0.75962655019899
UQCRFS1	0.89185469902672	0.0328053684981805	0.543642649956469
ATP5PO	-0.222435237231505	0.438742798886261	0.815415395604504
MRPL19	0.0731194576941085	0.758364030184667	0.935967091028556
NDUFV1	0.077096236976999	0.769899664408128	0.93911793916822
BCAM	-0.428270260502622	0.52319425122959	0.857680832357567
NDUFA8	-0.0678222465257505	0.859667304845947	0.967523327533994
MRPL12	-0.244166661135701	0.613817302866993	0.887648560250155
HCCS	-0.0811531098708294	0.821495575897112	0.954926372467067
SLC12A2	0.809376116249201	0.0211365044725035	0.536410460399203
HADHB	0.385285174128004	0.15309793484883	0.664183638233793
ATP5MF	-0.153845280771499	0.634333388450241	0.891646345949111
ATP5ME	0.315979264142559	0.44161278297697	0.817580422538445
HSD17B7	-0.292009930062083	0.32232336505504	0.756895888473714
TGFB2	-0.531949841330956	0.148270108301137	0.664183638233793
TIMM10	0.0406414310605037	0.91342760541772	0.980114208218846
VAMP2	1.24153547022754	0.207838984466027	0.706172434104839
MRPS22	0.138089379283361	0.697601938693299	0.912687938890687
MRPS25	-0.199455183979211	0.487925432757042	0.835199446700586
LACTB	-0.263728510298677	0.477957638771109	0.83010039887325
CBX1	-1.03296677482313	0.00116260593725468	0.163339144918421
HSPG2	0.38026856940014	0.178392174941242	0.685888822671378
TFAM	-0.332225540187466	0.14272897947592	0.664183638233793
SLC25A11	0.162653131740495	0.657666262252152	0.895565417820111
LMNB2	0.197075540280043	0.374787222750809	0.779487845830697
STX4	2.19829404680043	0.0356385480148227	0.544908015858552
BNIP1	0.794760574276584	0.0271989222011387	0.543642649956469
DNAJC3	-0.857705886487317	0.287599851615205	0.739900121001118
MRPL49	-0.198200455429316	0.632116430024133	0.891567378088297
NNT	-0.355667488403654	0.589213927918873	0.880835786241931
ADAM9	-0.650011168907259	0.0131066557734623	0.434098552363772
ADAM15	1.17302178117265	0.419088305834351	0.804872605952361
MTX1	0.221580215512621	0.385237550753195	0.784256228284809
LAMB3	1.10391976627161	0.334100149041895	0.764086962479424
SQLE	0.645498412765278	0.120503425802746	0.654306321756562
MESD	1.09347519153131	0.52968718240047	0.85955356836803
PON2	0.943448585484177	0.0175172175846245	0.516892666573997
DECR1	0.0977606108640074	0.733374014988746	0.924317711764076
UGT8	0.23717858472186	0.358415817690831	0.770035911997498
IMMT	-0.0847875751293437	0.71434601780833	0.917030912962974
LY6K	2.04968011426724	0.047807949092293	0.584048702923682
ALG11	0.0589718219802116	0.838685677337773	0.962623151929272
PGS1	1.41943065214156	0.0615847053978192	0.590947757115699
HSDL1	0.230252117769357	0.443210616087531	0.817915656908604
TIMM50	-2.07366327444058	0.0625065088620297	0.591502688120517
GPAT3	3.85818005542175	8.74323137412743e-07	0.00182302903005867
TMEM97	-0.566048508020426	0.229252665049755	0.716612658162815
PIGG	0.493684822617343	0.108043614683973	0.649022510169007
MIA3	-0.0779793845984145	0.781086497511523	0.942130404988788
ODR4	0.145410591704788	0.70133421517823	0.914401263885556
MTARC1	-0.252594720212208	0.283508066765988	0.736523168857702
CDKAL1	0.0318990610859302	0.903287747035176	0.978873663296002
LPCAT4	0.32995265067715	0.444098843494527	0.818098501353861
STEAP3	0.021652981357299	0.954154276417797	0.99002861897178
MCTP2	0.985386471115156	0.0224456079612137	0.536410460399203
DHRS7B	0.367440840592362	0.0833015290724197	0.615345778934461
SLC25A24	0.466044616703542	0.582146055815692	0.876811675262835
RETSAT	-0.118501695797601	0.763595004580922	0.937085157459771
TMEM214	0.43836256407787	0.17045371577816	0.677575599715049
SLC27A4	0.443962646499216	0.0689629971850286	0.60397729954742
TMEM205	-0.453694662096076	0.550480159113844	0.865608153751072
LCLAT1	0.4991783441588	0.220825281148903	0.71117665025111
ACAD11	0.629514723059412	0.0363125822575538	0.544908015858552
ERMP1	1.09785534714252	0.00145082463859447	0.16864737314086
MRPL21	0.0626864089212447	0.872384879595601	0.972983924423535
P4HA3	0.478518725234835	0.229080037601296	0.716612658162815
GALNT7	-0.0771903045157281	0.789688558703637	0.947761801695389
ADGRG6	-0.0809160951750059	0.730581028605262	0.922658219164479
DHDDS	1.0002338130554	0.024228772498113	0.53774512130499
GALNT10	-1.54547998596348	0.00197642001902117	0.194398645973467
GPAT4	0.673891128598058	0.0326477940076903	0.543642649956469
LONP2	0.377504103426105	0.23404309572418	0.720631294338641
TMEM126B	0.483937965426719	0.117901428813195	0.654251340141825
P3H2	-0.266996829361833	0.346531884181925	0.766711076627086
P3H3	0.306453987417651	0.275149543878942	0.733787078303325
FUNDC1	-0.22300962482165	0.712045152605115	0.916793020019218
ITPRIP	0.420555040864123	0.30722590992169	0.744954861226045
MICU2	0.403410058604322	0.0733561081869259	0.60496771631919
GHDC	-0.101973109974207	0.769491370943217	0.93911793916822
ABHD12	0.443178017527337	0.369441647499874	0.775261575388137
PTGR3	0.233377565106522	0.60126775557192	0.885668792969396
DHRSX	-0.84562405394767	0.020417001639819	0.536410460399203
XXYLT1	0.541556638408373	0.086250446122308	0.62065828748736
UBAC2	1.36915312591787	0.0983385424606206	0.631287107366986
RDH13	0.503918552968678	0.157162742600905	0.667901315818292
TTC13	0.276700460387236	0.401777526638305	0.794511261695998
UXS1	0.136584162785947	0.752353753377374	0.933084060121438
DIPK2A	-0.132775854429134	0.627393865362434	0.890282224413952
VANGL1	0.428432737804577	0.715331478437267	0.9177296158145
DNAJB14	1.06474379510049	0.0302820892934104	0.543642649956469
STT3B	-0.338315049312868	0.127341037442933	0.657056809161496
NUP210	0.248759169792741	0.681225762473538	0.904188410648075
USP33	0.286220307012741	0.428156460953582	0.809865968549281
THEM6	-0.0938491201070129	0.72299339936332	0.920210735371843
NUDT8	0.22386130856172	0.634037759829132	0.891567378088297
DCAKD	-0.098539516413382	0.852046930812054	0.964529142995697
TFB1M	-0.00731542794277829	0.977846670418269	0.995679233963677
FAR1	-0.66501288336416	0.293414848422563	0.741341669201813
BRI3BP	0.121002143915639	0.619251997138893	0.889305376342686
UBXN4	0.185477713231762	0.567226694382836	0.87086847290289
PIGK	0.00853207960220459	0.972012028602471	0.995679233963677
PIGT	-0.425646956911219	0.187064179768855	0.692489901617326
FAM162A	0.0264009866901986	0.930343875910859	0.981974614529695
TTC17	0.683996907700511	0.108671939331836	0.649022510169007
FAF2	-0.176144376031893	0.570895536659767	0.872147941780026
NUS1	0.559782478073398	0.0583289158252817	0.585732254203614
DNAJA3	0.876375449563689	0.0797598125811894	0.610579710822461
MMAB	0.873057262882412	0.100286418464898	0.636918379522101
ATP5MK	0.0407839056270092	0.888578211293957	0.976672211611352
SLC35E1	-0.0645947339014263	0.90312063206849	0.978873663296002
MBOAT7	0.702021896801398	0.0159308427382594	0.481186714519393
MIA2	-0.25373452887883	0.336267806706384	0.764086962479424
TMEM237	0.0371255225612295	0.877090231731008	0.973735952378893
FYTTD1	0.0363016188478582	0.932495313715848	0.981974614529695
H2AC1	1.73311383885031	0.0310282335741779	0.543642649956469
VPS13A	0.200833909129415	0.538457349359636	0.861159627132473
CYP2S1	0.226117084526379	0.532761975121362	0.860662472824001
CDK5RAP1	-0.160706975043905	0.611233348522868	0.886845449452339
YME1L1	0.109405776336892	0.652959040987375	0.894952624818918
PKMYT1	-0.171464457085769	0.567324434605867	0.87086847290289
SIGMAR1	6.10853419065551	8.40473583716066e-05	0.0322405666713483
RNF5	0.32222725072452	0.431843252773078	0.811467286366496
SEMA3C	0.699329376787205	0.372574256794715	0.777573611336547
ADPGK	0.765292058072603	0.158129248612765	0.667901315818292
NDC1	0.903429948134033	0.109736279431803	0.651632355080982
ISCA1	-0.285822456442681	0.330249752074983	0.764076024704243
DERL1	0.486021075233342	0.0531339740662224	0.585150828279326
ABHD6	0.553388480300793	0.152589115746107	0.664183638233793
TMEM109	0.369243005489956	0.337266686002462	0.764086962479424
NUP58	0.178288422141886	0.433208197459919	0.811864043710498
PECR	0.420341437334692	0.179798412817237	0.687368087887018
MRPL20	0.0732568338514135	0.766642824346588	0.93788513587247
MRPL37	0.000877706221430685	0.997401917256458	0.999927387557434
SLIRP	-0.00806000115194649	0.984191008886469	0.99736128368056
MAGT1	0.0579168431811929	0.822860628985317	0.955355137042274
UNC93B1	0.407389965147452	0.336769394376498	0.764086962479424
MRPL46	-0.295048982312601	0.235119010740314	0.720955797553901
TRABD	2.54099613143634	0.000356991717184143	0.0870992650468874
POMK	-0.532669346297531	0.156914663338282	0.667901315818292
ACAD9	0.397858644367577	0.137055913404532	0.658184043156775
MRPL44	-0.279388298709151	0.311725201618156	0.747518453062553
RDH14	1.29839147140953	0.0757679059950082	0.60496771631919
PREB	1.10829183610672	0.0124597997784528	0.429501524705708
ABCB6	-0.313837709515909	0.507398179248779	0.848095605925192
PNPLA8	0.162251581762238	0.645442604010245	0.894952624818918
SARS2	-0.28767301968842	0.24659647636533	0.726689592464322
TOMM22	-0.019092052754516	0.950528199387871	0.987368972253428
SACM1L	0.014591997754934	0.977753072953464	0.995679233963677
UFSP2	-0.087922605364291	0.872892588045485	0.972983924423535
TMEM30A	0.774937706324067	0.127746771579922	0.657056809161496
ATAD3A	0.413369174411464	0.237001834386329	0.722458957074377
MRPL22	-0.182731994198893	0.618454054562618	0.889201556709971
SMPD4	0.719044039602203	0.136341118817902	0.658184043156775
TOR4A	2.74987970565797	0.0340903609806974	0.5447809830097
QPCTL	0.0959599485560219	0.819615640511828	0.954926372467067
DNAJB12	0.339806851877356	0.508704338693356	0.848799409842415
UGGT2	0.110830670355234	0.714262574055414	0.917030912962974
MTCH1	0.41998781229848	0.121349126372494	0.654306321756562
NDUFAF4	0.256067587946774	0.61823419034142	0.889201556709971
NDUFA13	0.364728274911887	0.221732865928135	0.71117665025111
CHPF2	-0.084628080491072	0.843625099818376	0.963863159236945
STX18	0.0432176213342643	0.933901192575305	0.981974614529695
DPM3	-1.6142926113802	0.00625419779593817	0.336894663880222
STOML2	-0.231614352848894	0.616226589073526	0.888555382340464
HIGD1A	0.209398448371363	0.583077037628886	0.877474898526641
HPSE	-0.0803698367462324	0.895455794293669	0.976984551839254
PRELID1	0.69037843435061	0.196462105581952	0.695883573589626
YARS2	-0.459250170629961	0.284976566611834	0.737146014292889
MRPL11	-0.137467140808212	0.686698693457634	0.906355847226917
TIMM8B	-0.288979295069304	0.412365736577748	0.798319538191064
TIMM13	-0.391181279188842	0.133074058762112	0.658184043156775
FADS3	1.7106283455908	0.00408246524936004	0.279648869581163
AUP1	0.0730194857800761	0.747303502421057	0.93043045611398
MTCH2	-0.263208068265691	0.316233503650014	0.751211104287261
CEPT1	0.57955846270859	0.052369806827635	0.585150828279326
COX11	-0.307434977615564	0.464773114628249	0.826521251089634
LAMC3	-0.295050829754523	0.57979746078402	0.876214022567615
ADAM10	-0.46392027941441	0.333105793659054	0.764086962479424
ICAM1	0.261032369816597	0.446785796336216	0.818203179186967
FECH	0.371767025633361	0.512202862789466	0.849992126622937
CTNNA2	-0.904117848273508	0.0441843835251848	0.579137921798082
KRT2	-2.59722326348277	0.0117126360667891	0.427901637640028
COL15A1	0.204289188235826	0.630489454591535	0.890282224413952
HARS2	-0.234682430578779	0.509744312042939	0.849038911224862
EHHADH	0.273055129094878	0.240122411276527	0.725229553497355
ENDOG	0.275848040530036	0.174263850261141	0.685786787379843
NFE2L1	0.346363330871821	0.55970914238923	0.869484647978604
PDIA5	-0.377016736940547	0.21555793833199	0.71117665025111
ACSF3	1.9030128010726	0.0750501809310281	0.60496771631919
RARS2	0.746465826802464	0.088743440074289	0.62065828748736
ATAD3B	-1.09714065716643	0.0123964361110612	0.429501524705708
REEP3	-0.42018978278697	0.431523648130405	0.811467286366496
GOLM2	0.297614722704381	0.30965054896217	0.747518453062553
MRPL10	-0.620187068124089	0.295868204513131	0.741341669201813
PIP4P1	0.366069534978575	0.268156437712314	0.73304164401513
KIAA2013	-0.539176812552029	0.14612767893578	0.664183638233793
MCU	0.0228939654656273	0.922882205214488	0.981426092373673
MAIP1	-0.28954752174667	0.293486862017104	0.741341669201813
RTN4IP1	-0.0542852784601102	0.893224411453129	0.976984551839254
MRPS27	-0.0662147475215562	0.832474796153891	0.959682223892556
RAB8B	1.0691677822405	0.02318971644291	0.536410460399203
PGAM5	0.188185914227322	0.423040446274559	0.806429925927459
MICU1	0.205528474945147	0.859824562972728	0.967523327533994
NDUFAF3	0.653463260600105	0.477741404108101	0.83010039887325
TMEM126A	0.594879965472245	0.0522817311772891	0.585150828279326
XYLT2	0.374586859386689	0.306893441777462	0.744954861226045
OTULINL	1.43647545561552	0.156191171206164	0.667901315818292
RAB20	-1.44961756626658	0.143621897816048	0.664183638233793
SETD1B	-0.794056662392336	0.34799904124559	0.766925401242413
PTRH2	0.327898776689814	0.366309162991752	0.774108414380567
SLC12A7	0.244059606113371	0.343672729479352	0.766711076627086
NFS1	0.572854429595203	0.0688867327110371	0.60397729954742
NBAS	-0.0254145549747271	0.944759368397885	0.985397984005583
TMEM131L	1.39729086857558	0.415156687966969	0.79986994226082
METTL15	0.332245564649654	0.275483565020542	0.733787078303325
WWP2	0.234364949727173	0.498377686534909	0.842023121548328
AGPAT2	0.728811852827818	0.319684063619497	0.753723459154511
MRPL3	-0.417365306776187	0.127449898755848	0.657056809161496
COX5B	0.20727645255559	0.6704440608114	0.901866220336891
GJA1	0.244623155986545	0.585539278221221	0.878767085781143
FDXR	-0.423660521230662	0.221209018007749	0.71117665025111
EPHA2	-0.127544325566475	0.800556216231816	0.950963375294496
SOAT1	0.81221139812688	0.0421096216388881	0.570786249493904
PNPLA4	0.419014033863665	0.139149641366908	0.660562683559302
NES	0.574200063318109	0.164477160254149	0.671206794398847
BRPF1	0.464656268467571	0.293415703177583	0.741341669201813
NDUFA6	0.068545644585182	0.835101188393218	0.961130560658982
UBE2G2	0.103047001007258	0.67929994846049	0.903221699235507
CNTNAP1	0.229563325937853	0.559736338240362	0.869484647978604
MRPS15	0.355785796110993	0.348142548981078	0.766925401242413
MRPS21	0.216263929574446	0.881852517488746	0.975010770580001
PDE3B	-0.135944372315976	0.818555482790213	0.954836745287622
PEX6	-0.271204272736622	0.567554625895916	0.87086847290289
SPCS2	0.55379644475185	0.17197196297292	0.679502183180612
LARS2	1.83805170173238	0.000346734646529559	0.0870992650468874
MTX3	0.425444251407683	0.702834001127377	0.914401263885556
EARS2	-0.120085393400068	0.681676976953658	0.904188410648075
MRPL2	-0.444895421955589	0.263017433606912	0.730555961204825
GOLGA7	0.0379255364641189	0.92397881138857	0.981551570336902
ADCK1	-0.186064136994101	0.614247373795158	0.887811953985767
PDSS2	1.24843515271871	0.344746924859845	0.766711076627086
PNPLA6	-0.102356917545439	0.610827139908693	0.886845449452339
UBE2J2	0.122528953956468	0.71005328731744	0.915747301540201
JAGN1	0.330392575044826	0.288360448617485	0.739900121001118
LEMD2	0.157217718554328	0.561637707851298	0.870481716087911
COQ8A	0.420129902049549	0.509629561034694	0.849038911224862
GADD45GIP1	-0.362859308956867	0.564131939726289	0.87086847290289
LPGAT1	0.742385055568178	0.0254078069919419	0.53774512130499
MRPS31	0.180054332843817	0.640317514146277	0.894952624818918
TAMM41	0.462007753930145	0.167170250163296	0.675015873290949
FOXRED1	0.280957656286809	0.377445288129996	0.779567345036914
MRPL38	-0.361231096423474	0.185618304251958	0.691256886635118
MRPL48	-0.0190688055157757	0.946126444946725	0.985397984005583
NARS2	0.789581000771243	0.178454040005593	0.685888822671378
SEC62	-0.266228736888113	0.609022219071596	0.886845449452339
PKP2	0.588799969705263	0.153183588454274	0.664183638233793
MGME1	-0.106831889959377	0.647352086413457	0.894952624818918
UQCC2	0.234500679169148	0.524601652902512	0.858482860225033
RAB11FIP5	-0.121964640136596	0.674810238468241	0.901901289318448
MRPL9	0.274544590257225	0.409825676149726	0.796030498165612
MRPL4	0.0786437857789259	0.809690165150374	0.952459820152356
ZDHHC5	0.773911875982268	0.175872228600504	0.685786787379843
GHITM	0.531140047660475	0.114513837339442	0.654251340141825
OSGEPL1	-0.000322499735936788	0.998993959822707	0.999927387557434
RHOF	0.336138170648042	0.275192364049579	0.733787078303325
XPNPEP3	-1.79121184713586	0.0024117779152094	0.220275716255792
DDX28	0.16326012489953	0.536969167243774	0.861159627132473
UQCC1	0.0640734376250549	0.888200438831229	0.976672211611352
CLN6	0.277969844784387	0.475385060132843	0.83010039887325
OCIAD1	-0.179551273894674	0.617053170650761	0.888555382340464
ELOVL5	0.535909345167056	0.0398981746165788	0.558435750666436
CISD1	-0.38060043597476	0.222567894758517	0.711475370244726
MRPL15	0.184551555795437	0.792369793527624	0.949004887435918
MRPL27	-1.42328985043009	0.450275277635019	0.819887862928476
AFG3L2	-0.18918737761776	0.453278430794001	0.819927569696182
TIMM22	-0.112421290864688	0.725901377798539	0.920210735371843
PEX16	0.782835834579249	0.113999490501566	0.654251340141825
NDUFA10	0.959662636302387	0.295300254362742	0.741341669201813
JUNB	-0.205884337716441	0.485898749330248	0.834247484703325
ATF6	-1.05739974640201	0.0466677181397636	0.584048702923682
TOMM20	-0.00604991926452314	0.996148690048361	0.999927387557434
IGFBP7	-0.714914372059489	0.0127641224756128	0.429501524705708
AGK	0.356560231214218	0.190203637908123	0.694399720414324
EMC4	0.136355501730119	0.662230467212106	0.89754228494814
ASPHD1	0.199455529713642	0.703871230739066	0.914651097938705
CXXC1	0.633399922122091	0.257158559969579	0.729630352103036
TIMM9	-0.00900344500767503	0.984188606544037	0.99736128368056
PXMP4	0.994148076702324	0.00299307255417914	0.249596224300678
C1orf226	0.457828814778249	0.215530168376611	0.71117665025111
GET1	1.52149531947031	0.105619391839884	0.64708383629209
POLRMT	0.170159473523903	0.450339866316554	0.819887862928476
NME4	0.0574646478646486	0.930969310032149	0.981974614529695
C2CD2L	-1.03487708118028	0.136412519795396	0.658184043156775
BCKDK	0.414884302660607	0.285816059131317	0.73880754907529
PRORP	0.864711056206712	0.0100563253055916	0.396626403241039
ABCC5	0.20445621837046	0.654018819163769	0.894952624818918
EMC8	0.850152490201154	0.12458028118256	0.657056809161496
NDUFB5	-0.208926499942351	0.442050278257727	0.817820289404176
NDUFB3	0.301709492463075	0.563794776346437	0.87086847290289
SLC25A17	0.649216928190754	0.0545355842668106	0.585150828279326
SCO2	0.907146877235931	0.109612944435954	0.651632355080982
MAN1A2	0.942996180079003	0.0472592267779039	0.584048702923682
TPST1	0.198232238710496	0.472652557788192	0.829412265176352
TIMM17B	1.00629745742953	0.0396998606388459	0.558435750666436
PTCD1	-0.209456798797881	0.624630102005972	0.890282224413952
NDUFS7	0.109644793026785	0.611393677846037	0.886845449452339
NDUFS6	0.0276837914974024	0.961067422113749	0.992370021864964
PEX14	0.441004805297592	0.146163236672938	0.664183638233793
NME6	0.40270791565311	0.123655596290129	0.657056809161496
MTX2	-0.0866220382657694	0.730264690419522	0.922658219164479
SCO1	-0.0301568411479565	0.955783564930995	0.990647326418616
WFS1	1.178295586327	0.0474626001013813	0.584048702923682
GLCE	-0.254265031474201	0.251598701713203	0.726689592464322
RHOBTB3	0.672100907750298	0.152352656661488	0.664183638233793
NDUFB6	-0.0832118789418104	0.693079123429785	0.909562612889721
ZFPL1	0.272007171110058	0.544262581564325	0.862498056802969
NDUFB4	0.392072348711402	0.355447742832936	0.769908781783735
NDUFB8	-0.0343272407510256	0.923821211352506	0.981551570336902
NDUFA7	-0.0203002357065216	0.963898769959339	0.993955828377426
NDUFC2	0.533474442222662	0.210042699679587	0.706172434104839
PIGN	0.98977147091788	0.00846615314795401	0.390203800937684
ABHD16A	1.50912444863961	0.0648947763143835	0.595541535746352
TRUB2	0.0711169896608865	0.798152786825751	0.950326751899144
NDUFB10	-0.697820327566525	0.0620834061829058	0.590947757115699
PEX11B	-0.229220426707577	0.396104697184131	0.792831294724414
MT-ND3	0.123629942806353	0.773985994595794	0.940537523166258
MT-ND4	-0.234669411493748	0.722737316577885	0.920210735371843
MT-ND5	0.839263084487957	0.0429562873675858	0.576154959237969
UQCRH	0.100301397776878	0.828473054141378	0.958081257843465
SRGN	0.239374374202033	0.497718630868069	0.841820400357105
DBT	0.482960558578768	0.0598796416195971	0.587665517242056
SLC25A4	0.625253082528459	0.292182096971267	0.741341669201813
BCKDHA	-0.123021419677883	0.603850161046097	0.885734576811771
ALAS1	-0.32083669915103	0.405319459329467	0.794890309809732
TMEM11	0.481684072081585	0.0286247542464379	0.543642649956469
NDUFB7	-0.00558783276266439	0.994803934792406	0.999927387557434
ATP5PF	0.45882547254892	0.32815990109028	0.760617148388105
BCKDHB	-0.306092358345957	0.195684534439931	0.695883573589626
JAK1	0.848223176472089	0.0408324678845823	0.563429305054884
CRAT	0.409181665995604	0.366470511083188	0.774108414380567
MTIF2	-0.0370108000513625	0.8848791886951	0.976149200879187
PTDSS1	1.05212027387094	0.00119225653225125	0.163339144918421
DGKE	0.433706317640535	0.187289873474867	0.692489901617326
SLC25A1	0.0413585726799113	0.880579139757824	0.975010770580001
POLG	0.337946000448767	0.192584486324343	0.694970921486529
PEX3	0.648933487865058	0.053596444071912	0.585150828279326
YBEY	0.544169825653942	0.31226739031167	0.747518453062553
ROMO1	-0.0270308993898816	0.935477494442547	0.981974614529695
SELENOT	-1.40870888179668	0.0575297345660704	0.585150828279326
MRPS10	0.645877079238087	0.297637321365589	0.741341669201813
MRPS11	0.0712790830219419	0.795018317148158	0.949132411695925
HTD2	0.298653462216734	0.380241432948017	0.779857145565286
DHODH	0.056439150278969	0.797987143996793	0.950326751899144
MGAT5	0.260489537194022	0.650711085509755	0.894952624818918
MRPL28	-0.0285610278044466	0.933223437650036	0.981974614529695
PLD1	0.849822208237736	0.107726450409978	0.649022510169007
PPIG	-0.502987543986947	0.319644678998654	0.753723459154511
TUSC3	0.517723708950538	0.169027814136563	0.67752423722869
STIM1	1.18880263580893	0.0233062770829464	0.536410460399203
AUH	-0.520442936709856	0.211212308739931	0.706172434104839
MRPL58	-0.274284399784108	0.521592713770182	0.856429461896444
GALNT3	0.281386066902954	0.500318652632967	0.843226765626595
ITPR2	-0.388497112051368	0.533869833472941	0.86083425019008
ITPR3	0.0796090059307453	0.845328697637823	0.963863159236945
MBTPS1	0.699095362815576	0.175114997140965	0.685786787379843
SLC75A1	0.210199265152582	0.700071592836395	0.914401263885556
FASTKD3	-0.566427699015879	0.271584132072176	0.733787078303325
EMC2	-0.052506695794559	0.816184427750285	0.953901537385333
OXA1L	0.184258651059078	0.524174242120437	0.858482860225033
PDK1	0.346642078594193	0.178126504655491	0.685888822671378
PDK2	0.162072941786064	0.777076877541497	0.940930209043303
MTFR1	-1.27039686768434	0.140183452785756	0.662245966608573
TRAM1	0.514805099470497	0.483700711066877	0.833418077141589
MRPL23	0.228733893121749	0.490558136567177	0.837091197451819
CYP1B1	0.368354187520502	0.293099593940336	0.741341669201813
DPY19L1	1.61060726270323	0.00116565559096604	0.163339144918421
GRAMD1B	-0.577898710067679	0.187383868060163	0.692489901617326
FNDC3B	0.296916850318901	0.280592524967771	0.734949494057204
MPV17L2	0.381535986232244	0.219845484925905	0.71117665025111
OCIAD2	1.2395179129363	0.0268519752694442	0.542127248071516
ALG10	2.09892176163186	0.0378764332687496	0.549730053481188
COX20	0.40126368572778	0.12905808491575	0.657056809161496
EMC10	0.00455464863909327	0.991223850582144	0.999562221564959
GLT8D1	-1.30888797335633	0.0609817551391403	0.590947757115699
SCARA3	0.645127738421561	0.120851193950144	0.654306321756562
MRM1	0.15463904143428	0.872375776259008	0.972983924423535
LRRC8E	-0.670401411618364	0.157757691843042	0.667901315818292
RHBDD2	0.707648695806498	0.152294265922579	0.664183638233793
TAPT1	0.313555667993661	0.630535817253121	0.890282224413952
LPCAT3	1.0510761988451	0.00621985640180944	0.336894663880222
LETMD1	1.38296182090402	0.0297576511414628	0.543642649956469
SFXN4	0.413060540867345	0.1308562240131	0.658184043156775
SLC30A9	0.69704152918947	0.297012255527383	0.741341669201813
UQCC3	0.180449807873202	0.43720406308222	0.814415899327111
APOOL	0.119320770954303	0.645459194776641	0.894952624818918
HACD2	1.38272960523609	0.162742751778969	0.667901315818292
TMTC3	0.380204718564642	0.180007889475064	0.687368087887018
COX15	0.855954681533802	0.0328903644518946	0.543642649956469
LRRC8D	0.259863373762741	0.452765819176136	0.819927569696182
ARMCX2	-0.530839650618223	0.642556189209707	0.894952624818918
NDUFAF7	0.205882789549534	0.675041378245767	0.901901289318448
PLEKHH3	0.396247641659055	0.370197645788905	0.775499628566725
MRPL55	-0.61546246005009	0.121681323138459	0.654655758147448
COMTD1	0.480929440475741	0.405600689401157	0.795035383006048
NDUFA11	0.803931165438836	0.178640214694647	0.685888822671378
MCAT	0.128353732662209	0.589635259307115	0.88112226517417
LRRC8A	0.0652480968606106	0.864101520303871	0.969492083031778
RHOT2	-0.430135991941228	0.674903896873838	0.901901289318448
RHOT1	0.543221942388286	0.27742784970027	0.733787078303325
DSEL	0.27893556665461	0.581422639824439	0.876360411145991
CLYBL	0.0341633840045681	0.920521423359299	0.980682075070157
PUSL1	-0.581288172038356	0.0771529677466054	0.607718242866485
TCAIM	-0.170037829602887	0.576145484653554	0.87528478381427
GTPBP8	0.180989110260597	0.398714888579633	0.794188708197047
GUF1	0.683211351743978	0.277787213951122	0.733878617573349
MACO1	0.380288608350913	0.240118512958505	0.725229553497355
PARP16	0.450780222669948	0.140500078746581	0.662925340801827
KRTCAP2	0.536662700482097	0.0976368799444138	0.631287107366986
MIGA1	1.20617901540059	0.00353248529742011	0.277209188047663
POMGNT2	1.46952470512449	0.0115621794984701	0.426466543808954
ATAD1	0.0342968622760758	0.89550870031019	0.976984551839254
NOA1	-0.0381744357622935	0.887894620218906	0.976672211611352
SLC30A7	-0.157488713081229	0.794725175424276	0.949132411695925
SLC30A5	0.400449041735229	0.149078514912096	0.664183638233793
SPATA20	1.3213270583182	0.0616841844144831	0.590947757115699
GDAP1	0.15869711251251	0.575817650079902	0.875270279036017
PIGO	0.716862130365513	0.0759830640513616	0.60496771631919
PTPMT1	1.03316195696744	0.0801121842796261	0.610579710822461
NAT14	0.257989267280806	0.394182165329023	0.790559394362979
PTCD2	0.122415586915011	0.705829271287575	0.914874236924318
UQCC5	-0.43065925100229	0.558362795887537	0.869484647978604
STON2	1.60220790332525	0.101315359264192	0.636990946918877
POMGNT1	0.12370569594038	0.811240954126165	0.953371557307271
SLC39A7	1.61197484290315	0.00425350700714946	0.28131815309354
HSD17B8	0.799964267915684	0.0957988238567473	0.628577367216778
PIEZO1	0.290735767957038	0.399578781757117	0.794188708197047
TMEM131	0.369738325608864	0.354938649918646	0.769908781783735
ALG3	1.15023316665724	0.000730888938056018	0.133509046018233
EXT2	1.0413783649517	0.341918668192674	0.765674262222474
MTARC2	0.499549700336036	0.300786751878311	0.741341669201813
PBXIP1	0.11259259425491	0.69052912522476	0.908355021414433
MCUR1	0.81106989840918	0.0519157644016484	0.585150828279326
CCDC127	0.273482893354036	0.620528930405215	0.889964729909222
S100PBP	-0.121669547800899	0.684730707142457	0.905171189356516
NSUN4	0.0390893196181814	0.877530027991093	0.973735952378893
RPUSD4	-0.622428561732107	0.495191314815367	0.839736681593536
COQ8B	-0.097665983577329	0.846289664080148	0.964172008141208
DNAJC19	-1.31734429161907	0.0510499522600652	0.585150828279326
MTERF3	-0.0494367744921078	0.907008029796341	0.978873663296002
MALSU1	1.2008104986714	0.000938576315334825	0.156538206331495
MRPL53	-0.303192680914282	0.379677618178939	0.779857145565286
DMAC1	0.556029375188714	0.214005113601815	0.71117665025111
TRMT2B	-1.28041459110543	0.0761549910410439	0.60496771631919
MYO19	0.489770212631321	0.398236590093966	0.794188708197047
PRR11	-0.000405906432650482	0.998546727411996	0.999927387557434
GRAMD2B	0.350045440125815	0.28062341942232	0.734949494057204
OXNAD1	-0.0557363739879655	0.877475733412641	0.973735952378893
RCC1L	0.240439948397466	0.399549292447325	0.794188708197047
MIMS1	0.0185113508933838	0.932399354032774	0.981974614529695
TEFM	-0.373341852613269	0.533090207359183	0.860662472824001
TWNK	-0.0644591000629724	0.838870539705782	0.962623151929272
TMEM209	0.484294630833318	0.333312123897476	0.764086962479424
IMMP2L	0.0683868605033986	0.895738964759817	0.976984551839254
RMDN3	0.259744796141877	0.254881599628158	0.726689592464322
MTERF1	-0.318471054895578	0.567936106132366	0.87086847290289
PKP4	-0.0963640157459977	0.864569945051671	0.969734008543337
TIMM17A	0.462858308180117	0.466615963668322	0.827487070777439
AGPAT1	-0.197855747000261	0.882724344920376	0.975010770580001
ECSIT	0.290518598003942	0.36992261995495	0.775499628566725
VKORC1	-0.532131764290988	0.161658376859582	0.667901315818292
PGAP4	1.13993549345508	0.0580353309752885	0.585150828279326
TIMM29	0.338867947747723	0.463303329778779	0.826161714205696
MTG1	-0.457742953581153	0.1266939457521	0.657056809161496
APOO	-0.149235435800296	0.625336153563654	0.890282224413952
RAB5IF	-0.490761770293226	0.283199246793824	0.736523168857702
MECR	1.0899638052549	0.265089541336471	0.730555961204825
EMC6	0.137045200466737	0.652874721822054	0.894952624818918
PTDSS2	-0.0625153214639198	0.902926556137866	0.978873663296002
ALG8	0.669100921873337	0.138586865149217	0.660396540015401
TRMT61B	1.66637900779904	0.00879798209437375	0.390203800937684
TIMM21	0.364676667236534	0.278573594799928	0.734438700792114
ELOVL1	-0.430220759964243	0.534600062151206	0.861159627132473
LTAP1	0.991771236286151	0.0625645371234798	0.591502688120517
SFXN3	0.376818140606833	0.432176138176943	0.811467286366496
SEC11C	0.797172521905566	0.0508735260865901	0.585150828279326
FUT8	-1.58253724566844	0.0489919927505041	0.585150828279326
COA1	1.09618369921934	0.245405002458202	0.726689592464322
MRPL18	-0.431707963415171	0.291543850748835	0.741341669201813
OSBPL5	0.681406026115898	0.0509830712564503	0.585150828279326
GLT8D2	0.393515424312156	0.164792828599892	0.671780329977881
PORCN	-0.328322011549226	0.473713851993413	0.830094053439723
ARV1	0.490470046163114	0.389197559260127	0.786597385311827
TMEM245	1.0317511112924	0.00238445080396058	0.220275716255792
MTG2	0.656502898822744	0.280231664510614	0.734949494057204
NSUN3	0.721625100002928	0.527844627056791	0.859394479845969
ALG9	0.775382743242385	0.0316652804723325	0.543642649956469
METTL17	-0.661106467972061	0.308840280650003	0.746434678707959
METTL8	0.118637157199593	0.742029978587321	0.92839888303476
COQ10B	1.05319647516798	0.00895654159183723	0.390203800937684
PDF	-0.0257898523294777	0.921441597976853	0.980682075070157
PLGRKT	-1.0437526216447	0.165215007483417	0.671999044386781
SLC25A19	0.214436019129092	0.475951058217885	0.83010039887325
MRM3	0.213945255798915	0.577992532024444	0.876214022567615
GPAM	0.689000129661025	0.148208064320421	0.664183638233793
ATP13A1	-0.306595261553898	0.224407998408283	0.711939302484034
JPH1	-0.0131762045036865	0.95785775729213	0.990659418102952
EMC7	-0.684140349759726	0.0660149695571078	0.600020695729366
NGRN	0.369043358085129	0.436361757503608	0.814415899327111
TIMMDC1	0.199170392106367	0.465104086579244	0.826521251089634
PXMP2	1.2748206227978	0.0323394894521429	0.543642649956469
ABCB10	0.718529367711646	0.0321195089661183	0.543642649956469
OSTC	-0.0339068310328372	0.886590756424315	0.976672211611352
TREX1	0.0629988582587977	0.832078481738744	0.959682223892556
AGPAT5	0.632464515636869	0.0451138533260997	0.582526331358089
EXD2	0.47924896250333	0.186166069213485	0.691319498066726
DNAJC11	-0.139347821240733	0.604528755220475	0.885902943410691
MTPAP	0.127350695022145	0.602060210585781	0.885668792969396
TMEM160	0.251447612010878	0.478367980014668	0.83010039887325
MARCHF5	0.401457035484732	0.143672183949946	0.664183638233793
BET1L	-0.707236523180377	0.366732590881828	0.77423567343021
EMC3	0.118568164779411	0.601564033949859	0.885668792969396
STIM2	0.265386201084979	0.689803178107782	0.908148434606125
B4GALT7	0.299139271258532	0.551739030118098	0.865632277927617
SLC25A10	-0.152633853481451	0.645288780618557	0.894952624818918
UQCR10	0.18244434215233	0.501623363600044	0.843972222393631
WARS2	0.246726175075242	0.340867584839545	0.765674262222474
SUN2	0.209146969392016	0.789277725743315	0.947761801695389
POLG2	0.0732103227011009	0.816381632403979	0.953901537385333
CEMIP2	1.49251167726038	0.0682157175913416	0.602938923226697
CYB5R1	-0.083063362392668	0.727567183104203	0.920947496683888
NDUFA12	0.0327757013132093	0.944889446017132	0.985397984005583
CCNL1	-0.129822479780763	0.713118459114557	0.917030912962974
ERG28	-0.375733711474076	0.452442733300112	0.819927569696182
CCPG1	-2.02649500784037	0.153395273293866	0.664183638233793
KIDINS220	0.022650219532288	0.92160201710522	0.980682075070157
SPG7	-0.192841152825011	0.77441368703435	0.94065362939321
RXYLT1	-0.733173538749391	0.0481217626208558	0.585150828279326
UST	-0.471011748810696	0.206797162933124	0.706172434104839
EXOG	0.0416225281834244	0.894292048446971	0.976984551839254
MTO1	0.402698213812371	0.211449395043674	0.706172434104839
TMX2	0.203929051755825	0.370227323674262	0.775499628566725
NDUFAF1	0.447618252452713	0.219648807040685	0.71117665025111
EMC9	0.6937158111141	0.0363792718729074	0.544908015858552
MRPS16	0.565262227514424	0.0262914483087141	0.53774512130499
PAM16	-0.324010635202448	0.505272430531916	0.846756244438807
SAMM50	-0.348223385811508	0.287970170924573	0.739900121001118
DNAJC15	-0.0890474598111659	0.806186886459255	0.950963375294496
SPCS1	0.175286354041976	0.487256469539666	0.835172393723932
MRPL42	0.749043282581091	0.152944651668294	0.664183638233793
NDUFB9	0.657794687669725	0.201710809905668	0.705987834669839
SQOR	0.816743438174775	0.0719189015652048	0.60496771631919
SUN1	0.721535700898659	0.250265833133766	0.726689592464322
NKTR	0.352889800711118	0.440125676051114	0.816560073918731
PTPN13	-0.342931912208179	0.429318050146727	0.810358189944849
ZNF326	0.299902812791242	0.423186507010421	0.806429925927459
TMEM201	0.353744296061475	0.649865937465207	0.894952624818918
CREB3L2	1.20125109981903	0.0524648143999498	0.585150828279326
CHSY1	-0.508351389567537	0.536808704595646	0.861159627132473
NHP2	-0.516037915658401	0.234261528686206	0.720631294338641
RBMX2	0.0542936035270039	0.807313519024996	0.951766037397451
CBX4	-0.0366162669811985	0.873047619360221	0.972983924423535
RGPD8	-0.698417964494617	0.0564736866428645	0.585150828279326
UTP20	-0.0773842023749296	0.852567224807134	0.964529142995697
MYC	0.124214418820923	0.709372023822042	0.915747301540201
AHDC1	0.379597212800128	0.491259444319818	0.837442865408051
DHRS13	1.11543707694425	0.0923730714288751	0.62254515005995
NKAPD1	0.395599085999727	0.480941980186258	0.830658908597247
RPS19BP1	0.171770083257925	0.578130739052092	0.876214022567615
PHIP	0.489362256720568	0.152623484325776	0.664183638233793
POM121	0.895003620289259	0.197047732698281	0.697301755194286
SAP130	-0.18786079855937	0.547816268395895	0.864783212167347
MIMS2	0.327285720540992	0.367057565571086	0.774331170313095
POM121C	1.13794414802419	0.0212238413504725	0.536410460399203
PHF20L1	0.379937592418688	0.540093348259088	0.861159627132473
SAP18	-0.217178294051365	0.427912168665833	0.809803196350339
CHD2	0.877108979991629	0.057026729971157	0.585150828279326
ITGB1BP1	0.245296701832956	0.549048305740451	0.865608153751072
KDM6B	0.00146665313022609	0.995851560287908	0.999927387557434
WDR46	0.0913249595183387	0.800327471795812	0.950963375294496
PPM1D	1.43909742657766	0.169813173356076	0.677549796254043
BIRC5	0.145046778677493	0.669828085534865	0.901679873417429
TNRC18	-0.0805372036469407	0.739718409292245	0.927307130080082
NUP42	0.661226525705494	0.371179028108937	0.775499628566725
CLOCK	0.472776508006	0.650320161436773	0.894952624818918
KDM6A	0.110893724878952	0.910723940030166	0.980058068401744
SUV39H1	0.217186362351761	0.697196174226135	0.912468278516361
SIPA1L3	0.89976143012381	0.112586141867746	0.654251340141825
ZEB2	-0.554522715994104	0.260731919449433	0.730555961204825
MCM3AP	0.995973336032002	0.0533847534267312	0.585150828279326
MAFK	0.0312242606736781	0.913287183521954	0.980114208218846
PHF2	-0.20254568353112	0.40776997269957	0.795717241409359
SIN3B	0.443029818010245	0.276134186138277	0.733787078303325
E2F6	0.614620063527475	0.392767813780416	0.789355474070268
TADA2A	0.47613286675977	0.0894856169662335	0.620855825584033
WBP4	-0.474944962396023	0.171537628291016	0.679502183180612
DEDD	0.761388729321482	0.500081497556961	0.843226765626595
NFAT5	0.0201831408317332	0.956604916977909	0.990659418102952
NSA2	1.21387892197433	0.071149431567115	0.60496771631919
BRD1	0.946754786622524	0.0948582940444819	0.627373130956263
FOS	-1.21179359414352	0.00887622329862144	0.390203800937684
FN1	1.6656493798871	0.0645281801561631	0.593597359901779
TFAP2A	0.0730397372160638	0.830976082559743	0.959260984862826
H1-0	0.354386185771936	0.465368046980972	0.826521251089634
TFPT	-0.00737218193566491	0.980134441012904	0.996236278676603
CKMT1A	0.0639630970523406	0.85441272815676	0.965682741664505
TAF1	-0.668195572283508	0.0716820109247451	0.60496771631919
NR2F2	0.786532370193925	0.403210452813027	0.794760848857956
ARID4A	0.266505649768256	0.615446739375505	0.88787276880197
KDM5A	1.09375157485734	0.127398556200146	0.657056809161496
HOXA13	-0.583400763117488	0.143270467265952	0.664183638233793
ETV6	0.474888724306158	0.2865813879688	0.739900121001118
MLLT3	0.426208712231741	0.356281012559811	0.769908781783735
CLK1	0.447358197257433	0.188181836753889	0.692769218606448
BRCA2	1.07561698168895	0.0591510591511747	0.586313857632833
MECP2	0.504306210844447	0.407815457927737	0.795717241409359
DYNLT3	-0.708514118481052	0.178544706631953	0.685888822671378
AFF1	-0.105706913708904	0.722953729777341	0.920210735371843
HIRA	0.532346768674117	0.22423065252691	0.711939302484034
TERF1	-0.28164204068619	0.251352091794764	0.726689592464322
ACTG1	2.3363827787076	0.309003719965651	0.746434678707959
XPC	0.282443068390492	0.292873349190572	0.741341669201813
AKAP17A	0.709648740856757	0.385098381465495	0.784256228284809
CENPC	0.386550536034093	0.123461662779371	0.657056809161496
PRDM2	-0.478623316975661	0.112400612865912	0.654251340141825
RLF	0.634467437002684	0.0317217156775514	0.543642649956469
CDK10	1.17132293649399	0.259943563597253	0.730555961204825
ZMYND11	0.0374211121909838	0.938788285114389	0.982589866766384
TTF1	0.748800534580184	0.0260175997392275	0.53774512130499
TAF5	0.928440938803956	0.188162884069594	0.692769218606448
TAF13	0.656627598120497	0.444617052946005	0.818098501353861
TEAD4	-0.743828209700922	0.408756043027373	0.795933086828935
TAF1A	1.00821443289139	0.174569442541959	0.685786787379843
USF2	-0.12954977696894	0.681142351662672	0.904188410648075
TAF12	1.24563240104355	0.0125008194871745	0.429501524705708
PWWP3A	-0.359229810158631	0.25536433019862	0.726689592464322
RMP24	0.452910699098997	0.62243312159087	0.890251101574413
KMT5B	-0.366553775876699	0.210493198122753	0.706172434104839
TIGD2	0.113448432880375	0.723619846537509	0.920210735371843
EPC2	0.274781219352064	0.442912114274223	0.817915656908604
CDCA8	0.642140941584756	0.138115872973597	0.659791393183956
SPIN4	1.37451465248305	0.175705864339415	0.685786787379843
CENPW	0.188693973144797	0.56638812091997	0.87086847290289
ESCO1	0.873664925398316	0.27394014428299	0.733787078303325
TAF7L	0.880368901699516	0.0914257718932309	0.62254515005995
BRMS1L	0.947052355458144	0.371024474421079	0.775499628566725
ZNF362	-1.28198202282621	0.275077002065829	0.733787078303325
BEND3	0.270306472387833	0.251620237462364	0.726689592464322
ATXN7L2	0.0370524340444938	0.926990879550174	0.981974614529695
H3-7	0.19772338488729	0.91796690691667	0.980682075070157
ZNF318	-0.255998782063635	0.337491581624197	0.764086962479424
TAF3	0.583815353820917	0.137001606462337	0.658184043156775
TASOR2	0.321485433511231	0.242007349724137	0.725832833105386
SLX4IP	1.78689701146289	0.0253791996726378	0.53774512130499
SNRNP48	0.495255744034051	0.204616902766689	0.706172434104839
CENPP	0.439983113938474	0.442906242014081	0.817915656908604
ZNF280D	0.666064352940637	0.16159009679057	0.667901315818292
RMP64	0.40543022766812	0.218885822214656	0.71117665025111
MIS18BP1	0.542847221969396	0.246484473594118	0.726689592464322
ARHGAP11A	-0.140906703738722	0.66882601321146	0.901103978997998
KCTD18	0.249602466456526	0.594729351200398	0.884599376194155
ATAD2	-0.676002191590335	0.242805196207075	0.726037658005366
ANKRD12	-0.879602205022405	0.13366441071128	0.658184043156775
ANKRD11	0.0167153909815099	0.945831238537526	0.985397984005583
BNC2	-0.630762157034081	0.532345470165726	0.860546659736926
UBN2	-0.128623045140571	0.626915007710791	0.890282224413952
CENPU	0.445779384916154	0.191999143954077	0.694970921486529
MED13L	0.0639717347109929	0.78865813661137	0.947761801695389
CENPQ	-0.23105373012822	0.815730733727874	0.953901537385333
MCM10	0.340549778776342	0.211520366732654	0.706172434104839
TICRR	0.120544181910446	0.676995493350606	0.901901289318448
KANSL1	-0.0269413103899829	0.943571913904299	0.984710702797291
RAI1	0.026782599257011	0.930469506052609	0.981974614529695
C5orf24	-0.631291152427991	0.135680711218464	0.658184043156775
TADA2B	0.175773072136185	0.518444701835319	0.853186465209417
CASZ1	0.326456032454651	0.623848959276142	0.890282224413952
JAZF1	0.0558623417207365	0.848445637163494	0.964529142995697
CIRSR	-0.768958667366547	0.0211513054068058	0.536410460399203
FBXO11	1.193140946188	0.217728374780224	0.71117665025111
KIF18B	0.329668061858023	0.294255256472646	0.741341669201813
KMT5C	0.61178395853111	0.24147250178002	0.72536297324053
PALB2	0.436508076352201	0.142919849782737	0.664183638233793
CCDC71	0.67716715366533	0.101793478368541	0.636998014717329
SLF2	-0.296627305794502	0.38984951026022	0.787085642820107
BACC1	-0.00881284079724054	0.97693081328491	0.995679233963677
SLX4	0.390043164794346	0.412909641810323	0.798319538191064
GRAMD1C	0.148908166802983	0.63339549546906	0.891567378088297
KMT2E	2.29792112221307	0.0253445121555423	0.53774512130499
CENPL	0.548531912327359	0.0758108434779184	0.60496771631919
REXO1	-0.0232939678269162	0.983458922615862	0.99736128368056
CENPS	0.212645225541934	0.674962719409189	0.901901289318448
ZCCHC7	1.05740867196804	0.0761729423832557	0.60496771631919
ZNF276	-0.50895571927007	0.30362389580237	0.742899276435795
ZCCHC9	-0.0750300217783781	0.761871473499029	0.937081884381744
ZBTB2	-0.0501283595845123	0.851171344578642	0.964529142995697
CDYL2	0.271295410447127	0.447068264748666	0.818203179186967
ZBTB44	-2.97616700500972	0.000202887740130253	0.064856447594971
ZNF280C	0.471041598272404	0.228628125539679	0.715932644547107
ZNF740	0.752347323938501	0.0346914496581941	0.544908015858552
SUPT20H	0.551896236067272	0.205378457848533	0.706172434104839
PPHLN1	0.797109671043792	0.339000667204421	0.764086962479424
KIF18A	0.125100128978616	0.532313591636872	0.860546659736926
RP9	0.0885288213573681	0.83876998785751	0.962623151929272
BAHD1	0.473275281705444	0.599435624372909	0.885491068116152
CHD6	0.543114562622058	0.474070761930363	0.830094053439723
DOT1L	1.58834059925628	0.186824528186324	0.692489901617326
ZNF384	-0.126087155532545	0.727682967270298	0.920947496683888
HASPIN	0.357881250639782	0.488290995055973	0.835452389399961
NOC3L	-0.125040418445373	0.65984969107638	0.89676810518472
TWIST2	-0.168268598489298	0.750931805596642	0.932828499439351
ZNF592	1.70912630514168	0.150728167498566	0.664183638233793
USP6NL	0.885797747725334	0.11949739404431	0.654306321756562
TFAP2C	1.03467827216277	0.355451870123098	0.769908781783735
KAT6A	-0.50096250786811	0.56044632547634	0.869689362672832
EVPL	-0.886831846842444	0.233701144686822	0.720631294338641
KAT2A	0.0495693117663443	0.882334930736935	0.975010770580001
JARID2	0.536945315364569	0.379958539549205	0.779857145565286
GTF3C6	-0.57421005171156	0.108790790938131	0.649022510169007
TOP1MT	-0.441342267181582	0.427333461912973	0.809602958704041
H2BC1	0.393129107910688	0.111612975881459	0.654251340141825
PHF21A	0.865915796300722	0.405197443126642	0.794890309809732
CENPT	0.288303434862733	0.469199223689815	0.82856574400906
ZNF689	0.960884078696967	0.0356832508319751	0.544908015858552
MTBP	0.639032169205073	0.547592786921935	0.864783212167347
MED8	0.7165363793079	0.316552029961586	0.751211104287261
SCMH1	0.364173455687698	0.511436488149752	0.849881798730784
CENPN	0.0144098071138394	0.960267774814827	0.991811304305244
SENP5	0.0265662769714652	0.966816372763912	0.995364620407487
PCED1A	-0.323307518197527	0.639363940977738	0.894782954246845
MED30	-0.108536145071554	0.719170905311792	0.920210735371843
THOC3	-0.0810681866204028	0.82100519113944	0.954926372467067
ZNF469	-0.93713042976044	0.300420619942708	0.741341669201813
L3MBTL3	0.0435803400112498	0.892708111387405	0.976984551839254
NEURL4	0.209622294829497	0.446487782466509	0.818203179186967
ZNF512B	-0.217824270661872	0.682989879132356	0.904470868176659
NSD1	0.391603240846671	0.566220966118406	0.87086847290289
RNPC3	0.456121227601034	0.265131113241464	0.730555961204825
KLHL15	0.180583170571044	0.612336998900825	0.887056166081407
ZNF512	0.917268780626429	0.0503323188896449	0.585150828279326
NOL4L	0.0109718013846916	0.977055856452714	0.995679233963677
INTS15	0.344750819371704	0.326037395590285	0.75962655019899
TTC14	-0.270479235662844	0.893132661722353	0.976984551839254
PWWP2A	0.717104670254873	0.189180701928976	0.694399720414324
TRERF1	0.347641355559656	0.304944401561617	0.743779478708937
KIF20B	0.309940410453329	0.39223749190039	0.789355474070268
PHF12	0.0100261258634724	0.975060153082018	0.995679233963677
MPHOSPH8	0.24743150359615	0.486483729242238	0.834593732277828
TEAD3	0.70885508388201	0.134407628676804	0.658184043156775
BCL7B	-0.0761719293855769	0.892683528944506	0.976984551839254
SLF1	0.766533597150669	0.429040178740448	0.810338811249808
WDR83	0.0432060424207599	0.937282937146483	0.981974614529695
MED10	-0.2755028369059	0.750666086803963	0.932800488817623
CENPO	2.59839729673272	0.0461354529085634	0.584015482701607
RSRP1	0.740741908627179	0.308513372674919	0.74623857083025
TRAF4	1.8540090216822	0.04384709199915	0.578173442465747
PRR14	-0.140141594506662	0.73071837065216	0.922658219164479
CDCA7	0.90504841698926	0.388892341351164	0.786597385311827
GZF1	0.284876869227155	0.380385031670328	0.779857145565286
ING2	0.203619689278241	0.503835112746204	0.846012461467471
EPC1	0.351950568775102	0.272125547485981	0.733787078303325
DPEP2	0.74244354158013	0.448966826757849	0.819588436195203
ZNF644	0.527507718048927	0.0579048236859772	0.585150828279326
ZNF768	0.65574367617365	0.312596973987053	0.747518453062553
TAF1D	0.901422440559507	0.254549002357281	0.726689592464322
DCLRE1B	-0.820539627607872	0.157015513126719	0.667901315818292
SP140L	-0.592369702428226	0.276096904435885	0.733787078303325
USP42	0.782420604232215	0.0787903487252966	0.610579710822461
KANSL2	-0.00685539714988437	0.982157202605613	0.997235317415334
RPF1	0.897799821990247	0.0189323230382033	0.51874565124677
NMNAT1	0.0800624176092484	0.739356366088611	0.927307130080082
CLK4	0.3325512513563	0.605348632812231	0.885902943410691
SP110	0.128389764061261	0.827617449476068	0.957400644206935
PATZ1	-0.870752442344926	0.00586388012290609	0.335729017186086
CBX8	0.518232700157824	0.078868608886829	0.610579710822461
SENP2	0.60193130707351	0.0927183938981821	0.62254515005995
ZBTB20	1.72886501564312	0.11779513828348	0.654251340141825
ZNF532	-0.0382767356351081	0.918477212039724	0.980682075070157
UBN1	1.26657278444629	0.113722217465062	0.654251340141825
BRD7	0.0131451042608326	0.965176565153607	0.994471475672639
INCENP	-0.117331585162237	0.647973570678578	0.894952624818918
TSHZ2	0.28882060403809	0.539122869063181	0.861159627132473
ADARB2	0.353754866129023	0.264760346783931	0.730555961204825
ZBTB40	0.187510083157104	0.707155631271035	0.915629954810249
POT1	0.26537937599101	0.712211470192197	0.916793020019218
MED11	-0.0165236500898871	0.963124966554671	0.993424945335767
POLR1H	-0.57394183102496	0.118365596991248	0.654251340141825
PHRF1	0.600219072687977	0.408431850369653	0.795933086828935
ZBTB4	0.296520199358667	0.470352143720362	0.829038958999018
ZNF319	1.42006338955462	0.072317057492434	0.60496771631919
CGN	0.932133658912406	0.359122587738145	0.770035911997498
KANSL3	0.521609809093448	0.243400528726512	0.726037658005366
DNMT3B	1.12793696574589	0.118239815524422	0.654251340141825
ZNF629	0.878976341238769	0.119072575348537	0.654306321756562
HMGXB4	0.230591207727414	0.55275621067997	0.866478094970502
APOBEC3B	0.221887578070376	0.404631892028047	0.794760848857956
RSL24D1	-0.52712919815162	0.33079505591349	0.764086962479424
GTF2IRD1	-0.68911203814891	0.604035884499373	0.885734576811771
BAZ2B	0.802322153808586	0.102942292087827	0.63812716298264
BAZ2A	0.0829764528222867	0.848285557150154	0.964529142995697
MBD1	0.21583180082375	0.725285628117399	0.920210735371843
ING1	0.462372776314091	0.350262709574927	0.768654321469921
TASOR	0.527531407060561	0.171393524178805	0.679502183180612
CASP8AP2	0.591963516461494	0.0756742262534254	0.60496771631919
ZNF346	-0.12190588419794	0.666555392645384	0.900319185277356
INO80	0.52282007306821	0.511215300550789	0.849881798730784
ATAD2B	0.39872078495096	0.214740636589608	0.71117665025111
ZBTB21	-1.42897023779278	0.144421833508634	0.664183638233793
PPP1R9A	0.618251689674963	0.567643755557054	0.87086847290289
PRR12	-0.103120723455561	0.750067370899186	0.932660756813381
ABT1	0.0471091385422469	0.936658085036204	0.981974614529695
KMT2B	1.5612371667283	0.064187178900677	0.593165171965625
SATB2	0.463701774286378	0.316475111064008	0.751211104287261
RNF6	-1.00290347741371	0.0126844319169075	0.429501524705708
ZBTB1	0.935270086385067	0.165813921547797	0.673081696356985
MTF2	1.02771405524816	0.352596489256775	0.769908781783735
JRKL	0.114145349780593	0.728516495867761	0.921090731097143
CABIN1	0.419110659648112	0.125533344265542	0.657056809161496
HOXC11	-0.720370558751373	0.530919296604573	0.859910841748065
CEBPD	-0.364491358545816	0.305326769214686	0.743779478708937
MLLT10	1.42559077919713	0.0620288619554031	0.590947757115699
RUNX1	1.09123330209955	0.160409887486953	0.667901315818292
VEZF1	-0.0118369251481703	0.969616775442984	0.995679233963677
BCL7A	0.0525383736756879	0.923349000880236	0.981426092373673
DCLRE1A	0.0340153699080226	0.933312677328603	0.981974614529695
RNF111	1.08779766189606	0.166061094140413	0.673372470531315
ASXL1	0.359962339890728	0.403388555979644	0.794760848857956
FSAF1	1.89904107907197	0.0668135683520922	0.600888612292281
ZNF462	-0.967384430352162	0.163989922578796	0.669931142718062
ZBTB45	0.818993116691971	0.455809927270688	0.820130916134969
TRIB1	-0.103922917060565	0.695705872631896	0.912073727756648
SENP7	0.155596592109749	0.720631391221838	0.920210735371843
LZTS2	1.51062089239987	0.120086110475857	0.654306321756562
PCGF6	-0.0421725697679136	0.846940575056587	0.964235554092585
SUV39H2	0.541220199417964	0.332126782566823	0.764086962479424
SINHCAF	0.195566742065264	0.836726716198142	0.961880841555194
BRWD1	-1.9456010422375	0.00401049395296169	0.279648869581163
PLEKHG3	0.980774572117518	0.297828597801082	0.741341669201813
ZBTB11	-0.113090500222523	0.761391469044377	0.937081884381744
SNRNP35	1.16699729273274	0.0802620832469744	0.610579710822461
TAF1B	-0.100959598879257	0.867970268437949	0.972122130005816
JADE1	-0.273839319941544	0.537790880930792	0.861159627132473
ADNP2	0.355484781929619	0.42710978975965	0.809602958704041
ZNF574	0.594791438646382	0.259686260239349	0.730555961204825
ZNF646	0.24138029023549	0.445307519391327	0.818203179186967
MED7	-1.5481144250948	0.0051518915819597	0.313516713492481
MED26	-0.502141472019915	0.304397241580847	0.743737464142757
PGR	0.648514178094359	0.470536862165858	0.829038958999018
TBC1D31	1.33371693670541	0.357575802872333	0.769908781783735
WDR25	-0.127653944564639	0.83449173340527	0.960717373752286
TUBA8	0.38281048014229	0.518464912480139	0.853186465209417
HEXIM2	0.0377636757373168	0.937688480975566	0.981974614529695
GTF2H2C	-0.540134127583748	0.489185132793225	0.836163384663457
CNBP	0.433564637398675	0.67434948339713	0.901901289318448
