gene	logFC	P_Value	BH
NUDT4	2.63364450071634	2.05526292354004e-05	0.00540240539901954
RBM47	-0.449430079495869	0.277075253773557	0.73703346487028
UBA6	-0.509305044098298	0.01484215203106	0.416925385442594
SHTN1	-0.131766690796766	0.445407828537152	0.82035325522536
SH3PXD2B	-0.882877744307216	0.288735558594296	0.7435597310196
TYW5	0.148845516243075	0.751378542718812	0.938267063863328
FUOM	1.0826060673985	0.162675917786489	0.662220550281281
SBNO1	0.143035609325498	0.536112246440227	0.865500006614533
WDR91	-0.0716580382299554	0.810492338266937	0.959965176962449
VPS37C	-0.256297012695835	0.349039524516003	0.770525165098314
CNOT1	0.740333486100933	0.251855467064873	0.727664581193394
MAP1LC3B	0.148132284417638	0.589913567887719	0.879103479993473
FAM83G	-0.0577375830319475	0.875273625203867	0.972827360110598
PGP	-1.15970954461469	0.00539511957591635	0.265456860703836
RIMOC1	-0.164388717449039	0.491132999762228	0.851729236156927
RCCD1	-0.363347151070908	0.103701840446255	0.588924032163919
EEF2KMT	0.195239833013439	0.516517086610979	0.857754006646391
CASTOR2	-0.045212723739823	0.912858788497513	0.978822943377286
UNC119B	0.306068843570245	0.10150319761975	0.583424141550902
CCDC85C	0.721809104883278	0.518231186937425	0.858527563504093
SAC3D1	0.104197344691997	0.628710248164599	0.89684554085447
RTL8C	0.113713124455973	0.658625544835277	0.904173913189819
ZSWIM8	-0.0737818036094389	0.78848525707967	0.950903141186144
DDX11L8	1.90976917242582	0.0228227725570243	0.453720995529398
SNRPG	-0.388970404598066	0.112125608242073	0.594508973506666
EIF3C	0.471251215157224	0.0983891867740335	0.580048543599151
UMAD1	-0.196471400114845	0.255460948568432	0.727664581193394
NACA	0.0931838983193174	0.62974616635758	0.89684554085447
RSMC	-0.0780930233609638	0.629559123338063	0.89684554085447
ASDURF	1.42807255634206	0.0696650799439068	0.552567601428285
KIF2A	0.0614495001385436	0.778699498008782	0.946765159255006
PDLIM1	-0.16200069558144	0.837168390060176	0.966586222916986
ACOT7	-0.221483322110352	0.369919855081989	0.779547651916649
MYO1C	0.126206581393948	0.781619114140849	0.948979986815679
SNAP23	-0.0329460725553048	0.911154470173632	0.978636655990655
AIP	0.265096962129324	0.294705960282156	0.746399128587979
GTPBP1	0.11236092121527	0.622486595027598	0.895320062594479
STXBP3	-0.479987253016212	0.239158037916345	0.719869538991393
SMAP	0.0634365175781006	0.716518598061263	0.927140801992071
AP3B1	0.472012965223698	0.226094600124834	0.716343336040925
NFKBIE	0.194636541829844	0.72061927868937	0.928835481913204
PSMD11	0.188483538327056	0.393762272606669	0.786629650749613
PSMD12	0.105965420361496	0.575009562573559	0.874273242800095
PSMD9	-0.669347298341815	0.350949832075949	0.771502617705789
SUPT5H	0.283612602131985	0.487799315338758	0.849463486094324
DFFA	0.178412707865391	0.445853270252514	0.82035325522536
CLIC1	-0.170181554415269	0.408351400311816	0.795391450119883
EIF3F	-0.420820825426716	0.0468887719828002	0.538331689696436
PIK3CD	0.396724341471767	0.077870447458588	0.565213504235905
WASL	-0.322906344647901	0.302581309111973	0.749326525930055
PDE2A	-0.0468367747002034	0.954694158759256	0.990760107653037
IPO5	0.184136860326351	0.27660637381635	0.73703346487028
EEF2K	-0.224548421614724	0.385224756337173	0.782637128231638
IGF2BP3	0.445533975089205	0.0606606873881078	0.552567601428285
DNM1L	-0.0591269011817452	0.730410360733194	0.931024067003577
RTCA	-0.216417533062163	0.380614986206814	0.779547651916649
PIK3C2A	-0.228311104703472	0.330516142959059	0.762092359705099
IFRD1	-0.184445730438881	0.656850271228803	0.90329185281091
PIK3R2	-0.588208717915705	0.0764965262692941	0.55965649437575
EXOC5	1.04024348096733	0.0863977463154291	0.565819564228604
PSMD14	-0.34828548671971	0.142893721066891	0.62888630156278
ZNF593	0.605432093836338	0.0566735245087861	0.552567601428285
BIN1	0.169890318950806	0.391590096644604	0.785070216038012
KPNA3	1.30239847954151	0.310615405078968	0.75452748275884
VWA5A	0.270480280653253	0.130488608227302	0.619021483835492
SDCBP	0.275442875222453	0.183514594765655	0.685384808069848
PITPNM1	-0.558948134197244	0.37906795190744	0.779547651916649
DDX3X	0.109003476998044	0.561385642809737	0.87139148578027
PIR	0.0299994869366316	0.898879950835816	0.977525201066195
PEX7	-0.77180043452768	0.405384250002372	0.794363173593572
KPNA4	-0.351406201487713	0.539799038455377	0.865936198209263
PPP6C	0.127635205226774	0.590739612950155	0.879103479993473
UBE2C	0.0568634055616712	0.849252234876606	0.967753549982409
PDXK	-0.230519706487094	0.6492517940839	0.901641608642147
TXNDC9	-0.073808010962729	0.734265852773131	0.932559974292751
TRAFD1	-0.37647554375804	0.169240456198641	0.670859200422543
UBFD1	0.00669792106121747	0.972175975284454	0.994604195141919
COPE	0.0552697900021286	0.916821360130446	0.979888151970988
RFXANK	-0.409754008712444	0.181977238644997	0.684041101341768
EIF1AX	0.35643766778049	0.244877281875591	0.719869538991393
AP3D1	-0.0155360785389362	0.957588355126777	0.990760107653037
CCS	-0.195641512597618	0.310582518461382	0.75452748275884
ABLIM1	0.324109212206668	0.305276764981445	0.751527659666961
DVL1	-0.426294727246507	0.337130085234245	0.763599245697563
DVL2	0.835980622706241	0.0998840186472947	0.582880686733454
CHD1	0.172005192855661	0.678098777525547	0.910199494922563
TRDMT1	-0.000600218177734035	0.9975745059998	0.999470462603355
APAF1	-0.150062939493921	0.627245868017671	0.89684554085447
RIOK3	-0.67266241999338	0.0142737525190903	0.416884200557559
IMPA2	-0.330564718937033	0.0900120857943944	0.574273896752283
MAP2K7	0.138925216686854	0.52584237696895	0.860813317936701
PDCD5	-0.0542432400316066	0.864181423866859	0.971312841164106
PRMT5	-0.287291215993282	0.194896030654173	0.692479422642003
NHERF1	-0.22112912891459	0.384938494389728	0.782637128231638
CHEK1	-0.194267734132385	0.394129510468406	0.786629650749613
TCERG1	0.203800403658597	0.771888921085826	0.944452864169775
NDC80	-0.0842459955856434	0.653158424584314	0.901641608642147
TNPO2	-0.168155600301073	0.756957751295799	0.939812592701936
UNC13B	0.675325400716861	0.27882437837738	0.73703346487028
POLR3A	1.26645670661055	0.0737862167510267	0.556104825581888
CPLX1	-0.621946958492366	0.0680885802315641	0.552567601428285
TSPAN4	-0.0699500343855384	0.842342769597268	0.966586222916986
PSMA7	-0.123919272089211	0.607671688875872	0.88513810826063
SCAMP3	-0.132602127841942	0.468023830320594	0.831204669902013
OPLAH	-0.436618687263479	0.311398788854386	0.755750453969275
IFIT3	-0.119466963822685	0.712705001943294	0.925704137833815
TAX1BP3	-0.00759767385385501	0.972917224087492	0.994604195141919
GIPC1	0.576463384688083	0.120742226013545	0.609018562910238
PCDH17	0.323796214578749	0.513655587767541	0.857136194249352
IKBKB	0.185532507314953	0.527202631279174	0.860813317936701
HAT1	-0.488477020170581	0.0276489404921533	0.481682768201068
MYL12A	1.08709090555847	0.341918188206278	0.768523445981094
HGS	-0.842796651946173	0.0403433136395228	0.524818409901258
AURKA	-0.025750783571425	0.905520995039218	0.978636655990655
PPP1R12A	-0.0418634216639262	0.899765240555464	0.977890161028975
GAK	0.127410668512855	0.571352995150954	0.874132774782888
HNRNPDL	-1.10797910861277	0.232970522557812	0.719869538991393
XPO1	-0.296833777230322	0.34507531347336	0.770525165098314
BTAF1	0.0521333310199275	0.913850673339343	0.979315806024689
ARHGEF10	0.530450733556428	0.324735822323873	0.759026591157053
SPTBN2	0.79927761249251	0.072881146089175	0.556104825581888
SEC16A	0.183262697369383	0.361371640473798	0.778353142692269
PLXNB2	-0.0178364089697496	0.979305935343411	0.996689516214407
SYNJ2	-0.0105726572114406	0.963531276147328	0.993859518020391
KIF3B	0.238666971973156	0.353275267016266	0.772461665252442
PFAS	-0.308579140444859	0.22320555555128	0.712612012887322
MCF2L	0.361449560836782	0.150787755226492	0.639424611880412
ANKRD28	-0.716494011346796	0.0375083489852551	0.51503392362758
ARHGEF11	0.0708278198487449	0.83613233105904	0.966586222916986
CHUK	0.0852314112538153	0.601337089220063	0.882118397128027
LSM1	-0.387671686898088	0.151913686552967	0.642577432775767
ARPC1B	-0.196439797584176	0.342076468618759	0.768523445981094
ARPC2	0.147946319260832	0.363143590542778	0.77876947156027
ARPC3	0.0194914330487066	0.967552663813259	0.994604195141919
POLR1C	0.132596132129464	0.571765825588518	0.874132774782888
PFDN6	0.461741261893415	0.0548428328609561	0.552567601428285
OGT	0.104092393173243	0.652413596317011	0.901641608642147
PMM2	-0.55976409988024	0.019512939823826	0.449728047205401
POLR3G	-0.0348695866613653	0.871520864072454	0.972418146302755
MID1	-0.339287084381652	0.201563948748861	0.698036583591567
HMGB3	-0.0831417817853719	0.70403704721617	0.921456371189511
PPM1G	-0.0322457700622785	0.908479621754041	0.978636655990655
INPPL1	0.258967614657543	0.295724809131874	0.74711295568243
FANCA	0.643133960643016	0.0879697579622417	0.571825574926691
EIF3D	0.0146273402120123	0.948131358053184	0.988927413187468
EIF3H	0.0339787237294047	0.851270609753776	0.967753549982409
IPO8	0.198744419813714	0.404726965225355	0.793920699375962
SLC16A3	-0.229604305256878	0.462950793124614	0.827018619223975
MAGEB2	0.565316779297365	0.00433540453865563	0.258142856644708
YKT6	-0.00531963908432331	0.986384269933414	0.99922622201578
ARPC5	-0.390903999131119	0.201835800382147	0.698078708088628
PDPK1	0.564170529258043	0.114009361857819	0.598508490209378
RNF113A	1.52343685987053	0.064097305591317	0.552567601428285
DHX15	-0.569794994547898	0.281446844835892	0.73703346487028
RNMT	-0.179827696579622	0.357106078933134	0.77758821280835
ZZEF1	0.175614350103768	0.553630209134025	0.87139148578027
TTI1	1.28492372169221	0.00459709324633462	0.258399453943504
PJA2	-0.112764826588766	0.555488076166502	0.87139148578027
PRPF4	-0.0928610019173775	0.696742347001577	0.918342348483454
PHGDH	0.229454832306825	0.208625390216673	0.704563414122041
DYNC1LI2	-0.092536630228345	0.720857102267421	0.928835481913204
PSMD3	0.29564144424095	0.123809505661378	0.612601305173529
PAPSS1	-0.290760075056735	0.267822150384963	0.734312585176351
ZW10	0.619212632933106	0.013386135252823	0.40688785867959
AP5Z1	-0.288522314439966	0.722038303141034	0.929366259047978
PPIP5K2	0.116879303602978	0.68453750945275	0.913537763924193
MAP3K7	0.159694008014224	0.43566607643426	0.812595621529689
EEF1E1	-0.281799181387751	0.346712836131707	0.770525165098314
RIPK2	-0.874671989250754	0.208688619943757	0.704563414122041
WDR62	-0.336043205494185	0.651042540479657	0.901641608642147
HNRNPR	-0.756760908599617	0.117800900113722	0.60585701338365
TXNL1	-0.0233165444960903	0.895037794622799	0.97708071320436
TPD52L2	-0.293129427684235	0.186139412357952	0.686365769015294
FIBP	-0.28102693699962	0.15639713930048	0.648315806102316
EIF4G3	0.496073784757598	0.359810610106357	0.778353142692269
PPIH	-0.471300227132151	0.0490312942233172	0.538331689696436
AKR7A2	-0.0352021891715886	0.840106088356744	0.966586222916986
EPB41L2	-0.154076702173846	0.43476214142945	0.812144507847907
LAMTOR5	-0.521722707359068	0.569618126678613	0.873093221983789
WIPF1	0.388000459967412	0.068340321781963	0.552567601428285
AKAP10	2.56266960441922	0.0163159733598878	0.416925385442594
DENR	0.013277623705914	0.971433401311122	0.994604195141919
XPOT	-0.335919303140429	0.213624676592462	0.707219667662893
DNPH1	-0.280444563028375	0.386440338818496	0.782663977353917
TRAPPC3	0.114871438050614	0.583312720007336	0.875802043911464
CHMP2A	0.863648507729938	0.310559508140562	0.75452748275884
RGS10	-1.83431673179973	0.198181722536551	0.696569951226846
ZNF207	0.409546774784989	0.489728319334516	0.850625573925289
GET3	0.0480181227562682	0.930733554843929	0.981779474890498
BUB1	0.306517792092727	0.244370888862322	0.719869538991393
BUB3	0.250740203003524	0.210365595964502	0.70499159575141
ACTN4	0.321449117741714	0.32107615247144	0.758064751422134
GSTZ1	-0.0401044797210091	0.932311667323632	0.981942454422142
BUD23	0.1051993998671	0.567320621077842	0.872436224641228
HTATSF1	0.965198656794421	0.43939646705696	0.815420574266068
TRAF3IP2	0.0327908726834778	0.855990657884817	0.969244806466501
AP1G1	0.443623074706863	0.109416644050552	0.593766348414021
SGTA	0.207007970439527	0.281067186943382	0.73703346487028
ENSA	-0.279430179640261	0.451084940070751	0.822185527221577
NARS1	-0.270508872531337	0.129335870801533	0.617951685078039
MYO1B	0.513843986873027	0.158531883441114	0.653300482713663
SSNA1	-0.523595944040359	0.0542929571131117	0.552567601428285
NUDT21	-0.0429573319232155	0.860079249840337	0.970317628904121
LANCL1	0.088343053121033	0.709461192825149	0.923529249945719
STRN	0.324349597488855	0.222541657994099	0.712612012887322
RRP9	0.257177753514629	0.664060910226053	0.90816695789392
AKAP8	0.0359222542303002	0.927371956621216	0.981515329412158
NRDC	0.0119514303039345	0.959970354888924	0.991771731047513
CALU	0.0709126404980012	0.940818387885163	0.985469813007498
AHCYL1	-0.290640547858899	0.17098156588358	0.672421332123959
PDE6D	0.0190973848278659	0.958012825798204	0.990760107653037
PEX1	-0.0705587276164366	0.867873840155755	0.972051073159306
DHX16	0.233414157372998	0.562573168288114	0.87139148578027
ZNRD2	0.150973998372098	0.408502674110483	0.795391450119883
PRPSAP2	0.391908442879753	0.140548567365607	0.627692630953198
SMARCA5	0.164332012276041	0.49472586416527	0.851745553438629
SPAG9	-0.170455162899795	0.575511781808888	0.874273242800095
LCMT2	0.174501133721193	0.34471843549291	0.770525165098314
AQR	0.630530396381168	0.0748732636798187	0.556104825581888
MAST3	0.305450854995879	0.515725395128026	0.857237854357716
KIF1B	-0.284628131997373	0.427715986412496	0.806426440238111
KDM1A	0.178864462393925	0.554525682980299	0.87139148578027
TBC1D4	-0.0789099311297186	0.660754055616948	0.905333607728965
GSDME	0.46946397347855	0.0832167573413943	0.565819564228604
ACSL4	-0.260521150707557	0.319567706180231	0.758064751422134
SNX3	-1.01238795082167	0.270237779826389	0.736286623985679
OGA	0.277065146824764	0.249629653994334	0.72333632023555
SORBS3	-0.498553898891146	0.203672248156431	0.699206129368912
SYNCRIP	0.197654669792296	0.328644949931965	0.760637368395994
RANBP6	-0.469479530306781	0.545987720278567	0.868909653837199
NEMF	0.277644973088037	0.242021999244104	0.719869538991393
GMDS	-0.0344085346722451	0.905025082290655	0.978636655990655
BUB1B	0.159282911837465	0.40754836341686	0.79477002463254
PLOD3	0.999151344363646	0.0333425525016069	0.504940712781536
EIF4E2	-0.567699523335008	0.591114456017098	0.879103479993473
DIAPH1	0.346026843830678	0.128126706823328	0.617951685078039
EXOC3	0.321240592787362	0.165533853601659	0.664758068882377
PLIN3	-0.381003851753324	0.0800701598057075	0.565819564228604
RAD1	-0.226825585644626	0.403151914945737	0.792097729311431
PRMT3	-0.225299651640288	0.349750582207886	0.770707869775462
KPNA6	0.121461733904081	0.674082724197473	0.909897615173014
UGDH	-0.595995511563739	0.0231418137108657	0.453720995529398
CTNND1	0.0414467770479838	0.868945038716125	0.972051073159306
EIF1	0.170552843214629	0.385576389533685	0.782637128231638
SNX2	-0.263181254377919	0.179796485374245	0.679313209627538
USO1	-0.219343541107918	0.62443240322046	0.895796407649494
TOM1	0.294350469146647	0.504694300937014	0.854668117334587
H2BC11	1.00759859569904	0.179490110041171	0.679129970334667
PFKFB2	0.188133318061059	0.297080195952964	0.74807889916966
CCDC22	0.129781355115465	0.774297361739188	0.944452864169775
DKC1	-0.134669955227203	0.81166971166044	0.960659100492022
EIF5B	-0.254388567045169	0.319483000742861	0.758064751422134
EDF1	0.171622916127291	0.485558590992069	0.847252543788911
DNAJA2	0.384928449391104	0.0649584446311381	0.552567601428285
CUTA	0.299427083919841	0.273005239731215	0.73703346487028
HUS1	0.135443496631126	0.592462904786874	0.879493138207219
PFDN1	0.348522200859353	0.693175127838186	0.917419789845604
PPP1R11	-0.0655551649614274	0.813581843244098	0.960659100492022
NOL3	-0.191141323637698	0.591461506871898	0.879103479993473
MITF	0.421910549578318	0.253016471582078	0.727664581193394
SRGAP2	-0.57097286496078	0.218786178471639	0.709368402445491
WDR1	-0.319129517008285	0.118716968100951	0.609018562910238
ROCK2	-0.358707371222895	0.703496908097402	0.921456371189511
CLASP2	-0.578375749445826	0.365439429071758	0.778835212521883
COBL	1.02374083251365	0.0349389607227388	0.505374675497154
CPNE3	-0.465446839156552	0.0203143056235874	0.45307057390789
ATG13	0.757012447028291	0.115866905855671	0.603097897523154
CLUH	-0.126016507047716	0.539883038187884	0.865936198209263
PPP6R2	0.343521463949187	0.103538333598079	0.588924032163919
CNOT3	0.0624891271102648	0.862249094710998	0.970470672850957
ANKRD17	-0.271919414964032	0.52724815723623	0.860813317936701
DNAJB6	-0.578049635635182	0.1924101491517	0.689005436002903
XYLB	-0.317298390374276	0.111031361944118	0.594508973506666
GGCT	-0.285517559975364	0.128434327474848	0.617951685078039
ZPR1	0.432691467786039	0.0818896429958343	0.565819564228604
HMMR	0.183226704687875	0.438972547884075	0.815420574266068
PDCD6	0.301054386881205	0.136485030218732	0.624707601001161
TBCA	-0.31838603793835	0.240084477244225	0.719869538991393
ATP6V1G1	-0.505234743746598	0.0264207849248858	0.474834928654018
VPS4B	0.140156103031039	0.57280487727558	0.874273242800095
SH3BGRL	0.00198227526758288	0.989834966901061	0.999470462603355
FLNB	-0.0974799239387636	0.70682738606365	0.921897250469917
NCOR1	0.899249211028739	0.0107820062690747	0.359473623047746
TRIM3	0.414303644184901	0.524365578212784	0.860813317936701
CS	1.85285865115383	0.124266256784455	0.613825268411805
SPAG7	-0.0087644153438049	0.959509797208543	0.991574291976254
SEC22B	0.144950102274475	0.693873456732569	0.917419789845604
CDC45	-0.376647944921071	0.675392486291038	0.909897615173014
VPS26A	-0.27903201084294	0.215462589904007	0.707219667662893
PSIP1	0.312615731662973	0.135534848610039	0.623608389175868
GMNN	0.00877551248038344	0.954638213451232	0.990760107653037
HSBP1	-0.100523736078056	0.686883814867987	0.913893078633468
BANF1	-0.548562237620843	0.537033043573021	0.865936198209263
SF3B1	0.444231863272819	0.424376584636094	0.806426440238111
CSDE1	-0.0241263182801283	0.90406583774299	0.978636655990655
PRKRA	0.330725888578794	0.322986828897609	0.758064751422134
CRCP	0.135171505880287	0.69702957221534	0.91839198917023
RPS6KA5	0.0755958831613874	0.931633219208666	0.981789875912913
MYCBP2	-0.811417959435644	0.145845547218323	0.633138568662655
NPM3	-0.0384778060814668	0.839680433643846	0.966586222916986
LYPLA1	0.194771172104264	0.228709287442984	0.716908158253987
SNRNP200	0.244826014735352	0.191511493248357	0.689005436002903
TIPRL	-0.043858765280639	0.833649206651493	0.966586222916986
OFD1	-0.621721533098306	0.243571870813613	0.719869538991393
TOM1L1	-0.567832038220594	0.394383615661151	0.786629650749613
RPS6KA4	0.0114858230075328	0.952893155838395	0.990018863208722
PPM1B	-0.21813446271263	0.343521627139445	0.770525165098314
NUP155	0.137883258110318	0.495474919188564	0.851745553438629
WDHD1	0.511041976642638	0.300724379023031	0.748252680733438
RNASEH2A	-0.0557343995654733	0.831071717271375	0.966586222916986
CDC123	0.0742080166243717	0.746749058197827	0.936169961725469
BCAR3	0.0588926803104322	0.902309622790845	0.978636655990655
POP7	0.370029435257262	0.174365780298847	0.673394630481898
RPP40	0.325651192595728	0.293755571976303	0.74501757744507
EIF3G	0.219930414409202	0.200128970444008	0.697991242493471
EIF3J	0.324079150768519	0.242828787107888	0.719869538991393
CBR3	-0.533899836663259	0.21430930700891	0.707219667662893
PSMD10	-0.265231093729597	0.247956309333816	0.719869538991393
AP1G2	-0.375681108386566	0.192632433317155	0.689005436002903
IDH1	-0.0226523641871808	0.911377549688861	0.978636655990655
TUSC2	0.614342150183464	0.135041490554569	0.623608389175868
DCTN3	-0.133914669171336	0.644677550604442	0.901641608642147
DNAJC8	-0.368633818700623	0.377856111304358	0.779547651916649
TRIO	0.0893849518413923	0.672480349907277	0.909897615173014
MPDZ	-0.197544046591883	0.669997111720329	0.909475976071859
GLRX3	0.117622718927475	0.520559929569745	0.858527563504093
SNCG	-0.00124862849848029	0.995140457328272	0.999470462603355
CIAO1	1.49601197046825	1.70926191277773e-05	0.00500491922024496
DFFB	0.44183309248421	0.153882601229882	0.644812776755422
SRP72	-0.0402788120177426	0.847457627612338	0.967660258072887
DDAH1	-0.000376451960327984	0.998392573654934	0.999470462603355
RECQL4	-0.303114819801038	0.492182500044824	0.851745553438629
URI1	0.251030180804619	0.552271211211723	0.87139148578027
STK17B	-1.27445638375347	0.0246921276112713	0.461253957408519
MTA2	-0.496326331906761	0.310038813552743	0.75452748275884
STK10	0.808214806834059	0.0751043745419017	0.556104825581888
GFPT2	-0.0657583730507554	0.730651496061503	0.931024067003577
LTN1	0.152796090323573	0.813938140537843	0.960659100492022
TOMM70	0.942878634759602	0.247277148828294	0.719869538991393
IPO13	0.492717267176655	0.0910728539987579	0.574273896752283
DDHD2	-0.26242336098959	0.264058463237697	0.734312585176351
SEC24D	-0.18572994303295	0.420583303918393	0.805279166711595
FCHSD2	0.0111066972314475	0.981408802664089	0.997399722122023
UBXN7	-0.0271889356773229	0.898763167189035	0.977525201066195
KLHL18	-0.211185189954769	0.417867656624206	0.802585060739602
PLPBP	-0.24860103271115	0.413480301975049	0.800424782360958
FRYL	-0.427754380508958	0.319519734129854	0.758064751422134
HAUS5	0.230235394734038	0.453806222759684	0.82266349741657
FBXO21	0.223361748514385	0.385044825689232	0.782637128231638
USP19	0.684693911569411	0.245572670393617	0.719869538991393
WDR47	0.178463451321591	0.676361519848475	0.909897615173014
AP2A2	0.444801405378474	0.0871822131811451	0.568848483167755
SEC31A	-0.085208897735761	0.821296591406882	0.963289394742228
FAM13A	-0.0515719058240656	0.868137916983155	0.972051073159306
HEXIM1	0.0573538814126593	0.774250021153222	0.944452864169775
CCNB2	0.568746221956701	0.177857411847475	0.678580704802525
UBR5	-0.0102870466649421	0.971490951450704	0.994604195141919
AGFG2	-0.188931464727279	0.526017284017735	0.860813317936701
UBE4B	0.14057896525631	0.499289667459479	0.851745553438629
ELP1	0.000823948949520314	0.995649200926411	0.999470462603355
GABARAP	-0.447890444824946	0.549274126919908	0.869762817153726
ZRANB2	-0.435270927224984	0.066025032357195	0.552567601428285
SNX4	-0.0749126118513459	0.650391560250726	0.901641608642147
ZWINT	-0.00460771197049681	0.98392388027372	0.99775141344924
LUC7L3	0.212213261038471	0.4996169763104	0.851745553438629
KIF4A	-0.339964990298071	0.564844071753413	0.872436224641228
SBF1	1.48763304449186	0.017980293919045	0.429658971571984
ATE1	-0.19326047740066	0.557444429455895	0.87139148578027
CCNDBP1	-0.040730359895079	0.858586807210738	0.970317628904121
SNAPIN	0.464200986711283	0.0304711338317379	0.500597198664266
PGLS	-0.12375051706799	0.54380649198514	0.867576013905193
PAPSS2	-0.0654423957034354	0.810909200399792	0.96014988979126
SMC2	0.0568681568487079	0.821934461334115	0.963289394742228
ATG7	-0.446689402285951	0.0710570414722877	0.556104825581888
TACC2	0.385962056989321	0.377702611534208	0.779547651916649
TRIM16	0.323144357149591	0.224839905593306	0.716343336040925
LYPLA2	0.152591163835094	0.704647035436671	0.921456371189511
IPO7	0.161576672511476	0.548623141469805	0.869762817153726
ARIH2	-0.0384027619662639	0.845793172150541	0.966921054213728
TNFAIP8	0.425790221199936	0.192419862082753	0.689005436002903
PGM3	-0.272058998653225	0.122629491608815	0.611004308731191
MOCS3	-0.377222160135702	0.191196086315075	0.689005436002903
BAG4	0.104497904258661	0.675723425465417	0.909897615173014
AHSA1	0.43532798482256	0.0646634202905772	0.552567601428285
PARN	0.72796234556013	0.351852477424147	0.771643097092289
PSMG1	0.200400373017597	0.376273987578081	0.779547651916649
FMNL1	-0.144596590666918	0.520283093758326	0.858527563504093
SEC24A	-0.149381899268427	0.528059896945649	0.860937364782623
TDP2	-0.502784628703267	0.101834062741544	0.583721730356517
POLR1A	1.08827729931139	0.341965668888808	0.768523445981094
PCNT	-1.03827275486928	0.00931078999551216	0.339244625579057
CNOT4	-0.273702009212329	0.752288244198856	0.938653285035568
STAMBP	0.101957809473525	0.759241416232529	0.941206890709504
ASMTL	-0.157995646016271	0.492359768184218	0.851745553438629
CEP43	0.166432884983969	0.855473362681801	0.969018144804959
HERC2	-0.902056605609587	0.0234412451506806	0.453720995529398
SNAP29	-0.0393471932437954	0.905728632051378	0.978636655990655
OXSR1	0.468209149670628	0.0732247992530168	0.556104825581888
GGPS1	-0.181660665188659	0.666392484331596	0.908516565270328
LDOC1	0.0932626442239126	0.682309368671342	0.913537763924193
HSPA4L	0.0701146902389667	0.862291050937216	0.970470672850957
PTBP3	0.0778289014937634	0.819701816335	0.963289394742228
LSM8	0.157368722409075	0.423692531369322	0.806426440238111
AP2A1	-0.106650657014185	0.630472666899596	0.89684554085447
STAU1	-0.600341162059852	0.390547877208754	0.785070216038012
TTC4	0.0376971779587727	0.85184246949931	0.967753549982409
BAG2	-0.241732711370922	0.263143548963747	0.734312585176351
BAG3	-0.803740089927906	0.00441929346973277	0.258142856644708
CLIC3	-0.00749513616828068	0.972563731435586	0.994604195141919
EML2	-0.244850289769058	0.195098755284474	0.692479422642003
BPNT1	-0.194796982319886	0.399851193343436	0.791160368716676
DDAH2	-0.241114576633308	0.208011424929524	0.704563414122041
TXNDC12	-0.207947516498805	0.694068322778657	0.917419789845604
ECD	0.808678258135821	0.00289980218149045	0.217781061793569
NUDT3	-0.0955595835985719	0.634824906280334	0.899213108203091
PTTG1	0.022845953412876	0.932834173837136	0.982035764427498
BCL10	-0.0971881559064833	0.60781382097189	0.88513810826063
ZBED1	-0.26025933600042	0.430579878431442	0.808435690116176
MOCS2	0.0757081412758076	0.877238414724445	0.972827360110598
PAK4	-0.354941109251214	0.100627384213178	0.583424141550902
CHEK2	1.01126379291981	0.0951583722811438	0.579092626028489
ACTL6A	0.100018062766125	0.704240848232271	0.921456371189511
LDHA	0.292392035380235	0.167228332216001	0.666017600167623
DHFR	-0.297219823410806	0.16071027050302	0.659324186679054
GSR	-0.129135218621958	0.619555728437823	0.893403244769274
SOD1	-0.116644336115581	0.608145971256643	0.88513810826063
PNP	-0.0108547293976429	0.963881690167059	0.993859518020391
HPRT1	0.281481223296609	0.539789285363633	0.865936198209263
ABL1	-0.0644718163766207	0.874836278506494	0.972827360110598
PGK1	-0.165431548292922	0.36089669222242	0.778353142692269
AK1	-0.392848338141334	0.0592858490992752	0.552567601428285
ADA	-0.699667402189327	0.200594528344009	0.697991242493471
ASS1	0.136173833598988	0.827236209299352	0.966586222916986
NRAS	0.251813265242589	0.448893323604644	0.820828356383617
LMNA	-1.01940423958143	0.374801319402298	0.779547651916649
TFRC	-0.708863522881252	0.0482640548361264	0.538331689696436
FTL	0.469658786044008	0.0711316973158238	0.556104825581888
FTH1	1.63021612075266	0.184257802470094	0.685384808069848
CAT	-0.563404845571213	0.482928347669252	0.844665551056487
RAF1	0.342735516803991	0.207849653609785	0.704563414122041
ALDOA	-0.318988470985659	0.240661185157982	0.719869538991393
CSTB	0.165333896429676	0.495389796586526	0.851745553438629
ANXA1	0.0631238308315538	0.756267486345427	0.939802649806621
NR3C1	-0.0572451146510531	0.821832978606382	0.963289394742228
TK1	-0.143086709623979	0.542262991722794	0.867576013905193
KRT1	0.771935349934353	0.364330835709118	0.778835212521883
TUBB4A	5.26026788834224	0.0783813127121942	0.565819564228604
GAPDH	0.151709846263316	0.370462665523654	0.779547651916649
ASL	-0.423386290175621	0.0705850115758671	0.556104825581888
HLA-A	0.423331296658265	0.566854982577446	0.872436224641228
CAPNS1	-0.743680825694245	0.166708675128704	0.665464923300123
HSPB1	0.0247816212344851	0.881093881982279	0.97319591644326
TYMS	-0.18721595385616	0.38096200838381	0.779547651916649
GNAI2	-0.345856732788878	0.227271091974749	0.716343336040925
ATP1A1	-0.260296572381154	0.272223584338464	0.73703346487028
ATP1B1	-0.373336556181769	0.157390569263635	0.65017989594806
ISG15	0.265698866803614	0.378341121178181	0.779547651916649
ALPL	-0.416455080361345	0.14233147561483	0.62888630156278
EIF2S1	0.377099741304463	0.136273404746096	0.624707601001161
RPLP1	0.243540428421579	0.351731267516603	0.771643097092289
RPLP2	0.119613246930562	0.627078327552708	0.89684554085447
RPLP0	0.0964593520825332	0.71289280614702	0.925704137833815
FABP3	0.535184685607071	0.243967873160003	0.719869538991393
SSB	0.0248903876096449	0.911504737040866	0.978636655990655
ITGB1	0.0335739899231484	0.927640863584899	0.981517647496385
KRT18	0.219137870111794	0.22152378341827	0.711971635789724
KRT8	-0.00492042054118969	0.979932872192422	0.996689516214407
UROD	0.0293327140532682	0.88744262392157	0.974442971534158
GSN	0.119639172701035	0.77770907457382	0.946765159255006
PTMA	-0.152675819894661	0.587651398622818	0.878038872699106
CDK1	0.491243884045655	0.611074993023537	0.88513810826063
ATP5F1B	-0.256056895622919	0.376272519712805	0.779547651916649
S100A6	-1.53131392560324	0.365845334583288	0.778835212521883
EIF4E	-0.0724845271192862	0.73174862311676	0.931728083736413
ENO1	-0.129461565868795	0.603437360947309	0.882962023175387
PYGL	0.0249876489720506	0.910930962765995	0.978636655990655
GPI	0.281167471461618	0.349406940021855	0.770707869775462
POLB	0.0846083509188063	0.726690344658484	0.931024067003577
NPM1	0.237422211769211	0.266166006196621	0.734312585176351
TPM3	0.12771736405794	0.678172675240122	0.910199494922563
ITGAV	0.118579894863863	0.892584680228938	0.976140155495539
HEXA	0.887980716562005	0.109956131563857	0.593766348414021
DBI	-0.0259703257886557	0.949559787153994	0.988927413187468
LDHB	-0.0172875012997338	0.943889199772101	0.986793254307196
GPX1	0.183356817516966	0.604221086433369	0.883406276549384
P4HB	0.952046225231463	0.0684690208501722	0.552567601428285
ACYP1	-0.0631042440485388	0.829780805345855	0.966586222916986
CTSD	0.58885026334271	0.163299542871568	0.662850288411883
ANXA2	0.0313743668000797	0.861193767737649	0.970470672850957
CAPN1	-0.0604653654308507	0.770202388340616	0.943586929618818
TUBB	-0.0247515674243743	0.912243572630198	0.978636655990655
PSAP	0.39831467742443	0.422522303694149	0.806426440238111
PFN1	-0.0161313993797449	0.945321708876368	0.987162463492617
BPGM	-0.541895378997818	0.110040393918033	0.593766348414021
APRT	-0.197623293113658	0.322272887292684	0.758064751422134
EPRS1	-0.139106955629522	0.498656816697114	0.851745553438629
HSP90AA1	0.185907877902636	0.438312774986233	0.814641925226938
HNRNPC	-0.34170511414586	0.383066208256386	0.781752264978586
LYN	-1.0957527354911	0.228462290149511	0.716855556008447
TPM2	0.482245057587587	0.507747175738548	0.854668117334587
FH	-0.220982228580571	0.248163593899028	0.719869538991393
SP1	0.0820054943584836	0.650218500700767	0.901641608642147
ANXA6	0.253040098673345	0.55601281513972	0.87139148578027
CD55	-0.408150458025034	0.0960082374944843	0.579197236032299
SLC3A2	-0.0756600177707725	0.771960821404514	0.944452864169775
PFKM	-0.322954422999686	0.253654950310639	0.727664581193394
HSP90AB1	0.281894426061875	0.406717073854842	0.794599115187074
ASNS	-0.0211860449103654	0.928874722698038	0.981718650621144
HMBS	0.41076175258177	0.122770841373017	0.611004308731191
SNRNP70	-0.438206014335258	0.0209885208845854	0.453720995529398
ITGA5	0.148137952448852	0.610788550806501	0.88513810826063
NFIC	0.13787001015621	0.50143048644873	0.852316023155347
VIM	-0.763820748222866	0.0708516564310304	0.556104825581888
RPS17	0.479074412546041	0.0590824167762475	0.552567601428285
KRT7	0.757794607867915	0.0418277419658856	0.530590855842616
ANXA5	-0.0686088101058786	0.759816175116332	0.941206890709504
RPSA	0.153614581903526	0.387872568151707	0.783839127291754
SNRPA	-0.662585764152279	0.026687825530792	0.476753388122887
GSTP1	0.0285281868300693	0.867448678625437	0.972051073159306
LGALS1	0.0596204081960998	0.748778585285739	0.936169961725469
QDPR	-0.175672248234086	0.426926104173439	0.806426440238111
HMGB1	0.0841853703392133	0.756458484572253	0.939802649806621
TPM1	0.0957540078609647	0.742088141730771	0.935814314953432
CLTB	-0.0314636868886282	0.904297952648073	0.978636655990655
ANXA4	-0.0229107215620985	0.955180351770925	0.990760107653037
CNP	-0.236995003722445	0.279132502203106	0.73703346487028
HNRNPA1	-0.393700642956318	0.200589832986253	0.697991242493471
SNRPA1	0.533041914276058	0.106347272316076	0.59216445637777
PARP1	0.200379307230236	0.542846082321879	0.867576013905193
POLA1	-0.260791136116275	0.210639794627405	0.70499159575141
IFIT2	-0.232172234312088	0.735202181064342	0.932559974292751
IFIT1	0.114680651146777	0.842274798403122	0.966586222916986
ALPI	-0.393913464023949	0.0570058928469101	0.552567601428285
LTA4H	-0.0151437684829929	0.96770412868274	0.994604195141919
ALDOC	-1.47449316197097	0.0957913709529874	0.579092626028489
H2AZ1	-0.0295443576395584	0.93750800308681	0.984499349734391
FBXO45	-0.0281179954238482	0.923105335650305	0.979888151970988
POLR2M	0.310224826598716	0.193408319399728	0.689005436002903
GSTT2	0.110887867428914	0.676140367536873	0.909897615173014
TRAPPC2	0.406163223825246	0.106883722073665	0.59216445637777
RAB34	0.0390244531282988	0.901797516792311	0.978636655990655
SULT1A3	0.429326038995228	0.0388836963916047	0.520099017753663
HSPA1A	0.154703281822727	0.401508432060755	0.791160368716676
CALM1	-0.139159032274819	0.634119256920221	0.898905572213564
ERCC6	0.616304507413048	0.00734369880734503	0.293747952293801
POLR1D	-0.0418000981043889	0.886415281267374	0.974189105647376
EEF1AKMT4	-0.29195668979245	0.236085958010552	0.719869538991393
RO60	0.251410968122144	0.315161552087137	0.758064751422134
HLA-C	0.555146676975316	0.307194751417883	0.751527659666961
ARAF	-0.366632450735594	0.240209769631046	0.719869538991393
PTPRF	-0.771665975226952	0.471107119947334	0.834079127849005
TXN	0.00297327479142595	0.991049469272212	0.999470462603355
MAPT	-0.651636264167326	0.268987351730777	0.735418613944471
PRKAR1A	-0.0786874111599012	0.664337727630166	0.90816695789392
UROS	-0.102484709854224	0.719265388251925	0.928735659216521
ESD	0.158628379402316	0.496228856708178	0.851745553438629
HSPD1	0.70857509763804	0.271108447787475	0.736760636729651
CLU	0.522130681477243	0.181818408844898	0.684041101341768
HSPA5	0.440552276363665	0.317923917041546	0.758064751422134
HSPA8	0.126538732383366	0.455718453096912	0.822941099531831
SLC2A1	0.127310178006685	0.697898294622342	0.918897524466381
EPB41	-0.0278864542886765	0.929349093067791	0.981774362771303
UMPS	-0.27802221677943	0.117005689602081	0.604748508055702
PYGB	0.167464467134423	0.395751198424473	0.788394452175804
BCR	-0.573243275764316	0.058622834897986	0.552567601428285
TOP2A	-0.764699900209493	0.166727896544216	0.665464923300123
G6PD	0.0624253123560337	0.791699117292301	0.953043098343365
UBL4A	0.133045017719692	0.479571763899043	0.841594702502851
DMD	-0.460187219471468	0.197181082273274	0.695044427936444
MTHFD1	0.111954755880696	0.572081832242622	0.874132774782888
ADH5	0.113133084726066	0.64451630113121	0.901641608642147
CDK4	0.131190490265439	0.602141688474349	0.882118397128027
PRPS2	0.0955729637267382	0.763122111726641	0.943023452277955
PABPC1	-0.0993256071835269	0.638555496784542	0.901641608642147
PCNA	0.0142941868064597	0.932941359220076	0.982035764427498
HARS1	-0.0323452440284413	0.876330342276317	0.972827360110598
COL6A1	0.201121452485477	0.230657106313262	0.718799085817024
IMPDH2	0.118768689995267	0.609456913591755	0.88513810826063
TPR	-0.385326027657513	0.23414177903068	0.719869538991393
CKB	0.101444813843177	0.660465353390723	0.905333607728965
ANXA3	0.13605837851992	0.421408163598748	0.806019772371825
ACTN1	-0.0206564064855534	0.922547943014884	0.979888151970988
PEPD	-0.338267022519599	0.178127435010663	0.678580704802525
XRCC6	-0.113602883431689	0.665136888787841	0.90816695789392
XRCC5	-0.500320046253623	0.0216305506914891	0.453720995529398
UNG	-0.207293012302852	0.287956442965281	0.743140725724652
LAMP2	1.04431838232947	0.0129797045814356	0.401389183694816
RNH1	-0.13653831640158	0.373400417176169	0.779547651916649
EEF2	0.0131941282403396	0.94554010435363	0.987162463492617
KRT10	-0.660736532689793	0.187990923146221	0.689005436002903
PDIA4	2.72643056595436	0.094806572828624	0.579092626028489
TPT1	-0.0851328432101255	0.642200283300066	0.901641608642147
PLS3	-0.294087483786029	0.256179845746462	0.727664581193394
APEH	-0.362951381529385	0.120477215232722	0.609018562910238
GYS1	0.378180921245438	0.0818420635452417	0.565819564228604
PRKAR2A	0.128108107124934	0.606614150968857	0.88513810826063
ANXA8	0.90330337530343	0.188377491196388	0.689005436002903
ENO3	-0.0664691969448477	0.771201941028616	0.944433658231383
GTF2F2	-0.0263599901205893	0.890302232427849	0.975673679372985
MIF	-0.376187902147027	0.302030320416272	0.748970066800459
CD99	1.21625208764362	0.12141730291285	0.609571179698893
PRKCSH	1.44793912014583	0.0737908924322054	0.556104825581888
FDPS	0.195717267666573	0.374677305742088	0.779547651916649
CPM	0.27826301676302	0.197026547575723	0.695044427936444
AKR1A1	-0.208588636902476	0.229585284572088	0.717210396625878
PKM	0.119296283118057	0.539979401058127	0.865936198209263
ACYP2	-0.742582742178044	0.344408242977036	0.770525165098314
HSP90B1	0.43215305758433	0.775554182918858	0.945359189513547
CCNB1	0.154954812952393	0.56433030978018	0.872436224641228
MYL6B	0.392268830137269	0.472099718504532	0.835202489482614
SNRPB	0.0303160657292665	0.865403380168773	0.972051073159306
IDE	-0.257828994549925	0.265059857369557	0.734312585176351
HNRNPL	0.137303243485725	0.582971742900976	0.875802043911464
DARS1	0.222012560086714	0.498745912128451	0.851745553438629
JUP	0.485045026457819	0.319485587345833	0.758064751422134
ETS2	-0.349394491899361	0.244813635182092	0.719869538991393
AKR1B1	0.216755467962496	0.50017457829532	0.851745553438629
ANPEP	-0.655677779998634	0.0350089857110539	0.505374675497154
GSPT1	0.256000295830471	0.295175595850542	0.747074410405773
EZR	-0.582835780521233	0.504761206045215	0.854668117334587
UCHL3	0.130753074439191	0.464923696647766	0.828815732787552
NME1	-0.11859121052564	0.562637713560299	0.87139148578027
NQO1	-0.182221415140233	0.526955073249145	0.860813317936701
GNS	0.10606752978218	0.891045608042643	0.976140155495539
PHKG2	0.142626510583565	0.529880848828417	0.862433225868453
RPS2	0.0439814178770526	0.798915037230646	0.955505451092974
TCF3	-0.137734636195749	0.668909852599485	0.909475976071859
DSP	0.0953766644119227	0.723440178989979	0.929884686930885
RPA2	0.412468260379189	0.277502110590915	0.73703346487028
CD44	-0.390288505355301	0.10352159984493	0.588924032163919
NQO2	-0.10324663558243	0.660027628936309	0.905333607728965
CBR1	0.0924934273552367	0.584507942948559	0.876342221226867
PPP3CB	-0.924403087515365	0.11262844635502	0.594508973506666
NCK1	-0.379434994466571	0.129555588448668	0.617951685078039
GCFC2	0.576466370070801	0.301857830198864	0.748970066800459
H1-5	-0.641768261090618	0.199823956564441	0.697677571306588
FAH	-0.0366066371405864	0.898898174023914	0.977525201066195
STMN1	-0.399016340004941	0.109042094826284	0.593766348414021
YBX3	0.186041905663348	0.299858573811536	0.74807889916966
HSPA6	-0.429326197782864	0.097816062408814	0.580048543599151
HMGA1	-0.317886336765792	0.327052463450856	0.759339473501041
GOT1	0.0745608063492078	0.632083007675641	0.89761086679778
PRKCA	-0.0993281697941626	0.68745275205319	0.913954525851061
NPR3	2.10205315026703	0.0796588510538112	0.565819564228604
JUND	-0.237663544954273	0.311747062262326	0.755750453969275
PRKACA	0.0341611323073074	0.880221402799343	0.97319591644326
CAPN2	-0.155451759489111	0.460712783150205	0.826229552628048
PTPN2	-1.4641958783231	0.098155878206107	0.580048543599151
AMD1	0.253171875556493	0.312518026664135	0.756538956955672
CTPS1	0.255087694491955	0.170060568424906	0.672421332123959
DDX5	-0.840552762389894	0.0273414907975755	0.481682768201068
PFKL	0.13677260835475	0.597639017560828	0.881944542000306
LGALS3	0.352340035058948	0.164435469005073	0.663511541599417
PSMC3	0.222436827709888	0.386025792616634	0.782663977353917
TCP1	-0.20928746531504	0.426745661292437	0.806426440238111
ERCC2	-0.708784917275828	0.171576500507231	0.672957067311394
RPL35A	0.333619625261534	0.131640963085159	0.619486885106631
ARF4	-0.28603516441828	0.223022589225028	0.712612012887322
RPL7	0.225956019297723	0.291214846418001	0.743793731260107
VCL	0.221572254834154	0.336885599799911	0.763599245697563
NAT1	0.00190121567069212	0.994964942513392	0.999470462603355
NELFE	0.241384785877752	0.292978945569128	0.744587375479551
RPL17	0.381131199424512	0.137049591657615	0.626387298904916
PGAM1	1.19178053348081	0.0688143722010496	0.552567601428285
RCC1	-0.333204770187802	0.335992343437601	0.763599245697563
LIG1	-0.00691862488583794	0.970640676980555	0.994604195141919
PLCG1	-0.0220204652416065	0.937234729130713	0.984499349734391
NCL	0.368984607982149	0.127340549118798	0.617951685078039
HK1	-0.555319451905909	0.0151432176012094	0.416925385442594
POLR2C	0.443542346930801	0.138295722267504	0.626573622700543
POLR2E	-0.0185316756664804	0.919444399853486	0.979888151970988
TRIM21	0.0334989736436277	0.937682125222566	0.984499349734391
TFEB	0.363666524172132	0.37404913257715	0.779547651916649
EIF2AK2	0.392051821083225	0.0825032487248513	0.565819564228604
SRM	-0.547151688877651	0.058235292531801	0.552567601428285
CSNK2A2	0.0421303223580267	0.844081178699002	0.966586222916986
RXRA	-0.0720927286065596	0.782780444328657	0.949077014063212
NFKB1	0.277939088980066	0.223447878965715	0.712612012887322
TYMP	-2.51020312009099	0.00576859155528148	0.265456860703836
EIF2S2	-0.38535478148135	0.407751577854955	0.79477002463254
ANXA7	-0.48380794547872	0.0354485013757635	0.505374675497154
BTF3	0.301716083772416	0.37309457199322	0.779547651916649
RAB3A	-0.134491980138712	0.463097784931796	0.827018619223975
RAB4A	0.431103385342841	0.347609731394718	0.770525165098314
RAB5A	-0.194585152188338	0.381120681499797	0.779547651916649
PSMB1	-0.355375692859486	0.131544185779636	0.619486885106631
LMNB1	-0.526517091625365	0.258956064529625	0.732197992627403
BCL3	0.0873307930406	0.730344890307352	0.931024067003577
CAST	-0.37786099634048	0.0721996794734535	0.556104825581888
IMPDH1	0.6183012160961	0.0211051241484679	0.453720995529398
RASA1	0.224955785224225	0.833814202895582	0.966586222916986
PTMS	-0.111360467530467	0.628566094317363	0.89684554085447
GSTM3	0.131084631018751	0.553137456039559	0.87139148578027
ATP6V1B2	-0.451417070088528	0.0230671321125106	0.453720995529398
ATP6V1C1	-0.285611922511382	0.173924931102949	0.673394630481898
CSRP1	-0.429431927224975	0.117878701517036	0.60585701338365
FLNA	-0.21112192250299	0.437815535571518	0.814540531295847
NF1	0.121796569099029	0.767858061000495	0.943586929618818
ACO1	-1.57144517585138	0.000718800364914301	0.0709625477457692
TGM2	-0.0928269363926155	0.601763621664018	0.882118397128027
OSBP	-0.260968885020688	0.246953147260855	0.719869538991393
PCMT1	-0.245943400498355	0.262176851674326	0.73416846398283
FBL	0.887290915913113	0.443084682101186	0.818139302625371
GART	0.0193132971693473	0.951733551232951	0.989637244760978
PAICS	-0.0604834550677182	0.827415588448116	0.966586222916986
UBA1	-0.0851550992532069	0.761397859309565	0.941829957061916
NME2	-0.0389612780687472	0.848213128659096	0.967660258072887
HNRNPA2B1	-0.417067256862879	0.150820805193532	0.639424611880412
CBL	-2.00095255908011	0.000732765438679138	0.0709625477457692
PRKACB	0.132468882131153	0.462804723059347	0.827018619223975
XPA	-0.682080939686273	0.152849558863554	0.644496946733989
TCEA1	-0.0197143131376478	0.924043986454805	0.979888151970988
SFPQ	0.0815673736585261	0.879198755933175	0.97319591644326
TUBG1	0.177855604396289	0.744934786950457	0.936169961725469
PPIB	0.381599649791763	0.280647023477152	0.73703346487028
WARS1	-0.175631001884081	0.415203821034067	0.801232334245079
RPS3	0.0576710798916835	0.7598711066027	0.941206890709504
RPS6KB1	0.179358559033997	0.526918989947817	0.860813317936701
SP100	0.0947557645919517	0.718709638026105	0.928669757000024
AHCY	-0.285005141881918	0.191071259114682	0.689005436002903
CFL1	-0.236506890948775	0.684810892927088	0.913537763924193
EIF4B	0.156048775851133	0.36439925620023	0.778835212521883
F8A1	-0.0310394769709035	0.892583877019854	0.976140155495539
DGKA	-0.131690978930738	0.792848212767259	0.95382150888025
DTYMK	-0.358696560333016	0.149850182087634	0.637512913390164
RRM1	0.106651998148724	0.544073271063045	0.867576013905193
CHM	-0.134265089656239	0.546811467394459	0.868909653837199
EEF1B2	0.227749297297457	0.345726572883794	0.770525165098314
ACP1	-0.221183866511758	0.222002103223452	0.712264812434439
MYL9	-0.120078837028863	0.647085550833947	0.901641608642147
POLR2A	-0.338734606768217	0.213292964414739	0.707219667662893
CDK2	0.179474139447159	0.424287523966669	0.806426440238111
GRK2	0.0488591749265055	0.808609494608656	0.959757373576799
MCM3	-0.122100306182073	0.536468889969497	0.865500006614533
MPST	-0.166040701240433	0.458972065704301	0.82580750303702
RPS12	0.0880357446018429	0.705114440562408	0.921456371189511
YY1	-0.968680357986958	0.033075884557161	0.504940712781536
DNAJB1	0.0678019331120936	0.794571448543658	0.953980850234024
DNAJB2	-1.03671057162634	0.409233146799692	0.796392374522933
PSMA1	0.372280308736684	0.175331118193055	0.675038897294907
PSMA2	0.146159290563013	0.57516733201878	0.874273242800095
PSMA3	0.0293400796963397	0.86886829428313	0.972051073159306
PSMA4	0.297610045118812	0.269416454395609	0.73549892594647
S100P	0.824622872959754	0.0525001468953368	0.550428890526608
NFKBIA	-0.185742829714652	0.422545880925931	0.806426440238111
ITGA3	0.00225478173683058	0.997380260491998	0.999470462603355
MSN	0.502218875662397	0.598293589278894	0.881944542000306
DDX6	0.240734731062282	0.381719100590187	0.779547651916649
DNMT1	0.696673779900291	0.12896781747392	0.617951685078039
U2AF2	0.0985229620237611	0.735749636581678	0.932559974292751
RPL13	0.0962346713315547	0.725775691627882	0.931024067003577
S100A4	0.368672331149	0.111362794363164	0.594508973506666
HMGB2	-1.61200152262855	0.10420648726967	0.589418230727202
PTBP1	0.0162221734800738	0.949951262242749	0.988927413187468
TARS1	-0.491874397750443	0.111064130318977	0.594508973506666
VARS1	0.00767230331141633	0.96366831568944	0.993859518020391
EEF1G	0.484123051039838	0.0450916748831312	0.538331689696436
STOM	-0.579164103214222	0.0137766486107282	0.406972406284813
YWHAQ	-0.00735725949571986	0.97271727268272	0.994604195141919
MAPK3	-0.0870390311924822	0.711438281394274	0.92479437496677
MARK3	-1.49794437354668	0.132502812169611	0.619844936638437
ARNT	0.219282389394589	0.581799883413474	0.875802043911464
RPL10	0.082327724382715	0.714989215476259	0.926464898926984
RPA1	-0.163574924502722	0.425194212780341	0.806426440238111
APEX1	0.244334738099639	0.17729090152807	0.678580704802525
DCK	0.28434982096692	0.19916243341478	0.696689881146759
CAD	0.131900777128976	0.592315321002316	0.879493138207219
CALR	0.953484705819637	0.0448681555527085	0.538331689696436
MAP4	0.0626212079605644	0.748933124430178	0.936169961725469
CANX	0.397453412141346	0.677029472737394	0.909959262116001
PSMB8	-0.272338908716453	0.694814620449495	0.917444493453227
PSMB9	1.0109678156666	0.411754896754797	0.798344583802767
PSMA5	0.146172279777826	0.41146150269062	0.798196273010797
PSMB4	-0.132051298621096	0.453142920654485	0.82266349741657
PSMB5	-0.298213542942538	0.177428692360256	0.678580704802525
TMOD1	-0.385522679865307	0.0825170840664578	0.565819564228604
ITPRID2	1.10517379187727	0.034576443218254	0.505374675497154
POLD1	0.452132225272486	0.147179121675637	0.634214482161996
MAPK1	0.102193883996328	0.580077676218777	0.875802043911464
GCA	-0.117924662250012	0.567871487944538	0.872491607540926
ERCC5	0.307531988254745	0.573696490446904	0.874273242800095
LAP3	-0.199804880125591	0.321589887148687	0.758064751422134
GTF2E1	0.530388352097201	0.204170794511771	0.699206129368912
GTF2E2	-0.68194660840151	0.076939813794093	0.561782767385441
TPP2	-0.273149362173044	0.28159485098033	0.73703346487028
IMPA1	0.219740166877685	0.316998124166302	0.758064751422134
SHC1	-0.729728522219034	0.00537446273838539	0.265456860703836
MPG	-0.235150319228353	0.530345974154834	0.862808658218298
CRABP2	-0.284419826958082	0.286714420845538	0.742511659895552
TKT	-0.156226634983163	0.500400512645195	0.851745553438629
CASP1	-0.0887895431259267	0.839334726730455	0.966586222916986
RBMS1	0.240901680158814	0.497786505433483	0.851745553438629
PML	-0.0542874146447652	0.787085166716166	0.950903141186144
EEF1D	0.292104475748694	0.195383545023052	0.692479422642003
MARCKS	-0.0223782616097807	0.915511280433929	0.979888151970988
ERP29	1.36037765991311	0.0222485097865093	0.453720995529398
PRDX6	-0.024069464735085	0.923940251535977	0.979888151970988
BLVRB	-0.292448161984058	0.174073216035074	0.673394630481898
PRDX5	-0.294491740280126	0.241033400694483	0.719869538991393
DDT	0.226587134585436	0.256659952823105	0.727664581193394
GCHFR	-0.390465766275025	0.24132601523318	0.719869538991393
PRDX3	0.0256499631263374	0.967171813712402	0.994604195141919
RPL12	0.34642212705981	0.204251790508582	0.699206129368912
CMPK1	-0.116379146285048	0.578878656637178	0.875802043911464
PEBP1	-0.144457511239025	0.584739493258358	0.876342221226867
PDIA3	0.330189220172592	0.508998122317185	0.854668117334587
PPP2R1A	0.223352561460878	0.226985226430329	0.716343336040925
PPP2R1B	0.192498461470812	0.46823023932252	0.831204669902013
CDC27	0.0286173192934029	0.87175646732341	0.972418146302755
WEE1	0.610337600652556	0.0135997844069537	0.40688785867959
CDC25C	0.166967455203341	0.412250040265177	0.79888370098781
NMT1	0.591754260251413	0.0462730645241009	0.538331689696436
ADSS2	-0.179859922846671	0.269375159361485	0.73549892594647
ADSL	-0.19464276601645	0.325515207963354	0.759339473501041
CLIP1	-2.44189358761589	0.0915413693135274	0.574273896752283
SRI	-0.0145310371630742	0.967400098656392	0.994604195141919
GSTT1	-0.0930126069933586	0.867479624478385	0.972051073159306
SERPINB1	0.0438767867964458	0.835717043431577	0.966586222916986
SLC7A1	0.267418889988143	0.269834229746597	0.736093376921778
ALDH3A1	-0.515777395190575	0.0332837834631969	0.504940712781536
POLR2B	-0.308126617522326	0.401842966825563	0.791215686419515
GDI1	-0.132527798496593	0.518772146691816	0.858527563504093
MAT2A	0.136980729169466	0.568067905344581	0.872491607540926
PRKAR1B	0.0305971057407852	0.908069200940256	0.978636655990655
CPS1	0.108796436662828	0.640391207359008	0.901641608642147
RRM2	0.178599105972111	0.357671790257045	0.777915004814377
DNAJA1	0.49455740708693	0.0280963353448905	0.481682768201068
AKT1	0.460060918236199	0.236946356891987	0.719869538991393
AKT2	0.500894848923011	0.186090947430871	0.686365769015294
ATIC	-0.112283921445673	0.599455362356881	0.881944542000306
HNRNPH3	-1.00570195582495	0.120976241708528	0.609018562910238
HNRNPH1	-0.207124075220214	0.312892657021997	0.756538956955672
YWHAB	0.116305969977326	0.656609807246583	0.90329185281091
SFN	-0.146104917027717	0.566002320971468	0.872436224641228
STIP1	-0.429495751646975	0.085143277797385	0.565819564228604
S100A11	1.35036089766525	0.0586090248648489	0.552567601428285
L1CAM	-0.0677481194827081	0.7590231965896	0.941206890709504
INPP5B	-1.75754951137802	0.111055149530499	0.594508973506666
PRDX2	-0.174314799382397	0.60671253713035	0.88513810826063
DCTD	0.222186792094824	0.323100113713775	0.758064751422134
HPD	0.323312462030906	0.163731226132174	0.662850288411883
CTH	-0.346126301942419	0.172021934516504	0.672957067311394
RPL9	0.381449886489015	0.0592991635235106	0.552567601428285
ACSL1	-0.117699320968971	0.448602908995451	0.820828356383617
KIF5B	-0.0769836465485518	0.729883304136269	0.931024067003577
CSTF2	-2.04128763715599	0.0199200194821957	0.449728047205401
DUT	-0.0253912949438764	0.918555150771268	0.979888151970988
CKS2	1.74613732378718	0.173341617926661	0.673394630481898
TTK	0.479796206261501	0.132592901192393	0.619844936638437
MCM4	0.176134328707708	0.526217207853313	0.860813317936701
MCM5	0.32105511031417	0.129238151052346	0.617951685078039
MCM7	-0.0375511651690132	0.848792205009781	0.967753549982409
SHMT1	0.0404913130075322	0.833588282736152	0.966586222916986
HSPA1L	-0.0351806221794817	0.872670590972066	0.972418146302755
HSPA4	-0.191443440546465	0.217010744246024	0.707351230137615
MPI	0.105799483298085	0.68597310152102	0.913820731730641
GPC1	1.94092416677756	1.32005124153575e-06	0.000809631428141926
PFN2	-0.12129399258145	0.574817305966314	0.874273242800095
CTNNA1	0.201916047824678	0.370678133703783	0.779547651916649
CTNNB1	0.0864719528701983	0.754878394827264	0.939802649806621
SERPINB6	-0.172932512063589	0.420350444710606	0.805279166711595
RDX	-0.6781359418008	0.0775302726949199	0.564223851584224
RPA3	0.0180242600719218	0.930822985840475	0.981779474890498
RFC4	-0.0140447434918265	0.948725339377322	0.988927413187468
RFC2	0.312309220359079	0.278317771160484	0.73703346487028
RPL22	0.233603080946221	0.284889698738193	0.742511659895552
GTF2F1	0.0206071662501834	0.928267453771223	0.981718650621144
SPR	0.177167347846247	0.40368350113069	0.792718934984492
CBS	-0.379213263550746	0.0907137646718144	0.574273896752283
AGL	-0.03320398167223	0.884872037431393	0.974189105647376
MYH9	0.127145555973641	0.617099046657364	0.891257649803415
COPB2	0.181739275386136	0.450407635030657	0.821357828004369
ADD1	0.0315228682373956	0.912068082931724	0.978636655990655
BSG	-0.369552962867154	0.112218063082946	0.594508973506666
FUS	-0.030593114355181	0.872161161114674	0.972418146302755
NUP214	-0.112593594857294	0.606869324944329	0.88513810826063
DEK	-0.508648433679561	0.0895863774477511	0.574273896752283
GLRX	0.728446243382507	0.0362484302591081	0.505374675497154
CHKA	-0.207624266202554	0.426891797958472	0.806426440238111
PPM1A	0.673784884550745	0.28400118008274	0.741222938088286
PSMC2	-0.190122190422354	0.400815984402217	0.791160368716676
ARL2	0.136529046586837	0.621586942117151	0.89527982269711
ARL3	0.164551307226347	0.506781760220234	0.854668117334587
TRIM23	5.19701826183263	1.68505532351058e-09	6.20100359051895e-06
MAP2K2	-0.812418702925996	0.0241740204021357	0.456207154255688
ATP6V1E1	-0.273463420183621	0.299399208030832	0.74807889916966
RPL4	0.405265531257271	0.147105551274407	0.634214482161996
NUDT1	-0.193229747376925	0.231260974008514	0.719391702748378
PGM1	0.250734231247865	0.183978147693662	0.685384808069848
PPP1CC	-0.154863701694634	0.380507246814828	0.779547651916649
GNL1	-0.0383766715011618	0.854424754477589	0.968840160681248
SERPINB5	0.055443948704486	0.820733410414633	0.963289394742228
SRP14	0.531272500262496	0.0500425993082311	0.538331689696436
NUP62	-0.38395882296297	0.104766726616777	0.58951307943385
HPCAL1	-0.0800439628482756	0.778765798115463	0.946765159255006
FDFT1	0.48990107580925	0.539044573572911	0.865936198209263
TAGLN2	-0.0656063071588306	0.720792930357125	0.928835481913204
TALDO1	0.233778012838467	0.220701338111492	0.711971635789724
SNCA	0.0600392716771943	0.895475277996611	0.977268393543157
ETFB	-0.0582662849025724	0.809313471117845	0.959804567745301
ATP6V1A	-0.274814398154227	0.27469811928051	0.73703346487028
HSPA9	-0.224885936739568	0.561747777011033	0.87139148578027
EIF4A3	0.2241359897357	0.430107137645684	0.80796031982446
IGHMBP2	0.462031900591242	0.0621955080183485	0.552567601428285
RPS19	0.163802702161316	0.334433365044446	0.763599245697563
RPL3	0.251761039553248	0.196909985602969	0.695044427936444
FEN1	0.033253701035985	0.884242775200527	0.974189105647376
CAPG	0.0475024270826481	0.80626618076046	0.958485161231537
CAP2	-0.377087696804242	0.120350772029595	0.609018562910238
TXLNA	0.455834455351564	0.0854075109795364	0.565819564228604
CCT6A	0.393048308243316	0.101623607264709	0.583424141550902
NNMT	-0.147345092030424	0.632176993274747	0.89761086679778
PSMB10	1.70150807618911	0.0865308940371753	0.565819564228604
RPL13A	7.86865952791461	1.2855719632747e-05	0.00473090482485091
ARL1	0.325366696363396	0.335396800043135	0.763599245697563
MLH1	0.447993430700869	0.147680690321578	0.63443995945705
STAT3	-0.107049875765142	0.630256936082614	0.89684554085447
USP8	-0.0468216951475071	0.836389897469906	0.966586222916986
PEX19	-0.194643466651431	0.329326926142849	0.761258221234727
MDH1	0.352768253892172	0.140084161408549	0.627140771269414
RFC5	0.0506693303035632	0.834411875866487	0.966586222916986
RFC3	-0.0156049147651274	0.948540576961835	0.988927413187468
EIF2S3	-0.238974665468536	0.346854725898006	0.770525165098314
ETV3	0.282165550203864	0.56603702690779	0.872436224641228
CETN2	0.488027418243231	0.40059962688318	0.791160368716676
EIF2D	0.0811696688098458	0.752937502719464	0.938920217176117
NAA10	-0.0918530303935512	0.831886024314951	0.966586222916986
CSK	-0.591317828009515	0.0712153324352543	0.556104825581888
GARS1	0.0921188688450698	0.70764852300033	0.921897250469917
IARS1	-0.144684318632361	0.495774707002726	0.851745553438629
PRKCI	0.117518078537302	0.556034787287407	0.87139148578027
TMPO	-0.0133644398843522	0.956946930215344	0.990760107653037
STAT1	0.329057446288509	0.0623641436219997	0.552567601428285
STAT6	0.00836351566337257	0.973041312272417	0.994604195141919
MTREX	0.22767935654884	0.332711379128295	0.763046333740088
AKR1C3	0.357634764560309	0.295445603331166	0.74711295568243
PIK3CA	-1.90930844741941	0.000116527844656931	0.0194919303789776
MTOR	0.216145522084524	0.274883717097386	0.73703346487028
EPS15	0.293753975869848	0.493295946545204	0.851745553438629
CASP3	0.0755728744131687	0.796082276188369	0.954261490675309
CASP2	-0.237596305543669	0.562586646487285	0.87139148578027
RPS27	0.128618331402588	0.581747617308406	0.875802043911464
ABL2	0.250953767699109	0.453796262993152	0.82266349741657
RPL35	1.14246422414961	0.202238434072871	0.698557390423589
CDKN2A	-0.133748243859117	0.527187675784583	0.860813317936701
CDKN2C	-2.06052035356308	0.0802406472717482	0.565819564228604
PRCP	0.687586467620754	0.0135808858038253	0.40688785867959
HTT	0.755252378482911	0.238261098102203	0.719869538991393
MTHFR	-0.242576332099173	0.239725256370114	0.719869538991393
PAFAH1B1	-0.0554243725165335	0.729614938723577	0.931024067003577
MCAM	-0.266582379911483	0.234063221627447	0.719869538991393
MATR3	-0.150346700759233	0.600952353387669	0.882118397128027
MSH2	-0.233346095767676	0.416949858027573	0.80255651867314
MAGEA1	-0.126662377735002	0.772439668491962	0.944452864169775
MAGEA12	-0.96610575770362	0.0321672369901248	0.504940712781536
RANBP1	-0.224303302116198	0.41940962360071	0.805126455321133
NAMPT	-0.190586660810265	0.310627482711859	0.75452748275884
PSMC4	0.137548903920212	0.474893138745764	0.83697641311514
CBX5	-0.484241181038257	0.143745746993748	0.629743272544038
USP5	-0.25615773540305	0.21548293593406	0.707219667662893
MAPK8	-0.567538041171392	0.0157319717221771	0.416925385442594
MAPK9	0.710169533622174	0.210974730293806	0.70499159575141
PHKA2	0.0188493997745454	0.940062870508114	0.985469813007498
PHKA1	-1.51658505593664	0.0350063085172367	0.505374675497154
RANGAP1	0.119539962147154	0.641241875733805	0.901641608642147
RECQL	0.156818827586171	0.487867617300614	0.849463486094324
NOP2	0.119776368615518	0.844572118451602	0.966586222916986
CRK	-0.262085493434416	0.211497478725423	0.70499159575141
CRKL	-0.609980444489729	0.0324417340180147	0.504940712781536
BAG6	-0.0675731074237085	0.802052784894907	0.956937804106015
MAP2K3	0.952981106703927	0.148213638831119	0.63443995945705
RPL27A	-0.0381918072797234	0.907430543157833	0.978636655990655
RPL5	-0.065695163126005	0.782428304482856	0.949077014063212
RPL21	-0.23346276206226	0.602795632353639	0.882478092646949
RPL28	-0.246151828686457	0.661951995166055	0.906243802905909
RPS9	0.170430012372705	0.396032738510527	0.788394452175804
RPS5	1.39680571275603	0.348162750652934	0.770525165098314
RPS10	2.26169005390884	0.000446095033495563	0.0497463552504143
GNPDA1	0.190888614871803	0.323500608015462	0.758268941080827
NEDD4	-0.335822826529309	0.469748005654702	0.833095258221351
YAP1	0.0874500717955335	0.734382592520827	0.932559974292751
IQGAP1	-0.214348373435698	0.334646702291041	0.763599245697563
GYG1	-0.0148791916548987	0.960583557061738	0.99177238444666
RABIF	-0.742274201500909	0.182738282759112	0.685384808069848
PLA2G4A	-0.856767215978472	0.0632063593886881	0.552567601428285
CAPZA2	-0.128104405306082	0.579197894075097	0.875802043911464
CAPZB	0.003388903637628	0.991648803122752	0.999470462603355
QARS1	-0.203364036308415	0.340351986506756	0.7669903921279
RPL29	0.264010863968231	0.490813564649266	0.851576576100565
LIMS1	0.0754111426153834	0.860102202577511	0.970317628904121
PREP	0.0493941152107666	0.797696953795134	0.954981096661922
ME1	-0.0324697874797337	0.839238897920706	0.966586222916986
IREB2	-0.260062696260455	0.297028590880998	0.74807889916966
PIP4K2A	0.102979003788043	0.60983514908776	0.88513810826063
SOX9	-0.221750119276347	0.426718107898772	0.806426440238111
ARCN1	0.450551607447778	0.0228115825327123	0.453720995529398
GCLC	-0.364275272708298	0.156083250758871	0.648291605860775
GCLM	-0.00692994650566092	0.966527872294524	0.994604195141919
PSMD8	0.286008093679747	0.218639781326127	0.709368402445491
PRRC2A	0.287211074310594	0.083621306178292	0.565819564228604
GSS	-1.41534562587026	0.00862542732926236	0.327510918844324
CCT5	0.181553045069158	0.410672332493699	0.797629639539054
CSNK1A1	-0.39095548602592	0.141502867424595	0.62853801996988
CSNK1D	0.496211440154806	0.0858242580119184	0.565819564228604
PITPNB	0.230548844199237	0.641934080577356	0.901641608642147
ADGRE5	-1.4377456880055	0.131152111901512	0.619486885106631
POLD2	-0.166816965262779	0.42489712611608	0.806426440238111
MARCKSL1	-0.0660461378568797	0.787858117671788	0.950903141186144
PXN	0.26854119139756	0.428194908756866	0.806426440238111
MAPKAPK2	0.962883199286971	0.331465392984004	0.763046333740088
ALDH9A1	-0.195090429019714	0.391380625700639	0.785070216038012
RPL34	0.668597000837963	0.273323925981924	0.73703346487028
RPIA	-0.247178647852319	0.245085763597172	0.719869538991393
LMAN1	-0.714439212904299	0.225034130153676	0.716343336040925
NASP	-0.253645586698681	0.534496677449709	0.86489507078153
FASN	-0.135709821874631	0.614561639134268	0.88854947915195
FNTA	0.118085013337982	0.560436153896831	0.87139148578027
FNTB	-0.374274666413292	0.119455135086743	0.609018562910238
DHPS	0.035848342528098	0.844383225273077	0.966586222916986
CCT3	-0.0057425636177193	0.976558609727684	0.996520910659497
ALDH7A1	-0.22093086785079	0.213027823864071	0.707219667662893
CDC34	-0.392772854486637	0.0508881978548819	0.541296479556034
INPP1	-0.345884982783971	0.179051828183746	0.679129970334667
SRP9	-0.0980908621165035	0.5894411507456	0.879103479993473
PCYT1A	0.121774081238623	0.493331072135902	0.851745553438629
AARS1	-0.153928725716035	0.443790743180329	0.818621521254943
CARS1	-0.0268702208091582	0.920782922026512	0.979888151970988
SARS1	-0.103710903595474	0.769330183279448	0.943586929618818
PPM1F	0.0983779513118357	0.614219854003421	0.888494128432622
PRIM1	0.0854407735593625	0.782947291075984	0.949077014063212
PRIM2	-0.0532588467554937	0.746485894595915	0.936169961725469
CSNK1E	-0.961791905214596	0.134245167774544	0.623608389175868
PSMB3	0.0648582569686162	0.821937146600706	0.963289394742228
PSMB2	0.128731555714523	0.50936934986019	0.854668117334587
MCM2	0.0630875346908297	0.755168316827646	0.939802649806621
TMED10	0.562136572305331	0.063622855496539	0.552567601428285
EIF2B2	0.0705095424676649	0.758743880379123	0.941206890709504
HINT1	-0.0131442023322883	0.938326045218431	0.984894422819118
RANBP2	0.861626082905538	0.172281538638119	0.672957067311394
TSC2	0.321616387886753	0.171834679157925	0.672957067311394
GSK3A	0.0494513661249165	0.759461792723794	0.941206890709504
GSK3B	-1.02994091547309	0.0362079441534139	0.505374675497154
NT5C2	-0.0113633446503414	0.945553669706605	0.987162463492617
SEPHS1	-0.235069586700067	0.391719638412829	0.785070216038012
MTHFS	-0.442258916957432	0.347246401921362	0.770525165098314
GMPS	-0.129092808306112	0.590517594281518	0.879103479993473
LIG4	-0.169150616407258	0.610972151245908	0.88513810826063
CDKN1C	0.150448772812389	0.767279494691844	0.943586929618818
MRE11	0.254643603085576	0.317256290162041	0.758064751422134
SULT1A1	-0.0922303204162489	0.847630335816146	0.967660258072887
GDI2	0.0447388129941046	0.832166400335368	0.966586222916986
SERPINB8	-0.122784947183568	0.777654692695192	0.946765159255006
SERPINH1	0.210104764137142	0.720409663320044	0.928835481913204
ST13	-0.422236629998245	0.0652202162877213	0.552567601428285
PEX5	-0.956093750924708	0.259054833261109	0.732197992627403
ERF	0.684419760644527	0.063043628418164	0.552567601428285
VASP	0.0911374589149219	0.713779782767284	0.92587578448488
DNM2	-0.44575830893811	0.074653106428537	0.556104825581888
METAP2	-0.163401513535593	0.484854740314768	0.846425732617811
NUDT2	-0.0583384221796734	0.831971124944893	0.966586222916986
CDK7	-0.23301585686356	0.40701612286077	0.794599115187074
KNTC1	0.288733621299492	0.184833383735432	0.686316254454127
CDK9	0.88785654266481	0.177679256435325	0.678580704802525
LRBA	-0.375090874586469	0.057236446978508	0.552567601428285
RPL14	0.126758604607257	0.657362245979758	0.903464489108837
CCT8	0.457546494179027	0.0943068071954859	0.578699504130471
CCT4	0.0878853539810436	0.590911556403814	0.879103479993473
ANXA11	-0.0524076497705508	0.736864418666708	0.932559974292751
PAPOLA	0.98124635137518	0.0824273597147256	0.565819564228604
FXR1	-0.0848996561733095	0.788221128751301	0.950903141186144
RAB5C	-0.147749545870358	0.388166549829181	0.783870429726875
RAB7A	-0.219699156464905	0.24996872996259	0.723748958506948
RAB9A	0.0789842898191111	0.669508039318359	0.909475976071859
RAB13	0.397145202965994	0.632653248513106	0.89761086679778
RAB28	0.288671889889105	0.300348788410444	0.74807889916966
DAP	-0.105335884620573	0.7022687024671	0.920680023184514
DUSP3	0.120817889759955	0.594316603182208	0.879760699803108
GALK1	0.0146151305648097	0.923626177695056	0.979888151970988
TPMT	-0.375211178790103	0.460028636202688	0.82580750303702
HCFC1	-0.109729978346301	0.650767557645689	0.901641608642147
IRAK1	-0.210181318901178	0.478938199704152	0.841539164249567
PSMD7	0.343346576016152	0.176553322328283	0.678580704802525
STAT5B	-0.0931901349832316	0.693626978110823	0.917419789845604
USP11	-0.469627604636383	0.369676924488667	0.779547651916649
RPS6KA3	-0.16915741981451	0.350838062025885	0.771502617705789
HDGF	0.0367914522519328	0.857316478023566	0.970016229672889
HNRNPA3	-0.637047309701508	0.0358768236222225	0.505374675497154
PGD	-0.130891020555467	0.568808368509543	0.872601523987288
HNRNPM	0.229755217251011	0.247809236840132	0.719869538991393
KPNA2	0.231350538772592	0.260877544451369	0.7335055137719
RAP1GDS1	-0.130635817909805	0.545619228736222	0.868909653837199
POLR2H	-0.225476659658788	0.320270216616053	0.758064751422134
POLR2J	-0.419268811629038	0.0684052866523644	0.552567601428285
MAP2K6	-0.577710679932419	0.0405808150650963	0.524818409901258
ARHGDIA	0.170368320216305	0.435101650183402	0.812253764534049
SLC7A2	-0.321879867548414	0.827858618292802	0.966586222916986
AGFG1	0.279061712969963	0.360759822314532	0.778353142692269
HNRNPF	0.21381677943053	0.368771172483729	0.779547651916649
STAT2	0.159172364510368	0.420836803680808	0.805345521344448
GTF2A1	0.113984541491995	0.567300257974436	0.872436224641228
MSH6	-0.0933268181336615	0.586431914362435	0.877620758378918
KIF11	0.327297328580244	0.1336909304368	0.622762815199269
VAV2	-0.0528620795912857	0.74362287427556	0.936120128270558
RIDA	-0.249733380092938	0.376632893932333	0.779547651916649
SMS	-0.0662828757765297	0.840141382312563	0.966586222916986
HK2	-0.167707244432659	0.537506621324206	0.865936198209263
THOP1	-0.358141370610753	0.267984185296696	0.734312585176351
AKR1C2	0.229760357427033	0.349689131712398	0.770707869775462
CAPZA1	0.0456255902986484	0.841862558357611	0.966586222916986
CRIP2	-0.0900314250451153	0.710993237105724	0.924542442596842
NUP98	0.0850244171549051	0.728123361184393	0.931024067003577
BLVRA	-0.223160857947875	0.302495802591134	0.749326525930055
PPP5C	-0.368430274265375	0.0951798629476956	0.579092626028489
PLK1	0.153904620703727	0.752453040993186	0.938653285035568
ARFIP2	-0.263824311631922	0.241597239222538	0.719869538991393
ARFIP1	-0.148014586492362	0.365757876434441	0.778835212521883
NUBP1	-0.632492498551294	0.368537719834523	0.779547651916649
ACLY	-0.401032086580024	0.0550179467201303	0.552567601428285
METAP1	-0.12452073984721	0.664929525022028	0.90816695789392
MVD	0.561484581558506	0.338086749687805	0.764695291242239
PGGT1B	0.197867904451897	0.572828802181133	0.874273242800095
RABGGTB	-0.242695728256002	0.357310235831228	0.77758821280835
COPB1	-0.203863794452904	0.397121919424479	0.789523859255583
COPA	0.167215423374124	0.509047516476894	0.854668117334587
CTSC	0.729475135678751	0.114557424699725	0.598877644391169
LIMK1	-1.22056785514053	0.029856988508551	0.496644014132617
AP2S1	0.352610344721285	0.523225723710838	0.8603532901054
RCAN1	-0.808381779627272	0.0564847190391282	0.552567601428285
PLAAT3	0.0329519813585861	0.92496996761258	0.979888151970988
SLC16A1	-0.154282415266682	0.695815866023325	0.917449798267945
IST1	0.0372127529807607	0.87938931334076	0.97319591644326
SEC24C	-0.156200411804612	0.53491879921162	0.86489507078153
SUB1	-0.166736700019189	0.390738243604046	0.785070216038012
CLNS1A	-0.150642331475371	0.398728036240876	0.791160368716676
RARS1	0.142685402850539	0.529371072195324	0.86198475472513
ATXN3	-0.284979880920805	0.120363095560847	0.609018562910238
ATN1	-0.00701838577371916	0.980439143667433	0.996689516214407
YARS1	-0.243219067161789	0.254238729466931	0.727664581193394
USP14	-0.254613101171294	0.164276104131643	0.663511541599417
PRKAG1	-0.323547133801064	0.195510862149597	0.692479422642003
PRKAA2	0.418265705733937	0.192865646367293	0.689005436002903
HSPA2	0.707472225154937	0.00895046721007901	0.333227925083319
ATP1B3	-0.346129352528756	0.333566168144904	0.763502231094041
RAD23A	-0.0381968902150618	0.867881289978578	0.972051073159306
RAD23B	-0.519459248816446	0.0689984595289326	0.552567601428285
PDE1A	-0.2457495207614	0.565337766463981	0.872436224641228
AK2	0.182104788431772	0.37484570068375	0.779547651916649
NAPA	0.0606074143217512	0.793836963286411	0.953980850234024
EIF5	-0.238761416677583	0.253715127952678	0.727664581193394
PSMD4	-0.170696968787798	0.386259696857655	0.782663977353917
DRG2	0.0964800030682227	0.769687878825083	0.943586929618818
CSE1L	0.144027226844951	0.736563461894741	0.932559974292751
VCP	0.0716086181921156	0.637558259403169	0.901247041968289
MFAP1	-0.28218147336451	0.560931015044066	0.87139148578027
NAP1L1	-0.581902126474333	0.012225149189046	0.39149013374962
CASP7	0.210680025879061	0.496317985332977	0.851745553438629
CASP9	-0.335901845432449	0.23525514258007	0.719869538991393
CASP6	-0.343132213446648	0.305723194213137	0.751527659666961
ADK	0.19454951666593	0.378732097353677	0.779547651916649
ADAR	0.684214519550469	0.128020112941334	0.617951685078039
CDKN2D	-0.50621002651463	0.106957190757592	0.59216445637777
TPD52	-0.220068548620219	0.447574556221716	0.820664856450381
SEC13	0.0663420715704746	0.676167354403337	0.909897615173014
SNU13	0.054477366408058	0.83512217151449	0.966586222916986
NPEPPS	-0.0513643057397566	0.833871126469832	0.966586222916986
EIF3B	0.0349032394213182	0.855527160997639	0.969018144804959
BID	-0.101062570272081	0.588719084759831	0.879103479993473
MARS1	0.173201765603395	0.419967152053665	0.805279166711595
ARPP19	-0.0663407658180191	0.725323513832035	0.931024067003577
HDAC4	0.384911185186251	0.0968670953442992	0.580048543599151
EIF6	-0.219849569686783	0.271205513464934	0.736760636729651
BCAR1	-0.0414711504219625	0.848280432756287	0.967660258072887
CFAP298	0.329613004596943	0.148213032728055	0.63443995945705
WDR4	-0.403528547965255	0.189854075301585	0.689005436002903
GEMIN4	0.2585745714103	0.179040919948765	0.679129970334667
NUP107	-0.0772743502528535	0.718143913573808	0.928590865056786
EEFSEC	0.257206469135411	0.245497123497508	0.719869538991393
SESN2	0.42842112259703	0.192358350657722	0.689005436002903
EPPK1	0.22296367388509	0.291082968121934	0.743793731260107
MTPN	-0.0430263822731902	0.841161475829086	0.966586222916986
ARPC4	-0.169929055751886	0.527902897269886	0.860937364782623
TPI1	-0.0327822211445863	0.916219574221292	0.979888151970988
EIF3E	0.336415057424585	0.138879229759469	0.627113178891896
PTEN	-0.0994470790958673	0.639329668297541	0.901641608642147
PPP4C	-0.39592460361634	0.254929118971421	0.727664581193394
GABARAPL2	0.975633927704447	0.0684193188777072	0.552567601428285
MYL6	0.0478446765061769	0.835710034696798	0.966586222916986
ACTB	-4.5594038352821	0.0719398616045687	0.556104825581888
EIF4A1	-0.00811217903267902	0.973952209696771	0.995042790584152
RPS20	0.245551358708422	0.238915345523888	0.719869538991393
PRPS1	-0.451863636349074	0.599100693480893	0.881944542000306
PSMA6	-0.250921327422652	0.343781848837794	0.770525165098314
S100A10	-0.0658123401683817	0.772328018531806	0.944452864169775
CDC42	0.597070451038164	0.0329342776033104	0.504940712781536
DSTN	-0.256095204466998	0.43526207164705	0.812253764534049
GMFB	-0.604458515862426	0.0277722750837151	0.481682768201068
RAB8A	0.268022576935124	0.357896865792853	0.777944752579857
SRP54	0.191519124286479	0.316073369721443	0.758064751422134
RAB2A	-0.0293779366392855	0.894697102187187	0.976998616038234
RAB5B	0.120153467112068	0.541559809865566	0.867249826068443
RAB10	-0.21324599681477	0.233384100675642	0.719869538991393
UBE2D2	-1.13074554150747	0.0649466458264584	0.552567601428285
UBE2M	0.251835806775631	0.298060069543886	0.74807889916966
UBE2K	0.483635050552635	0.286208057227195	0.742511659895552
UBE2N	-0.509860476768903	0.174387250774252	0.673394630481898
RAB14	-0.11656313216967	0.65766343865275	0.903464489108837
ACTR3	-0.87345683589713	0.101595854645248	0.583424141550902
ACTR2	-0.394826274451766	0.0258533912664362	0.470992474556858
ACTR1A	0.119022107066939	0.665250017174671	0.90816695789392
COPS2	0.383895274754206	0.132217693778612	0.619844936638437
ARF3	-0.368417410504456	0.104705625272626	0.58951307943385
ABCE1	0.217081828859872	0.229525834937684	0.717210396625878
RAP2B	-1.51215031557332	0.00582276089949738	0.265456860703836
RPS3A	-0.0094101214825848	0.973250743038703	0.994604195141919
RPL26	0.0900061126415679	0.785316934895066	0.95002180158246
PSME3	0.178330824111566	0.422187538521317	0.806426440238111
RPL15	0.160643825018841	0.783246437964667	0.949077014063212
MAGOH	-0.281007613990806	0.548782446475673	0.869762817153726
RPL27	0.26254738861725	0.127091168966664	0.617951685078039
PCBD1	-0.0251205314471932	0.942204321695916	0.986152418612335
RPL37A	-0.0396130323641017	0.869297865362766	0.972051073159306
NAA20	0.0600638167630869	0.796643189007705	0.954622903141763
HSPE1	0.103247733316348	0.699488326302034	0.919557862584
VBP1	-0.121319722733254	0.56398353329399	0.872408323884776
STXBP1	0.0200968094201706	0.905441466057057	0.978636655990655
COPZ1	0.26370374333262	0.106130072793623	0.59216445637777
SUMO2	1.45612222237722	0.35662318394795	0.777423035038725
UFM1	-0.101629335706981	0.720658650067374	0.928835481913204
DCAF7	-0.282844889505704	0.17715676638981	0.678580704802525
WDR5	0.0338348540434765	0.863461144541871	0.970895139783822
AP1S1	0.213628784033659	0.360038952645838	0.778353142692269
NUTF2	-0.272641186554161	0.378592660731174	0.779547651916649
HNRNPK	0.137543350123462	0.547456813645447	0.869300185220593
YWHAG	0.107292891322437	0.538608087804493	0.865936198209263
RPS7	0.554498529481119	0.0188914428900741	0.445644293817132
PPP1CA	-0.122949151994867	0.552240631332461	0.87139148578027
PPP1CB	-0.933883489724039	0.00999985493577657	0.35047110632055
NCS1	-0.290430283004895	0.486189193289211	0.847950820523364
PSMC1	-0.231692311928882	0.218355303024251	0.7092211077928
PSMC5	-0.15404241333156	0.431807439799693	0.80908929656969
RPS8	0.172276971477402	0.562614843387694	0.87139148578027
RPS15A	-0.132396375518049	0.51389439506284	0.857136194249352
RPS16	0.20095422605047	0.299447311401706	0.74807889916966
UBE2H	-0.201908355335959	0.252091373742596	0.727664581193394
YWHAE	-0.104699165752358	0.841798879487501	0.966586222916986
RPS14	-0.0309755267430276	0.859947555078137	0.970317628904121
RPS23	0.951684896482323	0.0273750345021964	0.481682768201068
RPS18	0.23192215005745	0.393425326282785	0.7864232486261
RPS13	0.33378133522438	0.377900218329832	0.779547651916649
RPS11	0.0501662797131495	0.851063352967203	0.967753549982409
SNRPE	0.262177345872598	0.293540607350368	0.744992719405653
SNRPF	-0.852760340122575	0.00896455559327408	0.333227925083319
LSM3	0.414837185959264	0.0377878150487627	0.51503392362758
LSM6	-0.0820685382404136	0.800580514781189	0.956937804106015
SNRPD1	0.14913466632073	0.406916764297566	0.794599115187074
SNRPD2	-0.27167427701389	0.380033762389238	0.779547651916649
SNRPD3	-0.08115723856233	0.723320601957878	0.929884686930885
TMSB4X	-0.394522620375348	0.128133057519487	0.617951685078039
ARF6	-0.240328115148689	0.336957023096839	0.763599245697563
PSMC6	0.0210266315586729	0.920303632215732	0.979888151970988
TBPL1	-0.447732288005014	0.106616401191994	0.59216445637777
RPL7A	-0.485735396257219	0.045016152046016	0.538331689696436
POLR2G	0.728563260187464	0.157597953039584	0.65017989594806
ETF1	0.277345542649687	0.265787882613483	0.734312585176351
YPEL5	0.424367401758065	0.399664621610211	0.791160368716676
RPS4X	0.071238742085697	0.844832593952137	0.966586222916986
PPP2CA	1.13105442599866	0.381638224401514	0.779547651916649
RPL23A	0.482404691571055	0.0215383718528832	0.453720995529398
RPS6	-0.0722582768736686	0.777936309957689	0.946765159255006
H4C1	-0.797766646846291	0.255221988120506	0.727664581193394
RAB1A	-0.138179121695799	0.533837050384389	0.864285237753872
RAN	-0.208658440175263	0.254160537074769	0.727664581193394
RPL23	0.225498782871561	0.428129177254746	0.806426440238111
RPS15	0.553183770092801	0.132722026453121	0.619844936638437
RPS24	0.621581588870907	0.0466040810889292	0.538331689696436
RPS25	0.349739846104292	0.0643709086481537	0.552567601428285
RPS26	0.216385318709236	0.276071072453443	0.73703346487028
RPS28	0.377834561271182	0.140866675530738	0.628166748181353
FAU	0.133520254073723	0.630351256665475	0.89684554085447
GNB1	0.828709280672413	0.344775776194833	0.770525165098314
POLR2L	-0.375062793450738	0.263724992685234	0.734312585176351
RBX1	-0.372629950682686	0.120823430611647	0.609018562910238
RPL30	0.0454923594775991	0.830403732597073	0.966586222916986
RPL39	-0.0011968788026735	0.996118220447058	0.999470462603355
RPL31	0.512073711208799	0.0910635308949812	0.574273896752283
RPL10A	0.128745893290727	0.600508043173871	0.882118397128027
RPL32	-0.172502418600708	0.627496457218081	0.89684554085447
RPL11	0.191937443822624	0.374065560146349	0.779547651916649
RPL8	0.34019829853861	0.18019485187527	0.680120056308712
PPIA	-0.114295977504561	0.68348814256691	0.913537763924193
FKBP1A	-0.148595895885364	0.373099961394253	0.779547651916649
GRB2	-1.2072944186661	0.000151671199035419	0.024267391845667
RAC1	-0.828841010952775	0.288986517535756	0.743665511606249
AP2B1	0.0145398191618327	0.936671903259884	0.984281154767668
GNAS	0.00528702356993804	0.984544946971188	0.998106172136081
PPP3R1	-0.644255696303652	0.0148365610925207	0.416925385442594
YWHAZ	-0.0216959693218222	0.891601718431077	0.976140155495539
UBE2B	-0.404730742149333	0.260438154255847	0.7335055137719
PPP2R2A	-0.11650610668395	0.555579875669765	0.87139148578027
SUMO1	-0.013730867732292	0.955948153694676	0.990760107653037
DYNLT1	0.731566577714748	0.016909654901803	0.423316530875069
RPL38	0.0509731670956661	0.843947744053368	0.966586222916986
SKP1	-0.616123540036284	0.0599357100109565	0.552567601428285
RPS21	-0.0108227622658568	0.945583609731379	0.987162463492617
EIF5A	0.0310628143057912	0.886869975052472	0.97423328602779
RACK1	0.195673242357216	0.391103303952623	0.785070216038012
ACTG2	4.10868484751749	0.063018804484393	0.552567601428285
SUPT4H1	-0.0311971421717736	0.878810005472207	0.97319591644326
UBE2I	0.0339596877829607	0.86989737410585	0.972051073159306
TMSB10	-0.0173859661690976	0.952453287173221	0.989841315108007
YBX1	-0.00670869910434035	0.972788865164967	0.994604195141919
TPM4	0.132088424605595	0.548829376985506	0.869762817153726
UBE2L3	0.256400089850604	0.348862038789188	0.770525165098314
EEF1A1	-0.0915153242472471	0.740380158154909	0.934682326590074
TUBA4A	-0.275842168080771	0.288531997601277	0.743555848160154
TUBB4B	-1.09253713306882	0.109713948963346	0.593766348414021
CSNK2A1	-0.642513558143477	0.0229050685453491	0.453720995529398
PAFAH1B2	0.0341054497673099	0.893792469528307	0.976658821644336
H3-3A	0.800788757473757	0.0420644633926239	0.530590855842616
IGBP1	0.325871003230436	0.267585470973627	0.734312585176351
PSPH	0.0905321753778665	0.660409935238169	0.905333607728965
EIF4G2	0.438896110258845	0.178564974129507	0.679129970334667
RPP38	-0.0580026470505146	0.85545662109246	0.969018144804959
RPP30	-0.0691379591730339	0.732145339370899	0.931728083736413
PIP4K2B	0.187017031148869	0.643553396997509	0.901641608642147
SRPK2	-0.0203317155503129	0.918640782127904	0.979888151970988
CCT2	0.268086004335295	0.271312220159404	0.736760636729651
RAE1	-0.092478574100511	0.59337686838581	0.879760699803108
GSTO1	-0.605947057014188	0.00919407511990021	0.338341964412328
PRKDC	-0.258015731104742	0.609375661164009	0.88513810826063
CRADD	-0.126270486201637	0.737923672229906	0.933324340260696
IFI35	0.150059900216547	0.716095188381691	0.927018101449143
BASP1	-0.890518318645384	0.296774106251986	0.74807889916966
GPSM2	-1.51606914949852	0.0447173032155352	0.538331689696436
HMGN5	-0.363683709088182	0.190006557353781	0.689005436002903
SARNP	0.158980190635695	0.68815329294397	0.914350648450724
COG7	0.57434283170916	0.55362321660932	0.87139148578027
RPL24	0.000643804261535763	0.998831814515294	0.999470462603355
ARF1	0.496200366713722	0.271242317324727	0.736760636729651
ARF5	0.00923071750577975	0.978888615607217	0.996689516214407
RHOG	0.0961180700493536	0.725860154300335	0.931024067003577
RPL19	-0.372293901167623	0.202353852769442	0.698557390423589
SRSF3	0.284402570011533	0.287826958493184	0.743140725724652
FOXK1	-0.0222460079314359	0.947267720012961	0.988640161556351
CCZ1	-1.47527487424941	0.0524655007191035	0.550428890526608
DAB2	0.0895452775371481	0.743808493223671	0.936120128270558
RBM3	0.281799397027548	0.291656074513134	0.743793731260107
CYCS	-0.0394820421129616	0.918289729609439	0.979888151970988
MPP1	0.295084446853728	0.585049585659939	0.876342221226867
PITPNA	-0.748205637219279	0.00573671303557421	0.265456860703836
HDLBP	0.369333505215419	0.105858577323063	0.59216445637777
GTF2B	0.46588773902711	0.0607493874704283	0.552567601428285
CDK6	0.177460307898571	0.326566057917991	0.759339473501041
CDK5	0.264005399516211	0.235704356368348	0.719869538991393
PURA	0.289676110973325	0.232814548957395	0.719869538991393
CLTC	-0.216657858019474	0.498415018086052	0.851745553438629
HSF1	-0.040626248076201	0.8497031904171	0.967753549982409
NFKB2	0.260758258806746	0.361598365442461	0.778353142692269
FKBP3	-0.169713234052914	0.495568339557829	0.851745553438629
REEP5	0.62552425251674	0.129635516543545	0.617951685078039
SORD	-0.152522540186574	0.551495293187202	0.87139148578027
HNRNPU	-0.297419006236179	0.247653285048174	0.719869538991393
SPTBN1	-0.264314037774017	0.306361387727495	0.751527659666961
TIAL1	-0.50133050623387	0.0487851528346232	0.538331689696436
SET	-0.329734545122061	0.155922928472031	0.648291605860775
SRSF2	-0.0823872384439142	0.685153322943144	0.913537763924193
GALK2	-0.115734263647493	0.667371804932491	0.909102923678092
AMPD2	0.0348593146055123	0.870091368202922	0.972051073159306
FABP5	0.233565308555811	0.362345586119398	0.778367832881634
CAP1	0.0297297573942465	0.918055309160094	0.979888151970988
HMGCS1	0.00662455337586465	0.977280545025403	0.996520910659497
IFITM3	-0.528083213897123	0.128699473734757	0.617951685078039
SLC7A5	-0.366940379644014	0.119389185532768	0.609018562910238
DR1	0.78884776020459	0.0123404498681946	0.39149013374962
EXOSC10	0.00588405346471887	0.988174840212555	0.999470462603355
OTUD4	0.0478766671237523	0.882729641591058	0.973462715329665
PFKP	-0.319118716550506	0.112762843344471	0.594508973506666
EWSR1	-0.153885085321498	0.575467129457492	0.874273242800095
OCRL	-0.253807548459786	0.511556569551918	0.85565826281845
PLCB3	-1.78335527418925	0.0248270214331247	0.461431509464137
TAGLN	0.563463498079052	0.137873291335049	0.626387298904916
COL7A1	-0.180727877795277	0.580740625507694	0.875802043911464
RPL18A	0.0193906102079566	0.910492982162769	0.978636655990655
MAP2K1	0.519465097358434	0.141591852868215	0.62853801996988
FKBP4	0.0499129972725534	0.76358870621201	0.943023452277955
RASSF7	0.682970948400847	0.139544919658572	0.627113178891896
RPL6	0.13969484422168	0.64791881469609	0.901641608642147
AKAP12	-0.390022768260835	0.0927521426564003	0.575076736700883
DST	0.472433922435727	0.0724950861591822	0.556104825581888
GSTM4	0.131381429356772	0.673934734782867	0.909897615173014
ACY1	-0.352800118210244	0.143014802176443	0.62888630156278
TNFAIP2	-0.189324105097782	0.374315011948264	0.779547651916649
MVK	0.0338654471918431	0.888301278991984	0.974932510196988
RELA	-0.0393140230344002	0.802423046324978	0.956937804106015
UBXN1	-0.293423520626096	0.447508486466532	0.820664856450381
GBE1	-0.393686950357289	0.1372019472898	0.626387298904916
EIF4G1	0.149173577177912	0.50324957798208	0.853830542634419
KRT17	0.315412098153715	0.0931374280091647	0.575076736700883
TLE3	-0.106689423331201	0.587665691157038	0.878038872699106
GLO1	-0.333557759599273	0.189163867239785	0.689005436002903
REL	-0.448373222545932	0.642564419636538	0.901641608642147
YWHAH	-0.0362849622962216	0.876598834642684	0.972827360110598
PLP2	-0.2255852890545	0.452676393961748	0.82266349741657
CSTF1	-0.309758982752641	0.332796023275228	0.763046333740088
UBE3A	2.17283084504815	0.0501528859550331	0.538331689696436
DNM1	2.60089128431791	0.00025499971724946	0.0335142485527861
PTPN12	0.121787056892934	0.559990139846077	0.87139148578027
PTK2	-0.373440283598615	0.286118706865857	0.742511659895552
PRKCZ	-0.486659946880422	0.0865174426664327	0.565819564228604
EEF1A2	-0.240843423386945	0.290404872658036	0.743793731260107
PRKCD	0.0586319225753407	0.734110111584353	0.932559974292751
CALD1	-0.23332426182894	0.275422924684096	0.73703346487028
FPGS	-0.332698783618433	0.221868822510511	0.712264812434439
PTPN11	-0.532755400466367	0.0212831368990368	0.453720995529398
PPAT	-0.304031251726208	0.124661433140418	0.61412861306123
GFPT1	0.0127744190496841	0.940341748684165	0.985469813007498
EXOSC9	-0.25608100855235	0.48108709022291	0.84238738229044
PSME1	0.159188835903088	0.446067082528789	0.82035325522536
GABPA	-0.000358959384289648	0.998651790971434	0.999470462603355
PRDX1	-0.334788671608209	0.10700797920957	0.59216445637777
RPL18	0.212990531918919	0.347869523720583	0.770525165098314
C1QBP	-0.12028235952495	0.82749467412604	0.966586222916986
TJP1	0.0979944717117007	0.738775574250969	0.933867487126453
BAX	0.0964408191094535	0.76057432299103	0.941760938293066
POLE	-0.00338886884482292	0.992951188444326	0.999470462603355
KLC1	0.108469630899354	0.619189482680755	0.893225125936957
SRSF1	0.0911752028236776	0.814210797400711	0.960659100492022
ARHGAP1	0.0437674742983774	0.778747950740784	0.946765159255006
TLE5	0.0295604692039504	0.941284345848195	0.985469813007498
PPP3CA	-0.194293547249831	0.305220881182707	0.751527659666961
DHX9	-0.381207063648596	0.65049079745045	0.901641608642147
CRYZ	0.0823075066718317	0.650462957782564	0.901641608642147
GOLGA3	0.183975087559922	0.32021305314134	0.758064751422134
GOLGA2	-0.325902539212962	0.278804023482586	0.73703346487028
PDE4D	-0.0746771953637833	0.869563366974115	0.972051073159306
PUDP	-0.22720103273226	0.453399660376781	0.82266349741657
PPID	-0.818248712321189	0.00279887824573658	0.215791723733624
SSRP1	-0.395277992747658	0.753177304647798	0.938920217176117
CAMSAP2	0.32289071120622	0.329191847502769	0.761258221234727
VAC14	0.61416032848771	0.383228555984068	0.781752264978586
NSUN2	-0.254993902918081	0.160573314429604	0.659324186679054
RBBP4	-0.771492574489255	0.115253357741743	0.601606179417892
NCBP1	0.0906801820369942	0.694042728540736	0.917419789845604
AHNAK	-0.462341362361954	0.111694361990728	0.594508973506666
ELP6	-0.418805977313266	0.0903266007442248	0.574273896752283
HSPA14	0.164073486259237	0.48430577381653	0.846425732617811
SCRN3	0.203985032363779	0.274329478903784	0.73703346487028
GALNT2	-0.397121570483748	0.517555997115191	0.858527563504093
AP1B1	0.188125311552046	0.409533622404484	0.7965558829009
CPSF1	-0.231316995215288	0.867672627022195	0.972051073159306
BST2	0.180724319484668	0.570430041834911	0.873567438182469
SCRN1	0.374166455410901	0.10645243030007	0.59216445637777
WASHC5	-0.143689195757268	0.540033580133223	0.865936198209263
NUP160	-0.437581364704769	0.0568557602926277	0.552567601428285
TWF1	-0.125159900042512	0.523605046099191	0.86059248309291
TFCP2	0.166928697470656	0.549996459725372	0.870523438544184
AKAP13	1.04966009895278	0.0236478609477271	0.453720995529398
CDC20	-0.261378647090112	0.367031828090877	0.779248733114573
GRSF1	0.749882332574622	0.328577821562611	0.760637368395994
MAP4K2	-0.317173132461509	0.306885174344353	0.751527659666961
SF3A3	0.343084816667577	0.216519596199346	0.707322454900541
DPYD	-0.19392159214668	0.684902853010056	0.913537763924193
TP53BP1	-2.7187236280671	0.00591507135263982	0.265456860703836
IFRD2	-0.248849811327638	0.340099453791984	0.7669903921279
TRIM26	0.204214469443709	0.240416011897516	0.719869538991393
AIMP1	-0.0336904714982929	0.863516247965339	0.970895139783822
ILF2	-0.38676167952773	0.192366483309127	0.689005436002903
ILF3	-0.25901207484954	0.209987552188368	0.70499159575141
TRAP1	-0.153457942963179	0.557324411756481	0.87139148578027
TRAF2	-0.337037987559771	0.360882437989199	0.778353142692269
MYO1E	-0.491821114750117	0.0465344329301615	0.538331689696436
PPP1R8	-0.57219979310662	0.24063657919234	0.719869538991393
PTP4A2	-0.374442323964928	0.10451583976927	0.58951307943385
ABR	-0.197202457876536	0.611178242687571	0.88513810826063
NPRL3	-0.291508438617509	0.368355820784783	0.779547651916649
MLLT11	0.378755082795593	0.306152955355471	0.751527659666961
ARHGAP5	-0.299986008949496	0.320695315520708	0.758064751422134
STRN3	-0.189691703796079	0.499670032180269	0.851745553438629
CDC16	0.372685053161181	0.0647245131719425	0.552567601428285
STK4	-0.115708868776768	0.67239291152443	0.909897615173014
FLII	-0.259348093289152	0.280971992022149	0.73703346487028
COASY	0.00463920496239467	0.980168321751008	0.996689516214407
ACACA	-0.135671259704889	0.549145981209076	0.869762817153726
GPS1	-0.293112990009789	0.384377440686578	0.782637128231638
USP4	-0.699402244096753	0.0731663687469987	0.556104825581888
CHAF1B	0.73745891641844	0.139567100616134	0.627113178891896
IK	-0.1817472693659	0.744793549382822	0.936169961725469
MTAP	-0.210396493704533	0.406070502672036	0.794438835636945
PRKAA1	0.00492563479188135	0.982834757253194	0.997679474555954
PPFIA1	0.0420023479299907	0.837036539062244	0.966586222916986
EIF2B5	-0.0685863595060283	0.920656607635266	0.979888151970988
TARDBP	0.354396278105614	0.148152069537432	0.63443995945705
HNRNPA0	-0.528239536588011	0.0400007235749615	0.524818409901258
PAK1	-0.0504934719178323	0.823308060331579	0.964281878427821
AIMP2	0.195614273651447	0.386706121685214	0.782771467437618
FADD	-0.113562416569088	0.498704699728409	0.851745553438629
PRDX4	0.427136507318799	0.324026471139867	0.758535250505542
MAP2K5	0.362909160029229	0.5871480018654	0.878038872699106
MAPK7	-0.46807162984696	0.343916269533999	0.770525165098314
PAK2	-0.0175280503163968	0.920508776549943	0.979888151970988
CBX3	-0.053055393534283	0.8049532600118	0.95838806291557
STX5	0.664628618213492	0.134890940606571	0.623608389175868
PSMD2	0.031898049681061	0.880967099067565	0.97319591644326
SELENBP1	-1.45179225498789	0.054216688551726	0.552567601428285
SRSF6	0.4237543149369	0.0735791861827061	0.556104825581888
MAD2L1	-0.139693250336485	0.573764409509311	0.874273242800095
TRIM28	-0.178800253428822	0.41074826274923	0.797629639539054
G3BP1	-0.151192799657991	0.535501257879046	0.865202415782338
NMI	-0.0897808811733185	0.707015037146898	0.921897250469917
KCNAB2	-0.521221440820412	0.0321342173616432	0.504940712781536
SKP2	0.0472164759070317	0.909386274032433	0.978636655990655
PABPC4	-0.313619804699698	0.275112485633555	0.73703346487028
IFIT5	0.113573880376151	0.550227586427655	0.870523438544184
EIF3I	-0.371385926701233	0.0969704526245593	0.580048543599151
PPP2R5C	-0.10286195371922	0.517970463090651	0.858527563504093
CTBP1	0.534121828190045	0.102227454694966	0.585065370571501
PDCL	0.29398726009935	0.13905613770781	0.627113178891896
TARBP1	0.139379882492669	0.833444838857941	0.966586222916986
UBE2V1	0.0771756634515199	0.673924400846433	0.909897615173014
DYNC1I2	0.205624842107603	0.385399635122892	0.782637128231638
ILK	0.0214367321051583	0.926741517478238	0.981130260161081
SNTA1	-0.105612113375894	0.652270326980589	0.901641608642147
SNTB2	0.283853997113823	0.263743485660948	0.734312585176351
XRCC4	0.910675967557726	0.00067732747696914	0.0692379198679565
TCOF1	0.0102995148590921	0.97003776702501	0.994604195141919
SF3B2	0.11176425837542	0.4498918473794	0.821357828004369
GOLGA4	0.296345987166553	0.599689652733944	0.881944542000306
PDAP1	-0.0219978162685024	0.941007884575284	0.985469813007498
FKBP5	-0.00498385744258201	0.982495393166021	0.997679474555954
MYO9B	-0.156816738072827	0.488966376427886	0.849974617503363
ROCK1	0.275266118114388	0.128987457119833	0.617951685078039
TNK1	-0.46165015135859	0.122864996864424	0.611004308731191
GAB1	-2.39421288202591	0.185673709882647	0.68635561513578
BIRC2	-0.0974738992630364	0.859457315875221	0.970317628904121
PICALM	0.560712457953528	0.0395285177378055	0.521379732168904
SQSTM1	-0.0160620845281727	0.933200833750804	0.982035764427498
TUBB3	0.413313044542573	0.69537115531485	0.917449798267945
PIN1	0.0460063892356004	0.837231223232945	0.966586222916986
EIF4EBP1	-0.622389927345253	0.0892422826570122	0.574273896752283
RIPK1	-0.0840309064105149	0.727731104794716	0.931024067003577
HDAC1	0.00214622335788661	0.994241682912332	0.999470462603355
CAMK2G	0.855617346476663	0.306240052668694	0.751527659666961
CAMK2D	0.127475634392901	0.57743948671438	0.875802043911464
DCTN2	0.0770320972489564	0.654878815268151	0.90193097033014
NAE1	-0.0473354688129035	0.843552039425607	0.966586222916986
TDG	-0.119534357943735	0.669758369205096	0.909475976071859
ITPK1	0.119610837945974	0.543520905100936	0.867576013905193
SNW1	-0.169404416263522	0.450376517617244	0.821357828004369
IQGAP2	-0.367007497584162	0.709917954968902	0.923797055970848
SNX1	-0.712080629429849	0.0257295418151318	0.470992474556858
PWP1	-0.307105033498225	0.192414774187995	0.689005436002903
MTMR1	-0.0857715848468388	0.728015085495263	0.931024067003577
MTMR2	-0.226436473482927	0.426721344993135	0.806426440238111
CUL1	-0.0387819357610901	0.858552204473651	0.970317628904121
CUL2	0.429323235360343	0.0759677811611491	0.557309617976888
CUL3	0.241269964552853	0.36203065321154	0.778353142692269
CUL4A	0.257243511857038	0.180933912920687	0.68220983560259
CUL4B	0.612972845546309	0.193233021583715	0.689005436002903
TP53BP2	-0.616711915475474	0.079877774500027	0.565819564228604
GFUS	0.0850592367322172	0.575788458307885	0.874273242800095
RAB31	0.358855927449184	0.117210556287077	0.604957709868784
RAB32	0.800948903152374	0.11927715955209	0.609018562910238
FHL1	0.00237643957212441	0.99301872782785	0.999470462603355
PMS2P11	-0.301428079383701	0.579505161915914	0.875802043911464
RIN1	0.307719951876564	0.252834930319367	0.727664581193394
AAMP	0.505130906182345	0.0652592303333279	0.552567601428285
ALKBH1	0.446776678898857	0.15319678800991	0.644812776755422
ALCAM	-0.659852781902377	0.361098792604628	0.778353142692269
SPTAN1	0.38662048623123	0.0827318064967006	0.565819564228604
GNL2	0.202281492161127	0.507122065723767	0.854668117334587
DDX39B	-0.394008198188775	0.0549490661940402	0.552567601428285
BLMH	0.231077721891396	0.425759866967171	0.806426440238111
EXOSC2	0.0132826459994178	0.964996690390135	0.994451924008876
TUBB2A	-0.206568308923337	0.283797546223805	0.741217154083465
KLF5	-0.790736337315675	0.465650074732606	0.828815732787552
BYSL	0.335666475910426	0.109882956087175	0.593766348414021
IDI1	0.218545590190889	0.262446880538038	0.73416846398283
CBFB	-0.102025648908331	0.582631930432835	0.875802043911464
CKAP5	0.0974062445678037	0.62393669185149	0.89579336140574
CIRBP	-0.407181444711384	0.529254548407218	0.86198475472513
COTL1	-0.680758633805443	0.00510270223222101	0.265456860703836
COX17	1.22520709274836	0.000276655124302418	0.0341885267561554
HNRNPD	-0.170475556537451	0.381379445849146	0.779547651916649
IL18	-0.289662843906846	0.278758372860048	0.73703346487028
DSG2	-0.699273826625486	0.0812165134729264	0.565819564228604
BOP1	-0.48315630974853	0.374050487034511	0.779547651916649
UBE4A	-0.0312945158431504	0.924611696924193	0.979888151970988
SEPTIN6	-0.0584808837605273	0.924191769252976	0.979888151970988
EIF3A	0.183521418003238	0.400437300667547	0.791160368716676
ARHGEF7	0.275685746699814	0.495253248606809	0.851745553438629
UBAP2L	0.0531345354921058	0.810423378436184	0.959965176962449
SCRIB	-0.725682637989458	0.232852262821822	0.719869538991393
GIT2	-0.302887835367571	0.473546813529922	0.836285816477765
TTLL12	0.220271907133828	0.487170700645898	0.849260150818051
POLA2	0.693559705478819	0.2995112131951	0.74807889916966
DPYSL3	-0.0132578222397299	0.939202077952439	0.985469813007498
DCTN1	-0.0342109114395264	0.891406050280718	0.976140155495539
DYNC1H1	0.00842878306695383	0.960506952629169	0.99177238444666
EIF2B1	0.0722949214404061	0.683338608733457	0.913537763924193
EIF4A2	-0.171674966514757	0.570024239971566	0.87330941011464
ELOA	0.127027989447974	0.882204022300535	0.97319591644326
MAP7	0.257642075837513	0.235291929580125	0.719869538991393
CTTN	0.00249019894318536	0.98939396509528	0.999470462603355
TRIM25	0.111604575105432	0.657712327805048	0.903464489108837
PTK2B	-0.253938894493928	0.264940691121557	0.734312585176351
FAM50A	-0.410413938270437	0.0839777612947206	0.565819564228604
FRG1	-0.255767505936102	0.242242014785296	0.719869538991393
GAMT	0.186256138014659	0.458054109314315	0.825298747278569
GALE	-0.22216403884882	0.289784058269126	0.743793731260107
PDE3A	0.325419833914786	0.161295400349156	0.659777759909523
CAPRIN1	-0.0653416035933638	0.798937574188338	0.955505451092974
RBM39	0.0307404606889428	0.881304299150018	0.97319591644326
PRPSAP1	0.323707486690456	0.103555241727943	0.588924032163919
MCM6	-0.271778361468524	0.126832958954641	0.617951685078039
PLS1	-0.144641034865774	0.654814662441483	0.90193097033014
LAGE3	1.53443318210255	0.00578105867428257	0.265456860703836
TRIP12	0.472379802781717	0.0206061495877131	0.453720995529398
PUM1	-0.308185214688578	0.361328680031639	0.778353142692269
ESPL1	0.447271278370884	0.678197558445018	0.910199494922563
CLINT1	0.579150478765939	0.242129051238505	0.719869538991393
SMC1A	-0.048976166732686	0.888904623311262	0.975013118863024
GINS1	0.0983577171554799	0.579849435969036	0.875802043911464
LPIN1	-0.269342935459306	0.632325121866289	0.89761086679778
USP10	0.142029180971527	0.42846592946426	0.806524102520961
GANAB	0.486091199031414	0.247662041088946	0.719869538991393
PPP2R5D	0.00686948856112224	0.976408990926345	0.996520910659497
COG2	-0.54358796547195	0.228497708477692	0.716855556008447
MVP	-0.157567557211607	0.479082757908381	0.841539164249567
CASP8	-0.234867610002446	0.244167646320114	0.719869538991393
NAA30	0.827914341367766	0.0570680413157714	0.552567601428285
CHD4	0.731035845159404	0.462406824916237	0.827018619223975
LASP1	-0.22455308301717	0.299993407224155	0.74807889916966
PTGR1	-0.260879232778692	0.337349503564163	0.763599245697563
DRAP1	3.20109966848809	5.33438323070172e-05	0.012269081430614
KPNB1	0.135842524854517	0.52015191763112	0.858527563504093
NOLC1	-0.0825923792644545	0.724536327591842	0.930643520257584
NUMA1	-1.35306721666306	0.00622901808136173	0.271952547393869
PSME4	-0.301006446875405	0.230875141151012	0.718799085817024
GAPVD1	-0.238284478103708	0.205109980150816	0.701089664850497
NAA25	0.460264652438948	0.0237529383976342	0.453720995529398
NCAPH	0.47674703023209	0.0598388396641419	0.552567601428285
PCLAF	-0.707154835969163	0.162462243213815	0.662220550281281
PSMD6	0.106597562846932	0.632869849718793	0.89761086679778
MORF4L2	0.154138700549936	0.844492827377394	0.966586222916986
ABRAXAS2	-0.263020756646036	0.143630414450011	0.629743272544038
SEPTIN2	0.0491289185698633	0.841597883014611	0.966586222916986
SART3	-0.160148643516621	0.654176208264318	0.90193097033014
NCAPD2	0.403330419195946	0.0678793973921799	0.552567601428285
SUZ12	-1.93830223411468	0.0651812239362233	0.552567601428285
EXOSC7	-0.153825267268466	0.667745978995077	0.909102923678092
TNIP1	0.794827111679254	0.0999507481912015	0.582880686733454
EFTUD2	-0.308412530735776	0.649608627100074	0.901641608642147
SNX17	-0.250930613554733	0.264778213701076	0.734312585176351
RAB3GAP1	-0.275995483689183	0.256628480617098	0.727664581193394
KARS1	0.149962729929506	0.455386802529103	0.822941099531831
SETDB1	-0.376132527405094	0.12928197452061	0.617951685078039
LRRC14	-0.327157631420505	0.0917217259024454	0.574273896752283
POLD3	-0.178372081969581	0.473592293896647	0.836285816477765
EIF4H	-0.255357318019847	0.358597590255829	0.778353142692269
ACAP2	-0.507200996671315	0.211708530234031	0.70505646267985
KIF14	-0.751458092450918	0.0943531800212725	0.578699504130471
EEA1	0.122032822323543	0.632005923857664	0.89761086679778
PDIA6	0.52719657886691	0.358126557380211	0.777984493010139
PAFAH1B3	0.150629574716447	0.608543665874796	0.88513810826063
PEA15	-0.389775781751403	0.040644904027679	0.524818409901258
PMVK	0.0245035662335731	0.876892099308338	0.972827360110598
PLCB4	-0.340474313614571	0.440146446077722	0.81598938114157
PLEC	0.338767378196899	0.0865020025156844	0.565819564228604
PCM1	-0.713848208053669	0.080989397929061	0.565819564228604
TCEAL1	-0.113900023160411	0.724500821609219	0.930643520257584
PPP2R5A	-0.998361654324782	0.015793331944252	0.416925385442594
PPA1	-0.00628742820242323	0.979762087629748	0.996689516214407
PTGES3	-0.137038912167888	0.522325864973867	0.859641852908689
STK38	-0.0631465987739048	0.778059580139885	0.946765159255006
NONO	-0.303999420774527	0.307408969557354	0.751527659666961
PTPA	0.0926486964433906	0.686970812327151	0.913893078633468
QPRT	-0.225236299253474	0.322588821286317	0.758064751422134
RABEP1	-0.683812279986391	0.3179375697199	0.758064751422134
RAB35	0.618516938786563	0.338332795534695	0.764781749120195
RBBP5	0.0974715802339894	0.677426345672439	0.910160259976114
RCN1	0.523846837701058	0.105682137844085	0.59216445637777
E2F5	-0.351503323047066	0.364454117026512	0.778835212521883
LLGL1	-0.212896045005127	0.206833014387221	0.704230014961335
LRRC41	0.257483430724829	0.211390393542068	0.70499159575141
PCBP1	-0.110437751984705	0.652935391678596	0.901641608642147
PCBP2	0.134454829856299	0.520890159940338	0.858527563504093
ELOC	0.505173973609537	0.306775961991648	0.751527659666961
ELOB	0.0103569738815992	0.962370647396791	0.993136282226638
RHEB	0.0247944333746766	0.882223254688781	0.97319591644326
UBE3C	0.168975459149706	0.441047569193002	0.817051958542855
SF3B3	0.0901801409554608	0.624134287675086	0.89579336140574
DLGAP5	-0.392552786605275	0.0857338398815801	0.565819564228604
RSU1	0.069838365860754	0.682094152736902	0.913537763924193
CNN3	-0.0816400003986715	0.669278510452323	0.909475976071859
RPS6KA1	-0.426348550323851	0.0798111591932369	0.565819564228604
SF3B4	0.292166283110941	0.16867309493804	0.670273722934404
PPP1R7	-0.257667504475702	0.175363365710307	0.675038897294907
SEC23A	0.343534464698831	0.116064406731347	0.603272622558416
SEC23B	-0.75354231263589	0.122656216068494	0.611004308731191
CYTH1	0.325389787513764	0.783661101208506	0.949266903373043
SF3A1	-0.154204806140591	0.511196475500347	0.85565826281845
STIL	-0.804711973760924	0.251110323126686	0.72648269583821
SKIC2	0.203054293564772	0.439619864109538	0.815423941493498
SURF2	0.570872812452524	0.0450939120191668	0.538331689696436
TAF7	0.424801571777877	0.0282010391239838	0.481682768201068
MAPRE2	-0.376439753553157	0.0678484785457392	0.552567601428285
TRADD	-0.116638547912665	0.650913886198287	0.901641608642147
TSN	-0.252547491754612	0.20919274132391	0.704871198867554
TARBP2	0.188963956819823	0.33025075734057	0.761957860196426
SF1	-0.0148837562750543	0.942724083858876	0.986341989005741
TRIP10	0.0418710294115954	0.85434759211959	0.968840160681248
TRIP11	-0.418823812407247	0.446787640370688	0.820664856450381
TRIP13	-0.319567863037086	0.09678731772009	0.580048543599151
OASL	-0.935499371184143	0.275656516169084	0.73703346487028
NFKBIB	-0.38991131529918	0.0954339654284689	0.579092626028489
TRIP6	0.101461239381198	0.707170780671617	0.921897250469917
MAPRE1	0.159009081737043	0.629846947571699	0.89684554085447
TSC22D1	0.962930325062374	0.0138237909743483	0.406972406284813
ELAVL1	-0.0691170568790724	0.764850693775473	0.943023452277955
NAB2	0.259568016505735	0.33382475267128	0.763502231094041
TAB1	-0.168000271330257	0.557534310535355	0.87139148578027
HERC1	-0.185171983351196	0.398124481618666	0.791089682697997
SLC1A5	0.00888704713008437	0.968616167659101	0.994604195141919
MLF2	-0.0497904474704853	0.804207176921013	0.958134472492287
TOMM34	-0.0733054212876851	0.862347581582237	0.970470672850957
TBCE	0.0566534709548954	0.774129136818137	0.944452864169775
TBCC	-0.228264798607981	0.321991755060766	0.758064751422134
UBE2V2	-0.0971083107123718	0.585339451025989	0.876342221226867
STXBP2	-0.295648857090569	0.200915509282854	0.697991242493471
NEDD8	-0.00229879521172194	0.994354492964288	0.999470462603355
RAB11B	-0.121842559411522	0.500684729630744	0.851835323643615
ZYX	-0.30122590088677	0.326293483116156	0.759339473501041
SEPTIN7	-0.146234360695555	0.728499313845051	0.931024067003577
ADRM1	0.593702939495465	0.0986713011665947	0.580048543599151
CCDC6	-0.303363949028672	0.131413767834868	0.619486885106631
UAP1	0.162601196787747	0.501340883934063	0.852316023155347
E2F4	-0.72190058893294	0.0409363780021708	0.526733814853107
PDCD2	0.113151592369665	0.632962010690283	0.89761086679778
PSMD5	-0.186341280212162	0.415993275662624	0.802335039013866
PKN2	-0.0601064488848166	0.788389681845097	0.950903141186144
DDB1	0.13035392637439	0.566848738848682	0.872436224641228
PPP2R5E	0.307396858102138	0.212118051625853	0.705781582263237
MAPK14	0.158075537760958	0.524445317017305	0.860813317936701
CDC37	-0.0865874852357003	0.68916757306472	0.914350648450724
DPYSL2	0.309975566236531	0.127391352608984	0.617951685078039
CAMK4	0.0667401770390974	0.784414230287821	0.949554068243152
RBBP7	-0.210306552724674	0.320731030224955	0.758064751422134
TAF9	-0.0443296002167806	0.945301806829494	0.987162463492617
MEA1	0.209386202458397	0.543218763763281	0.867576013905193
CPSF6	-0.0152210926950076	0.942921499272336	0.986341989005741
SMN1	-0.140660132660273	0.756422508104208	0.939802649806621
DBN1	-0.507781291802409	0.0810174236438726	0.565819564228604
MAPKAPK3	1.34732243691978	0.0755473184810631	0.557309617976888
NRF1	0.163902035446675	0.41978446999175	0.805279166711595
FSCN1	-0.428429586223832	0.0914496186220565	0.574273896752283
NDUFA5	-0.39835243034716	0.37483181740282	0.779547651916649
KYNU	-0.15095520856644	0.455338415798193	0.822941099531831
UBE2S	-0.155465553130881	0.480635121219425	0.84238738229044
KYAT1	-0.00216871589233492	0.996783403116028	0.999470462603355
GUK1	-0.62710488241331	0.134296083690028	0.623608389175868
HAGH	-0.0917124801866507	0.74439943998127	0.936169961725469
H2AC18	-0.675384301479767	0.292434784854867	0.744232370861624
UGP2	0.595195406498391	0.0218881332610037	0.453720995529398
ATP6V1F	-0.609062114992888	0.00591308788411021	0.265456860703836
TXNRD1	0.0750157464705126	0.803117071739522	0.957392557175717
TPD52L1	-0.281816331787674	0.281119305485687	0.73703346487028
HNRNPUL2	-0.618153004152909	0.226448241151662	0.716343336040925
INF2	0.153695723464754	0.546624153577894	0.868909653837199
PDS5A	0.115660012423525	0.86949639672186	0.972051073159306
AAK1	-0.317650091780528	0.28928164416062	0.743665511606249
WASHC4	0.081008635195051	0.923214085940893	0.979888151970988
SHROOM1	-0.61273240253248	0.226181741099454	0.716343336040925
ERCC6L	0.257940668875875	0.406011972015621	0.794438835636945
TSR1	0.216916158340339	0.24343293435786	0.719869538991393
TYSND1	0.84326944744776	0.0611351272241926	0.552567601428285
IAH1	0.353371055484338	0.31629474247619	0.758064751422134
QRICH1	0.394610708433881	0.286101053628751	0.742511659895552
SMU1	-1.04376506876203	0.0250752629584951	0.463703355212371
ATG2A	0.146233508537389	0.540789477108421	0.866770590487365
AP5B1	0.587737002628117	0.274465825391148	0.73703346487028
CTU2	0.0488804502428479	0.883909149241215	0.974189105647376
LRRFIP1	-0.104050147713064	0.687158192548589	0.913893078633468
TRMT5	-0.0618512766101027	0.751764566693215	0.938430666699808
EML3	-0.170731133515535	0.527598112547565	0.860937364782623
EDRF1	0.214364212120604	0.281016290925821	0.73703346487028
MAP7D1	0.431493720640759	0.21568207868171	0.707219667662893
UAP1L1	-0.221827668705718	0.332708343873626	0.763046333740088
TKFC	-0.103229644964582	0.608380733912708	0.88513810826063
LSM12	-0.394412986274197	0.216702359795697	0.707322454900541
TBC1D25	0.557695749354711	0.104135800110261	0.589418230727202
CCDC88A	-0.35573134030103	0.675727029301809	0.909897615173014
RABL6	0.258129145756889	0.26675182362921	0.734312585176351
C5orf22	-0.187894045560068	0.32606891051508	0.759339473501041
VPS26B	0.0454080902792171	0.920985445105651	0.979888151970988
PREPL	-0.073380668392879	0.739906465320562	0.934404870411691
TBC1D10B	0.0117252055172195	0.972172687338408	0.994604195141919
GRIPAP1	0.064590409463726	0.726099256854372	0.931024067003577
FAM98B	-0.143866428787639	0.637730243827561	0.901247041968289
PDCD4	0.00337111243635135	0.988477092967486	0.999470462603355
CEP55	0.533614212402011	0.113387004310863	0.596944457602256
TP53I3	0.197248298938952	0.427856023883408	0.806426440238111
HIKESHI	-0.406929727860483	0.0608061696093896	0.552567601428285
PHLDA2	0.699754110853906	0.0405830998470186	0.524818409901258
PDLIM3	-0.477577861033815	0.0698533874960608	0.552567601428285
SETMAR	0.176178573979044	0.477048700097555	0.839629883655978
LACTB2	-0.125184214097526	0.71780147669095	0.928474317828716
PYCR3	-0.0640314729764171	0.736925110120468	0.932559974292751
KLHL26	0.788404851869025	0.339903425519973	0.7669903921279
SMUG1	0.277995409311924	0.539389106294445	0.865936198209263
SOWAHC	0.00170228709853504	0.994171562227256	0.999470462603355
HS1BP3	0.0740846631552543	0.913213367302955	0.978917911935588
WDR81	-3.74012983277553	0.000218165206833746	0.0308787677364687
ACTBL2	0.0665459126916588	0.784931725104439	0.949868052740656
DCAF6	0.699403913710505	0.0690890035909114	0.552567601428285
ZC3H12A	-0.931021362766071	0.104269366359622	0.589418230727202
RILPL1	-1.13776191428188	0.0356552360186953	0.505374675497154
PDZD11	-0.379057645331521	0.255285478174753	0.727664581193394
DNAJC21	0.120637027205301	0.56073964112121	0.87139148578027
HERC4	0.111642086124096	0.813710839660658	0.960659100492022
PPP6R3	-1.39056561665249	0.368575856938818	0.779547651916649
EEF1AKMT2	-0.887244286395084	0.00377279705239043	0.241624539246363
PSMG4	0.599915649850693	0.0570345664672075	0.552567601428285
WDR44	-0.255915881195559	0.348924093480934	0.770525165098314
PRRC2B	-0.984736541958057	0.00470455527560185	0.258399453943504
TJAP1	0.0983996328312067	0.697912657848787	0.918897524466381
RRP12	1.3884712409235	0.18427576541016	0.685384808069848
PCID2	-0.142298674300996	0.459900778893583	0.82580750303702
SAMD9	0.484030806538129	0.0580472770022011	0.552567601428285
SPECC1	0.232083648979184	0.590749896876625	0.879103479993473
PPP4R3B	-1.42894206650023	0.0623072341814717	0.552567601428285
SAMD4B	0.167080262032741	0.62961239155258	0.89684554085447
RABGAP1L	-0.226402641468638	0.381097205048271	0.779547651916649
TTC38	0.109702670454027	0.686534591476238	0.913893078633468
ATAT1	0.00898353166740762	0.971268164688592	0.994604195141919
NUP188	-0.404269062469673	0.345127173263449	0.770525165098314
PHYHD1	0.276898948478397	0.672176386294341	0.909897615173014
HP1BP3	-0.447799198578309	0.179375498454884	0.679129970334667
CEP170	0.169896089385084	0.650923217753544	0.901641608642147
HYI	-0.0590277984097547	0.950050226283571	0.988927413187468
CC2D1B	-0.0529377343475339	0.813768783593878	0.960659100492022
FNBP1L	-0.281657569191978	0.530824838016203	0.863206099823079
CHCHD2	0.225039093452295	0.384727575479123	0.782637128231638
DDX59	-0.314961332981028	0.154135903945209	0.644812776755422
HECTD3	0.352084929635524	0.176684999953583	0.678580704802525
UBR4	0.51639572785842	0.0992568197507682	0.582559962811527
STXBP5	0.10127814387554	0.835318794578547	0.966586222916986
ARHGAP21	0.767935974695419	0.0793358104366985	0.565819564228604
CAMSAP1	-0.205337551313271	0.514838803716891	0.857136194249352
QNG1	-0.352883460700127	0.24804559671189	0.719869538991393
KANK4	0.0284107598016163	0.893797721122672	0.976658821644336
TSTD2	0.120147207506879	0.73970856887936	0.934404870411691
EEIG2	0.0373373412175972	0.908162299333975	0.978636655990655
HENMT1	-0.227048518427583	0.247147779016931	0.719869538991393
RBM26	-1.44228201979357	0.0654537966870646	0.552567601428285
INTS11	-0.350085948707861	0.079627840265299	0.565819564228604
CPTP	0.427005580530732	0.427712727256931	0.806426440238111
DCAF8	0.861280217006207	0.40531067724302	0.794363173593572
RNASEH2B	-0.974237857734806	0.135140384069102	0.623608389175868
DDI2	-0.292384751086647	0.18537998829549	0.686316254454127
NT5DC1	-0.278759479979552	0.335224479639591	0.763599245697563
VPS53	0.256044646115409	0.305607565493506	0.751527659666961
STRIP1	-1.5543727502114	0.00178122343321266	0.145664494093835
RPRD2	0.158381890622941	0.565567622234944	0.872436224641228
ANGEL2	-0.438570367096538	0.188692484188905	0.689005436002903
RNF20	-0.902907355534094	0.464441599063807	0.828815732787552
PDE4DIP	0.945953020091885	0.278761420134015	0.73703346487028
DRC8	0.422003619552846	0.16135869128222	0.659777759909523
ARHGEF16	-0.0297490664305862	0.869737006750378	0.972051073159306
BROX	-0.15734775969857	0.374263880512957	0.779547651916649
FOCAD	0.965747497800329	0.0685306796737268	0.552567601428285
LYPLAL1	-0.0109946786444439	0.964389255268593	0.994104330360902
ECPAS	-0.132297085286737	0.492679745521718	0.851745553438629
TUT7	0.217619819340211	0.571562690913277	0.874132774782888
DENND4C	-0.991221825234785	0.189590536626414	0.689005436002903
NAA35	-0.790676918793025	0.161201037176898	0.659777759909523
CARMIL1	0.51782986030172	0.211279893669741	0.70499159575141
FHIP2A	-0.0741367056041184	0.691620004711882	0.916394095034384
RNF123	0.21079803148854	0.585179091517678	0.876342221226867
RNF213	0.379173798976268	0.495321987454017	0.851745553438629
TNS2	-0.391248052582139	0.332715439574459	0.763046333740088
KANK2	0.603900288189401	0.100724405314892	0.583424141550902
WASHC2A	-1.58780944326782	0.165990565583534	0.664758068882377
FAM91A1	-0.00278531507576574	0.989194875000149	0.999470462603355
TBC1D9B	0.063537450185752	0.786221768687864	0.950755160737173
MAP1S	-1.54338401291497	0.0937362818458028	0.577804886419689
PPP2R2D	-0.67105803481935	0.172445248498545	0.672957067311394
ARL6IP4	-0.284879676578939	0.266216218325377	0.734312585176351
ATG16L1	-0.117281796424336	0.815667966517513	0.961453592820131
TNS3	-1.87209509004827	0.0715498741709401	0.556104825581888
HAUS3	-0.0981073387634623	0.823085559673583	0.964281878427821
INTS3	0.33346236464779	0.220215566095057	0.711971635789724
ARHGAP17	0.137271436151856	0.381639917233929	0.779547651916649
CWF19L1	0.0399114044624653	0.860437582019934	0.970398498876297
HEATR6	-0.0228505361484395	0.922919050149898	0.979888151970988
WWC2	0.442972620362674	0.155971441364151	0.648291605860775
ATL3	0.280479088397211	0.370034749208612	0.779547651916649
NXN	0.411603254269366	0.0682184882672788	0.552567601428285
IQSEC1	0.743372066786854	0.0997365261497265	0.582880686733454
CIAPIN1	0.561212490859454	0.226097388653229	0.716343336040925
SMYD5	-0.106077124964077	0.686110511351022	0.913820731730641
PTRHD1	0.348163221164853	0.107484364250217	0.593650874553756
OTUD7B	-0.0920536844861957	0.83030310275883	0.966586222916986
RALGAPA1	0.234443580928822	0.634652189765935	0.899213108203091
NADSYN1	0.199508338524787	0.399879132120201	0.791160368716676
ELP2	0.0261503064322319	0.936034124383255	0.983891910234326
TWF2	0.450588025474801	0.0298436098573693	0.496644014132617
DESI1	0.10002552513691	0.65488031323971	0.90193097033014
PPP4R3A	-0.34260367296941	0.148703206177951	0.634672695719725
RAB12	-0.0441749794291439	0.793084497396981	0.95382150888025
SDE2	-0.46984767505959	0.108449378087997	0.593766348414021
KRT80	0.255804567544033	0.188865386887957	0.689005436002903
PDE12	0.133981962137781	0.618964872760428	0.893225125936957
PRR5L	-0.376729465472536	0.352796683417072	0.772461665252442
NAA16	-1.32969629491382	0.00337202752170617	0.229797431108865
ALKBH2	0.11662039949783	0.91448424731061	0.979709470190115
HIBCH	-0.628381266579023	0.256319316034414	0.727664581193394
RWDD4	-0.617441610665811	0.0176928251197231	0.425552917912295
ARMC6	-0.0472129495898947	0.893855138939708	0.976658821644336
TTI2	-0.16265741781055	0.415137595277211	0.801232334245079
ANKRD54	-0.183989020759892	0.644504075898198	0.901641608642147
JMJD6	0.333766798446817	0.112747835942378	0.594508973506666
CAVIN1	0.27176944204475	0.232291019783041	0.719869538991393
ZCCHC8	1.24214981863688	0.0232348842520113	0.453720995529398
MAST2	0.335252762096864	0.339458878591796	0.76685615298822
DHX57	0.0144695079724926	0.979881193888609	0.996689516214407
CDC73	0.566811869830026	0.112229874788163	0.594508973506666
PMF1	-0.0553457093757252	0.849453450691668	0.967753549982409
FAM117B	0.453953826586915	0.376649349346197	0.779547651916649
CC2D1A	0.240728655367633	0.387014006504832	0.782899308547075
TATDN1	-0.380912820507817	0.0474044267332552	0.538331689696436
METTL2B	0.0655108570257745	0.83932107227002	0.966586222916986
DUS1L	-0.128122809455022	0.571725752239996	0.874132774782888
MED27	0.123704636939653	0.555125632732352	0.87139148578027
EDC4	0.0379459533373279	0.851098012239511	0.967753549982409
CEP85	-0.22307231387434	0.256215451809971	0.727664581193394
PRMT9	-0.0451122752660176	0.902382031044074	0.978636655990655
PRPF8	1.16673817628718	0.0306108850511594	0.500658031058962
FBXO42	-1.95728022889317	0.0609395737517767	0.552567601428285
SCYL2	-0.0641770825053882	0.729096018610658	0.931024067003577
TTC27	0.00428513068540681	0.983774444313192	0.99775141344924
WDR73	-0.540669991622401	0.147371716809874	0.634301658316184
RPL22L1	0.371700071839989	0.649385386752817	0.901641608642147
PDXDC1	0.0248630075881593	0.917543251558487	0.979888151970988
MEAK7	-2.52648160726172	0.0302067342007695	0.498478842416286
PGM2L1	-0.055979284042678	0.815356417175876	0.961394301572324
AAGAB	0.49663754274809	0.100261813777792	0.582880686733454
PSRC1	1.02469501301508	0.00572741052419741	0.265456860703836
SKIC3	-0.117343487935738	0.591288498191055	0.879103479993473
ULK3	0.652855223421156	0.232563364804733	0.719869538991393
INO80C	0.52043238006619	0.239962759801129	0.719869538991393
TTC33	0.455222951334317	0.0757704389107985	0.557309617976888
TRIM65	0.735679447437626	0.476386648092942	0.839206732877944
BRAT1	0.429440213911352	0.0261602916091283	0.474235828185183
LARP1	0.410546445072217	0.683588156845933	0.913537763924193
TRAF7	0.474141529030693	0.0668821212931371	0.552567601428285
BLOC1S3	0.0626208670900255	0.83036806333771	0.966586222916986
RICTOR	-0.0540830129123293	0.871312565739292	0.972418146302755
WDR74	0.821526880521574	0.00346775210974478	0.232024141161106
FAM111B	-0.543440459547057	0.0363290731290629	0.505374675497154
NHS	-0.837713904373125	0.181683500181576	0.684041101341768
AFTPH	0.494808627870597	0.0914915913396426	0.574273896752283
FIP1L1	-1.87116968670127	0.014614694463109	0.416925385442594
CRTC3	0.982180759860775	0.298013032666463	0.74807889916966
CRTC1	0.286884144619094	0.236036402260999	0.719869538991393
SASS6	0.0674293906472947	0.857462716066823	0.970016229672889
LRSAM1	0.146916732733061	0.627737650003555	0.89684554085447
CWC27	-0.136341638759752	0.599813873430425	0.881944542000306
WDR82	-0.0670565432037904	0.807384775452823	0.959372287267159
DPP8	-0.173055707981327	0.566530126464528	0.872436224641228
RANBP10	0.241702406786757	0.166636260962496	0.665464923300123
PACS1	0.281074684150074	0.211207812021609	0.70499159575141
MPRIP	1.49335515575821	0.00363915255618787	0.239144310835203
NAPRT	-0.00812219938594083	0.976804243034879	0.996520910659497
DNMBP	-1.74455879407176	0.0612278703275623	0.552567601428285
GIGYF2	0.2788033634105	0.278894400254541	0.73703346487028
THADA	0.399988067574938	0.0617552709586655	0.552567601428285
HSDL2	0.416119037353074	0.324670547887478	0.759026591157053
KYAT3	-0.11277791472536	0.543743295620457	0.867576013905193
NBEAL2	-0.404798624102462	0.237609275042253	0.719869538991393
GDPGP1	0.175951148771539	0.448613732084496	0.820828356383617
RIPOR1	-0.45811808144483	0.0162892429854171	0.416925385442594
NBEAL1	1.45483635783792	0.00436771431718572	0.258142856644708
ARHGEF18	-0.241408859239773	0.738973402856585	0.933867487126453
TOM1L2	0.54327739732566	0.661041142382535	0.905333607728965
SYDE1	-0.277137282285906	0.507832685535987	0.854668117334587
ANKS3	0.213227203749451	0.828942330660463	0.966586222916986
STXBP4	0.840947740137612	0.0280638503049431	0.481682768201068
USP34	0.44644560777266	0.114557435702093	0.598877644391169
RAPH1	0.125583149615824	0.507966358250199	0.854668117334587
UNC13D	0.237252815233909	0.316895611112177	0.758064751422134
UBE2R2	-0.700880931014705	0.068898902962303	0.552567601428285
LARP4	0.352919041125997	0.0828467914950218	0.565819564228604
MTSS2	0.211624816924196	0.4783944930713	0.841364671367305
SUPT6H	-0.223319135960608	0.298598688988317	0.74807889916966
SND1	1.02826264293568	0.146002294883702	0.633138568662655
MARK2	-0.633665448150971	0.0360992352954984	0.505374675497154
DDX46	-0.0608181934625378	0.890190571266271	0.975673679372985
RUFY3	0.352980666265669	0.417618252418497	0.80255651867314
BZW1	-0.35300991446119	0.494575466635039	0.851745553438629
CYB5R4	0.0691637061064618	0.736804259204065	0.932559974292751
ASRGL1	0.28613899905725	0.285657174545819	0.742511659895552
KCTD9	0.381353807936126	0.0583696847625775	0.552567601428285
DHX30	1.41239531142377	0.132652842695152	0.619844936638437
EIF3M	-0.381923759571595	0.0865642431143218	0.565819564228604
MEPCE	0.160042124708269	0.53117835944241	0.863399453510631
RRAGA	-0.921364462693802	0.108570337925579	0.593766348414021
CYFIP1	1.34914135363677	0.400589498472657	0.791160368716676
GET4	-0.0179461479760157	0.90838690741673	0.978636655990655
COPS6	0.0637559514444668	0.729819673734011	0.931024067003577
ENOSF1	-0.229767868391647	0.417473550002464	0.80255651867314
MAEA	-0.321129598824243	0.297230540504234	0.74807889916966
TAOK1	0.616711306738885	0.0462818091850483	0.538331689696436
DPH6	0.49505240896594	0.746326869973143	0.936169961725469
MOB1A	-0.178954856828405	0.377595061566879	0.779547651916649
KDM3B	0.183353450797661	0.452790712096583	0.82266349741657
RRM2B	0.321250747364495	0.707462212291007	0.921897250469917
MICAL3	-1.29978407772331	0.305117022811002	0.751527659666961
DYM	-0.176728346283262	0.363515624507354	0.778835212521883
ZC3HAV1	-0.0784001197510875	0.747739627400655	0.936169961725469
EFL1	0.399741600393348	0.0671178689407912	0.552567601428285
NEGR1	0.561147477517054	0.519096732259593	0.858527563504093
NUP54	-0.213077325541793	0.701569414446291	0.920419053533815
ARMC9	0.605478774720538	0.0433201622807218	0.538331689696436
ZFYVE16	-0.0166678823985364	0.947671515710137	0.98878116751157
MON2	0.0416668070955986	0.891940146006364	0.976140155495539
DENND4A	0.293562754028869	0.381173408690724	0.779547651916649
NUFIP2	-0.524483944917662	0.203991280024886	0.699206129368912
SZRD1	0.0473889755026029	0.840046700890482	0.966586222916986
CLASP1	0.466164811220892	0.0473095558836368	0.538331689696436
DHX29	0.593457395902711	0.116818393698428	0.604748508055702
COMMD6	-0.0610181627296136	0.877659466186735	0.972827360110598
TRMT11	0.198165555218651	0.465437470501188	0.828815732787552
HDDC2	-1.0475920384152	0.290670530762425	0.743793731260107
HAUS6	0.477644140128021	0.14314150204252	0.62888630156278
HEATR3	0.269702656553143	0.513177624818743	0.856848302782656
KIF21A	0.121849238827608	0.562242051543708	0.87139148578027
HDGFL2	0.345032816183419	0.143035174562937	0.62888630156278
DCXR	-0.536206536885366	0.203970515811685	0.699206129368912
BRAP	-1.70276126152643	0.0224930253987128	0.453720995529398
R3HCC1L	-0.200805082279366	0.346085046059244	0.770525165098314
CCDC91	0.573890062325098	0.635378095510321	0.899301342005888
TSEN54	0.844182276144366	0.261601030987907	0.73416846398283
PTAR1	0.435137535238489	0.173820835328398	0.673394630481898
ARPIN	-0.137026682826839	0.471209376847304	0.834079127849005
RABEPK	-0.812251889948634	0.0367705208994562	0.506799688801494
HUWE1	0.0282879572407069	0.925932943255827	0.98055632551984
YTHDF3	0.485833642497937	0.498578739832674	0.851745553438629
CTU1	-0.177119684924243	0.794779572477715	0.953980850234024
UBE2Q1	0.045502793857235	0.801129682464172	0.956937804106015
PHLDB2	0.308043376891195	0.247530355774236	0.719869538991393
TEDC1	-0.250454326215742	0.40403591046376	0.792987813603539
PATL1	0.168077083837805	0.427319472633272	0.806426440238111
MYPN	-0.0217063611843713	0.905411005892124	0.978636655990655
PEG10	0.267605356903797	0.391940661427138	0.785070216038012
DPP9	0.0230961811020762	0.906671343366973	0.978636655990655
TRPT1	0.171227137839374	0.536263571935341	0.865500006614533
PRUNE1	-0.393412643925181	0.238070154140204	0.719869538991393
SETD3	-0.281453075052745	0.271680484794059	0.736760636729651
RBM23	-0.0470524642415135	0.880748151411324	0.97319591644326
ISCA2	-0.035743413029671	0.877561103736407	0.972827360110598
PABPN1	2.46142081402623	6.38140688577864e-07	0.000587089433491635
METTL3	-0.968694483034717	0.0126812653412661	0.396006692496706
LDB1	-0.327375339172171	0.640224723081271	0.901641608642147
YRDC	-0.185415170479818	0.304200000533541	0.751312752995592
PRPF39	0.106411266795632	0.688929475656186	0.914350648450724
SAPCD2	0.907260317337986	0.0172191704869248	0.425278841556263
RIMS1	0.0723066720136423	0.816332397737408	0.961928665921762
SMG6	-1.5533859454741	0.00863276063258137	0.327510918844324
BCL9L	-0.0742387683320231	0.821151119639413	0.963289394742228
PHLDB1	0.511609308396881	0.279697845912712	0.73703346487028
USP48	0.134615424388574	0.469630347196765	0.833095258221351
NAA40	-0.629403657459992	0.376762661359228	0.779547651916649
AACS	-0.774356716011944	0.00676168291860471	0.278732612722456
LUZP1	1.43961447270489	0.0784139283114293	0.565819564228604
ALYREF	0.38540581372007	0.0562335588506018	0.552567601428285
MDP1	0.893313007980609	0.0074524702444635	0.294893446232534
IQGAP3	0.468493143137938	0.0503005041530123	0.538331689696436
VPS36	-0.0815455497240976	0.768208396890906	0.943586929618818
TAX1BP1	1.31000726792821	0.0420366908298454	0.530590855842616
CAND1	-0.154184772978045	0.532654854561668	0.864119086080654
GLCCI1	-0.149567476088244	0.526772032873355	0.860813317936701
HOOK3	-1.0002027753406	0.0727515132301291	0.556104825581888
THOC6	0.375358072192263	0.0906430471553243	0.574273896752283
METTL16	0.36810307386736	0.140996123368967	0.628166748181353
PARG	0.849577144169331	0.00281467465739509	0.215791723733624
PPFIBP1	-0.275330266655615	0.316936263442591	0.758064751422134
ZC3HC1	0.53135760640404	0.059347247075755	0.552567601428285
NR2C2AP	-0.487753908403022	0.207698008708642	0.704563414122041
CCDC25	-0.466578093443303	0.0858592850071047	0.565819564228604
CARM1	0.255119392167543	0.130532791156615	0.619021483835492
NIT1	-0.0152720039757277	0.931162046158088	0.981789875912913
COMMD2	0.164859413332174	0.754605748377828	0.939802649806621
HEATR5A	0.220440779258229	0.591483754473869	0.879103479993473
SFR1	0.439942846348195	0.384681024330983	0.782637128231638
DDX42	0.815132885032767	0.23649971406718	0.719869538991393
SPATS2	-0.114823286698243	0.695747433922286	0.917449798267945
CACUL1	-0.0337003032186161	0.859790493144935	0.970317628904121
DNAAF5	0.212586745011997	0.425124304144846	0.806426440238111
PTRH1	1.1480366469389	0.0508936363930401	0.541296479556034
PTOV1	-0.768599138026381	0.0258148608991876	0.470992474556858
HOMER1	-0.274068484103751	0.699824240884717	0.919557862584
CPNE8	-0.342798395823376	0.10807349536364	0.593766348414021
GPSM1	-0.507431082641027	0.490034298022177	0.850625573925289
HPS6	-0.789855460324606	0.0457147732617293	0.538331689696436
IRF2BP1	0.560085226366084	0.623545647823851	0.895647144415212
CAMK1D	0.0704823282916216	0.846754097579843	0.967418528125992
ERC1	-0.0740809312716166	0.694546612638547	0.917419789845604
ZNG1B	1.34919610327499	0.0152858875531963	0.416925385442594
CRLF3	-0.454467204211532	0.0673382810625108	0.552567601428285
ARMC8	-0.0778372279122905	0.820396050520568	0.963289394742228
PLD3	0.71047635186201	0.331347100921118	0.763046333740088
ANKMY2	-0.175530634314455	0.507558281415463	0.854668117334587
ERI1	-0.232352978762943	0.380049885929744	0.779547651916649
LYSMD2	-0.621841350422848	0.257784130268437	0.7297273841445
LIX1L	1.10166231504922	0.279746532949134	0.73703346487028
NUDCD3	-0.220758795139531	0.389359036861692	0.785070216038012
AHNAK2	-0.116934888415337	0.594088525125847	0.879760699803108
KSR1	-0.0253418218211365	0.920850511832837	0.979888151970988
CEP97	0.3936079667467	0.26233034348969	0.73416846398283
NAXD	-0.195031042130378	0.322676950595126	0.758064751422134
MAP7D3	0.701577980159222	0.0814294227290037	0.565819564228604
CCDC117	0.831840692025153	0.0983151192659335	0.580048543599151
FAM114A1	-0.0368840631047078	0.888795056641911	0.975013118863024
GCC2	-0.669747300297157	0.534790912101956	0.86489507078153
ZBTB8OS	-0.0530417934281537	0.839037086481256	0.966586222916986
UBR1	-0.331424749979181	0.24448917020578	0.719869538991393
UBR2	-0.257184824187316	0.675210607449193	0.909897615173014
CHERP	-0.257334730475851	0.573594467346724	0.874273242800095
CDAN1	0.292440514970373	0.193291847741771	0.689005436002903
ANKHD1	1.1353102325418	0.0499449946602396	0.538331689696436
WWC1	-0.256953726283072	0.182579795779535	0.685384808069848
UEVLD	-0.486695889961968	0.322201161078286	0.758064751422134
NELFCD	0.256712366417268	0.202916404260453	0.699206129368912
SIRT2	0.031358708695798	0.897167065420752	0.977375607089511
C9orf40	1.00543904466712	0.326655192978549	0.759339473501041
GPALPP1	0.237439312451912	0.32746750176411	0.759344931626922
RPAP2	0.331811237374879	0.144415181221163	0.631923741847658
DDX60	0.400329391110805	0.706842294881154	0.921897250469917
CMIP	0.271496992587252	0.327302196950854	0.759344931626922
AMN1	-0.403020207937189	0.286575182474227	0.742511659895552
MB21D2	0.63876705803203	0.0471471962750788	0.538331689696436
DIS3L2	0.0997831617803087	0.807943571437807	0.959698550539377
GSPT2	-0.0219002881432786	0.956144886178863	0.990760107653037
EXOC8	-1.25414664419121	0.310226833100126	0.75452748275884
TRMT44	0.371092593611227	0.646130540212169	0.901641608642147
PM20D2	-0.32251412919894	0.169355488367539	0.670859200422543
CMTR2	0.258113131722663	0.362010561836001	0.778353142692269
PHACTR4	0.291239776478378	0.279395393964775	0.73703346487028
TRMT2A	0.444257619537741	0.0837778863432162	0.565819564228604
RPUSD2	0.227425373291958	0.47410374096748	0.836562264759111
ALDH16A1	0.134095945167473	0.606867122403274	0.88513810826063
SCYL3	-0.247119429566499	0.509746389442648	0.854668117334587
XRN1	0.884657713769656	0.0850328691490124	0.565819564228604
PELP1	-0.106191279187101	0.592708215164261	0.879502512824388
ABI1	-0.0382971108271093	0.8850424901207	0.974189105647376
FCSK	0.490691688433657	0.0838417742952896	0.565819564228604
SPART	-0.00730802540471842	0.970844646478914	0.994604195141919
SPICE1	-0.0470315020793031	0.950230253541002	0.988927413187468
TTC5	0.511721933805649	0.142933083474696	0.62888630156278
RPTOR	1.81601987382836	0.103496357037284	0.588924032163919
ADSS1	0.150245213052063	0.675387879839466	0.909897615173014
CCAR2	0.0500024496311369	0.870008157637189	0.972051073159306
VPS52	0.264722298909113	0.215792270433789	0.707219667662893
NUP93	0.0922467788430481	0.560928269108791	0.87139148578027
CMTR1	-0.215569431595412	0.305179704399913	0.751527659666961
LRRC47	0.000120273952553873	0.999470462603355	0.999470462603355
CA13	-0.0263852803646536	0.892286672362968	0.976140155495539
ARHGEF28	0.169884912981608	0.539385442090775	0.865936198209263
RUSC2	-0.334295013073806	0.436444289107518	0.813222776666161
GPD1L	-0.362549300845675	0.109688910747803	0.593766348414021
ARHGAP18	0.0155514706613111	0.924824223977365	0.979888151970988
ASCC3	0.759354699059749	0.21776539255796	0.708555830780985
EHBP1L1	0.376793880157951	0.174234469803796	0.673394630481898
PALS1	-0.472066540352372	0.0198931206155149	0.449728047205401
FNBP4	0.374829570596635	0.528259937412816	0.860937364782623
MINK1	-0.825161613399487	0.308487718665963	0.753307766881715
CARNMT1	0.339173390798685	0.510670363349575	0.855378669606935
OGFOD1	0.105610139292736	0.673629610123471	0.909897615173014
OXR1	-0.675892260760296	0.0360483668207383	0.505374675497154
TTC39C	0.256216596358779	0.277606893426442	0.73703346487028
WDTC1	0.517747267084523	0.0577086849512964	0.552567601428285
RPP25L	0.0885571161973573	0.758737574173167	0.941206890709504
TTC9C	0.148478894718124	0.715472961345904	0.926765398716272
CAMKK1	0.303509475669557	0.290406087549293	0.743793731260107
RFLNB	0.554596077397374	0.264206095276387	0.734312585176351
COMMD1	0.456736876918487	0.26254502679386	0.73416846398283
ARFGAP2	-0.0515146983538415	0.805473952353813	0.95838806291557
OTUD6B	0.323651901287981	0.168843407923965	0.670273722934404
C1orf52	-0.0227022260600052	0.885398401837618	0.974189105647376
METTL13	0.943706973856312	0.24400133040209	0.719869538991393
ARFGAP1	-0.11043594357114	0.515117859558669	0.857136194249352
PAF1	-0.380939512580472	0.557345643556043	0.87139148578027
UBR7	0.323389959216826	0.184372904430946	0.685384808069848
CGAS	0.902073383442087	0.292420038159368	0.744232370861624
ANKRD44	-0.950052538292709	0.162545517502519	0.662220550281281
PTGR2	-0.0140656551471778	0.977344830496149	0.996520910659497
ENAH	1.43916454837741	0.121851163947297	0.610453702356567
ABTB2	0.301773497495549	0.359540413674269	0.778353142692269
RLIG1	-0.362933475591976	0.767869866071152	0.943586929618818
TMEM102	-0.647257691777632	0.579404882894837	0.875802043911464
ASCC1	0.753032737846581	0.429723189940759	0.80796031982446
LRRC57	-0.000809173481265191	0.997476083058388	0.999470462603355
EIF1AD	0.0930553998468326	0.602866827422399	0.882478092646949
USP38	-0.737132521125808	0.0198500654934486	0.449728047205401
MLKL	0.364852231663342	0.11967396163687	0.609018562910238
ANKRD52	0.174799409395433	0.442878787756937	0.818139302625371
AFG2A	-0.292983867049635	0.149246207902345	0.635678292917397
NHLRC2	-0.269506753722453	0.511342136858587	0.85565826281845
AVL9	-0.196489592663575	0.403109782505787	0.792097729311431
SUMF2	2.53398489312062	0.00681683020245137	0.278732612722456
TXNDC5	0.682165333056481	0.155176777230422	0.64744959207251
SPC24	-0.289136809440024	0.583121018485257	0.875802043911464
SERBP1	-0.336297292805725	0.376187545949376	0.779547651916649
FAM98A	-0.418376419310558	0.132727665780187	0.619844936638437
TSEN2	0.674891041809616	0.18534018995853	0.686316254454127
NFATC2IP	-0.709177859096435	0.146069196955053	0.633138568662655
NAXE	0.126587972446064	0.516453394231212	0.857754006646391
SMG8	0.849939952963467	0.0530149286416596	0.552567601428285
RNF214	-1.1344279521763	0.0574283450493671	0.552567601428285
MAPK1IP1L	0.253141040432187	0.579618156198967	0.875802043911464
NPEPL1	0.483830979027971	0.0414327508805724	0.529418483473981
EHBP1	-0.445073848562341	0.0343615354933448	0.505374675497154
ABCF1	-0.0150272066883126	0.948956936672003	0.988927413187468
PIK3C3	0.159728032726147	0.781077694728199	0.948635616039529
GSTCD	0.196613024201536	0.375804731392717	0.779547651916649
DDHD1	-0.946947095304875	0.00495528397380416	0.264281811936222
SHCBP1	0.222953367149564	0.606306879139433	0.88513810826063
APPL2	0.16012635862144	0.730403298851849	0.931024067003577
NAV1	0.654835711647205	0.0919622929310862	0.574569164662814
VPS37A	-0.141811962960553	0.660805953421982	0.905333607728965
FBXO22	0.207813709112948	0.337300949850922	0.763599245697563
LPCAT1	-0.170570345367857	0.650361591028861	0.901641608642147
ZMIZ2	0.14694841349764	0.764521629282536	0.943023452277955
USP32	0.118652910199479	0.64742947545251	0.901641608642147
FLAD1	0.773612968836243	0.0515027984023814	0.546196824555514
FLCN	3.15678514534081	0.00380821284681767	0.241624539246363
NUP43	0.471528709897896	0.143147192029995	0.62888630156278
NUP37	-0.129176821329438	0.837843324559528	0.966586222916986
IPMK	0.737909422064334	0.399288315546152	0.791160368716676
CMAS	-1.72895209785079	0.0477575697138394	0.538331689696436
FBH1	0.267168980524602	0.353197434566214	0.772461665252442
HELB	0.120225473608624	0.809012873053052	0.959757373576799
TTL	0.228623858505692	0.45231134549121	0.82266349741657
MOSPD2	-0.182419152677021	0.381685857887599	0.779547651916649
NEDD1	0.947240930528832	0.0390079080963851	0.520099017753663
CDC26	-0.13653594506453	0.651293736255733	0.901641608642147
WDR36	0.482561978182808	0.503063574757997	0.853830542634419
JOSD2	0.633692134748216	0.0744836642961335	0.556104825581888
WDR48	-0.351692245182651	0.431634318685457	0.80908929656969
CEP76	-0.669329919178118	0.122160017339593	0.610800086697964
PPP1R35	0.434199459508228	0.281353350609768	0.73703346487028
NPLOC4	-0.0225048928017131	0.918263591707137	0.979888151970988
CXorf38	-0.198302479468303	0.580877665204451	0.875802043911464
FBXO30	0.340511429601239	0.0923141171271358	0.575076736700883
SHKBP1	0.563644179317254	0.641415446375391	0.901641608642147
ZCRB1	0.738986429078984	0.0227176475625028	0.453720995529398
RAB3IL1	0.149143111580788	0.515213386325969	0.857136194249352
TMEM167A	0.541518606295078	0.0939118160146146	0.577918867782244
PIP4K2C	-0.0312317117716319	0.872802328297894	0.972418146302755
TRMT10A	0.399418627813674	0.205810983535956	0.702460932330909
TBC1D15	0.00164858855383798	0.995590556407907	0.999470462603355
LRRC20	3.06357849922407	9.22685292602102e-06	0.00377275764086193
IFI44	-0.622912367715571	0.0981753872143153	0.580048543599151
NT5C	-0.34247733889891	0.107599221012868	0.593650874553756
CIP2A	-0.00308764821019736	0.989274565860036	0.999470462603355
URGCP	-0.416191827306136	0.233825282409895	0.719869538991393
BICD2	0.623704195898409	0.442792723623013	0.818139302625371
NEK9	0.189507722729189	0.78006265827149	0.947715609917161
BRIX1	0.348990587772583	0.216231583285938	0.707322454900541
RNASEH2C	0.051493765648047	0.809947965768273	0.959965176962449
GNPDA2	0.00861165627892646	0.966789506600318	0.994604195141919
NEK7	0.599855802717439	0.03927933459872	0.520099017753663
MICAL1	-0.294565085213904	0.736553580152878	0.932559974292751
ELP5	-0.341446737186661	0.219447994120358	0.710887868277215
SSH3	-0.281581161676154	0.137761596323214	0.626387298904916
NSUN6	0.448399404457565	0.747241112167621	0.936169961725469
DTD1	-0.132637373587809	0.627769318280917	0.89684554085447
DCAF11	0.0925962669601077	0.669859754661483	0.909475976071859
TRPC4AP	-0.128420263516819	0.456221589601371	0.822987965555414
CEP192	0.183007026760343	0.850130881695767	0.967753549982409
GEMIN5	0.401892164441975	0.0758491353619211	0.557309617976888
ARHGEF40	0.344031273654398	0.205966126626372	0.702460932330909
RAPGEF6	-1.16708618962002	0.290839036705821	0.743793731260107
PARD3	0.0843330605064239	0.794594779425257	0.953980850234024
IPO4	-0.207812702210468	0.312894644697427	0.756538956955672
PPP4R1	-0.877333083983579	0.401599882815965	0.791160368716676
DYNLRB1	0.285428679709682	0.218056750412738	0.708877068479573
DIS3L	-0.152264943067593	0.770107263566316	0.943586929618818
GIPC3	0.188256198043611	0.555365635208229	0.87139148578027
ABHD5	0.456911778035359	0.0664090872483639	0.552567601428285
SETD7	-0.069995933581886	0.74282673849345	0.9359378885013
SCARB1	-0.522045915536513	0.0411162620028641	0.527205031953101
COG1	-0.109995251756953	0.873326623242013	0.972418146302755
PYROXD1	0.578529482966083	0.0492878369811869	0.538331689696436
SMAP2	1.15045743697944	0.0299605899830003	0.496644014132617
ZC3H15	0.0121270885254177	0.955469209517786	0.990760107653037
TBC1D22A	-0.791025049341251	0.443601355428799	0.818621521254943
CCDC12	-0.351334340952786	0.272568315212721	0.73703346487028
PPP1R13L	-0.166649602361954	0.498719797128249	0.851745553438629
CHURC1	-0.53757165624225	0.110383386898721	0.594164190136431
TMEM263	-0.12320626721506	0.722279212194896	0.929366259047978
HDAC7	0.00273993589932786	0.989080533707622	0.999470462603355
STYX	-0.258771284976724	0.300396783114991	0.74807889916966
NUP133	-0.564466756691537	0.421820545552549	0.806389406562794
PDCD6IP	-0.0842479969135006	0.665331010457068	0.90816695789392
C15orf40	0.0695815689198938	0.794811219243891	0.953980850234024
CHAC2	0.673648369294106	0.0596350261449746	0.552567601428285
CHMP7	-0.100410048865761	0.699913470950485	0.919557862584
LTO1	-0.234814769182012	0.346878478375492	0.770525165098314
CHTF18	0.348080097775899	0.533072103412815	0.864119086080654
NUDCD2	-0.0382369457170526	0.854081972311067	0.968840160681248
SKA2	-0.310578098719482	0.185289748424195	0.686316254454127
ANKRD49	0.491643278692415	0.319238649979713	0.758064751422134
SCFD1	1.98962449069596	0.232995487961858	0.719869538991393
UBLCP1	-0.0975358778720512	0.78678414604045	0.950859000797654
PCNP	-0.226242683062118	0.462200243268484	0.827018619223975
DNAJA4	0.120699586570012	0.593730885942772	0.879760699803108
TRUB1	0.036632866599188	0.896344776734275	0.977299015087573
LMO7	-0.108087257264291	0.598367422386755	0.881944542000306
SPIRE2	0.304037417832902	0.507294998676895	0.854668117334587
ATXN2L	1.12868274758582	0.0330560349857767	0.504940712781536
ARAP3	-0.345901174393983	0.32320749863623	0.758064751422134
PRPF31	0.499616634444195	0.0787282101721798	0.565819564228604
NELFB	0.639802111021783	0.0176091815537002	0.425552917912295
PALLD	0.136665711526067	0.44900203298919	0.820828356383617
GEMIN6	0.733950363479131	0.172288443918295	0.672957067311394
CASKIN2	0.659866138022267	0.165016634695019	0.663673459757018
MADD	-0.0778854845037813	0.736527821448887	0.932559974292751
MYO3B	0.100922666665983	0.625309341658494	0.896081922625879
DNAJC9	-0.135298032685299	0.512466605512574	0.856438287141814
IFT81	0.591127817294304	0.0487683899247647	0.538331689696436
CTNNBL1	0.509813594599244	0.127791366302278	0.617951685078039
ATG4A	0.436916868120655	0.191402881239539	0.689005436002903
LZIC	-0.391291777123129	0.27881090958993	0.73703346487028
IRGQ	0.175179821463168	0.414133953537108	0.800957787325366
DDX1	-0.128639487817985	0.494152886837415	0.851745553438629
SEC14L1	0.107714791187977	0.7609620051318	0.941829957061916
PSMF1	-0.152881453545174	0.644868201876119	0.901641608642147
GBF1	0.3852323140921	0.194130809310224	0.690910423850701
RTF1	-0.0776546080626872	0.756694361787233	0.939802649806621
RGP1	-0.326366628242788	0.18695312039484	0.686992954555453
AP3S1	-0.231514184918858	0.285429241194647	0.742511659895552
TSC1	0.194875257672944	0.492966826933231	0.851745553438629
NDRG1	0.201121515460436	0.223465832302166	0.712612012887322
HSPH1	-0.133659071129458	0.474203501165083	0.836562264759111
CNOT9	0.390254980255261	0.179563440525987	0.679129970334667
MYO18A	-0.109511199276817	0.67486166420948	0.909897615173014
LARP4B	-0.00150242294632719	0.995022666426721	0.999470462603355
GCN1	0.508152504665986	0.0159239397768637	0.416925385442594
ARHGAP45	1.09254709288484	0.125680343007202	0.61667154968867
DHX38	0.853292909685102	0.0106898798190366	0.359473623047746
NUP205	-0.0884592504093469	0.615235734430423	0.888915391717298
ANKS1A	-0.326732835807782	0.274060340676923	0.73703346487028
ANP32B	0.109228340555738	0.622642471507429	0.895320062594479
RABGGTA	0.0840228723967229	0.698862459279345	0.919557862584
PRCC	0.338247811588982	0.547564627538406	0.869300185220593
TFG	0.376738388550457	0.0730783989418198	0.556104825581888
ARPC1A	-0.855055806315715	0.321859227550966	0.758064751422134
HDAC2	1.67576014268186	0.0237409189730169	0.453720995529398
STAM	-1.94426132140939	0.0288390641882306	0.486824569782976
DDX17	0.26036126554402	0.595637278241804	0.880322207514708
KIFAP3	0.38741650811366	0.220837904703014	0.711971635789724
PMM1	-0.48274760034073	0.741196969834063	0.935392609392781
RAD50	-0.846079263928306	0.22303988566397	0.712612012887322
OSTF1	-0.193532086700596	0.509831960159964	0.854668117334587
ARHGEF1	-0.077397716341622	0.699110940546074	0.919557862584
ERCC4	-0.985905688612334	0.452031439520535	0.82266349741657
UFD1	0.531050869002446	0.130237304814677	0.619021483835492
UPF1	0.286068279263304	0.26139463124161	0.73416846398283
COPS5	0.184677415909423	0.505219118535578	0.854668117334587
GPKOW	-0.627721571656096	0.379713069354796	0.779547651916649
SMARCC1	-1.09489714540568	0.123852003002474	0.612601305173529
BAD	-0.533912386688279	0.381724149117881	0.779547651916649
KHSRP	0.0411505217246955	0.85102088911863	0.967753549982409
TNPO1	0.212650393343015	0.420489398730311	0.805279166711595
ARHGEF2	0.435663639929295	0.409881608763677	0.796811579635674
EMG1	0.739868818415221	0.0860758211769278	0.565819564228604
CLP1	-0.0715019481402948	0.694427569496383	0.917419789845604
GLMN	-0.239046836133404	0.320111085783669	0.758064751422134
USP13	0.13001799347894	0.691829181706578	0.916394095034384
USP9X	0.0453936743300254	0.887590445810461	0.974442971534158
USP7	-0.113654623347372	0.666567418750102	0.908516565270328
NAA80	0.285366458518546	0.170818088951913	0.672421332123959
CUL5	0.382427306400402	0.1402618749323	0.627173389733733
LPP	-0.1386813994717	0.581663508819051	0.875802043911464
RBPMS	0.879395430234471	0.00635541279235672	0.271952547393869
PHKB	-0.145610442691439	0.41438831570852	0.800957787325366
TSR2	-0.11887549964549	0.667717629421394	0.909102923678092
HPS3	0.148134834586443	0.499384241772461	0.851745553438629
RFK	-0.71854739501353	0.0134883895547054	0.40688785867959
MYDGF	0.771659947499693	0.0802654867356532	0.565819564228604
BORCS5	0.000330761593595241	0.999257712240107	0.999470462603355
RNF34	-0.104241289774851	0.745535051666937	0.936169961725469
LSM10	0.0392052268917276	0.906892830407886	0.978636655990655
RAB24	-1.05220979357456	0.0354965944206662	0.505374675497154
NEIL2	-0.108472673486872	0.610140866808525	0.88513810826063
ZNF622	0.17391616584462	0.638106614998807	0.901432761303497
WBP2	-0.0900175844085211	0.923162747528138	0.979888151970988
FBXW5	-0.451120188029417	0.255128535056541	0.727664581193394
PSMG2	0.159221387437704	0.526153756856798	0.860813317936701
MRTFA	-0.473067542800447	0.0436538736422029	0.538331689696436
SYAP1	0.27155322715053	0.363111296426014	0.77876947156027
EXOC4	-0.122263436796924	0.672883786834784	0.909897615173014
MAGOHB	-0.221726712293041	0.407408631047953	0.79477002463254
FERMT2	0.826834495047855	0.0565401744410992	0.552567601428285
FUBP1	0.369792387164601	0.145605823634518	0.633138568662655
KIAA1143	0.305832089979273	0.240385211131642	0.719869538991393
RPE	-0.158600994508681	0.439300161177485	0.815420574266068
VPS33A	-0.401426100169392	0.0604393077267246	0.552567601428285
TTC28	-0.183477807291467	0.5214155175086	0.858527563504093
ISG20	0.244275845485671	0.598754124190907	0.881944542000306
ARK2N	-0.000271546389406296	0.998814934263366	0.999470462603355
AKT1S1	-0.449387483954673	0.12643594985008	0.617951685078039
LENG9	-0.0760339862267898	0.68972210273442	0.914658500202763
SH3KBP1	0.137172396068632	0.520907145017059	0.858527563504093
RNF25	1.15575018747262	0.0459769451611411	0.538331689696436
OTULIN	-0.28406749134021	0.24617566922209	0.719869538991393
PPWD1	0.363359746340223	0.451454319549205	0.822451433634195
UPRT	-0.430403340282393	0.402523035203356	0.791707519801364
ATG2B	-0.217258416739121	0.425739867513237	0.806426440238111
ARMC5	0.228551791870515	0.622831347891811	0.895320062594479
EFHD2	0.685565894681034	0.0750722175559666	0.556104825581888
GALM	-0.0446726773833745	0.879688840249159	0.97319591644326
CUSTOS	0.285467794894561	0.20953119164974	0.704871198867554
DCPS	-0.0246268351345122	0.908540006839391	0.978636655990655
PPP1R14B	-0.819710070982929	0.163453212623699	0.662850288411883
BIRC7	-0.286191057969823	0.813548196536481	0.960659100492022
CHMP4C	0.422566985168579	0.10840792387211	0.593766348414021
ISOC1	0.433796172134027	0.437432954053236	0.814240400058628
GCC1	0.571666983371468	0.57493376798852	0.874273242800095
FLYWCH2	0.04929063462518	0.843199237702627	0.966586222916986
HAUS1	2.982419359999	0.00970755603296517	0.346833069915649
CCDC124	0.50402150288442	0.0101057041256371	0.35083953945608
OPTN	0.343564628958376	0.248237620918499	0.719869538991393
AP2M1	0.0957156152086505	0.764137855292657	0.943023452277955
TUBGCP3	0.699100262320808	0.21340351931747	0.707219667662893
NMD3	0.357513633269335	0.42634758664679	0.806426440238111
REPS1	-0.0417571455662475	0.876827910732361	0.972827360110598
NUDT16	-0.483667325726113	0.157443835815268	0.65017989594806
CMBL	-0.163833054594427	0.454957379478841	0.822941099531831
MSI2	-0.171183951520305	0.562852598287963	0.87139148578027
SNRNP40	0.479587618214932	0.513147808779646	0.856848302782656
RMC1	-1.76102650189618	5.71996504158091e-05	0.0123820419723634
ITPKC	0.0979712829534058	0.645662334458014	0.901641608642147
ASB9	0.423727549536384	0.682955215629844	0.913537763924193
SPDL1	-0.0472232857482879	0.884698003553646	0.974189105647376
SIRT1	0.16052686679766	0.352565864597831	0.772461665252442
SEH1L	0.178224669058991	0.450378610793084	0.821357828004369
TCEAL4	-0.15473779316897	0.644014896059383	0.901641608642147
KIFBP	-0.318852859283286	0.162989307541392	0.662763151107537
GNPNAT1	0.432708962014793	0.191844550608409	0.689005436002903
FAM120B	-0.509812177390636	0.0390195006121752	0.520099017753663
KTI12	-0.145681671544924	0.510013909148574	0.854668117334587
L3HYPDH	0.141423660195535	0.434302836166943	0.812110994458512
MOCOS	0.0575082294861637	0.773505733346151	0.944452864169775
RNF31	0.478430189618649	0.315206764620435	0.758064751422134
DAZAP1	-0.228271128744421	0.532175536391608	0.863875595024754
SGTB	-0.306122653122586	0.167477317363991	0.666288138269716
SAAL1	0.612609911024073	0.0230126763746959	0.453720995529398
DYNC2I2	-0.814010309213206	0.28085484694002	0.73703346487028
MVB12A	0.304164340303622	0.164301157802063	0.663511541599417
CYFIP2	0.463084892753841	0.0925639861809416	0.575076736700883
SAT2	-0.457253178952232	0.048021839869506	0.538331689696436
CCDC97	0.980677819008136	0.165937006176841	0.664758068882377
EDC3	0.26617286066319	0.200876138075045	0.697991242493471
S100A16	0.314965404467831	0.335560936088569	0.763599245697563
SIPA1	0.460453835835722	0.136399671619252	0.624707601001161
SCRN2	-0.147313610165309	0.676870140733151	0.909959262116001
OTUB1	0.0434433492499551	0.836915762094476	0.966586222916986
TRMT61A	0.511132036629103	0.0917589813288974	0.574273896752283
HMCES	-0.757915688476665	0.583045190798932	0.875802043911464
CHMP6	0.609008260382467	0.0159411048531943	0.416925385442594
PGM2	-0.301743844474906	0.239462959853832	0.719869538991393
CFAP36	0.668706690582908	0.023496759783991	0.453720995529398
DUS3L	-0.147396160675434	0.46598362802648	0.828815732787552
OTUD5	-0.34465641959547	0.21432197112561	0.707219667662893
LTV1	-0.0731180942121341	0.766564236771329	0.943586929618818
PDXP	0.0581552730051058	0.783992561930598	0.949355915730372
DCUN1D1	0.0219298983581666	0.922621616500028	0.979888151970988
FAHD2A	-0.392295114173837	0.198970040359606	0.696689881146759
TOE1	0.124314976819047	0.488441504504236	0.849463486094324
ATXN7L3B	0.222105150883426	0.433697658963144	0.811391654796325
MASTL	-0.200995498825179	0.257217043796121	0.728682618298481
APIP	-0.105883114625037	0.683368633359489	0.913537763924193
ZC2HC1A	0.753133502339949	0.260549189057315	0.7335055137719
SNF8	0.179511761118739	0.370996072099572	0.779547651916649
PDLIM5	-0.355708197498849	0.143208348018916	0.62888630156278
ERO1A	0.249779034461557	0.794277893108137	0.953980850234024
AHCYL2	0.623439744727513	0.151062472795762	0.639712197800236
NAF1	0.593670113680453	0.0126980406833183	0.396006692496706
SCLY	0.0138469281567595	0.943408010708267	0.986570468714528
AJUBA	0.313349002657226	0.130738734141607	0.619200182292295
LRCH3	-0.708181590657048	0.0545215688818899	0.552567601428285
GMPPA	-0.312377864720418	0.071482220980331	0.556104825581888
ABHD14B	-0.156106551955219	0.566948053004336	0.872436224641228
NGLY1	-0.0688202376035534	0.73292449387366	0.932306303994148
PAWR	-0.60995920933145	0.20714070356614	0.704230014961335
ITCH	-0.453026845377863	0.226080534511652	0.716343336040925
COG3	0.433399588749865	0.252925071949903	0.727664581193394
VPS50	-0.122036466998264	0.695512618121115	0.917449798267945
VCPIP1	-2.39238526544671	0.00119902130523362	0.107619473250237
ELMO2	1.08875838077427	0.0165257419530376	0.416925385442594
ZFP91	0.009729855155161	0.986464365375905	0.99922622201578
PDLIM2	-0.421367945987626	0.142749742422469	0.62888630156278
BTF3L4	-0.661105007278202	0.0624308683845847	0.552567601428285
ZFYVE19	0.026520679834384	0.918357776084323	0.979888151970988
USP47	-0.651060082174343	0.377379331744868	0.779547651916649
PBK	0.16894217811906	0.576117558095171	0.874273242800095
ARL5B	0.0390973202185236	0.885836010590422	0.974189105647376
SCYL1	-0.0812688490562792	0.754424181535495	0.939802649806621
EXOC2	0.609166365381338	0.0827718857917341	0.565819564228604
CNDP2	-0.506103827246342	0.0487930417132116	0.538331689696436
ZFR	-3.73064865962199	0.0658919989672742	0.552567601428285
TRIM47	-0.232984363038756	0.463175373429514	0.827018619223975
PRRC1	0.365979419633529	0.0859958346764068	0.565819564228604
FBXL18	0.99940912503326	0.215817306191693	0.707219667662893
CCDC43	0.0764697500019054	0.666574653866816	0.908516565270328
COG8	-0.362879777835136	0.12446790001219	0.613997147513217
DNAAF10	0.338088382885196	0.568850830447148	0.872601523987288
DOCK7	-0.946765875845848	0.00261796189616062	0.209436951692849
ZMAT2	-0.425245577012063	0.0830583103620369	0.565819564228604
NAP1L5	-0.361299364702585	0.0930308044432917	0.575076736700883
SAMD11	0.196733692318297	0.417215261663861	0.80255651867314
NSUN5	-0.178974477328726	0.551057190797947	0.87139148578027
RPRD1A	0.143121092852919	0.572224416970646	0.874132774782888
AGAP3	1.61245583045311	0.00791731826203794	0.309954587279783
ARAP1	-0.049311117587358	0.864415639894687	0.971312841164106
ACAP3	-0.334332120891343	0.237104410869375	0.719869538991393
IPO9	-0.379215113063463	0.138425096536832	0.626573622700543
INPP4A	0.416096104795354	0.163590399386417	0.662850288411883
RBM14	0.279534582848143	0.214469639221589	0.707219667662893
NEDD4L	0.0419236814581794	0.85226098809928	0.967753549982409
PUS7	0.0236198568834354	0.930277512756184	0.981774362771303
TRNT1	-0.229828172818561	0.274899854751831	0.73703346487028
SMG1	0.0127757367220838	0.977565349858908	0.996520910659497
ALKBH3	-0.530402637326404	0.329874098644651	0.761566300509608
RAB3IP	0.045410151618583	0.939754387297845	0.985469813007498
VPS35	0.198378778086671	0.355713434455098	0.77594868926779
XPO6	-0.252776472115777	0.2855844541302	0.742511659895552
SPAG5	0.727480121612665	0.0246388050253535	0.461253957408519
NACC1	0.0871536425709252	0.776266222841834	0.945913807966209
SNX18	0.532301233451506	0.348645626085442	0.770525165098314
PASK	0.0695987571818577	0.859404554696449	0.970317628904121
CAMKK2	0.0417125150298041	0.967828871848441	0.994604195141919
TGS1	0.326406423757586	0.153557916710548	0.644812776755422
NUDCD1	-0.278197725257392	0.344023890728169	0.770525165098314
FNBP1	-0.100559379148446	0.793123319884121	0.95382150888025
METTL26	-0.7537062747157	0.303419017179118	0.749887161329183
TP53RK	0.00172767628363601	0.991818506685999	0.999470462603355
WRNIP1	0.131241243759142	0.578191442426415	0.875802043911464
RANBP9	-0.32718270505897	0.185763639313923	0.68635561513578
UBL7	-0.242649015283966	0.39572744555268	0.788394452175804
PLEKHF1	0.190474700708531	0.365579877966962	0.778835212521883
SRPK1	0.163428732796209	0.539126249261218	0.865936198209263
CDK5RAP2	4.30438547626023	7.61741617649337e-06	0.00350401144118695
IWS1	-0.772316673277835	0.115784731921005	0.603097897523154
OSBPL9	0.0388240207465422	0.808771373305798	0.959757373576799
ADO	0.0397375947484448	0.886565031199202	0.974189105647376
RUFY1	0.00494702124782975	0.986950796602542	0.999443844660802
MMS19	0.433162035207012	0.0683108926947205	0.552567601428285
NIBAN2	-0.0395063758573428	0.877009581610349	0.972827360110598
TCF12	-0.461657413810453	0.128440353369287	0.617951685078039
MYCBP	0.148569214616231	0.736915444085982	0.932559974292751
TBCB	-0.368591878928228	0.195512532642674	0.692479422642003
PSMB7	0.0261201240867415	0.890159863344304	0.975673679372985
CNN2	0.319895038213964	0.356811822331632	0.777423035038725
PCYT2	-0.280910889282563	0.467640274713066	0.831170431933482
PSMD1	-0.239950356697129	0.17497866087519	0.674970096457755
PFDN5	0.425444712014112	0.0849731222873795	0.565819564228604
PARK7	-0.0695552597654263	0.721670251918263	0.929232514716308
GAS2L1	-0.286272956032143	0.569645876625837	0.873093221983789
EYA3	-0.345327266810916	0.211050324424695	0.70499159575141
VAT1	0.226853871203915	0.19628203467311	0.694536430381775
PLIN2	-0.647918504682103	0.110437039688402	0.594164190136431
DNAJC2	0.0997568468459313	0.738036366890931	0.933324340260696
NUP88	-0.248559735183985	0.50824697072068	0.854668117334587
PIK3R4	-0.310585356812592	0.337394666713108	0.763599245697563
POP1	0.225841017894361	0.424328362914127	0.806426440238111
S100A13	0.11163284954667	0.561032597682301	0.87139148578027
TSNAX	0.634188720843376	0.0328980040888248	0.504940712781536
TTC1	-0.00261709083965656	0.989973660031745	0.999470462603355
DNAJC7	0.154068564402792	0.514983790575396	0.857136194249352
C12orf57	0.489567179794321	0.294223279589499	0.745689854606996
COPS8	0.277031797283108	0.129835561152237	0.618104611953731
CHP1	0.134215611167814	0.765181529484232	0.943023452277955
KIF2C	0.652580339223039	0.00319848709526501	0.224629715413166
MGLL	0.432289632467938	0.243188837580485	0.719869538991393
MTR	-0.032815259207112	0.915073508115645	0.979888151970988
HNRNPAB	0.0165320061030592	0.956723419152845	0.990760107653037
NAP1L4	-0.147926885881454	0.51916362788467	0.858527563504093
OLFM1	0.592878191472508	0.426562404495476	0.806426440238111
TSG101	0.125915501553919	0.488180947823461	0.849463486094324
CPNE1	0.315213076346687	0.350142722164406	0.771110243904855
CCT7	-0.452131891059071	0.0744543039380932	0.556104825581888
HAUS7	0.213175587923018	0.398356579228329	0.791123697550055
PRMT1	0.118423507659006	0.610461494572931	0.88513810826063
BAG1	0.0380687672770748	0.837682490656076	0.966586222916986
DUSP9	-0.939450473330911	0.0896340583745083	0.574273896752283
SH3GL1	0.00285747646193002	0.986313544756043	0.99922622201578
SH3GL2	-0.0814612774583487	0.714405782514422	0.926361268376699
AKAP9	-1.40957744324101	0.183067120932563	0.685384808069848
NCAPG	0.495235093396136	0.0503223101237972	0.538331689696436
ARPC5L	-0.00502453810877057	0.976236452593638	0.996520910659497
C7orf25	-0.296789803203154	0.221373000207401	0.711971635789724
FAM118B	0.384750266128371	0.227748850835932	0.716561969442035
RBM4B	0.265518051375746	0.215425472965416	0.707219667662893
ELAC2	-0.286212007898975	0.12819800423653	0.617951685078039
TRIR	0.129885050373524	0.64075311163282	0.901641608642147
GRWD1	-0.0497066416383198	0.810123963502997	0.959965176962449
MACROD1	-0.0936725220692232	0.669494479068615	0.909475976071859
CMSS1	0.118410755772086	0.643985468966292	0.901641608642147
WDR77	0.186008503460535	0.643580793644624	0.901641608642147
DPH2	0.629332722187968	0.255180092315777	0.727664581193394
APOL2	0.172545904988347	0.484683132173624	0.846425732617811
MYBBP1A	-0.668491498783943	0.259659353561582	0.733343377672004
NUDT12	-0.73001988613003	0.30125145042031	0.74845557356245
AIF1L	-0.38946618127202	0.594655129007067	0.879907870826701
FERMT1	0.249988726330091	0.301362675196434	0.74845557356245
FYCO1	0.48637481069234	0.560052309987799	0.87139148578027
ACBD6	0.219326127090348	0.372030031520464	0.779547651916649
CORO1B	0.105802058300917	0.544121043503583	0.867576013905193
NAA38	0.122673204048176	0.767785518974	0.943586929618818
TXNDC17	0.116894136660189	0.620920426350186	0.894807456572132
CPPED1	0.124357984723389	0.732216744066768	0.931728083736413
VPS25	-0.132772426623589	0.658720179690735	0.904173913189819
CHLSN	-0.0179683070849777	0.951064557537109	0.989319509388501
PDCD2L	0.464191138558757	0.34096727339318	0.767906711191494
PAAF1	-0.24780904638763	0.15938533374018	0.656082805552417
PYM1	-0.0746148690563579	0.764956098399637	0.943023452277955
PYGO2	0.312456752258424	0.274253234888171	0.73703346487028
NUDT22	-0.238506544578499	0.627079195143046	0.89684554085447
AIFM2	-1.14528577458497	0.0719733342234225	0.556104825581888
RIOK1	0.109001145782159	0.537661414092905	0.865936198209263
MIEN1	-0.0402068685405617	0.862064681939947	0.970470672850957
LLPH	0.0572291892506342	0.881839524584073	0.97319591644326
GINS4	-1.41124860838321	0.187056233821892	0.686992954555453
PELO	0.0155360682098404	0.951988001753767	0.989637244760978
GINS3	0.107931988851973	0.70098120343731	0.920328137843444
ATG101	-0.46481358255409	0.0923562866530904	0.575076736700883
NTPCR	-0.236595675018098	0.444232137531756	0.819025183425281
TUBGCP2	0.641715736864491	0.170908169818301	0.672421332123959
ESYT1	0.402899606142977	0.226803551979062	0.716343336040925
UBAC1	0.194447751674268	0.367171010238766	0.779248733114573
TSEN34	0.137063333574343	0.57611380499792	0.874273242800095
HAUS8	0.141410696970141	0.656190567060142	0.90329185281091
PSMG3	-0.0734388136761233	0.676088357263174	0.909897615173014
COPS4	0.0329261489055526	0.897901528505317	0.977525201066195
RBM42	0.227340137662441	0.244803416835004	0.719869538991393
MCMBP	-0.370765622680217	0.291646656571588	0.743793731260107
AARSD1	-0.435508004045047	0.33198954122024	0.763046333740088
DCUN1D5	0.0396177087254657	0.900404705505794	0.97800747233215
PAGR1	0.0151796856169781	0.973252637691862	0.994604195141919
URM1	0.0923390672949154	0.764609819255144	0.943023452277955
ANP32E	0.0992896144146016	0.58230697375238	0.875802043911464
FSD1	-0.426081597019049	0.354551262260749	0.774331540130301
TBCD	-0.118290899019041	0.499952439258099	0.851745553438629
TTPAL	-0.158357675654091	0.448733796711962	0.820828356383617
HGH1	-0.083818625076912	0.70099993760195	0.920328137843444
THTPA	-0.295915348927014	0.222818979721059	0.712612012887322
DOHH	-0.111822662683807	0.702748970650632	0.920981556978036
MKNK1	0.597559709152769	0.0157951866811081	0.416925385442594
TUBB6	0.0850472698708131	0.684502718068305	0.913537763924193
POLR3C	0.12005143786995	0.692026953831672	0.916394095034384
HNRNPUL1	-0.284333729143768	0.123511770755217	0.612565116414016
PDCD10	0.00874478483623164	0.958452712838264	0.990760107653037
RPP25	-0.356959459912247	0.447116563210974	0.820664856450381
EFHD1	-0.382054262948678	0.0376671300347155	0.51503392362758
DDX23	-0.107681866129752	0.533499609667186	0.864119086080654
WRAP53	0.176595056913193	0.290847356355783	0.743793731260107
BDH2	-0.315646483991376	0.279001869965831	0.73703346487028
BBLN	0.324511697606091	0.558728305993379	0.87139148578027
C1orf50	0.348271560215331	0.0661523594692976	0.552567601428285
MRI1	-0.050098994844511	0.828644899429144	0.966586222916986
CCDC32	0.354154264831209	0.631063544345116	0.897339197523195
WDR18	0.945233063486683	0.220961396860721	0.711971635789724
THUMPD3	-0.136656097020037	0.465880422155535	0.828815732787552
ADI1	-0.417161821336613	0.164645735502369	0.663632318344709
CEP250	0.661130136062251	0.0475246213176288	0.538331689696436
NTMT1	0.0037441526651385	0.991121061029351	0.999470462603355
KATNB1	0.793503799623448	0.235821973520781	0.719869538991393
DSCC1	0.0282010662672789	0.896459110092312	0.977299015087573
MLST8	0.156151524498455	0.477083175740394	0.839629883655978
KIFC3	0.188849418368136	0.689241494239758	0.914350648450724
DUSP23	-0.159462988009402	0.340224148989788	0.7669903921279
TMED9	0.514960785778214	0.19332967237113	0.689005436002903
SELENOO	-0.0425100022890987	0.871899196279842	0.972418146302755
DPCD	-0.57159807197629	0.0363498618258891	0.505374675497154
GNL3	0.625731879279947	0.0582648625080008	0.552567601428285
AFG2B	-0.261332507713835	0.273701682189047	0.73703346487028
RIOK2	-0.349415620132635	0.562224112291041	0.87139148578027
TIPIN	0.456354421017966	0.0454687337552017	0.538331689696436
NUP85	0.0258609349489411	0.885633437887218	0.974189105647376
DDA1	0.154723596176829	0.567638791487615	0.872491607540926
IFT27	0.0572545400953004	0.828565389541057	0.966586222916986
YJU2	0.416192880047561	0.114567897187876	0.598877644391169
NUDT9	-0.0911886184219313	0.846631819188938	0.967418528125992
ACAT2	0.413089315363109	0.25381603700718	0.727664581193394
REPIN1	0.0959013336025691	0.639836698468504	0.901641608642147
RBM4	0.607739658332179	0.110032243243967	0.593766348414021
SSBP4	0.701441762267613	0.346828796753058	0.770525165098314
SCNM1	-0.349363647983878	0.62801964295584	0.89684554085447
RPAP1	-0.0162156331477874	0.935087314429	0.983177519171063
CYREN	-0.34540611322371	0.277144202091654	0.73703346487028
SLC4A1AP	0.190402939773868	0.445803843701784	0.82035325522536
SSBP3	-0.321804211610353	0.613764380179114	0.888184396012245
OSBPL10	0.431312790742986	0.152892889809449	0.644496946733989
NAA15	-0.209559552223912	0.362103418556838	0.778353142692269
SRRT	0.535342142591226	0.308759358816987	0.753471114354452
QTRT1	-0.206797979798075	0.478526156840155	0.841364671367305
AP1M1	0.632885615939401	0.0469554023022363	0.538331689696436
NUSAP1	0.68230676709576	0.191967717973518	0.689005436002903
GON7	-0.195007999786746	0.642627209930006	0.901641608642147
FANCD2	0.142688587631422	0.746323005858907	0.936169961725469
ITPA	-0.411994135874529	0.0699478278099832	0.552567601428285
RTF2	0.220091153135943	0.511767346865057	0.85565826281845
CHMP4A	0.104535322832852	0.573547080626842	0.874273242800095
EIF2A	-0.0384086821182592	0.842126924437783	0.966586222916986
GNB1L	-0.301001025418284	0.172045393500251	0.672957067311394
NIFK	0.316551341611738	0.298328183507575	0.74807889916966
YTHDF1	0.0495490122996891	0.880593221851925	0.97319591644326
SRXN1	0.417642568958804	0.111814379114375	0.594508973506666
NLN	-0.00870665063166243	0.957466324532925	0.990760107653037
CEP41	-0.301264265713701	0.646952925744444	0.901641608642147
TBC1D2	0.231829894932268	0.449678623637317	0.821357828004369
POTEKP	0.124271024991895	0.896621450906741	0.977299015087573
LDHAL6B	0.924281311601128	0.455365880179919	0.822941099531831
PANK2	-0.0841399214010465	0.592172384591396	0.879493138207219
NUF2	0.0143666697341374	0.971555873669717	0.994604195141919
PUS3	0.28270307224988	0.366842639577077	0.779248733114573
GTPBP4	0.376755217946545	0.333705382623192	0.763502231094041
ASPSCR1	-0.779115310271997	0.0502669382351411	0.538331689696436
DPH1	0.166641161865577	0.679422822789265	0.911179295868985
WDR11	-0.739475778372245	0.557539294073996	0.87139148578027
TBL1XR1	0.0251609143415052	0.923623907282004	0.979888151970988
NIBAN1	0.15522445733157	0.60211475069943	0.882118397128027
UBXN6	-0.974538146551673	0.113846385688012	0.598506713331262
UCK2	0.0196370994777837	0.93480813870225	0.98316489008982
API5	1.05448394166753	0.135423349747906	0.623608389175868
DPY30	0.447634045115613	0.144911828293996	0.633138568662655
TRIM2	0.376616659258612	0.215005889044254	0.707219667662893
FTO	-0.0602315211368669	0.795434798507038	0.954261490675309
TANGO6	0.166278538324825	0.539352686577895	0.865936198209263
TNKS1BP1	0.101192305928343	0.580477417376099	0.875802043911464
AMBRA1	-0.584158127659823	0.061660961729944	0.552567601428285
UBE2O	-0.162835944090947	0.374389199546894	0.779547651916649
ZYG11B	0.109156649717427	0.562199404268388	0.87139148578027
XPO4	0.25058222985778	0.431791408563237	0.80908929656969
CEP44	0.294604689556408	0.164850257584522	0.663673459757018
MTMR12	0.338061596738239	0.390962331184301	0.785070216038012
WDR12	-0.12753693867635	0.552951396000461	0.87139148578027
ACTR6	0.219723442698086	0.302896826703715	0.749603444700518
ADISSP	-0.373785321650558	0.053167967168863	0.552567601428285
PITHD1	-0.321447308169809	0.22134581645129	0.711971635789724
IMUP	0.274652159919238	0.298305334449651	0.74807889916966
COMMD5	0.208794495254431	0.33163172112946	0.763046333740088
DDX24	0.11969718070754	0.593652469190513	0.879760699803108
SKIC8	0.0893364433645054	0.767172584457738	0.943586929618818
NIF3L1	0.91686386057556	0.0534347134428848	0.552567601428285
EGLN1	0.616846438142943	0.0846318445268268	0.565819564228604
PSME3IP1	0.237568983716059	0.39263856646027	0.78527713292054
NAA50	-0.184220754181421	0.488406197281769	0.849463486094324
UBA5	0.367092328969136	0.286981463411402	0.742680580417692
LHPP	-0.0713817188639858	0.852701660609837	0.967903180457804
PAIP1	0.0394067112985574	0.840855734108821	0.966586222916986
FAM107B	-0.74590051929173	0.0476212263643986	0.538331689696436
COMMD4	0.254223194026032	0.267663359206416	0.734312585176351
KLC2	-0.0836529299523079	0.621015827197072	0.894807456572132
ILKAP	0.231575200619794	0.307554525939794	0.751527659666961
XRN2	-0.0748241426868574	0.779996379244455	0.947715609917161
SHARPIN	0.773070711386957	0.049582579419344	0.538331689696436
TKTL2	-1.38377979424422	0.00608255341208355	0.269684295861054
SIK2	-1.37196931672265	0.0103054368892787	0.354429978995755
PUS7L	-0.461413545953622	0.0145293550036057	0.416925385442594
CSTF2T	0.824515279447485	0.0275000264588455	0.481682768201068
PCBD2	0.137762136730064	0.436225863876974	0.813222776666161
NT5C3A	-0.144716243070448	0.470934687935543	0.834079127849005
HDHD2	-0.387850741893921	0.0462100794115869	0.538331689696436
GABARAPL1	0.128530364346084	0.682567849083896	0.913537763924193
DDX47	0.676974255968332	0.0421012309527293	0.530590855842616
RAB1B	0.187013523246101	0.268871814995352	0.735418613944471
TSPYL1	0.10831509692558	0.729721711206	0.931024067003577
SMG9	-0.173447481124448	0.521015123919964	0.858527563504093
BKGD	-0.380390300620519	0.514073552173914	0.857136194249352
ANAPC1	0.365817565129952	0.0729503159014732	0.556104825581888
POLR3F	-0.261090821715875	0.280025992969637	0.73703346487028
NUCKS1	-0.000971708331000798	0.997529965856235	0.999470462603355
KIF13A	-0.599269534081834	0.41440859431182	0.800957787325366
ASCC2	0.323828532141981	0.519981787544636	0.858527563504093
RBSN	-1.15427928595071	0.166008876441007	0.664758068882377
OSBPL2	0.761938948178901	0.265727338686036	0.734312585176351
ATG5	0.0157178296072757	0.939429442331212	0.985469813007498
EHD4	-0.9853944778563	0.0310904407603669	0.503394831757217
VPS33B	0.605479946197121	0.139907586921263	0.627113178891896
VPS16	0.969801917258224	0.0186140913877723	0.441934556819367
SH3BGRL3	0.0834970016275491	0.733292766680647	0.932452446919413
GAN	0.27228905922297	0.227901368414627	0.716561969442035
SLK	-0.213716914597114	0.217352936185739	0.707839650587186
PPIL3	-0.411543106686445	0.069971875615647	0.552567601428285
PDCL3	0.791770631397252	0.0241075476772515	0.456207154255688
RAB3GAP2	-0.498105093548638	0.293543326939727	0.744992719405653
DPH5	0.137509256759877	0.639043195397951	0.901641608642147
DHX36	0.823927977108212	0.10955621420325	0.593766348414021
PPA2	0.101745302629727	0.80206743414477	0.956937804106015
TRIT1	0.904198940849334	0.453648232900757	0.82266349741657
C11orf68	0.160135469887919	0.595914186028615	0.880354959689001
BOLA2	-0.399104071231324	0.229473595902164	0.717210396625878
TXNIP	0.476677310273899	0.675743296399643	0.909897615173014
NELFA	0.0534270120321167	0.90424776884784	0.978636655990655
ACBD3	-0.00863015493643005	0.966529312951237	0.994604195141919
CDC42EP4	-0.0679572855104489	0.801309193305142	0.956937804106015
PTPN23	0.0233327909250711	0.905443535494528	0.978636655990655
UNC45A	-0.0669035459945135	0.80637773347088	0.958485161231537
DSN1	0.269793577153756	0.600906714944063	0.882118397128027
C1orf198	0.159098654951347	0.546500773471631	0.868909653837199
CHMP4B	0.0415365981057683	0.81203791507397	0.960659100492022
RWDD1	0.304723261350016	0.160312460780087	0.65916184991142
CUEDC2	-0.681710790778627	0.0173575854136667	0.425552917912295
TOR1AIP2	-0.172192504387795	0.481168010210463	0.84238738229044
WNK1	-0.379191086752044	0.0628841884030145	0.552567601428285
RNPEP	-0.204760398135683	0.253740326506702	0.727664581193394
GOLPH3	0.503595639505861	0.260912694980276	0.7335055137719
EPB41L1	-0.945252311564587	0.157202421486853	0.65017989594806
FAM83D	0.156070108317365	0.447380092577192	0.820664856450381
SMARCAD1	-3.34329668991131	0.0311885928371319	0.503394831757217
EHD1	-0.0143162185167434	0.941215488087762	0.985469813007498
PCIF1	0.31579884632816	0.438126981261947	0.814641925226938
HEATR1	-0.0307547696159318	0.980298680207381	0.996689516214407
RABEP2	-0.341329971292673	0.121347400007002	0.609571179698893
STEEP1	0.393165168868769	0.0491896956799406	0.538331689696436
CIAO2A	-0.0475242455550529	0.818375220683239	0.963102274420953
BICC1	-1.43312486169299	0.000551447500678471	0.0579807657856221
HAUS4	0.0630799347409265	0.768556150745842	0.943586929618818
TUT1	-1.69084268197129	0.101396699478929	0.583424141550902
CIAO3	0.644436594110132	0.263804190868698	0.734312585176351
YTHDC2	-0.0849698476222365	0.730643313303145	0.931024067003577
EPS8L2	0.164585646985749	0.65344515495886	0.901641608642147
RPAP3	0.293881874391474	0.135048567629477	0.623608389175868
WDR55	0.213261437684316	0.460953027580142	0.826257740621005
RANBP3	0.192130130554542	0.309216669767111	0.754087040916481
DCTPP1	0.147362528716446	0.701289104259907	0.92037942356507
SH2D4A	0.529522771430972	0.241825906845784	0.719869538991393
RPF2	0.206137609174881	0.32386406029625	0.758535250505542
SYNC	0.0261496457596451	0.924866145582594	0.979888151970988
DOCK5	0.549493833611134	0.0363924698387897	0.505374675497154
WDR26	0.736522532503475	0.108894387898813	0.593766348414021
C8orf33	0.111950361896962	0.585291601419095	0.876342221226867
PLEKHG2	0.319153614605675	0.64398485165879	0.901641608642147
PHAX	0.0528109168798494	0.84248248722945	0.966586222916986
UBE2Z	-0.328839655462584	0.216235332810088	0.707322454900541
TUBA4B	-0.177122777699019	0.514897027942513	0.857136194249352
VCPKMT	-0.844450144377198	0.303213014978814	0.749881649947604
RMND5A	0.392882157372341	0.506196218312378	0.854668117334587
MINDY3	-0.0308649619842818	0.897892531954301	0.977525201066195
AKTIP	-0.285864859705754	0.652743209889316	0.901641608642147
ANKZF1	-0.0454862371548508	0.85723302678067	0.970016229672889
GORASP2	0.215959580039673	0.378770627514517	0.779547651916649
ZWILCH	-0.00169368885434906	0.993639795174855	0.999470462603355
JPT2	0.261804852600207	0.32304316648065	0.758064751422134
QTRT2	-0.425942674546089	0.201556482079026	0.698036583591567
WDR54	-0.318799185655337	0.281124908454962	0.73703346487028
ACTR8	-0.0224408269987748	0.911378883594284	0.978636655990655
MARCHF7	-0.222855057796586	0.650841354229233	0.901641608642147
DCPH1	0.352205763676849	0.154145892944398	0.644812776755422
PANK3	-0.179129393884139	0.55710598613993	0.87139148578027
CNOT10	-0.235213596716473	0.424874114281663	0.806426440238111
LRRC40	-0.137875282671406	0.518535866078092	0.858527563504093
VIPAS39	0.0636811818645029	0.801651680315475	0.956937804106015
COG4	0.0355689337498717	0.906419522537996	0.978636655990655
ACTR5	0.0398490976012056	0.835659303752417	0.966586222916986
VPS37B	-0.823681447128436	0.0907344974280167	0.574273896752283
COPS7B	-0.902084387899812	0.123256474718551	0.612123923028702
NHEJ1	0.301450157225133	0.208447582200206	0.704563414122041
ELP3	-0.133433786840847	0.553893607571224	0.87139148578027
JMJD4	-0.487932773414542	0.0555284922651774	0.552567601428285
GPN2	1.34868772657137	0.154336286460167	0.644812776755422
POLR1B	0.123179610096916	0.656598294767381	0.90329185281091
UCK1	-0.156474427135947	0.676301267094258	0.909897615173014
FN3KRP	0.550820004846308	0.239528993939424	0.719869538991393
PPCS	-0.261143254806584	0.472297929514489	0.835202489482614
WDR41	0.0219173474396861	0.951144680493619	0.989319509388501
C17orf75	0.191955020397224	0.714908005586147	0.926464898926984
PLEKHA5	0.208477424108604	0.500001714748543	0.851745553438629
UPF2	-0.405892164566243	0.0381303726299431	0.517785133867862
XPO5	-0.135116870972908	0.568571303469187	0.872601523987288
CLSPN	-0.63747233293039	0.13467648181464	0.623608389175868
MYG1	-0.289349242153914	0.207250300598675	0.704230014961335
BCL2L12	0.238227555023538	0.442415452302019	0.818139302625371
PLEKHA2	-0.0382235775940032	0.862334827466088	0.970470672850957
CACYBP	-0.288274178593763	0.321419992905794	0.758064751422134
FANCE	0.209468656600389	0.56378775474652	0.872408323884776
PARVB	0.235538847628316	0.348589231444388	0.770525165098314
NMRAL1	-0.162038410783374	0.564641002813134	0.872436224641228
SPC25	-0.476021588096692	0.125176019622266	0.615839240922381
ETNK1	-0.28391396049113	0.365967630773712	0.778835212521883
EML4	-0.750718287220383	0.0986052791827163	0.580048543599151
GLOD4	-0.00738374612583925	0.96742529563277	0.994604195141919
TANC2	0.547535568228863	0.499401455673654	0.851745553438629
MOV10	0.0753670826519617	0.804260159111053	0.958134472492287
GPN1	0.099060947827887	0.635820350023775	0.899301342005888
XAB2	0.913100970479505	0.213748152743101	0.707219667662893
SRA1	-0.237065718093664	0.336746543793649	0.763599245697563
GOPC	0.0468105169261577	0.819162738708678	0.963289394742228
SEPSECS	-0.309739860370641	0.197797145739153	0.696505402243418
CHMP1A	0.186603903055932	0.583587614242203	0.875857430836586
MYO10	0.678391803336421	0.0122987790650153	0.39149013374962
WDR6	0.0323777556123126	0.911383220269078	0.978636655990655
TUFT1	-0.0635630743942599	0.835455606056484	0.966586222916986
SH2D2A	0.705794592725177	0.0487926125133561	0.538331689696436
ARFGAP3	0.0810033684976901	0.747665168200982	0.936169961725469
RAB18	0.924724412863767	0.00424046885823281	0.258142856644708
PALMD	-0.0792662452925086	0.665129104391472	0.90816695789392
SSU72	-0.0201191676171035	0.906301430305433	0.978636655990655
VTA1	0.0142340583138889	0.949904808551339	0.988927413187468
MID1IP1	0.0500102807947087	0.820094606394158	0.963289394742228
ENY2	0.0523560909818919	0.903502496072007	0.978636655990655
EXOSC4	-0.051683472934652	0.797037814077978	0.954784881447578
UBE2T	-0.13811027262232	0.458399630281901	0.825298747278569
NOP10	-0.53895112554893	0.0846919952037266	0.565819564228604
OSGEP	-0.000447840681310652	0.998604123880474	0.999470462603355
DCP1A	-0.325860728566578	0.254638085970682	0.727664581193394
ACOT13	-0.389017971740454	0.167024318254005	0.665925775920627
MED4	-0.175557548165997	0.746230237864243	0.936169961725469
RIC8A	1.0843851785373	0.00630974962975005	0.271952547393869
LUC7L	0.19187254380714	0.5025739393755	0.853471203000387
LZTFL1	0.468708796648052	0.0687490784502473	0.552567601428285
TIGAR	0.264369561328515	0.817841705996843	0.963090392981882
WASH6P	0.769388888632889	0.622379166535854	0.895320062594479
JADE2	-0.268383323342245	0.582726224069339	0.875802043911464
RTN4	0.92002909859405	0.00654419541270264	0.276335865809574
HINT3	0.745200251383125	0.40157748008628	0.791160368716676
RPRD1B	0.0562798698776348	0.791330165424143	0.952910670406036
PFDN4	-0.0531771894857158	0.871141902673747	0.972418146302755
NIT2	-0.120084062506109	0.770254113199709	0.943586929618818
AVEN	0.217783518923575	0.380915389866672	0.779547651916649
EXOSC5	-0.132044965510893	0.44858127869452	0.820828356383617
EXOSC3	-0.36401726610357	0.282423679574827	0.738677427743683
KIF13B	-0.30926770018398	0.521175612882191	0.858527563504093
XPNPEP1	-0.392907930538534	0.226486866581461	0.716343336040925
GPHN	-0.178480348456574	0.508794048011604	0.854668117334587
BIN3	0.359800905827136	0.227361145786902	0.716343336040925
STARD7	0.491775860934045	0.381669616243859	0.779547651916649
BIRC6	-0.214900617670907	0.465679855254629	0.828815732787552
PDLIM7	0.136544100547688	0.575304522136478	0.874273242800095
ACSS2	-1.03297889632567	0.0423454727352282	0.531732977429042
DDX21	-0.552316597959944	0.0633903608043687	0.552567601428285
SAR1A	-0.0988993797698612	0.912419121386939	0.978636655990655
POLE4	-0.0801617822224614	0.719199886112301	0.928735659216521
NANS	-0.126327470388588	0.55145567467116	0.87139148578027
SH3GLB2	0.862580300502273	0.323065596876414	0.758064751422134
EIF2B3	-0.31251803799228	0.229909963563866	0.717615492718429
SH2B1	-1.39063787042136	0.0350520544687782	0.505374675497154
CTPS2	-0.117504364042382	0.582276856175034	0.875802043911464
POLE3	-0.257737931172713	0.320303120093991	0.758064751422134
CHRAC1	-0.0936451399478528	0.640915114683842	0.901641608642147
PRTFDC1	0.113370507581536	0.484415285746093	0.846425732617811
SMYD2	-1.23618553783733	0.189405765954726	0.689005436002903
YAE1	0.297899122629005	0.233158835334498	0.719869538991393
STRN4	0.143273213409262	0.704883519572128	0.921456371189511
AASDHPPT	-0.37498614781224	0.239272795975245	0.719869538991393
METTL5	-0.171341928868806	0.426629725687235	0.806426440238111
UBQLN4	0.787098653857434	0.12068246336691	0.609018562910238
SNX15	-0.291291595217029	0.232791221007765	0.719869538991393
HEBP1	-0.0258883254565276	0.902176750361472	0.978636655990655
VPS45	1.21128835642239	0.106018794658651	0.59216445637777
PNO1	-0.149476394328339	0.480938077432329	0.84238738229044
PHPT1	0.00860382638519752	0.983039612701057	0.997679474555954
ARHGAP35	0.349176984420954	0.292637030260622	0.744232392093358
FAM114A2	-0.521658874147413	0.0835533132922103	0.565819564228604
LANCL2	-0.864743483638634	0.0884509715415996	0.57306263252304
KIF15	0.0977337429785834	0.600246712965687	0.882118397128027
HOMER3	0.0463319227422048	0.881403262616503	0.97319591644326
FARSB	0.263992440878237	0.178029712409217	0.678580704802525
SLX9	0.363985406718186	0.208205113071375	0.704563414122041
KLC4	0.0859227437558623	0.65249928232975	0.901641608642147
DIAPH3	-0.270175557577936	0.347056956327703	0.770525165098314
ATG3	-0.0403747160749468	0.872967872729273	0.972418146302755
SMC4	-1.54365332101678	0.00428573239436176	0.258142856644708
OLA1	-0.490820299653372	0.0338615851860078	0.505374675497154
CUTC	0.058044646068705	0.763212122906783	0.943023452277955
ECHDC1	-0.0171360204346769	0.931936748650734	0.981828581458546
RBM12	0.553220479790291	0.311639067643622	0.755750453969275
PDRG1	1.34926555252753	0.000209710926520261	0.0308694483837824
TCP11L1	0.700530706202436	0.0406061925079217	0.524818409901258
STAU2	-0.213092481529202	0.455877834249478	0.822941099531831
BLOC1S4	-0.137229353432602	0.594059556211596	0.879760699803108
LIN7C	-1.22477385974084	0.256254091241864	0.727664581193394
TXLNG	0.123529214628153	0.764266498736363	0.943023452277955
SPATS2L	0.753693561077728	0.00323515622741789	0.224629715413166
ABCF3	0.513150645429548	0.275951068005309	0.73703346487028
CYRIB	0.514161704811567	0.0341181144771406	0.505374675497154
AP5S1	0.354992565723254	0.702082964372156	0.920680023184514
DDX19A	-0.000274559892815773	0.999190212060431	0.999470462603355
TDP1	0.191803581512357	0.546568904194287	0.868909653837199
TBC1D23	0.793000199929629	0.0282726842204975	0.481682768201068
DCAF13	0.640144094205695	0.307389551924585	0.751527659666961
NUDT15	-0.0143460104066513	0.958157379083351	0.990760107653037
EXOC1	1.01246306190848	0.2051830350663	0.701089664850497
INTS9	0.21173237366105	0.532092135437212	0.863875595024754
SEPTIN11	-0.197389207629239	0.623332619547096	0.895647144415212
PARVA	0.153516776170246	0.381174257096811	0.779547651916649
PANK4	-0.571470354895478	0.0666281619605993	0.552567601428285
TBC1D13	-0.270240286744013	0.381692427006706	0.779547651916649
INTS7	-0.379167861184538	0.236209217480636	0.719869538991393
FANCI	0.229339591879029	0.318973282504739	0.758064751422134
PRMT7	0.0135539521870029	0.953608697703932	0.990482643960053
DNAJC17	0.127521526888977	0.684967800232273	0.913537763924193
INTS13	-0.129638715166656	0.541350778714495	0.867249826068443
RIC8B	-0.546137713744059	0.546846401708411	0.868909653837199
GNL3L	0.963599381447207	0.0151636463872443	0.416925385442594
ASF1B	0.177084862148778	0.350408308184285	0.771233596960627
FAIM	-0.0997170434965184	0.526287223694103	0.860813317936701
KLHL11	1.29167109582657	0.0742440583304313	0.556104825581888
DNAAF2	-0.423690894349903	0.0623234110327762	0.552567601428285
PNPO	0.140284291323077	0.473235668451078	0.836285816477765
ARMC1	0.247788889568145	0.14629097365297	0.633353862403446
HAUS2	0.27047993663664	0.642658717773295	0.901641608642147
NLE1	0.0687031823770923	0.812266988487069	0.960659100492022
KBTBD4	-0.0810021371458731	0.787795906969817	0.950903141186144
NECAP2	-0.318756138867357	0.479348432480878	0.841594702502851
POLR3B	-0.251010479603227	0.347193968734401	0.770525165098314
RBM28	-1.70044602498586	0.112350574153421	0.594508973506666
RBM22	0.216621163030023	0.495880623596533	0.851745553438629
BSDC1	-0.232524619162614	0.546765937154235	0.868909653837199
GPATCH2	-0.0854767065416375	0.728625195061091	0.931024067003577
WDR70	0.0311922519559964	0.900091161282678	0.977955557579053
ASNSD1	-0.106174344919417	0.790116889209668	0.95207274141833
CUEDC1	-0.624084688785693	0.203941550681088	0.699206129368912
C14orf119	-0.291085627522349	0.28774370474268	0.743140725724652
PIH1D1	0.188861433897792	0.335080372419765	0.763599245697563
HIF1AN	0.280208011436237	0.191666143887784	0.689005436002903
GID8	-0.317388299544319	0.210381745515737	0.70499159575141
BABAM1	-0.534674474519566	0.0437368477287967	0.538331689696436
ASB6	0.223785780893618	0.247358541273137	0.719869538991393
HPF1	0.269902950165001	0.186517051591658	0.686992954555453
IRAK4	-0.200231599486496	0.479853407667715	0.841687578749852
UCKL1	-0.556184724632935	0.0561061419280273	0.552567601428285
TXNL4B	0.362070469063646	0.317008204045992	0.758064751422134
COMMD8	-0.129284894437859	0.678472823786042	0.910236963737745
ADPRS	-0.0856278463075846	0.628114455385535	0.89684554085447
HYPK	0.124687752518742	0.605669622426789	0.88513810826063
DUS2	0.0862374887936994	0.685434084360283	0.913581104833698
SIRT5	0.0821458607316465	0.830988124055145	0.966586222916986
MIOS	-0.27605649033169	0.666077628971585	0.908516565270328
DCAF16	-0.607344641425691	0.263927673433593	0.734312585176351
THUMPD1	-0.691222192102707	0.0671118162149687	0.552567601428285
TRMT1	0.0551927747244036	0.805008110268674	0.95838806291557
FBXL12	-0.794635392891131	0.0321970845531727	0.504940712781536
GDAP2	0.0789584619732153	0.837420209723871	0.966586222916986
NDE1	-0.67011019323169	0.424375518901761	0.806426440238111
BABAM2	0.297044936445694	0.206995894750908	0.704230014961335
PPP4R2	-1.32730017939836	0.161899318647012	0.661253598913435
DPP3	-0.30008606007025	0.0958335351226494	0.579092626028489
DDX56	-0.479894713343995	0.580803292499084	0.875802043911464
SPHK1	0.331799090352291	0.268795075573896	0.735418613944471
TERF2IP	0.119425901325222	0.48989285596222	0.850625573925289
ABI2	-0.039137283682706	0.838798614256237	0.966586222916986
UTP6	-0.175094529265209	0.668831650751373	0.909475976071859
COA4	-0.747331710146803	0.0861036226882497	0.565819564228604
TAB2	-0.95006701657146	0.354431144376902	0.774331540130301
MAP3K20	-3.29093992551918	0.0775807795928308	0.564223851584224
TMOD3	0.20868478998214	0.470960079865537	0.834079127849005
NKIRAS2	0.110545595607043	0.704463614489201	0.921456371189511
RRN3	0.557982638738309	0.369185072715795	0.779547651916649
GTSE1	1.48560139928854	0.24084233396727	0.719869538991393
UBAP1	-0.179540479523737	0.375958616708179	0.779547651916649
ACTR10	0.154312142026292	0.622743038584176	0.895320062594479
C9orf78	-0.0691027087517391	0.820955473079193	0.963289394742228
FAM120A	-0.402826410939007	0.260475086466961	0.7335055137719
GLTP	-0.605041135291462	0.0330489534996455	0.504940712781536
SPG21	-0.572283235785626	0.172985464468609	0.673394630481898
UBP1	0.0643881676870457	0.79591418537934	0.954261490675309
IGF2BP1	0.591309013026173	0.0200574077134933	0.450068660888143
DTL	-0.33886031616759	0.267013209526734	0.734312585176351
HSPBP1	0.297273212360128	0.245560118428385	0.719869538991393
MAT2B	0.0680290341530849	0.742117745788969	0.935814314953432
MYOF	0.216713765307951	0.814644194926527	0.960862383759493
EHD2	0.0898757998270554	0.795768305062204	0.954261490675309
NCKIPSD	-0.229898098615951	0.291532370833437	0.743793731260107
OGFR	-0.067493258028815	0.70776382838033	0.921897250469917
PALS2	-0.147260544937925	0.446353056348536	0.820469154526779
CHMP5	-0.439983208078274	0.282712376280557	0.738907347096911
COMMD9	-0.388892819072041	0.0873639775070647	0.569025552612386
KCMF1	0.406438090013115	0.387194766727086	0.782899308547075
RAI14	0.267284263812996	0.814070613128381	0.960659100492022
MARK1	-1.81806895884604	0.0648052192747556	0.552567601428285
RNF181	-0.0629924339329904	0.788737505128413	0.950903141186144
GMIP	1.63911471858096	0.0208814292805069	0.453720995529398
ABRACL	0.731104440535155	0.0973261310011909	0.580048543599151
CALCOCO1	-0.814954673667636	0.392067148397997	0.785070216038012
NHSL3	0.114491091883629	0.772555390715892	0.944452864169775
ARHGAP23	0.106015426671838	0.742900698997907	0.9359378885013
NYAP2	0.241698835259776	0.819176907981782	0.963289394742228
RCC2	-0.0977855041954996	0.611606866706267	0.88541041285565
RELCH	0.152620862049687	0.624866678922894	0.895796407649494
DIP2B	0.143436934854051	0.5088238879833	0.854668117334587
SLAIN2	-0.334645077226622	0.265362630796944	0.734312585176351
BCCIP	0.163383480174843	0.38831407429133	0.783870429726875
STK26	-0.00138035758084243	0.994935700281932	0.999470462603355
PTGFRN	-0.264408277357163	0.645062206032516	0.901641608642147
CTTNBP2NL	-0.295360790083919	0.603782702839984	0.883116194932887
IBTK	-0.55493617990259	0.0739195405741169	0.556104825581888
HEATR5B	0.214143917957426	0.610619449444899	0.88513810826063
ZNFX1	0.00252045845045856	0.995070127083377	0.999470462603355
RRBP1	-0.227377705690689	0.481760291182967	0.843023238969719
CPSF2	-0.384850397613285	0.245505580522354	0.719869538991393
LARS1	0.0689884492174926	0.713155173550105	0.925718179423064
KLHL42	0.00907878509879367	0.977243099724697	0.996520910659497
EIF2AK4	-0.0122903613248617	0.960779497432702	0.99177238444666
KLHL13	0.166112295945908	0.63563728858765	0.899301342005888
ANKFY1	-1.91853114631842	0.0110062742832217	0.359473623047746
GMPR2	-0.16715485046188	0.43455915892084	0.812144507847907
IMPACT	0.354801503191407	0.712437384663848	0.925704137833815
ATXN10	0.248003339798423	0.365694867403218	0.778835212521883
NCDN	0.124723558896243	0.565133268900252	0.872436224641228
EPS15L1	-0.112845576121835	0.755480115904184	0.939802649806621
ORC3	1.01060360180175	0.038999978389568	0.520099017753663
SAE1	-0.255954315166122	0.188295829315074	0.689005436002903
COPG2	-0.301442035441578	0.256481616408179	0.727664581193394
PI4KB	-1.27286937880548	0.00567205830283119	0.265456860703836
COMMD3	-0.0838095170682429	0.801110793378334	0.956937804106015
GNG12	-0.572961652250413	0.139079175428661	0.627113178891896
MTRR	0.0671382624543	0.843001284691137	0.966586222916986
UXT	-0.261773468892812	0.361229967612396	0.778353142692269
SPAST	-0.0807242368196057	0.768775781974454	0.943586929618818
METTL1	0.0282542556599701	0.896831188573569	0.977299015087573
VPS29	-0.0411179942789062	0.902843973867052	0.978636655990655
EIF3K	-0.206042935870624	0.237912923047822	0.719869538991393
GRHPR	0.567854558849401	0.347500904810825	0.770525165098314
RPS6KB2	-0.230791071177666	0.287967031218303	0.743140725724652
RNF14	-0.0176539261950559	0.969553353585088	0.994604195141919
UBA2	-0.251520787230685	0.267420877796469	0.734312585176351
CTNNAL1	0.354267729512571	0.267197986461949	0.734312585176351
NXF1	0.105104035882356	0.748132895970784	0.936169961725469
PEF1	0.321430059490307	0.154369580522154	0.644812776755422
COPS7A	0.12663688385382	0.595652798019463	0.880322207514708
DNAJB4	-0.344081461945301	0.187022052385389	0.686992954555453
MALT1	-1.57014408372272	0.0287613708772281	0.486824569782976
STK17A	0.294470080906805	0.389683950042255	0.785070216038012
FTSJ1	-0.0560272469413796	0.862955675219172	0.970858112138965
ADD3	0.238807183493449	0.270305225273003	0.736286623985679
CNOT8	1.01101593790162	0.00467308841891181	0.258399453943504
ABCF2	0.298684736198666	0.326137135242728	0.759339473501041
TES	0.113746800958523	0.703725561740169	0.921456371189511
TUBGCP4	0.701269980412832	0.226564879757115	0.716343336040925
ZC3H7B	-0.120447162234271	0.670457821509681	0.909765775499862
NDRG3	0.146334400336027	0.541922679049082	0.867453440148161
ARMCX3	0.0181420618299128	0.934763866551202	0.98316489008982
SWAP70	-0.13658997121361	0.531453609383488	0.863465466901207
NDOR1	-2.59475719928461	0.000229534773724283	0.0312847395298282
LIMA1	-1.77882454757254	1.7680421158474e-05	0.00500491922024496
SRP68	1.09972100351555	0.0161285351712049	0.416925385442594
CHORDC1	-0.192264948240862	0.430014475636268	0.80796031982446
TBK1	0.61856140951642	0.216809709002122	0.707322454900541
SEPTIN9	-0.282283709077362	0.145096637454039	0.633138568662655
UBQLN2	0.550263499668709	0.0106333478696002	0.359473623047746
DDX20	0.149071152387876	0.761240207959214	0.941829957061916
SHPK	-0.19868592010916	0.734750455819822	0.932559974292751
USP25	-0.285132944742333	0.384056735011764	0.782637128231638
BAIAP2L1	-0.444298762342129	0.690480544822471	0.915334439822296
SAP30BP	-0.168267765195701	0.517824718979461	0.858527563504093
ZNHIT2	0.707092593378079	0.0231237948021113	0.453720995529398
PFDN2	0.25646627297473	0.289382883864171	0.743665511606249
PUF60	-0.134403267283833	0.441163652615395	0.817051958542855
NRBP1	0.311799115497671	0.228014691906691	0.716561969442035
ENOPH1	0.212042988818752	0.377789936110299	0.779547651916649
FEZ2	-1.38177219634424	0.146731941687452	0.63377176691294
EIF2B4	0.326446975987054	0.171028904040224	0.672421332123959
ATP6V1H	-0.549503987457435	0.108983806605246	0.593766348414021
IPO11	0.198910304203533	0.360010832576533	0.778353142692269
TRMT112	-0.301000564666403	0.245860427352006	0.719869538991393
XPO7	-0.317747922753629	0.0974271287421998	0.580048543599151
LCMT1	-0.0247599175184696	0.898691854958617	0.977525201066195
VPS51	0.697828314207989	0.0679459543273633	0.552567601428285
FKBPL	-0.235966952307397	0.301416076092269	0.74845557356245
CNOT7	0.310927946528746	0.148265860090506	0.63443995945705
RABGEF1	-0.0914277885334407	0.774258612636583	0.944452864169775
NAGK	-0.116265493347932	0.688480113771127	0.914350648450724
TRMT6	-1.12991966246719	0.0965241731751722	0.580048543599151
HOOK1	-1.03369330112996	0.1460543312473	0.633138568662655
SH3BGRL2	-0.0786722472631887	0.74755756262934	0.936169961725469
RASAL2	0.221816845225028	0.345904571826668	0.770525165098314
TSR3	0.00839437473619142	0.982250627236118	0.997679474555954
DBNL	0.443707204340587	0.0269050979053822	0.478312851651238
DCTN4	-0.725075119872052	0.0237956935155364	0.453720995529398
CDC23	-0.00375938372654616	0.989639638183345	0.999470462603355
ANAPC7	0.0758702592957476	0.653859119586821	0.90187464770596
ANAPC5	0.314535598409353	0.396584053755436	0.788880712335138
ANAPC4	-0.621033360302263	0.061188559117059	0.552567601428285
ANAPC2	-0.0586393768704205	0.873966779389934	0.972827360110598
GGA2	-0.277393208096871	0.18407894263557	0.685384808069848
GGA1	-0.0511109316313494	0.852271271538704	0.967753549982409
VPS28	0.106828013730919	0.595261502679192	0.880322207514708
LSM7	-0.975310396198704	0.095327853063384	0.579092626028489
DBR1	-0.139973909087612	0.805775181157819	0.95838806291557
JPT1	0.217414182801818	0.802475560725859	0.956937804106015
FBXO3	-0.0204803180277082	0.921175903521366	0.979888151970988
AKAP11	-0.392908472366038	0.535579104117437	0.865202415782338
DNAJC12	-0.158879882784909	0.786439866653248	0.950755160737173
MRTO4	0.540518423064611	0.0460802789935509	0.538331689696436
CPSF3	0.000596478805540812	0.99844371524006	0.999470462603355
APPL1	-0.0268062572281629	0.910647947911124	0.978636655990655
PARP4	-0.432026450841935	0.50782055995353	0.854668117334587
NUDT5	-0.307703188884588	0.0897893187833922	0.574273896752283
RCOR1	0.829264214614245	0.300451253525206	0.74807889916966
GTF3C4	0.447061336586017	0.198504674209923	0.696689881146759
PACSIN3	0.216524803564937	0.32692940525629	0.759339473501041
FBXO4	-0.0560984258365806	0.865762891419141	0.972051073159306
ACIN1	0.100787567726002	0.782597091789363	0.949077014063212
AGO2	0.032151799678779	0.970165037929706	0.994604195141919
NUP50	-0.200512338261021	0.548246220829604	0.869762817153726
CDV3	-0.156050730953087	0.504639717199438	0.854668117334587
BAG5	0.329874819350298	0.261939529045557	0.73416846398283
RAB21	-0.0127210148146339	0.983367902118527	0.997737490983232
RAB22A	-0.175705866139381	0.533365401225461	0.864119086080654
TRAPPC2L	-0.327492033686241	0.220638923496151	0.711971635789724
BLOC1S6	-0.0414369520310771	0.909486949839221	0.978636655990655
PSME2	0.178605624308286	0.607130813975789	0.88513810826063
MKLN1	0.0805128454319615	0.875656871472459	0.972827360110598
DNPEP	-0.0600890974875128	0.706860588443759	0.921897250469917
MCTS1	-0.479196073103186	0.262857881490674	0.734312585176351
MRTFB	0.363795093928424	0.298065287534703	0.74807889916966
ANKRD50	0.0784566785464236	0.838883899529798	0.966586222916986
TBC1D24	-1.49581979065086	0.100123097791323	0.582880686733454
ISY1	0.106324683353797	0.755016624268793	0.939802649806621
HECTD1	-0.0429816627753326	0.817056338522225	0.962473535775221
MYO5B	-0.0835790474515967	0.681985533332183	0.913537763924193
NOB1	0.0260215030023332	0.895784545482949	0.977299015087573
AKAP8L	0.105105972919858	0.70795696462717	0.921897250469917
MYO6	0.202118283345122	0.35176403788746	0.771643097092289
DDX19B	-2.05194654738997	0.0722234598817267	0.556104825581888
PRPF19	-0.174604798673741	0.59863625031095	0.881944542000306
UBQLN1	-0.2818534292389	0.533080877363296	0.864119086080654
NOL7	0.91871686930914	0.0237268730330339	0.453720995529398
SNX12	-0.368663798185526	0.20163393705376	0.698036583591567
SYNRG	0.548873458208682	0.0854228254361554	0.565819564228604
NDRG2	-0.0214385598019753	0.930284566028134	0.981774362771303
VPS4A	-0.343330894936468	0.244712434257986	0.719869538991393
G3BP2	-0.218747765660449	0.317176313454063	0.758064751422134
STUB1	-0.401818940299847	0.135567041125189	0.623608389175868
PACSIN2	-0.331616568532127	0.111223475566155	0.594508973506666
MAGED2	0.0228067584779126	0.915892968089603	0.979888151970988
SNX7	-0.801682979178842	0.288450926276826	0.743555848160154
SNX6	-0.177235810849883	0.653358398753821	0.901641608642147
DUSP12	0.0254305639057542	0.894458188541929	0.976998616038234
PSMD13	0.457538086723041	0.0264514022755635	0.474834928654018
FAF1	0.228335988844485	0.267324907048026	0.734312585176351
PROCR	0.233507130814747	0.736325789410175	0.932559974292751
PPIE	0.00447572115348294	0.988758146046902	0.999470462603355
TIMELESS	-0.0947690004014206	0.64767450997629	0.901641608642147
COPS3	0.31704300449514	0.323036991115887	0.758064751422134
NSFL1C	0.0233235010565949	0.90462244013829	0.978636655990655
COG5	0.0382700088687642	0.867605862928318	0.972051073159306
AP4E1	-1.01297948506686	0.0611423232670128	0.552567601428285
MACF1	0.615991410847165	0.508831115808942	0.854668117334587
CEP131	-0.157817085753386	0.77384071999698	0.944452864169775
PPP6R1	-0.39917670458982	0.154248218638734	0.644812776755422
TRIM33	0.254633441412558	0.394265512367761	0.786629650749613
LIMCH1	-0.495925586447804	0.0347665458304349	0.505374675497154
EXOC7	0.454718503220455	0.128044943227712	0.617951685078039
USP24	0.486004308738252	0.125609419670566	0.61667154968867
TBC1D2B	0.414974918773954	0.117002694602445	0.604748508055702
AGTPBP1	0.445618087446128	0.214695625305207	0.707219667662893
DICER1	0.145266662148593	0.672047724505542	0.909897615173014
HPS5	0.754962341957086	0.557057748804183	0.87139148578027
SHOC2	0.05255657440566	0.829845915714198	0.966586222916986
SRRM2	1.07870694307335	0.0195393900162257	0.449728047205401
PA2G4	0.314393366814016	0.091408146071364	0.574273896752283
BAIAP2	0.481899600841714	0.191674637039596	0.689005436002903
SMC3	-0.927576112954053	0.0560585686223028	0.552567601428285
CHMP2B	0.659667051232283	0.084459566101893	0.565819564228604
GNE	-0.358665238796604	0.137551683706901	0.626387298904916
RTRAF	0.197807624822367	0.325225456111018	0.759339473501041
RUVBL2	-0.126827051557768	0.414771699009349	0.801232334245079
PIN4	0.0341767428431226	0.884823156544705	0.974189105647376
POMP	0.659937007633065	0.0598006902463734	0.552567601428285
GINS2	0.352782318263095	0.0998624362221183	0.582880686733454
EIF3L	0.00022889846642471	0.999099315881971	0.999470462603355
PLAA	-0.106257115698689	0.629762642511523	0.89684554085447
RUVBL1	0.445931925601073	0.0912954699682682	0.574273896752283
NUDC	-0.31314925295996	0.152314994700325	0.64353522445143
CFL2	-0.154989000541804	0.505009357212383	0.854668117334587
FARSA	0.178167657556433	0.332701979130256	0.763046333740088
ASF1A	0.319375829557654	0.279984334001506	0.73703346487028
DRG1	0.186955319188343	0.367368861046067	0.779248733114573
TRAPPC4	0.175416352182239	0.455031909424553	0.822941099531831
BTRC	0.374209388179551	0.319431095131945	0.758064751422134
NCKAP1	0.666652834113627	0.0931175571908858	0.575076736700883
CNPY2	0.423918431776112	0.286133916436751	0.742511659895552
EXOC6B	0.0449361517256328	0.797720622592051	0.954981096661922
PALM2AKAP2	-1.50663118367995	0.01091586705683	0.359473623047746
DLGAP4	0.124976740401912	0.723248001016715	0.929884686930885
STK38L	-0.24080068445787	0.328240010461556	0.760637368395994
NISCH	0.174287745545275	0.525973580039473	0.860813317936701
PIKFYVE	0.306633790140218	0.3905673218748	0.785070216038012
AMOTL2	-0.430196758619097	0.522744914649815	0.859946931565186
DIS3	-0.14298187544852	0.341911995749793	0.768523445981094
MRPS28	0.0889852127221147	0.721306652734922	0.929089423193739
AP3M1	-0.0442213835588312	0.843231413655093	0.966586222916986
GDA	-0.0908490323190989	0.671913209303202	0.909897615173014
MAP3K2	0.320694283412287	0.0859109662613673	0.565819564228604
LEMD3	-0.837097233956584	0.170767623551988	0.672421332123959
KLHDC2	-0.804678431024762	0.18438341304053	0.685384808069848
CARHSP1	-0.153922360731677	0.65122573129036	0.901641608642147
COG6	-0.120336060559573	0.58759362341518	0.878038872699106
THRAP3	0.557479570222913	0.201051825283445	0.697991242493471
WBP11	0.336154554667548	0.699570328227987	0.919557862584
NOP58	-0.176416315600825	0.491753528555717	0.851745553438629
GIT1	0.252624658792413	0.405772883236156	0.794438835636945
ZNF281	1.09655787634357	0.0110381846207596	0.359473623047746
SUGT1	-0.0213053940036794	0.921382222006404	0.979888151970988
AMDHD2	-0.279964831351556	0.234959226197062	0.719869538991393
AAR2	-0.264738794345618	0.238360906104819	0.719869538991393
NOSIP	0.216639484959543	0.49846864607488	0.851745553438629
DERA	-0.204995947741256	0.364892405859722	0.778835212521883
MEMO1	0.315640603497634	0.170676851730949	0.672421332123959
LSM2	-0.0429443247032282	0.848096344272253	0.967660258072887
SNX24	-0.53233800161636	0.457496150473445	0.824882819079999
SH3GLB1	-0.195658594912459	0.390761841089008	0.785070216038012
CAB39	-0.190603424520006	0.462630680840777	0.827018619223975
LUC7L2	0.0830836737397718	0.71617186478802	0.927018101449143
MOB4	0.402214617607989	0.148811063394169	0.634672695719725
SBDS	-0.197795559774786	0.491535625800989	0.851745553438629
EXOSC1	-1.45350768142509	0.0176741261566536	0.425552917912295
SF3B6	-0.761008213589168	0.0099474338155297	0.35047110632055
REXO2	-0.157782207319986	0.464893367523185	0.828815732787552
RRP15	0.105075929429564	0.599866083865969	0.881944542000306
NOP16	0.287005365477697	0.203741904924807	0.699206129368912
TPRKB	-0.206381444921785	0.520139040564567	0.858527563504093
PPIL1	0.188337849188301	0.40004069440997	0.791160368716676
UFC1	-0.0446484142868506	0.845237626452952	0.966586222916986
FIS1	0.315593211567663	0.351461484934828	0.771643097092289
AK6	0.0260800737734961	0.957307429117802	0.990760107653037
GOLT1B	0.63913899971682	0.0889644020652366	0.574273896752283
CHMP3	0.419463974008693	0.0972347080493094	0.580048543599151
STRAP	-0.104395392534993	0.642142173103407	0.901641608642147
RTCB	-0.0265277294394792	0.877404466302226	0.972827360110598
FBXO7	-0.0211555378265516	0.928897918875767	0.981718650621144
RABGAP1	0.281226161194194	0.396125364693767	0.788394452175804
TSC22D4	-0.154265389177006	0.505161329827944	0.854668117334587
R3HCC1	0.157696496062407	0.459378799249532	0.82580750303702
RPL36	0.143097356281594	0.635864698885685	0.899301342005888
CCDC9	-0.0916320725291193	0.731147614128906	0.931333755622836
SAMHD1	-0.150300120001454	0.610002550622587	0.88513810826063
FAM32A	-0.353441033703607	0.156441422776863	0.648315806102316
PKP3	0.448221749346658	0.229441265254187	0.717210396625878
KNSTRN	-0.190517980600909	0.495886773664974	0.851745553438629
HBS1L	-0.441567975907311	0.0340763541847011	0.505374675497154
PRKAB1	0.0108472502998858	0.980341123577176	0.996689516214407
WDR45	0.26529146107778	0.726567752916259	0.931024067003577
DMXL1	0.674823371318755	0.189476865825148	0.689005436002903
TLN1	0.183831438075437	0.360199053451172	0.778353142692269
KIF3A	0.168096526307167	0.353053947141089	0.772461665252442
MTCL1	0.450707550700415	0.0750960396741574	0.556104825581888
DCAF1	-0.542278520149338	0.355128757120769	0.775132755755889
TCAF1	-0.101858513700115	0.638804033206691	0.901641608642147
WDR7	-0.500776136181166	0.496273014167527	0.851745553438629
USP15	-0.607624818011274	0.00941606152723803	0.339716729610157
CEP170B	0.684079575862761	0.0366302530434535	0.506764403007176
TLN2	0.279538509724258	0.314339674654702	0.758064751422134
IRS2	0.524711384210686	0.298837086462215	0.74807889916966
TRAF6	1.62031003530678	0.101033089810493	0.583424141550902
HYOU1	-0.272295428763044	0.650512272887157	0.901641608642147
ATG4B	-0.151418457007139	0.559461921919861	0.87139148578027
TELO2	0.0654634952794098	0.720462573078699	0.928835481913204
MMACHC	-0.475042046303237	0.271556895072686	0.736760636729651
LAS1L	-0.423682751404701	0.234618031059568	0.719869538991393
ARIH1	-0.153423983919513	0.329558197970347	0.761314606736269
LSM5	0.419170626174871	0.150682419185321	0.639424611880412
LSM4	-0.247804407063761	0.452919422199319	0.82266349741657
RNF114	0.356735456366657	0.0519436803254005	0.54928949309619
PRRC2C	0.092138583810641	0.763965891222763	0.943023452277955
POLR3H	0.448668142684529	0.433027950965593	0.810550793262148
IFT25	-0.348971275711314	0.286587455656639	0.742511659895552
PPME1	-0.101632833823693	0.618244709249603	0.892561996876634
ASB3	-0.071439796896474	0.881822053348434	0.97319591644326
AP4S1	0.0705610121052374	0.928454542727491	0.981718650621144
KCTD3	-2.10570470028793	0.0353086046974712	0.505374675497154
NUB1	0.0124122345819515	0.958285642826152	0.990760107653037
YTHDF2	0.100023684377589	0.71357487728243	0.92587578448488
CTDP1	2.25984256931741	5.89018910234261e-06	0.00309655655666011
NME7	-0.0923492927063592	0.756010646971044	0.939802649806621
SUPT16H	-0.0712553882036033	0.80818092611998	0.959698550539377
UCHL5	-0.0253068078430019	0.904063991409555	0.978636655990655
CD2AP	0.187084020292041	0.598855857110913	0.881944542000306
ATP6V1D	0.210906338061903	0.460507085271004	0.826229552628048
TNPO3	-0.294387039961023	0.196596533309908	0.694981020730512
HEMK2	0.0843334993915725	0.688517934630261	0.914350648450724
CERT1	0.0166774534208223	0.978577359922189	0.996689516214407
GMPPB	-0.309712482192609	0.121924856313064	0.610453702356567
GTF3C5	0.140543751165335	0.580244089297985	0.875802043911464
GTF3C3	0.69658018872634	0.461263927144522	0.826412488749679
TRAPPC1	-0.169545565084725	0.381701254038067	0.779547651916649
CDC42BPB	0.0786919947947169	0.728932232253392	0.931024067003577
SNX5	-0.430247430330585	0.0313535523194477	0.503847478321256
FLVCR1	0.823093523941843	0.209545948793778	0.704871198867554
NUBP2	0.178656836490603	0.443061205547081	0.818139302625371
HEBP2	0.135433343306275	0.590032995663171	0.879103479993473
MRFAP1	0.580252381642133	0.52121354666707	0.858527563504093
PUS1	-0.0183842676362325	0.929861454658842	0.981774362771303
FHOD1	-0.153036482396004	0.555915241347307	0.87139148578027
PSAT1	-0.318884567563249	0.155845819387045	0.648291605860775
KPTN	0.311639875188149	0.307319048067844	0.751527659666961
COPG1	-0.052634425683042	0.769797912585401	0.943586929618818
CLIC4	0.0242407510694633	0.910273161650526	0.978636655990655
CFAP20	-0.37754813104188	0.139756313246336	0.627113178891896
TACC3	-0.183037295595561	0.590870352974875	0.879103479993473
SAR1B	-0.138358381389143	0.907595357196867	0.978636655990655
ARFGEF2	-0.274813764554974	0.41707795886605	0.80255651867314
ARFGEF1	-0.0568493978771869	0.748552323572885	0.936169961725469
MAD1L1	-1.03615531814463	0.0588966624717306	0.552567601428285
STK24	0.280679084869355	0.407002154681043	0.794599115187074
BZW2	0.335889264476034	0.335528892303864	0.763599245697563
COMMD10	-0.198338945143128	0.401578585050323	0.791160368716676
DYNC1LI1	0.099397514919275	0.676489096498197	0.909897615173014
EPN1	0.000605895969258086	0.997879538219028	0.999470462603355
OAS3	-0.261561893099739	0.320324039014144	0.758064751422134
IKBKG	-0.25095997560512	0.316539785971485	0.758064751422134
NCOA3	-0.337046243746467	0.204022649773115	0.699206129368912
NUMBL	-0.500582071751303	0.11958506301224	0.609018562910238
CAPN7	-0.121637432708198	0.445953171482305	0.82035325522536
WASF2	0.954298743129598	0.0215274319574366	0.453720995529398
IVNS1ABP	0.148953569463991	0.467759229493001	0.831170431933482
SEC23IP	-0.0667712619552532	0.768221013877102	0.943586929618818
DNASE2	0.622606716999471	0.1205375667942	0.609018562910238
AP4M1	0.252780773980977	0.360018562179219	0.778353142692269
EML1	0.238574441837358	0.562056331417455	0.87139148578027
POLR2D	-0.213229622408477	0.367390367378746	0.779248733114573
THAP12	-3.24423258162106	0.000392589216585862	0.0454274117101226
EVI5	0.358547629800849	0.375430122135732	0.779547651916649
N4BP1	0.0441778819584471	0.911942538650148	0.978636655990655
RNF40	-0.138083241547442	0.551868276870086	0.87139148578027
ULK1	-0.837153714193008	0.0666534012017996	0.552567601428285
RSL1D1	0.313575665027727	0.260556947783421	0.7335055137719
PHF14	0.0906814329317314	0.791242878152552	0.952910670406036
TOX	-0.734559091844439	0.0296159174270265	0.496644014132617
POP4	0.0480322009790655	0.843907122291983	0.966586222916986
NUDT14	0.276930372300285	0.417634710124745	0.80255651867314
GLUD1	0.670517619155124	0.0760243011479342	0.557309617976888
ALPG	-0.0721322888477296	0.83144360204518	0.966586222916986
PGK2	0.173044288474117	0.848906311619292	0.967753549982409
GNAI3	0.221841914706843	0.729677883580039	0.931024067003577
GAA	0.433124686249322	0.146654158302844	0.63377176691294
ALAD	0.176409813504105	0.599167626510729	0.881944542000306
CREB1	-0.56779603479697	0.0462546282283098	0.538331689696436
XRCC1	-0.0520699307521824	0.862175655905019	0.970470672850957
ATP2B1	-1.76997334184903	0.252306506892481	0.727664581193394
RAB6A	-0.471078984912477	0.749483630867543	0.936218520567739
CDK11A	0.354398100665456	0.105162798287454	0.590838317095926
PSMB6	0.110227840668646	0.55924842434146	0.87139148578027
S100A2	-0.287875133021053	0.386245833824201	0.782663977353917
ARRB2	-0.497674539348147	0.148837645762533	0.634672695719725
GBP1	0.383320937184251	0.602035796702152	0.882118397128027
PHB1	-0.624971815413382	0.0900173807735695	0.574273896752283
POLR2I	0.423632945627155	0.173231251071042	0.673394630481898
ANP32A	-1.6381719332377	0.145825783244912	0.633138568662655
MDH2	-0.764556940988719	0.214719333912745	0.707219667662893
KDM5C	1.3657698748254	0.069373915028357	0.552567601428285
MAP2K4	-0.0674876252211654	0.876492428283101	0.972827360110598
MAP1A	1.0527775300036	0.0424808411315593	0.531732977429042
HNMT	-0.507371487943999	0.176854781529396	0.678580704802525
HLCS	0.584344256996832	0.0881046470063679	0.571825574926691
HSD17B4	1.1438677929501	0.0975174194518486	0.580048543599151
CCNH	-2.47075216970182	0.000100216042916111	0.0175616684729186
KPNA1	-0.534386911577887	0.45450655931554	0.822941099531831
PMS1	0.0747926634977958	0.850499880511135	0.967753549982409
GNAI1	-0.0904286881635095	0.766801828083206	0.943586929618818
XIAP	-0.35545492626196	0.278243262113437	0.73703346487028
TFAP4	-0.493226263441837	0.324855130726184	0.759026591157053
SPAG1	0.0689504959461615	0.841733205019181	0.966586222916986
CALCOCO2	0.251204812977299	0.647270480968746	0.901641608642147
SRSF9	-1.41305467146792	0.00578559582421962	0.265456860703836
NFYC	0.0761027106072518	0.836640286823843	0.966586222916986
DAG1	-0.18284239802685	0.767621500607891	0.943586929618818
KEAP1	0.637375666999358	0.392261560291624	0.785070216038012
DHX34	0.746173807871564	0.199451595361612	0.697038813799367
TFDP1	-1.27603000620872	0.0522622173332653	0.550428890526608
HLTF	0.188099757101362	0.748600747366037	0.936169961725469
IRF3	-0.927481597502677	0.0811864566617042	0.565819564228604
SAFB	-0.450716214379259	0.12899044856978	0.617951685078039
NHERF2	0.922453138046361	0.198737165362815	0.696689881146759
PKN1	-2.74864727277663	0.0066080315737072	0.276335865809574
CSRP2	-0.619998139002803	0.0460326936078397	0.538331689696436
PUS10	-0.145038725906709	0.805533818076926	0.95838806291557
LARP7	-0.00229504359822386	0.992174324766111	0.999470462603355
ARHGAP29	-0.660053680998448	0.068086516627766	0.552567601428285
HSP90AB3P	0.62687761613401	0.117586561213186	0.60585701338365
CEP78	0.944997656628427	0.0687833994464214	0.552567601428285
LDLRAP1	0.163439031592329	0.424609321563909	0.806426440238111
TMCO4	-0.601173393747473	0.0979569298648116	0.580048543599151
FBXW9	-0.335088351661241	0.239642195976856	0.719869538991393
RINT1	-0.400059560838621	0.501807371107711	0.852562846572657
MZT2A	0.539703356014961	0.298452995333456	0.74807889916966
RFWD3	-0.330766197389618	0.474767753333613	0.83697641311514
FIGNL1	0.944157477599308	0.192860354256365	0.689005436002903
ZC3H14	-1.255050266976	0.227125327006221	0.716343336040925
BLOC1S2	-0.331991268801701	0.432795520782323	0.810527998208117
DHRS11	-0.397310806871346	0.378826845352657	0.779547651916649
VPS13C	-0.37371628879027	0.26796024090519	0.734312585176351
TUBA1A	4.18498874160291	0.0698242085642896	0.552567601428285
SH3BP5L	0.274490923564322	0.674882343894684	0.909897615173014
TRMT1L	0.554166386975943	0.366137205886646	0.778835212521883
PABIR2	-0.972247501370369	0.276270888054082	0.73703346487028
WAPL	-0.324961659795655	0.515740383029343	0.857237854357716
IRF2BP2	0.180977199629151	0.509597944677617	0.854668117334587
BCDIN3D	-0.0339059762490876	0.868336094455199	0.972051073159306
PACS2	2.45955283124809	0.0049491284366483	0.264281811936222
SESTD1	-0.547869361202352	0.220334921505238	0.711971635789724
RALGPS2	0.775158601975381	0.30010817726297	0.74807889916966
NCAPG2	0.228312193729391	0.362533278684544	0.778367832881634
MIB1	0.832816761149413	0.322512607125346	0.758064751422134
SNX29	0.262887763187333	0.40086167190984	0.791160368716676
RAVER1	0.0816247474627936	0.746541512148071	0.936169961725469
ASPM	-0.219437481804793	0.742294017757899	0.935814314953432
MIER1	0.680786242635769	0.13815244910771	0.626573622700543
MICALL1	-0.146525215506514	0.854580206948731	0.968840160681248
METTL25	-0.325023719776375	0.410952662110339	0.797629639539054
SPRYD3	0.0962052340266695	0.773641548592733	0.944452864169775
DDX55	0.317464927637111	0.333726260229853	0.763502231094041
NANP	-1.0546849316911	0.0859774773954274	0.565819564228604
SMCR8	-4.52130668122106	8.49585580284397e-05	0.0156323746772329
PPIL4	0.35630245592121	0.0955324126676227	0.579092626028489
HNRNPLL	-0.804113681498272	0.0484867061168614	0.538331689696436
DDB2	0.530372372254917	0.184182930893053	0.685384808069848
TBC1D5	0.420402129660523	0.459379520447601	0.82580750303702
NSMAF	-0.330136483485596	0.34616152401047	0.770525165098314
DLG3	0.0187103268054294	0.958405053705002	0.990760107653037
DVL3	0.130329588763956	0.718416555550061	0.928617114304258
SNX21	-0.388299974707575	0.431458724858538	0.80908929656969
NT5C3B	-3.22682223821858	0.0318617841967173	0.504940712781536
LRRC59	0.701416501381274	0.0583962295885775	0.552567601428285
ACD	0.0684011186441147	0.775070108711309	0.945082173644008
SLC7A6OS	0.0194807716309171	0.92503571737696	0.979888151970988
ELP4	0.167476091664021	0.878413293909606	0.97319591644326
HOOK2	-1.59036285273107	0.0191623632067214	0.449156029304042
C8orf76	-0.634803167588181	0.0574435356919841	0.552567601428285
PRMT6	-0.630660323541498	0.65309418588563	0.901641608642147
USP28	0.323679524835438	0.500302649552581	0.851745553438629
CRBN	0.239801795037945	0.554749813830105	0.87139148578027
SMAD5	0.203508185273765	0.416591411018901	0.80255651867314
NAPG	-0.941551556596732	0.0165410614876681	0.416925385442594
MYD88	0.0467017636505958	0.852306862905703	0.967753549982409
PHAF1	-0.236313306056239	0.542851258473916	0.867576013905193
MSTO1	-1.22333334541701	0.049653511766299	0.538331689696436
HTATIP2	-1.17156326936001	0.0608834938618609	0.552567601428285
CARD14	-0.342597907715113	0.552980635279855	0.87139148578027
FRMD8	0.0944110165777019	0.87314991493796	0.972418146302755
PRKD2	-0.618925986308415	0.458351762706256	0.825298747278569
ILRUN	0.109312656926317	0.748935969380375	0.936169961725469
WDCP	0.597850830274488	0.749470473886831	0.936218520567739
LDAH	0.928294868942807	0.0227594369063221	0.453720995529398
GEMIN7	0.341171595773282	0.455971984224294	0.822941099531831
CAAP1	1.09699170551581	0.080762445133317	0.565819564228604
IPPK	-0.6088966155835	0.0392900888411735	0.520099017753663
TRIM36	-0.554445778773324	0.136025697081014	0.624707601001161
HOXC10	-0.208495541375584	0.56259484052313	0.87139148578027
NKIRAS1	-0.721304691655192	0.0957276287589125	0.579092626028489
ARHGEF12	-0.165992452318861	0.57812612738278	0.875802043911464
TBC1D7	-1.96394141266308	0.000395020971392371	0.0454274117101226
WRAP73	0.574297343688034	0.116720682848139	0.604748508055702
RPUSD1	1.72310237376551	0.0197636903306182	0.449728047205401
CNOT11	0.341416074370894	0.277584589899097	0.73703346487028
PPM1H	2.72404716775186	0.00169067269244769	0.141401716095625
RCL1	-0.197335929807032	0.607801056561413	0.88513810826063
ZNF330	0.200750551059087	0.827698024042512	0.966586222916986
NOC2L	-0.803889399861628	0.197974089876798	0.696505402243418
SNX9	0.143235697713237	0.783118270741677	0.949077014063212
SNX8	-0.195106575785623	0.818258101083106	0.963102274420953
GOLIM4	0.146253216914555	0.899398388884569	0.9777802277977
SOCS2	0.86083998337924	0.0597746003204503	0.552567601428285
CDC42EP2	-0.515038244520404	0.295799884899266	0.74711295568243
OIP5	0.620645250646483	0.264555279399027	0.734312585176351
SLC16A7	0.105671906372919	0.819699839982628	0.963289394742228
RBBP9	-0.207182860457813	0.365087113464236	0.778835212521883
STAM2	0.545243787907324	0.292234789261832	0.744232370861624
RPP14	1.58482517369892	0.0543912468808544	0.552567601428285
KIF20A	1.5912302127127	1.69207515080888e-05	0.00500491922024496
CD2BP2	0.015310730908439	0.971437327789908	0.994604195141919
SEC24B	-0.466110831886176	0.0738222725949867	0.556104825581888
RHOA	-0.665553826313701	0.130948513682745	0.619396568576479
H1-2	4.84779883378693	1.11068229907015e-07	0.000136243695352605
SCP2	2.37442227847127	0.000834146541234039	0.0787092120959298
CDC25B	-0.135769457667898	0.628803339406469	0.89684554085447
SHMT2	-0.187324670682251	0.68394839642423	0.913537763924193
GPX4	-0.188908654499798	0.312817903902654	0.756538956955672
TUFM	0.265287975303433	0.624737586679734	0.895796407649494
NUP153	-0.85665095720595	0.326494432077238	0.759339473501041
CTBP2	1.12574713325401	0.00167207348737869	0.141401716095625
CDK16	-0.825685476692808	0.199103478642286	0.696689881146759
RELB	0.141063863171745	0.812562235635807	0.960659100492022
SPIRE1	0.529862427494688	0.133232775033876	0.621415224492603
DMWD	-0.810607098132344	0.0161442668598506	0.416925385442594
ATCAY	-0.0260225853941556	0.931512237308226	0.981789875912913
TRIM32	-0.0153389472356409	0.971911035186632	0.994604195141919
CBLB	-0.49062295925463	0.238119032839897	0.719869538991393
TRA2A	0.267277260114582	0.650896581785206	0.901641608642147
BMS1	0.395919091526324	0.172664208149394	0.673097760582384
IQCB1	-0.154734779107251	0.743636237878076	0.936120128270558
ANKRD40	0.184524654607266	0.436922782663309	0.813702348279847
ZYG11A	-1.11820796562767	0.139596750314723	0.627113178891896
MOB3B	-0.294872347078837	0.442181637862207	0.818139302625371
FCHSD1	-0.753819673462186	0.179218071539094	0.679129970334667
LSM14A	-0.720618912028591	0.413290017892252	0.800424782360958
ATL2	0.431920486642717	0.663154180671532	0.907552021149586
WASF1	0.281723003669754	0.318544546078345	0.758064751422134
TAF15	-0.674320244473684	0.0309726069565525	0.503394831757217
ZC3HAV1L	-0.44119524789734	0.374523796726795	0.779547651916649
LRR1	-0.685199223816248	0.209437525558337	0.704871198867554
ARHGEF17	1.54151477237696	0.248109569501827	0.719869538991393
LYSMD1	-0.919269178992241	0.0163747292779434	0.416925385442594
CDC5L	-0.353424952537566	0.101526930607011	0.583424141550902
ATXN2	-0.0444214489491479	0.858305317544352	0.970317628904121
HSD17B10	-0.627001843599079	0.561337012042621	0.87139148578027
EBNA1BP2	-1.06193269559197	0.0796636132721804	0.565819564228604
PAXX	0.339481233074427	0.509183258137169	0.854668117334587
CCDC28B	-0.11190468568612	0.614741025521974	0.88854947915195
OSBPL11	-1.04576892793305	0.137568429943815	0.626387298904916
OSBPL1A	0.251911942963602	0.706833801795143	0.921897250469917
PLEKHF2	-0.585838979381833	0.0820313696845545	0.565819564228604
NCKAP5L	-3.08187933999625	4.75139865330726e-08	8.74257352208536e-05
MRGBP	0.966279022930369	0.0170379334239225	0.423645912162396
LIMD1	-1.49613689911292	0.0662497694869067	0.552567601428285
FBXO9	-0.585861402204788	0.141331212960881	0.62853801996988
DIMT1	-0.208882482663103	0.459605092963574	0.82580750303702
WASHC3	0.0703334605412245	0.827267544297112	0.966586222916986
RAD54L2	0.279493045896466	0.337235295459133	0.763599245697563
TBP	0.016890574934358	0.982845027644298	0.997679474555954
KIF23	0.634604679398564	0.315255882775206	0.758064751422134
HSP90AA2P	-0.151258324708689	0.844153778546169	0.966586222916986
DAB2IP	0.00122696450313242	0.998085694571158	0.999470462603355
PRR27	-0.3065140044705	0.334384064190769	0.763599245697563
ZER1	0.0752577861160155	0.844975743337247	0.966586222916986
UBA3	-0.851754063091501	0.0617726245084044	0.552567601428285
LPIN2	0.499278519241226	0.524225206789976	0.860813317936701
EME1	-0.411204302468523	0.23081526394325	0.718799085817024
DDX27	-2.36344320209285	6.29596465061261e-05	0.0128086550070404
MTMR9	1.24127677040059	0.00313337802223065	0.224629715413166
SIKE1	-0.0909681946351242	0.918588721295921	0.979888151970988
BCAS3	-0.718059051607455	0.0447871074942583	0.538331689696436
PKIG	-0.0661020800284433	0.875057917818437	0.972827360110598
SIK3	0.676244186594147	0.0391247113077635	0.520099017753663
KATNA1	-1.22644861176678	0.0461538079467359	0.538331689696436
KRT9	0.141767850899367	0.645201186959154	0.901641608642147
BUD31	1.50495182524638	0.0322765755571682	0.504940712781536
DNA2	2.92375206362865	0.00318460690184674	0.224629715413166
SMARCA4	-1.15808252691909	0.00164030343387869	0.141401716095625
ATP6V0D1	-0.292463747748386	0.390014136075275	0.785070216038012
VASN	-1.44773809337656	0.0464540462086506	0.538331689696436
ERICH1	-1.90945687819445	0.000208831207336205	0.0308694483837824
CCDC50	-0.061350433117731	0.918080288571686	0.979888151970988
FHIP1B	-1.28760757814496	0.0545569087975393	0.552567601428285
CPSF7	-0.847204496865309	0.0626983462418018	0.552567601428285
NECAP1	-3.0385860428965	0.00528723862781497	0.265456860703836
NCOA7	-0.39134510927439	0.710810264801638	0.924542442596842
TRAPPC12	-0.982732196578525	0.00837717018098489	0.32450511858973
PSPC1	0.173825480769136	0.39232177372117	0.785070216038012
UHRF1	-0.303860245640511	0.315227609088427	0.758064751422134
CINP	0.553322244166065	0.0821453830443041	0.565819564228604
HYCC1	-0.36127703781861	0.402208679315524	0.791512267316111
DOCK9	0.0481916727956069	0.929657945170989	0.981774362771303
MAF1	-0.631824258185553	0.120888413613721	0.609018562910238
WDR13	-0.8631332024998	0.00697594963794827	0.282104337007139
ECT2	0.159770570338981	0.798542888012524	0.955505451092974
DROSHA	-2.46773098850693	0.000940268100145814	0.0865046652134149
NARF	-1.13865437979937	0.00465260280854474	0.258399453943504
AGO1	-1.24317159595126	3.31843060214751e-05	0.00814121641060189
IFI44L	0.190398705819121	0.428970104441699	0.807060319195017
GMEB2	0.19693005259353	0.365441029744378	0.778835212521883
ETHE1	-0.646898043019132	0.033057459739545	0.504940712781536
FAM89B	-0.0253423946702966	0.955711078039569	0.990760107653037
CDC42EP1	-1.21958224051831	0.016529559711612	0.416925385442594
GTF3C6	-3.21982202357199	9.511144408826e-07	0.000700020228489593
THOC3	-1.01582832846741	0.0449565574847984	0.538331689696436
AHR	-0.982580497397159	0.000468688220997598	0.0507286074491518
ACTMAP	-0.439785850530036	0.247233500373882	0.719869538991393
FABP5P3	1.55021981483912	0.000278710815946919	0.0341885267561554
PFKFB3	0.44724808366027	0.06236507848685	0.552567601428285
MOB2	-0.607010083471756	0.0493994315189139	0.538331689696436
COPRS	-0.206565651226239	0.788887850554701	0.950903141186144
RTKN	-1.65295620270227	6.61316426993932e-05	0.0128086550070404
TBCEL	-0.113276631975648	0.886293670904243	0.974189105647376
