gene	logFC	P_Value	BH
RBM47	-2.96958477927578	0.0028102376445013	0.532680545515221
UBA6	-0.441157994383214	0.649375444085652	0.965540679089589
SHTN1	0.606671773781599	0.337693318837815	0.954156649230054
SBNO1	0.949011254663159	0.0535910086582432	0.954156649230054
CNOT1	0.390777272801472	0.30908565087519	0.954156649230054
MAP1LC3B	0.805053372285222	0.0431257047094193	0.954156649230054
RIMOC1	-1.73251890710299	0.0350854730840379	0.954156649230054
RCCD1	0.485250379718916	0.21606955345645	0.954156649230054
UNC119B	-0.327249093215723	0.400840107158244	0.954156649230054
RTL8C	-0.182568667848063	0.638093287026798	0.965540679089589
SNRPG	0.393972215889335	0.496442282494842	0.954156649230054
EIF3C	-0.0308585920838773	0.929535767750063	0.994418770791755
UMAD1	0.515148773009447	0.224591314617758	0.954156649230054
NACA	-0.66727447180498	0.277377136048821	0.954156649230054
RSMC	-0.0639701953932637	0.854140568951927	0.981044853239391
KIF2A	0.0605983009461468	0.925925666058403	0.99290853080824
DDX39A	3.09797894671991	0.0486863577248623	0.954156649230054
PDLIM1	-1.47250424223194	0.0588284605053019	0.954156649230054
ACOT7	-0.266032701487013	0.763407299774096	0.975390222445392
MYO1C	-1.51664627527282	0.436548995656267	0.954156649230054
SNAP23	0.310302372402838	0.445218281902627	0.954156649230054
AIP	0.0423902165225165	0.951695190836661	0.996668415258973
STXBP3	0.391574780160081	0.750903055038002	0.975303568927917
SMAP	-0.899478249867762	0.249129058053416	0.954156649230054
AP3B1	0.910017519730026	0.224006496887886	0.954156649230054
PSMD11	-0.254935687364288	0.546206390675793	0.957773341824946
PSMD12	-0.0172222624225924	0.962047365018872	0.996668415258973
PSMD9	-0.597804190526304	0.305785630008251	0.954156649230054
SUPT5H	1.43767592884761	0.00846740896796526	0.84974774165619
DFFA	-0.453125456471469	0.505865595451423	0.954156649230054
CLIC1	-0.906017792293976	0.472172233835244	0.954156649230054
EIF3F	0.0816720817302468	0.872849376812105	0.986439583248859
WASL	-0.0525965844304608	0.908324433084562	0.990030831522104
IPO5	-0.597172115010942	0.520275855605962	0.954156649230054
IGF2BP3	0.272240838820537	0.531193557543884	0.954156649230054
DNM1L	-0.569848835532191	0.501034394848718	0.954156649230054
PIK3C2A	2.18975336476849	0.0208081516251526	0.954156649230054
IFRD1	-0.692887470009328	0.491485029918252	0.954156649230054
EXOC5	0.948098661564536	0.201124038473915	0.954156649230054
PSMD14	0.0117929594779795	0.974071455607717	0.996668415258973
BIN1	-0.00862736551821541	0.985616442759753	0.996668415258973
KPNA3	0.670258989812339	0.307819424682932	0.954156649230054
SDCBP	1.13330779648546	0.309978585988509	0.954156649230054
PITPNM1	0.285064866444472	0.517121565963046	0.954156649230054
DDX3X	0.0911427130258282	0.824179065522466	0.981044853239391
PIR	-1.56914655623554	0.0601738346898511	0.954156649230054
PEX7	0.539631268367593	0.417929869247558	0.954156649230054
KPNA4	-0.104216254089604	0.783690747718166	0.975793754249777
PPP6C	-0.590955424615384	0.171235655099681	0.954156649230054
PDXK	-0.602590349360174	0.392527150845641	0.954156649230054
SCD	-0.4190795740762	0.380545169636308	0.954156649230054
TRAFD1	0.0989679486826347	0.899224272552085	0.986959819700334
UBFD1	-0.402288396368078	0.421602055833185	0.954156649230054
COPE	0.0357744431335938	0.944740252466306	0.996668415258973
EIF1AX	0.00708252167520484	0.990153380723865	0.998582459782967
AP3D1	0.639681601096985	0.236783663713797	0.954156649230054
CCS	0.0115726410341317	0.975052748133692	0.996668415258973
CHD1	0.264870040861258	0.785944027879241	0.975929842676122
GOSR2	0.315075904271161	0.732671222199216	0.974387197337046
IMPA2	1.07188822975971	0.29399891365967	0.954156649230054
PDCD5	-1.11489184495256	0.284257757598967	0.954156649230054
PRMT5	0.0167112375567946	0.969203911207956	0.996668415258973
NHERF1	-0.518235813364978	0.305454441143141	0.954156649230054
CHEK1	-0.340310938365253	0.601422985329614	0.957924409741753
TCERG1	0.870397925362418	0.421682746325369	0.954156649230054
NDC80	-0.538612569155742	0.157444057783563	0.954156649230054
POLR3A	0.661313659213661	0.255571789087728	0.954156649230054
TSPAN4	0.36676030674964	0.415833241322235	0.954156649230054
PSMA7	-0.138284922884342	0.699413647488712	0.972853897210704
SCAMP3	0.32237721493275	0.624252226684338	0.965366861230527
GEMIN2	0.131988391499483	0.814534526602896	0.980597138885862
TAX1BP3	-0.63759666559676	0.539428537042594	0.955966700038622
GIPC1	-0.496717049424444	0.249000359054789	0.954156649230054
IKBKB	-0.280662688955641	0.849573088318271	0.981044853239391
HAT1	-0.125129263909503	0.865197208271491	0.985107701023852
MYL12A	-0.373030713933698	0.485038375914955	0.954156649230054
HGS	-0.270195888321574	0.542210500075441	0.957773341824946
AURKA	0.744667650766143	0.0866625141213145	0.954156649230054
PPP1R12A	0.295169191500062	0.621718651096386	0.964785148471106
GAK	1.31451742217079	0.0602395432659147	0.954156649230054
HNRNPDL	0.471276307180617	0.400304146767324	0.954156649230054
XPO1	0.0849926953811853	0.835444974589696	0.981044853239391
BTAF1	1.20656836118598	0.0133807549104985	0.954156649230054
ARHGEF10	-0.48442225058708	0.503934115853521	0.954156649230054
SEC16A	0.0984851772270616	0.854292592880855	0.981044853239391
PLXNB2	0.977489128113394	0.385355999526535	0.954156649230054
PFAS	-0.451229248234959	0.650077560591957	0.965540679089589
MCF2L	0.222028323257369	0.674442760842956	0.968238354664746
LSM1	-0.255060930215699	0.714415052969012	0.974387197337046
ARPC1B	-0.578748643341061	0.22927001226759	0.954156649230054
ARPC2	-0.419310074459087	0.411767342966176	0.954156649230054
ARPC3	-0.148972043820514	0.787004375283217	0.976670848332696
ZBTB7B	-0.934809715654232	0.156586419706337	0.954156649230054
POLR1C	-0.421005690251569	0.354645284657848	0.954156649230054
TRIM24	-0.235537598878828	0.660720100691881	0.965540679089589
PFDN6	-0.0599552397110301	0.919850380721022	0.992642411987872
OGT	-0.218113346638418	0.574057607203388	0.957773341824946
PMM2	0.646809122534656	0.307189322987555	0.954156649230054
POLR3G	-0.15990193437349	0.725772488725779	0.974387197337046
HMGB3	-0.875650581012962	0.212475841929964	0.954156649230054
PPM1G	-0.0360005378346884	0.971064562326293	0.996668415258973
INPPL1	-0.0131668793920241	0.982988010841797	0.996668415258973
EIF3D	0.468627220640954	0.248792256684826	0.954156649230054
EIF3H	0.218134734176015	0.577062339900236	0.957773341824946
IPO8	1.01763390105425	0.13801778985614	0.954156649230054
SLC16A3	-0.137304550024727	0.808938415709842	0.980285273914415
MAGEB2	-0.121120196297518	0.773565102097438	0.975390222445392
YKT6	-0.0198775128343094	0.963067564789205	0.996668415258973
ARPC5	-0.726426230919316	0.223382684385092	0.954156649230054
DHX15	-0.278017619148514	0.773115224718397	0.975390222445392
RNMT	0.612419110407817	0.285320609823612	0.954156649230054
TTI1	-0.674446254529268	0.443582565358879	0.954156649230054
PRPF4	0.136364629823856	0.759694494818234	0.975390222445392
PHGDH	-0.601886917898184	0.466752377646926	0.954156649230054
DYNC1LI2	0.160827087749919	0.714326149678683	0.974387197337046
PSMD3	-0.00812691544248167	0.983862033971955	0.996668415258973
PAPSS1	0.329815292909071	0.559774995064833	0.957773341824946
ZW10	-0.144188724695269	0.76710650441777	0.975390222445392
PPIP5K2	0.854516243757676	0.0506372768192004	0.954156649230054
MAP3K7	0.45794424967573	0.33913995289381	0.954156649230054
EEF1E1	0.0144970688483923	0.987124997211613	0.997274271050677
HNRNPR	0.23331524996351	0.584839209223982	0.957773341824946
TXNL1	-0.141255954626899	0.737770764796322	0.974387197337046
TPD52L2	-0.26326377253692	0.592371236685254	0.957924409741753
FIBP	0.434120792861034	0.295381143770365	0.954156649230054
EIF4G3	0.673995068631413	0.400195743672302	0.954156649230054
PPIH	-0.90327486239751	0.248245231261708	0.954156649230054
AKR7A2	-0.1903941697107	0.825497482397336	0.981044853239391
EPB41L2	-0.370380509656403	0.665590619889613	0.965742632818693
DENR	-0.927191795499862	0.154748186145164	0.954156649230054
XPOT	0.271988612604446	0.743188455333673	0.974387197337046
DNPH1	-0.485187455917075	0.492122515953381	0.954156649230054
TRAPPC3	0.242714628389315	0.633762597066153	0.965540679089589
CHMP2A	-0.356984428148721	0.586002428653432	0.957773341824946
ZNF207	-0.145204655979278	0.726821708098495	0.974387197337046
GET3	0.33307233510552	0.33430585704842	0.954156649230054
BUB3	-0.0681877412022232	0.846937443887477	0.981044853239391
ACTN4	-0.269762587704189	0.601443218461652	0.957924409741753
BUD23	-0.142187882326837	0.69780359915321	0.971930403313045
HTATSF1	0.00306903740959896	0.997708157049189	0.999405290343617
AP1G1	0.407772460105704	0.602922382330162	0.957924409741753
SGTA	-0.459693120994601	0.309314589959759	0.954156649230054
ENSA	-1.34017610064455	0.0206627115374066	0.954156649230054
NARS1	-0.0526374903254094	0.957801991975545	0.996668415258973
MYO1B	-0.487272138753923	0.304952039153815	0.954156649230054
NUDT21	0.233888186512139	0.662837648678364	0.965725413581736
LANCL1	-0.553071213418708	0.187890027181069	0.954156649230054
STRN	0.600144740946092	0.352474049217369	0.954156649230054
RRP9	0.0225559158228563	0.965300023349583	0.996668415258973
AKAP8	0.149982788659429	0.725719177267629	0.974387197337046
NRDC	-0.626595854144579	0.157883051007304	0.954156649230054
CALU	0.0904918894948068	0.782567949905641	0.975793754249777
AHCYL1	-0.334054613615464	0.45942577803505	0.954156649230054
ORC5	-1.56404595695076	0.273152224329676	0.954156649230054
PDE6D	-0.330540299753562	0.340553180019879	0.954156649230054
PEX1	1.23643787251233	0.0149046411978671	0.954156649230054
DHX16	0.399862461940746	0.413754600816682	0.954156649230054
ZNRD2	1.11471073860665	0.0933595936737482	0.954156649230054
PRPSAP2	0.368430272596303	0.57638465751675	0.957773341824946
SMARCA5	0.257533162587222	0.635442858936762	0.965540679089589
SPAG9	0.27896659307828	0.603120680474859	0.957924409741753
AQR	-0.028995225351256	0.978482380940197	0.996668415258973
KIF1B	0.168546081244926	0.742335368189597	0.974387197337046
KDM1A	0.542347116088852	0.277117147443436	0.954156649230054
TBC1D4	0.507525202798451	0.505171801274331	0.954156649230054
ACSL4	0.0961272641591115	0.811228756817795	0.980597138885862
SNX3	0.356572743739385	0.570574295201768	0.957773341824946
OGA	-0.0960114741591482	0.846593117796094	0.981044853239391
SYNCRIP	-0.0764056036650445	0.824320964508045	0.981044853239391
RANBP6	0.278012881621525	0.763814468681796	0.975390222445392
NEMF	0.875219387833532	0.0695479485556626	0.954156649230054
BUB1B	2.05475047128865	0.22565378721967	0.954156649230054
PLOD3	-0.0908573427923187	0.862120354338283	0.982651311875055
EIF4E2	2.43371102625228	0.0188028785941837	0.954156649230054
DIAPH1	-0.142952845553008	0.835276597672984	0.981044853239391
EXOC3	0.237967528163637	0.502967368311786	0.954156649230054
PLIN3	-0.529616555243464	0.543061716541438	0.957773341824946
RAD1	0.910868609772987	0.0698814516685092	0.954156649230054
PRMT3	1.01680179847586	0.125365997929683	0.954156649230054
KPNA6	0.220064756097607	0.627168362691761	0.965366861230527
UGDH	-0.829380060689385	0.392741841721723	0.954156649230054
CTNND1	0.12665235150612	0.733164125594161	0.974387197337046
EIF1	-0.368483536988176	0.29981388575528	0.954156649230054
SNX2	-0.0787212364892547	0.83956391270394	0.981044853239391
USO1	0.216032993627291	0.513275243269928	0.954156649230054
TOM1	0.166227418859247	0.715833665700554	0.974387197337046
CCDC22	0.165424590269069	0.682156363858378	0.969532193747946
DKC1	0.261153944404874	0.522356922540549	0.954156649230054
EIF5B	-0.099107862180194	0.830640839720207	0.981044853239391
EDF1	0.0578494625388828	0.890578606851786	0.986439583248859
DNAJA2	-0.121035476894058	0.783775252358367	0.975793754249777
CUTA	-0.330571266496591	0.726070489626088	0.974387197337046
HUS1	0.180340600746415	0.608046413557994	0.95905476140454
NOL3	0.062724137135195	0.92592555814169	0.99290853080824
SRGAP2	0.0320794090340968	0.93468986270237	0.995916019295354
WDR1	-0.368023165293273	0.605179561783766	0.957924409741753
ROCK2	0.566479725769593	0.213614451908528	0.954156649230054
CPNE3	-0.368758438050016	0.543591557255048	0.957773341824946
CLUH	0.0746978798575704	0.886312297092369	0.986439583248859
PPP6R2	0.101624618815617	0.856114892869969	0.981412627417615
ANKRD17	1.46608999567384	0.294573494351623	0.954156649230054
GGCT	-0.645367558249117	0.386671595274822	0.954156649230054
ZPR1	0.0467636418271127	0.949049965700959	0.996668415258973
PDCD6	-0.404412153231299	0.568840140358057	0.957773341824946
TBCA	-0.873787214864898	0.427309426946513	0.954156649230054
ATP6V1G1	-0.818062001810762	0.0817199404513795	0.954156649230054
VPS4B	0.313362052535091	0.725246274055973	0.974387197337046
SH3BGRL	-1.63638025680279	0.044217529539653	0.954156649230054
FLNB	-0.219567424011711	0.671001343931532	0.965742632818693
NCOR1	-0.875340805222621	0.243812247515181	0.954156649230054
CS	-0.431514502803637	0.393852343500789	0.954156649230054
SPAG7	-0.143282425498036	0.828180545501614	0.981044853239391
SEC22B	0.752672416178051	0.193546376877856	0.954156649230054
VPS26A	-0.138485310889809	0.674656459162437	0.968238354664746
PSIP1	-0.291489246477024	0.665729243031206	0.965742632818693
HSBP1	0.00604825832810363	0.989119635156334	0.998137617140332
BANF1	-1.41727927401665	0.0548241888385213	0.954156649230054
SF3B1	0.337522011250762	0.360461426278922	0.954156649230054
CSDE1	-1.51884442087684	0.203098320414838	0.954156649230054
CRCP	0.524505417031911	0.446269081361829	0.954156649230054
NPM3	0.296582027730125	0.607091133472883	0.958166014406965
LYPLA1	-0.717920437240522	0.161408507715021	0.954156649230054
SNRNP200	1.00952129246814	0.0529801227754041	0.954156649230054
TIPRL	-0.805393937716776	0.151759236655439	0.954156649230054
TOM1L1	-0.368789054172915	0.505791754620785	0.954156649230054
RPS6KA4	0.479466734419979	0.33069855772278	0.954156649230054
NUP155	0.306548417375545	0.526361931702538	0.954156649230054
WDHD1	0.111369085251216	0.777522079195399	0.975390222445392
RNASEH2A	-0.821862423914286	0.141547027849855	0.954156649230054
CDC123	-0.645109027660823	0.385567968308403	0.954156649230054
POP7	1.43123246035373	0.109706679599628	0.954156649230054
RPP40	0.804897637868368	0.104930639311884	0.954156649230054
EIF3G	-0.174828374032785	0.704834585990191	0.973761730603821
EIF3J	0.155846704847185	0.737175234290333	0.974387197337046
PSMD10	-0.541622934731549	0.207271619063467	0.954156649230054
IDH1	-0.319458779790189	0.70310584681262	0.973761730603821
DCTN3	0.501068701647114	0.263217343532757	0.954156649230054
DNAJC8	-2.40499550192877	0.0354805648888492	0.954156649230054
TRIO	-0.327983112760212	0.514552161056011	0.954156649230054
MPDZ	0.421510216160037	0.515639894010091	0.954156649230054
GLRX3	-0.327377606633625	0.691896022533855	0.969657802716621
SNCG	-0.837801668498354	0.20083632074223	0.954156649230054
CIAO1	1.58522417670115	0.0105925687104601	0.908610059048268
SRP72	0.11748937319625	0.737483662550936	0.974387197337046
DDAH1	0.235009787787767	0.643903623569589	0.965540679089589
MTA2	0.352810939361454	0.660149836959377	0.965540679089589
DDHD2	0.114786876717918	0.872083770738211	0.986439583248859
SEC24D	0.452518193124252	0.354314032136253	0.954156649230054
UBXN7	0.14411305215625	0.683622458935829	0.969532193747946
PLPBP	-0.423613279194175	0.507878691427464	0.954156649230054
FRYL	0.805924167003575	0.145280651885887	0.954156649230054
FBXO21	0.333966524721077	0.52522121198591	0.954156649230054
USP19	0.051836843960217	0.897241831600886	0.986439583248859
AP2A2	0.715791413019847	0.143427963954867	0.954156649230054
SEC31A	0.143006709560112	0.74390135944303	0.974387197337046
HEXIM1	-0.158892894358225	0.690803888807962	0.969616850054002
CCNB2	0.517256837878747	0.294333268804692	0.954156649230054
UBR5	0.782353938040224	0.126254834931645	0.954156649230054
AGFG2	0.81605189786071	0.306395023430244	0.954156649230054
UBE4B	-0.00208046458068267	0.995586609838792	0.999241780714878
ELP1	0.197076937558688	0.795598937134636	0.978411784263191
GABARAP	-0.280482418963864	0.508867012092723	0.954156649230054
ZRANB2	1.46918690195684	0.00340597556751399	0.586911517111162
SNX4	0.22060752426259	0.575970437215424	0.957773341824946
ZWINT	-0.546596806610051	0.222959820484363	0.954156649230054
LUC7L3	-1.25582112452098	0.150680020575643	0.954156649230054
KIF4A	0.0181968416955023	0.981962997096775	0.996668415258973
SNAPIN	0.000958449181627685	0.998035729613405	0.999405290343617
MPZL1	-0.501355558617032	0.326996307035935	0.954156649230054
PGLS	-0.697684240919031	0.532901114911863	0.954156649230054
SMC2	0.554524348701001	0.226798595774452	0.954156649230054
ATG7	1.19606301299554	0.0462402821849064	0.954156649230054
TRIM16	0.599807759961685	0.417645992878765	0.954156649230054
IPO7	-0.0961624789357352	0.922795465213273	0.99290853080824
TNFAIP8	0.670036695885727	0.248882911802317	0.954156649230054
BAG4	-0.480130074350892	0.426679420223923	0.954156649230054
AHSA1	-0.56955780135252	0.554069863093002	0.957773341824946
PARN	-1.00807634612079	0.0517905824412695	0.954156649230054
PSMG1	0.175614367353148	0.798215236620119	0.978411784263191
FMNL1	0.592141299780437	0.111258695375944	0.954156649230054
SEC24A	0.283150171558148	0.422377698036579	0.954156649230054
TDP2	0.488519058043025	0.501501139747485	0.954156649230054
CNOT4	0.164578827284483	0.825480370568193	0.981044853239391
STAMBP	-0.211715402300445	0.722819495263204	0.974387197337046
EYA4	0.108990403610211	0.781047405192917	0.975793754249777
CEP43	-0.947047610936313	0.108881797469231	0.954156649230054
SNAP29	0.000329099154356527	0.999405290343617	0.999405290343617
OXSR1	-0.164918395380475	0.821579486967831	0.981044853239391
HSPA4L	-0.222739824589432	0.668962101552423	0.965742632818693
LSM8	0.0928617000570533	0.840380944488584	0.981044853239391
AP2A1	-0.276405337619025	0.522449809534945	0.954156649230054
TTC4	-0.319851578386761	0.404049512548537	0.954156649230054
BAG2	-0.43234968945352	0.259511148730096	0.954156649230054
BAG3	-0.985053678600327	0.0756100812459273	0.954156649230054
CLIC3	0.0487963923764383	0.917893510304249	0.992277358099386
EML2	0.266230956166364	0.632042623312586	0.965540679089589
BPNT1	0.393562918857054	0.680408092394422	0.969532193747946
DDAH2	-0.298986462519931	0.490363836781165	0.954156649230054
TXNDC12	0.422508822981825	0.328919514566578	0.954156649230054
PTTG1	-0.105389815575169	0.807484947140081	0.980203469294924
ZBED1	0.718001325962032	0.119382355283377	0.954156649230054
MOCS2	-0.122429053392896	0.898595647380133	0.986841280190639
ACTL6A	-0.515935513819809	0.237162732303828	0.954156649230054
LDHA	-0.505232745722012	0.57409691650468	0.957773341824946
DHFR	0.53668356702191	0.479506361782476	0.954156649230054
GSR	-0.440987423266822	0.583053436539144	0.957773341824946
SOD1	-1.50043037546194	0.0949378378199853	0.954156649230054
PNP	-0.064863224826432	0.949995916486556	0.996668415258973
HPRT1	-0.556018776900686	0.612610879873831	0.960901361064428
PGK1	-0.416864051635383	0.733607112991565	0.974387197337046
AK1	-1.08113527927553	0.197186776406523	0.954156649230054
ASS1	-0.93044473232073	0.398157328403966	0.954156649230054
NRAS	0.324094809633579	0.625910884473198	0.965366861230527
HLA-B	-0.997423459683045	0.0768388591173188	0.954156649230054
LMNA	-1.1508959737968	0.0187061975873976	0.954156649230054
TFRC	0.163002557295005	0.70970399435071	0.974387197337046
FTL	0.849100462236787	0.41223285048758	0.954156649230054
FTH1	-0.539133882284982	0.52599830410526	0.954156649230054
CAT	-0.177357325014594	0.658376568929874	0.965540679089589
ALDOA	-1.43482124002209	0.220954332479845	0.954156649230054
CSTB	-1.16047296854498	0.0664197219574068	0.954156649230054
ANXA1	-0.303849301281751	0.798726538999842	0.978411784263191
NR3C1	0.111726553474345	0.747603803967158	0.974387197337046
KRT1	0.15671445025998	0.806984821747699	0.980203469294924
GAPDH	-1.46745521707671	0.266074797186324	0.954156649230054
HLA-A	-0.235887350083559	0.552257000396819	0.957773341824946
CAPNS1	-0.658294768886964	0.341380328243	0.954156649230054
HSPB1	-0.845560343725055	0.380013394481474	0.954156649230054
TYMS	0.218044223221099	0.82607447136368	0.981044853239391
GNAI2	0.563520307492006	0.528499740198348	0.954156649230054
ATP1A1	-0.229601798133857	0.667599197660612	0.965742632818693
ATP1B1	-0.700154411676024	0.366896683605041	0.954156649230054
ALPL	0.470156801149955	0.240574858142362	0.954156649230054
ALPP	-0.113390818161299	0.929459870680017	0.994418770791755
EIF2S1	-0.245793160684059	0.600847147343297	0.957924409741753
RPLP1	-0.930860731545707	0.220804832010041	0.954156649230054
RPLP2	-0.0672200897344233	0.929321519943043	0.994418770791755
RPLP0	0.0593221653018077	0.883289493923112	0.986439583248859
SSB	-0.135031772865329	0.799949701990909	0.97889261466996
ITGB1	0.12656821930462	0.770459477470375	0.975390222445392
KRT18	-0.480631415230125	0.244008883874581	0.954156649230054
KRT8	-0.127956894164075	0.733384160571184	0.974387197337046
UROD	1.17648239728738	0.176154431207845	0.954156649230054
CDK1	0.0894520435234085	0.924093146224835	0.99290853080824
ATP5F1B	0.275961692989121	0.604494675250928	0.957924409741753
EIF4E	-0.411203344044754	0.229035115707222	0.954156649230054
ENO1	-0.995607442959447	0.441674991680597	0.954156649230054
PYGL	-0.562202428946964	0.384896119333173	0.954156649230054
GPI	-0.950013032731562	0.483326561941599	0.954156649230054
POLB	0.624775777144908	0.278226290596888	0.954156649230054
NPM1	-0.201717711977686	0.617432629301991	0.962057993293814
TPM3	-0.453665691321081	0.479376194519325	0.954156649230054
ITGAV	0.807224768524055	0.232728029516454	0.954156649230054
HEXA	0.488116610106189	0.371049306813235	0.954156649230054
DBI	-0.816153308738638	0.14976977803051	0.954156649230054
LDHB	-1.03592621347673	0.10626609948029	0.954156649230054
P4HB	0.226426860044157	0.522073644431239	0.954156649230054
CTSD	0.824470001664551	0.215425933436159	0.954156649230054
ANXA2	-1.02055406496487	0.0916423556114831	0.954156649230054
CAPN1	-0.394395575554732	0.649638033024381	0.965540679089589
TUBB	-0.263276248070614	0.808389267610566	0.980285273914415
PSAP	0.0433362015283763	0.930140439367127	0.994418770791755
HEXB	0.59738393122062	0.273731272908512	0.954156649230054
CTSL	0.391279859138507	0.485754013583678	0.954156649230054
PFN1	-1.08337092471913	0.432183258361651	0.954156649230054
APRT	-0.524132124007544	0.625591541855399	0.965366861230527
EPRS1	-0.0694565924993853	0.915827921381094	0.991623801537272
CTSB	0.121952215104436	0.838794652441779	0.981044853239391
HSP90AA1	-0.570309480139993	0.457980884884466	0.954156649230054
HNRNPC	0.140260658534043	0.717939457323004	0.974387197337046
LYN	0.685891516121149	0.16460670943923	0.954156649230054
TPM2	-0.64414270372114	0.432237614182867	0.954156649230054
FH	-0.176443771446117	0.776502682632535	0.975390222445392
ERCC1	0.341383797154819	0.606890752578162	0.958166014406965
SP1	0.0906428473800354	0.875519971949359	0.986439583248859
ANXA6	-0.432511752176929	0.362042493762917	0.954156649230054
CD55	0.324375876136969	0.564140510770057	0.957773341824946
SLC3A2	0.296806092326012	0.469329627247862	0.954156649230054
PFKM	-0.920560561963033	0.449440665614054	0.954156649230054
HSP90AB1	-0.538156151791675	0.518565901784423	0.954156649230054
ASNS	-0.0320290210191629	0.971935071749746	0.996668415258973
SNRNP70	-0.216000482736838	0.748822067680381	0.974387197337046
ITGA5	-0.184288065443923	0.720136997489594	0.974387197337046
NFIC	0.56696881873367	0.345105190870186	0.954156649230054
VIM	0.253489590075098	0.506176503570996	0.954156649230054
RPS17	-0.307732485948605	0.488503532066048	0.954156649230054
KRT7	0.0915472609562045	0.826061480518882	0.981044853239391
ANXA5	-0.962559443899494	0.413120308576953	0.954156649230054
RPSA	0.200198960109148	0.649802159023987	0.965540679089589
SNRPA	0.5638107094342	0.275155670852401	0.954156649230054
GSTP1	-0.504851176573876	0.639365213286799	0.965540679089589
LGALS1	-0.668119342595332	0.452595403483613	0.954156649230054
QDPR	-0.757765905028332	0.338099696154503	0.954156649230054
HMGB1	-1.11674593438354	0.306683042914507	0.954156649230054
TPM1	-0.219499229318799	0.794002851832155	0.978411784263191
CLTB	0.369700640371136	0.586192573638372	0.957773341824946
ANXA4	-1.5517296514215	0.282598009211852	0.954156649230054
CNP	-0.123810370945741	0.768038344042089	0.975390222445392
HNRNPA1	-0.095983660833852	0.792502832052262	0.978411784263191
SNRPA1	-0.621319706068281	0.0958500523515492	0.954156649230054
PARP1	0.126605918445236	0.744545279643713	0.974387197337046
POLA1	-0.0314433593885184	0.94664935681597	0.996668415258973
ALPI	0.386219832824938	0.34528512032333	0.954156649230054
LTA4H	-0.880625110212883	0.356286594211547	0.954156649230054
ALDOC	-2.59318299351655	0.0283560850147228	0.954156649230054
H2AZ1	0.793750250314332	0.394903478568985	0.954156649230054
RPS27A	0.811585021350488	0.457133636957426	0.954156649230054
TRAPPC2	0.183802929215805	0.629470410328593	0.965540679089589
SULT1A3	0.399634249698263	0.751737695019368	0.975303568927917
HSPA1A	-0.508442861054032	0.259423091784368	0.954156649230054
CALM1	-0.662852888811031	0.369014930291931	0.954156649230054
POLR1D	0.179376324166007	0.651718515195034	0.965540679089589
RO60	0.192140987590985	0.690949698986859	0.969616850054002
RRAS	-0.456756874349004	0.411643163673926	0.954156649230054
ARAF	-0.497372652007712	0.346835246257847	0.954156649230054
PTPRF	-0.315054395353549	0.670265181798929	0.965742632818693
TXN	-1.58339188129922	0.149431774564426	0.954156649230054
PRKAR1A	-0.385005785196022	0.513611489259166	0.954156649230054
ESD	-0.754882844921752	0.296434097311001	0.954156649230054
HSPD1	0.337171399565406	0.367806007261089	0.954156649230054
CLU	0.2884982107797	0.399930944078107	0.954156649230054
HSPA5	0.126089083889283	0.697058563665571	0.971930403313045
HSPA8	-0.40319999327631	0.484700854533258	0.954156649230054
SLC2A1	0.190206712193863	0.778435100008047	0.975390222445392
EPB41	-1.31484552356847	0.209378407160999	0.954156649230054
UMPS	-0.267433664954702	0.6169057834498	0.962057993293814
PYGB	1.50054451214395	0.243172108056161	0.954156649230054
BCR	0.176534076486753	0.733733450808291	0.974387197337046
TOP2A	-0.621683269782118	0.177628874176538	0.954156649230054
G6PD	0.156213966354798	0.773025691237011	0.975390222445392
UBL4A	-0.160608460624545	0.741583642844184	0.974387197337046
DMD	1.53225565580639	0.158658560630642	0.954156649230054
MTHFD1	-0.358569015441013	0.53648123016178	0.955251584154251
ADH5	-0.415348951806937	0.642719851113862	0.965540679089589
CDK4	-0.354311126870719	0.567643307820173	0.957773341824946
PRPS2	-0.310885552720634	0.606075413153193	0.957924409741753
PABPC1	-0.321825885785042	0.453325041105887	0.954156649230054
PCNA	-0.281959770048424	0.529277396578372	0.954156649230054
HARS1	-0.717925438897197	0.472982533864358	0.954156649230054
COL6A1	-0.292799706324008	0.423926599942988	0.954156649230054
IMPDH2	-0.34037437341297	0.557310885918128	0.957773341824946
TPR	-0.200984529220786	0.592080422955271	0.957924409741753
CKB	-0.566821475217978	0.658241332967423	0.965540679089589
ANXA3	-0.764319948697299	0.421164500822168	0.954156649230054
ACTN1	0.166169195532692	0.689451731609065	0.969616850054002
PEPD	-0.684003910594374	0.497678683705498	0.954156649230054
XRCC6	0.0348957441120881	0.945526260240843	0.996668415258973
XRCC5	-0.079246175154509	0.852186004569682	0.981044853239391
LAMP2	-0.07264656483785	0.942626082525957	0.996668415258973
RNH1	-0.829589344902761	0.146976410643397	0.954156649230054
EEF2	-1.16547389986771	0.278949566293584	0.954156649230054
KRT10	1.81382504250013	0.137535150561973	0.954156649230054
PDIA4	0.214724459396642	0.572065663826163	0.957773341824946
TPT1	-0.556286868757581	0.482558403515804	0.954156649230054
PLS3	-0.472652847995484	0.460983267641331	0.954156649230054
APEH	-0.391471569042579	0.555870792489731	0.957773341824946
GYS1	0.180888297678848	0.675350280832994	0.968238354664746
PRKAR2A	-0.0832571464027296	0.835733479476409	0.981044853239391
ENO3	0.771230524878266	0.515579776082211	0.954156649230054
GTF2F2	1.02963451675477	0.0547338371757254	0.954156649230054
MIF	-0.758544080079545	0.461679591878201	0.954156649230054
CD99	-0.122994796214627	0.886224953647892	0.986439583248859
PRKCSH	-0.533313404100959	0.139923250958982	0.954156649230054
FDPS	-0.734375312402843	0.350926958686315	0.954156649230054
CPM	0.00709491280740338	0.991404025221322	0.99864119708292
AKR1A1	-0.671440834912516	0.417037723901656	0.954156649230054
PKM	-0.547415505692332	0.646670240257616	0.965540679089589
ACYP2	0.111377602847632	0.82894962240995	0.981044853239391
HSP90B1	0.149510259980943	0.751568798496193	0.975303568927917
CCNB1	1.34764253240366	0.0972758599724921	0.954156649230054
SNRPB	-0.303522180200339	0.468200847702925	0.954156649230054
IDE	0.312850774821271	0.400246231664405	0.954156649230054
HNRNPL	0.083416837263762	0.915278044901816	0.991623801537272
DARS1	-1.31019290971386	0.260620602877558	0.954156649230054
JUP	0.251301614277146	0.644903856064111	0.965540679089589
ETS2	0.752586363405221	0.266629528139641	0.954156649230054
AKR1B1	-0.0336030603797752	0.970988988296669	0.996668415258973
ANPEP	0.076731548789617	0.886738582303927	0.986439583248859
GSPT1	0.650354394386166	0.270996869761021	0.954156649230054
EZR	-0.264814538168711	0.506465736052277	0.954156649230054
UCHL3	-0.335168772062765	0.660740534453564	0.965540679089589
NME1	-0.854147195077264	0.356280335892042	0.954156649230054
NQO1	-1.13007691305472	0.248765797891553	0.954156649230054
GNS	0.722088781399371	0.0768712104452336	0.954156649230054
RPS2	-0.00826752303468226	0.984010015153837	0.996668415258973
TCF3	-1.26163441668157	0.0525162124312022	0.954156649230054
DSP	1.60203735920361	0.0493504703040038	0.954156649230054
RPA2	0.476278675757353	0.284577119500458	0.954156649230054
CD44	-0.388018208274556	0.416834055882072	0.954156649230054
NQO2	-1.2818049730313	0.175900732922664	0.954156649230054
CBR1	-0.749666615187969	0.431693664351622	0.954156649230054
NCK1	-0.306469837753294	0.705532630733613	0.973761730603821
H1-5	-1.41240426153563	0.0218313126250027	0.954156649230054
POR	0.0892924332076745	0.901207422986239	0.987706661041003
FAH	0.503854024215602	0.504706076209462	0.954156649230054
STMN1	-1.68728702852042	0.0969806440108207	0.954156649230054
YBX3	0.0853671196578176	0.890387452442497	0.986439583248859
HSPA6	-0.0421749696829927	0.912350688338502	0.990949379419767
HMGA1	-0.765172856472333	0.0906147174349073	0.954156649230054
GOT1	0.836916475223134	0.47077609536416	0.954156649230054
PRKCA	0.102699268617748	0.913002697880172	0.990949379419767
NPR3	0.76427865567404	0.388017110669012	0.954156649230054
PRKACA	-1.04982908181676	0.237398557107805	0.954156649230054
CAPN2	-0.452535915650795	0.359504389236693	0.954156649230054
PTPN2	1.19596499555644	0.0881448167103359	0.954156649230054
CTPS1	-0.248898026902253	0.777769639369452	0.975390222445392
DDX5	-0.552243036485958	0.177049049767335	0.954156649230054
PFKL	0.792741935862665	0.297560151054745	0.954156649230054
LGALS3	-0.144845755165239	0.87511554400315	0.986439583248859
PSMC3	-0.199989131049421	0.641798649632253	0.965540679089589
TCP1	-0.647637271425754	0.30253813432877	0.954156649230054
ERCC2	0.196318854573278	0.722565009608901	0.974387197337046
RPL35A	0.0764037961628681	0.838191899711134	0.981044853239391
ARF4	-1.02458914632034	0.104453195641261	0.954156649230054
RPL7	0.404236592198043	0.359059224295425	0.954156649230054
VCL	-1.19040786445461	0.103992209110757	0.954156649230054
NELFE	0.741522529364428	0.122488088704326	0.954156649230054
RPL17	0.332925034239732	0.356967253194393	0.954156649230054
PGAM1	-1.20337076175857	0.213228782071046	0.954156649230054
RCC1	0.370587617087619	0.330971167499454	0.954156649230054
LIG1	-0.400139403574158	0.551358380653466	0.957773341824946
PLCG1	-0.118121943986679	0.903471259180692	0.988187981406233
NCL	0.150855529907538	0.736838361039107	0.974387197337046
HK1	-0.109229651676987	0.760866058998847	0.975390222445392
POLR2C	0.130913776970804	0.728578274207012	0.974387197337046
POLR2E	0.236305578032173	0.6044194782868	0.957924409741753
EIF2AK2	0.81766801451483	0.0683129483350058	0.954156649230054
SRM	-0.597720369283714	0.477525393848764	0.954156649230054
CSNK2A2	0.248607323407448	0.539503065879422	0.955966700038622
RXRA	-0.299764027226232	0.538519881467351	0.955966700038622
NFKB1	0.211855748060245	0.722070909000509	0.974387197337046
EIF2S2	0.159909554580416	0.657912190039775	0.965540679089589
ANXA7	0.718933947849653	0.464314945129736	0.954156649230054
BTF3	-0.331922223327886	0.645501801329571	0.965540679089589
RAB3A	0.158766061127487	0.750415401568172	0.975303568927917
RAB4A	-2.76747217108162	4.09876953624924e-05	0.0310768706238418
RAB5A	-0.259185494036132	0.48557897560845	0.954156649230054
PSMB1	-0.13616693465115	0.754003190678492	0.975303568927917
LMNB1	-0.724337866011407	0.125362426513263	0.954156649230054
BCL3	0.820963837383406	0.182267252091864	0.954156649230054
CAST	-0.980046074814098	0.160126912786506	0.954156649230054
IMPDH1	0.0988819884774159	0.872800400283211	0.986439583248859
PTMS	-1.08918801032964	0.270263708349833	0.954156649230054
CDK11B	-0.442989048026529	0.437134497295493	0.954156649230054
GSTM3	-0.553554146536342	0.578889422843018	0.957773341824946
ATP6V1B2	0.0430942307561821	0.908618065685969	0.990030831522104
ATP6V1C1	-0.237092435752547	0.599108013840854	0.957924409741753
CSRP1	-0.153469547765773	0.678002267004711	0.968238354664746
FLNA	-0.62054567048278	0.432926942141019	0.954156649230054
ACO1	0.0729356253763811	0.954603391413516	0.996668415258973
TGM2	-0.507595454906117	0.587821275068107	0.957773341824946
OSBP	0.302586402730274	0.521246466180607	0.954156649230054
PCMT1	-0.797283127989935	0.0823693898199368	0.954156649230054
FBL	0.446395313106436	0.454791512142013	0.954156649230054
GART	-0.382859475437538	0.683914482215538	0.969532193747946
PAICS	0.00127055076642435	0.999025794351481	0.999405290343617
UBA1	-0.453344100336611	0.686865305137822	0.969616850054002
NME2	-0.635115800758317	0.572113472640614	0.957773341824946
HNRNPA2B1	0.00708950848709122	0.983252810600723	0.996668415258973
RFX1	-0.277985853674949	0.766467147559353	0.975390222445392
CBL	0.102647003348061	0.947054748879425	0.996668415258973
PRKACB	-0.0891827799459612	0.829566189132653	0.981044853239391
NR4A1	0.910271519520347	0.149036944389948	0.954156649230054
TCEA1	1.29447602963875	0.480148274340013	0.954156649230054
ITGA6	-0.915323238511679	0.289497747360498	0.954156649230054
SFPQ	-0.303794812876578	0.756214852821995	0.975390222445392
PPIB	-0.106250669595653	0.749470610863766	0.974697456529858
WARS1	-0.0324302670156982	0.965595169500459	0.996668415258973
RPS3	-0.0488465842767383	0.905986431794676	0.989226544623737
SP100	0.123072627795043	0.896809919662557	0.986439583248859
AHCY	-0.958889860206973	0.370987925779771	0.954156649230054
CFL1	-1.08872281388496	0.246840615266465	0.954156649230054
EIF4B	-0.598133615920283	0.239249655430146	0.954156649230054
F8A1	1.09048471732589	0.106733952139414	0.954156649230054
DTYMK	-0.375047274933859	0.617283472217102	0.962057993293814
RRM1	-0.370606834737803	0.486281737586402	0.954156649230054
EEF1B2	-0.232249061789442	0.782849725639659	0.975793754249777
ACP1	-0.476765245007666	0.569777093891067	0.957773341824946
MYL9	-1.73184713322322	0.000906812259157941	0.286982155564711
POLR2A	-0.179744666870015	0.745813612339387	0.974387197337046
CDK2	-0.344881823205085	0.484584433161012	0.954156649230054
GRK2	-1.33064670400992	0.106647763424082	0.954156649230054
MCM3	0.686630126035041	0.0827015727576652	0.954156649230054
NFYB	0.349269607167969	0.622139787906946	0.964785148471106
MPST	-0.026796178980959	0.962913640255511	0.996668415258973
RPS12	0.135634635668048	0.798782503902552	0.978411784263191
YY1	-0.464266259256888	0.345021351890067	0.954156649230054
DNAJB1	0.0113722034874826	0.984589979706265	0.996668415258973
DNAJB2	-0.00251924990173791	0.996050043668122	0.999241780714878
PSMA1	-0.128389260490174	0.742893205488075	0.974387197337046
PSMA2	0.0816928849805016	0.820465811488609	0.981044853239391
PSMA3	-0.22915791292834	0.530146760366902	0.954156649230054
PSMA4	0.0491961496565381	0.908220584943759	0.990030831522104
ITGA3	0.769456559979716	0.18223370867755	0.954156649230054
MSN	-0.329975302461492	0.507865101899225	0.954156649230054
DDX6	0.298154906090851	0.462729330729656	0.954156649230054
DNMT1	0.667770518608073	0.156283725309956	0.954156649230054
U2AF2	-0.0196352519852496	0.965581826428024	0.996668415258973
RPL13	-0.372436756404998	0.337046937679261	0.954156649230054
S100A4	-1.84927305888197	0.101923375008838	0.954156649230054
HMGB2	-0.421147716054346	0.265024481312108	0.954156649230054
PTBP1	-0.130710097154736	0.707332824403298	0.973761730603821
TARS1	-0.426899165064615	0.678793122553695	0.968500085660917
VARS1	-0.805285571265408	0.214050118600677	0.954156649230054
EEF1G	-0.276645298979147	0.703098202219032	0.973761730603821
STOM	0.141914765059596	0.814997954233403	0.980843569682168
YWHAQ	-0.698473855897266	0.302403085096531	0.954156649230054
MAPK3	0.237582987110251	0.59437069515054	0.957924409741753
MARK3	-1.41208192270714	0.00513919451311736	0.74571079263289
ARNT	-1.48519491873734	0.110104531760338	0.954156649230054
RPL10	0.126948474551583	0.760280567550577	0.975390222445392
RPA1	0.531734387741135	0.298653130111192	0.954156649230054
APEX1	0.0108063568941503	0.984473238299675	0.996668415258973
CAD	-1.24066983200378	0.0410100068671429	0.954156649230054
CALR	0.0219125086369729	0.961583450229819	0.996668415258973
MAP4	0.287122566624777	0.687425729911589	0.969616850054002
CANX	0.365088684531983	0.416408904679669	0.954156649230054
PSMB8	0.635975565962806	0.104489425957417	0.954156649230054
PSMB9	-0.662516970192861	0.217886404982932	0.954156649230054
PSMA5	0.0354737636633082	0.9363427095324	0.996020811828807
PSMB4	-0.154766671879656	0.68433057117936	0.969532193747946
PSMB5	-0.367941353248479	0.33055493007463	0.954156649230054
POLD1	0.865421485637754	0.171588645795968	0.954156649230054
MAPK1	-0.926334726600391	0.0487326351933461	0.954156649230054
ERCC5	1.01866837344583	0.166342456311019	0.954156649230054
LAP3	-0.304487666295966	0.580526289755638	0.957773341824946
GTF2E1	1.30467364000926	0.242207803883189	0.954156649230054
TPP2	-0.743608457981708	0.280352825234717	0.954156649230054
IMPA1	-0.175738978014589	0.76401300881595	0.975390222445392
SHC1	-0.269989691625121	0.654846959130439	0.965540679089589
CRABP2	-0.991298546210619	0.255342923902868	0.954156649230054
TKT	-0.843258204404808	0.46879951976056	0.954156649230054
RBMS1	0.505899268434213	0.287402681302023	0.954156649230054
PML	-0.142529988619106	0.738525579453314	0.974387197337046
EEF1D	-0.144552137965203	0.777927808228535	0.975390222445392
MARCKS	-0.894107643154712	0.0446238966398618	0.954156649230054
ERP29	-0.069559533944819	0.847723461488913	0.981044853239391
PRDX6	-1.20021158764602	0.307351767356944	0.954156649230054
BLVRB	-0.485171705244156	0.597443703840368	0.957924409741753
PRDX5	-0.270717098301148	0.660130733965197	0.965540679089589
DDT	-0.883808529588848	0.447144446225337	0.954156649230054
PRDX3	0.110981797474793	0.75893256284368	0.975390222445392
RPL12	-0.727500292079466	0.107754644965813	0.954156649230054
CMPK1	-0.138743236710862	0.859846697331752	0.982396931890252
PEBP1	-0.741225418817201	0.493195271477735	0.954156649230054
PDIA3	0.370355015449739	0.280409024005945	0.954156649230054
PPP2R1A	-0.270362699692424	0.652190252416541	0.965540679089589
PPP2R1B	0.622587605095362	0.336738675185926	0.954156649230054
CDC27	0.894357110348928	0.0878332143721092	0.954156649230054
WEE1	0.170710796924794	0.746325973727467	0.974387197337046
NMT1	-0.122698945549576	0.855207891992205	0.981044853239391
ADSS2	-0.351336162944879	0.643447836270232	0.965540679089589
LRPAP1	-0.257035347059169	0.507406245053263	0.954156649230054
ADSL	-0.368735917551255	0.590079744993	0.957924409741753
CLIP1	0.365504264917348	0.617853200225246	0.962317782273585
SERPINB1	-0.447057141509696	0.460136005358548	0.954156649230054
SLC7A1	0.230557413496197	0.689648473205762	0.969616850054002
POLR2B	-0.00601584377432118	0.990427519179532	0.998593277981278
MAT2A	-0.277640085338856	0.763377552351291	0.975390222445392
PRKAR1B	0.773439181219054	0.10229688281889	0.954156649230054
CPS1	0.0165845892563325	0.965230534575974	0.996668415258973
RRM2	-0.0646230686329297	0.897620019862048	0.986439583248859
DNAJA1	-0.326595342499882	0.467025659789305	0.954156649230054
ATIC	-0.887553570524702	0.145014262089543	0.954156649230054
HNRNPH3	-0.00129527368778426	0.998075043608506	0.999405290343617
HNRNPH1	-0.496282123426823	0.307048502663582	0.954156649230054
YWHAB	-0.712583639686272	0.31196638093745	0.954156649230054
SFN	-0.481702558218146	0.675563313919612	0.968238354664746
STIP1	-0.522431460655273	0.492997973016265	0.954156649230054
S100A11	-0.433584199713898	0.740743175578439	0.974387197337046
L1CAM	-0.157325334305447	0.789028756058109	0.97719961261558
INPP5B	0.128268227344343	0.788192131223738	0.977121114934333
PRDX2	-0.214891802038558	0.848647669463982	0.981044853239391
HPD	-1.3227929909194	0.0550567082368212	0.954156649230054
CTH	0.175782455687223	0.852798190742759	0.981044853239391
RPL9	0.392391077983909	0.458086868237423	0.954156649230054
ACSL1	0.28687111822989	0.464581284803121	0.954156649230054
KIF5B	-0.0636101973312719	0.918146398097419	0.992277358099386
CSTF2	0.0394173453066458	0.949756166959953	0.996668415258973
DUT	-0.508835547200938	0.615628870091271	0.962057993293814
TTK	0.311115478216308	0.775773411453921	0.975390222445392
MCM4	0.462566563230595	0.309499739341905	0.954156649230054
MCM5	0.37461149777727	0.330137814428612	0.954156649230054
MCM7	0.230658378442921	0.556517022460501	0.957773341824946
HSPA1L	-0.369816640726135	0.458209125857664	0.954156649230054
HSPA4	-0.520426290600277	0.478690869824089	0.954156649230054
MPI	0.141062092069955	0.838363659588413	0.981044853239391
GPC1	0.402195720737467	0.470809192601208	0.954156649230054
PFN2	-0.835233613331589	0.272999649035199	0.954156649230054
CTNNA1	1.15403788678811	0.214140172551103	0.954156649230054
CTNNB1	0.54560737596352	0.249546959779384	0.954156649230054
SERPINB6	-0.444003369466927	0.591536488593299	0.957924409741753
RDX	-0.613740290374807	0.206888663800173	0.954156649230054
RPA3	0.884862496101338	0.0503135708561763	0.954156649230054
RFC4	-0.591875890568492	0.350092246346375	0.954156649230054
RFC2	0.419529395488983	0.254095154112201	0.954156649230054
RPL22	-0.273517599861151	0.568119700825461	0.957773341824946
GTF2F1	1.27592476610003	0.112806528344137	0.954156649230054
SPR	-0.311075240119255	0.696984397113749	0.971930403313045
AGL	-1.63892747750652	0.132583549524354	0.954156649230054
MYH9	-0.377859321357096	0.49681191919237	0.954156649230054
COPB2	0.328190104967327	0.452772040430014	0.954156649230054
ADD1	-0.851149131280728	0.0538917953396201	0.954156649230054
BSG	0.295430954984663	0.430250291681149	0.954156649230054
FUS	-1.594010479616	0.0141491147928969	0.954156649230054
NUP214	0.417803533535551	0.306338383096017	0.954156649230054
DEK	0.182336838587748	0.825049424030747	0.981044853239391
CHKA	0.198849737356923	0.794452399327961	0.978411784263191
PSMC2	-0.0511360523271094	0.891272230865414	0.986439583248859
ARL2	-0.113142422024929	0.809716392415827	0.980400780468987
ARL3	-0.566413767924509	0.388104771656749	0.954156649230054
MAP2K2	-0.408935939001633	0.453934381710673	0.954156649230054
ATP6V1E1	-0.420204308482834	0.449566012876878	0.954156649230054
RPL4	-0.282295081630846	0.582368073379819	0.957773341824946
PGM1	-0.93589569998176	0.458332826159474	0.954156649230054
PPP1CC	-0.37319721795528	0.399225531960916	0.954156649230054
SRP14	-0.463551686522639	0.524947283103039	0.954156649230054
NUP62	0.134909592821323	0.708278183581767	0.974387197337046
HPCAL1	-0.437131428233599	0.335641707955772	0.954156649230054
FDFT1	0.319522418038808	0.370353288587577	0.954156649230054
TAGLN2	-1.75439617450427	0.177740380697274	0.954156649230054
TALDO1	-1.00424335189518	0.307870420342896	0.954156649230054
SNCA	-0.203813588946105	0.747756171991649	0.974387197337046
ETFB	-0.475174165531286	0.378115072426527	0.954156649230054
ATP6V1A	-0.742786700997158	0.590338576577984	0.957924409741753
HSPA9	0.0676486444259403	0.865972182143976	0.985264268459728
EIF4A3	-0.213929488445917	0.798503684127261	0.978411784263191
RPS19	-0.0599951815839184	0.902304162892416	0.988149320361665
RPL3	-0.00518108429416131	0.991028704157999	0.99864119708292
FEN1	-0.174042114148435	0.657646653811626	0.965540679089589
CAPG	-0.255092598338603	0.707396414160623	0.973761730603821
CAP2	-0.20351298086976	0.636563465892249	0.965540679089589
TXLNA	0.708576815681056	0.110623193945008	0.954156649230054
CCT6A	-1.62879668689578	0.0597561150472747	0.954156649230054
NNMT	-1.46391855286444	0.0770157647657563	0.954156649230054
RPL13A	-0.675556908129284	0.294537524386774	0.954156649230054
ARL1	-0.123560367119211	0.738642632279645	0.974387197337046
MLH1	-0.50487840669059	0.322383653541493	0.954156649230054
STAT3	0.188120596505318	0.803605284217007	0.980203469294924
PEX19	-0.41801474004815	0.269362998589938	0.954156649230054
MDH1	-0.65699191560352	0.374871624083921	0.954156649230054
RFC5	0.355869159070192	0.398832030436221	0.954156649230054
RFC3	0.56946921303928	0.354493019431212	0.954156649230054
EIF2S3	-0.247929609123535	0.573978669183828	0.957773341824946
NAA10	-0.422549396358789	0.443254726076494	0.954156649230054
PPP1R2	-0.435963866199994	0.318962839305177	0.954156649230054
CSK	-0.243474601425298	0.750841977200748	0.975303568927917
GARS1	-0.403102902566655	0.694169937200938	0.970797567710942
IARS1	-0.324264323707137	0.677070906643114	0.968238354664746
PRKCI	0.0172545580883678	0.970346855785738	0.996668415258973
STAT1	-0.304196523193291	0.740667277386599	0.974387197337046
STAT6	0.703727890418733	0.375310760820336	0.954156649230054
MTREX	-0.589667746526558	0.497674273398836	0.954156649230054
AKR1C3	-0.662030202490801	0.424202801966255	0.954156649230054
MTOR	-0.286900340469661	0.490800011411478	0.954156649230054
EPS15	-0.00344724029730159	0.993064157434644	0.99864119708292
RPS27	-0.168038921252819	0.698408770634487	0.972102788714313
RPL35	-0.704020845797068	0.114964357089851	0.954156649230054
CDKN2A	-0.778506868382973	0.290110797443203	0.954156649230054
PRCP	0.891792354537905	0.0801894236387157	0.954156649230054
HTT	0.154859947591245	0.741852921999442	0.974387197337046
PAFAH1B1	0.177255975855211	0.67422583091974	0.968238354664746
MCAM	0.063822149935941	0.848520532982251	0.981044853239391
MATR3	-0.21766229230203	0.712347105458536	0.974387197337046
MSH2	0.117581661516851	0.795088253105519	0.978411784263191
MAGEA1	0.382917030298888	0.31635704807406	0.954156649230054
MAGEA12	0.729629496356118	0.171723860040767	0.954156649230054
RANBP1	-0.585359492865585	0.395207293369182	0.954156649230054
NAMPT	-0.241136661457055	0.728477694709877	0.974387197337046
PSMC4	0.108883703272237	0.740517339138539	0.974387197337046
CBX5	-0.0705432605719309	0.923732907149988	0.99290853080824
USP5	0.222077622264429	0.764948182180827	0.975390222445392
RANGAP1	-0.187716215863794	0.743117815118764	0.974387197337046
RECQL	1.04767848530031	0.105307765474552	0.954156649230054
NOP2	-0.469141373307476	0.306307202867431	0.954156649230054
CRK	0.15175243383241	0.810417519396403	0.980441764942699
CRKL	-0.988434204011433	0.175038029286841	0.954156649230054
BAG6	0.558412812137661	0.188677996089882	0.954156649230054
RPL27A	0.266220581404067	0.724685790965606	0.974387197337046
RPL5	-0.268898202238042	0.613141754791573	0.960901361064428
RPL21	-0.469488290963454	0.284287301114299	0.954156649230054
RPL28	0.0680771237467148	0.852693485373847	0.981044853239391
RPS9	-0.217143146373452	0.516706673995294	0.954156649230054
RPS5	-0.969267252456653	0.043892117564762	0.954156649230054
RPS10	-0.550276903368889	0.450644128023965	0.954156649230054
GNPDA1	-0.988503083202914	0.294305349917513	0.954156649230054
YAP1	-0.461861649220225	0.267067061746789	0.954156649230054
IQGAP1	0.0903706348723716	0.870077377216492	0.986439583248859
GYG1	-0.806113709641505	0.410855032218241	0.954156649230054
PLA2G4A	-0.349402129320815	0.652851948113566	0.965540679089589
CAPZA2	0.748789248243821	0.509233133220206	0.954156649230054
CAPZB	-0.717701324024649	0.251640467691216	0.954156649230054
QARS1	0.25325146180263	0.632216166632698	0.965540679089589
RPL29	-0.774835521618364	0.144546721789965	0.954156649230054
LIMS1	0.733325819661598	0.207038622557453	0.954156649230054
PREP	-0.638281416507962	0.390167534863596	0.954156649230054
ME1	-0.156346016043067	0.880708733793538	0.986439583248859
PIP4K2A	-0.443358243167054	0.4452612677512	0.954156649230054
ARCN1	-0.110799837690603	0.746394707893316	0.974387197337046
GCLM	-0.784022537892966	0.254725990675259	0.954156649230054
PSMD8	0.183508531072867	0.599639153710555	0.957924409741753
PRRC2A	-1.11396343315111	0.0494637124686655	0.954156649230054
GSS	-0.150557453700362	0.882375427455254	0.986439583248859
CCT5	-0.487728153545966	0.574868715351917	0.957773341824946
CSNK1A1	0.282079926888116	0.466912334186774	0.954156649230054
CSNK1D	1.27284386642999	0.0145012020491644	0.954156649230054
PITPNB	-0.739531938022779	0.25650733257695	0.954156649230054
ADGRE5	-0.258324883162736	0.510746869730468	0.954156649230054
POLD2	0.485390439380446	0.248735502188482	0.954156649230054
MARCKSL1	-0.764267059361138	0.0594781943728592	0.954156649230054
PXN	0.273293012774033	0.732066946802104	0.974387197337046
MAPKAPK2	2.22370369462547	0.00266386839600042	0.531511846801978
ALDH9A1	-0.113099480954919	0.837714924725747	0.981044853239391
RPL34	-0.410738642543588	0.331739212366127	0.954156649230054
RPIA	0.251110211498634	0.644613252746965	0.965540679089589
LMAN1	0.0343856587027105	0.963875459379544	0.996668415258973
NASP	-0.0805462690254757	0.896835802635695	0.986439583248859
FASN	-0.640713973366729	0.45507949274623	0.954156649230054
FNTA	0.130692607899299	0.833224569183331	0.981044853239391
FNTB	0.813177147642019	0.314646428397887	0.954156649230054
DHPS	-0.972271423687303	0.203428665706083	0.954156649230054
CCT3	-0.785958375273424	0.311201150641841	0.954156649230054
ALDH7A1	-0.135585779072549	0.815886825300924	0.981044853239391
CDC34	0.837975093526239	0.305481697698719	0.954156649230054
SRP9	-0.357986158146122	0.3195759822334	0.954156649230054
PCYT1A	-0.111000049974709	0.758413719591738	0.975390222445392
AARS1	-0.13456506940576	0.903211380023366	0.988187981406233
CARS1	0.464637504870289	0.569951860386608	0.957773341824946
SARS1	-0.161777252926676	0.895736397856074	0.986439583248859
PRIM1	0.810832288889873	0.175962626605687	0.954156649230054
PRIM2	0.582645805200265	0.171046391810013	0.954156649230054
PSMB3	0.452396570569558	0.202002248927739	0.954156649230054
PSMB2	-0.334993642518668	0.344747773248334	0.954156649230054
MCM2	0.216431722502296	0.631346101220726	0.965540679089589
TMED10	0.39900345958694	0.434727831109883	0.954156649230054
EIF2B2	-0.899633654839537	0.209929402705595	0.954156649230054
HINT1	-0.115648625756027	0.900581004953724	0.987591145438116
RANBP2	0.82539803807618	0.107556552048454	0.954156649230054
TSC2	0.744661351526247	0.397527981687172	0.954156649230054
GSK3A	-0.204329806843724	0.658391698128858	0.965540679089589
NT5C2	0.249396403140842	0.653108597635682	0.965540679089589
SEPHS1	0.342103544995446	0.753073878348498	0.975303568927917
GMPS	0.104533399225907	0.889184106188114	0.986439583248859
LIG4	0.588781876903447	0.283588826206576	0.954156649230054
MRE11	-1.39048224511905	0.0663672806739335	0.954156649230054
GDI2	-0.585126122510196	0.516683973976134	0.954156649230054
SERPINH1	0.248031752040106	0.521465935020127	0.954156649230054
ST13	-0.478690385657607	0.53055030237288	0.954156649230054
PEX5	-1.72801755307812	0.0311921302989381	0.954156649230054
VASP	-0.552109104114631	0.210883143680195	0.954156649230054
DNM2	0.297443830566998	0.400683333089857	0.954156649230054
METAP2	0.108614893382473	0.800345431389497	0.979060835881763
CDK7	-0.0578652537856854	0.916029161958198	0.991623801537272
KNTC1	-1.8516764181839	0.0342385263854603	0.954156649230054
CDK9	1.47649008196303	0.18113386823736	0.954156649230054
LRBA	-1.54012213549392	0.126805461718026	0.954156649230054
RPL14	-0.284596932806242	0.62217219511822	0.964785148471106
CCT8	-0.569981977927096	0.416358558658278	0.954156649230054
CCT4	-0.510228181972202	0.491226655446538	0.954156649230054
ANXA11	-0.367738938644123	0.509029869246667	0.954156649230054
PAPOLA	0.870445699459481	0.32548250935199	0.954156649230054
FXR1	0.0374583323196731	0.946735744757325	0.996668415258973
FXR2	-0.681898945083081	0.197208360802491	0.954156649230054
RAB5C	-0.637046784201168	0.138689604153588	0.954156649230054
RAB7A	0.131737721269793	0.726759879776933	0.974387197337046
RAB9A	0.457540343019453	0.223207714292225	0.954156649230054
RAB13	-0.482760738136804	0.328543426746115	0.954156649230054
DUSP3	0.0360047192840831	0.95838124884841	0.996668415258973
HCFC1	-0.717510788929182	0.0706070583708154	0.954156649230054
IRAK1	-0.349015785259702	0.536639402739836	0.955251584154251
PSMD7	0.214725609951788	0.584822784993176	0.957773341824946
STAT5B	-0.0187244176442256	0.984262987420266	0.996668415258973
USP11	0.388937760333572	0.441105682222108	0.954156649230054
RPS6KA3	-0.333177570254556	0.4522222521605	0.954156649230054
HDGF	-0.821342447814686	0.466687527984302	0.954156649230054
HNRNPA3	1.09734268897763	0.254247405782865	0.954156649230054
PGD	-0.854210984975861	0.429348777975887	0.954156649230054
HNRNPM	0.201576889510747	0.636325228271042	0.965540679089589
KPNA2	-0.297170597781314	0.630935836393633	0.965540679089589
RAP1GDS1	-0.336910446518516	0.61872938292002	0.962680389482265
POLR2H	0.78200874987127	0.0392768627540564	0.954156649230054
POLR2J	0.491866211809043	0.259758749867126	0.954156649230054
ARHGDIA	-0.552236601720544	0.4226915576169	0.954156649230054
SLC7A2	-0.694073194957472	0.288052042337156	0.954156649230054
AGFG1	-0.588662023986252	0.406501299630949	0.954156649230054
HNRNPF	0.406406269139278	0.360213415257197	0.954156649230054
STAT2	0.68594193650074	0.249990489665628	0.954156649230054
MSH6	0.351771437407752	0.336007600447973	0.954156649230054
KIF11	-0.673813242240303	0.382959666574403	0.954156649230054
RIDA	-0.482773474529232	0.22191468746857	0.954156649230054
SMS	0.230146707792169	0.763140731601248	0.975390222445392
HK2	-0.218984927000992	0.6489184016956	0.965540679089589
THOP1	-1.38223105121042	0.124977747695841	0.954156649230054
CAPZA1	-0.387046307367605	0.59960500298499	0.957924409741753
CRIP2	-0.430026447214701	0.510330800848954	0.954156649230054
NUP98	0.11210986572798	0.795952335659809	0.978411784263191
BLVRA	-1.01386773462053	0.203610408723603	0.954156649230054
PPP5C	-0.53260618954517	0.503586422164475	0.954156649230054
PLK1	0.508351448105024	0.558521135120712	0.957773341824946
ARFIP2	0.436825485396376	0.270772497237514	0.954156649230054
ARFIP1	0.0653345037419193	0.884621485437546	0.986439583248859
ACLY	-0.152925155472175	0.891220594932491	0.986439583248859
METAP1	0.12686118285918	0.861590541155379	0.982396931890252
PGGT1B	0.499936032652876	0.743531998018603	0.974387197337046
RABGGTB	-0.421742923684128	0.531658781218027	0.954156649230054
COPB1	-0.0507882281776908	0.88189082429327	0.986439583248859
COPA	0.287241233205243	0.444336789430226	0.954156649230054
CTSC	0.0805942655886902	0.865574716990359	0.985107701023852
CLTCL1	-0.563709026648741	0.330948455909784	0.954156649230054
AP2S1	-0.671622537570521	0.0919727740781088	0.954156649230054
SLC16A1	0.324577974646118	0.744604604345932	0.974387197337046
IST1	0.203550136615519	0.700414371186019	0.973339765823387
SEC24C	0.574838086419753	0.197885384484337	0.954156649230054
SUB1	-0.483392024809369	0.573692298592895	0.957773341824946
CLNS1A	-1.16661010191041	0.196273441723745	0.954156649230054
RARS1	0.157350772747634	0.85948281052559	0.982396931890252
ATN1	0.216348484331064	0.790949421064655	0.978287271855109
YARS1	-0.120623483455958	0.913160297860873	0.990949379419767
USP14	-0.798728210087987	0.243341977739115	0.954156649230054
PRKAG1	0.920547858847609	0.0555255247197505	0.954156649230054
PRKAA2	0.293508826905121	0.731998844021976	0.974387197337046
HSPA2	2.90522018030224	0.0896226948020238	0.954156649230054
ATP1B3	0.704480151621897	0.143715391466876	0.954156649230054
RAD23A	-0.249241802119151	0.661549350211313	0.965540679089589
RAD23B	0.306368433099351	0.512685795304365	0.954156649230054
PDE1A	-0.602793265911508	0.522167332444069	0.954156649230054
AK2	0.0278857792377956	0.932218600909821	0.995784929853235
NAPA	0.130165592089838	0.707299971455646	0.973761730603821
EIF5	-0.176317995545649	0.746105126648216	0.974387197337046
PSMD4	-0.0453092527457386	0.91004245249219	0.990251986764182
CSE1L	-0.908229414219921	0.369248233985997	0.954156649230054
VCP	0.339176311295766	0.367044843028004	0.954156649230054
MFAP1	-0.389550696349414	0.570637456127159	0.957773341824946
NAP1L1	-0.529530614700839	0.568450079818082	0.957773341824946
ADK	-0.780756474444591	0.43529082820124	0.954156649230054
ADAR	-0.527840987870363	0.277590522765622	0.954156649230054
TPD52	-0.500650946041503	0.417071721572776	0.954156649230054
SEC13	-0.0891598896590011	0.840909364896822	0.981044853239391
SNU13	-0.0188795901550201	0.964339670054445	0.996668415258973
NPEPPS	-1.42484920343654	0.0550092851926998	0.954156649230054
EIF3B	0.158235937234004	0.708710465115312	0.974387197337046
MARS1	0.375553740346703	0.618544562089164	0.962680389482265
AP1S2	-0.152749002899714	0.837284951824371	0.981044853239391
EIF6	-0.000513976396664617	0.999240716966282	0.999405290343617
BCAR1	-0.559854839781309	0.419238080748683	0.954156649230054
GEMIN4	0.567517005881022	0.559065676788436	0.957773341824946
NUP107	-0.133399288079744	0.790882279381772	0.978287271855109
EEFSEC	-0.525056840783634	0.400117848238577	0.954156649230054
EPPK1	-0.00380303245075453	0.996078789058698	0.999241780714878
MTPN	-1.54800943393288	0.0931634370475799	0.954156649230054
ARPC4	-0.561150344796964	0.327153126780786	0.954156649230054
TPI1	-0.777898947801322	0.551815100901535	0.957773341824946
EIF3E	-0.215813082457132	0.653593567734161	0.965540679089589
PPP4C	0.284880287348578	0.482662788689337	0.954156649230054
MYL6	-0.877495272522765	0.177112429083129	0.954156649230054
EIF4A1	-0.148571490873582	0.8842637473683	0.986439583248859
RPS20	0.0146722153565761	0.97109819335182	0.996668415258973
PRPS1	-0.0797081204452184	0.857947744535782	0.982396931890252
PSMA6	-0.409600497190205	0.334000220310407	0.954156649230054
S100A10	-0.297389344106168	0.43294975459547	0.954156649230054
CDC42	-0.311598776354096	0.435265140999646	0.954156649230054
DSTN	-0.935803570359852	0.201123368673464	0.954156649230054
RAB8A	-0.11935871627837	0.767301852970753	0.975390222445392
SRP54	0.161362640927656	0.696231223062874	0.971930403313045
RAB2A	0.0493481667316438	0.917418401553654	0.992277358099386
RAB5B	-0.482088562129057	0.362812906363383	0.954156649230054
RAB10	0.0264222255545761	0.976392400456847	0.996668415258973
UBE2M	-0.972966503477746	0.15705382663166	0.954156649230054
UBE2K	0.901040615135297	0.154450959341616	0.954156649230054
UBE2N	0.220579034205187	0.863262177143132	0.983361452388706
RAB14	0.403583635346411	0.55323502833978	0.957773341824946
ACTR3	-0.412734450454195	0.375750071161549	0.954156649230054
ACTR2	-0.701127148918602	0.307943880191176	0.954156649230054
ACTR1A	0.0988749818294323	0.807428239093741	0.980203469294924
COPS2	0.728180244587627	0.226227024057192	0.954156649230054
ARF3	0.402737235962647	0.779591763125702	0.975390222445392
ABCE1	0.136435770552126	0.69159693024163	0.969616850054002
RAP1B	0.299429679283495	0.657179969945229	0.965540679089589
RAP2B	0.296383013232713	0.658483899463165	0.965540679089589
RPS3A	-0.315626339676967	0.348718924810588	0.954156649230054
RPL26	-0.527980427871483	0.245432497561551	0.954156649230054
PSME3	0.322422270433854	0.493072510217002	0.954156649230054
RPL15	-0.111988490634989	0.805936084522595	0.980203469294924
RPL27	-0.354129818029953	0.374123378208933	0.954156649230054
RPL37A	-0.13229720600345	0.714973679275074	0.974387197337046
HSPE1	-0.736576010786532	0.129405511079549	0.954156649230054
VBP1	-0.780267406081336	0.220066241064152	0.954156649230054
STXBP1	-0.0953679281468141	0.812693740156927	0.980597138885862
COPZ1	-0.134961188369626	0.683259102643856	0.969532193747946
UFM1	-0.357513502580534	0.611543250392175	0.960901361064428
DCAF7	0.340457764537142	0.318427659839417	0.954156649230054
WDR5	0.088512187459024	0.828636582406183	0.981044853239391
AP1S1	-0.205169526850593	0.713941082056245	0.974387197337046
NUTF2	-1.74437476255368	0.0613756214323795	0.954156649230054
HNRNPK	0.260200249082509	0.649612301209788	0.965540679089589
YWHAG	-0.760912531347813	0.138120619987108	0.954156649230054
RPS7	0.0172014574020984	0.976667133075239	0.996668415258973
PPP1CA	0.0232485044633464	0.964784716144079	0.996668415258973
PPP1CB	-0.1896772721432	0.622827143289914	0.964785148471106
NCS1	0.450271969106115	0.37929825468916	0.954156649230054
PSMC1	0.0352141779012634	0.925819762814386	0.99290853080824
PSMC5	-0.216537429695041	0.581214089212415	0.957773341824946
RPS8	-0.363262701754856	0.379836068276158	0.954156649230054
RPS15A	0.139610594239677	0.702300712045148	0.973761730603821
RPS16	-0.0870424941471626	0.806029070738433	0.980203469294924
UBE2H	-0.0403747274498798	0.954345306563654	0.996668415258973
YWHAE	0.14221841618884	0.889623445986258	0.986439583248859
RPS14	-0.000787147383956466	0.998433288040251	0.999405290343617
RPS23	-0.268739139750863	0.619550641426284	0.962680389482265
RPS18	-1.09465010938957	0.0297113166326021	0.954156649230054
RPS29	-0.575633029044706	0.522348202485986	0.954156649230054
RPS13	0.351025276156754	0.580929404636923	0.957773341824946
RPS11	-0.263182961036705	0.627567573203133	0.965366861230527
SNRPE	-0.32339097470954	0.495662352652312	0.954156649230054
SNRPF	-0.622349709841718	0.22621298012708	0.954156649230054
LSM3	-0.110411683890597	0.74575899619818	0.974387197337046
LSM6	-0.269692153091974	0.444464795329241	0.954156649230054
SNRPD1	-0.732390517238017	0.0890555650913857	0.954156649230054
SNRPD2	-0.357479075748572	0.390136204409178	0.954156649230054
SNRPD3	1.32492909135008	0.0482161527653641	0.954156649230054
TMSB4X	-1.67772748916602	0.193692891362338	0.954156649230054
ARF6	0.140161674276719	0.688675272790083	0.969616850054002
PSMC6	0.235821173444016	0.598647638506078	0.957924409741753
RPL7A	-0.311523830761018	0.580816989929495	0.957773341824946
POLR2G	0.38754250670841	0.529957827239333	0.954156649230054
ETF1	-0.579483878828555	0.498264581259118	0.954156649230054
YPEL5	-0.647313058249779	0.356416837073397	0.954156649230054
RPS4X	-0.114113430899287	0.748353600584899	0.974387197337046
PPP2CA	-0.138762447791148	0.837196867878457	0.981044853239391
RPL23A	-0.396842399655217	0.344669166298894	0.954156649230054
RPS6	-0.107299155982744	0.75852667008666	0.975390222445392
H4C1	0.355480681868737	0.453296550625281	0.954156649230054
RAB1A	0.0746792742798483	0.861251863144565	0.982396931890252
RAN	-1.14264377446156	0.0573211751994456	0.954156649230054
RPL23	-0.128162555317502	0.724458355664749	0.974387197337046
RPS15	-0.513910942415887	0.270403148804667	0.954156649230054
RPS24	-1.26039163671212	0.140444611359063	0.954156649230054
RPS25	-0.268704049798856	0.598624996954587	0.957924409741753
RPS26	0.166864745499289	0.722873011972803	0.974387197337046
RPS28	0.263637332313948	0.60249101607036	0.957924409741753
FAU	0.0834893919625372	0.834844576600823	0.981044853239391
POLR2L	0.509138371958489	0.313863118650797	0.954156649230054
RBX1	0.137147736264364	0.688343659834525	0.969616850054002
RPL30	-0.106844669823527	0.780485197897928	0.975793754249777
RPL39	-0.538521787956416	0.214203679840797	0.954156649230054
RPL31	-0.187674830291833	0.747956249060616	0.974387197337046
RPL10A	-0.174037905005058	0.613563418070009	0.960996104641106
RPL32	-0.545380388571509	0.19607928294441	0.954156649230054
RPL11	-0.0742803237029328	0.852629368623428	0.981044853239391
RPL8	-0.0935039733499572	0.799166919922446	0.978566162536868
PPIA	-1.11506412945041	0.303799691318412	0.954156649230054
FKBP1A	-1.86861134913558	0.0301139622842477	0.954156649230054
GRB2	-0.288095221704541	0.474051743175935	0.954156649230054
RAC1	-1.2626162572498	0.206711209336495	0.954156649230054
AP2B1	0.368861160917209	0.38999632324576	0.954156649230054
GNAS	0.54107842980747	0.198246226180265	0.954156649230054
PPP3R1	-0.917887218356295	0.0763926125974999	0.954156649230054
YWHAZ	-0.982851529528148	0.341831939159031	0.954156649230054
PPP2R2A	-0.449099520842214	0.305883492732991	0.954156649230054
SUMO1	-0.246484820933937	0.485471738965079	0.954156649230054
DYNLL1	1.56217354275676	0.0022173653591275	0.525377004778272
RPL38	0.133729876724974	0.759421619681492	0.975390222445392
SKP1	-0.331685858578304	0.619609641344428	0.962680389482265
RPS21	-0.387620158402704	0.332051633000935	0.954156649230054
EIF5A	-0.231635092990381	0.766057529828461	0.975390222445392
RACK1	-0.0674889869307584	0.880519258354751	0.986439583248859
ACTG2	3.94813762586725	0.16274262279357	0.954156649230054
SUPT4H1	0.567092024580102	0.162529367737657	0.954156649230054
UBE2I	-0.957840498896687	0.107017763053915	0.954156649230054
TMSB10	-1.11946712683315	0.520068111125931	0.954156649230054
YBX1	-0.34537165891172	0.334123277996111	0.954156649230054
TPM4	-0.713744601321778	0.349272159971324	0.954156649230054
UBE2L3	0.16120578173566	0.861393531100206	0.982396931890252
EEF1A1	-0.925686734209869	0.362859240558044	0.954156649230054
TUBA4A	-0.773480616612957	0.492059734534472	0.954156649230054
TUBB4B	-0.362620924929111	0.605198231115079	0.957924409741753
CSNK2A1	0.582724656965368	0.232886772937078	0.954156649230054
PAFAH1B2	-0.68398602859541	0.590426653808392	0.957924409741753
H3-3A	0.59649376837876	0.465390154293256	0.954156649230054
IGBP1	-0.438818997203835	0.473989873713933	0.954156649230054
PSPH	0.437387447463131	0.648595858544824	0.965540679089589
EIF4G2	-0.143481471119252	0.721248880629512	0.974387197337046
RPP38	0.756514377044461	0.149533737107601	0.954156649230054
RPP30	1.01837292957407	0.0590898316645828	0.954156649230054
GTF2I	0.661424491731204	0.372923297592159	0.954156649230054
PIP4K2B	0.25730821668882	0.605556557919114	0.957924409741753
CCT2	-0.396783496084474	0.605381882324212	0.957924409741753
RAE1	-0.156570304996549	0.729896260957639	0.974387197337046
GSTO1	-0.815711474285322	0.467682367700344	0.954156649230054
PRKDC	0.207783757182156	0.776939440690645	0.975390222445392
BASP1	-0.559077931261669	0.129546046515377	0.954156649230054
HMGN5	-0.371735493178264	0.390134073098817	0.954156649230054
SARNP	-0.328877333687128	0.353546707552348	0.954156649230054
COG7	-0.45764287812343	0.437355213510475	0.954156649230054
RPL24	-0.166699629190546	0.797932454640192	0.978411784263191
ARF1	-1.60203202333097	0.31747584599061	0.954156649230054
ARF5	-0.296670525579199	0.645895176822552	0.965540679089589
RHOG	-0.412744121748048	0.342987507030803	0.954156649230054
RPL19	-1.31129016080113	0.165188142758377	0.954156649230054
SRSF3	0.254009865250818	0.587118441601419	0.957773341824946
FOXK1	0.692484911198264	0.0876795827874687	0.954156649230054
CCZ1	-0.801888939642925	0.51078683521963	0.954156649230054
DAB2	0.0642652631240992	0.891599475044315	0.986439583248859
RBM3	0.242903474067621	0.616892959572139	0.962057993293814
CYCS	-1.01062762091065	0.0422449128334453	0.954156649230054
PITPNA	-0.901919773918824	0.0694231253833831	0.954156649230054
HDLBP	0.0517206354477153	0.933693176410315	0.995916019295354
GTF2B	0.164111791811933	0.692452892817222	0.969657802716621
CDK6	-1.98245399150465	0.190517531134025	0.954156649230054
CDK5	-0.0838483679488	0.896046829713833	0.986439583248859
PURA	0.272206753047733	0.530172296230571	0.954156649230054
CLTC	-0.125114288621543	0.747645678689764	0.974387197337046
HSF1	-0.463536783306012	0.532372588944928	0.954156649230054
NFKB2	0.510829250954242	0.480354710060073	0.954156649230054
FKBP3	0.337844312776156	0.505200229627265	0.954156649230054
REEP5	0.0902557247891593	0.901107048093259	0.987706661041003
SORD	0.00419084121928393	0.997997215845275	0.999405290343617
HNRNPU	-0.0925359136018145	0.822922045764231	0.981044853239391
SPTBN1	0.0882207356032474	0.884339384832992	0.986439583248859
TIAL1	0.455133143432192	0.287343399814074	0.954156649230054
SET	0.284087181768207	0.554639329427673	0.957773341824946
SRSF2	0.149613965273559	0.687682164641481	0.969616850054002
AMPD2	0.744322276452316	0.308785659297518	0.954156649230054
FABP5	-1.27938006978079	0.0832168612337096	0.954156649230054
CAP1	-0.468708725613162	0.575070648697889	0.957773341824946
HMGCS1	0.358914344880802	0.706586191794319	0.973761730603821
IFITM3	0.0238523777952366	0.955997121531504	0.996668415258973
SLC7A5	-0.145656392824481	0.794499002882151	0.978411784263191
EXOSC10	0.604521830961428	0.222109419012928	0.954156649230054
PFKP	-0.875613740206294	0.293906341593121	0.954156649230054
EWSR1	-1.11959311408447	0.0868818231568209	0.954156649230054
OCRL	0.281337804645489	0.514675275840655	0.954156649230054
PLCB3	-0.503550974043357	0.54565574657093	0.957773341824946
COL7A1	0.276926964020955	0.665300580783028	0.965742632818693
RPL18A	1.6584700635831	0.239470236951736	0.954156649230054
MAP2K1	-0.908150518227167	0.342212775993871	0.954156649230054
FKBP4	-0.494686487553935	0.480131107582438	0.954156649230054
RPL6	-0.0848305231444684	0.840236992893087	0.981044853239391
AKAP12	1.01259899591025	0.0535925321873704	0.954156649230054
DST	3.53654860326912	3.64313674776141e-06	0.00690556570538176
TNFAIP2	1.26650977187013	0.358338523963232	0.954156649230054
RELA	0.0246158248285724	0.972758140721487	0.996668415258973
UBXN1	-0.314816087469005	0.426678445394757	0.954156649230054
GBE1	0.685442873894644	0.452708816051275	0.954156649230054
EIF4G1	-0.543323592900713	0.187704419357593	0.954156649230054
KRT17	-0.243445461385868	0.486441782886499	0.954156649230054
TLE3	0.171721167861755	0.694231655516846	0.970797567710942
GLO1	-0.779281734954644	0.521500200604767	0.954156649230054
YWHAH	-0.361304860318114	0.50970895849172	0.954156649230054
PLP2	-0.106928171363489	0.849125588024582	0.981044853239391
CSTF1	0.0978844919488679	0.860191446337896	0.982396931890252
UBE3A	0.950246255889414	0.0771124397835392	0.954156649230054
DNM1	0.0127941489773207	0.970525198402009	0.996668415258973
EEF1A2	-0.832696628993805	0.27863440902732	0.954156649230054
PRKCD	-0.510734054010669	0.301274167270673	0.954156649230054
CALD1	-0.290452490156781	0.473819941379156	0.954156649230054
FPGS	-0.232625254465038	0.598423260543172	0.957924409741753
PTPN11	-0.552424407069918	0.253870346417577	0.954156649230054
PPAT	-0.0707216880147357	0.915967439894562	0.991623801537272
GFPT1	-0.675634631154274	0.361159329837158	0.954156649230054
EXOSC9	1.26623784298313	0.0351761009208461	0.954156649230054
PSME1	-0.692862733620025	0.430204933004327	0.954156649230054
GABPA	0.428490250576473	0.286705266601729	0.954156649230054
PRDX1	-1.09718960843473	0.37533813248259	0.954156649230054
RPL18	-0.811160747716752	0.0713362260952894	0.954156649230054
C1QBP	-0.0632966544664484	0.888868021998364	0.986439583248859
TJP1	1.1347768656947	0.0490266521575908	0.954156649230054
BAX	-0.401035349099029	0.327138867141682	0.954156649230054
POLE	0.866467623838574	0.169010531843183	0.954156649230054
KLC1	-0.337129560338674	0.53243132493107	0.954156649230054
SRSF1	0.275366851045554	0.602810480070041	0.957924409741753
ARHGAP1	-0.565754120475432	0.160614582592497	0.954156649230054
TLE5	0.20717745720345	0.582363755403684	0.957773341824946
PPP3CA	-0.79751813727669	0.329424255105872	0.954156649230054
DHX9	-0.0226052093154934	0.969076896277841	0.996668415258973
CRYZ	-0.147451457389153	0.793567274816621	0.978411784263191
GOLGA3	0.338540432881572	0.402132432963376	0.954156649230054
GOLGA2	0.483542156830445	0.372423620626819	0.954156649230054
PPID	-0.73581274806287	0.330226254612082	0.954156649230054
SSRP1	-0.905544505777296	0.366239612262192	0.954156649230054
VAC14	0.162999545064828	0.685965832021365	0.969616850054002
NSUN2	0.163386651879897	0.797714813564365	0.978411784263191
RBBP4	-0.277741265412395	0.506057096227805	0.954156649230054
NCBP1	0.166756532541061	0.642598596689303	0.965540679089589
AHNAK	-0.376801440224479	0.403877109897571	0.954156649230054
FCHO2	0.481392864188123	0.309921392926724	0.954156649230054
HSPA14	0.947651294206434	0.136529294531688	0.954156649230054
GALNT2	1.2049386376532	0.0590149343971217	0.954156649230054
AP1B1	-0.672346136650781	0.588114520157626	0.957773341824946
CPSF1	1.92216821436443	0.0665389825947169	0.954156649230054
BST2	-0.512301361767445	0.450390630393473	0.954156649230054
SCRN1	-1.30989526149654	0.328986993424516	0.954156649230054
WASHC5	0.254292795176251	0.512634523483731	0.954156649230054
NUP160	0.122528833243727	0.779156159095609	0.975390222445392
TWF1	-0.342784205167064	0.590661862745923	0.957924409741753
TFCP2	0.175531907565315	0.716055809522673	0.974387197337046
AKAP13	0.712754959044247	0.485833366901341	0.954156649230054
CDC20	0.828307046661021	0.21995654954615	0.954156649230054
GRSF1	-0.716498387019563	0.232537567307967	0.954156649230054
SF3A3	-0.0849637453381504	0.869459076160273	0.986439583248859
TP53BP1	-0.802684483865836	0.112486818076958	0.954156649230054
IFRD2	0.48405175166949	0.398508063320987	0.954156649230054
TRIM26	0.28794305509609	0.627455074211344	0.965366861230527
AIMP1	-0.519989131111274	0.281197469548056	0.954156649230054
ILF2	-0.317067814838694	0.395280610473388	0.954156649230054
ILF3	-0.280737773716865	0.517551216185752	0.954156649230054
TRAP1	1.99661336963318	0.280715263240899	0.954156649230054
MYO1E	-0.45069045568161	0.438901458799283	0.954156649230054
PPP1R8	0.676580580852701	0.496101820744984	0.954156649230054
PTP4A2	-0.162277259891724	0.678354278551719	0.968238354664746
ABR	-1.65308823329204	0.0554611353013741	0.954156649230054
MLLT11	0.140374077144401	0.726805049554209	0.974387197337046
STRN3	-1.33036007337352	0.340383040224212	0.954156649230054
CDC16	0.716754511875212	0.138492440975781	0.954156649230054
STK4	0.044773143182514	0.94241419028113	0.996668415258973
FLII	-0.00917315145708386	0.987055358143533	0.997274271050677
COASY	0.241433974865412	0.787093801228887	0.976670848332696
ACACA	0.0315769386811802	0.937270354009627	0.996408275953588
GPS1	0.286080653443953	0.429900574870911	0.954156649230054
CHAF1B	0.445528995307157	0.463114302305804	0.954156649230054
MTAP	-0.417952781663079	0.734795525013845	0.974387197337046
PRKAA1	0.720163460058235	0.118262887373686	0.954156649230054
PPFIA1	1.24330472556046	0.1055299992214	0.954156649230054
EIF2B5	0.033824504177332	0.984205666917025	0.996668415258973
TARDBP	-0.351405044479783	0.445576466977342	0.954156649230054
HNRNPA0	-0.705990059527714	0.315722026269112	0.954156649230054
AIMP2	-0.223276824528593	0.785721631797998	0.975929842676122
PRDX4	-0.555693092618377	0.187227944336559	0.954156649230054
PAK2	-0.77504823050829	0.215551316014049	0.954156649230054
CBX3	0.275699090933074	0.433516438517707	0.954156649230054
STX5	0.204886673969646	0.634670615671097	0.965540679089589
PSMD2	-0.16894574921853	0.698498548261089	0.972102788714313
SELENBP1	-3.27705595178049	0.0749507576461387	0.954156649230054
NME3	-1.04259139945713	0.029890521008705	0.954156649230054
SRSF5	1.26164527862586	0.20799880779054	0.954156649230054
SRSF6	-2.57660762735868	1.5529197822108e-05	0.0196237296478705
MAD2L1	-0.413602695775186	0.383078851596678	0.954156649230054
TRIM28	0.199882657016875	0.602146301713514	0.957924409741753
G3BP1	0.125007232114253	0.730496490014451	0.974387197337046
KCNAB2	0.593019339439387	0.270779420545459	0.954156649230054
SKP2	1.1636235692929	0.0174875440094826	0.954156649230054
PABPC4	-0.667447603846735	0.0736483427265714	0.954156649230054
IFIT5	-0.361431654345878	0.669330477677576	0.965742632818693
EIF3I	1.70701454203021	0.00570446135224315	0.74571079263289
PPP2R5C	0.162256167641917	0.663728255945794	0.965742632818693
CTBP1	0.318333523229796	0.399233271468397	0.954156649230054
PDCL	0.130200133180779	0.769112491008481	0.975390222445392
UBE2V1	0.0777899355341773	0.927899016626918	0.994252451111545
DYNC1I2	0.280943053238431	0.556281689990878	0.957773341824946
ORC2	0.063276963963073	0.886179980498236	0.986439583248859
ILK	0.280829599558022	0.579812951944028	0.957773341824946
SNTA1	0.598926113714921	0.152116876844291	0.954156649230054
SNTB2	0.437262345722203	0.485238896514851	0.954156649230054
XRCC4	0.156635279235196	0.839660589849265	0.981044853239391
TCOF1	-0.66160028767554	0.236229535340379	0.954156649230054
SF3B2	0.240160637492107	0.567656049407836	0.957773341824946
GOLGA4	0.160197720510823	0.720882072908524	0.974387197337046
PDAP1	-0.330488945413538	0.533244955482541	0.954156649230054
FKBP5	0.491764607359929	0.227216943337961	0.954156649230054
MYO9B	-0.64323872920173	0.319106248440264	0.954156649230054
ROCK1	0.0377644871027059	0.937593629275197	0.996472511517317
GAB1	0.836946427366229	0.133949414661414	0.954156649230054
PICALM	0.216905548352642	0.559872371379514	0.957773341824946
SQSTM1	-0.255316595239233	0.576523435600125	0.957773341824946
TUBB3	0.230840256920956	0.833274807257271	0.981044853239391
EIF4EBP1	-1.1438333406436	0.133137247527163	0.954156649230054
RIPK1	0.458610197451552	0.591379277340476	0.957924409741753
HDAC1	-0.14666808067048	0.853830918305218	0.981044853239391
DCTN2	-0.418788430813194	0.408315145451509	0.954156649230054
NAE1	-0.760072801972942	0.377852985802621	0.954156649230054
SNW1	0.284671269916402	0.578505161125653	0.957773341824946
IQGAP2	0.321800672655634	0.430398723296251	0.954156649230054
SNX1	0.0946829051869571	0.832479834119778	0.981044853239391
PWP1	-0.293830964597586	0.562243068119205	0.957773341824946
MTMR2	0.321721799803719	0.419708505835587	0.954156649230054
CUL1	0.192104378277861	0.646483204887524	0.965540679089589
CUL2	0.0307112006046353	0.939761870851474	0.996668415258973
CUL3	0.524822408556886	0.169644477059772	0.954156649230054
CUL4A	0.332391389583002	0.482581598141161	0.954156649230054
CUL4B	0.24440247028388	0.650278132540811	0.965540679089589
TP53BP2	-1.88715058912535	0.01687818308672	0.954156649230054
GFUS	-0.74728991749436	0.251639397299168	0.954156649230054
RAB31	0.414943314682503	0.403110430713171	0.954156649230054
RAB32	0.599190101863382	0.185921108606656	0.954156649230054
FHL1	-0.397024087629177	0.558025035146446	0.957773341824946
FHL3	-0.0525084779568417	0.891218038150577	0.986439583248859
RIN1	0.0919466536883533	0.836548649052972	0.981044853239391
AAMP	-0.335551323138699	0.420135018824872	0.954156649230054
ALKBH1	1.79615492551019	0.0533504909573107	0.954156649230054
ALCAM	0.257840366076209	0.73948982166651	0.974387197337046
SPTAN1	0.098105390626916	0.773655956132759	0.975390222445392
GNL2	0.218346626869597	0.826088704617093	0.981044853239391
DDX39B	0.287266546245149	0.448162165992966	0.954156649230054
BLMH	-0.819585543445243	0.417179642452621	0.954156649230054
EXOSC2	0.454236647878304	0.317052970993031	0.954156649230054
TUBB2A	-0.5745108529471	0.568880880187417	0.957773341824946
BYSL	0.403895577865548	0.285133436438378	0.954156649230054
IDI1	-0.954660891660687	0.372025326572351	0.954156649230054
CBFB	0.0281160226685273	0.963418247835061	0.996668415258973
CKAP5	-0.203231680510971	0.844376816741804	0.981044853239391
CIRBP	-0.573530677335281	0.343514195558927	0.954156649230054
COTL1	0.136989908753161	0.871143155356648	0.986439583248859
COX17	-0.435193073768335	0.49340412560982	0.954156649230054
HNRNPD	-0.20703363612369	0.592556287888176	0.957924409741753
IL18	-0.192822032181606	0.816586221074779	0.981044853239391
DSG2	-0.0989794895907039	0.838577577673768	0.981044853239391
BOP1	0.133055766078705	0.775968667686131	0.975390222445392
UBE4A	-0.0138299527701804	0.973314367292074	0.996668415258973
SEPTIN6	0.757434458436251	0.251684647360414	0.954156649230054
SAFB2	0.0958452594913197	0.926158995736239	0.99290853080824
EIF3A	0.373781512317585	0.371022113889004	0.954156649230054
UBAP2L	-0.722856764040692	0.140651933642644	0.954156649230054
SCRIB	-0.0438380546029293	0.91357448577496	0.990949379419767
TTLL12	0.211009847312347	0.795481731149079	0.978411784263191
POLA2	0.0712974904193118	0.946333123277757	0.996668415258973
DPYSL3	0.88503412419487	0.319772866074165	0.954156649230054
DCTN1	-1.39488633249989	0.13924963915911	0.954156649230054
DYNC1H1	-0.66290858283077	0.136698578142084	0.954156649230054
EIF2B1	-0.198791179842473	0.807292175412142	0.980203469294924
ELOA	0.176698292430423	0.833663304962078	0.981044853239391
MAP7	0.18703968222345	0.748126435653544	0.974387197337046
CTTN	-0.642808883579825	0.266987529735509	0.954156649230054
TRIM25	0.307163108897747	0.430760496876419	0.954156649230054
FAM50A	0.079431147798779	0.843181649357816	0.981044853239391
FRG1	0.859000703407023	0.214390225458957	0.954156649230054
GAMT	0.732096831208757	0.36627260979033	0.954156649230054
GALE	0.0430560219696829	0.958990292414514	0.996668415258973
PDE3A	-0.303234178213593	0.374743524537404	0.954156649230054
CAPRIN1	-0.427437425712789	0.229750240303555	0.954156649230054
RBM39	-0.0351357188989319	0.920901200652339	0.99290853080824
PRPSAP1	-0.707119040547678	0.289960333467761	0.954156649230054
MCM6	0.619514341630882	0.113841766845516	0.954156649230054
PLS1	-0.595447907017672	0.120905710713859	0.954156649230054
LAGE3	0.906285192566109	0.20593274627138	0.954156649230054
TRIP12	-1.89646281976819	0.00894362183960827	0.84974774165619
PUM1	0.324507386276103	0.608201884316957	0.95905476140454
CLINT1	-0.408056288139914	0.55697912928832	0.957773341824946
SMC1A	0.170136655782834	0.824525020129695	0.981044853239391
USP10	0.0265580295276777	0.949491539671545	0.996668415258973
GANAB	0.534174344915957	0.135901410009716	0.954156649230054
PPP2R5D	0.0338905658020572	0.963362331153001	0.996668415258973
COG2	0.309131218451942	0.595791491015814	0.957924409741753
MVP	-0.414420927960371	0.453998632496696	0.954156649230054
CASP8	0.563724875427368	0.470837841919127	0.954156649230054
CHD4	-0.0308131532662692	0.968370585321392	0.996668415258973
LASP1	-0.451262395809586	0.623893967570232	0.965366861230527
PTGR1	-0.00317364931652975	0.997240385933693	0.999405290343617
DRAP1	0.588176948876356	0.452615897385029	0.954156649230054
KPNB1	-0.366078808856415	0.553656684841229	0.957773341824946
NOLC1	0.408062535711732	0.434052956557935	0.954156649230054
NUMA1	-0.736947151156674	0.0982309537803227	0.954156649230054
PSME4	0.183325322778458	0.732615822242857	0.974387197337046
GAPVD1	-0.293783660417663	0.642354320079485	0.965540679089589
NCAPH	0.0824018746124082	0.854953255606436	0.981044853239391
PSMD6	-0.130207246623307	0.689436292889517	0.969616850054002
MORF4L2	0.921231764205952	0.272520333482131	0.954156649230054
ABRAXAS2	0.527833341751137	0.266532843180435	0.954156649230054
SEPTIN2	-0.119929361402281	0.724792092519931	0.974387197337046
SART3	0.355848277461451	0.567798106275075	0.957773341824946
NCAPD2	0.302120873661426	0.508506572975089	0.954156649230054
SUZ12	0.0169073256932109	0.977037917750954	0.996668415258973
EXOSC7	0.291771461473502	0.659760826892712	0.965540679089589
TNIP1	0.392708424737574	0.487864621752082	0.954156649230054
EFTUD2	0.03879994942303	0.906325307011302	0.989311614995637
SNX17	0.450151479409993	0.298706799489538	0.954156649230054
RAB3GAP1	-0.405409879622507	0.347346376478534	0.954156649230054
KARS1	-0.600646822898035	0.379284468119969	0.954156649230054
SETDB1	0.448811746796817	0.422733539486295	0.954156649230054
LRRC14	0.649076443333598	0.39604288611866	0.954156649230054
POLD3	1.43202738833195	0.027125194905127	0.954156649230054
EIF4H	-0.555642008554202	0.457005000832945	0.954156649230054
EEA1	0.0895305779776976	0.881995775280536	0.986439583248859
PDIA6	0.159493072100069	0.64620906593136	0.965540679089589
PAFAH1B3	-0.889057574310254	0.344602789088969	0.954156649230054
PEA15	-0.706950682268968	0.396387000705792	0.954156649230054
PMVK	-0.150877323274852	0.744669517317646	0.974387197337046
PLCB4	0.600305302888501	0.178113141088563	0.954156649230054
PLEC	0.609022936795647	0.281589618062613	0.954156649230054
PCM1	0.898913745240435	0.140217453232186	0.954156649230054
PPA1	-0.935175102831749	0.374056089177491	0.954156649230054
NONO	-0.163409650528823	0.778585291096022	0.975390222445392
PTPA	-0.552855543505366	0.436881439737786	0.954156649230054
RABEP1	-2.62313916092557	0.146560753018122	0.954156649230054
RAB35	0.0496206024611681	0.924299569972419	0.99290853080824
RBBP5	-0.382203958903645	0.366938517958239	0.954156649230054
RCN1	-0.109700247050458	0.796795596807209	0.978411784263191
LLGL1	-0.184980252341774	0.684375666175021	0.969532193747946
PCBP1	-0.968149817159883	0.289498540671707	0.954156649230054
PCBP2	-0.905272635759744	0.13399734048154	0.954156649230054
ELOC	0.120269554162224	0.825419374665591	0.981044853239391
ELOB	-0.356906212748697	0.45233861382631	0.954156649230054
RHEB	-0.353033923750726	0.531760592143264	0.954156649230054
UBE3C	0.299989120823483	0.466920323216934	0.954156649230054
SF3B3	-0.0420445867343062	0.921043570340697	0.99290853080824
DLGAP5	0.359303190427354	0.552777925931206	0.957773341824946
RSU1	-0.438022774037695	0.650317672064302	0.965540679089589
CNN3	-1.12815156026237	0.0720728670628978	0.954156649230054
RPS6KA1	-0.0374222265235389	0.938332751112281	0.996668415258973
SF3B4	-0.362657091794354	0.339433294981788	0.954156649230054
PPP1R7	-0.340208886255073	0.503098946124138	0.954156649230054
SEC23A	0.240788280615263	0.593890250241182	0.957924409741753
SEC23B	-0.0909725598034079	0.878492047021544	0.986439583248859
SF3A1	1.49410476898684	0.371509420966502	0.954156649230054
TAF7	-0.0704118937046232	0.84805127906004	0.981044853239391
TSN	-0.570108212339086	0.280685096175091	0.954156649230054
SF1	-0.876036826623046	0.0770533614486646	0.954156649230054
TRIP10	0.662289521401103	0.349948870725245	0.954156649230054
TRIP11	0.866273322920936	0.185029280272777	0.954156649230054
TRIP13	-0.496357153363512	0.583413138316714	0.957773341824946
TRIP6	-0.442082218721467	0.275242062046139	0.954156649230054
MAPRE1	-0.774201864085015	0.378525438137396	0.954156649230054
ELAVL1	0.0144990853472429	0.977373613160542	0.996668415258973
TAB1	0.10757772331748	0.768233376564966	0.975390222445392
SLC1A5	0.0912915843531685	0.830402847363479	0.981044853239391
MLF2	0.44363687686328	0.428221725705214	0.954156649230054
TOMM34	0.217905431487154	0.774506782353503	0.975390222445392
TBCE	-0.0745352673147757	0.894173235265012	0.986439583248859
UBE2V2	-0.243898636615473	0.746032095173767	0.974387197337046
STXBP2	-0.687906508212436	0.125623074028785	0.954156649230054
NEDD8	-1.07969209619691	0.0395767838809934	0.954156649230054
RAB11B	0.16537767006405	0.771920639916111	0.975390222445392
ZYX	-0.346987252589095	0.600161604872162	0.957924409741753
SEPTIN7	0.347699576310543	0.573605900200855	0.957773341824946
ADRM1	0.263907362792892	0.510346150459927	0.954156649230054
CCDC6	-0.00906317648257726	0.985163052014623	0.996668415258973
UAP1	-0.786811823159262	0.382204385705235	0.954156649230054
PSMD5	-0.482190180705125	0.455080835364353	0.954156649230054
PKN2	0.267070788112427	0.496850465064713	0.954156649230054
DDB1	-0.0655524715519213	0.84634143246336	0.981044853239391
PPP2R5E	-0.0725349151395918	0.847638643757906	0.981044853239391
CDC37	-0.38282782281145	0.539411313237394	0.955966700038622
DPYSL2	-0.814334223481225	0.245331933499706	0.954156649230054
RBBP7	0.562382043929645	0.55791193290804	0.957773341824946
TAF9	0.510277294747738	0.27673264519405	0.954156649230054
MEA1	0.143587471768427	0.848912648122198	0.981044853239391
SRSF7	0.14754171250522	0.74411519838028	0.974387197337046
CPSF6	-0.238937750807736	0.744539204997766	0.974387197337046
DBN1	-0.254168674513981	0.560506681903896	0.957773341824946
NRF1	0.891924364048613	0.128284016438338	0.954156649230054
FSCN1	-1.32173966891187	0.173920656142751	0.954156649230054
NDUFA5	0.43295716635058	0.453956561008371	0.954156649230054
KYNU	-0.0382638236611399	0.959483763607594	0.996668415258973
KYAT1	0.431847931974701	0.446821133693315	0.954156649230054
H2AC18	0.148660050609088	0.850890012979498	0.981044853239391
HADH	0.132921100517322	0.726126007894441	0.974387197337046
UGP2	-0.522692296616192	0.511416433410486	0.954156649230054
ATP6V1F	-1.50051695804109	0.0598145638650063	0.954156649230054
TXNRD1	-0.168272232049787	0.84412291438628	0.981044853239391
TPD52L1	-0.48477657539944	0.266648690888814	0.954156649230054
HNRNPUL2	0.67569219508038	0.320711196363823	0.954156649230054
INF2	0.20028633226114	0.61421618611063	0.960996104641106
PDS5A	-0.65939597897454	0.20655204112865	0.954156649230054
WASHC4	-1.26636268278329	0.0561368418854444	0.954156649230054
ERCC6L	-0.863289801896372	0.246549443642578	0.954156649230054
TSR1	-0.542560778132362	0.287092193080855	0.954156649230054
TYSND1	-0.132513499296543	0.859976098228022	0.982396931890252
QRICH1	0.724793648205907	0.41543121149591	0.954156649230054
SMU1	-0.335915727121389	0.675352534663703	0.968238354664746
LRRFIP1	-0.413163896809444	0.339681641666347	0.954156649230054
TRMT5	0.240025667274093	0.705614672608031	0.973761730603821
EML3	0.352688797088021	0.659063681209927	0.965540679089589
MAP7D1	-0.588682343939986	0.343768092163808	0.954156649230054
LSM12	0.132808301157009	0.782998591120422	0.975793754249777
RABL6	-0.157520812507059	0.798125534816882	0.978411784263191
VPS26B	0.480097995969974	0.40630006900533	0.954156649230054
PREPL	1.31471139756688	0.109306976493192	0.954156649230054
GRIPAP1	0.240380436989977	0.842637008793559	0.981044853239391
FAM98B	1.20712271208737	0.0829166823973452	0.954156649230054
PDCD4	-0.00334619194438801	0.99557284351746	0.999241780714878
PHLDA2	0.562751936905229	0.41902189872661	0.954156649230054
PDLIM3	-0.13215658635157	0.778929888239362	0.975390222445392
LACTB2	-0.0330814535236641	0.924584170129037	0.99290853080824
SOWAHC	-0.344499478270521	0.376214551534717	0.954156649230054
ACTBL2	-0.818714067264253	0.370505432140203	0.954156649230054
DCAF6	-0.228189602022795	0.773357900430848	0.975390222445392
ZC3H12A	0.542217567094511	0.20181154571536	0.954156649230054
DNAJC21	1.40473833413246	0.0349226423415817	0.954156649230054
PPP6R3	2.2149398851767	0.156016045652007	0.954156649230054
WDR44	-0.296655284774204	0.401880281627956	0.954156649230054
PRRC2B	0.451041015071752	0.503832715733383	0.954156649230054
RRP12	-0.452865629437952	0.636765348942777	0.965540679089589
PCID2	-0.00603301105116572	0.993015008197872	0.99864119708292
SPECC1	0.168455436020249	0.77535692841354	0.975390222445392
PPP4R3B	-0.0750352492975672	0.87047716794023	0.986439583248859
SAMD4B	1.49125362673767	0.0195817149901808	0.954156649230054
SNAP47	-0.305697856224594	0.60549293592805	0.957924409741753
NUP188	-0.568076612327342	0.414885737134776	0.954156649230054
CEP170	0.869591777544535	0.221449383208394	0.954156649230054
CC2D1B	0.869605444711553	0.0987364071032202	0.954156649230054
CHCHD2	-0.35342962602309	0.36783150842255	0.954156649230054
ARMH3	-0.123937639515415	0.840779991377639	0.981044853239391
HECTD3	-0.572041993764081	0.614096955440232	0.960996104641106
UBR4	-0.0452983055950966	0.945032337307933	0.996668415258973
KANK4	-0.0162651376552745	0.975017227079834	0.996668415258973
RBM26	1.08243599066801	0.219656766042507	0.954156649230054
INTS11	0.0988388847058559	0.883856752362717	0.986439583248859
DCAF8	1.3847679230159	0.105663185889299	0.954156649230054
ATPAF1	0.635732937684821	0.295317976547489	0.954156649230054
DDI2	0.408221581081243	0.406042911778424	0.954156649230054
NT5DC1	0.53139219035511	0.659295992837596	0.965540679089589
VPS53	0.880470748784958	0.249679170316472	0.954156649230054
STRIP1	0.725759452345926	0.345445742869478	0.954156649230054
CDC42BPA	-0.0971087168565283	0.871800202694014	0.986439583248859
RPRD2	1.12879667891155	0.266617733848822	0.954156649230054
ANGEL2	-0.326545401776045	0.551869546442174	0.957773341824946
RNF20	0.460712940350874	0.566394676081596	0.957773341824946
ARHGEF16	-1.90902558737886	0.0901635393092561	0.954156649230054
BROX	-0.0406504233184428	0.952243019178766	0.996668415258973
LYPLAL1	0.122497965870664	0.860572733537322	0.982396931890252
ECPAS	-0.00671889048410534	0.989449001638979	0.998137617140332
DENND4C	-2.1686314104756	0.0819168957042284	0.954156649230054
NAA35	0.467868484845823	0.615703845484871	0.962057993293814
FHIP2A	-0.254200883826332	0.683317866647113	0.969532193747946
RNF213	0.293013955697923	0.622890240953605	0.964785148471106
KANK2	0.397699890435334	0.291602702014455	0.954156649230054
WASHC2A	-1.53711027421743	0.220742542167951	0.954156649230054
FAM91A1	-0.264616477879038	0.713703701442759	0.974387197337046
TBC1D9B	-0.259971074388201	0.616180099998888	0.962057993293814
TNS3	-1.09865169748718	0.233694692157183	0.954156649230054
INTS3	1.45377123385241	0.135717708949844	0.954156649230054
ARHGAP17	0.167974461145096	0.619053959634006	0.962680389482265
CWF19L1	0.438629809999171	0.316582504900001	0.954156649230054
ATL3	0.591256902670345	0.367629007791884	0.954156649230054
CIAPIN1	-0.359047104845146	0.728626335155153	0.974387197337046
ELP2	0.153172760687607	0.728882115280299	0.974387197337046
TWF2	0.920211880004121	0.475815045159928	0.954156649230054
DESI1	-0.573501335568416	0.177497702373066	0.954156649230054
PPP4R3A	-0.403956866834747	0.469393079083929	0.954156649230054
RAB12	-0.603743128377602	0.384326462232897	0.954156649230054
SDE2	0.0268098508149173	0.960800766052772	0.996668415258973
KRT80	0.607875769402863	0.374860074591272	0.954156649230054
PDE12	-0.37989773476032	0.566318039670943	0.957773341824946
HIBCH	-0.00542358450815428	0.993109288578899	0.99864119708292
ARMC6	0.0465214768408266	0.961415032520422	0.996668415258973
TTI2	0.65441053382175	0.123828986544986	0.954156649230054
JMJD6	0.362957046732326	0.504912208436679	0.954156649230054
CAVIN1	0.0124199328823522	0.976045396435604	0.996668415258973
ZCCHC8	0.338202761158154	0.844558379436894	0.981044853239391
CDC73	0.121118973634818	0.787860936323002	0.977030032581125
PMF1	0.0601659068642881	0.872875292218891	0.986439583248859
CC2D1A	0.62775340458985	0.429753576171638	0.954156649230054
TATDN1	0.0161900972052216	0.974062302559569	0.996668415258973
METTL2B	-0.821599598678169	0.184068060760365	0.954156649230054
EDC4	0.0625455874229885	0.878678126400488	0.986439583248859
PRMT9	0.858921760183481	0.133299133048353	0.954156649230054
PRPF8	-0.215058827971419	0.612591998484858	0.960901361064428
SCYL2	0.405359510789175	0.476007014997452	0.954156649230054
WDR73	-0.051394773814728	0.9191938490079	0.992372115952948
PDXDC1	-0.0103397542347281	0.98727785261229	0.997274271050677
MEAK7	1.35177027346226	0.140350231197563	0.954156649230054
AAGAB	-0.650198645264506	0.377157493650117	0.954156649230054
TTC33	0.750547147490824	0.0904927967832427	0.954156649230054
BRAT1	0.704069206760359	0.133519040234495	0.954156649230054
LARP1	-0.382388745729223	0.302160191889617	0.954156649230054
BLOC1S3	-0.0687801080349502	0.898317348859099	0.986821521160488
FAM111B	2.86186490687061	0.000375354643606547	0.142296945391242
AFTPH	1.68912960289395	0.0628111209466528	0.954156649230054
FIP1L1	-0.912539262504769	0.301072270426829	0.954156649230054
CRTC3	-0.581670020026877	0.317801001594926	0.954156649230054
SASS6	0.717649171902309	0.685975902127314	0.969616850054002
LRSAM1	-0.583106336946578	0.356804410695411	0.954156649230054
CWC27	0.86728781183723	0.0918195912443472	0.954156649230054
WDR82	0.227791880209228	0.685348176023136	0.969616850054002
RANBP10	0.0754588230914379	0.918656603065929	0.992277358099386
NAPRT	1.13321060179842	0.195579189850099	0.954156649230054
DNMBP	-0.102069127560455	0.877111016337424	0.986439583248859
GIGYF2	1.1508603256429	0.310412323344551	0.954156649230054
THADA	-0.222707561180918	0.667190632262989	0.965742632818693
HSDL2	0.132465301330459	0.721270944756053	0.974387197337046
KYAT3	-0.660949598592062	0.285649181187437	0.954156649230054
NBEAL2	0.176105384423529	0.752126061213023	0.975303568927917
RIPOR1	0.943483760134299	0.179617528371605	0.954156649230054
NBEAL1	1.09206339289181	0.183808137489576	0.954156649230054
TOM1L2	0.747347779651491	0.221837478228323	0.954156649230054
PAXIP1	0.150167688251699	0.886553084080226	0.986439583248859
STXBP4	-0.273379878944219	0.794104541875835	0.978411784263191
USP34	-0.578080258986923	0.465912171404508	0.954156649230054
RAPH1	-0.441765471886661	0.416385967274146	0.954156649230054
UNC13D	0.192704855419862	0.709426587669065	0.974387197337046
LARP4	0.56270932793494	0.477221085785264	0.954156649230054
SUPT6H	-0.0874329208690412	0.835886687977513	0.981044853239391
SND1	0.12243491648162	0.76397320421238	0.975390222445392
MARK2	0.388867254691856	0.468097410857051	0.954156649230054
DDX46	0.286818384056801	0.479538610538783	0.954156649230054
BZW1	0.67359053899817	0.380015097201363	0.954156649230054
KCTD9	-0.465731381617541	0.663948779355094	0.965742632818693
DHX30	-0.0425388068791186	0.962106043888496	0.996668415258973
EIF3M	0.546329105869972	0.295807668762986	0.954156649230054
MEPCE	0.116102458902688	0.88391863295434	0.986439583248859
RRAGA	0.500428785638778	0.43073972122394	0.954156649230054
CYFIP1	-0.991158153658105	0.334354346704791	0.954156649230054
GET4	-0.244070554761628	0.483800084652612	0.954156649230054
COPS6	-0.0559159418268216	0.870519154499511	0.986439583248859
MAEA	0.692493788803226	0.306162216427738	0.954156649230054
TAOK1	0.0615536351183117	0.930366020194051	0.994418770791755
MOB1A	-0.366527598445114	0.451139106425187	0.954156649230054
KDM3B	0.928277795995839	0.0621702088625998	0.954156649230054
MICAL3	0.899374210411587	0.419440180575328	0.954156649230054
DYM	0.622851327907945	0.092105808148173	0.954156649230054
ZC3HAV1	0.271469824666426	0.576091959043589	0.957773341824946
TRAPPC11	0.280266400600659	0.429405845866754	0.954156649230054
NEGR1	0.100841229792515	0.780729483819512	0.975793754249777
NUP54	-0.0570955923878351	0.873470023644658	0.986439583248859
ZFYVE16	0.601825554961565	0.348659212881999	0.954156649230054
MON2	0.527153216397206	0.421674266031573	0.954156649230054
NUFIP2	0.277256765692353	0.607099648273682	0.958166014406965
CLASP1	1.6195444800418	0.017285787862746	0.954156649230054
DHX29	0.430053406690831	0.544096501581866	0.957773341824946
TRMT11	1.8720582608966	0.0615243711400816	0.954156649230054
HEATR3	0.0222296763348488	0.953995020900138	0.996668415258973
HDGFL2	0.101535734619588	0.827378823916528	0.981044853239391
DCXR	-0.300652928206556	0.662508500895425	0.965616965357384
TSEN54	0.199868732663326	0.748429764213425	0.974387197337046
RABEPK	0.276576710511304	0.722351184436421	0.974387197337046
HUWE1	-0.199693563269136	0.655858000563565	0.965540679089589
YTHDF3	1.00099914546454	0.127825077526216	0.954156649230054
TEDC1	-0.500438320865982	0.374763712253108	0.954156649230054
PATL1	1.72708169311132	0.140439455982235	0.954156649230054
MYPN	-1.23499219614171	0.480557710203394	0.954156649230054
PEG10	-0.509003949847266	0.218869381259657	0.954156649230054
DPP9	-0.160946118567324	0.762902557550204	0.975390222445392
SETD3	0.97074218795607	0.119288155755015	0.954156649230054
RBM23	0.966084067979644	0.244590011150051	0.954156649230054
NOP9	0.32747081948099	0.457014135409902	0.954156649230054
PABPN1	0.524253851722555	0.467124504094938	0.954156649230054
LDB1	0.632128371933923	0.276263325360811	0.954156649230054
YRDC	-0.265307058462554	0.451987565237304	0.954156649230054
PRPF39	0.698667273135904	0.207159590369011	0.954156649230054
MTDH	-0.476486751626599	0.46342328847433	0.954156649230054
RIMS1	0.611411252175603	0.510594279760485	0.954156649230054
BCL9L	0.270006132316894	0.711106170490003	0.974387197337046
USP48	0.764383991160923	0.381812391613355	0.954156649230054
LUZP1	-1.31050116964379	0.0990989516583863	0.954156649230054
ALYREF	0.306968879817397	0.508202536978071	0.954156649230054
TAX1BP1	-0.995470859087654	0.0458039586898377	0.954156649230054
CAND1	-0.314692159894474	0.683496048344893	0.969532193747946
HOOK3	-0.265990705971941	0.591337006105142	0.957924409741753
THOC6	0.35447367558033	0.473845917335734	0.954156649230054
PARG	-1.7268743805176	0.0451340640342676	0.954156649230054
PPFIBP1	0.603070644028215	0.138925587142537	0.954156649230054
ZC3HC1	0.482922948275075	0.38775344979906	0.954156649230054
CARM1	-0.333265990549339	0.516594375968462	0.954156649230054
COMMD2	0.209505295571638	0.804555984501998	0.980203469294924
HEATR5A	2.4564490637879	0.0355017442456275	0.954156649230054
DDX42	0.385107510620344	0.385002789169986	0.954156649230054
SPATS2	0.595394202807498	0.423003652523517	0.954156649230054
CACUL1	1.03296491896223	0.0288325789742326	0.954156649230054
DNAAF5	0.307480536080714	0.459614387298028	0.954156649230054
PTOV1	1.05552884764337	0.157286644426471	0.954156649230054
CPNE8	-1.00545445298172	0.145746921466337	0.954156649230054
HPS6	1.11345534164636	0.428636710258759	0.954156649230054
IRF2BP1	0.348433814484029	0.433043100727457	0.954156649230054
PLD3	0.337531114052595	0.603762230645969	0.957924409741753
ERI1	-0.183013176315796	0.677594591486459	0.968238354664746
NUDCD3	-0.108002295095218	0.776957693212001	0.975390222445392
AHNAK2	1.20524237124162	0.237266546873426	0.954156649230054
MAP7D3	1.64983315154211	0.0375021865299853	0.954156649230054
CCDC117	-0.0539706900113011	0.952586743645184	0.996668415258973
FAM114A1	0.309473340238132	0.641131321450841	0.965540679089589
GCC2	0.330862437928044	0.48540886071126	0.954156649230054
CHERP	-0.672790797159205	0.338084564261229	0.954156649230054
ANKHD1	-2.20640825123026	0.174723755001538	0.954156649230054
NELFCD	0.017552997638866	0.98485772306992	0.996668415258973
SIRT2	0.501932468285368	0.316339442022509	0.954156649230054
C9orf40	1.25750202857291	0.180496973945077	0.954156649230054
GPALPP1	-0.192633633277559	0.641518377597045	0.965540679089589
GSPT2	0.949626245376216	0.286969634248299	0.954156649230054
ANKRD13A	0.450366707777086	0.293018716904437	0.954156649230054
PHACTR4	0.276008456779763	0.406281846588552	0.954156649230054
TRMT2A	0.992958453632589	0.144056985177504	0.954156649230054
RPUSD2	0.676226116226495	0.173184424155902	0.954156649230054
ALDH16A1	1.11287501349952	0.125108081907551	0.954156649230054
SCYL3	1.54076856670478	0.0974618186801454	0.954156649230054
XRN1	-0.198617092177422	0.648049277945922	0.965540679089589
PELP1	-0.00747002307554823	0.985578310399837	0.996668415258973
ABI1	-0.223095125995535	0.535143010930175	0.955251584154251
SPART	0.372772378011557	0.520211564664939	0.954156649230054
TTC5	0.301479037339654	0.869657178930808	0.986439583248859
RPTOR	-0.599720828430737	0.466201125507039	0.954156649230054
CCAR2	0.754504661804098	0.0913016785154677	0.954156649230054
VPS52	0.469698660129868	0.617323306577654	0.962057993293814
NUP93	-0.47291670285199	0.367872172569499	0.954156649230054
CMTR1	0.441917620120886	0.718444740560483	0.974387197337046
LRRC47	0.0229229085182645	0.960693011091693	0.996668415258973
RUSC2	0.14821568498504	0.792338209666161	0.978411784263191
GPD1L	-0.0995468805784405	0.772805424638715	0.975390222445392
ARHGAP18	-0.275722016088135	0.519561659494246	0.954156649230054
ASCC3	0.673857974377249	0.282917082936311	0.954156649230054
EHBP1L1	0.216536796392496	0.744803531411561	0.974387197337046
PALS1	-0.0552678442752814	0.905633520148695	0.98913123290059
FNBP4	-2.36382156906932	0.0312214906773681	0.954156649230054
CARNMT1	0.599466701786426	0.452094350281049	0.954156649230054
OGFOD1	0.200226349279042	0.756303119001668	0.975390222445392
OXR1	-0.639515637170089	0.338575033347391	0.954156649230054
COMMD1	-0.529540881144452	0.42822969567273	0.954156649230054
ARFGAP2	0.0399266880181983	0.918726860176429	0.992277358099386
OTUD6B	-1.97048802545341	0.0255678657820056	0.954156649230054
C1orf52	-0.640900201027634	0.227517590562525	0.954156649230054
METTL13	0.708006991271109	0.521903639499311	0.954156649230054
ARFGAP1	-0.0899526919352347	0.815606119534924	0.981044853239391
PAF1	1.08320044414605	0.165133060877519	0.954156649230054
UBR7	1.32262897197074	0.0360236279588315	0.954156649230054
ENAH	-0.364838749555126	0.528998692116868	0.954156649230054
ASCC1	-0.0925796631479585	0.897709459828163	0.986439583248859
LRRC57	0.117547025891696	0.745692439615235	0.974387197337046
ANKRD52	0.240485793502557	0.668831277097806	0.965742632818693
AFG2A	0.332144315440161	0.482758883090166	0.954156649230054
FANCB	-0.127914459849769	0.794470896047753	0.978411784263191
NHLRC2	1.02142679384531	0.167691694162941	0.954156649230054
AVL9	-0.370211843905977	0.440992720969517	0.954156649230054
SUMF2	-0.390470984128829	0.337718837130417	0.954156649230054
TXNDC5	0.290560362556761	0.462120114166335	0.954156649230054
SPC24	0.384006752332915	0.470356853115578	0.954156649230054
SERBP1	-0.382176048218295	0.326692110992979	0.954156649230054
FAM98A	0.970392735381338	0.22044632956887	0.954156649230054
NFATC2IP	0.581056053470622	0.241335800661182	0.954156649230054
NAXE	-0.3255536070495	0.573697807181149	0.957773341824946
RNF214	-0.859708168352267	0.285619093431028	0.954156649230054
NPEPL1	0.391315694432798	0.349065441613657	0.954156649230054
EHBP1	-0.224908437192703	0.568395477723451	0.957773341824946
ABCF1	0.707153911710183	0.0753114387670985	0.954156649230054
PIK3C3	0.0688812816591238	0.872595988843885	0.986439583248859
DDHD1	0.471560409452458	0.380180266309416	0.954156649230054
SHCBP1	-0.212528955162647	0.784764528181199	0.975929842676122
APPL2	1.08938139000029	0.286873770911262	0.954156649230054
VPS37A	-0.28629853490634	0.531224027058652	0.954156649230054
FBXO22	1.38959772005305	0.206131569171042	0.954156649230054
LPCAT1	0.370464401827228	0.587712093413086	0.957773341824946
ZMIZ2	0.874826490738204	0.117763108373492	0.954156649230054
USP32	0.333701086076026	0.423012808474316	0.954156649230054
FLAD1	0.394904744268732	0.422963165662523	0.954156649230054
NUP43	-0.0850996368251344	0.805136415562646	0.980203469294924
NUP37	-0.156030893371959	0.71483729753457	0.974387197337046
MOSPD2	0.213156172651555	0.714857051763306	0.974387197337046
NEDD1	1.87635874665261	0.0448113089464168	0.954156649230054
CDC26	-0.0985903063515394	0.870826993430245	0.986439583248859
WDR36	-0.235620391659459	0.707038581002634	0.973761730603821
WDR48	-0.992098837196174	0.216787930074128	0.954156649230054
CEP76	-0.429121228006522	0.324473014055866	0.954156649230054
NPLOC4	0.218709644335139	0.659081612912797	0.965540679089589
FBXO30	0.162670197047095	0.71141481051412	0.974387197337046
ZCRB1	1.04488734805824	0.218656305195689	0.954156649230054
TMEM167A	1.10251869767574	0.06493503205816	0.954156649230054
PIP4K2C	0.316536971689441	0.442545821013613	0.954156649230054
TBC1D15	-0.184060223501341	0.743451106613711	0.974387197337046
CIP2A	-0.233793102562917	0.683056426002592	0.969532193747946
BICD2	0.677924052941375	0.398206471043108	0.954156649230054
NEK9	0.54444533731759	0.376948141101362	0.954156649230054
GNPDA2	1.27899786198014	0.337230776068748	0.954156649230054
DCAF11	0.321113595270287	0.346848802920862	0.954156649230054
GEMIN5	-0.336544756303635	0.608594888593173	0.95905476140454
ARHGEF40	0.284810502889862	0.585581933027988	0.957773341824946
PARD3	1.57008445388064	0.0055188567618182	0.74571079263289
IPO4	-0.152217876749376	0.81425395105105	0.980597138885862
PPP4R1	0.50817123977555	0.518649146921948	0.954156649230054
ABHD5	0.313538382798342	0.491506993288017	0.954156649230054
SETD7	1.09848523320201	0.2394502867676	0.954156649230054
SCARB1	0.519576917928898	0.269958589560366	0.954156649230054
COG1	0.541315867546125	0.210374210308703	0.954156649230054
SMAP2	0.296861614214968	0.467258606216823	0.954156649230054
ZC3H15	0.346428126016384	0.523126675040642	0.954156649230054
PPP1R13L	0.371883980873683	0.356663228309994	0.954156649230054
TMEM263	-0.235808921608683	0.545211382248268	0.957773341824946
NUP133	0.0087033008567019	0.982565627355462	0.996668415258973
PDCD6IP	-0.283029395571972	0.671570079066794	0.966194371818677
CHMP7	-0.303345338365613	0.627353219823491	0.965366861230527
CHTF18	1.26867056981177	0.136596200566709	0.954156649230054
NUDCD2	-1.02826760280488	0.16776962390708	0.954156649230054
SCFD1	0.661484037282062	0.248779701478456	0.954156649230054
KBTBD7	-0.205470248675617	0.703205161505502	0.973761730603821
PCNP	-1.21749492764723	0.148887735449863	0.954156649230054
LMO7	0.302242884721799	0.383265672572577	0.954156649230054
ATXN2L	-0.181158849004934	0.805564792203837	0.980203469294924
PRPF31	-0.142426875425329	0.757430736594809	0.975390222445392
NELFB	0.849785819226245	0.0863870370061946	0.954156649230054
PALLD	-0.132821344401734	0.812141212499963	0.980597138885862
MADD	1.10519082052882	0.169622544969593	0.954156649230054
MYO3B	-0.264510424091757	0.655490406692651	0.965540679089589
DNAJC9	-0.599896612387855	0.510778971743892	0.954156649230054
CTNNBL1	0.880328933662174	0.0729914430132063	0.954156649230054
DDX1	0.583874902689203	0.201830785343906	0.954156649230054
SEC14L1	0.867700940376668	0.308355128365202	0.954156649230054
PSMF1	0.832392893286166	0.0788275168858816	0.954156649230054
GBF1	-0.55890473504321	0.198189567428578	0.954156649230054
RTF1	-0.679521230207872	0.430800577513307	0.954156649230054
IP6K1	0.364476804516645	0.564596696556368	0.957773341824946
AP3S1	-0.0279124901380143	0.942576197010115	0.996668415258973
HSPH1	-0.33991923539001	0.517017028676247	0.954156649230054
CNOT9	0.550674825140515	0.215123549109225	0.954156649230054
MYO18A	0.268677972328444	0.64142364243936	0.965540679089589
LARP4B	-0.0944024438672031	0.814440978194147	0.980597138885862
GCN1	1.11427810769868	0.0490727293154874	0.954156649230054
DHX38	0.535197835757138	0.259405216851932	0.954156649230054
NUP205	0.522588750695256	0.16859251581435	0.954156649230054
ANP32B	1.14050894731982	0.39696424233744	0.954156649230054
PRCC	0.754165803528217	0.137880486521586	0.954156649230054
TFG	0.112905848921582	0.845401857886741	0.981044853239391
HDAC2	1.08959824098024	0.244479264466739	0.954156649230054
STAM	0.756704215071526	0.0536503742473384	0.954156649230054
DDX17	0.326262917470128	0.603231320203368	0.957924409741753
RAD50	-0.245632636790575	0.785872335860502	0.975929842676122
OSTF1	-0.138514125891238	0.885820438873562	0.986439583248859
ARHGEF1	-0.399972789244263	0.375563621996661	0.954156649230054
UFD1	-0.0787365653095016	0.842454619162314	0.981044853239391
UPF1	0.0753350391081149	0.8335545667622	0.981044853239391
COPS5	0.253227694096459	0.500537784204656	0.954156649230054
GPKOW	0.0348789071889328	0.953920573097558	0.996668415258973
SMARCC1	-0.209955751308257	0.732766730460428	0.974387197337046
BAD	-1.04744720475973	0.218319315368107	0.954156649230054
KHSRP	-1.06768335959954	0.0425757125389507	0.954156649230054
TNPO1	0.0225149228569563	0.978954554967393	0.996668415258973
ARHGEF2	1.75521531895794	0.0149418156225196	0.954156649230054
EMG1	0.312948939971093	0.491628239699622	0.954156649230054
CLP1	0.886356424165491	0.087082603217366	0.954156649230054
GLMN	0.311873303486664	0.6195563881501	0.962680389482265
USP9X	-0.129513534238626	0.813402007716081	0.980597138885862
USP7	0.448038419941287	0.244683588218921	0.954156649230054
CUL5	0.562420684101124	0.426820360849159	0.954156649230054
LPP	-0.670971265575687	0.0631731121740143	0.954156649230054
RBPMS	-0.100679987420666	0.900510846319832	0.987591145438116
HPS3	0.315379957721134	0.52331212648351	0.954156649230054
RFK	-0.763412238916747	0.247561761188751	0.954156649230054
MYDGF	0.240341990388	0.56009990434898	0.957773341824946
BORCS5	0.0342691193331923	0.926382873507978	0.99290853080824
RAB24	-0.335259795778342	0.677986909348233	0.968238354664746
ZNF622	0.0685465098045803	0.881132468666182	0.986439583248859
PSMG2	-0.252602241819321	0.5941969187027	0.957924409741753
SYAP1	-0.581695781259462	0.308676678104142	0.954156649230054
EXOC4	0.564903964273732	0.691428063700056	0.969616850054002
FERMT2	0.102329648985354	0.891516724234856	0.986439583248859
FUBP1	-0.906317290976116	0.0542982127996322	0.954156649230054
VPS33A	0.628619567270015	0.256617727476543	0.954156649230054
AKT1S1	-0.801010989494067	0.28157121599681	0.954156649230054
OTULIN	-0.151154794469964	0.867033270496449	0.98596229568727
ATG2B	0.0349010554658875	0.939422196689155	0.996668415258973
EFHD2	-0.753395076111786	0.251583227039947	0.954156649230054
CUSTOS	-0.910678475779193	0.162276605801621	0.954156649230054
CHMP4C	0.803720152674327	0.30206281258405	0.954156649230054
ISOC1	-0.0239781471367877	0.946116136587185	0.996668415258973
GCC1	-0.0508039181803959	0.895762272886178	0.986439583248859
FLYWCH2	0.694629829091411	0.260971207031404	0.954156649230054
CCDC124	-0.128350329635357	0.803980055951967	0.980203469294924
AP2M1	-0.0555336613748523	0.868103096331522	0.985982510119695
NMD3	-0.0231932738442246	0.954236672654833	0.996668415258973
REPS1	-0.0903585623430558	0.851981041721227	0.981044853239391
CMBL	-1.29087600474411	0.0629533873396807	0.954156649230054
MSI2	0.798465793029905	0.119517902848615	0.954156649230054
SNRNP40	0.613815974091168	0.193026233506901	0.954156649230054
RMC1	-0.0940764602075745	0.884346868250116	0.986439583248859
SPDL1	0.234357928801742	0.506454585304064	0.954156649230054
SIRT1	0.978860115550724	0.0867113084665577	0.954156649230054
SEH1L	-0.0795901003366488	0.814028233420366	0.980597138885862
TCEAL4	-0.345427223482556	0.447589766928314	0.954156649230054
KIFBP	1.19706163447043	0.136067587446336	0.954156649230054
GNPNAT1	-0.0705945525733931	0.935231081163667	0.995916019295354
KTI12	1.94062722638039	0.0628590037360197	0.954156649230054
MOCOS	-0.177005915421944	0.692631007634821	0.969657802716621
DAZAP1	0.421385510829626	0.272381339088218	0.954156649230054
SGTB	-0.678404681386027	0.215106335224609	0.954156649230054
SAAL1	0.787104935315682	0.155358056609725	0.954156649230054
MVB12A	-0.0135944441795992	0.976777250207842	0.996668415258973
CYFIP2	0.0225900447843586	0.948585053882032	0.996668415258973
CCDC97	0.199627446839138	0.689249467967868	0.969616850054002
EDC3	0.274558134749256	0.55523074857345	0.957773341824946
S100A16	0.242378492155524	0.858693659887008	0.982396931890252
SIPA1	0.799951172821846	0.238389993059717	0.954156649230054
OTUB1	0.487790785807391	0.539688095307144	0.955966700038622
CHMP6	0.0217229822464553	0.969324691607546	0.996668415258973
PGM2	-0.0301958283250627	0.977843153611541	0.996668415258973
DUS3L	0.630545683677127	0.610571877000868	0.960447296975224
OTUD5	-0.00214325209753952	0.996058889560125	0.999241780714878
LTV1	0.0567702312386871	0.876257242325555	0.986439583248859
DCUN1D1	0.27774054301441	0.651757535654609	0.965540679089589
FAHD2A	0.165714032046576	0.776219122720995	0.975390222445392
TOE1	0.800993930664376	0.359981132181554	0.954156649230054
MASTL	1.02695282319807	0.0593961503711433	0.954156649230054
SNF8	0.0566587948767783	0.910231359599239	0.990251986764182
PDLIM5	-0.0164249554688354	0.970983698755192	0.996668415258973
ERO1A	0.0792450996935337	0.839436264894777	0.981044853239391
NAF1	-0.0755274117645648	0.891636529442161	0.986439583248859
GMPPA	0.653592700770481	0.264463782679778	0.954156649230054
ABHD14B	0.855722789556705	0.403733793464997	0.954156649230054
NGLY1	0.112415196155077	0.85237864351179	0.981044853239391
PAWR	-0.20950061805781	0.600984689423315	0.957924409741753
ITCH	0.218051617152483	0.718008722058024	0.974387197337046
COG3	0.226293477656384	0.711319038898512	0.974387197337046
VCPIP1	-0.563216318593124	0.185871650368567	0.954156649230054
ZFP91	-0.267509383777053	0.738221366722616	0.974387197337046
BTF3L4	-0.312450892445128	0.558452924478387	0.957773341824946
USP47	0.184226966015402	0.810287255272136	0.980441764942699
PBK	0.115820993695788	0.914872118636287	0.991623801537272
ARL5B	0.305465602601966	0.528959387282709	0.954156649230054
SCYL1	0.283462492984068	0.524975799717117	0.954156649230054
EXOC2	0.27905591660684	0.552791493527633	0.957773341824946
CNDP2	-0.397450630435291	0.759403835423364	0.975390222445392
ZFR	0.0718077045566119	0.924989018851879	0.99290853080824
TRIM47	0.364784037307672	0.424708910969067	0.954156649230054
PRRC1	0.177066726271807	0.650857898979996	0.965540679089589
CCDC43	0.463761007961679	0.546906415582314	0.957773341824946
COG8	1.81990473078955	0.174135197689602	0.954156649230054
DNAAF10	-1.33155939889159	0.00892771401972618	0.84974774165619
DOCK7	1.72012347432334	0.0421689410631077	0.954156649230054
SAMD11	0.0341527797614738	0.939385521504873	0.996668415258973
NSUN5	1.69531244203435	0.00766846385981957	0.84974774165619
RPRD1A	0.62257807974407	0.124922523249604	0.954156649230054
AGAP3	1.1382761084613	0.0169298268791217	0.954156649230054
ARAP1	-0.0588151013998868	0.894795286688062	0.986439583248859
IPO9	-0.289847046671969	0.740730063071239	0.974387197337046
RBM14	-0.109969190776692	0.867105854344859	0.98596229568727
NEDD4L	-0.467153960259264	0.243761484502465	0.954156649230054
FMNL2	-1.12616947108734	0.262781733538785	0.954156649230054
PUS7	-0.722960823296511	0.448084290331869	0.954156649230054
TRNT1	0.279207853537951	0.655202506610607	0.965540679089589
VPS35	0.163744523611918	0.676852899053896	0.968238354664746
XPO6	0.332777432176751	0.697229922563915	0.971930403313045
SPAG5	0.712091639905534	0.446050788500522	0.954156649230054
NACC1	0.388430633160876	0.542783921545389	0.957773341824946
SNX18	0.722400428286441	0.472152971094659	0.954156649230054
TGS1	0.117497042268795	0.823395093291406	0.981044853239391
NUDCD1	-0.799801000290021	0.173457402283794	0.954156649230054
ERBIN	-1.2231153216008	0.267639956262276	0.954156649230054
WRNIP1	0.516072070173561	0.38495291078107	0.954156649230054
RANBP9	0.723861011932385	0.132735180073407	0.954156649230054
UBL7	0.385263083643125	0.271372151520821	0.954156649230054
PLEKHF1	0.124732887236853	0.782882530408024	0.975793754249777
SRPK1	0.0841597284691566	0.89111463843905	0.986439583248859
IWS1	0.460411774875638	0.402194007304171	0.954156649230054
OSBPL9	-0.124143320019012	0.891069081639232	0.986439583248859
RUFY1	-0.360135864705807	0.414740288344303	0.954156649230054
MMS19	0.519440227141061	0.189945140861509	0.954156649230054
NIBAN2	-0.26869793568904	0.688841605757819	0.969616850054002
TCF12	-0.306448833934351	0.603145692501353	0.957924409741753
MYCBP	-0.529013417573172	0.250160660947299	0.954156649230054
TBCB	0.598687876530871	0.495866121151489	0.954156649230054
PSMB7	0.0440836005405671	0.8949813093804	0.986439583248859
CNN2	-0.939803801952507	0.246939982067711	0.954156649230054
PSMD1	0.0367248047687596	0.947080493292653	0.996668415258973
PFDN5	-0.457465492826326	0.669167275483427	0.965742632818693
PARK7	-1.18847499559377	0.300757889131557	0.954156649230054
EYA3	0.488810153667433	0.363387384851121	0.954156649230054
VAT1	0.37342670245782	0.352694691843145	0.954156649230054
PLIN2	0.214415234676796	0.565372276323091	0.957773341824946
NUP88	0.462034597364756	0.430188872360056	0.954156649230054
PIK3R4	0.489009166532234	0.271370045583102	0.954156649230054
POP1	0.647724865080264	0.372587015028643	0.954156649230054
S100A13	-1.57202023598098	0.108056430958648	0.954156649230054
TSNAX	0.105184955503987	0.89597759790394	0.986439583248859
TTC1	-0.420630634813744	0.317033202594979	0.954156649230054
DNAJC7	-0.0128066672913718	0.979819013684398	0.996668415258973
COPS8	-0.0282757820181381	0.935187691652414	0.995916019295354
CHP1	-0.0843531719430857	0.851935725536774	0.981044853239391
KIF2C	0.856346701357747	0.0519797217235088	0.954156649230054
MGLL	0.826561956099017	0.245761813614332	0.954156649230054
MTR	0.858795287959797	0.303000267181978	0.954156649230054
HNRNPAB	-0.55897681740462	0.172547371818002	0.954156649230054
NAP1L4	-0.515373846691727	0.553944929739315	0.957773341824946
OLFM1	0.169122922536438	0.670266949971399	0.965742632818693
TSG101	0.471946868394696	0.279417505279094	0.954156649230054
CPNE1	-0.593777597411826	0.514910160122744	0.954156649230054
CCT7	-0.428789654948048	0.582528225408537	0.957773341824946
PRMT1	0.263255511302258	0.558197023005944	0.957773341824946
BAG1	-0.393809346898006	0.643552456284191	0.965540679089589
SH3GL1	-0.270829534097413	0.677881202312573	0.968238354664746
SH3GL2	-0.14199087878395	0.747668383416308	0.974387197337046
NCAPG	-0.0434154685228414	0.933544395825908	0.995916019295354
ARPC5L	-0.474776631751514	0.388622162967226	0.954156649230054
ELAC2	0.0772201674080577	0.876848996643242	0.986439583248859
TRIR	-0.28585364324703	0.509577433923046	0.954156649230054
GRWD1	-0.00775155273103323	0.982297762154925	0.996668415258973
MACROD1	-0.150175146911184	0.794851333136327	0.978411784263191
CMSS1	0.734434892714365	0.158258442355472	0.954156649230054
WDR77	-0.721411288815084	0.36836275004265	0.954156649230054
KXD1	0.306553712487172	0.598132317517866	0.957924409741753
APOL2	0.0184375359955524	0.973586087176392	0.996668415258973
MYBBP1A	0.618112950090989	0.442127294965511	0.954156649230054
NUDT12	0.0323375329707041	0.942392531162087	0.996668415258973
FERMT1	-1.11965063994317	0.136085044193622	0.954156649230054
FYCO1	0.667412568523105	0.311993000592996	0.954156649230054
VPS25	0.59571077801677	0.213512062781011	0.954156649230054
CHLSN	-1.00736523404531	0.0789630598063445	0.954156649230054
PAAF1	0.449414414652225	0.320828157025792	0.954156649230054
PYM1	1.29342261466756	0.00434408703705767	0.658737358299425
PYGO2	0.601734796797128	0.397480417795439	0.954156649230054
AIFM2	0.134913177475575	0.697861925037749	0.971930403313045
RIOK1	-0.180716389634139	0.724285758020838	0.974387197337046
MIEN1	-0.328387995511331	0.420166876704577	0.954156649230054
PELO	1.34961561195537	0.0528962754140802	0.954156649230054
ATG101	-0.940331560805888	0.355822634517434	0.954156649230054
NTPCR	0.570501282447733	0.38573140235526	0.954156649230054
TUBGCP2	1.04560648757828	0.0308711521109498	0.954156649230054
ESYT1	2.52563192852894	0.0194131848302122	0.954156649230054
UBAC1	-1.47945009462772	0.106508919075432	0.954156649230054
TSEN34	0.0511033540567993	0.922074095231664	0.99290853080824
CNPY3	-0.378267726456983	0.291055863973608	0.954156649230054
PSMG3	-0.103765846408823	0.856755483948434	0.981553351359478
COPS4	0.153430181995521	0.721912383461008	0.974387197337046
RBM42	0.842240077820968	0.0824160175916435	0.954156649230054
MCMBP	0.0645676807091604	0.908745336937111	0.990030831522104
AARSD1	1.14498557507526	0.281846197627711	0.954156649230054
DCUN1D5	-0.187554682370369	0.75135312750082	0.975303568927917
ANP32E	-0.562166383484481	0.582653946995528	0.957773341824946
TBCD	-0.0473383555925828	0.948146798587515	0.996668415258973
HGH1	0.364898767188418	0.536714817791758	0.955251584154251
DOHH	-1.12156633028143	0.190890991658153	0.954156649230054
TUBB6	-1.33209509569	0.53989045232991	0.955966700038622
POLR3C	-0.0801433591355831	0.859143650553276	0.982396931890252
HNRNPUL1	-0.0633673187080106	0.912913925024369	0.990949379419767
PDCD10	-0.218571476255626	0.647760890901955	0.965540679089589
RPP25	0.761250004856983	0.225125051532095	0.954156649230054
EFHD1	-0.554761613145839	0.323174759476492	0.954156649230054
DDX23	-0.590102646359011	0.351498986659061	0.954156649230054
WRAP53	0.284791389863084	0.657902024612468	0.965540679089589
MRI1	-0.242203351849529	0.751357718827748	0.975303568927917
WDR18	-0.780631339866414	0.248579234948224	0.954156649230054
NTMT1	-0.189538072835088	0.798330953579055	0.978411784263191
DSCC1	0.605584939611841	0.342045285041718	0.954156649230054
MLST8	-0.969333770674975	0.0721838425579891	0.954156649230054
TMED9	0.938176530829196	0.221344453697001	0.954156649230054
GNL3	-0.153264386596039	0.778728324486069	0.975390222445392
AFG2B	0.182975904475768	0.75337237739004	0.975303568927917
RIOK2	0.396683386372562	0.718605471341053	0.974387197337046
TIPIN	2.15484983389752	0.019839367912116	0.954156649230054
NUP85	-0.0112808750596081	0.980490843046712	0.996668415258973
DDA1	-0.142402442104004	0.75625152515908	0.975390222445392
YJU2	1.05918410784973	0.192560572754496	0.954156649230054
NUDT9	-0.454112350234407	0.299879312046501	0.954156649230054
ACAT2	-0.454240493741121	0.580787456648042	0.957773341824946
RBM4	0.643445673979244	0.166686767886945	0.954156649230054
RPAP1	0.923869648150088	0.208712629136222	0.954156649230054
SLC4A1AP	0.466883659471414	0.218045913529573	0.954156649230054
SSBP3	0.0512462572279091	0.937216636608584	0.996408275953588
OSBPL10	0.713922664340586	0.0821977594148368	0.954156649230054
NAA15	-0.0721754877399512	0.908909435648184	0.990030831522104
SRRT	0.210996396775695	0.691248528673771	0.969616850054002
AP1M1	0.685825873955277	0.123367376062449	0.954156649230054
NUSAP1	0.524258712204443	0.246588853293186	0.954156649230054
FANCD2	0.999004281864245	0.178947798205692	0.954156649230054
RTF2	0.498397178629713	0.342062307054675	0.954156649230054
CHMP4A	-0.75206301272398	0.166426054051457	0.954156649230054
EIF2A	0.85094546397935	0.0419491125230246	0.954156649230054
NIFK	0.446140191264359	0.297222190776089	0.954156649230054
NLN	-0.407152041293113	0.394123034499015	0.954156649230054
LDHAL6B	-0.249483054654934	0.855299918975874	0.981044853239391
NUF2	-0.504158282039086	0.363886404382067	0.954156649230054
GTPBP4	0.314164784449087	0.720975231390452	0.974387197337046
ASPSCR1	0.932454564882363	0.0849312342596672	0.954156649230054
WDR11	-0.104032630200656	0.881350222527876	0.986439583248859
TBL1XR1	0.13461344485734	0.788894266057583	0.97719961261558
ULBP2	0.745741412863751	0.310308713422862	0.954156649230054
NIBAN1	1.50766439986635	0.0597000751534987	0.954156649230054
UBXN6	0.491777273837165	0.525547008145836	0.954156649230054
UCK2	0.125091393371591	0.846647111826563	0.981044853239391
API5	0.203624716206107	0.634912455702799	0.965540679089589
DPY30	-0.315285137959847	0.473567595032566	0.954156649230054
TANGO6	-0.16204423152826	0.711651189223428	0.974387197337046
TNKS1BP1	0.194393750812559	0.682276562573088	0.969532193747946
AMBRA1	0.809924204172205	0.375859118397039	0.954156649230054
UBE2O	-0.0152597459329904	0.967981993062161	0.996668415258973
XPO4	0.789128051765413	0.278691377608202	0.954156649230054
WDR12	-0.00636447635769599	0.98662670680223	0.997274271050677
ADISSP	0.00201764841508023	0.998620740406163	0.999405290343617
PITHD1	-0.124420797279384	0.859736261720482	0.982396931890252
COMMD5	1.1139429250063	0.0641978331482305	0.954156649230054
DDX24	-0.160454403237566	0.820095236977019	0.981044853239391
SKIC8	-1.21394864235897	0.21668238559335	0.954156649230054
NIF3L1	0.402411855559944	0.507650791264267	0.954156649230054
EGLN1	0.811154504158235	0.0790065411981092	0.954156649230054
PSME3IP1	0.14436782169274	0.728274100820295	0.974387197337046
NAA50	0.0863002592404492	0.845120758146121	0.981044853239391
UBA5	-0.180142308406438	0.779208954223586	0.975390222445392
PAIP1	-0.276596110675243	0.529982443796766	0.954156649230054
COMMD4	0.029088984268391	0.953238299850616	0.996668415258973
KLC2	-0.896929378658992	0.392950289869121	0.954156649230054
XRN2	-0.183342789789144	0.687744243964613	0.969616850054002
CSTF2T	-0.739143213883665	0.150072538963223	0.954156649230054
NT5C3A	0.767937496576863	0.0929148082137131	0.954156649230054
DDX47	0.265060957966273	0.567358124714283	0.957773341824946
RAB1B	-0.565977230819865	0.135973733374112	0.954156649230054
TSPYL1	-0.684596013618325	0.215441999275679	0.954156649230054
ANAPC1	0.52841053141745	0.301497038808322	0.954156649230054
POLR3F	0.658518833163438	0.301157558375332	0.954156649230054
ASCC2	-0.418463947306314	0.32391834849651	0.954156649230054
ATG5	0.217319963845988	0.739957223330792	0.974387197337046
EHD4	0.263851870487667	0.651844373962949	0.965540679089589
VPS16	-0.214443506122816	0.747354364435846	0.974387197337046
SLK	0.222234489886372	0.681906852324492	0.969532193747946
PPIL3	-0.944436771574154	0.195913895897662	0.954156649230054
PDCL3	0.107084503780161	0.885259756085567	0.986439583248859
RAB3GAP2	-0.156518057579369	0.772287018726458	0.975390222445392
DHX36	0.59800769514257	0.381172765328799	0.954156649230054
PPA2	-0.366526109933531	0.41596899566901	0.954156649230054
EPB41L4B	2.01823097897691	0.00265184458495153	0.531511846801978
BOLA2	-0.713405403249514	0.39200506562495	0.954156649230054
TXNIP	0.343014002161794	0.601684864805342	0.957924409741753
NELFA	0.500511210870336	0.405166881204009	0.954156649230054
ACBD3	-0.0902642594526171	0.837760999796439	0.981044853239391
CDC42EP4	-0.232876189286745	0.562505140739847	0.957773341824946
PTPN23	-0.363106462417928	0.637899583362899	0.965540679089589
UNC45A	-0.401858302885749	0.563775733543351	0.957773341824946
DSN1	0.0316497291548927	0.960180728823604	0.996668415258973
C1orf198	-0.462429501929179	0.396066509028039	0.954156649230054
CHMP4B	-0.685423499636087	0.200036528861192	0.954156649230054
WNK1	-0.0832094918332693	0.826038925743187	0.981044853239391
RNPEP	0.256113965856176	0.762680545209247	0.975390222445392
GOLPH3	0.262838118194072	0.575520954170946	0.957773341824946
EPB41L1	0.58316755222646	0.456650330651567	0.954156649230054
SMARCAD1	0.0736155205226225	0.834349187195667	0.981044853239391
EHD1	-0.0896650782710715	0.807043050940175	0.980203469294924
HEATR1	0.387233806436221	0.504640990174118	0.954156649230054
RABEP2	0.241383376365395	0.660622712370132	0.965540679089589
STEEP1	-0.0053440342378579	0.991935197166775	0.99864119708292
CIAO2A	0.0910728505557685	0.78731366723944	0.976670848332696
HAUS4	1.45416761043332	0.0250521961700116	0.954156649230054
TUT1	0.817461895279976	0.0472961953469536	0.954156649230054
REEP4	0.273040508369789	0.705957855129577	0.973761730603821
YTHDC2	0.885617631886646	0.0766598286620591	0.954156649230054
EPS8L2	-0.801586792350697	0.325997582267313	0.954156649230054
RPAP3	-0.0413550244348571	0.909073417179753	0.990030831522104
WDR55	1.16027569897057	0.133796004050006	0.954156649230054
RANBP3	0.699620644281218	0.157054379108599	0.954156649230054
DCTPP1	-0.541523759689291	0.558851701218576	0.957773341824946
SH2D4A	-0.429145059541916	0.613093958965804	0.960901361064428
RPF2	1.60789584594382	0.0639808337206775	0.954156649230054
WDR26	0.458833270907469	0.286297802546802	0.954156649230054
C8orf33	-0.0825224737120784	0.851783539311603	0.981044853239391
PHAX	0.270550468848526	0.551922764650295	0.957773341824946
UBE2Z	0.568325894352725	0.380332515711961	0.954156649230054
TUBA4B	-0.31523880896868	0.700816763139473	0.973542084669015
RMND5A	0.0616777625690901	0.908383758560562	0.990030831522104
ANKZF1	0.619898406253867	0.252681081302237	0.954156649230054
GORASP2	0.0815334979558386	0.850614391471692	0.981044853239391
CNOT10	1.16415542966951	0.0652618694075087	0.954156649230054
LRRC40	-0.137117321572777	0.883719960166987	0.986439583248859
VIPAS39	3.22928557599511	0.00374708970863633	0.61761813414958
COG4	0.470350422160116	0.197056942143084	0.954156649230054
COPS7B	-0.516097318292484	0.216425998608022	0.954156649230054
NHEJ1	1.52183024508032	0.0708725361536287	0.954156649230054
ELP3	0.468970729380619	0.524645998894916	0.954156649230054
JMJD4	0.760089203857806	0.152476587302799	0.954156649230054
POLR1B	-0.157006286422728	0.818174969379037	0.981044853239391
WDR41	0.120542121309583	0.769037621937307	0.975390222445392
XPO5	0.248380049504018	0.63783207096692	0.965540679089589
CLSPN	0.0317892361045402	0.973186119404876	0.996668415258973
MYG1	-0.200859687533463	0.604415824829994	0.957924409741753
BCL2L12	0.21907198248671	0.804540493894096	0.980203469294924
PLEKHA2	0.492064506784708	0.530573244448321	0.954156649230054
CACYBP	-0.56347472798193	0.439834315911025	0.954156649230054
PARVB	0.561716094376671	0.190839575406226	0.954156649230054
SPC25	0.65141527870281	0.191028587042467	0.954156649230054
GLOD4	-0.918737678004604	0.283993720426935	0.954156649230054
MOV10	0.537576318751199	0.51677496015005	0.954156649230054
RAVER2	0.227104980813497	0.745694412562189	0.974387197337046
GPN1	0.18529602396308	0.766038814814378	0.975390222445392
XAB2	-0.1597142102205	0.66169208237266	0.965540679089589
SRA1	-0.258725270008551	0.762590915091949	0.975390222445392
GOPC	0.00725363296193393	0.984474569672739	0.996668415258973
MYO10	1.19018271329008	0.148914773050845	0.954156649230054
WDR6	0.321479008396715	0.443364392583449	0.954156649230054
SH2D2A	0.920959370858085	0.28741871289463	0.954156649230054
ARFGAP3	1.4112073047807	0.0556530256980501	0.954156649230054
RAB18	0.498371593875675	0.42927937489413	0.954156649230054
PALMD	-1.27391333213935	0.0302544476418805	0.954156649230054
SSU72	-0.530155523944266	0.236601273567885	0.954156649230054
VTA1	0.312290109928753	0.531410596205178	0.954156649230054
MID1IP1	0.16741764976517	0.710436908615129	0.974387197337046
EXOSC4	0.340171181379667	0.425910497716182	0.954156649230054
UBE2T	-2.26648977572869	0.00957257619594832	0.864038960924764
OSGEP	1.49675660574617	0.115807569047023	0.954156649230054
DCP1A	0.652675625500386	0.232339423344276	0.954156649230054
ACOT13	-0.435275280778711	0.395566344299186	0.954156649230054
RIC8A	0.0936921367248154	0.893754687802521	0.986439583248859
LUC7L	-0.222053324552075	0.714190743802997	0.974387197337046
LZTFL1	0.358850541329371	0.628436208515087	0.965540679089589
TIGAR	0.936090740840484	0.569249558925396	0.957773341824946
WASH6P	0.951288070520008	0.209747996533873	0.954156649230054
RTN4	0.025396572341819	0.967213752701904	0.996668415258973
HINT3	0.176604522816916	0.675566310255707	0.968238354664746
RPRD1B	0.22667502810128	0.513964325930705	0.954156649230054
PFDN4	-0.536331922681359	0.538853726378208	0.955966700038622
NIT2	-0.439536267621428	0.656858891215829	0.965540679089589
EXOSC5	1.00404212761272	0.0723058753953432	0.954156649230054
EXOSC3	-1.06271815051216	0.0863453667698394	0.954156649230054
ANLN	1.05937472042884	0.0201616579425222	0.954156649230054
XPNPEP1	-0.650920606172626	0.475401104415715	0.954156649230054
GPHN	0.179058522138785	0.651476516264282	0.965540679089589
BIN3	0.53386964095764	0.319939790520276	0.954156649230054
STARD7	-0.38406036812205	0.431944522766323	0.954156649230054
PDLIM7	-0.858148670014899	0.378753882553002	0.954156649230054
DDX21	0.572546090868194	0.22116781299977	0.954156649230054
SAR1A	0.315370184634553	0.766036736004813	0.975390222445392
POLE4	-0.148047007429877	0.844019210599702	0.981044853239391
NANS	-0.482212027648796	0.685786529539718	0.969616850054002
SH3GLB2	0.37870092694483	0.364306284770715	0.954156649230054
EIF2B3	0.516587195661693	0.424021250564351	0.954156649230054
POLE3	-0.236342686630401	0.709665363965198	0.974387197337046
CHRAC1	-0.711907065519096	0.169224761617849	0.954156649230054
STRN4	0.264479219199092	0.548061884197746	0.957773341824946
AASDHPPT	-0.687309063248307	0.366836260802792	0.954156649230054
UBQLN4	0.325752371304393	0.37477519409176	0.954156649230054
HEBP1	0.0782720354717341	0.843567256856069	0.981044853239391
VPS45	0.295622081928002	0.772415179865836	0.975390222445392
PNO1	0.15800777773757	0.878111220458773	0.986439583248859
PHPT1	-3.23933862814067	9.97028189879746e-05	0.0539961981119159
ARHGAP35	-0.360136193522472	0.605982372301378	0.957924409741753
FAM114A2	-0.211117184847193	0.553315149297328	0.957773341824946
LANCL2	0.177251802978553	0.740308697983067	0.974387197337046
KIF15	-0.615911449644301	0.335407599898468	0.954156649230054
FARSB	0.783121812347229	0.161213719938424	0.954156649230054
SLX9	0.314547389740373	0.7698878102733	0.975390222445392
KLC4	0.673009322810437	0.339955791989311	0.954156649230054
DIAPH3	-0.686967712438037	0.405896015375058	0.954156649230054
ATG3	-0.182586377291251	0.808183822058568	0.980285273914415
SMC4	2.53713421460819	0.0898574536199439	0.954156649230054
OLA1	-1.28642644901562	0.21390366286094	0.954156649230054
CUTC	2.05854191411913	0.141126589492439	0.954156649230054
ECHDC1	0.178702120057231	0.767303412893134	0.975390222445392
RBM12	1.3057630052476	0.0776332352126509	0.954156649230054
PDRG1	-0.496759117819273	0.500669311326564	0.954156649230054
TCP11L1	0.0222788133290699	0.969199045785334	0.996668415258973
STAU2	0.447748768540496	0.339812313736192	0.954156649230054
BLOC1S4	0.236056130149123	0.627704909768728	0.965366861230527
LIN7C	-0.698710282756149	0.311623579060337	0.954156649230054
ABCF3	0.206380454154942	0.718967187505762	0.974387197337046
CYRIB	-0.306074665956629	0.635123934074554	0.965540679089589
DDX19A	-0.418864228384265	0.575821562953356	0.957773341824946
TDP1	-0.380741060686702	0.813257186382452	0.980597138885862
TBC1D23	0.779099327134354	0.0713578158674209	0.954156649230054
DCAF13	1.10823628765262	0.18871303588156	0.954156649230054
EXOC1	-1.50168606205749	0.348312304927371	0.954156649230054
PARVA	0.271324265514352	0.509442882070537	0.954156649230054
PANK4	0.511737127424944	0.565152330685513	0.957773341824946
FANCI	0.730734020982631	0.273336017957747	0.954156649230054
INTS13	0.838145844028048	0.115298428756667	0.954156649230054
ASF1B	0.574172377061213	0.221600214015081	0.954156649230054
PNPO	-0.350868393462328	0.513735563347485	0.954156649230054
ARMC1	0.169141424435551	0.741186282505272	0.974387197337046
NLE1	0.539398767191308	0.410011781609752	0.954156649230054
POLR3B	0.767336544651783	0.125464766487598	0.954156649230054
RBM28	0.695156564733384	0.278690711736772	0.954156649230054
RBM22	1.91193381730798	0.024999141911652	0.954156649230054
BSDC1	-0.263857208805078	0.633532515810637	0.965540679089589
WDR70	-0.58155166386679	0.22664813436588	0.954156649230054
PIH1D1	0.352168601966202	0.388484189523083	0.954156649230054
HIF1AN	0.176642295672735	0.659360335223405	0.965540679089589
GID8	0.31937819369633	0.414681270296516	0.954156649230054
BABAM1	0.227047599497524	0.639838818994831	0.965540679089589
ASB6	1.2065416227862	0.146429641920313	0.954156649230054
UCKL1	0.805355290860042	0.495210737203092	0.954156649230054
COMMD8	0.0625872430769761	0.908003723321892	0.990030831522104
HYPK	0.618828078201169	0.326356345708893	0.954156649230054
THUMPD1	1.37640000025065	0.206565688530272	0.954156649230054
TRMT1	0.317869157556018	0.587804462614605	0.957773341824946
GDAP2	0.751952155513607	0.149727405104566	0.954156649230054
NDE1	-0.114659435569052	0.816819881280495	0.981044853239391
BABAM2	0.216433015971404	0.606188514632146	0.957924409741753
PPP4R2	-0.0949590408408412	0.791892425375948	0.978411784263191
DPP3	-0.547186377489787	0.421896232896454	0.954156649230054
DDX56	1.10960664984043	0.184310814675183	0.954156649230054
SPHK1	1.07820076118391	0.0508572384661106	0.954156649230054
TERF2IP	0.129335466984994	0.881831434038969	0.986439583248859
ABI2	-0.122145572077329	0.879906977070818	0.986439583248859
COA4	-0.583729328411184	0.201783510750257	0.954156649230054
TMOD3	0.240064509038383	0.706805944608022	0.973761730603821
RRN3	-0.578271899031993	0.503850014424786	0.954156649230054
UBAP1	-0.0652714920767608	0.873568885793785	0.986439583248859
ACTR10	0.0892257427695746	0.844659234192452	0.981044853239391
C9orf78	-0.77462310228335	0.064290377107782	0.954156649230054
FAM120A	0.88025149305226	0.147209035382668	0.954156649230054
SPG21	0.380773253049298	0.409648082813947	0.954156649230054
IGF2BP1	0.0356023302145694	0.935027054075077	0.995916019295354
DTL	0.966587735986792	0.208213584305212	0.954156649230054
HSPBP1	0.141974053496607	0.767062951090549	0.975390222445392
MAT2B	-0.520738078463168	0.574915061421965	0.957773341824946
MYOF	0.904769531818602	0.268053801202769	0.954156649230054
EHD2	0.410125740129484	0.493105395128892	0.954156649230054
NCKIPSD	0.511654160754464	0.168814610382902	0.954156649230054
OGFR	-0.140980214862115	0.833341660165682	0.981044853239391
PALS2	0.138334270347372	0.785067243742251	0.975929842676122
COMMD9	-0.162496573988101	0.819623179636637	0.981044853239391
NHSL3	-0.618616601874585	0.336481629392042	0.954156649230054
RCC2	0.464254091744461	0.22132329472772	0.954156649230054
RELCH	0.89220006992533	0.170130670052299	0.954156649230054
DIP2B	0.330220755418683	0.603314682162843	0.957924409741753
BCCIP	-0.806346510617892	0.350891649349681	0.954156649230054
STK26	-0.456125778866571	0.454053081252564	0.954156649230054
PTGFRN	0.610021740240043	0.467042353176401	0.954156649230054
CTTNBP2NL	0.340720791423845	0.615280301068543	0.962057993293814
HEATR5B	-0.0986047469173528	0.929875043087975	0.994418770791755
RRBP1	-0.507487597270963	0.47631827185912	0.954156649230054
CPSF2	0.957321163107991	0.131954849310166	0.954156649230054
LARS1	-0.298957333290495	0.636880953249853	0.965540679089589
KLHL13	-0.104411540529568	0.783345106466009	0.975793754249777
ANKFY1	-0.216334243098991	0.651659191854039	0.965540679089589
ATXN10	-0.193665855379933	0.689282507634306	0.969616850054002
EPS15L1	0.761166221565389	0.148282261439682	0.954156649230054
ORC3	1.62380407994323	0.0204254174254248	0.954156649230054
SAE1	0.285246426536496	0.730297361652265	0.974387197337046
COPG2	0.466140613083276	0.273618875597125	0.954156649230054
PI4KB	-0.206802470563471	0.772551912717444	0.975390222445392
COMMD3	0.140375211139187	0.85037802609348	0.981044853239391
GNG12	0.491712334560241	0.391491092879498	0.954156649230054
MTRR	0.0467939972569127	0.962022554033056	0.996668415258973
UXT	2.25360514218949	0.0163149723184426	0.954156649230054
VPS29	0.232804412841091	0.53383441124161	0.954156649230054
EIF3K	-0.275058657259095	0.65385807420145	0.965540679089589
GRHPR	-0.647512029451512	0.316610984780087	0.954156649230054
UBA2	-0.320767614266796	0.770889404311732	0.975390222445392
CTNNAL1	-0.509868713056463	0.532117917521714	0.954156649230054
NXF1	0.783509150036203	0.236844323767769	0.954156649230054
COPS7A	-0.451806361194649	0.203836218404876	0.954156649230054
DNAJB4	-0.25368695795612	0.557061902835999	0.957773341824946
ABCF2	0.303092066374091	0.436504927411243	0.954156649230054
TES	-0.979482529952847	0.134972003300554	0.954156649230054
NDRG3	-0.125599957253812	0.878236946493936	0.986439583248859
ARMCX3	0.65836019868479	0.198630339399181	0.954156649230054
SWAP70	0.63877711452762	0.383984376917722	0.954156649230054
LIMA1	-0.04177156016803	0.933880201507534	0.995916019295354
SRP68	0.263886462445978	0.558282824112994	0.957773341824946
CHORDC1	-0.442133210719337	0.639633680894423	0.965540679089589
SEPTIN9	0.430770094510986	0.499547113302226	0.954156649230054
UBQLN2	-0.0445381175074893	0.924977917245775	0.99290853080824
DDX20	1.30529728700101	0.0421836109294601	0.954156649230054
BAIAP2L1	0.338440520453187	0.595294394706368	0.957924409741753
SAP30BP	0.0797499264407513	0.847875043302867	0.981044853239391
PFDN2	-0.93660834319034	0.218277126117126	0.954156649230054
PUF60	-0.336023396520972	0.369833065105583	0.954156649230054
NRBP1	0.855040968953112	0.0964825276130135	0.954156649230054
ENOPH1	-0.487730206938007	0.627222974753152	0.965366861230527
EIF2B4	-0.64017077065424	0.487585823366859	0.954156649230054
ATP6V1H	0.153201688200866	0.754011858943371	0.975303568927917
TRMT112	-0.0953415626437177	0.887207306069976	0.986439583248859
XPO7	-0.131135330409112	0.817788427650932	0.981044853239391
VPS51	1.27171114011903	0.0632178223011329	0.954156649230054
CNOT7	0.43245541717754	0.595623294386446	0.957924409741753
TRMT6	-0.270080213189292	0.781794811197128	0.975793754249777
DBNL	-1.23548472183377	0.204572909892722	0.954156649230054
DCTN4	-0.975853238132515	0.274402667180212	0.954156649230054
CDC23	1.13434232452353	0.0325509193849494	0.954156649230054
ANAPC7	-0.0644234566664572	0.895109031749705	0.986439583248859
ANAPC5	-0.309597090509367	0.52605114712125	0.954156649230054
ANAPC4	0.327788175899151	0.368580266782777	0.954156649230054
ANAPC2	0.0223279901510196	0.971133985454821	0.996668415258973
VPS28	0.127688428619123	0.717921977010378	0.974387197337046
LSM7	0.362041002270992	0.655159560678824	0.965540679089589
DBR1	0.860823365094245	0.0955553164922781	0.954156649230054
FBXO3	1.71654762511692	0.00235779150510589	0.525787505638613
MRTO4	0.385818306907119	0.365163955511957	0.954156649230054
CPSF3	0.35167184215555	0.534273713587894	0.954491822908439
APPL1	0.568120886785106	0.44402022504358	0.954156649230054
NUDT5	-0.539022271619878	0.448343885943745	0.954156649230054
RCOR1	0.407061497485685	0.500317930937117	0.954156649230054
GTF3C4	1.23976595578803	0.0313762299521567	0.954156649230054
PACSIN3	-0.0982504491917169	0.803445551609013	0.980203469294924
ACIN1	-0.0183929442441517	0.968668047643142	0.996668415258973
AGO2	-1.16421165488168	0.0396946780797613	0.954156649230054
NUP50	0.240620105388416	0.573424398662454	0.957773341824946
CDV3	-0.0280014621075111	0.976165621080366	0.996668415258973
BAG5	0.164081584972834	0.644647491982526	0.965540679089589
RAB21	-0.344541243036286	0.546472537673274	0.957773341824946
RAB22A	0.348939381209654	0.444979781621822	0.954156649230054
TRAPPC2L	-0.452022634759821	0.646492145889331	0.965540679089589
BLOC1S6	0.45251281002415	0.277078499940942	0.954156649230054
PSME2	0.385523991281424	0.583644718634989	0.957773341824946
MKLN1	1.08067596163163	0.357918118711072	0.954156649230054
DNPEP	-0.171395412558795	0.825412725743845	0.981044853239391
MCTS1	0.621205617090631	0.333572317046124	0.954156649230054
SLC39A10	-1.32806708853685	0.0184466665543234	0.954156649230054
MRTFB	0.503752092612665	0.494610012465086	0.954156649230054
ANKRD50	-0.0257588999609091	0.966090025735393	0.996668415258973
ISY1	-0.473968567040259	0.248176538850904	0.954156649230054
HECTD1	0.0213604891878667	0.966576319273284	0.996668415258973
CORO1C	2.38198693940279	0.0601216127530729	0.954156649230054
NOB1	-0.0921882313060962	0.858592004411871	0.982396931890252
AKAP8L	-0.283590035212367	0.456851198881498	0.954156649230054
MYO6	1.12378639930613	0.0677467708927914	0.954156649230054
DDX19B	0.315539734634051	0.756636921180623	0.975390222445392
PRPF19	0.00536271318314618	0.990990408664288	0.99864119708292
UBQLN1	-0.213462897919374	0.628774122612033	0.965540679089589
NOL7	0.196015803428455	0.596699975287498	0.957924409741753
SNX12	0.157437176076343	0.874707818870687	0.986439583248859
SYNRG	-0.0386166578331597	0.974115124618179	0.996668415258973
VPS4A	0.533333871547672	0.471978952147009	0.954156649230054
G3BP2	0.285716780387546	0.632080491573888	0.965540679089589
STUB1	-0.415614549870135	0.336546182809932	0.954156649230054
PACSIN2	-0.142858778644236	0.76447529729759	0.975390222445392
MAGED2	-0.465257472108441	0.282233547655967	0.954156649230054
SNX7	0.396688219261392	0.516393275818689	0.954156649230054
SNX6	0.324492797678115	0.407385793554096	0.954156649230054
DUSP12	-0.471411255870208	0.247315515091025	0.954156649230054
STX8	0.988833097119631	0.286629793672116	0.954156649230054
PSMD13	0.1443768591107	0.726923584791863	0.974387197337046
FAF1	0.287419332591249	0.48173462893869	0.954156649230054
PROCR	0.245523409414663	0.755809935644684	0.975390222445392
PPIE	-1.27381446966149	0.259336848923578	0.954156649230054
TIMELESS	-0.184992424329263	0.690544026536391	0.969616850054002
COPS3	0.307349279294549	0.514672583492869	0.954156649230054
MINPP1	-0.296714197932257	0.569378450918078	0.957773341824946
NSFL1C	-0.347066307831888	0.552958435974447	0.957773341824946
COG5	0.0460884029400184	0.898973462988188	0.986959819700334
AP4E1	-0.498351336103852	0.527481608583161	0.954156649230054
PPP6R1	-0.629291000561167	0.247589707103917	0.954156649230054
TRIM33	0.451223538422987	0.510153838772615	0.954156649230054
EXOC7	1.05817364365375	0.024312444651777	0.954156649230054
USP24	0.190885532305302	0.670728499961938	0.965742632818693
SLC7A11	0.189241526023615	0.79854443212483	0.978411784263191
SRRM2	0.155706203048098	0.653575201065271	0.965540679089589
PA2G4	-0.211867753795659	0.665219631017309	0.965742632818693
BAIAP2	-0.230011924597889	0.664407477954738	0.965742632818693
SMC3	0.81974883153562	0.504758592499468	0.954156649230054
CHMP2B	-0.595721952406386	0.16171843736854	0.954156649230054
GNE	0.0818274804465382	0.897260650901269	0.986439583248859
RTRAF	-0.585715044984219	0.197386193452583	0.954156649230054
RUVBL2	0.402475704725351	0.472540543920462	0.954156649230054
POMP	-0.0257917699546866	0.960512727865905	0.996668415258973
EIF3L	0.202297816177712	0.662245464579422	0.965604829315611
PLAA	0.293398420538161	0.456153746752697	0.954156649230054
RUVBL1	-0.161924132805922	0.779376460596871	0.975390222445392
NUDC	-0.669432536050522	0.275594945579405	0.954156649230054
CFL2	0.628259607016002	0.589996611917709	0.957924409741753
FARSA	-0.719934575685976	0.222459315917959	0.954156649230054
ASF1A	0.442181804577604	0.400026783468845	0.954156649230054
DRG1	1.36195558396437	0.0236901555146518	0.954156649230054
TRAPPC4	-0.421177978236578	0.280867100137343	0.954156649230054
NCKAP1	0.692295093270694	0.148068938356789	0.954156649230054
CNPY2	-0.253841192908112	0.474666276249854	0.954156649230054
DLGAP4	-0.204403186537604	0.572412257478281	0.957773341824946
STK38L	0.820201491794901	0.0797968030650705	0.954156649230054
PIKFYVE	1.11475218784895	0.0851259280925714	0.954156649230054
DIS3	0.658201645476389	0.204151584986792	0.954156649230054
MRPS28	0.677645438916755	0.18244784935218	0.954156649230054
AP3M1	0.204950669044049	0.579055094441439	0.957773341824946
GDA	0.103195104092617	0.913576386460587	0.990949379419767
LEMD3	1.41938703168972	0.189779465845605	0.954156649230054
COG6	0.263003864951866	0.471084458984222	0.954156649230054
THRAP3	-1.89373729955009	0.0362625580973656	0.954156649230054
WBP11	-0.123440367442342	0.830661340722618	0.981044853239391
NOP58	0.661376044506103	0.544292462552124	0.957773341824946
ZNF281	0.0877589267318086	0.918335079994286	0.992277358099386
SUGT1	-0.460920541450069	0.326699421190469	0.954156649230054
AAR2	0.34268657831808	0.429339517357807	0.954156649230054
NOSIP	-0.553635080135948	0.495112932147545	0.954156649230054
DERA	0.360362940927342	0.443175710663698	0.954156649230054
MEMO1	-0.303302714876814	0.450679190702637	0.954156649230054
LSM2	-0.560126295186674	0.161226133643426	0.954156649230054
SH3GLB1	0.497518414207669	0.294196579410238	0.954156649230054
CAB39	-0.153240019494792	0.754497110907125	0.975390222445392
LUC7L2	-0.773270872152398	0.0805013327494287	0.954156649230054
SBDS	-0.249520170015529	0.666778002484029	0.965742632818693
EXOSC1	0.208132823711146	0.74291885042624	0.974387197337046
SF3B6	0.27088555529518	0.691313953824369	0.969616850054002
REXO2	-1.02017284894001	0.381691335951303	0.954156649230054
RRP15	-0.448617061027111	0.261344531946449	0.954156649230054
PPIL1	-0.533058571370184	0.279677248030688	0.954156649230054
UFC1	0.0400390928523322	0.940746912081461	0.996668415258973
FIS1	-1.18389072256649	0.0115402169237177	0.911436715787784
GOLT1B	0.885093711876753	0.150867111919297	0.954156649230054
CHMP3	0.0454230715317436	0.953102420984566	0.996668415258973
STRAP	-0.306604881630882	0.56103523518144	0.957773341824946
RTCB	0.0589026836096416	0.901802769856048	0.988073497261352
FBXO7	0.194894152229487	0.629830228404825	0.965540679089589
RAP2C	-0.323297752896195	0.482585114808451	0.954156649230054
RABGAP1	-1.88730943021754	0.0130888881215631	0.954156649230054
R3HCC1	1.10064586720581	0.0633002818174433	0.954156649230054
RPL36	-0.372770079221382	0.35540361579408	0.954156649230054
SAMHD1	0.41346163932716	0.449530044871378	0.954156649230054
PKP3	0.133905518785095	0.776183794917702	0.975390222445392
HBS1L	2.07577199211858	0.0246471915926788	0.954156649230054
PRKAB1	0.155731288434076	0.841310410502433	0.981044853239391
WDR45	1.19610211885675	0.0439934591818129	0.954156649230054
TLN1	0.196160087013205	0.630048056065326	0.965540679089589
DCAF1	0.402430452730851	0.464572646493883	0.954156649230054
TCAF1	0.387746945877879	0.271482859782959	0.954156649230054
USP15	0.405163975570801	0.332563667773568	0.954156649230054
FARP1	-0.1775741664988	0.709629841794281	0.974387197337046
TLN2	1.38526113624502	0.256111776015044	0.954156649230054
HYOU1	0.275744991411713	0.520013711817118	0.954156649230054
WIPI2	0.334087570830434	0.609482761074263	0.959298967732777
TELO2	-0.231199558723695	0.649242148957396	0.965540679089589
LAS1L	-0.65271597900653	0.22723618768785	0.954156649230054
ARIH1	0.391007453618336	0.46829707214708	0.954156649230054
LSM5	0.0116900224009022	0.981619611598918	0.996668415258973
LSM4	0.106943948113333	0.795152007762322	0.978411784263191
PRRC2C	-0.586535113410257	0.423752762426279	0.954156649230054
POLR3H	0.848146905853813	0.155185981316712	0.954156649230054
IFT25	-0.203044038180707	0.86545251632836	0.985107701023852
PPME1	-0.259773455941016	0.752531761200577	0.975303568927917
ASB3	-0.207632597582865	0.733520513733474	0.974387197337046
RBM7	-0.454654789983842	0.491891130441514	0.954156649230054
AP4S1	0.902153296339279	0.0541718886454239	0.954156649230054
NUB1	0.886485659157273	0.0695569591662804	0.954156649230054
YTHDF2	0.355148149007533	0.617191214145031	0.962057993293814
CTDP1	0.637557719449276	0.159965794627874	0.954156649230054
SUPT16H	0.33351368468481	0.50456470235924	0.954156649230054
UCHL5	-0.205080835354043	0.58815519381917	0.957773341824946
CD2AP	-1.10443391815549	0.283527740480843	0.954156649230054
ATP6V1D	1.58916438322148	0.0304385098201095	0.954156649230054
TNPO3	-0.480444450137867	0.282689464552371	0.954156649230054
CERT1	0.243801714789797	0.557445753457312	0.957773341824946
GTF3C5	0.756735952992223	0.203598840485668	0.954156649230054
GTF3C3	0.701973687520063	0.394719454443189	0.954156649230054
TRAPPC1	0.70528368513321	0.188397541659285	0.954156649230054
CDC42BPB	1.21652666314893	0.160813923299557	0.954156649230054
SNX5	0.275283421048957	0.461991990173559	0.954156649230054
FLVCR1	-0.987629225805282	0.0964741070233959	0.954156649230054
NUBP2	-0.325976364387312	0.663624447340304	0.965742632818693
MRFAP1	0.663132707998507	0.217172756839098	0.954156649230054
PUS1	0.372442902412601	0.37436694423448	0.954156649230054
FHOD1	0.362734297804849	0.424983897809082	0.954156649230054
PSAT1	-0.930227786491727	0.37448930364857	0.954156649230054
COPG1	0.373239300625041	0.333006558258199	0.954156649230054
CLIC4	-0.148046997602364	0.693745511563143	0.970797567710942
CFAP20	-0.468526627329744	0.393748544604119	0.954156649230054
TACC3	-0.839888232307676	0.199250743401336	0.954156649230054
SAR1B	-0.887570142825869	0.441597627535712	0.954156649230054
ARFGEF2	-1.0277908001905	0.197825704869912	0.954156649230054
MAD1L1	1.12355831505226	0.242024758042766	0.954156649230054
STK24	-0.391718479437628	0.358370596870942	0.954156649230054
BZW2	0.00438010690185209	0.992332961737329	0.99864119708292
COMMD10	0.777351592285459	0.0553867263178794	0.954156649230054
DYNC1LI1	0.0431137805725221	0.949674977786899	0.996668415258973
EPN1	0.432677773157035	0.389363460658188	0.954156649230054
IKBKG	-0.0718130805593766	0.894828058771562	0.986439583248859
ROBO1	0.12585578729653	0.855535290110637	0.981044853239391
NCOA3	-0.762711674139425	0.512143201340655	0.954156649230054
CAPN7	0.79583506951699	0.0645655717489028	0.954156649230054
WASF2	-0.469088138084686	0.321853277482071	0.954156649230054
SEC23IP	-0.122959927233239	0.717403092512453	0.974387197337046
DNASE2	-0.256845225258893	0.593019978448869	0.957924409741753
AP4M1	0.208099050164542	0.599080611719728	0.957924409741753
POLR2D	0.523601037414313	0.537624210981785	0.955966700038622
THAP12	0.889723514178204	0.197131945031296	0.954156649230054
RNF40	0.574118772377432	0.584964860987065	0.957773341824946
CREG1	0.762321419088586	0.217730309898093	0.954156649230054
ARL6IP5	-0.671367486930869	0.437534759867124	0.954156649230054
RSL1D1	-0.563919457600079	0.181620603642137	0.954156649230054
POP4	0.924291035558056	0.183567561586331	0.954156649230054
GLUD1	-0.710438324218021	0.207488911489623	0.954156649230054
TIMP1	0.384684419014611	0.383090616402293	0.954156649230054
SOD2	-0.433577929278265	0.302516234976455	0.954156649230054
FYN	-0.985732581892108	0.202702449059319	0.954156649230054
GLA	0.606429963524555	0.117126018169555	0.954156649230054
PGK2	0.3447214532328	0.706656689758483	0.973761730603821
GNAI3	0.277768993185187	0.886038016805146	0.986439583248859
GAA	1.22854490181093	0.0642502041243819	0.954156649230054
RALA	-0.22411963747912	0.758717155453512	0.975390222445392
P4HA1	0.0251567936803454	0.962188341077464	0.996668415258973
CREB1	0.716296621891509	0.146845204376114	0.954156649230054
GLB1	0.0215431308983156	0.951906116817858	0.996668415258973
XRCC1	-0.0142571767980826	0.97952503372645	0.996668415258973
ATP2B1	0.161540037173943	0.784154884004079	0.975929842676122
RAB6A	-0.207182093028131	0.596124957164685	0.957924409741753
FKBP2	-0.182908744944228	0.661263754135252	0.965540679089589
PSMB6	-0.257957084784476	0.465478120979231	0.954156649230054
PHB1	0.084740816586006	0.880428064230171	0.986439583248859
POLR2I	0.661031809423775	0.0891133542290653	0.954156649230054
ANP32A	-0.764809713320506	0.156606644694412	0.954156649230054
PBX1	0.496261271988068	0.542610032008258	0.957773341824946
MDH2	0.950711600908082	0.027950992499687	0.954156649230054
KDM5C	-0.0897509846006024	0.842755744371068	0.981044853239391
PPT1	0.694728727743552	0.106071310130008	0.954156649230054
HSD17B4	-0.228134635408875	0.613097437364777	0.960901361064428
MANF	-0.491219767523809	0.267773179928453	0.954156649230054
GNAI1	-0.880562466113098	0.45766567314264	0.954156649230054
CDK17	-0.170706605390272	0.763659945059462	0.975390222445392
TFAP4	2.11947693116203	0.117955199505301	0.954156649230054
CDR2	0.785737377035872	0.412438800771662	0.954156649230054
RING1	1.38139539657265	0.13370977946308	0.954156649230054
GTF3C1	-0.319150030368505	0.56865836312774	0.957773341824946
CALCOCO2	-0.351687262730955	0.560971814323177	0.957773341824946
SRSF9	-0.135673248531305	0.852275443190114	0.981044853239391
NFYC	0.556884574637905	0.226356491293843	0.954156649230054
DAG1	0.00657281732331327	0.989212931574914	0.998137617140332
DHX34	1.18867308686517	0.0608252061024499	0.954156649230054
HLTF	0.939912169101056	0.216110130797818	0.954156649230054
SAFB	-1.15455509624569	0.0922418339984688	0.954156649230054
NCOA2	-0.470596888335862	0.273331740903914	0.954156649230054
NHERF2	0.158269699589084	0.876498555743787	0.986439583248859
CSRP2	-0.241761162884146	0.694662267683199	0.971041540113203
LARP7	0.0169194563741044	0.963679340584101	0.996668415258973
NCBP3	-0.807305888867941	0.0911220997595193	0.954156649230054
NOL9	-0.185630785332251	0.770761053415069	0.975390222445392
UBAP2	-0.130823359144401	0.738330608651941	0.974387197337046
UTP25	0.175888109121679	0.831612369105505	0.981044853239391
RINT1	1.07232662733912	0.0680548740143544	0.954156649230054
RFWD3	0.204325450920646	0.748975017947811	0.974387197337046
FIGNL1	-0.189443301617398	0.696644187039181	0.971930403313045
ZC3H14	-0.309942594946968	0.648502500194223	0.965540679089589
BLOC1S2	0.10848998504148	0.838182148180666	0.981044853239391
VPS13C	0.496698562143013	0.521222781487657	0.954156649230054
TUBA1A	-2.28017983084115	0.312593234719221	0.954156649230054
TRMT1L	0.693340972788022	0.141579654017843	0.954156649230054
WAPL	-0.552238362495324	0.350070712233963	0.954156649230054
IRF2BP2	-1.13047894737306	0.189867505671206	0.954156649230054
SESTD1	-0.833539484145014	0.170623077231505	0.954156649230054
DHX40	1.55708912626941	0.0112834443594645	0.910117820568725
IFT20	0.0729418057072309	0.871780263039138	0.986439583248859
RAVER1	0.694884094391814	0.147170896866983	0.954156649230054
MIER1	-0.00531369325114639	0.993096375315532	0.99864119708292
PLCD3	0.150477745876184	0.809362412912719	0.980285273914415
NOPCHAP1	1.23124543398517	0.0830881131976498	0.954156649230054
SVIP	-0.241844468896034	0.587969471182457	0.957773341824946
DDX55	-1.17729720677467	0.134625951113018	0.954156649230054
SMCR8	-0.853382157685708	0.171712580501938	0.954156649230054
PPIL4	0.594562207829959	0.478115981090529	0.954156649230054
DDB2	0.564223000322464	0.306620129889926	0.954156649230054
TBC1D5	0.604473864282721	0.131322968023544	0.954156649230054
DLG3	0.0340957631390957	0.938587663142611	0.996668415258973
GGH	0.759562968310274	0.101083812829928	0.954156649230054
CAVIN3	0.466966538744668	0.453165659656892	0.954156649230054
SNX21	-0.534465475931505	0.445059067970315	0.954156649230054
ERGIC1	0.886112780667556	0.332442031612078	0.954156649230054
LRRC59	0.0259972410879001	0.957030670696236	0.996668415258973
FKBP10	0.122729774985402	0.828558310779692	0.981044853239391
HOOK2	0.50118434301578	0.382996287752388	0.954156649230054
USP28	1.10114089585695	0.207904334351809	0.954156649230054
LGMN	0.299316014149518	0.417889844638877	0.954156649230054
NAPG	0.0824536405261895	0.862842161044906	0.983178428771036
HTATIP2	-0.104715985007473	0.830658821597527	0.981044853239391
PRKD2	0.402402089765985	0.40794333042805	0.954156649230054
NAT10	0.490669730931607	0.58551263392619	0.957773341824946
TOLLIP	0.585178007139483	0.115035813735203	0.954156649230054
LDAH	0.514419707826811	0.373090490123535	0.954156649230054
CAAP1	0.0329682950573869	0.946863266149736	0.996668415258973
SCPEP1	0.473925336575132	0.436879211935418	0.954156649230054
SMURF1	2.60262967867066	0.000213189958045108	0.101025391368626
TRNAU1AP	-0.568140900559477	0.35646798145964	0.954156649230054
DDIT4	0.223702239162236	0.584727290037502	0.957773341824946
DPP7	0.647410952515685	0.257746039201701	0.954156649230054
EPDR1	-0.0687472127897308	0.910781255427889	0.990251986764182
NOC2L	0.315105941651197	0.652099190345865	0.965540679089589
SNX9	0.532841374611625	0.348762049720283	0.954156649230054
AP4B1	-0.614184590376816	0.257040947205826	0.954156649230054
PGRMC1	-0.0769622516910076	0.87740021161788	0.986439583248859
GOLIM4	0.447488652098418	0.579756545439244	0.957773341824946
PLOD2	0.570414916693256	0.247623077926068	0.954156649230054
TNFRSF10B	0.555251880556082	0.387147172820039	0.954156649230054
CASK	-0.746442654240521	0.141597626552	0.954156649230054
PGRMC2	0.0718976206085102	0.868163972244669	0.985982510119695
P4HA2	0.668258204403813	0.159089944551833	0.954156649230054
CYB5B	-0.06400156869298	0.925947080200638	0.99290853080824
HTRA2	0.627230586324004	0.276291300536976	0.954156649230054
PLRG1	-0.831081906382053	0.0981915183659181	0.954156649230054
TIMM8A	0.174221327375996	0.703162599622541	0.973761730603821
FADS1	0.0452305438995495	0.944867963592992	0.996668415258973
SELENOF	0.633598716051626	0.170337178744048	0.954156649230054
SLC16A7	0.0661707586690241	0.93457029373174	0.995916019295354
H2BC12	-0.148179165291978	0.754052957142634	0.975303568927917
TACC1	0.136829763042446	0.837003065528668	0.981044853239391
ECI2	0.378117450248787	0.489333558301814	0.954156649230054
ATP6AP2	0.378712632387348	0.472135704074628	0.954156649230054
STAM2	-0.0222144580886443	0.953031609503397	0.996668415258973
RPP14	0.215205097068178	0.791197250199885	0.978287271855109
FKBP9	0.65412211272789	0.136224117810519	0.954156649230054
CD2BP2	0.487642438885779	0.473262969407453	0.954156649230054
SEC24B	0.0912880941029535	0.831472108645907	0.981044853239391
ACSL3	0.639346899126856	0.458550630760151	0.954156649230054
CYB5R3	0.277895260508743	0.631701988438207	0.965540679089589
GOT2	0.0408988302807174	0.930521463994359	0.994418770791755
GBA1	0.571909799514678	0.212538980297034	0.954156649230054
RPN1	0.832834522734569	0.163235009420047	0.954156649230054
JUN	0.423516101502024	0.589244966164027	0.957924409741753
EPHX1	-0.151891435391128	0.794839479121793	0.978411784263191
ACAA1	0.374584126116957	0.475490141959841	0.954156649230054
NR2F1	-0.0765543648241156	0.925219569899698	0.99290853080824
CTSA	0.666852835281063	0.370683331699784	0.954156649230054
TFPI	0.218419777940465	0.636985705936848	0.965540679089589
LAMC1	0.285238236646503	0.586846000593581	0.957773341824946
PDHB	0.446452989742689	0.265171692328632	0.954156649230054
ACADM	0.167312250067788	0.765955535799043	0.975390222445392
NAGA	0.594388623951811	0.471276194265662	0.954156649230054
AGA	-0.119194923632293	0.761070227637052	0.975390222445392
VDAC1	-0.315880108549429	0.527390046432902	0.954156649230054
SCP2	-0.907316262797661	0.0344962150596818	0.954156649230054
ACAT1	0.370789654155928	0.505835784082084	0.954156649230054
ABCD3	-0.318181747353616	0.447766451795348	0.954156649230054
HMOX2	0.527831537566506	0.488603413424606	0.954156649230054
ABCD1	0.655699865692036	0.351227364107756	0.954156649230054
SHMT2	-0.210840541033715	0.582060607913153	0.957773341824946
LIPA	0.709982691120846	0.290105681396838	0.954156649230054
DDOST	-0.457954845559435	0.261708368884786	0.954156649230054
ECI1	-0.0104409410318311	0.978949777783413	0.996668415258973
SSR1	0.0886548862230612	0.87748043295572	0.986439583248859
PPIC	0.500932880656606	0.213776095960136	0.954156649230054
VDAC2	-0.763070984329552	0.207278110966402	0.954156649230054
NSF	-0.529927031475403	0.29511557892608	0.954156649230054
HSPA13	0.77091422493681	0.102215459438787	0.954156649230054
TUFM	0.141257651392053	0.775740009204936	0.975390222445392
VPS41	0.751327906311307	0.254384545343046	0.954156649230054
RBM25	-0.0653596404396701	0.902945830560006	0.988183499899821
NUP153	0.873724369585354	0.460838370594472	0.954156649230054
CPT1A	-0.583010574941461	0.381136203244848	0.954156649230054
SSR4	0.201078448799159	0.768412133408767	0.975390222445392
NAGLU	0.481836984248204	0.301462559561229	0.954156649230054
CTBP2	1.04490865331708	0.140762035000391	0.954156649230054
PRAME	0.550884140748497	0.223496897122044	0.954156649230054
CDK16	0.268579127822413	0.734857154366821	0.974387197337046
PLOD1	0.556516206708544	0.243096138743446	0.954156649230054
NUCB1	0.593329653269851	0.161100845473276	0.954156649230054
SSBP1	-0.11330081749723	0.828934952488103	0.981044853239391
SPIRE1	0.345360791025012	0.48354090944593	0.954156649230054
FSTL1	0.984565692535398	0.034602769510804	0.954156649230054
LMAN2	0.266167677373861	0.739032195806374	0.974387197337046
ATCAY	1.67713620843581	0.0590853841074416	0.954156649230054
CSTF3	-0.324633140922032	0.45528842765305	0.954156649230054
ECH1	-0.0817677313591005	0.823275736829856	0.981044853239391
TRIM32	0.569885863906649	0.297261695170886	0.954156649230054
TRA2A	-0.291772046439508	0.676550576029402	0.968238354664746
ACOX1	0.459463836232015	0.221670088995194	0.954156649230054
DHCR24	0.663337292610461	0.593831464822133	0.957924409741753
NSDHL	0.155152803641492	0.808160030845804	0.980285273914415
QSER1	0.103897419754539	0.851011257754712	0.981044853239391
P3H1	-0.111894274456098	0.821799818738048	0.981044853239391
MIX23	0.251216427520337	0.677880147342825	0.968238354664746
COA6	-0.236245125104507	0.707104459669638	0.973761730603821
TOR1AIP1	-0.217082042135381	0.589310049754447	0.957924409741753
EXOSC6	-0.841121333738226	0.171767232455939	0.954156649230054
ANKRD40	0.648016647527328	0.148450823926464	0.954156649230054
OGFOD2	-0.939617580718998	0.355585171218972	0.954156649230054
FBXO38	-0.52535561719343	0.181490435878585	0.954156649230054
POGLUT2	0.0660287115952229	0.904108126429336	0.98831427545952
C15orf39	0.414349556786796	0.507511428882907	0.954156649230054
SRGAP1	0.157018559215327	0.823225047407859	0.981044853239391
TRAPPC6B	0.437105540089789	0.594640476620803	0.957924409741753
KTN1	-0.974325659804599	0.130833973591897	0.954156649230054
ANKLE2	-2.6182932075958	0.00634713067926886	0.753709901286332
DNAJC10	0.257793383848863	0.532437396799031	0.954156649230054
CNPY4	0.12559400748717	0.7567714516669	0.975390222445392
STAG2	0.650114283966531	0.146133611896346	0.954156649230054
COLGALT1	0.15804878352851	0.790903107548542	0.978287271855109
PCSK9	1.07992199935481	0.0395098168844107	0.954156649230054
SCCPDH	0.206698636870417	0.670165571885265	0.965742632818693
LSM14A	-0.259888101361319	0.587571026888406	0.957773341824946
ATL2	-0.171797554274839	0.84584147573964	0.981044853239391
PLBD2	0.0537477836303601	0.895155241176253	0.986439583248859
RDH11	0.119171657992922	0.821995622742785	0.981044853239391
SPPL2A	0.800399457925607	0.0920433031252757	0.954156649230054
HM13	0.174294878276477	0.71509167843346	0.974387197337046
LEO1	0.968586864182903	0.196582799712739	0.954156649230054
RUFY2	-0.599883081958502	0.191200507562618	0.954156649230054
TAF15	-0.707379576266373	0.225698449296887	0.954156649230054
POP5	1.68260434404063	0.0347553539304449	0.954156649230054
IGSF8	-1.47756404592317	0.0138888436414872	0.954156649230054
RCN3	0.252464279626892	0.500125443121479	0.954156649230054
RMDN1	-0.181143869061703	0.77161720889934	0.975390222445392
BORCS6	0.291509066632926	0.543539039400937	0.957773341824946
INTS4	0.416536511900425	0.572021913390611	0.957773341824946
FUBP3	-0.330390075767284	0.530797019376012	0.954156649230054
CLPTM1L	0.422719912827898	0.368043472903967	0.954156649230054
SNX27	1.11391055379465	0.347752982497971	0.954156649230054
CIC	-0.416482333619385	0.564890150996931	0.957773341824946
GFM1	0.258966471326705	0.563377783741172	0.957773341824946
LYSMD1	-0.47663187010054	0.256225311594079	0.954156649230054
CDC5L	0.426191214015212	0.523157325009391	0.954156649230054
ATXN2	0.530102648039275	0.240379550483529	0.954156649230054
HSD17B10	0.117230247234257	0.763855445105309	0.975390222445392
MGST2	-0.680745051612437	0.227575063924077	0.954156649230054
VRK1	1.56460357511106	0.0212057366381936	0.954156649230054
SDF4	-0.38132528716519	0.535926169049759	0.955251584154251
TMEM43	0.433573763980533	0.53181838276737	0.954156649230054
UTP14A	-0.95528014159078	0.0674532830097077	0.954156649230054
OSBPL11	-0.334397779306173	0.670703222954061	0.965742632818693
TMX1	0.650308703734176	0.285292992625143	0.954156649230054
POFUT1	0.305814950582231	0.567169580667452	0.957773341824946
PTGES2	0.159126679093767	0.754847996443259	0.975390222445392
GNB4	0.595853250683874	0.535844255686381	0.955251584154251
GRPEL1	0.238138013458148	0.513136204141738	0.954156649230054
APMAP	-0.571846185860039	0.228744737719895	0.954156649230054
DIABLO	-0.506351985868974	0.394979421277635	0.954156649230054
MRGBP	-1.06309068891112	0.266031401365666	0.954156649230054
CDKN2AIP	-0.651003622424348	0.117727247903867	0.954156649230054
UGGT1	0.299989807948879	0.480170218093488	0.954156649230054
TECR	-0.885711162544485	0.249783465842478	0.954156649230054
CWC15	0.487272625145938	0.543245470794203	0.957773341824946
VAPA	-0.770237699213894	0.349551716781972	0.954156649230054
DHCR7	1.03922689655041	0.116737593371214	0.954156649230054
NUFIP1	0.0948167212507904	0.85336449807772	0.981044853239391
NENF	0.0225413553784612	0.963623459119394	0.996668415258973
SSR3	0.161968439615325	0.861638037070717	0.982396931890252
DIMT1	0.145018294619209	0.803177580225305	0.980203469294924
GSTK1	-0.0659881418948487	0.882541868654148	0.986439583248859
WASHC3	-0.353826147074123	0.781890236223465	0.975793754249777
RAD54L2	2.12601142700875	0.0580147187538631	0.954156649230054
WASHC2C	3.95086251714645	0.000310872077282214	0.130946227219653
SLC30A1	2.34272023252502	0.100097700864539	0.954156649230054
SNRPB2	-0.287341385689501	0.779108437243738	0.975390222445392
TIA1	0.648043566582437	0.293465166640502	0.954156649230054
NCBP2	0.0260526076686851	0.943377798751796	0.996668415258973
FAHD1	0.859292602504837	0.151716104748306	0.954156649230054
PRXL2C	0.274485358377319	0.743524007578584	0.974387197337046
KHDC4	-0.330025543018955	0.457121455100538	0.954156649230054
FAM177A1	0.362828586284365	0.432097858777956	0.954156649230054
SYMPK	1.14081182487875	0.37363648139414	0.954156649230054
DDX27	-0.211278095461189	0.627291151670253	0.965366861230527
MTMR9	0.565782529609734	0.244384628514703	0.954156649230054
PHB2	1.20283884360008	0.252220130852654	0.954156649230054
ESYT2	0.594384115496695	0.346086179372484	0.954156649230054
TRAPPC13	-0.493764091427042	0.304517205422454	0.954156649230054
SMCHD1	0.296251983549311	0.499478626583831	0.954156649230054
AGPS	0.317886396796304	0.355210235724298	0.954156649230054
PES1	0.509342397542049	0.461943125660601	0.954156649230054
STX16	0.589339158279323	0.148155001829665	0.954156649230054
SCAMP1	-0.0440308861629184	0.910710892203684	0.990251986764182
RER1	-0.118270755927167	0.860816818994257	0.982396931890252
SURF4	0.495910718135608	0.430463203467241	0.954156649230054
HDAC3	-0.17503957745517	0.68307678488417	0.969532193747946
STX7	-0.253120792127792	0.583191227046421	0.957773341824946
RBFOX1	-1.41321424108063	0.218630245041877	0.954156649230054
B4GALT5	1.27301281151083	0.146555623414017	0.954156649230054
PRPF3	-0.450640865553602	0.321307553639209	0.954156649230054
B4GAT1	-0.556539242192734	0.347437703287793	0.954156649230054
STX6	-0.30770546977725	0.535876500190924	0.955251584154251
SYNGR2	-0.205440146211565	0.724610980391849	0.974387197337046
ORC4	0.89791382939968	0.235790983734053	0.954156649230054
PIP5K1C	-0.349873343069305	0.545613141940289	0.957773341824946
STX10	0.481900656346593	0.463746700664237	0.954156649230054
CCNT1	0.0448935568175699	0.948027146163861	0.996668415258973
DPM1	-1.62023950989797	0.0593147300788732	0.954156649230054
DNAJC13	1.05944477883453	0.195808365863673	0.954156649230054
EED	0.323595717705818	0.624817064537451	0.965366861230527
RP2	0.397474550054728	0.653088806542203	0.965540679089589
ZMPSTE24	0.180604836514192	0.696431506423879	0.971930403313045
CPD	-0.561389688865813	0.212958998777246	0.954156649230054
B3GAT3	0.45194881609202	0.636929223505104	0.965540679089589
TOX4	0.479972830239426	0.656658838695981	0.965540679089589
SUPT7L	0.857561181809434	0.564584875706907	0.957773341824946
UFL1	-0.176070164459016	0.662105827846666	0.965604829315611
YIF1A	-0.188857057753204	0.601238656926803	0.957924409741753
MBD4	-0.0954225124442871	0.896343926572417	0.986439583248859
MAP4K4	-0.674015933875488	0.258736866113741	0.954156649230054
AIFM1	0.400314122810961	0.468264056184051	0.954156649230054
MBD3	1.60814915335819	0.0809802444179935	0.954156649230054
CLPTM1	-1.82959393394484	0.140678947754986	0.954156649230054
LDLR	-0.141424455696466	0.732913386608621	0.974387197337046
OAT	0.11448743161705	0.818098529394682	0.981044853239391
RPN2	0.175774905362694	0.666419627950407	0.965742632818693
SLC25A5	0.588165327161882	0.264563449553848	0.954156649230054
POLR3D	-0.227632312231862	0.575121528475861	0.957773341824946
LPL	2.22651786812031	0.0736195190075245	0.954156649230054
LAMB1	0.176469196070059	0.719036390062295	0.974387197337046
SRPRA	-0.225217825313798	0.692649256068744	0.969657802716621
PDHA1	0.228573924122671	0.690363575341271	0.969616850054002
COL4A2	0.590708796649917	0.441735435933117	0.954156649230054
FGF2	-0.895900223681	0.116291568771271	0.954156649230054
HMOX1	0.223811563607825	0.802422321597046	0.980203469294924
DLD	0.382052814525984	0.444691634472533	0.954156649230054
ZFTRAF1	2.16449384926255	0.0170172066680198	0.954156649230054
DLAT	-0.0764827674423998	0.923958570496936	0.99290853080824
MGST1	-0.11724191267232	0.825788340089253	0.981044853239391
RALB	0.0766470634252236	0.951826139241654	0.996668415258973
LAMP1	0.261274270464341	0.739545594305542	0.974387197337046
PC	-0.363515508545319	0.448147638842527	0.954156649230054
IGF2R	0.998184548846965	0.173813914979698	0.954156649230054
SLC25A6	-0.149325198295422	0.699827845514558	0.972881320992186
SRC	-0.724591784597713	0.188328184163818	0.954156649230054
ETFA	0.387634979325632	0.439989173667799	0.954156649230054
MTHFD2	0.264327725315333	0.723984572454583	0.974387197337046
B4GALT1	0.0773005068554831	0.855173791762566	0.981044853239391
ATP2A2	0.0759364441206181	0.929434823483301	0.994418770791755
ITGA2	0.142808438196518	0.748770931159441	0.974387197337046
PTPN1	0.745939305659117	0.372385457836567	0.954156649230054
CCNA2	1.83588946555066	0.129944217567916	0.954156649230054
M6PR	0.752008045062361	0.36138487387041	0.954156649230054
ME2	0.808075715348433	0.104031469449862	0.954156649230054
ATP5F1A	-1.20606138644776	0.0878653984515752	0.954156649230054
COL8A1	1.02899171660084	0.157309654762084	0.954156649230054
ECHS1	-0.0192450933745931	0.97187591305715	0.996668415258973
ALDH1B1	0.140675330147488	0.814142372244088	0.980597138885862
SDHA	0.370123121168469	0.547649075458577	0.957773341824946
HIBADH	0.432130832989927	0.245231802940106	0.954156649230054
RFC1	-1.57588857253228	0.0214949391826963	0.954156649230054
KRT9	-0.459431680584089	0.412852285426638	0.954156649230054
LONP1	0.45074492111852	0.436508683549155	0.954156649230054
DLST	0.5298664172728	0.325145925299962	0.954156649230054
LRPPRC	-0.0675589974165547	0.911979389061906	0.990949379419767
ACAA2	0.291598210452541	0.576155112374633	0.957773341824946
SLC1A3	-0.639494466294408	0.129707681100644	0.954156649230054
PTPN9	-0.00592866911039636	0.987967396412806	0.997649088893961
TSFM	0.848091545985348	0.339073827097956	0.954156649230054
ATRX	-0.356538985639034	0.424375903594835	0.954156649230054
UTRN	-1.83030319445666	0.0107854003316202	0.908610059048268
LSS	0.199569091434107	0.642389144675375	0.965540679089589
IDH2	0.745617658278249	0.16213184116904	0.954156649230054
ACADVL	0.518423542906326	0.190124982002567	0.954156649230054
LIG3	-1.50974172189169	0.110928485785164	0.954156649230054
IDH3A	0.137886845926342	0.819205269343776	0.981044853239391
EMD	-0.29558780863098	0.576662888501115	0.957773341824946
BCAP31	-0.153101292894057	0.719208219513426	0.974387197337046
VAMP7	-0.139028162205953	0.715708895942345	0.974387197337046
ALDH18A1	1.3916464105697	0.112894274008848	0.954156649230054
HNRNPH2	-0.109344287461994	0.885289579260037	0.986439583248859
OXCT1	-0.137965211840619	0.761719368362344	0.975390222445392
SIK1	-0.21319666222545	0.623000275245916	0.964785148471106
TMEM33	1.23330708858603	0.335402447607697	0.954156649230054
SEC61G	-0.142284868437891	0.838349986473284	0.981044853239391
SPCS3	0.133414845206758	0.848329944252569	0.981044853239391
ATP6V0D1	0.139486593350515	0.825635605061654	0.981044853239391
RRAS2	0.109734126072489	0.841519149156075	0.981044853239391
GNB2	-0.5358731328296	0.231014446176845	0.954156649230054
PITX1	0.369202157502407	0.323995608439871	0.954156649230054
TMF1	1.41854529073539	0.00822027073889835	0.84974774165619
ERH	-0.54166453767052	0.346884958992963	0.954156649230054
RBM10	0.172917895311286	0.798370455410741	0.978411784263191
ATP2C1	-0.885861596746732	0.103781687647565	0.954156649230054
SLC25A3	0.306369017902274	0.764708467642098	0.975390222445392
U2AF1	-0.454069267822995	0.548380763955873	0.957773341824946
ID3	-0.947526994567767	0.182606114807934	0.954156649230054
TOP2B	-0.668706566064436	0.246213802728156	0.954156649230054
MLLT1	0.746536191187889	0.36076331334563	0.954156649230054
TAP1	0.0225138213483334	0.971779698955598	0.996668415258973
ATP7A	-0.514456968245231	0.317034600170878	0.954156649230054
NOTCH2	0.273992252861124	0.555318153535293	0.957773341824946
RAD51	0.146279440305911	0.730960960772518	0.974387197337046
KHDRBS1	-1.02873695668256	0.0709161122784177	0.954156649230054
MGAT2	0.123585966761159	0.765556845512569	0.975390222445392
GALNT1	0.245927960311555	0.675259128377178	0.968238354664746
PMPCA	0.352842605563257	0.528632741049265	0.954156649230054
ST3GAL4	0.634479595860384	0.318110599637582	0.954156649230054
TBL3	-0.044515265397564	0.904070661896058	0.98831427545952
STK3	-0.168032901299725	0.846139005591029	0.981044853239391
GPS2	-0.451573709967906	0.53016662832936	0.954156649230054
TMED1	1.43575417770996	0.213986139966767	0.954156649230054
MOGS	0.533941699202657	0.328755365204035	0.954156649230054
FKBP8	0.443684663922856	0.473107031220522	0.954156649230054
RASA3	-0.629914122853044	0.314889992023735	0.954156649230054
GOLGB1	0.181873096769969	0.854052094877535	0.981044853239391
WTAP	0.0911397205327944	0.830334302493734	0.981044853239391
MAD2L1BP	-0.875401113880212	0.0720764245716534	0.954156649230054
SLC39A14	-0.75890104642383	0.0996274949521902	0.954156649230054
PCOLCE	1.34806050111783	0.104852909223182	0.954156649230054
EBP	0.471926096067961	0.378827966615645	0.954156649230054
TMED2	-0.39341336747983	0.427391708701903	0.954156649230054
SF3A2	-0.788802596383171	0.139306825511646	0.954156649230054
TGFBI	0.914565454524563	0.131308511363034	0.954156649230054
ITSN1	-0.631749553745113	0.306681014155226	0.954156649230054
VAMP3	0.773409935635634	0.2263525919477	0.954156649230054
ATP6AP1	-0.0211962167779838	0.968409992491379	0.996668415258973
SYPL1	0.799379730500284	0.265293983775905	0.954156649230054
IFI16	-0.0178436786739411	0.982207521975297	0.996668415258973
MAN2A1	-0.163307440892805	0.729747339294929	0.974387197337046
CYP51A1	0.33519995216836	0.641356731373523	0.965540679089589
HSD17B12	0.506711944627252	0.496658452516332	0.954156649230054
EAPP	0.290435508481423	0.678299049683694	0.968238354664746
WDR45B	-0.747081438128845	0.0639654902574136	0.954156649230054
FKBP15	0.762038559101761	0.2447183446783	0.954156649230054
DCAF12	-0.175529267495527	0.785834462033162	0.975929842676122
WLS	0.299981300581099	0.492316440525348	0.954156649230054
VPS13D	0.647348162001919	0.536669407479784	0.955251584154251
VIRMA	-0.0145082685158293	0.974351062963963	0.996668415258973
VASN	0.804554671972497	0.0734162111280319	0.954156649230054
LAMTOR1	0.634021140355866	0.384308181546572	0.954156649230054
PPP1R18	-0.783766520870948	0.123652265264053	0.954156649230054
PKN3	-0.962181807063359	0.387631828209827	0.954156649230054
CTR9	0.58364073373308	0.42202678346845	0.954156649230054
DARS2	0.745806618301359	0.219612305636864	0.954156649230054
MTHFD1L	0.293727068394514	0.752994321942635	0.975303568927917
ATF7IP	-0.502161738773744	0.310224698392706	0.954156649230054
AEBP2	0.140324864194021	0.74540413537464	0.974387197337046
QSOX2	-0.0525250165777003	0.892193982752462	0.986439583248859
MMS22L	0.702288490945001	0.102642334019137	0.954156649230054
MED25	0.0165884079845213	0.972535160879605	0.996668415258973
HS2ST1	0.739310828701971	0.237946052962217	0.954156649230054
ATG9A	-0.430289973809167	0.40100569097209	0.954156649230054
TMED4	-2.11302386009237	0.00548494133626639	0.74571079263289
GATAD2A	-0.623615665652622	0.176626098348651	0.954156649230054
CCDC50	0.307987760462993	0.512186618711737	0.954156649230054
MFN1	-0.0893479603980474	0.81765844779488	0.981044853239391
WDFY1	0.100904936855699	0.812902575627997	0.980597138885862
SUGP1	-0.307429523447826	0.666744811551868	0.965742632818693
CCAR1	0.157420830085272	0.670450225437675	0.965742632818693
AFAP1	-0.904621208537829	0.107738750519763	0.954156649230054
ZGPAT	-0.481637844334962	0.223901820300473	0.954156649230054
CPSF7	-0.351387404627335	0.706943719998998	0.973761730603821
ANKRD13C	0.764101868164239	0.278338074652585	0.954156649230054
GOLM1	-0.529523643426764	0.313014145557305	0.954156649230054
POGLUT1	0.165825390490713	0.739252141211834	0.974387197337046
HSD17B11	0.330746260256209	0.653010833605085	0.965540679089589
RETREG2	0.854982008617821	0.319309368599737	0.954156649230054
NECAP1	0.0167751522780009	0.982202512981307	0.996668415258973
MTMR14	0.605066598038004	0.473567316141726	0.954156649230054
DAGLB	0.575705199212912	0.404005157977785	0.954156649230054
CHST14	1.16572572521847	0.0674511454193934	0.954156649230054
MCFD2	-0.160732543736891	0.789007742708474	0.97719961261558
THOC2	-0.0115609109311876	0.984549474411961	0.996668415258973
ABHD4	0.0624069859932739	0.902393285964675	0.988149320361665
SLC35B2	0.389678780492378	0.559585676841371	0.957773341824946
GOLGA5	1.14889858474021	0.219986700034211	0.954156649230054
PI4K2B	0.132569567208058	0.731818961029386	0.974387197337046
GPX8	-0.0565585795473922	0.945580968998692	0.996668415258973
ARB2A	-0.682261989881795	0.380331479909829	0.954156649230054
SNX33	-0.468195052904925	0.428145967666581	0.954156649230054
TRAPPC12	0.750423736455392	0.359699865094397	0.954156649230054
SREK1	0.510708432233358	0.525137465496692	0.954156649230054
GATAD2B	-0.240690664207825	0.705048173335837	0.973761730603821
FAM3C	0.22397956848879	0.570012029125285	0.957773341824946
AKAP1	0.278422905579163	0.512416943759982	0.954156649230054
DPF2	0.722330680607733	0.374222043068535	0.954156649230054
GOLGA1	0.156245341299275	0.681737378193679	0.969532193747946
APBB2	0.261601828241211	0.477021716522189	0.954156649230054
CELF1	-0.0501031562860987	0.942271533521842	0.996668415258973
ATP6V0A1	-0.964883767650832	0.177877938433248	0.954156649230054
PTP4A1	2.03480290125433	0.0154255296935797	0.954156649230054
YIPF5	-0.0397753451768068	0.940456480648675	0.996668415258973
AIDA	0.0848073170381234	0.92933027159571	0.994418770791755
TRIM11	0.0368626521953708	0.955127185977801	0.996668415258973
AURKB	1.02703947899429	0.0619188855573367	0.954156649230054
TONSL	0.215153858181473	0.803279624750804	0.980203469294924
DDRGK1	-0.489840396539819	0.367503845106368	0.954156649230054
TENT5A	0.861389270413426	0.378776292470704	0.954156649230054
CDK5RAP3	0.574690369119111	0.124720612709517	0.954156649230054
NSMCE2	1.65310051555411	0.002051109131561	0.518383647849851
ZNF830	-0.602893725062536	0.282219194457366	0.954156649230054
ANKRD27	1.07775927465452	0.0865884657537808	0.954156649230054
PURB	-2.15368426896586	0.0426425922811264	0.954156649230054
ERGIC2	-0.963891000973717	0.167785777107528	0.954156649230054
RSF1	-1.57937664616134	0.0746489941861377	0.954156649230054
PNKP	0.441838777184742	0.287367412448471	0.954156649230054
UHRF1	0.23604158659931	0.789895427037393	0.977953482657988
COL12A1	1.10802160774568	0.460917172800443	0.954156649230054
ACO2	-0.105352750561387	0.871544860310119	0.986439583248859
TM9SF2	1.29225754498809	0.201838941395512	0.954156649230054
TCF25	-0.689259652563539	0.148512120331317	0.954156649230054
ERP44	0.222851563780051	0.688247195253264	0.969616850054002
YIPF4	-0.0469778769827336	0.962393085180296	0.996668415258973
POLR3GL	-0.536547251232619	0.271713648313141	0.954156649230054
LRRC1	0.386302484364663	0.349082934569599	0.954156649230054
PI4K2A	-0.252508164907205	0.681273422062517	0.969532193747946
PHF23	-0.917911319267127	0.0604227326038925	0.954156649230054
RUSC1	0.0659569633472685	0.916839704822632	0.992217904933656
RTL8A	0.66949300976529	0.255669134115015	0.954156649230054
DOCK9	-0.821502030912839	0.0878109626351766	0.954156649230054
MAF1	-0.138189861416663	0.688275065242882	0.969616850054002
CLPB	-0.114277005589507	0.853553950297516	0.981044853239391
LSG1	-1.53127719223082	0.289538435768563	0.954156649230054
METTL9	0.596737583418488	0.329927451520256	0.954156649230054
IRF2BPL	-0.599369594450771	0.366736004849883	0.954156649230054
GOLPH3L	0.0698011123371529	0.909984983962268	0.990251986764182
ST6GALNAC4	-0.770716494528099	0.342062701222051	0.954156649230054
TMEM165	0.332446961697745	0.622674919068243	0.964785148471106
FBRSL1	-0.0234574180905085	0.958908486350029	0.996668415258973
MRPL47	0.886020501166499	0.19765252308852	0.954156649230054
TM9SF3	-0.86802971687391	0.181712401440584	0.954156649230054
MBNL1	-3.42920821446755	7.02653523044828e-05	0.0443959917643824
AAAS	-0.194854388789537	0.697612393213465	0.971930403313045
SERINC1	-0.373637503503812	0.439561210759403	0.954156649230054
FIRRM	0.781118619701108	0.173582763208528	0.954156649230054
ARL8B	0.35126360401037	0.556459457861733	0.957773341824946
POLR3E	0.425868934601041	0.51643342556813	0.954156649230054
BPNT2	0.799103133591395	0.32932340968093	0.954156649230054
KCTD5	1.25283819977897	0.337186935838395	0.954156649230054
PODXL2	-1.24016661559957	0.00919009691582796	0.84974774165619
SH3BP4	-0.85359434770578	0.43451271553684	0.954156649230054
POGK	-0.479722526543419	0.319107554385465	0.954156649230054
ASH2L	-0.325994200494716	0.656936511256405	0.965540679089589
CTSZ	0.388603535617083	0.669983811675669	0.965742632818693
VTI1B	-0.681431083910631	0.171787805018662	0.954156649230054
PTBP2	-0.252748853755087	0.667327298568846	0.965742632818693
MAN1B1	-0.468454803138918	0.32589387217613	0.954156649230054
RALY	-1.0432050530191	0.175196145114884	0.954156649230054
TMCO1	-0.545705293380188	0.479040025246706	0.954156649230054
SLC12A4	-0.968760343877509	0.0380466745675955	0.954156649230054
SCAF8	-0.657636517879446	0.199450151930308	0.954156649230054
MTMR6	0.133716117707404	0.804087658972981	0.980203469294924
ERGIC3	0.104726715502355	0.897700219634667	0.986439583248859
TRAPPC8	0.846565516366404	0.274089946095771	0.954156649230054
POLDIP2	0.23563525732494	0.798264141423491	0.978411784263191
TMED5	-1.09338016591289	0.278766490647137	0.954156649230054
TMED7	0.307510173271019	0.672659033439803	0.967393928592676
CHTOP	-0.346031573991084	0.631782641618412	0.965540679089589
ATP6V0A2	-0.723603652898134	0.340551136462302	0.954156649230054
LRRFIP2	0.198496589351784	0.704302428538611	0.973761730603821
NCOR2	-0.945698776226862	0.0833604435874402	0.954156649230054
ADGRG1	0.276041071990026	0.639891568990591	0.965540679089589
PRSS21	0.544047012807656	0.43620496937568	0.954156649230054
TOR1A	0.509663651022812	0.228760648823805	0.954156649230054
SLC27A2	-0.445512616872712	0.39621484435743	0.954156649230054
SPTLC1	-0.282010530541079	0.568480358750165	0.957773341824946
BCAT2	-0.15402675656928	0.82528813936513	0.981044853239391
IDH3B	0.852046176750846	0.103900744932249	0.954156649230054
FLOT1	-0.387063266085033	0.549255976750374	0.957773341824946
ATP5MG	0.436126118200598	0.636948394789486	0.965540679089589
CLPX	-1.12060055209832	0.104810603678328	0.954156649230054
RAB3D	-0.0349535279725544	0.91933813538031	0.992372115952948
EGFR	-0.413760849267522	0.271838539455818	0.954156649230054
COL3A1	-1.24010681712873	0.206880545703657	0.954156649230054
ALB	-0.138735028444319	0.893898395931557	0.986439583248859
NDUFS1	-0.535087679767273	0.30923428572926	0.954156649230054
PPIF	0.557446898558005	0.579548833663188	0.957773341824946
HADHA	0.361789879260709	0.455178575139969	0.954156649230054
DAP3	0.698014314299289	0.413679389711199	0.954156649230054
ALDH3A2	0.327648285864786	0.611643612666536	0.960901361064428
RAP1A	0.191890975563211	0.665175358995546	0.965742632818693
SEC11A	-0.584341534256069	0.283933169578539	0.954156649230054
CKAP4	-0.404347840063327	0.472550769938701	0.954156649230054
LGALS3BP	0.433911680855569	0.379726192864407	0.954156649230054
CLPP	0.570177035190728	0.470273298094089	0.954156649230054
NADK2	0.0481614712471696	0.935600700748713	0.996020811828807
RETREG3	-0.239448366988242	0.683830726811865	0.969532193747946
EMC1	0.814536703792122	0.320042757729812	0.954156649230054
NUP35	0.326021337773589	0.493414158104255	0.954156649230054
PNPT1	-1.08273184800004	0.125014600249601	0.954156649230054
GLG1	0.457603180340332	0.389412041131483	0.954156649230054
TBRG4	1.24822514520433	0.336078006031352	0.954156649230054
PTCD3	2.97451042545624	0.0235509570583135	0.954156649230054
YTHDC1	-1.05846788252954	0.041656610625707	0.954156649230054
PPP1R9B	-2.35438685312817	0.0160983791321216	0.954156649230054
PIP5K1A	-0.664943326637847	0.157224518815305	0.954156649230054
PAIP2	0.755457894950503	0.127476521422555	0.954156649230054
CCDC106	1.43298934100749	0.0398162156952401	0.954156649230054
CHID1	-0.315313359514583	0.56011916686356	0.957773341824946
OSBPL8	0.832995602055028	0.297617013916821	0.954156649230054
CPVL	0.27719671081552	0.624450500202337	0.965366861230527
ANTXR1	-0.363829384750566	0.408242617612602	0.954156649230054
SFXN1	0.134365061193343	0.868146682024041	0.985982510119695
MCCC2	0.535803034456571	0.241045591852727	0.954156649230054
MRPL39	1.26399498551623	0.235870163957877	0.954156649230054
DNAJB11	-0.0137173827346899	0.973269828026811	0.996668415258973
PCYOX1	0.408098948239051	0.432785492667192	0.954156649230054
FAM169A	-0.179938442381498	0.825209799589655	0.981044853239391
HACL2	-0.114737745522095	0.84396177482873	0.981044853239391
GTPBP10	-0.0113678548214473	0.977015208030025	0.996668415258973
TPP1	0.521791489732159	0.439637518167967	0.954156649230054
LAMA5	-0.0808737276277327	0.885127541496434	0.986439583248859
SPTLC2	0.398644055569953	0.504457230062513	0.954156649230054
TIMM44	0.401134352368729	0.420834912737482	0.954156649230054
PMPCB	0.220467565604199	0.702018290698708	0.973761730603821
ERLIN2	-0.184112897654732	0.877168585041946	0.986439583248859
GLS	0.57342331642813	0.310892679116137	0.954156649230054
MFN2	0.0129324332978342	0.982118529379945	0.996668415258973
STBD1	-0.229143835289541	0.563102570929275	0.957773341824946
VAPB	0.488275047746708	0.556069283654565	0.957773341824946
ETHE1	0.123848672097441	0.921260669021373	0.99290853080824
C3	0.347015469187127	0.59664735435881	0.957924409741753
KRAS	-2.1763136824016	0.165081463747576	0.954156649230054
TGFB1	0.182073503837344	0.772181453638777	0.975390222445392
COL1A1	1.57520059259617	0.118411353294059	0.954156649230054
ALDH2	0.49737285502065	0.378574947717875	0.954156649230054
ATXN1L	0.0801106556446918	0.828442426773072	0.981044853239391
IFI30	-0.980688600849493	0.353594614066168	0.954156649230054
SDC1	0.0505360418519878	0.933569239994618	0.995916019295354
IVD	0.974683504936522	0.363010827300682	0.954156649230054
AK4	0.0309758906033721	0.964417911077499	0.996668415258973
SGSH	0.0636937906582133	0.849937760775844	0.981044853239391
SUCLG1	0.492247886684709	0.424984145632189	0.954156649230054
SEC61B	-0.215051681016597	0.599327433656843	0.957924409741753
TMEM258	0.238970243281486	0.594650962170969	0.957924409741753
DAD1	-0.723354976704158	0.147743155463121	0.954156649230054
MRPS35	-0.102972712367993	0.843975689645826	0.981044853239391
MRPS9	0.362594434562581	0.524617832047712	0.954156649230054
OGDH	1.21099172606423	0.231971443386581	0.954156649230054
COL16A1	-0.587493242791624	0.313933607627507	0.954156649230054
SPOCK1	0.811066389572073	0.0943271657626403	0.954156649230054
ASPH	0.0820926196961871	0.879224730813944	0.986439583248859
C1D	-0.288532152433746	0.666959553441712	0.965742632818693
NID2	1.34885964284987	0.160232881503492	0.954156649230054
MLEC	1.40704096254255	0.102770737533555	0.954156649230054
SEMA3A	1.68359816239708	0.0827685725620462	0.954156649230054
LBR	0.155806565343909	0.768677842112166	0.975390222445392
TMEM41B	-1.55620307319474	0.0270379108853414	0.954156649230054
MEST	0.623127151301809	0.300184593762999	0.954156649230054
AARS2	1.11190863951311	0.257797135182122	0.954156649230054
TRMT10C	0.195805273427627	0.76761878174927	0.975390222445392
ZBTB33	-1.09058747267991	0.129328430929796	0.954156649230054
GPR180	-0.750206371732183	0.157086120058626	0.954156649230054
CISD2	-0.560221267815255	0.221035072908116	0.954156649230054
PHC3	-0.0342247079186926	0.93067734074628	0.994418770791755
SPRYD4	1.08710007110975	0.118393279022989	0.954156649230054
PXDN	0.553817876474081	0.329991501183557	0.954156649230054
P3H4	1.1329296173972	0.234130945292795	0.954156649230054
NCLN	0.126966986216537	0.897330572889425	0.986439583248859
TMEM41A	0.337796486868996	0.397349990810419	0.954156649230054
SUCLG2	0.509329365067718	0.470241943862001	0.954156649230054
TMX3	1.68634138694759	0.100562766629609	0.954156649230054
DNAJC1	0.840766599054785	0.371884452776059	0.954156649230054
B3GALT6	-0.621388721340935	0.143872029125201	0.954156649230054
PIGS	0.566103000312371	0.53758689675685	0.955966700038622
SDF2	0.124494401810868	0.850983966046818	0.981044853239391
NEU1	0.0802567617460035	0.905638224584001	0.98913123290059
PRXL2A	0.606717905543043	0.251857015692701	0.954156649230054
FUNDC2	-0.560456962590735	0.316900725973892	0.954156649230054
HDHD5	-0.256581300164168	0.711223888898179	0.974387197337046
SIL1	0.319602328232506	0.455688972563754	0.954156649230054
SMOC1	-0.13344637621735	0.843445586778795	0.981044853239391
TFB2M	0.827831021866878	0.280317233292814	0.954156649230054
CCDC134	-0.014982816177973	0.979552052125642	0.996668415258973
NT5DC2	0.984040573214692	0.0279051332652007	0.954156649230054
TMT1A	0.242182537588217	0.634279746605365	0.965540679089589
L2HGDH	0.476196876608181	0.546899358472132	0.957773341824946
CARS2	0.943755831686058	0.466313165903028	0.954156649230054
IARS2	0.676931218253003	0.104516290967266	0.954156649230054
DECR2	0.331390048275249	0.64954422517887	0.965540679089589
ABHD10	0.777175227018688	0.267452316103381	0.954156649230054
OXSM	1.28383814249771	0.37529953317591	0.954156649230054
CHCHD3	0.12069413504215	0.883724024500948	0.986439583248859
FKBP11	-0.0877210776619322	0.845423372669876	0.981044853239391
FASTKD2	0.862568273424948	0.290052528714439	0.954156649230054
HACD3	-0.554946042769615	0.739191351545874	0.974387197337046
SEC63	0.732155388936018	0.14422661111932	0.954156649230054
MRPS17	1.02672800116456	0.104560489988447	0.954156649230054
ACOT9	-0.025930115850695	0.974214446503848	0.996668415258973
MRPS2	0.655763403060728	0.194646599456818	0.954156649230054
MRPS23	1.25005771784924	0.18365933466295	0.954156649230054
TMED3	-0.222570449933077	0.726144634771042	0.974387197337046
SRPRB	-1.01902688698538	0.247072007177764	0.954156649230054
ALG5	0.00247329566199284	0.9958931264136	0.999241780714878
NDUFS3	0.586849709966593	0.244645358291596	0.954156649230054
UQCRC2	0.410896317766234	0.660997527378083	0.965540679089589
MRPS34	0.752784534917915	0.263290784355687	0.954156649230054
ZNF460	-0.338865434305273	0.480427814899312	0.954156649230054
NCSTN	0.407821870727723	0.284303483466505	0.954156649230054
MAK16	-0.196419568805968	0.716286502456626	0.974387197337046
MRPL1	-0.734998508596021	0.516303801417848	0.954156649230054
SLC25A13	-1.0136530775887	0.270225598770924	0.954156649230054
VDAC3	0.41953053817484	0.552055210262726	0.957773341824946
VWA8	0.757976105029471	0.277841243400512	0.954156649230054
NUDT19	0.148816025237732	0.686350420295675	0.969616850054002
SLC35A4	0.228745684810079	0.728353656631268	0.974387197337046
HAX1	0.312224132229417	0.65284720429549	0.965540679089589
NDUFS8	1.16654214893333	0.0444934441282418	0.954156649230054
TNFRSF10A	1.92256952924818	0.12305860822276	0.954156649230054
MANBA	0.548762751175413	0.320554674324504	0.954156649230054
AGRN	-0.0973054544805301	0.883703966726191	0.986439583248859
BCL9	0.858833239921424	0.309620928826551	0.954156649230054
RNASET2	0.445137653863988	0.642796713792023	0.965540679089589
CES2	0.388009549711278	0.479423323507519	0.954156649230054
MAN2B1	1.89701104215802	0.017713323539368	0.954156649230054
ASTN1	-0.85008201786259	0.250487275209316	0.954156649230054
NDUFAB1	-0.0320813398943578	0.970746750106178	0.996668415258973
TOR1B	0.00903008091846402	0.985626454446291	0.996668415258973
ACOT8	0.704903189825025	0.084474433476392	0.954156649230054
PHYH	-0.118773141233472	0.813784943404032	0.980597138885862
UQCRQ	-1.13902590337594	0.091636490665508	0.954156649230054
RAB29	0.333057687130239	0.705645464169267	0.973761730603821
NPC1	1.18478014683623	0.198843583514984	0.954156649230054
GNPAT	0.56661923173252	0.30115590056478	0.954156649230054
ACOX3	2.24196355126085	0.0446423392718026	0.954156649230054
TM9SF1	0.592929678964389	0.521765886584428	0.954156649230054
TAPBP	-0.871689552198774	0.0788510023446828	0.954156649230054
GPAA1	-0.000726361049309787	0.999202600500954	0.999405290343617
TRIAP1	0.441822675236292	0.567646771281634	0.957773341824946
GATC	1.2681934963455	0.229720606394651	0.954156649230054
HYAL3	-0.402333125067798	0.357537254275105	0.954156649230054
TLL1	-0.781041488438859	0.192690593588664	0.954156649230054
OPA1	-0.235481009840999	0.604636021790525	0.957924409741753
NRP2	-1.06191466216996	0.0227819574644884	0.954156649230054
B4GALT3	-0.578334223742395	0.438002552681426	0.954156649230054
PRAF2	0.295761373235862	0.57135324611816	0.957773341824946
COQ9	0.914167742397225	0.164894050132786	0.954156649230054
RTN2	0.176372589132999	0.802588608716776	0.980203469294924
NDUFS2	0.86686757491006	0.241564957210584	0.954156649230054
MPDU1	-0.768972340712569	0.0615056849071835	0.954156649230054
ENTPD5	0.394488733850981	0.566706082049915	0.957773341824946
LRCH4	-1.84539636646641	0.0041843445839045	0.658737358299425
CRLF1	1.61632887541501	0.0124679797168263	0.945322222129767
CLN5	1.32044328022771	0.0315994846146985	0.954156649230054
CRTAP	-0.172004898187016	0.778098705493971	0.975390222445392
ATRN	0.534408197816809	0.480271384188527	0.954156649230054
DHRS3	-0.226067796488266	0.818105451423689	0.981044853239391
PRKD3	1.04894196269827	0.149167554059952	0.954156649230054
LRIG2	0.05282905284961	0.892815485877351	0.986439583248859
ENDOD1	-0.722949823318295	0.10566085032179	0.954156649230054
PRSS23	0.269340374586889	0.548848472696253	0.957773341824946
UBL3	-0.0453501055053849	0.910843755696835	0.990251986764182
RTN3	0.401693056841097	0.554858039669419	0.957773341824946
LETM1	0.689244596866949	0.377818869614824	0.954156649230054
CTDNEP1	1.03079951167145	0.156655850573376	0.954156649230054
H6PD	-0.152078365378063	0.809332882318722	0.980285273914415
AGR2	-0.125688623722013	0.855371357584307	0.981044853239391
TOMM40	-0.106722453548425	0.840792022241379	0.981044853239391
CYB5A	0.0942409994427642	0.868138755839497	0.985982510119695
MT-CO2	1.91119022933673	0.00636209887659262	0.753709901286332
CST3	-0.0304898354340111	0.948922348235759	0.996668415258973
CGA	-1.06963571733239	0.352734781273894	0.954156649230054
MBP	-0.138662877498103	0.889062293192112	0.986439583248859
FUCA1	0.177840276754459	0.630776587160316	0.965540679089589
SLC4A2	-0.166793980902796	0.725962533044966	0.974387197337046
APP	-0.368452246440231	0.599523854771226	0.957924409741753
SERPINE1	1.33232088930112	0.0186720463798304	0.954156649230054
PCCB	-0.302942009335247	0.713004559918032	0.974387197337046
COL5A2	-0.131915227508316	0.87377684907339	0.986439583248859
BCHE	0.846294623856878	0.317540440808358	0.954156649230054
SERPINE2	0.73681773656703	0.155627392536998	0.954156649230054
THBS1	1.43845204769579	0.0238849821333824	0.954156649230054
GUSB	0.505311807300721	0.290704337871205	0.954156649230054
MMP2	-0.618195255395385	0.174250007464472	0.954156649230054
CYC1	-0.950947194116921	0.241722936078275	0.954156649230054
MET	0.815680712563562	0.226270034375209	0.954156649230054
CFH	-0.476283498799098	0.232483927144215	0.954156649230054
PRSS56	0.845117220520123	0.287737314820106	0.954156649230054
GATD3	-0.7297416044023	0.262743064249506	0.954156649230054
ACP2	0.392849441255613	0.652565333351009	0.965540679089589
COX4I1	0.00573990328397045	0.994456061703646	0.999241780714878
BMP1	0.487205682931943	0.448837660115445	0.954156649230054
CYBA	0.155929291194521	0.783494023415968	0.975793754249777
PVR	0.314009548814845	0.568950508308315	0.957773341824946
ARSA	0.748382587614941	0.218167918939862	0.954156649230054
ARSB	0.696846649015839	0.139067178607769	0.954156649230054
TIMP2	0.816446458699474	0.539257392563306	0.955966700038622
CPE	-0.779726358790739	0.296401205945743	0.954156649230054
SMPD1	0.335626179568536	0.652205282198501	0.965540679089589
ENG	-0.109896954184464	0.821473989229624	0.981044853239391
PAM	-0.232776777898863	0.774215752417773	0.975390222445392
CDH2	-1.09873469894767	0.247915618172935	0.954156649230054
NDUFV2	0.173791066032653	0.699551496649005	0.972853897210704
IL11	1.82944865821489	0.0120913540888251	0.935475986749716
C4BPB	-0.371772044364324	0.331829134645695	0.954156649230054
COL5A1	2.43597914146709	0.148488504150068	0.954156649230054
BGN	1.47038630263714	0.0823851741352594	0.954156649230054
COMT	0.513430937933784	0.438002783524157	0.954156649230054
MMUT	-0.912308778834749	0.456650165453419	0.954156649230054
FGFR4	0.73964385051622	0.266570076226876	0.954156649230054
GAL	-1.39046386336276	0.00768714555721366	0.84974774165619
CES1	-0.587869988214287	0.171013028258919	0.954156649230054
FBLN1	-0.0711713742053917	0.946512985944283	0.996668415258973
PTGS1	-0.0187912928050054	0.961704161148129	0.996668415258973
CPT2	0.429303910714626	0.658790983264067	0.965540679089589
CTSS	0.390668976284815	0.567643545057574	0.957773341824946
LOX	1.09557668137452	0.223283403705538	0.954156649230054
GRN	-0.789717479012786	0.25311503755332	0.954156649230054
PCSK6	-0.191257365045047	0.803744848444565	0.980203469294924
COL4A5	-0.968028608670849	0.0250765385240437	0.954156649230054
ATP5F1D	-0.850517021664302	0.282793667464316	0.954156649230054
CHRNA5	-0.288160249538436	0.493241618163149	0.954156649230054
GALNS	0.40227539830526	0.443641356130239	0.954156649230054
PTGS2	0.516771333245948	0.263132667974782	0.954156649230054
FBN1	0.151927567504323	0.778573499402284	0.975390222445392
FBN2	-0.745011469505897	0.14485207498437	0.954156649230054
HMGCL	0.787745231136213	0.143831013165708	0.954156649230054
CPOX	0.080096313309312	0.871628994951559	0.986439583248859
SREBF1	0.620700442247347	0.17435814096436	0.954156649230054
COL18A1	-0.422822305287141	0.288160768503082	0.954156649230054
ECE1	0.532864533432861	0.367982170775309	0.954156649230054
SLC1A4	0.470879775922359	0.256555023287775	0.954156649230054
BTD	-0.357224285603635	0.358549005969387	0.954156649230054
GPD2	0.498181591651576	0.737138688173992	0.974387197337046
UQCRFS1	-0.721913836947568	0.420505236125006	0.954156649230054
ATP5PO	-0.00412157699691917	0.996455536961016	0.999355275296088
MRPL19	0.56207770323698	0.310045431241388	0.954156649230054
ACOT1	-0.0345975456772933	0.956552027969073	0.996668415258973
NDUFV1	0.855027570987602	0.0339722817044352	0.954156649230054
SLC26A2	-0.144305494616123	0.697531940762479	0.971930403313045
BCAM	-0.388008329361792	0.380263477285766	0.954156649230054
SUOX	0.353689930354466	0.580927454462299	0.957773341824946
LUM	0.046217852157092	0.915435331781644	0.991623801537272
NDUFA8	-0.492319622161553	0.53352653480425	0.954156649230054
MRPL12	0.284665296615444	0.768589741774638	0.975390222445392
CACNA2D1	0.657705683771205	0.290752641278287	0.954156649230054
EPHB4	-0.334510182906918	0.433973883086426	0.954156649230054
GALC	-0.549960955065657	0.199986999802097	0.954156649230054
SLC12A2	-0.0560263138901362	0.942069683159392	0.996668415258973
HADHB	0.0381312290571927	0.957693872844879	0.996668415258973
LAMB2	0.637500178580037	0.426041781106841	0.954156649230054
GFER	-1.65385484368338	0.017775868734503	0.954156649230054
ATP5MF	-0.0284375702100697	0.970288581390238	0.996668415258973
ITGA1	1.21029191925079	0.115814176717811	0.954156649230054
ATP5ME	0.537880619817031	0.435508850219371	0.954156649230054
HSD17B7	1.31474052043549	0.0867939667627305	0.954156649230054
TGFB2	-0.854667377014941	0.0903591125624911	0.954156649230054
NPC2	0.760722149875249	0.285027303810048	0.954156649230054
CXADR	0.462960548460199	0.669767815645866	0.965742632818693
GPC5	0.685049373918147	0.588107268276683	0.957773341824946
ADAM17	0.303584818904366	0.451575099510662	0.954156649230054
BLOC1S1	0.31078044644299	0.563326458202318	0.957773341824946
NUCB2	0.552909078518397	0.297889820825491	0.954156649230054
MXRA7	0.487079967700261	0.604636984639814	0.957924409741753
HSPG2	0.549303568960344	0.338459682830138	0.954156649230054
TFAM	0.0629740034849604	0.889280155995479	0.986439583248859
CDC42EP1	0.32207128743169	0.377127749350838	0.954156649230054
NAAA	-0.145758113062783	0.947849206512928	0.996668415258973
SLC25A11	0.474366343286761	0.721867608637127	0.974387197337046
LMNB2	-0.236316807298106	0.770272672039636	0.975390222445392
PLAUR	1.26474271565881	0.127557132155707	0.954156649230054
KDSR	0.586721503275282	0.25674771415268	0.954156649230054
LRP1	-0.0565099676268517	0.921656848416486	0.99290853080824
HYAL1	1.31324747766761	0.0864412012956536	0.954156649230054
EFEMP1	0.207847027275825	0.566521184810487	0.957773341824946
STX4	-0.753781939917797	0.566638276651516	0.957773341824946
PTPRJ	0.262792055475064	0.622684455396195	0.964785148471106
BNIP1	0.141455515812837	0.854862712894466	0.981044853239391
DNAJC3	0.0864340737577187	0.838503938215625	0.981044853239391
MRPL49	-0.352743599637648	0.420984991750505	0.954156649230054
MSLN	-0.091871065868645	0.856382213435285	0.981422300826229
SLC39A6	-3.5335915952542	0.00322645650387987	0.582452219343267
OS9	0.222427120463543	0.682588405219301	0.969532193747946
ADAM15	0.0190734914699036	0.97664150994519	0.996668415258973
MTX1	-0.0265776960745789	0.944507124921047	0.996668415258973
ASAH1	0.942297599029679	0.186693809934163	0.954156649230054
MTMR3	0.205537507347103	0.709348574518108	0.974387197337046
LAMB3	0.0846125004680687	0.90551253359891	0.98913123290059
ARFRP1	0.241321468242653	0.57439263710299	0.957773341824946
SCARB2	0.483055590461856	0.363383630739983	0.954156649230054
FLOT2	2.55284287508377	0.320922812617135	0.954156649230054
RCN2	0.618699420236791	0.239637128142698	0.954156649230054
GNA13	0.434226307485861	0.538869107408871	0.955966700038622
FAT1	0.54486061654757	0.478772015022639	0.954156649230054
SQLE	0.0125976040597742	0.984160924932499	0.996668415258973
ITIH4	-0.0908601621859084	0.887901800908259	0.986439583248859
BLTP2	-0.49233995826453	0.519691809532557	0.954156649230054
MESD	0.0470054980857135	0.935870282451035	0.996020811828807
LTBP1	-0.635356381089721	0.182574848988987	0.954156649230054
SLMAP	-0.834370414805491	0.554625112910923	0.957773341824946
HERPUD1	0.842895041265422	0.304208047347943	0.954156649230054
PON2	0.822537003678473	0.167456613758216	0.954156649230054
EPHA7	-0.846637547597744	0.320921976247842	0.954156649230054
RAB30	-0.938967048186367	0.0297140270602797	0.954156649230054
NPTX1	0.036860714400806	0.953944645610187	0.996668415258973
ECM1	0.0936498382703945	0.814488583337402	0.980597138885862
TST	-0.619920165697216	0.26735589121699	0.954156649230054
LAMA3	0.453123516686759	0.514689478696298	0.954156649230054
PCK2	1.49472577163471	0.112277176337651	0.954156649230054
UGT8	1.28597172260072	0.242132579360962	0.954156649230054
IMMT	-0.661920384276982	0.0966617042054028	0.954156649230054
ALG11	0.610377498993618	0.394581503998723	0.954156649230054
PGS1	0.553651187768065	0.266643618052533	0.954156649230054
HSDL1	-0.28775606389484	0.714108100503111	0.974387197337046
TIMM50	1.61879262766986	0.140643556862522	0.954156649230054
POFUT4	1.52892964930182	0.159450621670113	0.954156649230054
COX19	-0.847133941397782	0.147595526327415	0.954156649230054
GXYLT1	0.616681205481179	0.393090637903175	0.954156649230054
SVEP1	-0.437395604107223	0.45900777406092	0.954156649230054
GPAT3	0.283022851692277	0.508729237642833	0.954156649230054
PIGG	0.246878930951446	0.712816504414578	0.974387197337046
MIA3	0.447286660920692	0.657437237638063	0.965540679089589
PITRM1	0.478743146990592	0.576285612565008	0.957773341824946
EOGT	0.137989676144539	0.808627760538566	0.980285273914415
PPP1R15B	0.592946765567188	0.411373185877701	0.954156649230054
ODR4	0.370030585524617	0.583658429808272	0.957773341824946
TPRG1L	0.746066277221203	0.27652018777429	0.954156649230054
THEM4	0.351287653692012	0.49397422220543	0.954156649230054
CERCAM	0.295749020697865	0.542178902162434	0.957773341824946
ZFYVE27	-0.0649693273288428	0.913148807800641	0.990949379419767
CACHD1	-0.192518424964799	0.684031993122257	0.969532193747946
CDKAL1	-0.593017070219581	0.286236330275404	0.954156649230054
LPCAT4	-1.02702530322026	0.0586046357506794	0.954156649230054
OLFML2A	-0.683657733517517	0.295407325915501	0.954156649230054
MBLAC2	1.17756292597356	0.0318907636449237	0.954156649230054
TTC19	0.874532877857526	0.376917300833391	0.954156649230054
MCTP2	1.74964946253843	0.0824235823977829	0.954156649230054
DHRS7B	0.115045179361623	0.771881459553982	0.975390222445392
FSTL4	0.233407679682347	0.493451434921764	0.954156649230054
RETSAT	0.0252308158762418	0.952027245360961	0.996668415258973
TMEM214	-0.266215619132694	0.574730196433375	0.957773341824946
TCTN3	0.112320768824489	0.89563774362475	0.986439583248859
SLC27A4	0.387994939991529	0.533741799681666	0.954156649230054
NCEH1	0.273415287287342	0.649203145139743	0.965540679089589
CNST	-0.234083137639516	0.570120096871869	0.957773341824946
TXNDC11	0.0163065913328708	0.984581293518103	0.996668415258973
CYP20A1	1.68360320668598	0.129519616477707	0.954156649230054
TMEM205	0.515272114224924	0.545084945226557	0.957773341824946
LCLAT1	0.19518830654637	0.742049631395705	0.974387197337046
GLB1L	0.920246827329912	0.207746777701507	0.954156649230054
CES3	0.501062763216076	0.25597998423847	0.954156649230054
ARSK	0.290105527006489	0.400357302751544	0.954156649230054
TMT1B	-1.00071624265579	0.0742451642474233	0.954156649230054
SEZ6L2	0.361900806150576	0.428219156621067	0.954156649230054
CRELD2	-0.277301273704687	0.612591888019502	0.960901361064428
B3GLCT	0.226843997931333	0.766662160218337	0.975390222445392
CD109	0.620567634142311	0.512683984141609	0.954156649230054
GK5	0.843684003122291	0.285989587845242	0.954156649230054
ACAD11	-0.0584879904348377	0.878688595380621	0.986439583248859
LPCAT2	0.199395997932186	0.713257242039726	0.974387197337046
ERMP1	1.22367390627625	0.0807565037254577	0.954156649230054
MRPL21	-0.884302118345769	0.393456329444734	0.954156649230054
POGLUT3	0.385009261910248	0.353566590243554	0.954156649230054
P4HA3	0.716505880288594	0.299884236177586	0.954156649230054
MEGF8	-1.46372939835999	0.208239069421926	0.954156649230054
GALNT7	0.941019512712053	0.25356756386602	0.954156649230054
ADGRG6	0.305383711415708	0.585736716527881	0.957773341824946
DHDDS	0.428648675996516	0.587795959116516	0.957773341824946
GALNT10	1.14324455485025	0.0917173626048089	0.954156649230054
GLRX5	-0.607468737191439	0.204489751612443	0.954156649230054
OAF	0.180820600170239	0.70401265652849	0.973761730603821
GPAT4	-0.272173014537113	0.747326854504989	0.974387197337046
TRABD2A	0.331921451219863	0.363977352849513	0.954156649230054
LONP2	0.32709629133236	0.64144823540833	0.965540679089589
OSTM1	-0.00646954536763644	0.993794149377113	0.999064868811625
P3H2	0.422873830264827	0.53186994871911	0.954156649230054
P3H3	1.25883586342552	0.199449138831183	0.954156649230054
FUNDC1	0.722932657882446	0.364337973741327	0.954156649230054
ITPRIP	-0.387339034463558	0.391840521905393	0.954156649230054
TEX2	0.506993994825102	0.453142003908792	0.954156649230054
FOXRED2	0.72477469432382	0.295760771309317	0.954156649230054
SULF2	-0.230162595055692	0.718161183436073	0.974387197337046
MSRB3	0.12660601639271	0.85887570794516	0.982396931890252
TMEM192	-0.753526964378445	0.163567332512316	0.954156649230054
MICU2	0.682686278291047	0.294819898820232	0.954156649230054
CHPF	0.427542504269063	0.665459259224459	0.965742632818693
ELMOD2	0.529183804258718	0.520147951530654	0.954156649230054
RDH10	0.374300402625607	0.3759039129093	0.954156649230054
VKORC1L1	-0.71989961003478	0.201620336915777	0.954156649230054
GHDC	0.0347328477186508	0.918640810842236	0.992277358099386
ABHD12	-0.656883678953271	0.107574895987505	0.954156649230054
SDR16C5	-0.0415927644404164	0.935182940071329	0.995916019295354
PTGR3	-0.191776128565849	0.742881121298723	0.974387197337046
CHCHD4	-0.0686840421836976	0.93638042030015	0.996020811828807
DHRSX	-0.658432525441807	0.362999154850454	0.954156649230054
FAM241A	-0.697291221858912	0.165512749229727	0.954156649230054
GDPD1	0.0393256027239595	0.960373431076348	0.996668415258973
ACOT4	0.471907236383881	0.244038363282519	0.954156649230054
XXYLT1	0.471253300545619	0.498914972846804	0.954156649230054
SUMF1	-0.139043673918692	0.716008079010372	0.974387197337046
PCYOX1L	0.612490458493404	0.416884248009785	0.954156649230054
TMEM87A	1.5044634840095	0.131642378360497	0.954156649230054
RDH13	0.396959772278496	0.670843009624954	0.965742632818693
TTC13	1.21579968989744	0.156982317290586	0.954156649230054
UXS1	0.0178044546959839	0.96860035437848	0.996668415258973
KCT2	0.608032471297385	0.212992416979242	0.954156649230054
PLA2G15	0.381557288705054	0.471378543466764	0.954156649230054
PDPR	-0.0410922011664461	0.949186654364385	0.996668415258973
KREMEN2	-0.184626577083677	0.642410520548742	0.965540679089589
DIPK2A	0.746334039032703	0.277833495491275	0.954156649230054
PDZD8	0.561081225573592	0.442918304873852	0.954156649230054
ABHD11	-0.282872580777756	0.629995242891228	0.965540679089589
DNAJB14	0.907169786495658	0.215589821333675	0.954156649230054
NUP210	0.699920322722583	0.268623724356297	0.954156649230054
USP33	0.371475032745273	0.578915959901367	0.957773341824946
ABHD3	-0.507520799183755	0.217568489869542	0.954156649230054
TSKU	0.814758767143982	0.19469945469899	0.954156649230054
CHPT1	-1.05401999014677	0.0285021642755207	0.954156649230054
SLC38A5	0.476573676315283	0.530578504154398	0.954156649230054
THEM6	-0.648250759207087	0.231845150953298	0.954156649230054
NUDT8	0.796200557382942	0.21195248239117	0.954156649230054
DCAKD	0.525716035620675	0.30912416929424	0.954156649230054
FAR1	-0.511452184994766	0.282174386630613	0.954156649230054
SLC44A1	1.12501756835919	0.104767414696148	0.954156649230054
SELENOM	-0.00414007654575244	0.99209971780466	0.99864119708292
BRI3BP	0.0467136067223493	0.957797116906966	0.996668415258973
CHCHD10	-0.921533303641755	0.0468193474931605	0.954156649230054
CCT6B	2.94808910136116	0.0010598127612519	0.286982155564711
SNX19	0.420480071925429	0.449563412583579	0.954156649230054
TM9SF4	0.873190927564668	0.160825587045351	0.954156649230054
UBXN4	0.835162075782605	0.391142091974803	0.954156649230054
EDEM1	-0.186637709930544	0.701710648754187	0.973761730603821
NECTIN2	-0.396463426549808	0.533290700070444	0.954156649230054
GCDH	0.116271616966515	0.844154186398213	0.981044853239391
PIGT	1.40075321390449	0.2382349410661	0.954156649230054
GTPBP3	0.633378608925916	0.237961596106177	0.954156649230054
ISOC2	0.669274332231261	0.349686317836769	0.954156649230054
PNPLA2	0.561532889722052	0.390944065761076	0.954156649230054
TTC17	0.495490454088866	0.194688916070126	0.954156649230054
ARL8A	1.15715300088317	0.0919975797299861	0.954156649230054
COA7	-0.46333855595994	0.480422384029044	0.954156649230054
TIMCC	-0.583679553837378	0.310834401744679	0.954156649230054
FAF2	-0.268495258700788	0.807067982078852	0.980203469294924
FAM241B	-1.13787153347051	0.11681352111507	0.954156649230054
RSPRY1	-0.359469377567887	0.479930624749256	0.954156649230054
ERLEC1	0.486220414830843	0.57053189113917	0.957773341824946
NUS1	0.458362301077457	0.461190284219839	0.954156649230054
C1GALT1C1	-0.393650741400577	0.4457542198914	0.954156649230054
DNAJA3	-1.39453977638158	0.0189974301169133	0.954156649230054
MMAB	0.131342957051043	0.784475009157454	0.975929842676122
ALG14	-0.702965378066924	0.123565719501014	0.954156649230054
CERS2	-0.0529376536985708	0.90052509371261	0.987591145438116
REEP6	0.499433510641218	0.520697999974537	0.954156649230054
HPDL	0.0985302032241968	0.878991980667918	0.986439583248859
TXNDC15	-0.282500695052157	0.493495222018753	0.954156649230054
SLC35E1	-1.65948878210886	0.0398736235307082	0.954156649230054
DHRS1	0.256249022156315	0.702449815651196	0.973761730603821
TMEM68	0.679555040668635	0.207363994257815	0.954156649230054
MBOAT7	-0.146369088657426	0.783572834834397	0.975793754249777
MIA2	-0.00595210564625503	0.988175238405915	0.997649088893961
SLC38A2	0.196403469499266	0.658770596821325	0.965540679089589
VPS13A	0.466235642496919	0.291472585025377	0.954156649230054
CLCC1	0.0929252973966896	0.891238371102212	0.986439583248859
MYADM	0.205213547175276	0.633488992583478	0.965540679089589
CYP2S1	-0.616216707063352	0.458485228104684	0.954156649230054
CDK5RAP1	-0.928981035336982	0.13787084954249	0.954156649230054
YME1L1	0.581690175143972	0.488262003099522	0.954156649230054
PAFAH2	0.765650715289965	0.179179373454025	0.954156649230054
SERPINI1	0.330679102629368	0.590895787193251	0.957924409741753
PKMYT1	0.090586075545751	0.849626290138149	0.981044853239391
OSMR	0.748162440872587	0.301654025446599	0.954156649230054
CGREF1	0.492453137916467	0.542811535985306	0.957773341824946
SIGMAR1	0.502732901837319	0.44199915637714	0.954156649230054
TIMP4	-0.772131988720393	0.103620896055971	0.954156649230054
MIPEP	-0.500097323144502	0.350310356582537	0.954156649230054
SLC29A1	0.835799364310283	0.143309277442282	0.954156649230054
CIB1	0.647286662396073	0.188786355985765	0.954156649230054
RNF5	1.05488030717107	0.0516876613201439	0.954156649230054
SEMA3C	-0.228865893404389	0.642117437635176	0.965540679089589
ADPGK	0.598710610850432	0.346123361529786	0.954156649230054
PRADC1	1.04874105889693	0.116662166014503	0.954156649230054
CHCHD5	-0.0050315853695686	0.994965467960437	0.999241780714878
DESI2	-0.696596321643682	0.361022760765094	0.954156649230054
ALG1	-0.501239837206171	0.300651753924164	0.954156649230054
INPP5K	0.290312208231725	0.686695545854152	0.969616850054002
NDC1	0.32836131783413	0.569796304514915	0.957773341824946
FUCA2	0.245936737932158	0.625203873868895	0.965366861230527
DHRS4	1.20706349347371	0.326162629797242	0.954156649230054
LMF2	1.15097672986562	0.13436248713644	0.954156649230054
DERL1	-0.433511417402425	0.303523624377371	0.954156649230054
ABHD6	-0.078482577687339	0.924819403600039	0.99290853080824
EDEM2	0.61600845879552	0.428624263472695	0.954156649230054
TMEM109	0.696695581459903	0.274037631048098	0.954156649230054
C1QTNF6	0.286498621317996	0.636339807266228	0.965540679089589
BCL2L13	-1.8462464619806	0.145561469179853	0.954156649230054
PECR	0.492510708333477	0.455403972573288	0.954156649230054
MRPL20	0.0428648942611005	0.914657889456246	0.991623801537272
MRPL37	0.61567762625392	0.625953730775286	0.965366861230527
EDEM3	0.308501474196664	0.521476993158045	0.954156649230054
SELENOI	0.552350814159791	0.205203876618344	0.954156649230054
LNPK	0.0364929985380158	0.955572719572924	0.996668415258973
TTYH3	0.856297362436063	0.294660052410895	0.954156649230054
SLIRP	-0.370002098867342	0.626500931118806	0.965366861230527
SLC22A4	0.594835705840705	0.250690228164994	0.954156649230054
UNC93B1	-0.105024299632433	0.802328964279443	0.980203469294924
TMX4	0.6053538973181	0.435141707793212	0.954156649230054
SLC38A1	0.370092662487234	0.50085695069818	0.954156649230054
SPNS1	-0.433342272801831	0.306222651738144	0.954156649230054
MRPL46	0.642189966156195	0.411167051568205	0.954156649230054
SNX25	0.908005269169919	0.335904202477943	0.954156649230054
TOR3A	-0.0442221391224571	0.941527593256554	0.996668415258973
TRABD	0.971660513675353	0.262630143931138	0.954156649230054
ALG2	-0.690077388680482	0.241137224161051	0.954156649230054
POMK	0.668891645230318	0.495468651239475	0.954156649230054
RETREG1	0.221240934705346	0.580165270221286	0.957773341824946
NAA60	0.497217298221472	0.380529403969855	0.954156649230054
ACAD9	0.229014210751036	0.555236222423023	0.957773341824946
MRPL44	-0.213331150237508	0.821231593920177	0.981044853239391
SIAE	0.691513586666304	0.376189847259828	0.954156649230054
ZFYVE1	1.25456938174897	0.0837191434252662	0.954156649230054
RDH14	-0.67204715294892	0.177997963994696	0.954156649230054
GBA2	-0.379585231158476	0.577708272828397	0.957773341824946
SDF2L1	-0.0397990704448219	0.958007681784467	0.996668415258973
PREB	0.1663994959553	0.822885487004537	0.981044853239391
TXNRD2	0.666730969326778	0.28394854710191	0.954156649230054
ABCB6	-1.46291657270571	0.120511044338358	0.954156649230054
ALG13	-0.419200895167457	0.377627728452777	0.954156649230054
PNPLA8	1.04476718622358	0.210228955761749	0.954156649230054
SARS2	0.144407079792856	0.896685478539096	0.986439583248859
CD320	0.0580836305853047	0.93249649694285	0.995801188707139
ACP6	0.285794487858155	0.462883768340725	0.954156649230054
GPR108	0.314416721726708	0.440966426327409	0.954156649230054
MIEF1	0.0620898501747114	0.941805878065492	0.996668415258973
SDR39U1	0.144722284562	0.880610621685811	0.986439583248859
DUSP22	0.766923302073124	0.212405861630165	0.954156649230054
GLRX2	0.0216474221450369	0.972796810546981	0.996668415258973
SACM1L	0.233225766971245	0.602735417220607	0.957924409741753
TMEM106B	-0.0129778190788912	0.982535292821732	0.996668415258973
UFSP2	0.338237613970712	0.600751105937352	0.957924409741753
SPTLC3	0.859427469920739	0.36865296193746	0.954156649230054
TMEM30A	-0.0208226522749264	0.970075182763538	0.996668415258973
ATAD3A	-0.599116947006383	0.272300439130601	0.954156649230054
FKBP14	0.65897141073966	0.305359159271685	0.954156649230054
MRPL22	-0.195866962352323	0.677076712361518	0.968238354664746
SDHAF2	-0.0214287722653204	0.96456421883216	0.996668415258973
P4HTM	0.455718660575872	0.412034196195231	0.954156649230054
TOR4A	0.664851218356397	0.188991832242258	0.954156649230054
QPCTL	0.236862918621224	0.629393836724866	0.965540679089589
DNAJB12	-0.746281444765643	0.397180263277207	0.954156649230054
SLC39A1	-0.723618556601508	0.0960616456301032	0.954156649230054
MTMR4	0.72921423120922	0.398667643997767	0.954156649230054
UGGT2	0.584344511188196	0.357823844965495	0.954156649230054
ERAP1	0.431605235662715	0.324100396339095	0.954156649230054
PLA2G3	0.337420383701954	0.528419157825621	0.954156649230054
GDE1	0.66005064740769	0.0756411902559117	0.954156649230054
C1RL	0.891417644035101	0.285173889757529	0.954156649230054
NDUFAF4	1.16226947653331	0.205746763096787	0.954156649230054
PDP1	0.778344510288413	0.135800552336616	0.954156649230054
TMEM14C	0.585887320184415	0.274038902082268	0.954156649230054
CHPF2	0.676850635066572	0.483349695614606	0.954156649230054
TXNDC16	0.717387772825759	0.173437934275537	0.954156649230054
STX18	-0.0820147164395877	0.853561342442022	0.981044853239391
MRC2	1.08576315222397	0.128297231696992	0.954156649230054
DNAJB9	-0.215405309809192	0.674406882446295	0.968238354664746
FBLN5	0.268742711884887	0.514034747251513	0.954156649230054
EGFL7	-0.45202294508621	0.432134162156375	0.954156649230054
AMACR	0.513864955979219	0.330407620553333	0.954156649230054
ADGRE2	-0.631072737393612	0.131337152618801	0.954156649230054
RABAC1	0.734747924333814	0.297714164175314	0.954156649230054
CPA4	0.153800734373409	0.765305112227421	0.975390222445392
AK3	0.977774894653553	0.241027847271243	0.954156649230054
PLXNA1	-0.296287008111374	0.52227931043154	0.954156649230054
HACL1	0.505971672957145	0.218553804741817	0.954156649230054
STOML2	-1.38671411602216	0.273954526541048	0.954156649230054
CROT	0.0241676779347735	0.965896429723334	0.996668415258973
CES1P1	0.792586736257253	0.293728853188937	0.954156649230054
RAB23	0.271074408584578	0.602252383298348	0.957924409741753
ICAM5	0.191609796012425	0.613987194376689	0.960996104641106
PPT2	0.189862582667779	0.624121892822158	0.965366861230527
NFU1	0.43575357597209	0.270856127922001	0.954156649230054
HPSE	-0.164219640626012	0.799424796986727	0.978566162536868
PRELID1	0.14709239362255	0.845207557772382	0.981044853239391
SLC5A6	-0.790781576782813	0.120839701759243	0.954156649230054
MAN2B2	-0.481613024869478	0.523665779968231	0.954156649230054
POFUT2	0.378162561130946	0.560802989605873	0.957773341824946
YARS2	1.09513352458366	0.0795998953852627	0.954156649230054
DHRS7	-0.219566260816904	0.783050815040987	0.975793754249777
PRELID3B	0.789671601480173	0.145496274373927	0.954156649230054
MRPL11	0.211442328729966	0.733629253480555	0.974387197337046
LOXL2	0.591515932360867	0.444392712028399	0.954156649230054
TIMM10B	0.0605914864595434	0.923196602001224	0.99290853080824
TIMM8B	0.148345231200942	0.813457199322659	0.980597138885862
TIMM13	-0.0863764806133283	0.878188252021885	0.986439583248859
FADS3	-0.131130114442296	0.810526112194782	0.980441764942699
IER3IP1	-0.12527088978154	0.845162752172547	0.981044853239391
SNX14	1.46095024078782	0.10831286589999	0.954156649230054
SNX13	0.754002147624799	0.385843865835576	0.954156649230054
AUP1	-0.764190986096629	0.447486771844237	0.954156649230054
FKBP7	0.355017423770512	0.499799874078648	0.954156649230054
MTCH2	-0.386915280172733	0.612261798905712	0.960901361064428
TEX264	0.244110413457573	0.811141196279779	0.980597138885862
SLC4A7	0.59701189035151	0.403858135646158	0.954156649230054
COX11	0.56805418026595	0.318382373724574	0.954156649230054
LAMC3	0.909415940779681	0.136640756293761	0.954156649230054
MMP24OS	0.410035197570366	0.450583042374328	0.954156649230054
RAB27B	0.743648350074192	0.185690927204755	0.954156649230054
ADAM10	-0.48684303854531	0.26305563967772	0.954156649230054
CLGN	0.0816755606763593	0.805910727351866	0.980203469294924
LRP5	0.183954816912532	0.761380766890544	0.975390222445392
CFB	0.0292837290012535	0.976243948054634	0.996668415258973
ICAM1	0.367668664011347	0.442774918340144	0.954156649230054
YES1	0.818234664445114	0.100715975121677	0.954156649230054
STS	1.71159336472022	0.0950724893882414	0.954156649230054
C4A	0.709270286536466	0.223721952282525	0.954156649230054
RAP2A	1.13901671155162	0.0503467017376475	0.954156649230054
NT5E	0.567501877730898	0.180468750510265	0.954156649230054
FECH	1.24951338948374	0.125344834166075	0.954156649230054
GCSH	0.914757555322804	0.0451055371299975	0.954156649230054
CTNNA2	-1.04543324181142	0.0561059586068291	0.954156649230054
PTPRM	1.01750139133209	0.0709574351209021	0.954156649230054
IDUA	0.697694731679103	0.249284073297282	0.954156649230054
KRT2	0.355827065978964	0.402111700464157	0.954156649230054
COL15A1	0.158321984453188	0.643395299380051	0.965540679089589
GLIPR1	-0.12921396479674	0.796123331970854	0.978411784263191
IDH3G	-0.263088459701272	0.680437894974115	0.969532193747946
SLC35A2	0.838806244076103	0.376994538432352	0.954156649230054
CTBS	0.256596287406527	0.60873951409277	0.95905476140454
ROR2	-1.95940504738008	0.0111534130549212	0.910117820568725
BCL2L1	0.039145820812891	0.921626902855491	0.99290853080824
SEMA3B	0.299406070792614	0.753358301738445	0.975303568927917
NFE2L1	-0.681416407449056	0.113004418353923	0.954156649230054
FXN	0.202691955996144	0.818142425884953	0.981044853239391
SLC27A3	0.373912648836885	0.461745523356316	0.954156649230054
REEP3	-1.08761981338082	0.0511539220450084	0.954156649230054
GOLM2	-0.462182378217321	0.225875277863384	0.954156649230054
ADGRD1	0.631297944514944	0.144298313559023	0.954156649230054
MRPL10	0.0639368352107041	0.923063513649385	0.99290853080824
PIP4P1	1.83088717810625	0.00901297095239706	0.84974774165619
SLITRK4	0.301675662355372	0.632898655081267	0.965540679089589
KIAA2013	-0.468413027678437	0.396444732463464	0.954156649230054
GLMP	-0.405263049912815	0.592080497591977	0.957924409741753
RAB8B	1.02878646121264	0.0280992255466698	0.954156649230054
YIPF6	-0.124838392420646	0.764246400533317	0.975390222445392
FBXL20	-0.217025583034694	0.746509566632758	0.974387197337046
GDF15	2.9924353185425	0.00098815325885937	0.286982155564711
AGMAT	0.372082514947138	0.330571916131924	0.954156649230054
CNTNAP3	0.650802124583322	0.567061157953779	0.957773341824946
CHST12	0.230622344004829	0.668721214972168	0.965742632818693
OTULINL	-0.596441838116736	0.126032440303025	0.954156649230054
RAB20	-0.523681919210162	0.450726676585308	0.954156649230054
LAMTOR3	-0.447243982016346	0.582413416563448	0.957773341824946
NOCT	0.0768020270705563	0.902879588285484	0.988183499899821
SETD1B	0.605558823592734	0.220015418061479	0.954156649230054
NFS1	0.391247867310483	0.36146315494342	0.954156649230054
NBAS	0.76701959442758	0.10153541084242	0.954156649230054
ABCC4	-0.458352998867781	0.658270928875229	0.965540679089589
ECEL1	0.856496599520177	0.21265471408433	0.954156649230054
GM2A	2.26360389047662	0.0105574537675004	0.908610059048268
SDC4	0.15114326128672	0.819653124349433	0.981044853239391
COL4A4	-0.827700062315607	0.161789939276038	0.954156649230054
EPHA5	1.75317846111015	0.00908181294040125	0.84974774165619
TCIRG1	-0.856531055061769	0.104382721779074	0.954156649230054
GOLGA7	-0.775572143199067	0.207892764016534	0.954156649230054
CMC1	-0.370777224435187	0.364634671293309	0.954156649230054
SCFD2	-1.57621988404122	0.138423306867791	0.954156649230054
CANT1	0.179778702470852	0.608927673621928	0.95905476140454
CLEC2B	0.644298411009821	0.100657746316714	0.954156649230054
SLC7A6	0.481082683133828	0.370143493520614	0.954156649230054
BSCL2	0.538111790560222	0.331574621115098	0.954156649230054
CYSTM1	-0.309202950028553	0.635212698983351	0.965540679089589
CLN6	-0.896422530633934	0.200373613266578	0.954156649230054
CFD	1.62071788417428	0.052266944637672	0.954156649230054
JUNB	0.886638269571087	0.0603833304380783	0.954156649230054
STX17	0.0135832377200096	0.976681164880762	0.996668415258973
NOMO2	1.60055358609946	0.331170060235706	0.954156649230054
RASSF1	0.605425511048132	0.199322800631749	0.954156649230054
TPST1	0.385564929367767	0.383458365489313	0.954156649230054
TMEM179B	0.738974578780642	0.19406678403927	0.954156649230054
CCNY	-0.806839088491621	0.219005218911432	0.954156649230054
SCAMP4	1.03781501893431	0.01429399142287	0.954156649230054
S100PBP	-1.59582349791641	0.00625312619282843	0.753709901286332
CCN2	3.20900190432858	2.8396539634437e-05	0.0269128204385377
MCL1	1.82079205779859	0.000942558123463236	0.286982155564711
H3-7	-0.542175590899618	0.276521395733109	0.954156649230054
GNAT3	-0.339926840961155	0.462125186549222	0.954156649230054
BMP5	0.339733287318072	0.470838468193686	0.954156649230054
WDFY2	0.169346370489471	0.804700943643092	0.980203469294924
GNPTG	0.012943777918565	0.97656564781652	0.996668415258973
BORCS7	0.528585719332156	0.609588819115869	0.959298967732777
CCN1	6.15238206655654	2.32518612503779e-06	0.00690556570538176
PNPLA3	0.264479627869097	0.511764092428381	0.954156649230054
