gene	logFC	P_Value	BH
RBM47	0.811554225319362	0.00991941322739631	0.336875576350568
WDR91	-0.143354965602501	0.579958409731752	0.850903480587678
CNOT1	0.0192016072593049	0.967557512875508	0.994903181165471
MAP1LC3B	0.378091488648181	0.248321141023125	0.682234214879902
RTL8C	-0.683536143267354	0.183877968194038	0.644776371611886
SNRPG	0.00919070397574018	0.9778388296491	0.997664916968184
EIF3C	-0.173892646855332	0.638164844679968	0.878406839481494
UMAD1	0.136269406407433	0.843346784611093	0.954210295294731
NACA	-1.31256981453518	0.124696541527875	0.612492181211891
RSMC	-0.411776935033419	0.171277925422782	0.639529308603452
KIF2A	-0.813373666272415	0.0446084870577719	0.546218787666442
ACOT7	-2.61564047830347	0.0358112356169035	0.520188724283809
MYO1C	-2.4043636602083	0.0189354342514717	0.448997280970627
SNAP23	0.0343890468604435	0.884451882917214	0.970130746380825
AIP	-1.59772953641138	0.0968351358032277	0.596848464331699
STXBP3	1.50400705492513	0.130687810762428	0.616106319820597
SMAP	0.140623374083614	0.90828706996544	0.979135249389417
AP3B1	-0.588139614616303	0.14833009074335	0.631945649459253
PSMD11	-0.345297377899392	0.471119351883355	0.795979128654446
PSMD12	-0.124812578768008	0.712803462457132	0.911231972286167
SUPT5H	-0.139142238329182	0.864217245228707	0.963392405251784
CLIC1	-3.21808085298848	0.0478299147348847	0.546218787666442
EIF3F	-0.569946235280511	0.166557825605711	0.6384680948005
IPO5	-0.795061818320768	0.229905063365625	0.675967381909327
IGF2BP3	0.483133342433216	0.24178792086575	0.679742533087422
PIK3C2A	-0.499816968773601	0.0630286345062687	0.556978949592968
IFRD1	0.22253555673495	0.444278901433234	0.779177689022818
PIK3R2	-0.707027201843736	0.175138960510003	0.641503539931958
EXOC5	-1.01491789523665	0.0276873632935485	0.497218335610474
PSMD14	-0.377873778942824	0.242755889147769	0.679995876186941
ZNF593	-0.531165415517069	0.173498581561962	0.641503539931958
KPNA3	0.235153349948131	0.742753658957286	0.923463419894199
SDCBP	0.106497487391785	0.720172019818994	0.915044553024076
PITPNM1	0.327827968175363	0.68041580322976	0.898729017647462
DDX3X	-0.113458556262415	0.678388714731744	0.898729017647462
KPNA4	-0.637459258164494	0.218839198273096	0.669910673706068
PPP6C	-1.70934199648334	0.00281720554877149	0.20711898182821
PDXK	0.355591984596966	0.711725196458866	0.910611713271547
SCD	0.0978348785071219	0.724596903792898	0.917310753990192
COPE	-0.803915711367928	0.218680849577098	0.669910673706068
EIF1AX	-0.0472857154384805	0.953992287101871	0.989005660082501
AP3D1	-0.230123795271545	0.625363525911298	0.870580745795168
DVL1	0.320039219895499	0.546185772943918	0.834649656129024
CHD1	-0.055387857777788	0.82846280456419	0.947227875232571
GOSR2	0.0950093313007017	0.718611502143497	0.91412223893457
PDCD5	-1.99242157853633	0.155771867855247	0.6384680948005
PRMT5	-1.44276461145746	0.0316776197689046	0.511793511258846
NHERF1	-1.21607291125672	0.0551502578684821	0.547865602755798
TCERG1	0.263782124660953	0.439025142746219	0.776477725049441
POLR3A	0.996096266958396	0.263270398995285	0.690027991174563
TSPAN4	0.810110646184182	0.00828084258869859	0.307514600589177
PSMA7	-0.811954001540769	0.116520577809891	0.608738355024034
SCAMP3	0.0997993507554291	0.664796701034881	0.894375651555314
GIPC1	0.151673992266893	0.578391712487952	0.850852715178347
PCDH17	-0.948976268695198	0.16645584145867	0.6384680948005
MYL12A	-0.246201901673999	0.482500036731849	0.801909203688251
HGS	-0.586607663522933	0.140026094380715	0.620497766349926
AURKA	-0.115024530881527	0.71721280551526	0.91412223893457
PPP1R12A	-0.706480644142328	0.367381215306758	0.746519992698936
GAK	-0.232437641504973	0.607191774752088	0.864513215855995
HNRNPDL	-0.187107585297522	0.767923361500074	0.928536692487658
XPO1	-0.658833381456823	0.199876422720847	0.657403441260122
SPTBN2	0.321415940056141	0.642607376220477	0.88041285661976
SEC16A	-0.317917882226507	0.196859859410732	0.656657178583234
PLXNB2	-0.108232235982513	0.616261806311859	0.866386591837234
PFAS	-0.231748882478016	0.802073724311324	0.937860314704011
ARPC1B	-0.345322917886278	0.668496648655068	0.894619503561183
ARPC2	-0.851047727343598	0.230517066553877	0.675967381909327
POLR1C	0.172957538673771	0.540658566791816	0.833395490014756
TRIM24	-0.70512091695198	0.22795494144838	0.675233670375491
OGT	-0.101782662074182	0.713210405105934	0.911486226595419
POLR3G	-0.309363540450612	0.597014708618766	0.860210013499513
HMGB3	-1.57515239980577	0.0303550967002962	0.506499050504006
PPM1G	-0.0529109030449391	0.961807620901965	0.991687264573196
EIF3D	-0.129504353220057	0.685172856657644	0.90044246657841
EIF3H	0.0390704976608554	0.852960226742517	0.958896267220674
SLC16A3	0.19234593141919	0.403390666062523	0.763063259075956
TLR3	-0.0506353236003712	0.910798475242384	0.98047469291053
MAGEB2	-0.0500135939395463	0.823971902813999	0.9469624622844
DHX15	-0.998048908260351	0.293672218622478	0.707950400852083
RNMT	0.254569100749052	0.493847344422715	0.806313813652823
TTI1	-1.41502918552264	0.00079535998148603	0.116149069296343
PRPF4	-0.153638015279995	0.643506366926876	0.880725208843063
PHGDH	-1.56420733722326	0.124913575761552	0.612492181211891
DYNC1LI2	-0.126397290902784	0.680017327204416	0.898729017647462
PSMD3	-1.60784571831271	0.165930891216528	0.6384680948005
ZW10	0.349891084992031	0.233366578732948	0.678304630085419
EEF1E1	-0.394227032682483	0.535865440138006	0.831934701943057
WDR62	1.03761987129475	0.00267486740417992	0.20711898182821
HNRNPR	0.310615932308199	0.239515661689004	0.679742533087422
TXNL1	0.0152925458669841	0.981170996098458	0.997664916968184
TPD52L2	-1.59632915984365	0.171119225893665	0.639529308603452
FIBP	-0.320350393015069	0.248703510050324	0.682234214879902
EIF4G3	0.556352249647791	0.445302626202226	0.780334967438387
AKR7A2	-0.588448272618233	0.352288304656908	0.735641116635803
EPB41L2	0.0858347141497156	0.72648289003536	0.917859709882497
LAMTOR5	-0.810411114286019	0.021836443987316	0.490505889521197
TRAPPC3	0.750927383425264	0.249537381590333	0.682234214879902
CHMP2A	0.0298352213784838	0.969005885542836	0.995828004823637
ZNF207	-0.12095407813726	0.766389213989944	0.928536692487658
BUB3	-0.463875001551806	0.254303583343447	0.684916777291027
ACTN4	-1.26153063146542	0.171250874913719	0.639529308603452
GSTZ1	-0.0333851908383522	0.956485881943242	0.989460365712714
BUD23	0.0533739069214718	0.881213530003123	0.969268509903009
HTATSF1	0.15947976105576	0.528339531114802	0.827185078815056
AP1G1	0.225549006165558	0.465183393149097	0.79207522048493
SGTA	-1.57564786339076	0.167596053188901	0.6384680948005
ENSA	-1.14783748828619	0.142221901294836	0.624441142506647
MYO1B	-0.986986848758939	0.0415862038095375	0.545476523621509
NUDT21	-0.352224837870995	0.241889661968338	0.679742533087422
LANCL1	-0.713817790466113	0.0946043025169958	0.596848464331699
STRN	-0.155101076292908	0.741918379023448	0.923463419894199
RRP9	0.904295533095762	0.301988349301384	0.709457774663294
AKAP8	-0.276462873421547	0.407081478500399	0.764660161212845
NRDC	-1.61373211512575	0.0910706645501088	0.593732306639685
CALU	-0.845403686376589	0.204320984615786	0.660114137190728
AHCYL1	-0.531992384143543	0.0964454820177838	0.596848464331699
PEX1	0.612717714006067	0.10138493381914	0.601537861565191
DHX16	-0.132456372411891	0.861719426735526	0.962443902657023
ZNRD2	-0.652498012759082	0.357684932759317	0.739366272727487
PCDH7	0.769453738980481	0.0240438413579571	0.495586303848912
SMARCA5	0.385302699965234	0.183637327284196	0.644776371611886
SPAG9	0.423982796629947	0.485970856205623	0.804274415725905
AQR	0.411031015919175	0.206984319445625	0.660688737650058
KIF1B	0.918566757498795	0.0511324308641387	0.547865602755798
KDM1A	-0.459519816157417	0.0543383715235591	0.547865602755798
ACSL4	0.0134685862218902	0.954295856869178	0.989063200601814
SNX3	-0.0612066854855478	0.916915467658054	0.982727782925607
OGA	-2.18561014301165	0.00794838277623616	0.305454955637637
SYNCRIP	0.260084004362312	0.298184704721694	0.709457774663294
RANBP6	0.373452281557284	0.552973943304642	0.836254632713968
NEMF	-0.0315574477908349	0.906535025973024	0.977968468059054
PLOD3	0.0689490543574571	0.746910050675286	0.924777378455287
EIF4E2	0.474230068256215	0.545231370591269	0.83461168223632
DIAPH1	-2.37945077052476	0.0235427972904577	0.495586303848912
PLIN3	-0.925112838326132	0.300752443282268	0.709457774663294
KPNA6	-0.968633702542938	0.166872656506248	0.6384680948005
CTNND1	-0.132785862271643	0.585839723260481	0.854666609258797
EIF1	-0.899307324767417	0.0979011770742498	0.599838249007096
SNX2	-0.0902329216027553	0.901888240346762	0.976562625051697
USO1	-0.122296356412708	0.766981009228105	0.928536692487658
TOM1	-0.604521714062919	0.204219196047244	0.660114137190728
H2BC11	0.0058719736770847	0.984900997194654	0.997664916968184
CCDC22	-0.279558507270188	0.568015514864653	0.845782321193657
DKC1	-0.729705830565688	0.091983247726656	0.593732306639685
EIF5B	-1.04816701126065	0.0428284090786441	0.546218787666442
EDF1	0.196633694654274	0.541263731336414	0.833395490014756
DNAJA2	-0.20607765584607	0.70282022754765	0.906938267124081
CUTA	-1.03960841288488	0.143594470101779	0.62856520785054
SRGAP2	-0.580267761967484	0.231861579734767	0.678094513229648
WDR1	-1.53150554676906	0.100634812376219	0.599838249007096
ROCK2	0.717882820375785	0.245911679432962	0.682234214879902
CLUH	-0.540288373315263	0.412280910041474	0.767874398794631
CNOT3	0.174672335314625	0.625316677539494	0.870580745795168
ANKRD17	-5.08041689548586	0.00168570580913642	0.157129301060141
TBCA	-3.66023194391901	0.0225960162701482	0.495586303848912
ATP6V1G1	-0.410997626148237	0.0843724000969046	0.58579316137011
VPS4B	-0.0756592327427015	0.935162009423635	0.985235396213546
FLNB	-0.665015683736364	0.699683493451971	0.905527343031533
NCOR1	0.157730126980958	0.743855372998312	0.923665732658112
CS	-0.192370528370688	0.406404727728887	0.764660161212845
SEC22B	-0.0697792999007376	0.793918503702713	0.935743062879092
VPS26A	-0.0999231288820859	0.790960588451933	0.934840897492394
PSIP1	-0.145649535874735	0.800584837112667	0.93779737202957
HSBP1	-1.1948359623181	0.0838178574768903	0.584722983449453
BANF1	-1.82617619499074	0.0234570635506795	0.495586303848912
SF3B1	0.0275744510782339	0.944856377289722	0.987220555427205
CSDE1	-0.125146040061846	0.769475874871256	0.928536692487658
PRKRA	0.0879721531404307	0.906068466974483	0.977968468059054
CRCP	0.196037172231971	0.418385136086926	0.767874398794631
MYCBP2	-0.445423193410967	0.695262270306888	0.903575494903411
NPM3	-0.142371628246256	0.516201598010855	0.818783200899912
LYPLA1	-0.178287836819134	0.601504268203861	0.862496535225696
SNRNP200	-0.271534526602213	0.270121486326972	0.691075932577331
RPS6KA4	0.469384125349464	0.499300359817902	0.809861116757582
NUP155	-0.412523670237377	0.267975760434934	0.691075932577331
WDHD1	-0.687966054865704	0.159146441749686	0.6384680948005
CDC123	-1.45888972134021	0.185792531382906	0.645245273869515
RPP40	-0.500963485989317	0.134021758226211	0.616106319820597
EIF3G	0.0188703670029682	0.964963681567315	0.993304955109588
EIF3J	-0.719074684834606	0.241137034093748	0.679742533087422
CBR3	-0.178489338770802	0.550652392563446	0.836254632713968
AP1G2	-2.52274246633011	0.000148703124876043	0.0315129249074693
IDH1	-0.839654251294036	0.401578025524102	0.762267473925949
BCAS2	-0.625434252591887	0.0457052771062234	0.546218787666442
DCTN3	-0.191833189999407	0.485716197174133	0.804274415725905
TRIO	-0.0816420183636808	0.904148733826749	0.977968468059054
MPDZ	-0.125875775281418	0.668427072600944	0.894619503561183
GLRX3	-0.875900603726397	0.420074213836413	0.767874398794631
SNCG	-1.15830106031749	0.431488710729968	0.772238770379114
SRP72	0.361541409665904	0.184767148148523	0.645245273869515
DDAH1	-2.05792223288353	0.00842996424049256	0.307514600589177
RECQL4	-0.158391132955661	0.824865083417596	0.947227875232571
MTA2	-0.18608921026312	0.435838252143242	0.773698608039881
TOMM70	-0.0168834234865791	0.943273571860361	0.986616701426186
SEC24D	-0.0277666751036136	0.934881020054954	0.985235396213546
UBXN7	-1.76343839456278	0.0520220275373168	0.547865602755798
PLPBP	-0.509626972426645	0.165291065216602	0.6384680948005
USP19	-0.694001556006754	0.0880782506296599	0.592735508461659
AP2A2	0.333199596287471	0.138297661842024	0.620418838116397
SEC31A	-0.421863855706114	0.263340966805551	0.690027991174563
HEXIM1	-0.696629452311452	0.228614378989828	0.675967381909327
CCNB2	0.505369252092798	0.305572617625137	0.709457774663294
UBR5	0.0331979206482593	0.930724134405964	0.985003835637487
UBE4B	-1.63782618057941	0.160675623129801	0.6384680948005
ELP1	-1.59048705599975	0.030716223780254	0.506499050504006
ZRANB2	-2.12000693754537	7.55036472283261e-05	0.0215403553564249
SNX4	-0.840883121607547	0.299619550296993	0.709457774663294
LUC7L3	-0.047593510358432	0.834040893403974	0.949566827963308
KIF4A	-0.00534897147653979	0.993321232629105	0.99835273541427
CCNDBP1	1.0903163717526	0.130966293587055	0.616106319820597
SNAPIN	0.236765030878644	0.430557261475407	0.771796793176661
MPZL1	-0.0248787293528423	0.906360490813018	0.977968468059054
SMC2	1.20713381962321	0.0578272392355265	0.549054389807244
IPO7	-1.22351669315201	0.261526116610691	0.688963269315357
BAG4	-0.269470795365947	0.584671037728727	0.854404678153203
AHSA1	-2.14681095425086	0.110820818431942	0.606124850874329
PARN	-0.256876591339946	0.693205564628718	0.902506264082738
FMNL1	-1.54196754767547	0.0899941206024678	0.593732306639685
SEC24A	-0.830444765197772	0.227438051205321	0.675233670375491
POLR1A	0.0686232483898941	0.875679598722525	0.967023394686824
STAMBP	0.429855907990934	0.235429543620134	0.678612662235439
HERC2	0.644764654707657	0.492211620852409	0.804968050124901
SNAP29	-0.166758321820723	0.618860926006787	0.867596545802835
LDOC1	-2.59930119268132	1.91484804600591e-06	0.00167778985791037
HSPA4L	-1.06511717160318	0.229758726804199	0.675967381909327
PTBP3	0.562597698292826	0.282616568764702	0.702293356641043
LSM8	-0.826136567167332	0.316413247547017	0.713461030841462
AP2A1	0.203574507221933	0.377425777615503	0.750607749423229
STAU1	-0.690738857487794	0.206960753892608	0.660688737650058
BAG2	0.211238787700342	0.326997103478041	0.719972820517784
BAG3	-0.845096060020591	0.167438957549819	0.6384680948005
BPNT1	-0.246569427084502	0.722117704001838	0.915922889760293
TXNDC12	-1.15797917224603	0.0607498042216473	0.552641343250854
PTTG1	-0.521608901234309	0.372453831224567	0.750518524417192
LDHA	-2.61874832033925	0.093567874318009	0.596682470723723
GSR	-0.627046719626897	0.221123303438144	0.672126610543405
SOD1	-3.25483709676656	0.0242831790144324	0.495586303848912
PNP	-0.362995564825702	0.725382451038269	0.917859709882497
HPRT1	-2.02295658363523	0.120240970129303	0.611108689253455
PGK1	-2.80887819507673	0.0628096678715851	0.556978949592968
ASS1	-2.85399892824412	0.0346483108760931	0.512649025296986
NRAS	-0.00490764656593967	0.984252833110441	0.997664916968184
HLA-B	-2.06317837064575	0.0911421206263079	0.593732306639685
LMNA	-0.885171970313522	0.255940817564653	0.684916777291027
TFRC	-0.258934553283474	0.238900614696774	0.679742533087422
FTL	-1.11498206054807	0.00515094531673289	0.27148407045308
FTH1	-1.22571737565035	0.0267051706969642	0.497218335610474
CAT	-0.56392955407123	0.498285003193817	0.809338549279345
ALDOA	-1.99182413612172	0.151829256641012	0.635912020405617
ANXA1	-1.33091046944554	0.299439741822506	0.709457774663294
KRT1	0.70999409351522	0.521506899287786	0.8224340265586
GAPDH	-2.05379936561396	0.109047615265336	0.604064970074715
HLA-A	-0.0709672194276365	0.79122400972956	0.934840897492394
CAPNS1	-2.36658396336907	0.0753621970591204	0.57244987810214
HSPB1	-2.02584437492542	0.11928900278228	0.608738355024034
TYMS	-0.0709402707624491	0.952710084722216	0.98835493278902
GNAI2	-0.269835105438236	0.302164767964127	0.709457774663294
ATP1A1	0.142132272601025	0.47289035875588	0.79679489481773
ATP1B1	-0.0969539315963566	0.735715165381694	0.920913104426187
ALPL	-0.496711610981063	0.0683984493231796	0.56528703545749
ALPP	0.0263300110302822	0.934332982180322	0.985235396213546
EIF2S1	-0.356564047265408	0.471024381605103	0.795979128654446
RPLP1	-0.425451829831015	0.476969922998336	0.797559249105234
RPLP2	-0.581527992109692	0.21559551279898	0.668452895663364
RPLP0	-0.112900391620599	0.604643442199043	0.862847856766778
SSB	0.464798177206571	0.475301254234672	0.79679489481773
ITGB1	0.287744499481832	0.33799493161138	0.72555859409865
KRT18	-0.491392438319533	0.243232847885568	0.680461753886764
KRT8	-0.307984673322167	0.406378232065777	0.764660161212845
CDK1	-1.27697394679743	0.376667821008648	0.750607749423229
ATP5F1B	-0.0556045398979883	0.799943377457125	0.937793903146994
S100A6	-0.111752542250038	0.911244473658545	0.98047469291053
EIF4E	-0.548266657844092	0.160308559388803	0.6384680948005
ENO1	-2.14641996418496	0.151212678553316	0.635912020405617
GPI	-2.31446644638244	0.138106019570154	0.620418838116397
POLB	0.666780358976744	0.23267206773698	0.678304630085419
NPM1	0.348821778122058	0.178637727124727	0.641503539931958
TPM3	-2.56506538792013	0.0428886980418573	0.546218787666442
ITGAV	-0.0396297399901258	0.88032148581669	0.968530494566278
HEXA	-0.13278117418259	0.732810557166527	0.919334237283531
LDHB	-1.2187884999195	0.285451670846987	0.704578746411675
GPX1	-0.234221861691051	0.442563476931217	0.778103669747091
P4HB	-0.795866999580554	0.205025221109624	0.660114137190728
CTSD	-0.279667038059905	0.622930237161055	0.869195854559871
ANXA2	-0.287629045165129	0.687949231647379	0.90044246657841
TUBB	-1.93844280171208	0.14593327098447	0.631397950167554
PSAP	0.983783469305759	0.192064225140067	0.654273616264889
HEXB	-0.811114679510936	0.162647001230618	0.6384680948005
CTSL	-0.2865192610553	0.307695166503147	0.712103816402688
PFN1	-2.42636977670232	0.133473098552197	0.616106319820597
EPRS1	-0.472268752039721	0.490603628990313	0.804968050124901
CTSB	-1.14952201093308	0.0434963038419328	0.546218787666442
HSP90AA1	-1.74730983991538	0.127076422581829	0.612492181211891
HNRNPC	0.104392953666999	0.610441661058859	0.864758427938104
LYN	0.243346816318279	0.440680830057948	0.77754634199981
TPM2	0.41850564744044	0.497983068302399	0.809338549279345
FH	0.0407047517231902	0.865555683416085	0.963659326314071
SP1	0.509670789304995	0.0694644875881846	0.56528703545749
ANXA6	-2.42242693643603	0.00119081287610805	0.133335542562229
RHOC	-1.3203506744249	0.00135586790448358	0.135001302035059
CD55	-0.0100024614254082	0.963799348695374	0.992806241860906
SLC3A2	0.0872352202359394	0.727462007849181	0.917917930987115
PFKM	-1.50678521406976	0.178553622652679	0.641503539931958
HSP90AB1	-1.42596171762447	0.18510498136393	0.645245273869515
SNRNP70	0.122731379996871	0.805347540953158	0.939301895579427
ITGA5	-0.115475088715698	0.557787927129525	0.838933739535193
NFIC	0.594745383558639	0.240785323950308	0.679742533087422
VIM	-0.42121746892057	0.304972145674283	0.709457774663294
RPS17	-0.182229727878486	0.472381263148206	0.796575178542067
KRT7	0.166825667840023	0.847006084644029	0.957114690953183
ANXA5	-1.78238873403354	0.165941450267815	0.6384680948005
RPSA	-0.163570951776954	0.598054740351337	0.860718711826701
SNRPA	0.142677620732719	0.624818475563964	0.870375116516924
GSTP1	-2.36576476262915	0.0966092684020851	0.596848464331699
LGALS1	-1.93472546978197	0.211896954351489	0.666900491406964
QDPR	-0.449328116947807	0.25942689451554	0.687076240941613
HMGB1	-2.2127966127598	0.0842659815683605	0.58579316137011
GNAO1	-0.596981160738114	0.188620160415004	0.649573662027455
TPM1	-1.40417852971505	0.177032237807391	0.641503539931958
CLTB	-0.210964539476517	0.525593763440513	0.825449979933203
CNP	-0.213990178463828	0.473363631919507	0.79679489481773
HNRNPA1	0.182210934215242	0.52895663298869	0.827554894641628
SNRPA1	-0.0729537230377559	0.776486583177783	0.931486232448485
PARP1	0.430714253892173	0.130662385760857	0.616106319820597
ALPI	-0.0755349930584472	0.787568565085694	0.934840897492394
ALDOC	1.70200772636993	0.0917614826506585	0.593732306639685
H2AZ1	-0.48148063046462	0.612187344577771	0.865137698414332
FBXO45	-0.0354815769018373	0.935356304619724	0.985235396213546
TRAPPC2	0.318562210977412	0.323337758491174	0.718941436840414
HSPA1A	-0.736745479698559	0.0778954691451478	0.578193897695137
CALM1	-1.31604375898477	0.180676741062855	0.642582873109386
POLR1D	-0.176991585074322	0.425954456159639	0.768261207260345
RO60	-0.578778457469419	0.373349152873888	0.750607749423229
RRAS	-0.411036753248958	0.547818460922905	0.835117603747276
HLA-C	0.408858218100825	0.342829530291655	0.728332927776587
H1-4	-0.652308883498378	0.107040547683609	0.603653565340898
PTPRF	0.179934629869255	0.396066822697812	0.759737449122295
TXN	-1.30771958368133	0.366060886769268	0.745343707261414
PRKAR1A	-0.532547869845981	0.38420969973241	0.752294303711255
ESD	-3.84960099434781	0.00073445831185952	0.111701793184528
HSPD1	-0.0936785674645009	0.692468926119993	0.902412855789938
CLU	-0.643961753823788	0.0735929998088317	0.570768065833689
HSPA5	-0.837488824718065	0.0657211864248309	0.56455787789644
HSPA8	-0.409870047409445	0.479942110307743	0.799477713025941
SLC2A1	0.0630730386544407	0.824296683361875	0.947085516030072
EPB41	-0.188589182819143	0.465268191290836	0.79207522048493
UMPS	-0.310651069677633	0.453127169925458	0.784711788344061
BCR	1.8893947206296	8.57880323233161e-05	0.0221080805652028
TOP2A	0.103338115921684	0.842172300779106	0.953373862975004
G6PD	-2.21367746320485	0.0631861533777003	0.556978949592968
UBL4A	-0.722640418905662	0.130952474566169	0.616106319820597
DMD	1.23157882974275	0.159327412980279	0.6384680948005
MTHFD1	-0.608728941367946	0.516004422636142	0.818766887203526
PABPC1	-0.240766596504887	0.313776119950069	0.713461030841462
PCNA	-0.802292020262005	0.372163399923093	0.75032114821126
HARS1	-3.43506469903378	0.00455872818140783	0.246565285959848
IMPDH2	-1.52124419552761	0.139066719705615	0.620418838116397
TPR	-1.58740479001453	0.01903223741541	0.448997280970627
CKB	-2.40601814386698	0.0646573376552723	0.560918408450986
ANXA3	0.12601211077655	0.930644606931966	0.985003835637487
ACTN1	-1.69110420352769	0.0695479826778332	0.56528703545749
PEPD	-0.760813971409128	0.458501227196963	0.787837570562811
XRCC6	-0.355840658332916	0.519656860072221	0.820698162933094
XRCC5	-0.703635438904296	0.167305883741277	0.6384680948005
UNG	0.267250709866417	0.380577537231472	0.752056919535895
LAMP2	0.465033795089543	0.405928154465516	0.764660161212845
EEF2	-0.747152639973354	0.217632461286334	0.669910673706068
KRT10	2.07980149556001	0.0323096151232753	0.511793511258846
PDIA4	-1.28957368032963	0.0328236189017486	0.512649025296986
TPT1	-0.373731565288047	0.652055973999073	0.88771200189246
PLS3	-0.983270002788295	0.316184741615897	0.713461030841462
GYS1	-0.581443798787696	0.271873037561187	0.69329207075411
PRKAR2A	0.327939549507548	0.316034179195743	0.713461030841462
ENO3	-2.85177009243655	0.0361884319409418	0.520188724283809
GTF2F2	-0.479183028195674	0.434917214059656	0.773698608039881
MIF	-1.80275599799022	0.19636868556771	0.656657178583234
CD99	0.708823278597162	0.111030760794595	0.606409829853465
PRKCSH	-1.06666104637391	0.226128606007211	0.673959655639043
FDPS	-1.09705911828429	0.142248861041231	0.624441142506647
CPM	-0.0292552470057501	0.902377550239323	0.976851012502711
AKR1A1	-1.68982510758347	0.0229007507106731	0.495586303848912
PKM	-2.14723601978748	0.101606486546049	0.601537861565191
HSP90B1	-1.26576744086448	0.137329962580579	0.620418838116397
SNRPB	0.12909433743927	0.695676819061677	0.903575494903411
IDE	-0.344488683593184	0.508650336915377	0.816643999463124
HNRNPL	0.711617888563783	0.0496573234312084	0.547865602755798
DARS1	-0.0840531429701343	0.827157142989796	0.947227875232571
JUP	0.711364288847967	0.0922792523672841	0.593732306639685
AKR1B1	-0.239866492967717	0.781700971632318	0.933381474780763
ANPEP	-0.319920695421345	0.230059574206388	0.675967381909327
EZR	-0.675133743420396	0.227831210081007	0.675233670375491
NME1	-1.6485430041273	0.171308508553142	0.639529308603452
NQO1	-1.05600095956366	0.244597695159763	0.682102165814719
GNS	-0.250766198993674	0.628205511382226	0.872596177985268
RPS2	0.430690895203675	0.117666591474118	0.608738355024034
CD44	-0.177190728650192	0.474454649135654	0.79679489481773
CBR1	-0.840414971918854	0.27720306444896	0.698749496749652
H1-5	-0.169818194843231	0.644834737862293	0.880892106820925
POR	-0.0113927818745339	0.963526134106381	0.992758229896532
STMN1	-2.08136476455616	0.162674674584504	0.6384680948005
YBX3	0.0780738655344706	0.769264054856456	0.928536692487658
HSPA6	-0.388658342806359	0.397308467959859	0.759759230961215
HMGA1	-0.462305003679344	0.212445187020068	0.666900491406964
NPR3	0.461512362680629	0.22084184307351	0.672126610543405
PRKACA	-0.764926808498188	0.122515167958902	0.612492181211891
PTPN2	0.659960876012018	0.0731335856885997	0.570768065833689
CTPS1	-1.56588035306935	0.0882483771674811	0.592969540445912
DDX5	-0.144382743148043	0.688790467522989	0.90044246657841
PSMC3	-0.551283031228973	0.269027242901642	0.691075932577331
TCP1	-0.596475350587745	0.423495372023942	0.767935009488334
ERCC2	0.0603530038559086	0.909733130705611	0.980452852551361
RPL35A	-0.0575797913788882	0.778187358554764	0.931740589731736
ARF4	-0.928028378602864	0.328820932877338	0.721665323919893
RPL7	-0.250633951036203	0.422772360746687	0.767935009488334
VCL	-1.57343541133636	0.140335973683085	0.620497766349926
NELFE	-0.282718864778506	0.596269239317046	0.859860282240942
RPL17	0.197558164164537	0.44253780551675	0.778103669747091
PGAM1	-1.24396104656842	0.20034347071825	0.657430068967336
RCC1	0.373716127246954	0.688215549675311	0.90044246657841
NCL	-0.210762557983195	0.478079145484145	0.79811151983544
HK1	-0.669191657131677	0.319803503057602	0.717827453324327
POLR2C	0.200962105557707	0.698188542846453	0.905425410120547
POLR2E	-0.0726802464207772	0.799952528598185	0.937793903146994
EIF2AK2	0.00477594963649253	0.98291357112746	0.997664916968184
CSNK2A2	0.111028482173474	0.617522561236812	0.866386591837234
EIF2S2	-0.152285824886064	0.675770870200056	0.897137024953468
BTF3	-1.09720458732557	0.132652041925128	0.616106319820597
RAB3A	0.351493963593782	0.422998758155967	0.767935009488334
RAB4A	0.24343360043596	0.527838564575029	0.826764659064427
RAB5A	0.162400795909722	0.543708376989247	0.833604271578904
PSMB1	-0.679708013941656	0.206625684930524	0.660688737650058
LMNB1	-0.571234028233739	0.10620733072018	0.603653565340898
CAST	-0.515462689554468	0.720747060973186	0.915240897163619
IMPDH1	-0.710419694539652	0.214858775175524	0.668059825439298
PTMS	-0.820161588287924	0.403264684837806	0.763063259075956
CDK11B	-0.250180230156516	0.336949826493477	0.724778355987617
GSTM3	-1.40017962744651	0.145218751932735	0.630528594863539
ATP6V1B2	-0.0795847594859431	0.678720882929987	0.898729017647462
ATP6V1C1	-0.00536343603769041	0.988164369842919	0.998034393892448
CSRP1	-0.377052040525864	0.507460856818696	0.816093798827609
FLNA	-0.491972518255999	0.429939551953674	0.771796793176661
NF1	0.468131285893062	0.45495734166834	0.7864703994873
ACO1	-1.01498383375382	0.390488806166512	0.75608047025694
TGM2	-0.335911078236421	0.737256015837697	0.9212361531398
OSBP	0.26825158991387	0.251985802883175	0.684916777291027
PCMT1	-0.386949492081445	0.448220974692384	0.781710226961518
FBL	0.355669539404087	0.233533332028613	0.678304630085419
GART	-1.23952856616044	0.225683513334179	0.673959655639043
PAICS	-1.97560771329097	0.121673535124934	0.612492181211891
UBA1	-2.1134919098403	0.15352516926904	0.6384680948005
NME2	-1.26235588946397	0.299982903804423	0.709457774663294
HNRNPA2B1	0.143839713406862	0.526840635625173	0.826087625151711
RFX1	3.04878561439221	0.0583657835731648	0.549054389807244
CBL	-0.878141806386175	0.665824264418794	0.894375651555314
PRKACB	-0.431702561906878	0.176104990224045	0.641503539931958
ITGA6	0.603429253678971	0.0498131333798119	0.547865602755798
SFPQ	0.727974714618757	0.211869249621441	0.666900491406964
PPIB	-0.179168662966916	0.42024045467003	0.767874398794631
RPS3	0.0329278531132857	0.87413486547837	0.966710781087322
AHCY	-2.28282433532499	0.064513793800052	0.560783592535769
CFL1	-2.06178341305201	0.100500051517663	0.599838249007096
EIF4B	-1.37042111036787	0.146778761097855	0.631945649459253
DTYMK	-0.181382018813693	0.680644595564794	0.898729017647462
RRM1	-1.7556123565175	0.11578276855158	0.608738355024034
EEF1B2	-0.94721667624578	0.185717180187585	0.645245273869515
ACP1	-1.25169125653044	0.0615321081761973	0.552641343250854
POLR2A	-0.979768291836994	0.210797263257048	0.666307943960409
CDK2	-0.837286076129715	0.205051720371925	0.660114137190728
MCM3	0.0146809822754292	0.974411449977718	0.997656742786927
MPST	-0.0350946473711531	0.885706488905436	0.970312819272318
RPS12	0.0375419983750085	0.905662842501621	0.977968468059054
DNAJB1	-0.522848271919077	0.461074020247997	0.789314342822014
DNAJB2	-1.04547029571941	0.309412473796649	0.712315316712096
PSMA1	-0.714190245479209	0.166551861394042	0.6384680948005
PSMA2	-0.61025063802434	0.238061393030508	0.679742533087422
PSMA3	-0.655589807169228	0.268024184687045	0.691075932577331
PSMA4	-1.0452911475537	0.112219143178933	0.608738355024034
ITGA3	0.282094205357623	0.400115932149794	0.761471719699499
MSN	-0.96813123966345	0.135207969837562	0.617497419128798
DDX6	-0.230476869135053	0.550342360524544	0.836254632713968
DNMT1	-0.248995239915111	0.604986050412136	0.863055645345349
U2AF2	-0.161761209193209	0.630597388219309	0.874138951497623
RPL13	-0.16807895568185	0.468764133463012	0.793324184907508
S100A4	-1.38850733920152	0.362034554788544	0.741700992218904
HMGB2	-1.0390521197543	0.448043136744434	0.781710226961518
PTBP1	-0.0658645144560346	0.825380430611343	0.947227875232571
TARS1	-1.86812063599335	0.124171338596859	0.612492181211891
VARS1	-0.622677463758155	0.303739449778834	0.709457774663294
EEF1G	-0.279238924922076	0.616945612712909	0.866386591837234
STOM	-0.302404101772126	0.192607488480706	0.654273616264889
YWHAQ	-1.40415036318329	0.161782309862674	0.6384680948005
MAPK3	0.209177191603295	0.813578717037164	0.942197645545764
MARK3	-2.50866900352809	0.00288458494842163	0.207169945230084
RPL10	-0.0930183454871099	0.759634082026276	0.924957224238645
APEX1	-0.633134577416246	0.323613904005774	0.718941436840414
CAD	-1.64883229069463	0.0387544239976239	0.524872092904795
CALR	-1.23715997778922	0.171816022877485	0.639529308603452
MAP4	-0.693370898931128	0.581437768249491	0.852382045387206
CANX	-0.0658828757240073	0.727151564871973	0.917879974855878
PSMB8	-0.433816918703787	0.117422967153634	0.608738355024034
PSMA5	-1.100744106297	0.100326639351714	0.599838249007096
PSMB4	-0.43642106526968	0.353983243101405	0.736372548920824
PSMB5	-0.978660929245518	0.0860740409866671	0.592735508461659
ITPRID2	0.27930998115654	0.344899479947141	0.729510880242109
POLD1	-1.06991501769398	0.439371896917956	0.776477725049441
MAPK1	0.121450932753625	0.762902393147742	0.927122159328782
ERCC5	0.11551967112149	0.724226890478051	0.917310753990192
LAP3	-0.0568135927152298	0.806582592718723	0.939436785623634
TPP2	-1.89830414388793	0.035025678148151	0.513202327648996
SHC1	0.804330977724824	0.133960158285489	0.616106319820597
MPG	0.901452627996651	0.0654545641716262	0.563372191819046
CRABP2	-1.3980542663907	0.191053732077654	0.654273616264889
TKT	-0.718891036289481	0.634791664440196	0.877294095240536
RBMS1	1.43596686509057	0.0514361992546642	0.547865602755798
EEF1D	-0.783156771896287	0.162232284146393	0.6384680948005
MARCKS	-1.89590761529784	0.0783946987516347	0.578193897695137
ERP29	-1.40726271953046	0.10081616447429	0.60010273989384
PRDX6	-2.00569441252694	0.177764916005356	0.641503539931958
BLVRB	-1.34738110766045	0.149947405047365	0.632870502420524
PRDX5	-0.656022278067127	0.0760066918261336	0.57244987810214
PRDX3	-0.102045446473383	0.639244240958918	0.878735180307819
RPL12	-0.0213790163397078	0.937999314607728	0.985965812635727
CMPK1	-0.675539479734926	0.373929646948684	0.750607749423229
PEBP1	-1.76027971612307	0.132561572202629	0.616106319820597
PDIA3	-0.352728788969991	0.536786553174949	0.832275519364284
PPP2R1A	-0.626875579450946	0.411508812471922	0.767874398794631
NMT1	-0.622696139951184	0.321081572839513	0.718226602941572
LRPAP1	-0.30856783090945	0.248504396775081	0.682234214879902
CLIP1	0.255564721318187	0.487889750478446	0.804968050124901
SLC7A1	0.181665712446478	0.609987474963805	0.864758427938104
POLR2B	-0.139289080303065	0.68065535004551	0.898729017647462
MAT2A	-1.48521095341247	0.144655757373836	0.629957130273135
PRKAR1B	0.101388131095899	0.68741069981697	0.90044246657841
CPS1	-0.0761618286765753	0.754188170874511	0.924957224238645
DNAJA1	-0.45083827634193	0.42031335139499	0.767874398794631
ATIC	-1.55260409507859	0.131856340700453	0.616106319820597
HNRNPH3	0.00353131090928827	0.991208269933772	0.998034393892448
HNRNPH1	-0.0562931309220325	0.840516567431589	0.953373862975004
YWHAB	-1.04327302336731	0.213571896659395	0.66779997730912
SFN	-0.777610465153458	0.288075733518054	0.706252762666871
STIP1	-1.94755117263324	0.133188122023442	0.616106319820597
S100A11	-0.753079797484226	0.599170311092745	0.861165123255553
L1CAM	-0.155681769818752	0.456063022940558	0.787019349200437
INPP5B	-0.151031897169336	0.690963139699045	0.902268111779886
PRDX2	-1.19718931442307	0.363212188265814	0.742525710122507
RPL9	0.0369511313601549	0.871242913883825	0.965595797249921
ACSL1	-0.149047737998043	0.505134483883147	0.814353605333489
KIF5B	-0.78325018989915	0.49398454139333	0.806313813652823
CSTF2	-1.35891004026819	0.132601416074855	0.616106319820597
DUT	-0.301128119828022	0.747161491278188	0.924777378455287
TTK	-0.00307445991045796	0.994644607937355	0.998539856560943
MCM4	-0.67693343640812	0.28051535938955	0.700249452698358
MCM5	-0.282673690219049	0.546208756932643	0.834649656129024
MCM7	-0.827218297814149	0.13281463461751	0.616106319820597
HSPA4	-1.23657178381758	0.154285971075294	0.6384680948005
GPC1	0.309887872502038	0.293689844121222	0.707950400852083
CTNNA1	-0.376683812598131	0.260121245299377	0.687219509675253
CTNNB1	0.187668279831989	0.41529201468767	0.767874398794631
SERPINB6	-0.401753906925393	0.616009042358091	0.866386591837234
RDX	-0.507409591233017	0.24095495296808	0.679742533087422
RFC4	-0.0876663680423633	0.919800267656551	0.984042256416349
RFC2	-0.549679096731147	0.0889388720576621	0.593732306639685
RPL22	-0.220898779227298	0.39789990234012	0.760094187168102
GTF2F1	-0.814749888190534	0.166256029567827	0.6384680948005
SPR	-0.493404766073411	0.222710174209701	0.672126610543405
MYH9	-1.68049380165761	0.0484207861850401	0.547865602755798
COPB2	-0.103133587379254	0.829569991947127	0.947227875232571
BSG	-0.331990060520191	0.287576183558486	0.706252762666871
FUS	0.0979240486913895	0.685277156833924	0.90044246657841
NUP214	-0.275929767854709	0.761076715307116	0.925448432765835
DEK	0.509007125240057	0.301212675242906	0.709457774663294
PSMC2	-0.485529133139714	0.35778509431232	0.739366272727487
ARL2	-0.522776376843595	0.0943297021704028	0.596848464331699
ARL3	-1.10208617479321	0.107162798002124	0.603653565340898
ATP6V1E1	0.101975115708001	0.674862730908574	0.897137024953468
RPL4	-0.0492048520308686	0.859351416079529	0.961909838914212
NUDT1	-0.192175270723109	0.523662862462097	0.824350341518665
PPP1CC	-0.442190529249615	0.279740906352196	0.699511935347585
SRP14	-0.148729219236731	0.753157449187702	0.924957224238645
NUP62	-0.770818700025085	0.0758456622337428	0.57244987810214
FDFT1	0.229600395726166	0.323047195830169	0.718941436840414
TAGLN2	-2.4889371735641	0.0788453834150199	0.578595686333672
TALDO1	-2.06685276046315	0.0819117805295893	0.580465098999589
ETFB	-0.146082532290393	0.554479785067361	0.836781239538445
ATP6V1A	-0.102908122132249	0.652956457669338	0.888109978593409
HSPA9	-0.218493761296784	0.351574355527678	0.735567305960183
EIF4A3	-0.767348087457318	0.236875293108107	0.678646871282716
RPS19	0.248677378486061	0.339029378278768	0.726432280057467
RPL3	0.234786596037459	0.486371292975246	0.804274415725905
FEN1	1.36943110332554	0.196446289961451	0.656657178583234
CAPG	-1.01307868060551	0.238742291274601	0.679742533087422
TXLNA	-0.0779108925670968	0.816946799405621	0.943041319993659
CCT6A	-0.793047197231854	0.485511050726342	0.804274415725905
ARL1	-0.60081320555032	0.2082356555444	0.662513004313738
MLH1	-0.116266172179266	0.675719800504041	0.897137024953468
PEX19	-0.728242646040801	0.0860993410488507	0.592735508461659
MDH1	-1.71289910595183	0.148968589732948	0.631945649459253
RFC5	-0.170015077663127	0.676380787662336	0.897219355761232
RFC3	-0.228547146563294	0.498793445116236	0.809338549279345
EIF2S3	-0.583544276033894	0.118454211462415	0.608738355024034
CETN2	-0.28650792570901	0.429402058451126	0.771796793176661
NAA10	-0.0841984007692602	0.883971665214168	0.970130746380825
GARS1	-0.27091205796529	0.58273369824588	0.853546082251821
IARS1	-0.323802298840974	0.592183027398003	0.857546064064638
PRKCI	-1.13390215599837	0.035971783032692	0.520188724283809
STAT1	-1.68109531997117	0.0611251735763918	0.552641343250854
MTREX	0.220015528866384	0.475127263899184	0.79679489481773
MTOR	-0.0590135012795656	0.893184853405624	0.972294379611577
EPS15	-0.411592717148572	0.18056372184263	0.642582873109386
RPS27	0.192903228278698	0.424753717549125	0.767935009488334
RPL35	1.10696214508251	0.0493234954375464	0.547865602755798
CDKN2A	-2.4289752437959	0.0239887655267231	0.495586303848912
PRCP	-0.850262212975267	0.11533227888219	0.608738355024034
PAFAH1B1	-0.702010019716212	0.116312559993169	0.608738355024034
MCAM	0.212963502779143	0.295115976763322	0.70833301508399
MATR3	-0.00461216194493375	0.986843935848325	0.998034393892448
MSH2	-0.599527061053827	0.231027462487897	0.676558364411415
MAGEA1	-0.546533978117594	0.353093698478108	0.736270106155446
PSMC4	-0.34577207028725	0.387819432657131	0.754792063292266
CBX5	-1.11273731211512	0.0302487048432154	0.506499050504006
USP5	-0.928991106589066	0.291018357386195	0.706252762666871
RANGAP1	0.00559772550337811	0.978658358610109	0.997664916968184
RECQL	0.590200377632932	0.0823872355754872	0.581873894091918
NOP2	1.23839292051324	0.0981126227461609	0.599838249007096
CRK	-1.38678617780526	0.234766196735791	0.678304630085419
BAG6	-0.371693897405041	0.383556694509049	0.752294303711255
RPL27A	-0.812069672910056	0.013948225831755	0.403071963320514
RPL5	-0.14848840954707	0.640622334464247	0.879619822236356
RPL21	0.150657065993911	0.630385916297898	0.874138951497623
RPL28	-0.00382537500138014	0.99256696055453	0.998034393892448
RPS9	0.355598538684699	0.245899867361969	0.682234214879902
RPS5	0.791466867997784	0.275760516836764	0.696529184279081
RPS10	-0.566095461242583	0.295655801959539	0.70833301508399
GNPDA1	-2.35429734209045	0.0256810283108472	0.497218335610474
YAP1	-0.919577019028534	0.0544034156519208	0.547865602755798
IQGAP1	-1.62686836572402	0.173187986633536	0.641503539931958
GYG1	-0.271621280926805	0.736242481171027	0.920913104426187
PLA2G4A	-3.46993236104004	0.0927239775280531	0.593894364839767
CAPZA2	-0.746701925363496	0.2146227728946	0.66779997730912
CAPZB	-0.224666284503243	0.759826992202834	0.924957224238645
QARS1	-0.0648485678839528	0.788703787683514	0.934840897492394
RPL29	-0.40806435543012	0.208183135304206	0.662513004313738
PIP4K2A	-0.171753196664859	0.49224136185451	0.804968050124901
ARCN1	-0.279251272471569	0.637939524135987	0.878406839481494
GCLM	-1.72909537833409	0.0474691699388799	0.546218787666442
PSMD8	-0.151328637910659	0.619606084697012	0.867596545802835
PRRC2A	1.10392676737412	0.0811905741748991	0.580120963047934
CCT5	-1.06350359935793	0.246055337587477	0.682234214879902
CSNK1A1	0.174213209434154	0.840208188790708	0.953373862975004
ADGRE5	-0.509602729351766	0.0752726788338002	0.57244987810214
POLD2	-1.18688069901505	0.172787314267783	0.640966319904451
MARCKSL1	-1.38075604034263	0.0902264514903028	0.593732306639685
ALDH9A1	-0.289258675657578	0.323475604225776	0.718941436840414
RPL34	-0.443228084826711	0.461550316802796	0.789314342822014
RPIA	-0.132844974494994	0.651889945324429	0.88771200189246
LMAN1	0.289934973772365	0.273111458876593	0.695202461151344
NASP	-0.970538291342834	0.458102644517973	0.787837570562811
FASN	-1.20618336372372	0.218024898399544	0.669910673706068
CCT3	-1.03992442898775	0.203417296738344	0.660114137190728
ALDH7A1	0.120908919413246	0.571078319264187	0.847893049784489
SRP9	-0.0365476700320997	0.916323523527552	0.982480018740627
AARS1	-1.50731963260917	0.19826203287953	0.656932057224856
CARS1	-0.924287481976716	0.272884328975205	0.69506177048859
SARS1	-1.37256432831603	0.249469552397769	0.682234214879902
PRIM2	-1.00867203194409	0.0492371522213042	0.547865602755798
CSNK1E	-0.422055321326781	0.115556808813274	0.608738355024034
PSMB3	-0.314965589448605	0.393337008590434	0.758217010802296
PSMB2	-0.374621298838463	0.52509412596166	0.825449979933203
MCM2	-0.481232468810756	0.344657187484625	0.729510880242109
TMED10	-0.0845171609998232	0.714682887138212	0.912563037441377
NUMB	1.2382449578991	0.0717199789372802	0.570768065833689
EIF2B2	-1.15001669068132	0.106386709056386	0.603653565340898
HINT1	-1.10529575433089	0.205343908210048	0.660114137190728
RANBP2	-0.089267247425397	0.740593246426221	0.923123915273929
MTHFS	-0.32906694621429	0.456322868364098	0.787019349200437
LIG4	-0.0996386878081701	0.810424779880671	0.940771319728993
MRE11	0.523290439313314	0.0685029217259544	0.56528703545749
GDI2	-1.09612169833505	0.333795966241212	0.72443889618094
SERPINH1	-0.327774509509062	0.422912695994979	0.767935009488334
ST13	-1.50665032158517	0.24024733715243	0.679742533087422
PEX5	0.181432835439459	0.757704082022443	0.924957224238645
DNM2	0.256195860724162	0.58713652544681	0.854801068997699
CDK7	-0.0598075145848185	0.877279188648217	0.967856994577648
CDK9	0.369007608151989	0.278136909605739	0.698774814760807
LRBA	-0.724724630347495	0.302358033850699	0.709457774663294
RPL14	0.0860561248416403	0.691402108481661	0.902412855789938
CCT8	-0.683893612628069	0.328833302987764	0.721665323919893
CCT4	-1.11433330050418	0.185229210210161	0.645245273869515
FXR1	0.283469849334402	0.539379619367683	0.833395490014756
FXR2	1.37845765041001	0.0212612562817028	0.487673108744187
RAB5C	0.00694294813120422	0.974640871245787	0.997656742786927
RAB7A	0.0293696986910525	0.889607088047352	0.971678601955856
RAB9A	0.0664119146184134	0.753914203376285	0.924957224238645
RAB13	-0.426349561893858	0.192054691125443	0.654273616264889
DAP	-0.266952466598049	0.358948388786488	0.74072204016656
HCFC1	-0.247005998164362	0.232766205026713	0.678304630085419
PSMD7	-0.712311698111357	0.0649716323147413	0.56142154077097
RPS6KA3	-0.854172213523793	0.123407214001849	0.612492181211891
HDGF	-1.61291498055526	0.257571389993944	0.685061444553686
HNRNPA3	0.555492950735065	0.370355973934572	0.748399225925904
PGD	-2.14599471728891	0.100042262375588	0.599838249007096
HNRNPM	0.332773077499766	0.42549456205781	0.768064143541519
KPNA2	-0.975336277957172	0.161215971096486	0.6384680948005
POLR2H	0.0206371980353772	0.972820748456056	0.997601022594392
POLR2J	0.265393558683968	0.597100810557411	0.860210013499513
ARHGDIA	-0.94665223936892	0.324478244567575	0.719407761395143
SLC7A2	-0.0930670055608935	0.702078836529856	0.90651558586422
AGFG1	0.206332498681707	0.548230593101385	0.835117603747276
HNRNPF	-2.08894994143265	4.42720313448074e-05	0.0142632683358645
MSH6	-0.959001385511115	0.0766417867579852	0.572760872729639
RIDA	-0.186804292003266	0.494667007273622	0.806820272988174
HK2	-0.87480276906912	0.278272819145976	0.698774814760807
CAPZA1	-0.81249663458507	0.252450436389301	0.684916777291027
CRIP2	-0.565854318689457	0.0631466991432552	0.556978949592968
NUP98	1.12865565426073	0.0156486552002623	0.423791362861197
PPP5C	-2.26667388162902	0.0631024255334058	0.556978949592968
PLK1	-1.26431890840992	0.204929286326205	0.660114137190728
ARFIP2	-0.519839225139904	0.456436977192187	0.787019349200437
ACLY	-1.67070327575585	0.166524680591105	0.6384680948005
METAP1	-0.504389419743717	0.163357447358954	0.6384680948005
COPB1	-0.690851121595205	0.328681435626102	0.721665323919893
COPA	-0.256659153915791	0.539955725905391	0.833395490014756
CTSC	-0.702669173216652	0.181878253079621	0.642819929447141
CLTCL1	0.586459435261016	0.390897572502162	0.75608047025694
AP2S1	0.24408317052373	0.29011004368356	0.706252762666871
SLC16A1	-0.183371632741505	0.415756910960255	0.767874398794631
IST1	-0.316891857742007	0.255924466318733	0.684916777291027
SEC24C	-0.263521229247811	0.408070424748488	0.765399780618028
SUB1	-1.46936654676434	0.243923999329929	0.681677105756419
CLNS1A	-1.17791268036898	0.251351828443301	0.683957987832362
RARS1	-1.27306058661249	0.237041290865964	0.678646871282716
ATN1	0.28670964815727	0.221119648095191	0.672126610543405
YARS1	-0.551717873037294	0.586902867751729	0.854794369554629
USP14	-1.9577155061078	0.111149758815871	0.606409829853465
PRKAG1	-0.126624540078978	0.783112216556381	0.93364005502504
ATP1B3	0.0387633085186394	0.890674814654268	0.972219000912533
RAD23B	-1.54251599612765	0.130497610600205	0.616106319820597
AK2	-0.849978617347062	0.123156025765037	0.612492181211891
NAPA	-0.102795134985811	0.676441592303964	0.897219355761232
EIF5	-0.500730843534392	0.446454841291707	0.780772872477535
PSMD4	-0.727270946807778	0.115819609737021	0.608738355024034
CSE1L	-0.870018739402283	0.390774698893541	0.75608047025694
VCP	-0.552366007090022	0.269601863527894	0.691075932577331
MFAP1	-1.4030326348322	0.332180936851765	0.723799122746628
NAP1L1	-1.07989563965826	0.308741067090307	0.712315316712096
ADAR	0.0569186331418727	0.870884588324629	0.965595797249921
TPD52	-1.54804250200587	0.155320610579706	0.6384680948005
SEC13	0.288287904322178	0.351617023665226	0.735567305960183
SNU13	0.100223173894388	0.686975101134032	0.90044246657841
NPEPPS	-1.75238366731683	0.156974712165665	0.6384680948005
EIF3B	-0.102739048115147	0.747252207197379	0.924777378455287
MARS1	-0.479143939247514	0.435564652262855	0.773698608039881
EIF6	-0.415656709671048	0.488558386668871	0.804968050124901
GEMIN4	-0.876343903603267	0.149307464003952	0.631945649459253
NUP107	0.181640237375451	0.419905529009795	0.767874398794631
EEFSEC	0.475738478928726	0.133218475382286	0.616106319820597
EPPK1	-0.886883734608453	0.385064034228189	0.752437793913334
ARPC4	-1.54715120102275	0.0949655985358358	0.596848464331699
TPI1	-0.967148407493742	0.398426115511791	0.760094187168102
EIF3E	-0.262441691923634	0.340897304381813	0.726432280057467
PPP4C	-0.645670849689271	0.29394242847522	0.707950400852083
MYL6	-2.2585086068578	0.0713050569823117	0.570768065833689
ACTB	-2.59288256992829	0.0738818434177208	0.570768065833689
EIF4A1	-1.18586931190332	0.185292699230997	0.645245273869515
RPS20	0.00478902805706483	0.987891195958841	0.998034393892448
PSMA6	-0.816256613190127	0.131639563458787	0.616106319820597
S100A10	-0.463847617912947	0.400922843044823	0.762014306021418
CDC42	0.10591660919312	0.633167479093365	0.875995891804091
DSTN	-1.14409482462139	0.172668833918826	0.640966319904451
RAB8A	-0.529986184184381	0.176179388389115	0.641503539931958
SRP54	0.137835915201975	0.783775733970741	0.93364005502504
RAB2A	-0.087827456338605	0.729307602040417	0.91851084081026
RAB5B	0.312348036731855	0.326702055897714	0.719960617146823
RAB10	-0.602457067367023	0.491959739412775	0.804968050124901
RAB14	-0.217252957572356	0.417444504475605	0.767874398794631
ACTR3	-0.62368353424074	0.305968722387953	0.709607714548238
ACTR2	-2.02290405506139	0.0605060165630339	0.552641343250854
ACTR1A	-1.40975278856461	0.21374711114142	0.66779997730912
COPS2	-1.15726399276217	0.127897634995449	0.613374574775551
ARF3	-3.99449651828998	0.00537634503056536	0.272069651685503
ABCE1	0.109176777210973	0.793854728194914	0.935743062879092
RAP1B	-2.57090141997073	0.0335562583473323	0.512649025296986
RAP2B	0.508242525776438	0.116025716972566	0.608738355024034
RPS3A	-0.0199622027648125	0.938074763877447	0.985965812635727
RPL26	-0.141730514548783	0.660785955224671	0.892503581821339
PSME3	-0.986743594538606	0.254046740182687	0.684916777291027
RPL15	0.235576955563797	0.656879809832841	0.890669247523725
RPL27	0.0277114084192931	0.92103635945071	0.984042256416349
RPL37A	-0.0919127142399283	0.710453780174951	0.910534535251316
NAA20	-0.554786012826931	0.100094838631737	0.599838249007096
HSPE1	-0.166457044953731	0.525328072743634	0.825449979933203
VBP1	-3.11922230683668	0.000276984458654009	0.0527595179723136
STXBP1	0.104683804675894	0.800188944451159	0.937793903146994
COPZ1	-0.488813616514612	0.402278090520362	0.762605986368624
UFM1	-0.65435092161874	0.321897157917549	0.718511535915812
DCAF7	0.539946668304125	0.17544628214205	0.641503539931958
WDR5	-0.0223596363412817	0.939688341795892	0.986311386155219
AP1S1	0.00566613879259137	0.98219342940319	0.997664916968184
HNRNPK	-0.298212367933122	0.549253084603849	0.835991050597271
YWHAG	-1.02246230798728	0.214463777690638	0.66779997730912
RPS7	0.287761771063966	0.356914200524383	0.739310218674856
PPP1CA	-0.364407004034089	0.334432350701038	0.72443889618094
PPP1CB	0.183417012836681	0.736562318628021	0.920913104426187
NCS1	-0.746901783475614	0.0470652603328237	0.546218787666442
PSMC1	-0.671990716548933	0.180237437331089	0.642582873109386
PSMC5	-0.312919721251944	0.490572894857855	0.804968050124901
RPS8	-0.383849152779355	0.276283206123638	0.697233137112706
RPS15A	0.141994394953759	0.553469397038939	0.836408909426558
RPS16	-0.0962880500200249	0.706847554176749	0.90895379224716
YWHAE	-0.96700039114306	0.455079311276034	0.7864703994873
RPS14	-0.241215015292447	0.27372094194761	0.695215406064658
RPS23	0.356996520965673	0.10425257803167	0.603653565340898
RPS18	-0.125442321596807	0.617604502695203	0.866386591837234
RPS29	-1.38856988503844	0.0456069970581573	0.546218787666442
RPS13	0.108657707715235	0.784245323292092	0.93364005502504
RPS11	0.341084591835006	0.207360651510803	0.660688737650058
SNRPE	-0.141493133127632	0.554185876663309	0.836781239538445
SNRPF	-0.235873358330913	0.293238715921905	0.707950400852083
LSM3	-1.03755264364358	0.148594410135995	0.631945649459253
LSM6	-0.204099487038214	0.531032538150602	0.828769206242721
SNRPD1	0.0231047181075468	0.932119570099618	0.985174519965999
SNRPD2	0.0260836802259554	0.946841286077332	0.987645636739236
SNRPD3	0.739710941780015	0.0381923523249009	0.524872092904795
TMSB4X	-2.28984258108282	0.165743382160164	0.6384680948005
ARF6	-0.792611634587011	0.129010195623184	0.616106319820597
PSMC6	-0.809397194115022	0.0912934976899222	0.593732306639685
RPL7A	-0.196641336546683	0.529830436859237	0.827792378239477
POLR2G	0.969693153293829	0.0143904693244865	0.406739652326293
ETF1	-0.766947036670484	0.141424746450365	0.622070094577357
YPEL5	-0.148981124578953	0.599145145728617	0.861165123255553
RPS4X	-0.0363744111279445	0.867950603225131	0.96412058639181
PPP2CA	-0.576446364060097	0.151194660625589	0.635912020405617
RPL23A	-0.307528347112132	0.247062486025675	0.682234214879902
RPS6	0.198485263746182	0.538680739692307	0.833319322242937
H4C1	-1.13037886606517	0.0560835378613921	0.547865602755798
RAB1A	1.0165477647328	0.0829850774432884	0.581873894091918
RAN	-1.0758878300672	0.195216461066401	0.656657178583234
RPL23	-0.824522532246085	0.0178157701706855	0.448568328263064
RPS15	-0.0908386401373846	0.777628887807592	0.931581120449838
RPS24	0.345028801180138	0.178347529700614	0.641503539931958
RPS25	0.0418420572611673	0.874105471319648	0.966710781087322
RPS26	0.606518331778183	0.0345139542840023	0.512649025296986
RPS28	-0.0204812642687955	0.958319230136299	0.990888965595263
FAU	0.259992589992212	0.535886721954647	0.831934701943057
POLR2L	0.240640399523947	0.329452327742476	0.721665323919893
RBX1	-0.487655208756657	0.240308776998121	0.679742533087422
RPL30	0.223360438296403	0.314605583713344	0.713461030841462
RPL39	-0.226485975308421	0.368754790771266	0.747854007611202
RPL31	-0.139703120145182	0.707494277918927	0.90895379224716
RPL10A	-0.0543872618708932	0.786694800858585	0.934840897492394
RPL32	-0.145856686101844	0.552644399061069	0.836254632713968
RPL11	-0.0926618724962438	0.711218712538234	0.910534535251316
RPL8	-0.736850159102122	0.0690923394205579	0.56528703545749
PPIA	-1.90497831801794	0.222705244786505	0.672126610543405
GRB2	2.02772312667546	0.031685588195686	0.511793511258846
RAC1	-0.744655042132834	0.0588983619700753	0.549054389807244
AP2B1	-0.122996606360452	0.591698039398424	0.857546064064638
GNAS	0.0947497302685605	0.659209332223043	0.891356816194182
PPP3R1	-2.13976779139344	0.00595473982415203	0.283562121408805
YWHAZ	-2.05033287261946	0.0588851146438195	0.549054389807244
PPP2R2A	-1.39263053613323	0.0829974853627193	0.581873894091918
SUMO1	0.0254830735160994	0.985140020726858	0.997664916968184
DYNLT1	0.23173767002022	0.572595180546562	0.847893049784489
RPL38	-0.0191589773050858	0.931245654287221	0.985003835637487
SKP1	-0.709524038014944	0.421821289681287	0.767874398794631
RPS21	-0.0054005130142869	0.988450326364238	0.998034393892448
EIF5A	-1.08787516876293	0.192510304544193	0.654273616264889
RACK1	-0.272909601716318	0.332409001361839	0.723799122746628
UBE2I	0.0848143549711082	0.90483942893889	0.977968468059054
TMSB10	-2.38937818153669	0.170102025786584	0.639529308603452
YBX1	-0.547306675378671	0.0691520129690135	0.56528703545749
CSNK2B	-1.07591166761518	0.00271330617488758	0.20711898182821
TPM4	-2.61393985112441	0.0641515487398335	0.559856444281296
TUBA4A	-1.66832374199413	0.0815509272486444	0.580120963047934
TUBB4B	-1.55200896205869	0.0776884387358213	0.577848981496831
CSNK2A1	-0.107949238258151	0.680936779696177	0.898729017647462
PAFAH1B2	-1.83289046333596	0.158790988367943	0.6384680948005
IGBP1	-0.945059329912134	0.381740851164314	0.752294303711255
EIF4G2	0.415038633796971	0.56242250900361	0.84238393570763
RPP38	-0.466645437508127	0.199013710447778	0.656932057224856
RPP30	-0.143041326709707	0.750696862076839	0.924855184322178
GTF2I	-0.573877168738498	0.148027489083266	0.631945649459253
PIP4K2B	-0.284353698901512	0.352085058342503	0.735567305960183
SRPK2	-0.293520063855048	0.295453636691677	0.70833301508399
CCT2	-0.729331579069903	0.338838127641645	0.726432280057467
RAE1	-0.542807981917299	0.151645794842515	0.635912020405617
GSTO1	-1.84217685028075	0.118111577125197	0.608738355024034
PRKDC	-0.299716613782952	0.447999482152933	0.781710226961518
BASP1	-0.812906591979964	0.0379502899240911	0.524872092904795
HMGN5	-2.06644216674334	0.015797084291088	0.423791362861197
SARNP	-0.657336182007032	0.138997509936309	0.620418838116397
RPL24	-0.107389254183293	0.681217746187887	0.898729017647462
ARF1	3.04324958122652	0.0177518651058468	0.448568328263064
ARF5	-0.431546499693322	0.411545445456304	0.767874398794631
RHOG	-0.279446939852317	0.382279787288573	0.752294303711255
RPL19	-0.310412231026902	0.687679138926457	0.90044246657841
SRSF3	0.702481458544494	0.0514215714824767	0.547865602755798
CCZ1	-0.596748764613494	0.549376451647921	0.835991050597271
DAB2	-1.23614786065809	0.0857495945032726	0.592735508461659
RBM3	0.0236219575731624	0.945553439446767	0.987322597106709
CYCS	-0.312175973179642	0.354678697616098	0.737463289434809
HDLBP	-0.121269745823341	0.591013571400221	0.857546064064638
GTF2B	-0.0482254431236164	0.919575290309052	0.984042256416349
CDK5	-0.417915368461351	0.274985415488423	0.696258928219752
PURA	0.19524587562568	0.434183068253261	0.773548605944504
CLTC	0.408394690423876	0.28453809254726	0.704111275130804
FKBP3	0.0542507291714003	0.828399127572976	0.947227875232571
REEP5	0.040279087734703	0.862672232325089	0.963141450004132
HNRNPU	-0.299254895612524	0.500093428148358	0.810835556422059
SPTBN1	0.64817617224066	0.342938694744099	0.728332927776587
TIAL1	-0.211595770706982	0.407190899759831	0.764660161212845
SET	-1.03165279405953	0.361851322374258	0.741700992218904
SRSF2	-0.308689301378053	0.213621425084849	0.66779997730912
FABP5	-2.10342858020822	0.0611093433985184	0.552641343250854
CAP1	-1.31670480086377	0.160933777331942	0.6384680948005
HMGCS1	-1.99335969879165	0.0639485720254303	0.559271881570565
IFITM3	0.0807068150409833	0.718861664037185	0.914175021813326
SLC7A5	0.0356187944663873	0.895897822748105	0.973444534092126
EXOSC10	0.13315766165551	0.740660855243647	0.923123915273929
OTUD4	-0.199623926055381	0.374719857102893	0.750607749423229
PFKP	-1.71501612368215	0.119451682784844	0.608738355024034
EWSR1	-0.649075873500511	0.0319093733487745	0.511793511258846
OCRL	0.0633250270465808	0.920717920310045	0.984042256416349
PLCB3	-0.302311690479179	0.63696398179017	0.878406839481494
COL7A1	0.0614681243335902	0.932432158219255	0.985174519965999
RPL18A	-0.203880330674668	0.459867022374577	0.78914117705563
FKBP4	-1.38293543473556	0.159880849792311	0.6384680948005
RPL6	0.495672919797908	0.0926950094700622	0.593894364839767
AKAP12	-0.438156295013918	0.384555572263598	0.752320918873881
DST	0.441604071292499	0.171805276848448	0.639529308603452
TNFAIP2	-2.29255729674307	0.00611105247085448	0.287876568546381
EIF4G1	-0.493529027239525	0.263030625454256	0.690027991174563
KRT17	-0.506695403669212	0.344749359680784	0.729510880242109
TLE3	-0.73962793492651	0.205513478513683	0.660114137190728
GLO1	-2.08857458058654	0.084671707674454	0.586941062218011
YWHAH	-0.581860103095821	0.440165825627409	0.777253721109907
PLP2	-0.666573398778738	0.200750007653929	0.657430068967336
CSTF1	-0.212821534863849	0.398402391686611	0.760094187168102
EEF1A2	-0.81558410221481	0.277451142462639	0.698774814760807
PRKCD	-0.706082031637408	0.0477775313374341	0.546218787666442
CALD1	-1.47704608038637	0.00769573419932087	0.303810595219505
FPGS	-0.00867029292629695	0.981649110945101	0.997664916968184
PTPN11	-0.970312290064477	0.0732546584195033	0.570768065833689
GFPT1	-0.532899168810808	0.536373904093553	0.832101300932668
EXOSC9	-0.140639100291718	0.755979061246236	0.924957224238645
PSME1	-2.33153434294952	0.0499110509654003	0.547865602755798
PRDX1	-1.8628417403053	0.201275441550981	0.658305651158679
RPL18	-0.0689037485004427	0.774512786651207	0.930315042866109
C1QBP	0.37485704527445	0.0870043523786144	0.592735508461659
TJP1	0.373210205971443	0.124417118141039	0.612492181211891
BAX	-0.58531435670081	0.067055172232474	0.56528703545749
POLE	0.19456232298349	0.595593780267908	0.859735206376838
KLC1	-0.142369998490675	0.826109315595824	0.947227875232571
SRSF1	0.109211663503793	0.728398642195322	0.918306316966246
TLE5	0.0590743255538335	0.949349218102184	0.987704699324651
PPP3CA	-0.0892920667604109	0.816851902819974	0.943041319993659
DHX9	0.480538262812971	0.519592682906415	0.820698162933094
CRYZ	-0.0628110119854881	0.777429284603004	0.931581120449838
GOLGA3	-0.972236299526848	0.0117525704894484	0.364393639151782
GOLGA2	-0.128017852076571	0.641419558485918	0.879619822236356
PPID	-0.45426956131659	0.54004401289534	0.833395490014756
SSRP1	-0.970548632120408	0.174407564730552	0.641503539931958
VAC14	0.544161968995102	0.221086740838345	0.672126610543405
NSUN2	-0.644380686875447	0.200785535785961	0.657430068967336
RBBP4	-2.61098970495644	0.0748353142442119	0.57244987810214
NCBP1	-0.118257909751527	0.782209018494582	0.933381474780763
AHNAK	0.178367640162286	0.538182216111891	0.832890753526666
FCHO2	0.303553557456983	0.617039811477912	0.866386591837234
HSPA14	-0.867416998921065	0.0950322881245197	0.596848464331699
GALNT2	-0.0152414500717661	0.943704280933801	0.986616701426186
AP1B1	-0.0390330411371984	0.866793593418682	0.964057560997015
BST2	-0.145981796532681	0.617300462223808	0.866386591837234
WASHC5	-0.591534240501755	0.0908599912365633	0.593732306639685
NUP160	-0.647739684715205	0.020557142492889	0.476512387626173
TWF1	-0.68567083474057	0.421368386385858	0.767874398794631
AKAP13	-0.394268629414892	0.53764582492525	0.832817525478737
CDC20	-0.558068099947491	0.0543205738884384	0.547865602755798
GRSF1	0.0111864503561065	0.989079348953601	0.998034393892448
SF3A3	0.0323080696039213	0.924010614300746	0.984042256416349
TP53BP1	-1.02519904300048	0.178649432233523	0.641503539931958
IFRD2	-0.224984679521331	0.433944501526823	0.773548605944504
AIMP1	-0.689233960433782	0.188748521287594	0.649573662027455
ILF2	-0.165222177632835	0.43101416141073	0.771984072420445
ILF3	0.396378712751499	0.359257165441162	0.741010189170306
TRAP1	-0.714335432614302	0.323496983048638	0.718941436840414
MYO1E	-2.07656287462951	0.0524168733649425	0.547865602755798
MLLT11	-1.13955675256692	0.117424455012162	0.608738355024034
STRN3	0.203493743219916	0.612269562453518	0.865137698414332
STK4	-0.159443221145175	0.777326145571955	0.931581120449838
FLII	1.30926828846738	0.0495132729395487	0.547865602755798
COASY	-0.855873139759669	0.166660133840752	0.6384680948005
ACACA	0.0450696125427967	0.941852121004022	0.986616701426186
GPS1	-0.573611781788046	0.2501768229986	0.682456202712867
CHAF1B	0.423670234620936	0.312759354560893	0.713461030841462
IK	-0.120397234144882	0.776465711817225	0.931486232448485
MTAP	-1.76469255985483	0.103688880403451	0.603653565340898
PRKAA1	1.71814035577039	0.154598404556275	0.6384680948005
PPFIA1	0.44101618378647	0.0693488720962859	0.56528703545749
EIF2B5	-1.25285128414958	0.138434431466058	0.620418838116397
TARDBP	-0.330584836898407	0.331325464515336	0.723631901547437
HNRNPA0	0.17476104799076	0.585516298397636	0.854479314883425
AIMP2	-0.340526307848258	0.699257385130206	0.905527343031533
PRDX4	-1.58641863407967	0.252771718998716	0.684916777291027
CBX3	-0.963859256000724	0.109168044888289	0.604064970074715
STX5	0.10243847327575	0.750837653146705	0.924855184322178
PSMD2	-0.822268010741034	0.0813715015455865	0.580120963047934
NME3	-0.561361559132703	0.0972792510307916	0.597728469517388
SRSF5	0.135046370477554	0.709355256417395	0.910226722642455
SRSF6	-0.582781931818698	0.132049151216982	0.616106319820597
MAD2L1	-0.205290409248764	0.81218995222441	0.941822175938364
TRIM28	-0.455870293171767	0.230514850718331	0.675967381909327
G3BP1	0.493174215461558	0.119107628469689	0.608738355024034
KCNAB2	0.483762482617699	0.429734310240863	0.771796793176661
SKP2	0.416651592977125	0.421109559838262	0.767874398794631
PABPC4	-0.286880594659202	0.281385364866304	0.701029525455524
EIF3I	-0.411682788215693	0.305742131605638	0.709457774663294
PPP2R5C	2.4405223138858	0.00320421430127091	0.21596404390566
CTBP1	-0.0450351869907237	0.923508485504876	0.984042256416349
PDCL	-0.434913017449755	0.406484938718086	0.764660161212845
DYNC1I2	-0.0816312182462546	0.793519584663401	0.935743062879092
ORC2	-0.278251248348788	0.400632303682496	0.762014306021418
SNTB2	0.0698468551894145	0.765262624607118	0.928536692487658
XRCC4	0.317662207718794	0.667983543511628	0.894619503561183
TCOF1	-0.177771408309585	0.566078117571008	0.844682640694342
SF3B2	0.618683216382347	0.0281247582111765	0.498844395640341
GOLGA4	-0.105023065145016	0.811747428340582	0.941558242933569
PDAP1	-0.965960648748705	0.302945601264604	0.709457774663294
FKBP5	-0.858864161001236	0.054326201905758	0.547865602755798
PICALM	0.30754389255539	0.44075642276347	0.77754634199981
SQSTM1	-0.595992271769617	0.19767655576325	0.656932057224856
TUBB3	-3.38200102704403	0.144366863003748	0.629324603800417
HDAC1	0.0995240842220717	0.795864832283469	0.936277123124567
DCTN2	-0.971575275981031	0.130181728196907	0.616106319820597
SNW1	-0.582583576915994	0.0331273781403895	0.512649025296986
PWP1	-0.290617277753789	0.566344821374771	0.84478190851694
CUL1	-0.882198794659175	0.0923759067357036	0.593732306639685
CUL2	-0.383724152579923	0.404017291569249	0.763259919950357
CUL3	-0.518201928758547	0.177449599004406	0.641503539931958
CUL4A	-0.205296298517961	0.630215942916818	0.874138951497623
CUL4B	-0.480267724978727	0.591863136631151	0.857546064064638
TP53BP2	-0.416239309900977	0.486493312411241	0.804274415725905
GFUS	-1.1040065842199	0.168389895177096	0.638989533616924
RAB31	0.00406048629847788	0.986182955992182	0.998034393892448
RAB32	0.0593200601396475	0.76243707550682	0.926813770198496
PMS2P11	0.251410195667322	0.401200658944003	0.762162626640941
ALKBH1	0.0515905286852423	0.871253238662305	0.965595797249921
ALCAM	-0.176768221278181	0.407377051375198	0.764661037735537
SPTAN1	-0.63198425421437	0.303345641694552	0.709457774663294
GNL2	0.181566761773436	0.668414347817115	0.894619503561183
DDX39B	-0.402267225357402	0.180035207862145	0.642582873109386
BLMH	-1.05191652152799	0.220479587108626	0.672126610543405
EXOSC2	-0.6235520315911	0.105070460783001	0.603653565340898
BYSL	-0.331823536385858	0.356297885729037	0.739081579433367
IDI1	-0.729221746644274	0.149947025995732	0.632870502420524
CKAP5	-0.495250127930753	0.699535922765658	0.905527343031533
CIRBP	-2.01826716767551	0.0552016169108246	0.547865602755798
COX17	-0.807387122329466	0.0457623282486606	0.546218787666442
HNRNPD	-0.0760949348584248	0.711911194994845	0.910611713271547
DSG2	-0.191783694933729	0.38176724106145	0.752294303711255
BOP1	0.375415990634025	0.387558462020681	0.754619387605601
UBE4A	0.0519306778638615	0.801296427030767	0.937860314704011
SAFB2	2.05023161375825	0.04332459299876	0.546218787666442
EIF3A	0.248478506098618	0.436146450356357	0.773698608039881
UBAP2L	-0.0144632553480619	0.945630134092616	0.987322597106709
SCRIB	-0.124451391970609	0.697602118848593	0.905425410120547
DCTN1	-0.172605636459579	0.62095954692172	0.868277857646363
DYNC1H1	-0.645695747654411	0.11772424725694	0.608738355024034
ELOA	0.259102504785652	0.496202040239928	0.807826509955824
MAP7	0.0629033574050553	0.82667677319811	0.947227875232571
TRIM25	-0.0999436395360078	0.767987909445094	0.928536692487658
FAM50A	0.19309856015672	0.791781677425298	0.934840897492394
FRG1	-0.342243688192745	0.151787085252899	0.635912020405617
PDE3A	-0.0187264664834395	0.954643313678993	0.989189299249685
CAPRIN1	0.0105215571396009	0.969773245362558	0.996023716698754
RBM39	-0.181876456687412	0.435977486336063	0.773698608039881
MCM6	-0.58431228295348	0.294338540509038	0.70833301508399
ITPR1	0.317369906533948	0.255716315593406	0.684916777291027
TRIP12	1.01825555626661	0.073781741367963	0.570768065833689
PUM1	0.232820970910179	0.621935038154044	0.868844834870174
CLINT1	0.100522962518657	0.682523284387932	0.898747973821319
SMC1A	0.796565637775053	0.0806459295277119	0.580120963047934
USP10	0.297212477261187	0.217989561479036	0.669910673706068
GANAB	-0.515900635525945	0.457766478639163	0.787696364068411
MVP	-1.35929675592192	0.0523013914847173	0.547865602755798
CHD4	0.555712599045552	0.311193607169675	0.713461030841462
LASP1	-1.88511088156713	0.140146020965672	0.620497766349926
KPNB1	-1.23116170846938	0.196952187322157	0.656657178583234
NOLC1	0.136390877417071	0.681893461460891	0.898729017647462
NUMA1	0.873170520660249	0.37767013558909	0.750607749423229
PSME4	-1.29207228997029	0.141389641221597	0.622070094577357
NAA25	-0.860322217237275	0.0630485007487255	0.556978949592968
NCAPH	-0.651325228065367	0.235854597364435	0.678646871282716
PCLAF	-1.98162690255977	0.000882972481318167	0.124783949698545
PSMD6	-0.586724990488715	0.111472374720086	0.606658973476641
MORF4L2	0.110617486868474	0.913888366256513	0.981739897074795
ABRAXAS2	1.37159515474814	0.0279924094550972	0.498515226921873
SART3	0.10333272068728	0.799283953305299	0.937793903146994
NCAPD2	-0.689724887274117	0.248753504088763	0.682234214879902
SUZ12	1.21533519926971	0.0566256640055742	0.547865602755798
EXOSC7	0.363179613292285	0.701257397361945	0.90651558586422
EFTUD2	-0.716927758760921	0.186636983602587	0.645858313714796
SNX17	0.0485400572133514	0.933175940211617	0.985174519965999
RAB3GAP1	-0.570233050460352	0.10394405467457	0.603653565340898
KARS1	-0.870694275518055	0.0496300139178042	0.547865602755798
SETDB1	0.456272608018381	0.308473663973002	0.712315316712096
EIF4H	-2.62766113237873	0.0557279054200283	0.547865602755798
KIF14	0.685530409369711	0.450021185854365	0.783602072825108
EEA1	-0.91498276114071	0.226165421758875	0.673959655639043
PDIA6	-0.477888737624529	0.40679399655973	0.764660161212845
PAFAH1B3	0.00376550297819378	0.99715054095871	0.998746346579815
PLCB4	0.184735959989883	0.632828168508962	0.875962150470067
PLEC	-1.00443723198702	0.00677400322917166	0.293671084914767
PCM1	1.31442710490456	0.0341886202065583	0.512649025296986
PPA1	-1.59787272242146	0.202396468753095	0.660114137190728
PTGES3	-2.54681985611624	0.00552751405401373	0.275182262166297
NONO	0.559613545049984	0.188657125249345	0.649573662027455
PTPA	-1.09562208636981	0.312576374438593	0.713461030841462
RABEP1	-5.01193761650133	0.00272616787857707	0.20711898182821
RAB35	-0.0676683257303559	0.778995359221377	0.932453188182746
RBBP5	0.309091448035318	0.241685870957287	0.679742533087422
RCN1	-1.10957137553379	0.118935675149762	0.608738355024034
LLGL1	0.684323623810172	0.315999652191471	0.713461030841462
PCBP1	-0.821183034238693	0.329125665818108	0.721665323919893
PCBP2	-0.466386332705433	0.423962010988925	0.767935009488334
ELOC	-0.526069669187155	0.531388427376353	0.828769206242721
ELOB	-1.56968028600549	0.0272093874883676	0.497218335610474
RHEB	-0.659953088079561	0.43936219474565	0.776477725049441
UBE3C	0.240976834866821	0.383573462141938	0.752294303711255
SF3B3	0.364903875775674	0.172424106486592	0.640703995350093
SF3B4	-1.08751715640363	0.00420376996696249	0.246565285959848
SEC23A	-0.0373154894467085	0.891608216622546	0.972294379611577
SEC23B	-0.561885795484649	0.0995730124450705	0.599838249007096
SF3A1	0.019502145712142	0.948910812019983	0.987704699324651
TSN	-0.842361385433371	0.224136320035774	0.673249112485248
TARBP2	1.09985449237617	0.116887286187042	0.608738355024034
SF1	-1.0487509113633	0.0739646893249586	0.570768065833689
TRIP11	0.183537271116585	0.702577084495783	0.906891634406608
TRIP13	-2.042394586573	0.0244092424468689	0.495586303848912
OASL	0.548620706550555	0.376221409674128	0.750607749423229
TRIP6	-1.10468391949694	0.0555903796113028	0.547865602755798
MAPRE1	-1.14564376849581	0.295718120198269	0.70833301508399
ELAVL1	0.104926345928973	0.715057083220559	0.912563037441377
SLC1A5	0.076824717074345	0.745749176830271	0.924222671483286
MLF2	0.45906903016856	0.12603397501397	0.612492181211891
STXBP2	-0.859525054623365	0.0278060927241648	0.497218335610474
NEDD8	-0.506516385198349	0.486473149788282	0.804274415725905
RAB11B	-0.2807584509086	0.603781863282048	0.862847856766778
ZYX	-3.99439568042668	0.00342082949722821	0.217197884454446
ADRM1	-0.790658184025119	0.078309318820245	0.578193897695137
CCDC6	-0.51225507680785	0.289190621652808	0.706252762666871
PSMD5	-1.06943547721817	0.196401766835196	0.656657178583234
PKN2	-0.112306760458093	0.807804806296848	0.939436785623634
DDB1	-0.571275527488677	0.387267625649304	0.754388380600089
CDC37	-0.900091310098318	0.29477536563779	0.70833301508399
DPYSL2	0.0369200923226316	0.968168698550532	0.995201095342535
RBBP7	0.971691734375913	0.362131573238127	0.741700992218904
TAF9	-1.29348429699159	0.018482133867223	0.448997280970627
MEA1	-0.864928532090708	0.318178654023747	0.716679014538836
SRSF7	0.893660927385994	0.103836390789415	0.603653565340898
CPSF6	-0.10625895900586	0.661121279666808	0.892503581821339
SMN1	0.64574187554674	0.0180861689902204	0.448997280970627
DBN1	0.204923842170967	0.621132802068866	0.868277857646363
FSCN1	-2.14329832400832	0.083143815955613	0.581873894091918
NDUFA5	-0.293966805567866	0.343155209279899	0.728373532875599
KYAT1	-0.0406232264906059	0.950926558288221	0.987704699324651
GUK1	0.918343220649593	0.0727241583977002	0.570768065833689
HAGH	0.666036339913905	0.155859315066589	0.6384680948005
H2AC18	0.187738962631133	0.77801574296522	0.931740589731736
HADH	-0.0135565625512406	0.959531369879939	0.990934559544498
UGP2	0.330236887700011	0.793813025721431	0.935743062879092
ATP6V1F	-0.146873712151546	0.529766636780777	0.827792378239477
TXNRD1	-0.789125644790904	0.217655423048833	0.669910673706068
HNRNPUL2	-0.0404796734186235	0.869708897646618	0.965094903898134
INF2	-0.403795792256183	0.30227508855092	0.709457774663294
PDS5A	0.818105336910065	0.0531730236635491	0.547865602755798
WASHC4	-0.122599453776147	0.711027788004539	0.910534535251316
TSR1	-1.10202970373585	0.0291686489225821	0.505421564816932
TYSND1	-0.328020573681151	0.53019525527048	0.827792378239477
SMU1	0.213352683552579	0.525232772000538	0.825449979933203
AP5B1	0.397559135428004	0.319835468817413	0.717827453324327
LRRFIP1	-1.86388984351338	0.167356014561439	0.6384680948005
TRMT5	0.0138730647199097	0.979046054773429	0.997664916968184
EDRF1	1.02979841812922	0.0186329612759432	0.448997280970627
MAP7D1	-0.0916682489802909	0.821366228236318	0.945270253472774
LSM12	0.0493402882954186	0.866657876513633	0.964057560997015
VPS26B	-0.0972038880833637	0.688597659455086	0.90044246657841
PREPL	-0.012045535806589	0.956301461985533	0.989460365712714
FAM98B	0.667074743759841	0.153350123307584	0.6384680948005
PDCD4	-1.14486003620104	0.162814720248708	0.6384680948005
CEP55	-0.744641242193985	0.421248276870274	0.767874398794631
LACTB2	0.502705800908352	0.518760090428668	0.820659497694711
KLHL26	-0.77299290730604	0.456968613257951	0.78718758714677
WDR81	-0.715089229706834	0.449061352130571	0.782241663492657
CCDC93	0.451385654904598	0.371808606501862	0.75032114821126
DNAJC21	-0.665542285744955	0.075566623196929	0.57244987810214
PPP6R3	0.256412738495882	0.903055839087897	0.977343782372549
PRRC2B	0.31823160154817	0.303975187525413	0.709457774663294
RRP12	1.52634511551916	0.351742690961203	0.735567305960183
PCID2	-0.781826199492993	0.180554513391726	0.642582873109386
SPECC1	-0.369792652083028	0.163517963610169	0.6384680948005
PPP4R3B	-0.184102688843453	0.494907924732035	0.806820272988174
SAMD4B	-0.270535692070439	0.581549859315763	0.852382045387206
SNAP47	-0.0623386052652357	0.931268177861327	0.985003835637487
NUP188	-1.40983317858614	0.00445671190358597	0.246565285959848
CEP170	-0.699501501806164	0.182806607133729	0.644308725545348
HYI	-0.0359659486420654	0.929619600740589	0.985003835637487
CHCHD2	-0.904202860903261	0.0697315009102374	0.565729084236574
ARMH3	-0.432418537154867	0.245757767351646	0.682234214879902
UBR4	-1.92660104729295	0.0105659516388348	0.345443538281608
STXBP5	-0.525464587049346	0.465861238241844	0.792597314461173
ARHGAP21	-0.71446677572208	0.222763715706237	0.672126610543405
KANK4	-1.32224355532129	0.0483119341982751	0.547865602755798
RBM26	0.0908854744103351	0.796081324729288	0.936277123124567
DCAF8	-1.1909357294103	0.223481857475499	0.673069749066756
ATPAF1	0.0300760188277671	0.923608980226365	0.984042256416349
STRIP1	0.737286548389971	0.289864902018703	0.706252762666871
CDC42BPA	0.414071119074016	0.438550227677767	0.775964679909652
RPRD2	0.371384757327171	0.263334459053476	0.690027991174563
ANGEL2	0.899900973509048	0.0334867099178132	0.512649025296986
RNF20	0.170703590512712	0.717340573357311	0.91412223893457
BROX	-1.81168479137464	0.000131469347121065	0.0315129249074693
LYPLAL1	-0.402768881190564	0.214112049255264	0.66779997730912
ECPAS	-0.342789734901277	0.605882248103251	0.864052776347767
RNF213	-0.0504210145974611	0.938828578566792	0.986096380412639
KANK2	1.14722379911021	0.0162817232372267	0.425580590231024
WASHC2A	0.845909124799771	0.196756525802102	0.656657178583234
FAM91A1	0.100477384988487	0.845379728113618	0.95576995841697
ARL6IP4	-0.559946721457809	0.154337070695328	0.6384680948005
INTS3	-0.205528318770128	0.804242191350714	0.938905706685355
ARHGAP17	-1.27578723001704	0.336691924196689	0.724778355987617
ATL3	0.295413868159887	0.312967757308201	0.713461030841462
PPP4R3A	-0.906130096266068	0.139291438357292	0.620497766349926
RAB12	0.0778348131895825	0.788054502254567	0.934840897492394
SDE2	-0.026124641997562	0.931528439388601	0.985041296877012
PDE12	0.32644820867106	0.340823593214001	0.726432280057467
HIBCH	0.189219097506992	0.397051549419899	0.759759230961215
TTI2	-0.755771699510525	0.135244199212089	0.617497419128798
JMJD6	-0.845481493348139	0.186097473247982	0.645245273869515
CAVIN1	-0.11034403801871	0.733201055710718	0.919334237283531
ZCCHC8	-0.667526602813236	0.211146504803951	0.666450171142731
DHX57	1.92449435536199	0.000984302132745734	0.133335542562229
CDC73	0.335355014870011	0.22532937430411	0.673959655639043
PMF1	-1.17116716708652	0.00876206259487208	0.314644231378152
CC2D1A	-0.189141729470695	0.617129428663831	0.866386591837234
TATDN1	0.230104058998815	0.482321727836332	0.801909203688251
EDC4	0.053021918711611	0.841379091226307	0.953373862975004
PRPF8	-0.0963265548136185	0.765391636480586	0.928536692487658
SCYL2	0.291960138083677	0.275560162101341	0.696529184279081
RPL22L1	0.806190019965733	0.291248746136775	0.706252762666871
MEAK7	-0.940696988250046	0.031876013039877	0.511793511258846
PSRC1	-0.248709396064882	0.505081673464886	0.814353605333489
SKIC3	-0.346029904327374	0.715129943534188	0.912563037441377
TTC33	0.0576054578402889	0.886982862261245	0.970746385996202
LARP1	0.375930490220135	0.260695579722389	0.687219509675253
RICTOR	0.793231267655159	0.0767428971221862	0.572760872729639
WDR74	0.253725296753764	0.422531552668681	0.767935009488334
NHS	-1.01892949667479	0.00184380709969194	0.166868688837623
AFTPH	-0.0567782628357278	0.874254306018711	0.966710781087322
FIP1L1	-0.0366983949148718	0.878765868133797	0.967934433655232
CRTC3	-1.13579184569914	0.143618756689886	0.62856520785054
CWC27	0.775327311571601	0.0436517943709549	0.546218787666442
WDR82	0.558926013233226	0.19045210967768	0.653895527035984
RANBP10	-0.127569929264151	0.699436520250494	0.905527343031533
GIGYF2	-1.16288959451175	0.0118109784888275	0.364393639151782
HSDL2	0.451627087897901	0.0610419822876701	0.552641343250854
KYAT3	-0.321862336776196	0.165102141979193	0.6384680948005
RIPOR1	0.227909860297963	0.581990723471087	0.852742929607636
SYDE1	1.44352521141615	0.129342847398762	0.616106319820597
PAXIP1	-0.251768223827423	0.498245154957324	0.809338549279345
USP34	-0.107037091288642	0.765355335304815	0.928536692487658
UNC13D	0.0743594150050946	0.892163231613897	0.972294379611577
LARP4	0.526942366021988	0.16877507875358	0.638989533616924
RPS27L	0.164702129800308	0.507453158197159	0.816093798827609
SUPT6H	-0.990373405588141	0.259329473307753	0.687076240941613
SND1	0.369374825441447	0.30027875765548	0.709457774663294
MARK2	0.17761210598297	0.482235861656479	0.801909203688251
DDX46	-0.26625464220805	0.270019282716582	0.691075932577331
BZW1	-1.04231199672896	0.199877056324694	0.657403441260122
DHX30	0.349580168153985	0.187900680884228	0.648183372404571
EIF3M	-0.389996976825991	0.388169048695095	0.754991875102297
MEPCE	0.00609275018038602	0.980446998417159	0.997664916968184
RRAGA	0.406244578471938	0.294556918588794	0.70833301508399
CYFIP1	-0.195216930092872	0.884508718173584	0.970130746380825
GET4	-1.08124561168011	0.0999497575526675	0.599838249007096
COPS6	-0.833756410031267	0.119496686902686	0.608738355024034
MAEA	0.36685111763266	0.194162812569821	0.656657178583234
TAOK1	-0.478819435509262	0.265220903246286	0.691075932577331
MOB1A	-0.466764976876981	0.567399445855711	0.845782321193657
DYM	0.426705168367455	0.0731755052279494	0.570768065833689
ZC3HAV1	-0.00436321762130021	0.983867503706071	0.997664916968184
TRAPPC11	-0.558390696071925	0.351433597470148	0.735567305960183
NEGR1	-0.000464150004372499	0.998373659144048	0.999057789106915
NUFIP2	0.144939848362409	0.512258088158502	0.817084948146788
CLASP1	-0.0456116444790062	0.90638271594332	0.977968468059054
DHX29	0.447806404924812	0.237183510305471	0.678646871282716
COMMD6	0.0402632369612164	0.92762167350924	0.985003835637487
TRMT11	0.226984438610216	0.290669072175896	0.706252762666871
HDDC2	-0.586475264601031	0.336105657904715	0.724778355987617
HEATR3	-0.123172242245825	0.681471617848155	0.898729017647462
HDGFL2	-0.673448112847392	0.125337471204491	0.612492181211891
DCXR	-0.0932525731855343	0.694831801187012	0.903549457109024
HUWE1	0.652649497714208	0.397066973158275	0.759759230961215
YTHDF3	0.577507596974641	0.0999091004063517	0.599838249007096
PEG10	-0.633335818462943	0.176834972606309	0.641503539931958
SETD3	0.520777464424985	0.315509454391686	0.713461030841462
ISCA2	0.357817857168683	0.155694518146524	0.6384680948005
NOP9	0.273156894427885	0.326065325481872	0.719407761395143
PABPN1	0.56314704223168	0.105896886167951	0.603653565340898
YRDC	-0.0655208456494876	0.864221983789435	0.963392405251784
MTDH	-0.1927465079687	0.579356964536362	0.850852715178347
RIMS1	-0.160927705225664	0.638526290449825	0.878406839481494
BCL9L	-0.771066179496479	0.181185981383128	0.642582873109386
LUZP1	0.469080462974759	0.252667543396879	0.684916777291027
ALYREF	0.325201299857529	0.486390913657745	0.804274415725905
TAX1BP1	0.516560357879857	0.337325511951324	0.724778355987617
CAND1	-2.31156816501274	0.0902073720141056	0.593732306639685
HOOK3	-1.10699477311688	0.0165798694890423	0.427272989597025
METTL16	0.274096276165523	0.663632884112852	0.894026957348832
PPFIBP1	0.213410867789612	0.515020525484156	0.818094605564208
ZC3HC1	-0.893650709881882	0.0703890735073122	0.568956699327555
NIT1	-0.239641902734309	0.35398226376894	0.736372548920824
COMMD2	-0.335459302839858	0.50765530501226	0.816093798827609
DDX42	-0.695502043650926	0.195896833571426	0.656657178583234
SPATS2	0.346853097533842	0.400812688391288	0.762014306021418
PTRH1	0.528023559268558	0.347574299302057	0.732430497952051
HPS6	-1.08800202686604	0.212730242598402	0.666900491406964
ARMC8	-1.46623234407446	0.199433836135371	0.656932057224856
PLD3	-0.491471527671642	0.23544652969593	0.678612662235439
ERI1	-0.298755685556106	0.293938655502638	0.707950400852083
AHNAK2	-0.526816580403008	0.234284256308329	0.678304630085419
NAXD	0.163154892696721	0.66090459368794	0.892503581821339
MAP7D3	-0.298212431408672	0.417405472958171	0.767874398794631
CHERP	-0.20126679226151	0.621643325477354	0.86871432501317
ANKHD1	-1.01449731671174	0.492033047034193	0.804968050124901
NELFCD	-0.463512871103514	0.270188485232671	0.691075932577331
EXOC8	0.112731151076279	0.921298782884153	0.984042256416349
ANKRD13A	0.983813073332847	0.10982734689858	0.60598691028045
TRMT2A	0.0317021987464763	0.921796046328574	0.984042256416349
RPUSD2	-0.366618889585659	0.680168433945184	0.898729017647462
XRN1	0.00627149033802965	0.989887008127184	0.998034393892448
PELP1	0.989047817833764	0.153586582134184	0.6384680948005
ABI1	-0.690277835662943	0.115280593690211	0.608738355024034
SPART	1.01586204100185	0.329791513907278	0.721686624589304
RPTOR	-1.13333748586966	0.204516247555532	0.660114137190728
CCAR2	-0.193723770524624	0.513043571411768	0.817084948146788
NUP93	-1.34894727981063	0.0275105163402602	0.497218335610474
LRRC47	-0.579236378269893	0.3775760920387	0.750607749423229
GPD1L	-0.356723176519388	0.510016430892842	0.817084948146788
ASCC3	-1.82527158085477	0.0760164514415424	0.57244987810214
EHBP1L1	-1.15786928662111	0.285402892034927	0.704578746411675
PALS1	0.379213539284827	0.147855548750248	0.631945649459253
FNBP4	0.543025494420974	0.375301793184572	0.750607749423229
RPP25L	0.630951082990041	0.0219445684424	0.490505889521197
COMMD1	-0.297395994519018	0.555620033733316	0.838213280917926
ARFGAP2	-0.0418972220889025	0.888187537702093	0.971111033363186
ARFGAP1	-0.287970436031859	0.59118920209391	0.857546064064638
PAF1	0.0972152125807924	0.740952511957029	0.923123915273929
ASCC1	0.761638719085717	0.124600053507252	0.612492181211891
AFG2A	0.603365592169972	0.253759912160503	0.684916777291027
SUMF2	-0.669425633921716	0.291180778814413	0.706252762666871
TXNDC5	-1.31315143698716	0.149434258820135	0.631945649459253
SERBP1	-0.212468481022846	0.541007271654675	0.833395490014756
FAM98A	0.098074884780047	0.682164345936713	0.898747973821319
TSEN2	1.27571494117507	0.0435812080805084	0.546218787666442
NAXE	-0.431644058032674	0.267362882921071	0.691075932577331
ABCF1	-0.306976675686279	0.528484600685538	0.827185078815056
PIK3C3	-0.280618131756206	0.420989794645217	0.767874398794631
SHCBP1	0.46455039689684	0.125546640035905	0.612492181211891
NAV1	2.24360454360047	0.00220694303969638	0.184890522521736
LPCAT1	-0.0689639063902661	0.866017861305399	0.963761273315126
USP32	-0.628242657208748	0.195562467571045	0.656657178583234
FLAD1	0.0816727067165388	0.78272041601136	0.933596009405327
NUP43	-0.216935740507544	0.638384964503848	0.878406839481494
NUP37	-0.00594941529903537	0.981998828606453	0.997664916968184
CMAS	0.912281491021066	0.187826032758604	0.648183372404571
MOSPD2	0.214639518815801	0.314706544125638	0.713461030841462
NEDD1	1.23742537346079	0.0389224609322282	0.524872092904795
PATJ	1.64230383378996	0.0582397394343532	0.549054389807244
WDR36	1.98682447291263	0.0566498785775797	0.547865602755798
WDR48	-0.0853799716295569	0.899720885046925	0.9748362670489
NPLOC4	-0.117112473479793	0.655384519526834	0.889755060442225
ZCRB1	0.530658257987902	0.108728722535517	0.604064970074715
TMEM167A	0.557319771873175	0.107885208123782	0.604064970074715
PIP4K2C	-0.415731273725079	0.241234516868613	0.679742533087422
NT5C	-0.791596746365318	0.0541300507382322	0.547865602755798
BICD2	-0.0178871717443485	0.965809810638825	0.993942396149564
BRIX1	-0.00298671848456067	0.994996322781848	0.998539856560943
DTD1	-0.733316392820658	0.124931640927684	0.612492181211891
GEMIN5	-0.486291476961675	0.181642112369234	0.642790060007765
ARHGEF40	0.573279987215891	0.115475729091192	0.608738355024034
PARD3	-0.822375280580253	0.325508450715312	0.719407761395143
IPO4	-0.380424807166534	0.546479594551801	0.834764537002548
ABHD5	-0.287493518599291	0.297400831918006	0.709457774663294
SCARB1	-0.322398190769995	0.245710651743164	0.682234214879902
SMAP2	0.0384689424549904	0.882072791007873	0.969546701271729
ZC3H15	0.191158576179863	0.402538470761626	0.762605986368624
GTF3C2	2.04447787759827	0.0365147961968566	0.520188724283809
NUP133	-0.567892555626312	0.201959844783354	0.659795734523395
PDCD6IP	-1.35307442838706	0.0937543150014854	0.596848464331699
CHTF18	-0.180210544962364	0.781523421895129	0.933381474780763
SCFD1	-0.885045543373838	0.272039306285484	0.693312507758409
TRUB1	-0.0802375393814714	0.831626346674312	0.947699005940635
LMO7	-0.424654154714162	0.348162895830651	0.732965711981779
ATXN2L	-0.365302906680782	0.182444292457123	0.643549472829835
PRPF31	-0.985759949903944	0.110799555284982	0.606124850874329
NELFB	1.04910475309413	0.311092944369296	0.713461030841462
GEMIN6	-0.783293821167451	0.313251927347527	0.713461030841462
CTNNBL1	0.313277378741901	0.240985874512437	0.679742533087422
DDX1	0.514154449565773	0.0328765839893701	0.512649025296986
SEC14L1	0.696131621647051	0.491764814893402	0.804968050124901
GBF1	-0.70356493632675	0.349120924482177	0.733572551633774
IP6K1	0.139391121105625	0.626291348474263	0.87105276460903
AP3S1	-0.232705072194992	0.495294082235473	0.806948075222614
HSPH1	-0.253112681141353	0.731208675433238	0.919307007694725
CNOT9	-0.00197642724341307	0.995120980083332	0.998539856560943
LARP4B	0.589881634296422	0.271856311907718	0.69329207075411
GCN1	-0.0844308504864273	0.925869933565249	0.985001500473374
DHX38	-0.589486385752156	0.278145008880744	0.698774814760807
NUP205	-1.12644517625852	0.179580146530157	0.642237242407036
HDAC2	-0.447365095743528	0.536866153326516	0.832275519364284
STAM	-0.71706023577422	0.14906860658581	0.631945649459253
DDX17	0.495055015658881	0.0862544352151249	0.592735508461659
RAD50	0.599747150892256	0.112716624617586	0.608738355024034
ARHGEF1	-0.682418698898374	0.506424377300936	0.815378609685924
UFD1	0.147947857682915	0.543761796559699	0.833604271578904
UPF1	0.0805041476349757	0.7108259290098	0.910534535251316
COPS5	-0.403414574745675	0.526697178957037	0.826087625151711
GPKOW	-0.426134516519411	0.514738889810811	0.817943807131362
SMARCC1	0.0901102632641724	0.809554488489167	0.940259335649799
KHSRP	0.00804248858444367	0.985047388339567	0.997664916968184
TNPO1	-0.413306160344071	0.66490609697156	0.894375651555314
ARHGEF2	-0.0635341494769825	0.93008157633418	0.985003835637487
EMG1	0.499045269355612	0.052285587202273	0.547865602755798
CLP1	0.595633940505838	0.0740005161820441	0.570768065833689
USP9X	-0.595766121557549	0.373777576353951	0.750607749423229
USP7	0.0241281507274458	0.940384081253219	0.986311386155219
RFK	-0.743251550523155	0.256409718571359	0.684916777291027
MYDGF	-1.66069955618519	0.0139846926328962	0.403071963320514
BORCS5	-0.225693996569731	0.589051704129275	0.855932177708243
RAB24	-0.261648109958678	0.361613882807464	0.741700992218904
ZNF622	-0.345678400723752	0.220553626253263	0.672126610543405
SYAP1	-1.83473501123584	0.145710242983422	0.631397950167554
EXOC4	-0.423371877805156	0.289446716863425	0.706252762666871
MAGOHB	-1.00168640027631	0.144361424239139	0.629324603800417
FERMT2	-1.00721452538713	0.0644693242994845	0.560783592535769
FUBP1	-0.448454953554091	0.171013175250029	0.639529308603452
VPS33A	-1.168607433001	0.0240568313916711	0.495586303848912
AKT1S1	-0.970154086827293	0.38560046703756	0.752479129662161
LENG9	-0.113370085588617	0.788275073032423	0.934840897492394
CUSTOS	-0.0453774686467554	0.884172162706333	0.970130746380825
GCC1	-2.11781481199169	0.0402228866118487	0.535612359411882
GRAMD1A	-0.197540302531376	0.643127103600872	0.88053510655206
CCDC124	-0.336124496477229	0.428199510936379	0.771040714102867
AP2M1	0.41884732650167	0.0919381608760459	0.593732306639685
NMD3	-0.030539547628365	0.913141014045125	0.981229036676893
MSI2	0.0791265723942551	0.821916167681926	0.945270253472774
SNRNP40	-0.0536305416480687	0.856086177766881	0.960192919814825
RMC1	-0.271121356301911	0.340254184649249	0.726432280057467
SPDL1	-0.0974450770874498	0.86906904320714	0.964873664037121
SEH1L	0.390246928423302	0.529632867354477	0.827792378239477
GNPNAT1	-0.350568677208649	0.752051640345157	0.924855184322178
DAZAP1	-0.0299598381346478	0.926448083612126	0.985003835637487
MVB12A	-0.291170017691666	0.51159597711293	0.817084948146788
CYFIP2	0.22545474207903	0.718415893117538	0.91412223893457
CCDC97	-0.672716689600122	0.0255149998945883	0.496805397947517
EDC3	0.399539087619672	0.601418253122136	0.862496535225696
OTUB1	-1.39310603623025	0.109196394694888	0.604064970074715
TRMT61A	0.391679787053782	0.32405970465968	0.719407761395143
CHMP6	-0.0828772953626782	0.703595926249038	0.907671894257078
DUS3L	-3.07393007056632	2.80068758278335e-05	0.0122698123001739
FAHD2A	-0.0354314609742055	0.8923459639011	0.972294379611577
TOE1	0.480875953334674	0.0540293904428562	0.547865602755798
PDLIM5	-1.88025316117036	0.00283659870113961	0.20711898182821
ERO1A	-0.969284688515405	0.225925530555792	0.673959655639043
AHCYL2	-0.236572691175326	0.729329154548115	0.91851084081026
NAF1	-0.53205094589164	0.315058823153739	0.713461030841462
NGLY1	-0.0539224062243626	0.865375696997865	0.963659326314071
ITCH	-0.301092436557344	0.383746074373617	0.752294303711255
ZFP91	1.50234299789387	0.134176598605858	0.61617157074661
PBK	-2.24932727638902	0.055980225406693	0.547865602755798
ARL5B	-0.572050326268602	0.363945309250331	0.743330722529464
SCYL1	-1.12388433597453	0.167583988329654	0.6384680948005
EXOC2	-0.712787368736905	0.0540141995196006	0.547865602755798
ZFR	-0.270881389437413	0.807531267835468	0.939436785623634
PRRC1	-0.296194061200094	0.674692728768768	0.897137024953468
DNAAF10	0.530000179620544	0.178588234530807	0.641503539931958
DOCK7	0.845910164276223	0.47053358648307	0.795603103968479
RILP	0.950300665939512	0.129766478570897	0.616106319820597
NSUN5	0.365298669202978	0.439702298947828	0.776748295036466
RPRD1A	-0.543047438587575	0.256858043769654	0.684916777291027
RBM14	-0.253788303344248	0.600162276348616	0.861786605271481
NEDD4L	0.553912917864324	0.0243972124448441	0.495586303848912
FMNL2	-1.10720942962914	0.0970397668805862	0.597094408291922
TRNT1	-0.4069950010093	0.296622319002172	0.708948379459091
VPS35	-0.538089067171917	0.279296642730972	0.699199195316793
SPAG5	-0.408406004343721	0.451016243861222	0.784365329593308
ERBIN	0.634298834029909	0.264907616275324	0.691075932577331
WRNIP1	-0.0365808957976732	0.950254599497806	0.987704699324651
RANBP9	-0.548233325569896	0.0820150413788508	0.580465098999589
UBL7	-0.293343184160634	0.790861471329431	0.934840897492394
SRPK1	-1.31415015740513	0.402465650718485	0.762605986368624
IWS1	-0.2190083005435	0.565101587737509	0.844087983592918
OSBPL9	-0.819674175830606	0.33977073452427	0.726432280057467
RUFY1	-0.463601828894856	0.34024111061395	0.726432280057467
MMS19	-0.671578844145795	0.26567563842828	0.691075932577331
NIBAN2	-1.44118666729365	0.138222813569984	0.620418838116397
MYCBP	-0.708575184302077	0.0995420463478951	0.599838249007096
PSMB7	-0.805737809849187	0.0508084859319948	0.547865602755798
PSMD1	-0.637988458347799	0.206599022052077	0.660688737650058
PFDN5	-1.2529502943956	0.0870265334700564	0.592735508461659
PARK7	-0.995659049186752	0.20435517299083	0.660114137190728
GAS2L1	0.137962305317366	0.81694231750242	0.943041319993659
EYA3	-0.404202626266628	0.489526907816042	0.804968050124901
VAT1	-0.517506858271638	0.0804580768514033	0.580120963047934
DNAJC2	-0.161401490495734	0.649233781275088	0.885796697529168
NUP88	0.841733646969487	0.379551136209455	0.751384332459839
PIK3R4	0.28074943804129	0.259650529464768	0.687076240941613
POP1	-0.354434914011058	0.171449903000022	0.639529308603452
TTC1	-1.12602502768184	0.185957839318742	0.645245273869515
DNAJC7	-1.56568712448232	0.0469210578804131	0.546218787666442
COPS8	-0.821270772459528	0.221844359221736	0.672126610543405
CHP1	-0.568687216604779	0.0369041854601326	0.521539472583358
HNRNPAB	-0.0338454230980965	0.899848861891293	0.9748362670489
NAP1L4	-1.30319498271066	0.189678916624587	0.652263213290671
OLFM1	0.437007940475759	0.490594823493943	0.804968050124901
TSG101	0.554181150360368	0.441128207844385	0.77754634199981
CPNE1	-0.87550656093379	0.357293387132328	0.739366272727487
CCT7	-1.26500984854832	0.159744550054366	0.6384680948005
PRMT1	-0.873080800675556	0.251025162566635	0.683882862257685
BAG1	-0.997922032679725	0.0635430805632029	0.557880232359503
NCAPG	-0.613113021743523	0.411825150443408	0.767874398794631
ARPC5L	-0.365349938149741	0.562833169236274	0.842710907185276
RBM4B	-0.0940588532701412	0.736459479407891	0.920913104426187
ELAC2	-0.375611573647156	0.181290214828396	0.642582873109386
TRIR	-0.082830793077882	0.806649590903836	0.939436785623634
GRWD1	-0.078678241560997	0.890775409646863	0.972219000912533
MACROD1	-0.468476540304913	0.0724821532229654	0.570768065833689
CMSS1	0.120040873445191	0.610059524760752	0.864758427938104
WDR77	-0.273338882606012	0.814132122669454	0.942197645545764
KXD1	-1.13949295288945	0.0249682140218743	0.496805397947517
APOL2	-0.0260649506372133	0.911320006740854	0.98047469291053
MYBBP1A	0.627221641305525	0.154604782679974	0.6384680948005
FYCO1	0.463918079768135	0.115111120876547	0.608738355024034
VPS25	-0.284331754958231	0.465373571679573	0.79207522048493
CHLSN	0.414832307780987	0.187278748895998	0.647056939206124
PYM1	-0.184062768901978	0.701865452204099	0.90651558586422
PYGO2	-0.752063016427002	0.0549373751758238	0.547865602755798
AIFM2	-0.750600228620485	0.166764277049406	0.6384680948005
PELO	-0.33485427608634	0.233832210485865	0.678304630085419
ATG101	0.552241388597771	0.225651402629282	0.673959655639043
NTPCR	0.0110059295735212	0.978978471880362	0.997664916968184
TUBGCP2	-0.17557666741623	0.780406324346928	0.933377042578185
ESYT1	0.163843299364338	0.493597402588524	0.806282707211157
TSEN34	-1.1261856023244	0.0519207865966512	0.547865602755798
CNPY3	-1.02362820382201	0.0780217564885877	0.578193897695137
COPS4	-0.860973674715638	0.185255469676831	0.645245273869515
RBM42	0.0024060221241804	0.991438213171547	0.998034393892448
ANP32E	-3.68346616433776	0.015952280717168	0.423791362861197
TUBB6	-2.66483445778674	0.121031919757266	0.612492181211891
POLR3C	-0.343679122852588	0.225416151398622	0.673959655639043
HNRNPUL1	0.908523294910943	0.00644797042478243	0.293671084914767
PDCD10	-0.747982568010002	0.297780295888099	0.709457774663294
RPP25	-0.0746246656209237	0.807139609607452	0.939436785623634
DDX23	0.476290774413989	0.0693896055196199	0.56528703545749
NTMT1	-1.4621453820259	0.0674637512572491	0.56528703545749
DSCC1	0.197513937551811	0.75624648700053	0.924957224238645
MLST8	-1.46204898705449	0.278329616927096	0.698774814760807
KIFC3	0.306238686814979	0.513265381975998	0.817084948146788
TMED9	-0.00777046874953768	0.977571461159286	0.997664916968184
SELENOO	-0.4623589785941	0.122065431678035	0.612492181211891
GNL3	0.762359631007619	0.00695861618023292	0.293671084914767
AFG2B	-0.684522455848061	0.375599779182963	0.750607749423229
NUP85	-0.262910583295632	0.406863922251628	0.764660161212845
DDA1	-0.729621931518157	0.0667038911394776	0.56528703545749
NUDT9	-0.453853600709703	0.0570491357311164	0.549054389807244
TARS2	0.0216735359317148	0.935966666448932	0.985355785845567
RBM4	-0.0381465766930802	0.888754085137459	0.971464981783236
SLC4A1AP	-0.0123421216393993	0.970787781397781	0.996023716698754
SSBP3	-0.87737909057088	0.0139417871818052	0.403071963320514
OSBPL10	0.10450804315229	0.609212869886475	0.864758427938104
NAA15	-0.842743384013136	0.320416436603649	0.718226602941572
SRRT	0.107700275640216	0.665451812884222	0.894375651555314
QTRT1	-0.115238807209771	0.564377724853577	0.843356870041025
AP1M1	0.587686372066891	0.092328658897075	0.593732306639685
NUSAP1	0.322622823576239	0.197552671143372	0.656932057224856
CHMP4A	-1.78681454355461	0.0366898689348772	0.520188724283809
EIF2A	-0.130041764999415	0.693915237758331	0.902893571909488
NIFK	0.37873978607664	0.0801629546228251	0.580120963047934
YTHDF1	0.319439716123448	0.349986682436875	0.735039144657693
NLN	0.174440413669934	0.396226752125792	0.759737449122295
LDHAL6B	1.97890875295714	0.0392222309203885	0.527093845589638
GTPBP4	0.0888469574231401	0.790504436771176	0.934840897492394
WDR11	-0.333431183958986	0.516778200920544	0.818808426124016
TBL1XR1	-0.104297454089231	0.713577485261632	0.911689403012892
ULBP2	0.0304696686888661	0.953869661126371	0.989005660082501
UBXN6	-0.714713479600412	0.0239187372366099	0.495586303848912
UCK2	-0.771912953567572	0.222704006583849	0.672126610543405
API5	-1.06766455598325	0.187124436894345	0.647034063168213
DPY30	-1.14330056829835	0.0059042094725073	0.283562121408805
TNKS1BP1	-0.530526676155446	0.262859992464997	0.690027991174563
ZYG11B	0.200881280711506	0.722343727467309	0.915944390747983
XPO4	-0.109373244802644	0.757867180392068	0.924957224238645
COMMD5	-0.138415062204469	0.730001785924122	0.918960905882355
DDX24	0.210639262942557	0.525680311347555	0.825449979933203
SKIC8	-0.683759548202143	0.214144869613438	0.66779997730912
NIF3L1	-1.05123218664254	0.137740057263477	0.620418838116397
PAIP1	-1.0104022713264	0.0825312606574337	0.581873894091918
COMMD4	-0.359219665714331	0.551318239925317	0.836254632713968
KLC2	0.432219486354818	0.436209897707945	0.773698608039881
XRN2	0.478272557597741	0.3429698310895	0.728332927776587
PCBD2	0.066957208983613	0.819759753128783	0.944351164464159
NT5C3A	-0.323083418268602	0.207284702729987	0.660688737650058
DDX47	0.344392511724493	0.236629681794585	0.678646871282716
RAB1B	-0.437491919671796	0.472339070355432	0.796575178542067
TSPYL1	1.12144739328534	0.300213557971194	0.709457774663294
POLR3F	-0.757768584334897	0.120147441361896	0.611108689253455
ASCC2	-0.0588779113357063	0.922723436271611	0.984042256416349
EHD4	-0.195080167473321	0.758903978168678	0.924957224238645
VPS16	-0.441455747824506	0.108707025398772	0.604064970074715
SLK	-0.739387828552861	0.218593883356309	0.669910673706068
RAB3GAP2	0.0778183663389456	0.851938073854607	0.958485028648442
DHX36	1.30615887076209	0.0584215373564503	0.549054389807244
PPA2	-0.166889636027705	0.602814809815731	0.862847856766778
TRIT1	0.228384752942837	0.395852604904323	0.759737449122295
TXNIP	0.639408975370575	0.0729785202398501	0.570768065833689
NELFA	-0.392151423806247	0.208662167384614	0.663388211402027
ACBD3	-0.850806104327809	0.168586849946973	0.638989533616924
CDC42EP4	-0.754679529739391	0.366517514931005	0.745456468390312
PTPN23	0.00970800071985423	0.980240399314186	0.997664916968184
UNC45A	-0.699477562880528	0.345557543826012	0.729831664769292
CHMP4B	-1.24056910447936	0.0762657202464937	0.57244987810214
WNK1	-0.725881648390121	0.149036009581263	0.631945649459253
GOLPH3	-0.0995667066868506	0.710491235005902	0.910534535251316
EPB41L1	0.240623256106318	0.298325449520516	0.709457774663294
SMARCAD1	-0.83911577588179	0.205935282677179	0.66039680507131
EHD1	-0.0936596916661614	0.893543671805831	0.972333538544795
HEATR1	-1.61230611122002	0.0408179497932155	0.53982220298883
STEEP1	0.120008171366379	0.72866544710781	0.918378401547559
TUT1	-0.531779912348199	0.18075476676162	0.642582873109386
REEP4	-0.0884101518622025	0.65520580429359	0.889755060442225
YTHDC2	-0.3319508692732	0.531216844261378	0.828769206242721
RPAP3	-0.535075934496177	0.147324779591065	0.631945649459253
DCTPP1	-1.19248240501162	0.314006033655123	0.713461030841462
RPF2	1.22540721341544	0.0346965945963306	0.512649025296986
WDR26	-0.00559341626351539	0.981741390426176	0.997664916968184
C8orf33	-0.61587617480108	0.082925340123002	0.581873894091918
PHAX	-0.918060569531537	0.273398033635417	0.695202461151344
TUBA4B	-1.24813608538314	0.2688926555168	0.691075932577331
RMND5A	-0.694947550241974	0.0529727494391858	0.547865602755798
ANKZF1	0.386353425333457	0.138820783796268	0.620418838116397
GORASP2	-1.7771226158344	0.00523347802041337	0.27148407045308
QTRT2	-0.159853547914949	0.56771507379071	0.845782321193657
CNOT10	0.323760102786228	0.257688610482659	0.685061444553686
VPS37B	-2.53232011450552	0.00928551508030989	0.320313713124706
COPS7B	-0.571099417254601	0.222192711918911	0.672126610543405
ELP3	-0.302770355231949	0.726239359153508	0.917859709882497
POLR1B	0.118491874644342	0.795747457368303	0.936277123124567
C17orf75	-0.61084822695949	0.623371751881351	0.869195854559871
UPF2	-0.917730137436727	0.523078060226541	0.824021928030377
XPO5	-0.658510842740178	0.30519448569255	0.709457774663294
MYG1	-0.398420007690241	0.62770974818555	0.872184080812209
BCL2L12	-1.79984728536819	0.000601333156328377	0.0975718725138748
CACYBP	-1.33769997730471	0.16338125478411	0.6384680948005
GLOD4	-2.58570340428652	0.0290658793010839	0.505421564816932
MOV10	1.00418621150771	0.164276581867833	0.6384680948005
XAB2	-0.0875483403896986	0.731290783340817	0.919307007694725
GOPC	-0.111657066914503	0.787619626144273	0.934840897492394
MYO10	-0.542351916328219	0.389517603286287	0.75608047025694
RAB18	0.166477994528272	0.46605627245494	0.792621323612225
SSU72	-0.93964812486022	0.122841665195307	0.612492181211891
VTA1	-1.05888911210013	0.0475604944895659	0.546218787666442
EXOSC4	-0.561745355285467	0.287252984590536	0.706252762666871
NOP10	0.175572935645736	0.652762612794626	0.888109978593409
DCP1A	0.301510717435605	0.592594855586158	0.857667017615778
ACOT13	0.221138884837522	0.384832499245918	0.752320918873881
RIC8A	-0.915866089502593	0.223089880605695	0.67264746519859
LUC7L	-1.22147609677859	0.0605621272597805	0.552641343250854
WASH6P	-0.650226015331057	0.136840553536776	0.620418838116397
RTN4	-0.245564793909189	0.377667936899418	0.750607749423229
RPRD1B	-0.316323505704673	0.223904493653508	0.673249112485248
PFDN4	-1.97810955129129	0.108381520518227	0.604064970074715
NIT2	-0.797384302692063	0.192653039256267	0.654273616264889
AVEN	-0.0285671307542295	0.948939106611976	0.987704699324651
EXOSC5	0.194521440253325	0.471476319717974	0.796275156778891
EXOSC3	0.697282052031213	0.292781448540902	0.707487879789128
STARD7	-3.16283854705083	0.000255894841341474	0.0509579681780453
PDLIM7	-0.314018258790348	0.163193520100428	0.6384680948005
DDX21	0.27207624932776	0.22181628641766	0.672126610543405
SAR1A	0.805933164725165	0.258450285090483	0.685809024216479
POLE4	-1.45321757432173	0.0874703084128704	0.592735508461659
EIF2B3	-1.07078254938666	0.375470771456558	0.750607749423229
SPHK2	0.834792896698872	0.0478767437717219	0.546218787666442
CTPS2	-0.378014524932862	0.490578200915657	0.804968050124901
POLE3	-0.591268781082505	0.479091304467651	0.798667810073355
CHRAC1	-0.990488187067555	0.200105137981508	0.657430068967336
STRN4	0.161774006620092	0.685938134518303	0.90044246657841
AASDHPPT	-0.601818014429444	0.0905958407306036	0.593732306639685
UBQLN4	-0.72180123137786	0.0843478551142268	0.58579316137011
HEBP1	0.268445559897664	0.599690521151648	0.861391532185368
VPS45	-0.21962117928306	0.455663696468695	0.786870144345744
PNO1	-2.07033510820737	0.00304097692209272	0.211468569772828
LANCL2	-1.25701182889275	0.0555659798000089	0.547865602755798
FARSB	-0.501923477211825	0.198555163226224	0.656932057224856
SLX9	1.03817424578321	0.0231771703386991	0.495586303848912
SMC4	-1.70107179322055	0.107186271413609	0.603653565340898
OLA1	0.234136374876002	0.851066494849753	0.957997785504299
ECHDC1	-0.206909754721472	0.449019028347638	0.782241663492657
RBM12	-2.03873878214016	0.000739409267827278	0.111701793184528
STAU2	0.383150898393232	0.374488018335703	0.750607749423229
LIN7C	-0.439838539151612	0.262906269910999	0.690027991174563
TXLNG	-0.243480022506589	0.477510024065646	0.797853323963233
SPATS2L	0.380058760615885	0.335154386046133	0.72443889618094
ABCF3	0.152683402390522	0.808049110397947	0.939436785623634
CYRIB	-0.657541006149945	0.287622254924203	0.706252762666871
AP5S1	-0.582695601722133	0.376571011189761	0.750607749423229
TBC1D23	-1.34365658899583	0.00790412934927564	0.305454955637637
EXOC1	1.17299512923989	0.421218857036672	0.767874398794631
FANCI	0.487555400064554	0.335348569152008	0.72443889618094
INTS13	1.31011387530985	0.016456495021594	0.426602986329013
GNL3L	-0.0645656912022012	0.768049686291401	0.928536692487658
KLHL11	0.194942738549678	0.553176426753043	0.836254632713968
PNPO	-1.03986574007807	0.0238370834620909	0.495586303848912
ARMC1	-0.192150662103447	0.335249248600045	0.72443889618094
SDAD1	0.514360474727756	0.121866555542922	0.612492181211891
POLR3B	0.179143161317924	0.644299005113378	0.880892106820925
RBM28	1.98403274912746	0.101291030020305	0.601537861565191
BSDC1	-0.664271088839818	0.195150492737366	0.656657178583234
CUEDC1	-2.09156953630276	0.0914583740805852	0.593732306639685
PIH1D1	-0.770782519747719	0.201353474675332	0.658305651158679
GID8	-0.883366648948154	0.170642083518534	0.639529308603452
COMMD8	-0.587057897405494	0.149439783802736	0.631945649459253
ADPRS	-0.174340076611522	0.558017068748341	0.838933739535193
HYPK	-0.934632089528172	0.284315214685079	0.704111275130804
DUS2	0.239298676102035	0.418237037594296	0.767874398794631
SIRT5	0.0798941958461583	0.699866602032589	0.905527343031533
MIOS	1.42555978328386	0.0467713357775338	0.546218787666442
TRMT1	-0.527954632859558	0.340207880449107	0.726432280057467
GDAP2	-0.00279982129159961	0.991248441485896	0.998034393892448
NDE1	0.241473899121896	0.685834127706788	0.90044246657841
BABAM2	0.185450489962644	0.72622819145854	0.917859709882497
GAR1	-0.480672570143412	0.0794419126897849	0.580120963047934
PPP4R2	-1.21542656997519	0.0120863927165456	0.365982933773768
DDX56	0.111810614030613	0.817546435365423	0.943041319993659
ABI2	-0.691753816644699	0.176779611092485	0.641503539931958
BCLAF1	0.572231645568607	0.127017206019408	0.612492181211891
COA4	-1.16765304729588	0.0554153838260958	0.547865602755798
ACTR10	-0.156886184031109	0.475234053792487	0.79679489481773
FAM120A	-0.303541563588293	0.325985609066217	0.719407761395143
SPG21	0.394893341996998	0.183482331014775	0.644776371611886
IGF2BP1	0.634145314907542	0.0269387500212235	0.497218335610474
HSPBP1	-1.10123732726641	0.0735163671217376	0.570768065833689
MYOF	0.25241985137945	0.3030652201883	0.709457774663294
EHD2	-0.39340183505881	0.30160182712735	0.709457774663294
NCKIPSD	1.20327841576587	0.108414721106805	0.604064970074715
PALS2	-0.0512060195973838	0.859868222962672	0.961942812176539
CHMP5	-0.318394598909254	0.424357929579368	0.767935009488334
COMMD9	-0.141306197523306	0.78198999262163	0.933381474780763
CCDC59	-0.294614425092092	0.458769272815271	0.787837570562811
RAI14	0.718086059637713	0.257977243193413	0.685061444553686
CALCOCO1	1.81141212287979	0.0321468626344714	0.511793511258846
NHSL3	-0.453731518688528	0.43332997876683	0.773548605944504
VPS18	-0.833623618244765	0.226294145958693	0.673959655639043
RCC2	-0.698644504345843	0.263859381679809	0.690547333880344
DIP2B	0.00628119189950027	0.993339322910478	0.99835273541427
SLAIN2	-0.284060344647926	0.296785612134239	0.708951890272683
STK26	-3.7624446926434	0.000318637953783048	0.058164703146814
PTGFRN	0.677918807569899	0.027704136771179	0.497218335610474
HEATR5B	-0.166178963441226	0.686385450616274	0.90044246657841
RRBP1	-0.15082282730388	0.603709910220806	0.862847856766778
CPSF2	-0.048195423654839	0.923139316555347	0.984042256416349
LARS1	-0.593688208432305	0.38281665476221	0.752294303711255
KLHL13	-0.77623648283862	0.0504806097953974	0.547865602755798
ANKFY1	-1.38241042220422	0.130309879755113	0.616106319820597
ATXN10	-0.527041730290833	0.384170125375601	0.752294303711255
EPS15L1	-0.186572238055923	0.748201345319678	0.924855184322178
ORC3	1.61323980722828	0.0152933144344502	0.418750065858291
COPG2	-0.403807145012053	0.0799961670715825	0.580120963047934
COMMD3	0.204927224066537	0.542651756821006	0.833575507234512
GNG12	0.297948080015555	0.446007477394595	0.780334967438387
UXT	0.166851285458179	0.476232204028896	0.79679489481773
GULP1	-0.459085638744916	0.184402632347343	0.645245273869515
VPS29	-0.352581234057304	0.544582597750254	0.834201524735616
EIF3K	-0.519824189060166	0.191984150928445	0.654273616264889
GRHPR	-0.0224127125403193	0.933927058444026	0.985235396213546
CTNNAL1	0.137618690561858	0.673537061289034	0.896344430591512
NXF1	0.269090324661398	0.263347820416313	0.690027991174563
COPS7A	-0.128538539158654	0.657198746545826	0.890669247523725
ABCF2	0.139360716681431	0.707493198059612	0.90895379224716
PARP2	0.962097257653255	0.298530767553639	0.709457774663294
NDRG3	0.283350716267694	0.746325944416535	0.924414464938886
ARMCX3	-0.918822249287508	0.305724014377434	0.709457774663294
LIMA1	-0.0352622004110827	0.929844484483538	0.985003835637487
SRP68	0.125250778784249	0.669101876591594	0.894619503561183
SEPTIN9	0.247918816248283	0.551142564801698	0.836254632713968
DDX20	0.316382815623118	0.480365287176783	0.799878496055297
BAIAP2L1	-0.970356412266437	0.106393061422206	0.603653565340898
SAP30BP	0.452271427800436	0.457397429428852	0.787370584804637
PFDN2	-1.27110514677054	0.210623221097709	0.666238506591382
PUF60	-0.00865039689231395	0.976680475035553	0.997664916968184
EIF2B4	-1.01403541033244	0.0290163617729734	0.505421564816932
ATP6V1H	0.683785445176479	0.0307529667733544	0.506499050504006
TRMT112	-1.12507857760638	0.0577393543045173	0.549054389807244
CNOT7	-0.0583486814515126	0.885278782499199	0.970312819272318
RABGEF1	-0.640189763761132	0.0319876849972709	0.511793511258846
TRMT6	-0.154536173091934	0.709327444649727	0.910226722642455
TSR3	0.681707475471327	0.125414615532654	0.612492181211891
DCTN4	0.0592515281104369	0.843772440371835	0.954445406989158
ANAPC7	-0.281350978343212	0.424850446461093	0.767935009488334
LSM7	0.692026330345186	0.402626716838765	0.762605986368624
MRTO4	-0.323470409126195	0.686297037771854	0.90044246657841
CPSF3	0.0290294851787216	0.933453419853655	0.985174519965999
NUDT5	-1.81845857494411	0.0811967241071838	0.580120963047934
RCOR1	0.283713358797876	0.434033865726983	0.773548605944504
GTF3C4	-0.195378552618003	0.688222190521493	0.90044246657841
PACSIN3	-0.198761684605401	0.415123417163562	0.767874398794631
ACIN1	0.145630800441396	0.666155794499711	0.894375651555314
AGO2	1.15825027110828	0.115759082755462	0.608738355024034
NUP50	-0.292853741576767	0.424812066518531	0.767935009488334
BAG5	-0.0115316604690747	0.979386247609733	0.997664916968184
RAB21	0.501162760160113	0.0365239328190932	0.520188724283809
RAB22A	0.292866995562811	0.351291827520601	0.735567305960183
PSME2	-1.25631380223322	0.38219169477231	0.752294303711255
MKLN1	-0.768823595210669	0.0348872204297098	0.512888968800532
DNPEP	-0.405820492337668	0.198911140929397	0.656932057224856
SLC39A10	-0.387845331508164	0.209441245930784	0.664418608561016
CNOT6	-0.48912680823819	0.477162723179238	0.79757721871356
ISY1	-0.54356694285897	0.0590928398864541	0.549054389807244
NOB1	-2.74576360959102	0.0148293698576074	0.408600436139485
AKAP8L	-0.327547605429785	0.619785713266808	0.867596545802835
MYO6	-1.80330046917517	0.000435223883907841	0.07626863341601
PRPF19	0.0688675024605558	0.867374454857115	0.964105717157198
UBQLN1	-2.62380210939948	0.00188061416436129	0.166868688837623
SYNRG	-0.809802173202595	0.254563735768124	0.684916777291027
G3BP2	-0.0329485210425702	0.923463075325598	0.984042256416349
STUB1	-0.987060118636315	0.103401482542147	0.603653565340898
PACSIN2	-0.922939382720614	0.102985172099866	0.603653565340898
MAGED2	-0.389542902196641	0.511035496308098	0.817084948146788
SNX7	-0.823505268330905	0.0541056939989678	0.547865602755798
SNX6	-0.126782369154533	0.88185476403175	0.969546701271729
DUSP12	-0.0792172710273213	0.717073584779785	0.91412223893457
STX8	-1.15286917553397	0.382044835996243	0.752294303711255
PSMD13	-0.627913015143214	0.124737113283136	0.612492181211891
FAF1	-0.959359960279762	0.181508425731887	0.642790060007765
PROCR	0.321030629381291	0.148547263728882	0.631945649459253
PPIE	0.479390895607644	0.558584374992996	0.838933739535193
COPS3	-0.934944238922863	0.152618762690185	0.637998854337501
NSFL1C	-1.30259876216887	0.169485626965244	0.639529308603452
COG5	0.983727769376699	0.0467661905113871	0.546218787666442
MACF1	1.55913319178761	0.00424487238848007	0.246565285959848
TRIM33	0.180441522993089	0.622483210514382	0.869056387910615
TNRC6B	-1.09674541443343	0.192635413260605	0.654273616264889
EXOC7	-0.423662858717321	0.226879143906672	0.67478447349296
SLC7A11	0.382300594167592	0.23047084130263	0.675967381909327
SRRM2	0.386487911565336	0.202861819879223	0.660114137190728
PA2G4	-0.204555934685686	0.594694173337312	0.859002694820561
BAIAP2	-0.671995228814602	0.118845344305272	0.608738355024034
SMC3	-0.260932698086599	0.643716788800647	0.880738054883084
RTRAF	0.0127316057464419	0.973235966804024	0.997601022594392
RUVBL2	-0.629210144039703	0.203741746029618	0.660114137190728
EIF3L	-0.229909159881334	0.413331688775397	0.767874398794631
PLAA	-1.0329104568588	0.257176009733791	0.684916777291027
RUVBL1	-0.719863562778396	0.198821563544867	0.656932057224856
NUDC	-0.572708906916112	0.503568957601664	0.813809162284793
FARSA	-0.593266563735579	0.292351290173222	0.707095342420218
DRG1	0.16574880807633	0.429626012818558	0.771796793176661
TRAPPC4	0.107807640407238	0.769576975672834	0.928536692487658
NCKAP1	0.637817089870115	0.442653941777704	0.778103669747091
CNPY2	-1.43773886883581	0.185473996267857	0.645245273869515
EXOC6B	-1.14758403409591	0.157661342806773	0.6384680948005
DLGAP4	0.329139685319255	0.419137222999215	0.767874398794631
DIS3	0.360311135878625	0.22730920756516	0.675233670375491
MRPS28	0.091396667038552	0.782327499519507	0.933381474780763
AP3M1	-0.635641365374219	0.178935705500309	0.641503539931958
LEMD3	-0.255246354764203	0.442956072209369	0.778103669747091
COG6	0.750564661322695	0.168614381608089	0.638989533616924
THRAP3	-0.0201520879085209	0.937428612614356	0.985965812635727
WBP11	-0.173102655191315	0.614507854636818	0.866386591837234
NOP58	0.428003925071888	0.13191628397857	0.616106319820597
GIT1	-1.74745413987985	0.00109862454436032	0.133335542562229
ZNF281	0.338627908176765	0.238540727742817	0.679742533087422
SUGT1	-0.902006778044559	0.295153205503325	0.70833301508399
AAR2	0.029196311993605	0.940834258038218	0.986382510059697
NOSIP	0.231760271306296	0.685499245487122	0.90044246657841
DERA	-0.976930919174922	0.0466213910326998	0.546218787666442
MEMO1	-1.90104386958745	0.0159610990349458	0.423791362861197
LSM2	-0.669110825611753	0.287990359675153	0.706252762666871
CAB39	-2.81608303771916	0.0244342939126603	0.495586303848912
LUC7L2	-0.933588140705478	0.0567833465731418	0.547946787085758
MOB4	0.103474409712547	0.651717835232483	0.88771200189246
SBDS	-0.612418913074116	0.287185288778576	0.706252762666871
EXOSC1	0.638083734591579	0.0299380868217612	0.506499050504006
SF3B6	0.209642994589981	0.548223510924843	0.835117603747276
REXO2	-0.472898524453662	0.241184939962633	0.679742533087422
NOP16	0.484197337053462	0.257073031628341	0.684916777291027
FIS1	0.181017710340861	0.658294230422694	0.890669247523725
GOLT1B	0.332401396248898	0.215969383108656	0.669138520084173
STRAP	-0.761553611931674	0.24148874121116	0.679742533087422
RTCB	0.0182570565764841	0.950378985773747	0.987704699324651
RAP2C	-0.0773729793930649	0.851067651491151	0.957997785504299
RPL36	0.263010807357293	0.25625808604866	0.684916777291027
FAM32A	0.60983864207904	0.510808341232231	0.817084948146788
PKP3	0.194807850934623	0.421523425543752	0.767874398794631
HBS1L	1.88409498846902	0.0260063183157903	0.497218335610474
TLN1	-1.58608412168759	0.061219027006689	0.552641343250854
MTCL1	-1.6073350074683	0.0243962358634294	0.495586303848912
DCAF1	-0.234894985643514	0.332228427149193	0.723799122746628
TCAF1	0.193424389066909	0.520551319982132	0.821222662168426
WDR7	1.25398635133474	0.0101396144850417	0.337905740485823
USP15	-0.64821691088494	0.401348819826672	0.762162626640941
FARP1	0.338400634391586	0.290810608948559	0.706252762666871
TLN2	0.532044455788142	0.290287813290093	0.706252762666871
HYOU1	-0.0219641952976843	0.966931972000249	0.994629952884032
TELO2	-0.0551271900723052	0.932838375096438	0.985174519965999
LAS1L	-0.0806398172859879	0.746012046076368	0.924286983557853
LSM5	-0.469004353628286	0.412301925819408	0.767874398794631
PRRC2C	0.17600152457296	0.57108238096271	0.847893049784489
POLR3H	-0.31100291006149	0.706642131319762	0.90895379224716
RBM7	1.78659297597869	0.132999944049207	0.616106319820597
YTHDF2	0.0525392385523133	0.817530528550783	0.943041319993659
SUPT16H	-0.539234088897384	0.143351038453949	0.62856520785054
UCHL5	-0.518796962702943	0.334297843793856	0.72443889618094
CD2AP	0.221219766544579	0.830434878646352	0.947227875232571
ATP6V1D	0.473489418270265	0.0923002062169382	0.593732306639685
TNPO3	-0.830561255715203	0.484916918342489	0.804013780468123
GTF3C5	0.884103283894557	0.0955025592335962	0.596848464331699
GTF3C3	-1.60208854366602	0.00700171953914912	0.293671084914767
TRAPPC1	0.741380457755056	0.115722960098788	0.608738355024034
CDC42BPB	0.937247890177769	0.598038658479796	0.860718711826701
FLVCR1	-0.0659863093216728	0.818936654537922	0.943899364254311
MRFAP1	0.662183390003587	0.344386410002548	0.729510880242109
PUS1	0.342964970188731	0.157399638483964	0.6384680948005
PSAT1	-0.987871018845851	0.319365512466416	0.717827453324327
COPG1	-0.414731962576901	0.381961959051022	0.752294303711255
CLIC4	0.545339666960977	0.404837888596744	0.764151137415914
CFAP20	-0.009522870999497	0.975413632186814	0.997664916968184
SAR1B	-1.84508790117425	0.196586860768733	0.656657178583234
ARFGEF2	0.493244174948543	0.614101857208907	0.866386591837234
MAD1L1	-0.00134736801894064	0.997849361503554	0.998899677761702
STK24	1.06354585524133	0.0668036785714822	0.56528703545749
BZW2	-1.6800687702751	0.0587983764566398	0.549054389807244
COMMD10	1.35047071356741	0.0329446614842101	0.512649025296986
DYNC1LI1	-0.361571351100817	0.303742355064963	0.709457774663294
EPN1	0.373041918061997	0.218540539518186	0.669910673706068
OAS3	-0.469425607324446	0.127967213272051	0.613374574775551
ROBO1	-0.664286881653947	0.0421953165318603	0.546218787666442
NUMBL	0.377791568362557	0.330973650729885	0.723631901547437
DDX49	0.341207937945967	0.562007744334282	0.842050590946815
WASF2	-0.976527350163863	0.0726527407946238	0.570768065833689
SEC23IP	-0.137005259761576	0.85233044416344	0.958600224891041
DNASE2	-0.962618951139742	0.103436112158961	0.603653565340898
FANCG	-0.494695513210196	0.500271287151067	0.810835556422059
RNGTT	-0.207331070264814	0.638604378851531	0.878406839481494
RNF40	0.288503577885702	0.176812593512475	0.641503539931958
ULK1	0.478652005579434	0.223608485464673	0.673069749066756
CREG1	-0.417087495613853	0.448880800687715	0.782241663492657
CCNK	0.354119443432687	0.476330935751572	0.79679489481773
ARL6IP5	-0.155950746854749	0.513452376682974	0.817084948146788
RSL1D1	0.0263520579603913	0.914534363544696	0.981763059713137
EPN2	0.754121994201856	0.0305785214377556	0.506499050504006
POP4	0.853853347578813	0.0254341283092087	0.496805397947517
GLUD1	-0.130809100371259	0.572818829200908	0.847893049784489
TIMP1	-0.237762557654886	0.54799464880894	0.835117603747276
SOD2	0.437091892233056	0.161515305075676	0.6384680948005
FYN	-0.147969089141679	0.791348732257756	0.934840897492394
GLA	-0.610976658157753	0.229753966299754	0.675967381909327
GNAI3	0.0441581787517542	0.886642410146697	0.970746385996202
SNRPC	-0.354754375375904	0.267988352528215	0.691075932577331
GAA	-0.972087329026238	0.0139673870812474	0.403071963320514
RALA	0.159231065396909	0.473850869171283	0.79679489481773
P4HA1	-0.250441206292528	0.419241973720217	0.767874398794631
GLB1	-0.683005439532032	0.131711454119366	0.616106319820597
XRCC1	-0.614020380982414	0.203134247768841	0.660114137190728
ATP2B1	0.00975842519779491	0.969970523266155	0.996023716698754
RAB6A	0.109130643312387	0.756460703929898	0.924957224238645
FKBP2	0.00340905863385998	0.991743043828398	0.998034393892448
PSMB6	-0.11148387432133	0.84098886291223	0.953373862975004
ARRB2	0.117052036339672	0.772443549772561	0.929690986690547
PHB1	0.442821066319212	0.141374223072438	0.622070094577357
POLR2I	0.0903983468792937	0.681661155760732	0.898729017647462
MDH2	-0.0749684931488019	0.787427466261262	0.934840897492394
NCAPD3	2.22633511163875	0.00133088153387368	0.135001302035059
PPT1	-1.16970324209118	0.0529857333481311	0.547865602755798
HSD17B4	0.156816645342545	0.461136637328312	0.789314342822014
MANF	-0.2263642849489	0.434079864809726	0.773548605944504
MAX	0.00390807710116903	0.994392025764221	0.998539856560943
GNAI1	0.414051580918965	0.205018414504096	0.660114137190728
CDK17	0.35675781506907	0.350727350258852	0.735567305960183
CDR2	-0.919019383413641	0.126818573253192	0.612492181211891
RING1	0.946976880124126	0.285598286707459	0.704578746411675
GTF3C1	0.469456312454522	0.327036273186576	0.719972820517784
CALCOCO2	0.232608872654744	0.358254085175907	0.739897732068299
SRSF9	0.935033699220671	0.0499709903884112	0.547865602755798
DAG1	0.399742998948891	0.0762448307008054	0.57244987810214
DHX34	0.481850241362423	0.642675260321843	0.88041285661976
HLTF	1.10084149922075	0.1528590729232	0.638394278814621
RBMS2	0.00837999680958035	0.981626092896418	0.997664916968184
NHERF2	-0.293856230311142	0.274608727140645	0.696258928219752
TRIP4	-0.430259529737736	0.420774895508995	0.767874398794631
CSRP2	0.23390773227699	0.578597800734521	0.850852715178347
CPEB4	-0.502396080216446	0.0590365990158418	0.549054389807244
LARP7	0.0184943515792071	0.950000281005827	0.987704699324651
NCBP3	0.375605686947463	0.635723014823482	0.878021590176308
UBAP2	-1.91455856480985	0.00805305125313043	0.306142088568381
UTP25	1.31462466392033	0.0188015510356256	0.448997280970627
RINT1	0.128014764067892	0.840533917352297	0.953373862975004
RFWD3	0.904518286667912	0.361277344421469	0.741700992218904
ZC3H14	-1.50455032615645	0.0161724932491508	0.425580590231024
BLOC1S2	-0.751784687949005	0.159947527737248	0.6384680948005
TRMT1L	0.254063575630951	0.358380047351959	0.739897732068299
WAPL	0.706258608814707	0.290956345853673	0.706252762666871
IRF2BP2	-1.80878318531815	9.65828455872225e-06	0.00530596892064457
ZNF598	-0.208245218481668	0.811569136346286	0.941558242933569
WDR75	0.606570147514883	0.0528213567726139	0.547865602755798
DHX40	0.797267040137168	0.113526422377995	0.608738355024034
PHC2	0.890242609086819	0.00831091618698171	0.307514600589177
RAVER1	0.0888967341348845	0.861219292149699	0.962443902657023
PLCD3	0.0145619405430928	0.947627918963854	0.987704699324651
NOPCHAP1	-1.04288868513063	0.00651264768198047	0.293671084914767
SVIP	0.010966794491587	0.960101810817454	0.990934559544498
DDX55	0.838786876745687	0.116533696606441	0.608738355024034
PPIL4	-0.119860205917441	0.558651245559487	0.838933739535193
HNRNPLL	-0.18148397817172	0.701586693532787	0.90651558586422
DDB2	-0.0223288022057773	0.921502062000902	0.984042256416349
TBC1D5	-1.41526676875509	0.191546540877165	0.654273616264889
DLG3	0.29917884443125	0.254247948977878	0.684916777291027
GGH	-0.946613299528366	0.0345103343740265	0.512649025296986
CAVIN3	0.037245433170142	0.893010479582579	0.972294379611577
ERGIC1	0.142252190814979	0.537786071577116	0.832817525478737
UTP4	0.767767081233384	0.0141727303645694	0.40582177599463
LRRC59	-0.0710121273569584	0.773333967369055	0.929996187494875
FKBP10	-1.09736638726113	0.176440370259176	0.641503539931958
USP28	0.380935763419384	0.115809072695624	0.608738355024034
LGMN	-0.307367265061778	0.417177774107546	0.767874398794631
NAPG	-0.0889806057418951	0.674105848136669	0.896828946458168
HTATIP2	0.0817450199656946	0.757494305789995	0.924957224238645
FRMD8	0.22717416952122	0.594335646637279	0.859002694820561
WWTR1	0.76612233047706	0.136943256024799	0.620418838116397
NAT10	0.645567943637683	0.292084757989577	0.707095342420218
TOLLIP	-0.706719036366358	0.0574763204793572	0.549054389807244
SENP3	-0.71420685163476	0.556052371420534	0.838576743267938
LDAH	-0.321484517652557	0.643166478193698	0.88053510655206
SCPEP1	-0.302724821627272	0.407202044307137	0.764660161212845
ZCCHC17	0.940370176548555	0.249518598452994	0.682234214879902
BMP2K	0.0033343831534971	0.994802912902743	0.998539856560943
MDN1	1.77539582142067	0.101508379827029	0.601537861565191
DPP7	-0.320199317918846	0.309620865780013	0.712420700095712
HERC5	0.19306590354882	0.718187872600085	0.91412223893457
CNOT11	0.507004083187667	0.468993697614416	0.793324184907508
EPDR1	-0.50818755127122	0.743320073879387	0.923563597182529
NOC2L	-0.0884259189731296	0.772395618650553	0.929690986690547
SNX9	0.0750199026089149	0.849739146083374	0.957732749933435
SNX8	-0.39525396807371	0.588746402339243	0.855932177708243
UBXN8	0.394407290795588	0.295502924011631	0.70833301508399
PGRMC1	-0.188095655239266	0.417018184550497	0.767874398794631
GOLIM4	-0.079538871926907	0.732898800201112	0.919334237283531
PLOD2	-0.335400478784472	0.38546903503691	0.752479129662161
TNFRSF10B	-0.0282904955226897	0.924236680472534	0.984042256416349
MGST3	0.920161265272583	0.0196290360519643	0.457419185870509
CASK	0.587703510905648	0.155676470363152	0.6384680948005
PGRMC2	0.219901901265576	0.303785271337231	0.709457774663294
P4HA2	-0.320041965995628	0.316424282795015	0.713461030841462
CYB5B	-0.467328752079823	0.104243154120273	0.603653565340898
HTRA2	-0.399517301785174	0.268699508054681	0.691075932577331
PLRG1	0.604409692075382	0.319190731966584	0.717827453324327
TIMM8A	-0.758835209882271	0.0181263837701228	0.448997280970627
FADS1	-0.0237450641543191	0.920590578146308	0.984042256416349
SELENOF	-0.859633712037763	0.0688071121481649	0.56528703545749
SLC16A7	-0.0726753081128528	0.789086688251071	0.934840897492394
TACC1	-0.89444058417919	0.339212044782872	0.726432280057467
ECI2	0.188658239884443	0.456474815411621	0.787019349200437
ATP6AP2	-0.052207243132365	0.927275942364955	0.985003835637487
STAM2	0.0472802541884505	0.896866973206248	0.974203335487582
RPP14	-0.193530062686797	0.629668076821631	0.873796593143987
FKBP9	-0.52194272225119	0.591374917483093	0.857546064064638
CD2BP2	-0.182788997120745	0.604382331941798	0.862847856766778
SEC24B	0.394319288888877	0.321074423567432	0.718226602941572
ACSL3	-0.271558472918848	0.322950147627172	0.718941436840414
CYB5R3	-0.0567846347139742	0.838803014244555	0.953254476110349
GOT2	-0.181134251164295	0.505230107120845	0.814353605333489
GBA1	-0.213502877075094	0.392762646010784	0.757826102785465
RPN1	0.209388927925332	0.476075858854075	0.79679489481773
EPHX1	0.283570049236513	0.256628009441643	0.684916777291027
ACAA1	-0.672185881401337	0.191632854415557	0.654273616264889
CTSA	-0.398542662534282	0.338019879149816	0.72555859409865
TFPI	0.129608942392093	0.733800789461418	0.919559856587664
LAMC1	0.260620094048491	0.403760414511329	0.763259919950357
PDHB	0.0849306138912738	0.721363466181649	0.915496334108287
ACADM	-0.112633931970841	0.673342875541545	0.896344430591512
NAGA	-0.62722413502275	0.242483937858903	0.679784123898664
UBTF	0.256553310331288	0.48085140508282	0.800383740755256
AGA	-0.374565894143878	0.475825375208329	0.79679489481773
VDAC1	0.125567133218262	0.553003174228651	0.836254632713968
ACAT1	-0.186720147949792	0.453373823969657	0.784761249629027
ABCD3	0.638322442284398	0.0293031448216162	0.505421564816932
TYK2	0.350655876538408	0.396429995136628	0.759737449122295
HMOX2	-0.105970776952944	0.723762739399904	0.917212774460799
ABCD1	0.372569132096427	0.13853171167376	0.620418838116397
SHMT2	-0.0864985023432006	0.675053414212224	0.897137024953468
LIPA	-0.481847336827485	0.26583315259299	0.691075932577331
DDOST	0.264981274187647	0.265854534809625	0.691075932577331
ECI1	-0.184002871411547	0.409168147513234	0.766053698399777
SSR1	0.344640518879874	0.268081804401781	0.691075932577331
PPIC	-0.257796812828971	0.570989989623425	0.847893049784489
VDAC2	0.00201337153423253	0.992476925806904	0.998034393892448
NSF	0.27254260568931	0.300516758223543	0.709457774663294
HSPA13	-0.34018595192401	0.236342052482007	0.678646871282716
TUFM	-0.0416333754983924	0.857455552500576	0.961236636516127
VPS41	-0.422021930100389	0.158640134915709	0.6384680948005
RBM25	0.185423053660202	0.736035736004184	0.920913104426187
NUP153	-0.560651813400412	0.0968600278019001	0.596848464331699
CPT1A	-0.0812217731863498	0.751574824507168	0.924855184322178
SSR4	0.852850301116447	0.0125141920517205	0.370436995801268
NAGLU	-0.206544631723823	0.61139325365749	0.865137698414332
CTBP2	0.446166316792336	0.147461059976329	0.631945649459253
CDK16	1.01415857104851	0.0254189167200183	0.496805397947517
PLOD1	0.0908629265668424	0.740903416594912	0.923123915273929
NUCB1	-0.376199660102355	0.325842398568835	0.719407761395143
SSBP1	-0.197021855591721	0.36142095716618	0.741700992218904
FSTL1	-0.105935601207126	0.694506281315582	0.903394304763529
LMAN2	0.268706707466499	0.41986174940018	0.767874398794631
CSTF3	0.204380579733225	0.817514018732782	0.943041319993659
ECH1	0.096705607788742	0.750174594392764	0.924855184322178
TRIM32	-0.949913904796482	0.222165075928309	0.672126610543405
TRA2A	0.344135324329983	0.51591461661393	0.818766887203526
BMS1	0.127524363092952	0.692027167141276	0.902412855789938
ACOX1	-0.628647074668496	0.157215416715423	0.6384680948005
DHCR24	0.0566295989090051	0.849673454628654	0.957732749933435
NSDHL	-0.493981617561641	0.118225137511353	0.608738355024034
QSER1	-0.630182221705986	0.273415622132793	0.695202461151344
P3H1	-0.357851286829487	0.310762878896358	0.713461030841462
VMA21	0.445447029864052	0.0880717502403491	0.592735508461659
MIX23	-0.256962183387344	0.361857803428582	0.741700992218904
COA6	-1.11709762235851	0.00271999424750221	0.20711898182821
TOR1AIP1	0.567627130278613	0.0381131811922762	0.524872092904795
EXOSC6	0.320727270725882	0.234171648891904	0.678304630085419
GPATCH4	1.4478213118784	0.0517334845132327	0.547865602755798
ALKBH5	0.935055791865889	0.421883971216315	0.767874398794631
POGLUT2	-0.0888785613101639	0.687158343164137	0.90044246657841
MON1B	-0.340215576736071	0.568340546921552	0.845782321193657
VPS35L	-0.000717700513931163	0.997778574170087	0.998899677761702
SRGAP1	-0.404074131611377	0.51086028583774	0.817084948146788
TRAPPC6B	0.974563035950517	0.0168816385368216	0.432505604852722
KTN1	0.225923883266994	0.417673874591168	0.767874398794631
MON1A	1.32026437257581	0.00190445890022396	0.166868688837623
ANKLE2	0.234576517311638	0.352674249906882	0.736096183345427
RIOX2	-0.102128074568697	0.899701830467488	0.9748362670489
DNAJC10	-0.211604203825704	0.522429914419545	0.823593182825486
SMAP1	0.584549707098773	0.0809750799371861	0.580120963047934
STAG2	0.258068355659752	0.476309004972811	0.79679489481773
COLGALT1	-0.0162123576985067	0.941016513206198	0.986382510059697
PCSK9	-0.223485253295376	0.628809216103038	0.872890759738321
SCCPDH	0.639977434886575	0.0290047538934839	0.505421564816932
LSM14A	-0.320819865728943	0.242462755700518	0.679784123898664
ATL2	-0.252158085812631	0.249857645271154	0.682234214879902
PLBD2	-0.121087570566178	0.830521405401267	0.947227875232571
RDH11	0.241613153508563	0.44590904291931	0.780334967438387
SPPL2A	-0.0523794067337349	0.83779318230606	0.952353900280968
HM13	-0.0477947270539865	0.834712224520141	0.949837468992919
LEO1	0.508728629559489	0.270760978540547	0.692067588673359
RUFY2	0.301139401944098	0.751612470348964	0.924855184322178
SMG7	0.172563357525355	0.679942052096798	0.898729017647462
TAF15	-0.153239724886586	0.660241054690934	0.892476414872256
IGSF8	0.03328115653553	0.872353303190499	0.966560399918456
RCN3	-0.436283374178608	0.527543396757133	0.826597861657011
RMDN1	-0.551903890092408	0.0801652660330095	0.580120963047934
BORCS6	-0.909413733464547	0.108143696646915	0.604064970074715
INTS4	1.04520373445539	0.0388397723129874	0.524872092904795
FUBP3	0.17499222927329	0.833631354596116	0.949566827963308
CLPTM1L	0.502300032033752	0.0330876091342518	0.512649025296986
SNX27	0.243446082524933	0.571486377189762	0.847893049784489
KIF16B	0.474762155595819	0.750365848380197	0.924855184322178
CIC	-0.822363508227369	0.41992358272386	0.767874398794631
GFM1	0.0711287777054963	0.757677957300341	0.924957224238645
CDC5L	-0.121959547370427	0.785141545619405	0.934194761368444
SCAF11	-0.161363028793573	0.661502852086208	0.892503581821339
ATXN2	0.417891097547653	0.403927183834096	0.763259919950357
HSD17B10	-0.034959302179395	0.874886153072112	0.96679557196738
MGST2	-0.150401742785618	0.765433108770598	0.928536692487658
EBNA1BP2	0.325011113002176	0.546665020922235	0.834764537002548
VRK1	-0.788365844403998	0.0888367101898846	0.593732306639685
SDF4	-0.519998980148721	0.034480839145911	0.512649025296986
TMEM43	0.331018817129539	0.369757170550968	0.748224556204985
CCDC28B	-0.538028899029108	0.221607341627767	0.672126610543405
UTP14A	-0.428335730207518	0.610233971662779	0.864758427938104
OSBPL11	0.275719937171377	0.243978475650779	0.681677105756419
OSBPL1A	0.517710828608244	0.396401799774481	0.759737449122295
PNN	0.298199434246492	0.577035411452999	0.849548666421904
TMX1	-0.0841701536953501	0.698547794158286	0.905425410120547
POFUT1	-0.0175146919799012	0.945959188931635	0.987430833144983
OSBPL3	-0.0206066111799217	0.929421959571542	0.985003835637487
PTGES2	0.0927479600941936	0.720547051546312	0.915240897163619
GNB4	0.0949229226143622	0.92154711917495	0.984042256416349
GRPEL1	0.275514855425897	0.424669174390745	0.767935009488334
APMAP	0.0132605189175692	0.948772328130874	0.987704699324651
DIABLO	-0.110539514122568	0.954014590164038	0.989005660082501
MRGBP	-0.383706136845852	0.457111440698787	0.78718758714677
GEMIN8	-0.000554725668983735	0.999256558441856	0.999321325884444
CDKN2AIP	0.27008762332601	0.639202383930494	0.878735180307819
UGGT1	-0.288637263167605	0.518600379058227	0.820659497694711
TECR	-0.764525911718259	0.177612574237518	0.641503539931958
CNOT2	0.533351317845153	0.20988767295622	0.665208024245928
VAPA	-0.120368260147355	0.81726872468119	0.943041319993659
DHCR7	-0.0254022768992677	0.930747655621541	0.985003835637487
ACAD8	0.1829537727284	0.542374995716782	0.833575507234512
SSR3	0.0386177326750179	0.893285751640401	0.972294379611577
DIMT1	0.317163660396226	0.379379434200642	0.751383951732826
SSX2IP	1.10497051642558	0.00636218888478495	0.293397363202556
GSTK1	0.805085392755487	0.129417388690161	0.616106319820597
WASHC3	0.414274797471556	0.334756082130404	0.72443889618094
WASHC2C	-1.69245263408043	0.19433248431386	0.656657178583234
TSSC4	0.539978942752597	0.214261837796193	0.66779997730912
SLC30A1	0.334861432584326	0.182001128007351	0.642819929447141
SNRPB2	1.39480904648003	0.138327574943708	0.620418838116397
TIA1	0.21188293845838	0.414013702613111	0.767874398794631
NCBP2	0.671347930354557	0.0170381258364291	0.433976914473233
SYNJ2BP	0.35959395147707	0.257025765569767	0.684916777291027
NDUFA9	-0.453464312863851	0.11135952187835	0.606658973476641
FAHD1	-0.157314066925558	0.542501401864849	0.833575507234512
FAM177A1	0.417245476071528	0.121900405155367	0.612492181211891
SYMPK	1.88585141192472	0.0218776225441059	0.490505889521197
EME1	0.66408909113126	0.127935165243942	0.613374574775551
DDX27	-0.181284476606685	0.572115413062755	0.847893049784489
MTMR9	-0.937451527028529	0.005267323896031	0.27148407045308
PHB2	0.0601674714835916	0.850491737252471	0.957997785504299
SIKE1	-0.159493995529996	0.518870746168706	0.820659497694711
ESYT2	0.00480159706003036	0.984332267288117	0.997664916968184
AGPS	-0.0507005046594884	0.857052971571091	0.961031243525198
HIP1	-0.0610502253918277	0.906405267219758	0.977968468059054
PES1	-0.352215286959105	0.154859838985678	0.6384680948005
NOP56	-0.387582498310547	0.441400268149236	0.77754634199981
CIT	1.85563041992347	0.0262022732041031	0.497218335610474
STX16	0.0243033665200301	0.920952513872539	0.984042256416349
VPS26C	-0.153064084666866	0.76937838726389	0.928536692487658
U2SURP	-0.318373147999701	0.247042831474658	0.682234214879902
SCAMP1	-0.174077451192304	0.6036432782766	0.862847856766778
NKRF	0.060679877857325	0.876082139582744	0.967023394686824
RER1	0.0625398331585316	0.765702336551634	0.928536692487658
SURF4	0.0921874717369562	0.735861472281203	0.920913104426187
HDAC3	1.00357297471291	0.17830374736226	0.641503539931958
STX7	-0.382793916955457	0.36289255245182	0.742382715864067
POLR1G	0.662503160680387	0.137791282826679	0.620418838116397
OGG1	0.0662923572452492	0.877919324329642	0.967934433655232
RBFOX1	0.0813836075925281	0.897989319671965	0.974389367531547
B4GALT5	0.736473255486558	0.161338008307091	0.6384680948005
SART1	0.139134052693464	0.80551408849393	0.939301895579427
PRPF3	-0.00767154489394528	0.979116560995204	0.997664916968184
B4GAT1	0.156673747704737	0.663536962038711	0.894026957348832
PRC1	0.191818094122965	0.532765962332017	0.829520710769963
STX6	0.423640038131531	0.247162682840226	0.682234214879902
SYNGR2	0.637074527243399	0.0615157029175067	0.552641343250854
ORC4	0.734842925376917	0.423576433662217	0.767935009488334
PIP5K1C	0.321195536235383	0.42208738800341	0.767925600848396
STX10	0.180563452854152	0.501559362083095	0.812622620298091
CCNT1	0.286814832998743	0.48965523531925	0.804968050124901
DPM1	-0.0432332039882866	0.848273899350666	0.957494129320267
PQBP1	-0.86987705627482	0.425814133201341	0.768261207260345
RNASEH1	-0.0240219727912958	0.955395766025423	0.989366248687593
NBN	0.272950982672391	0.572676799694121	0.847893049784489
HIP1R	-0.694086464093523	0.468240561530164	0.793324184907508
DNAJC13	-0.168489209960271	0.548015984669967	0.835117603747276
VAMP4	0.155173466070728	0.685589483214248	0.90044246657841
PRPF40A	0.320865699611176	0.229052933444685	0.675967381909327
SRSF10	-0.0981853751405488	0.773122112187173	0.929996187494875
EED	2.81773060918668	0.00623113766819855	0.290410788557211
RP2	0.150433257016832	0.63591931194463	0.878021590176308
ZMPSTE24	0.397258324156859	0.184108624388095	0.644776371611886
CPD	0.0133008826512508	0.950887171785041	0.987704699324651
B3GAT3	0.421989736656396	0.158135415876699	0.6384680948005
UFL1	0.590695570703261	0.0549948386522556	0.547865602755798
PRPF6	0.565558843164936	0.247971684982792	0.682234214879902
YIF1A	0.564886262386231	0.106447383714711	0.603653565340898
KAT7	-0.583671433777543	0.52616680154836	0.825917863698806
MAP4K4	0.149209805758783	0.631824801082117	0.875403052985691
AIFM1	0.130168669372068	0.594609188934494	0.859002694820561
MBD3	-0.540965191378454	0.0681725567999248	0.56528703545749
TOP3B	0.340136785158958	0.178242979979497	0.641503539931958
CLPTM1	-0.264928409496715	0.213109824776278	0.667358214685398
LDLR	0.152395584196022	0.487468946649571	0.804968050124901
OAT	-0.417043339102189	0.135311007159015	0.617497419128798
RPN2	0.0925631882182572	0.756964227247844	0.924957224238645
SLC25A5	-0.108205305712559	0.575997549518714	0.849548666421904
POLR3D	0.133739176147959	0.772123213587261	0.929690986690547
LPL	0.221017701474477	0.52276426387775	0.823823827355548
LAMB1	-0.0650725352195849	0.785060394906038	0.934194761368444
SRPRA	0.132108470766241	0.591486949239979	0.857546064064638
PDHA1	0.00824659298250907	0.970334972001419	0.996023716698754
COL4A2	0.728571149610346	0.106369095797704	0.603653565340898
FGF2	0.459644962995519	0.464485394013448	0.791838575065992
SRP19	-0.665202509258126	0.0444852205294513	0.546218787666442
HMOX1	-0.237709129438482	0.245543897099617	0.682234214879902
DLD	0.0211342987057179	0.922125249287205	0.984042256416349
DLAT	-0.0265022070624532	0.911888724529102	0.98060493425675
MGST1	-0.220004183714487	0.431789774437382	0.772425888856746
RALB	0.0841816516314111	0.753058909469214	0.924957224238645
LAMP1	0.547306964439706	0.4589275234139	0.787837570562811
PC	0.446748856195683	0.15924928456435	0.6384680948005
IGF2R	-0.0805711139670677	0.808417411960991	0.939436785623634
SLC25A6	0.298846203125336	0.193254784883886	0.65479444128098
ETFA	0.426951100910227	0.224225978567869	0.673249112485248
MTHFD2	0.130205420354837	0.619629450043397	0.867596545802835
B4GALT1	-0.0508360191869883	0.851726082527967	0.958485028648442
ATP2A2	0.0930451412243656	0.79706523794309	0.937182718043123
ITGA2	0.285088403291368	0.373788908459417	0.750607749423229
PTPN1	-0.571077380091626	0.137679534197238	0.620418838116397
SON	0.0623292124873771	0.784242361921301	0.93364005502504
MSH3	0.984662140961085	0.033930138534389	0.512649025296986
M6PR	0.232086031957948	0.309306274810845	0.712315316712096
ME2	-0.086148975290854	0.730837015627352	0.919264130193347
BRD2	0.264975558296772	0.547230012031464	0.835117603747276
ATP5F1A	0.394948408872676	0.110605772573059	0.606124850874329
COL8A1	0.1925438945038	0.632281409618223	0.875521324837031
ECHS1	0.586916432997917	0.108568912459111	0.604064970074715
ALDH1B1	0.0903378923958336	0.73275936382228	0.919334237283531
SDHA	-0.216102905007311	0.659030910123776	0.891356816194182
HIBADH	-0.115757884545147	0.586189412281589	0.854794369554629
GTF2H1	-0.0578916180024578	0.939963105262692	0.986311386155219
RFC1	0.904827144422967	0.0933469845273299	0.596141602353109
KRT9	-0.53001310755382	0.290804661111659	0.706252762666871
LONP1	0.0851429569449458	0.738325389495189	0.921654859186249
DLST	0.361252903731252	0.161979491209229	0.6384680948005
COIL	-0.349540513683252	0.390006031985043	0.75608047025694
PI4KA	-0.327340952853852	0.19595683831591	0.656657178583234
HELZ	0.25648021346608	0.535856532535658	0.831934701943057
LRPPRC	0.140717899420459	0.548687482516435	0.835523066007822
ACAA2	0.420911055905908	0.128224086009119	0.613934121099399
SLC1A3	-0.0851033525628822	0.800367816449808	0.937793903146994
TSFM	0.29300303460861	0.467048961020617	0.79307810008966
MKI67	0.160628324703268	0.771933287468142	0.929690986690547
ATRX	-1.57546343883421	0.103803907183168	0.603653565340898
BRCC3	0.409298066339513	0.425086208712453	0.767950511527416
UTRN	0.32246055357545	0.68173558829451	0.898729017647462
LSS	-0.50666509826371	0.296136743577513	0.708560935889177
IDH2	0.533599600874833	0.119262993028054	0.608738355024034
ACADVL	0.126806634779101	0.568375789333179	0.845782321193657
LIG3	0.569156429310809	0.181152518884341	0.642582873109386
IDH3A	0.00312455643210185	0.990446098706629	0.998034393892448
EMD	-0.254442576272478	0.491777556104007	0.804968050124901
BCAP31	0.194263367146824	0.369403349114504	0.747854007611202
VAMP7	0.318764335766001	0.217151932504263	0.669910673706068
ALDH18A1	-0.152974450164344	0.660562763950163	0.892503581821339
HNRNPH2	0.656802659394025	0.53718585747428	0.83247656229035
OXCT1	-0.0464436003107096	0.858911451211408	0.961904613135517
RRP1	0.792070035158172	0.302147203434297	0.709457774663294
TMEM33	1.01383121244105	0.014823455627666	0.408600436139485
SEC61G	0.555561957496785	0.0464703616590145	0.546218787666442
SPCS3	0.535742042039047	0.0954326862251754	0.596848464331699
ATP6V0D1	-0.0107179297250468	0.9606252167052	0.990934559544498
RRAS2	0.0157614819066545	0.945588706497208	0.987322597106709
GNB2	-0.389855534915615	0.362972786437076	0.742382715864067
TRA2B	1.12513505595697	0.281772187815494	0.701029525455524
NOP14	0.554736938322669	0.497490710633191	0.809322986737472
TMF1	1.06806197399981	0.0678345754911724	0.56528703545749
ERH	0.221382450849632	0.861395558817639	0.962443902657023
RBM10	-0.0569944028567733	0.860061628691053	0.961942812176539
ATP2C1	0.110106272436049	0.69158340502235	0.902412855789938
SLC25A3	0.103119790734972	0.696437195476134	0.904295006929741
U2AF1	1.35314401156297	0.114527066476201	0.608738355024034
TOP2B	1.49906149220921	0.145995463026645	0.631397950167554
MLLT1	0.726234673415878	0.223690836485094	0.673069749066756
TAP1	0.246288123526337	0.356530570008064	0.739081579433367
ATP7A	0.163747467022919	0.492070882161539	0.804968050124901
NOTCH2	-0.0509745600575613	0.863349480963146	0.963392405251784
SRSF11	0.0391620161031803	0.87888910182818	0.967934433655232
FMR1	0.838385489180752	0.0664508244953672	0.56528703545749
KHDRBS1	-0.561143035172595	0.0565307331201057	0.547865602755798
MGAT2	-0.0746094097865644	0.786150884171759	0.934840897492394
GALNT1	-0.13619983753388	0.611158316788147	0.865137698414332
PMPCA	-0.2427201110848	0.304168671087331	0.709457774663294
ST3GAL4	0.719176466933408	0.0409086901146523	0.53982220298883
TBL3	0.523484816856715	0.155615334474855	0.6384680948005
SFSWAP	-0.359105695042295	0.416473858430695	0.767874398794631
DLG1	0.0606615086755937	0.795921826382486	0.936277123124567
STK3	1.04361888230448	0.331341153732974	0.723631901547437
GPS2	0.128559947643716	0.751015547739034	0.924855184322178
MTA1	-0.390069665568731	0.321183282903815	0.718226602941572
TMED1	0.0824041668071231	0.734638867215823	0.920338918733844
TOP3A	1.62388785236866	0.0069438658523245	0.293671084914767
ATR	-0.849896421676725	0.0786780404958481	0.578336401698508
MOGS	0.171576790444355	0.766124885818449	0.928536692487658
FKBP8	0.384255301390024	0.140359115830353	0.620497766349926
DHX8	-1.25129982642397	0.0499567684826553	0.547865602755798
RASA3	1.18602873660214	0.0593578853117046	0.549782020191497
MDC1	-0.218092855657229	0.434851822057194	0.773698608039881
GSE1	-0.211957882538936	0.362462581589468	0.742032042029653
CBX2	0.77319970851649	0.0231171923359967	0.495586303848912
GOLGB1	-0.218670655150994	0.616367652175979	0.866386591837234
WTAP	0.307192947588035	0.314639126366762	0.713461030841462
SLC39A14	0.112258439133001	0.666051424191233	0.894375651555314
PCOLCE	-1.45757598990529	0.437875204469267	0.775083341729236
EBP	0.154555003208785	0.574456343657407	0.848514241929568
RNPS1	0.614591435291814	0.435074547669327	0.773698608039881
TMED2	-0.0754718025041328	0.801876351752098	0.937860314704011
SF3A2	0.433859105319723	0.339346489520283	0.726432280057467
TGFBI	0.398062323317074	0.1990082266313	0.656932057224856
ITSN1	0.0105476272486236	0.984001496836163	0.997664916968184
VAMP3	0.314648958933716	0.429213224395584	0.771796793176661
ATP6AP1	-0.00270199699553331	0.990484993768942	0.998034393892448
SYPL1	0.149823963157512	0.544340244774152	0.834121935066652
IFI16	0.110709098379118	0.804317077651253	0.938905706685355
MAN2A1	-0.0773407282480818	0.854175275893734	0.959232664668152
CYP51A1	0.168943981789834	0.558602825048586	0.838933739535193
GON4L	0.478800258545043	0.151821317842829	0.635912020405617
ARID4B	0.617804845356819	0.114138794221418	0.608738355024034
KLHL12	0.434708871927256	0.48198808120621	0.801909203688251
HSD17B12	0.275987815950941	0.266230230410488	0.691075932577331
USP39	0.453433199531297	0.384303732414012	0.752294303711255
ESCO2	2.26593752914861	0.0446192351288862	0.546218787666442
EAPP	-0.0875998167608856	0.77492145033413	0.930372944344704
ODF2	1.24454117522376	0.0749420571285524	0.57244987810214
SNAPC4	1.04956025598818	0.108876171424342	0.604064970074715
FKBP15	-0.140882492454089	0.595453870486956	0.859735206376838
DCAF12	0.241087217276984	0.640663974620522	0.879619822236356
WLS	0.39255409252166	0.316200309599717	0.713461030841462
RC3H1	0.946607253562149	0.0902762912773823	0.593732306639685
VPS13D	0.275574219257798	0.461284357144272	0.789314342822014
RIF1	0.594384572341511	0.516619966851349	0.818808426124016
PRPF38B	-0.806414938475786	0.0815691653132909	0.580120963047934
GPR107	0.205275591673036	0.468468550116082	0.793324184907508
ZMYM4	0.673460528377973	0.242294576057533	0.679784123898664
SPTY2D1	0.622678787447391	0.0251130559051355	0.496805397947517
ZFYVE26	0.85208230924794	0.661890923838742	0.892503581821339
VIRMA	1.10411367973192	0.308085236165609	0.712315316712096
VASN	-0.340027537187613	0.158456038438351	0.6384680948005
LAMTOR1	0.102195939664661	0.730331659362816	0.918960905882355
NIPBL	0.614947187655766	0.440890355663467	0.77754634199981
RPUSD3	0.507993737015081	0.58458866181673	0.854404678153203
PKN3	2.16310912303278	0.0544482186442722	0.547865602755798
INTS5	-1.07021072129043	0.244306999043845	0.682102165814719
RSBN1L	-0.636376485930967	0.1230048671304	0.612492181211891
CTR9	-0.0630937126614093	0.825662195490197	0.947227875232571
DARS2	0.0149443330352597	0.951279198508166	0.987704699324651
MTHFD1L	0.00998181143350507	0.97321151617527	0.997601022594392
ABRAXAS1	0.0454990736067487	0.904620152085402	0.977968468059054
ATF7IP	-0.189664556872401	0.427130323748175	0.769748230498049
QSOX2	0.264059784140496	0.259443739984895	0.687076240941613
RSRC2	-1.22470896095827	0.249725918854494	0.682234214879902
HS2ST1	0.652456616455019	0.0439853601223461	0.546218787666442
APTX	0.37722965835459	0.710836388659232	0.910534535251316
ATG9A	0.203842700685087	0.505763210320551	0.814738791226033
RBBP6	0.850482813594525	0.0275661129033898	0.497218335610474
TMED4	0.165518978611622	0.664958506904553	0.894375651555314
FAM83A	1.13837683056224	0.062832467950177	0.556978949592968
VRK2	0.310076404791804	0.380431570175856	0.752056919535895
GATAD2A	-0.354857790407415	0.146743981801239	0.631945649459253
CCDC50	0.198039147883723	0.671099473612308	0.894875473411355
MFN1	-0.219548748454272	0.578371050295748	0.850852715178347
WDFY1	0.26970423199316	0.29245760339316	0.707095342420218
SUGP1	-0.364135301122893	0.603462782454786	0.862847856766778
CCAR1	0.248995074517207	0.483070850175282	0.802249201902165
RBM12B	0.174185538304393	0.604551693881017	0.862847856766778
DHX37	0.938926943025507	0.176680672065357	0.641503539931958
FTSJ3	-0.351444787084105	0.345801604634135	0.729831664769292
SRRM1	0.147407816804233	0.514237035715839	0.817943807131362
SUPV3L1	-0.124950808064618	0.586888728433269	0.854794369554629
KIAA0319L	0.112392794980931	0.665743902793918	0.894375651555314
PIAS4	0.6795207906748	0.348509921405462	0.73334388361063
AFAP1	-0.734499669615538	0.277774815332228	0.698774814760807
ZGPAT	-0.0253901517190727	0.951778056344601	0.987704699324651
CPSF7	-0.0521700304277672	0.829936199208595	0.947227875232571
PRPF38A	-0.118187578239528	0.689598557964332	0.901023346985309
GOLM1	-0.641884023159925	0.0323594619079435	0.511793511258846
POGLUT1	-0.80601864115744	0.324492939200567	0.719407761395143
HSD17B11	0.3151701234084	0.376021559205007	0.750607749423229
RETREG2	0.606414822893242	0.0899267599647983	0.593732306639685
MTMR14	0.101204157553603	0.794974618306413	0.935980597366406
DAGLB	0.567883873110588	0.117512396470789	0.608738355024034
CHST14	-0.0443063789570566	0.910615266783161	0.98047469291053
BOD1L1	1.12219214111249	0.162012593219772	0.6384680948005
MCFD2	-0.885248125884861	0.0336724333446177	0.512649025296986
THOC2	-0.0743143486601738	0.830237064360551	0.947227875232571
ABHD4	0.124361534470037	0.772219725375288	0.929690986690547
SLC35B2	0.106515657907611	0.654696016352606	0.889371549656052
GOLGA5	-0.136880938415775	0.61011062313529	0.864758427938104
PI4K2B	-0.0532842931595106	0.853747031069333	0.959232664668152
DMXL2	1.8439024560162	0.0591539995409767	0.549054389807244
RB1CC1	0.18961170416992	0.670168105133923	0.894851102892934
GPX8	-0.103615804904816	0.730386184497229	0.918960905882355
CACTIN	0.50332083490002	0.321683940188789	0.718511535915812
MITD1	0.0868083759805991	0.671444928102054	0.894875473411355
TRAPPC12	0.0222234011879188	0.922228539138797	0.984042256416349
SREK1	0.137031573199543	0.559282735636833	0.839115638638687
ATRIP	-0.208371320475543	0.768936012834766	0.928536692487658
PSPC1	0.418977863205257	0.32604386868806	0.719407761395143
GATAD2B	0.641084924628792	0.37863482119951	0.750927637698078
FAM3C	-0.124817941580616	0.65805700919264	0.890669247523725
H1-10	0.0794299936058316	0.801787842911071	0.937860314704011
AKAP1	0.0319157995035511	0.936099242339478	0.985355785845567
GOLGA1	-0.221318582237405	0.398204946220421	0.760094187168102
CELF1	0.725139440137401	0.234456490036927	0.678304630085419
ATP6V0A1	-0.0140216128830701	0.95183124402573	0.987704699324651
PTP4A1	1.10801395906132	0.120615735188028	0.612303054297508
YIPF5	1.20339565859046	0.075148547013997	0.57244987810214
ENTR1	0.658981708936853	0.4516872776771	0.784474880070363
TMA16	0.0165442558490057	0.963219572532022	0.992675828572756
THOC1	-0.0098509320964979	0.98847075466036	0.998034393892448
BICD1	0.203626630038833	0.667203348822773	0.894619503561183
AURKB	0.491996002162772	0.300104829376752	0.709457774663294
DDRGK1	-0.147275777202132	0.579535380527776	0.850852715178347
RBM17	0.538835229266233	0.230387222030391	0.675967381909327
TENT5A	0.354513548732353	0.468974291955521	0.793324184907508
CDK5RAP3	0.0268337647804202	0.905780786373208	0.977968468059054
VPS39	0.610985957834529	0.106500677284704	0.603653565340898
SPG11	-0.162580720705961	0.704458958447418	0.907757436118272
ZNF830	0.52531644630627	0.113484524531775	0.608738355024034
ANKRD27	0.3544397454063	0.750928220244877	0.924855184322178
TRAPPC9	-0.29611273407906	0.490828263771774	0.804968050124901
PPP1R10	1.59244342890623	0.00584429990879828	0.283562121408805
PURB	-1.64969447997602	0.00703845330199739	0.293671084914767
UIMC1	-0.633856914123506	0.0958577925527294	0.596848464331699
ERGIC2	-0.00536654852103879	0.978073528564866	0.997664916968184
SIN3A	-0.0665610140104995	0.847005704201295	0.957114690953183
COL12A1	-0.0708832421197272	0.948387573174257	0.987704699324651
ACO2	-0.154965056116996	0.715302778035537	0.912563037441377
TM9SF2	0.170577895087426	0.466915952778742	0.79307810008966
TCF25	0.136366365476171	0.759765492892796	0.924957224238645
ERP44	0.176134198269956	0.607521506365273	0.864701663218409
YIPF4	0.0964757074808062	0.754199916060669	0.924957224238645
WAC	-0.446259880701433	0.303319295214757	0.709457774663294
DIDO1	0.958189670618623	0.1306473752183	0.616106319820597
LRRC1	0.285952355006401	0.593005864600857	0.857978432237898
PI4K2A	0.447372675746852	0.0991678292090652	0.599838249007096
PHF23	-0.0714814856077588	0.867472598836009	0.964105717157198
NOC4L	0.853499039127893	0.184003082906292	0.644776371611886
RUSC1	0.579946056934045	0.226243439773166	0.673959655639043
KIFC1	-0.345786378853809	0.707232735685163	0.90895379224716
SF3B5	-0.1165673716417	0.841869468719022	0.953373862975004
LSM14B	0.0506451874609652	0.863879775377141	0.963392405251784
POLDIP3	-0.2355007358418	0.666341503464173	0.894375651555314
HYCC1	-0.423003824238837	0.171755350706726	0.639529308603452
HELZ2	-0.259580563490246	0.563214788519438	0.842994188077778
DOCK9	-0.194301692448878	0.728195508481037	0.918306316966246
UPF3B	-0.543224127472989	0.336871225308533	0.724778355987617
REXO4	0.946677536626641	0.0272462192616997	0.497218335610474
POLR1E	-0.508680648829703	0.428935876888879	0.771796793176661
MFF	-0.00917516804771168	0.964278900691407	0.992833340523867
CLPB	0.114287679382919	0.753093898209958	0.924957224238645
MIS12	0.166041388527596	0.679005637393647	0.898729017647462
LSG1	0.237034754757005	0.669185255016263	0.894619503561183
PARP12	0.23804929319034	0.564344858672587	0.843356870041025
LMAN2L	0.277990917768541	0.419617339948987	0.767874398794631
METTL9	-0.405866680943983	0.0783244384561818	0.578193897695137
VPS11	-0.586039873073602	0.246594199473035	0.682234214879902
TAOK3	0.571697246574491	0.453166132049869	0.784711788344061
ADNP	1.41798475023715	0.0979361982830726	0.599838249007096
KCTD10	-0.348449001884184	0.266723978140785	0.691075932577331
ST6GALNAC4	1.38670512708068	0.117671830789763	0.608738355024034
ESF1	-2.85641291548576	0.00121739824297858	0.133335542562229
TDRD3	0.0785582208807654	0.750832048636307	0.924855184322178
SUDS3	-0.121639634632995	0.794926386524944	0.935980597366406
NRDE2	0.804593262888581	0.100437527533582	0.599838249007096
YY1AP1	-0.0881035307768379	0.818680140774774	0.94385202545639
NOL11	-0.00920970809400146	0.981428205974078	0.997664916968184
DDX31	-1.14809829005831	0.18376461790733	0.644776371611886
PAAT	-0.264415719658359	0.357231591376122	0.739366272727487
ECT2	0.130047789669089	0.738417839704116	0.921654859186249
MEAF6	0.300914603759104	0.573626316675047	0.848239832895541
FBRS	-1.35901252793572	0.0448832649512276	0.546218787666442
TMEM165	0.0579733837353622	0.854354224500143	0.959232664668152
CWC22	0.0595581692836475	0.871262311465177	0.965595797249921
CHD8	0.237033681567254	0.740021238090327	0.923123915273929
MRPL47	0.280421723358636	0.398880144003906	0.760094187168102
TM9SF3	0.314340465748252	0.404499823811404	0.763842124188691
HMG20A	0.265630315444998	0.3442704573682	0.729510880242109
AAAS	-0.207871715870397	0.436179609504186	0.773698608039881
DROSHA	0.29723964162104	0.399192621159383	0.760094187168102
SERINC1	0.2833460267811	0.280395210968933	0.700249452698358
IMP3	0.886267811148816	0.0470203335451082	0.546218787666442
ARL8B	-0.234439972711485	0.345468501814625	0.729831664769292
DDX18	-0.210544251562879	0.603892403716935	0.862847856766778
INTS10	2.07777387061462	0.0190626556175614	0.448997280970627
LYAR	1.21111067380697	0.0263413756446332	0.497218335610474
BPNT2	0.433812885546441	0.0555161376236435	0.547865602755798
KCTD5	-0.127868329763825	0.637075729827455	0.878406839481494
PODXL2	0.52222253299982	0.218971030528895	0.669910673706068
SH3BP4	-0.401376752187385	0.274739551408952	0.696258928219752
HMG20B	-0.280402342222786	0.529098666946177	0.827554894641628
CEP72	0.889975429387107	0.171342116272607	0.639529308603452
POGK	0.827600076500737	0.33119519338512	0.723631901547437
RCOR3	-1.81310008412309	0.162797408972667	0.6384680948005
RBM27	-0.0077556279483133	0.973533028335241	0.997656742786927
ASH2L	0.035194473928879	0.964150114009039	0.992833340523867
CTSZ	0.0165175230569368	0.983123641810147	0.997664916968184
TJP2	1.63196049005727	0.0786373892795403	0.578336401698508
VTI1B	-0.186998510672662	0.487494960583849	0.804968050124901
AFF4	1.03236618299704	0.204298739698686	0.660114137190728
LNPEP	0.353529156095135	0.353350256313848	0.736372548920824
DDX41	0.0619945350558453	0.856076387096252	0.960192919814825
PTBP2	-0.345503954232775	0.267259493691475	0.691075932577331
MAN1B1	0.0822323546335255	0.76923329540524	0.928536692487658
RALY	0.274164614306343	0.389787648015142	0.75608047025694
TAOK2	0.331060431815459	0.756784840568225	0.924957224238645
TPX2	-0.268491929217081	0.212399966733037	0.666900491406964
TMCO1	0.0681181160179989	0.804305036002186	0.938905706685355
WDR3	0.933710248172801	0.464905786678864	0.79207522048493
SLC12A4	0.519293587090022	0.0736907342102837	0.570768065833689
SCAF8	-0.0175108074507335	0.950238469467871	0.987704699324651
ZC3H4	0.384130219407346	0.568552598930682	0.845782321193657
MTMR6	-0.398210940593245	0.454750936371148	0.7864703994873
ERGIC3	0.36079149046779	0.466719290920321	0.79307810008966
TRAPPC8	0.0525308873101054	0.929231597080996	0.985003835637487
POLDIP2	-0.0888301826187785	0.750164114629734	0.924855184322178
TMED5	0.187336272971152	0.431508904334186	0.772238770379114
TMED7	0.0346232054710676	0.906152338166561	0.977968468059054
CHTOP	0.00429781668536577	0.991517035259005	0.998034393892448
ATP6V0A2	0.273668692891096	0.351578462953112	0.735567305960183
NCOR2	0.227929598649041	0.340938180179113	0.726432280057467
ADGRG1	1.09418498374186	0.00108454900905776	0.133335542562229
PRSS21	0.0582802807490665	0.852478081756562	0.958600224891041
MAU2	0.0128752274228603	0.97686727107108	0.997664916968184
MORC2	1.49171436005889	0.0906815251186946	0.593732306639685
TOR1A	-0.0643136488658023	0.840278153368405	0.953373862975004
SLC27A2	0.132816799014638	0.60716880916389	0.864513215855995
SPTLC1	-0.466045434070889	0.0418249084809276	0.545851830024773
BCAT2	0.0305480814855699	0.914282180520265	0.981739897074795
IDH3B	-0.140870285237071	0.619544985302551	0.867596545802835
NIPSNAP2	0.0782627717495004	0.783958465562272	0.93364005502504
FLOT1	0.153222015390217	0.894096795556611	0.972350592023437
ATP5MG	0.859394251762765	0.00810602197533261	0.306142088568381
CLPX	0.273039762753086	0.353637867643795	0.736372548920824
GOSR1	0.488409309347038	0.156464146048762	0.6384680948005
RAB3D	0.231416362357695	0.392837954673771	0.757826102785465
EGFR	-0.177207110263932	0.511641656416108	0.817084948146788
COL3A1	-0.254984946266472	0.609242311090453	0.864758427938104
ALB	0.8114390836942	0.165110622914195	0.6384680948005
TOP1	0.749330067837271	0.38584782911476	0.752626598108533
MGAT1	2.6188730544082	4.5579949030382e-05	0.0142632683358645
NDUFS1	0.193477295635876	0.345841254522038	0.729831664769292
PPIF	0.306081850586587	0.347106664264134	0.731797062628089
HADHA	0.408086505580563	0.18209074011502	0.642819929447141
PPP3CC	-0.085894627419961	0.729399501296255	0.91851084081026
CLK3	-0.134901286172379	0.565535124115617	0.844159924616872
DAP3	0.0993444514275375	0.682458509806814	0.898747973821319
ALDH3A2	0.12919186995164	0.535015215652647	0.831465647312609
SEC61A1	0.522981165856695	0.143930194864496	0.629299584532291
RAP1A	5.13427678649321	0.136268338321685	0.6199289617729
SEC11A	0.13015240545645	0.624470632696228	0.87016725249433
CKAP4	0.0116444478335289	0.960381495177819	0.990934559544498
LGALS3BP	0.155531897085361	0.54340364458965	0.833604271578904
PRP4K	0.487953321197867	0.139969915155646	0.620497766349926
MPP2	0.700399192497258	0.105803595053827	0.603653565340898
PDK3	0.77239379391353	0.27762671415692	0.698774814760807
CLPP	-0.0220880074315666	0.927573849856556	0.985003835637487
NADK2	-0.0144944596677945	0.950010296118033	0.987704699324651
RAB11FIP1	0.165779981129383	0.603549656376554	0.862847856766778
ZC3H18	0.166639874619698	0.622478634235254	0.869056387910615
RETREG3	0.765857784712164	0.00749252805941088	0.301144636956689
CLASRP	0.479567132186514	0.393428625408767	0.758217010802296
NKAP	0.772337666363942	0.267262201679058	0.691075932577331
EMC1	0.312887610528737	0.192282411391714	0.654273616264889
PPTC7	0.37684921373031	0.570094572564227	0.847788296810549
PNPT1	0.111651449653586	0.632309854321928	0.875521324837031
PNISR	0.249643042150439	0.558724209886802	0.838933739535193
GLG1	0.644762602273033	0.056561968249373	0.547865602755798
TBRG4	-0.0048828287021081	0.987001008735227	0.998034393892448
PTCD3	0.131484656154594	0.665097962827471	0.894375651555314
IMP4	0.142476074066138	0.552283718563268	0.836254632713968
YTHDC1	0.47401129211632	0.48505099789483	0.804013780468123
CCNL2	0.643018488386307	0.23259255399229	0.678304630085419
SORT1	-0.136640822145605	0.744258610430938	0.923665732658112
PIP5K1A	-0.155688017587504	0.489430396671914	0.804968050124901
SRSF8	0.430048367335978	0.498510007621176	0.809338549279345
CCDC106	0.0406282773790387	0.874031650147359	0.966710781087322
CHID1	0.0676238278676742	0.850770027822655	0.957997785504299
OSBPL8	0.455459431031137	0.0791000140315428	0.579493581057173
NSRP1	0.344938628958079	0.519037291589878	0.820659497694711
CPVL	-0.556414503566984	0.0702563849355537	0.568933867657413
ANTXR1	-0.0259510116104096	0.973844810575839	0.997656742786927
SFXN1	0.00456227691030264	0.987568269161583	0.998034393892448
MCCC2	-0.0655369353085042	0.790578724387779	0.934840897492394
MRPL39	-0.0586029459303106	0.807091262535805	0.939436785623634
PLEK2	-0.756814673393688	0.0743478817668835	0.572330272461229
CDK12	0.209487482667569	0.373969090518986	0.750607749423229
DNAJB11	-0.558899648543516	0.584952885880828	0.854479314883425
DAXX	-0.277579638352744	0.590170476638832	0.857273494083131
PCYOX1	0.113768032805741	0.61658897607379	0.866386591837234
GMEB2	1.0196090653232	0.341079936105503	0.726432280057467
GPATCH8	0.0204623797985377	0.978747656415878	0.997664916968184
CSNK1G3	0.914119811176548	0.0616378816557228	0.552641343250854
HACL2	-1.73365654385352	0.132272464775901	0.616106319820597
GTPBP10	0.392910442951706	0.233728052352598	0.678304630085419
TPP1	-0.426932685509239	0.236085312992121	0.678646871282716
LAMA5	-0.61545348690651	0.414980671560123	0.767874398794631
SPTLC2	-0.0166629233219382	0.938637722142727	0.986096380412639
TIMM44	0.13870977951234	0.553680376861651	0.836439217596859
GTPBP6	-0.0833329134925975	0.799689366080957	0.937793903146994
CCNT2	0.902419865638496	0.380565439507976	0.752056919535895
PMPCB	0.181258740734847	0.451271746455538	0.784365329593308
ERAL1	0.216469775684871	0.536109017005931	0.831984981758054
MICAL2	-0.253138664975779	0.417885029428212	0.767874398794631
ERLIN2	0.311792863065087	0.360972644435105	0.741700992218904
GLS	-0.0645644228787106	0.809059749451501	0.939933906748085
MFN2	-0.265932342234457	0.315261690705859	0.713461030841462
STBD1	0.162238562699851	0.571226677288398	0.847893049784489
VAPB	0.90482131774279	0.412930076242139	0.767874398794631
ETHE1	0.491317772395583	0.074464335837229	0.572330272461229
C3	0.17820835181935	0.657568822176393	0.890669247523725
KRAS	-1.10869734629006	0.0225768385384125	0.495586303848912
TGFB1	0.370279892542879	0.267906840788408	0.691075932577331
ALDH2	0.0965610304408813	0.709265920192099	0.910226722642455
ATXN1L	-0.250346565007511	0.743211065976061	0.923563597182529
IFI30	-1.35122006025527	0.212811432774923	0.666900491406964
TRIM27	1.14492705038383	0.00661733538709371	0.293671084914767
ATF7	-1.53350598631272	0.243126864911355	0.680461753886764
SDC1	0.459960945190467	0.22220161813529	0.672126610543405
ATP2B4	-0.151711738325542	0.770937172209334	0.929409948114775
IVD	-0.0456047783582463	0.812572332034562	0.94191566802275
AK4	0.176286545883571	0.508819953767639	0.816643999463124
PYCR1	0.47416721786923	0.27373809072393	0.695215406064658
SGSH	-0.0264898029876619	0.956273886343443	0.989460365712714
SUCLG1	-0.0953800473635766	0.718523974605883	0.91412223893457
SEC61B	0.419021970275391	0.229025299351559	0.675967381909327
TMEM258	0.39993783991752	0.198248697478118	0.656932057224856
DAD1	0.0838655456217623	0.870458027227177	0.965595797249921
RBM6	-0.869230400854068	0.312614454930977	0.713461030841462
MRPS35	0.392117268235268	0.215232346154779	0.668452895663364
MRPS9	0.305744384152792	0.248503479396544	0.682234214879902
OGDH	0.112108269956117	0.675615679825688	0.897137024953468
SPOCK1	0.324635768749594	0.463640802838051	0.791655024617263
ASPH	0.357176307362138	0.197619567556585	0.656932057224856
CDK13	0.664726688773555	0.443606493504641	0.778309991206981
NID2	-0.403206490358581	0.287409560235224	0.706252762666871
MLEC	0.317875240730231	0.251168118094639	0.683882862257685
SEMA3A	0.261796254121972	0.695265946412489	0.903575494903411
LBR	-0.163132754729805	0.498047269343013	0.809338549279345
TMEM41B	0.907806562415846	0.310047038430281	0.712652715300661
NOM1	0.939334589107332	0.0188811491335689	0.448997280970627
MEST	0.00834892009332577	0.976457071771759	0.997664916968184
AARS2	-0.158318954755451	0.665472107493702	0.894375651555314
ZC3H13	1.00413153385009	0.32132484404599	0.718226602941572
MPP7	1.12763030145756	0.0940881980817479	0.596848464331699
IBA57	0.474812612187947	0.543812145211711	0.833604271578904
ACBD5	-0.590064494310575	0.119308609259744	0.608738355024034
IKBIP	0.277843005139577	0.278651386419395	0.698781753808454
CBLL1	0.235304300742094	0.773045631107754	0.929996187494875
TRMT10C	0.251268299333731	0.637435636290783	0.878406839481494
PHF5A	0.417190856614091	0.310560543596092	0.713458700311735
GPR180	0.786566018570817	0.0572384627434453	0.549054389807244
C2CD5	0.289441930216011	0.375760968093186	0.750607749423229
CBR4	0.0827793945683055	0.777494134214413	0.931581120449838
MMGT1	-0.317328529551045	0.274959268950002	0.696258928219752
CISD2	0.271994188535217	0.281752509194213	0.701029525455524
PHC3	0.0421234687424956	0.970292229855249	0.996023716698754
SNIP1	1.25490618523872	0.045907494453883	0.546218787666442
ZCCHC10	0.555099149070664	0.379022690485328	0.751129649814506
DDX54	-0.494590445533156	0.325348807140616	0.719407761395143
SPRYD4	0.261061913850607	0.509260763874288	0.816643999463124
AHCTF1	-1.5045096336719	0.116336168003284	0.608738355024034
PXDN	0.505680137466982	0.0811367249756556	0.580120963047934
P3H4	-0.848625593042556	0.0729948676806139	0.570768065833689
NCLN	0.087405298500272	0.759260329298217	0.924957224238645
CCDC47	-0.00662918044425709	0.985014273415067	0.997664916968184
MRPL24	0.467515405404498	0.10775837052081	0.604064970074715
PYCR2	0.339921702720726	0.133107452684227	0.616106319820597
MRRF	0.841675287068856	0.172165973310175	0.640287885459997
MARS2	0.256614317595623	0.391336359745905	0.756261399226648
TMEM41A	1.10067078425039	0.0210990209791947	0.486499004788694
SUCLG2	0.0938910424162742	0.69251499894242	0.902412855789938
TMX3	0.235062710201532	0.322936276758033	0.718941436840414
DNAJC1	0.151710452794763	0.658260754616745	0.890669247523725
B3GALT6	0.211883912391595	0.558778509920952	0.838933739535193
PIGS	0.249461623325068	0.361615149802294	0.741700992218904
SDF2	-0.250660125041961	0.342203490278777	0.728117285532454
NEU1	0.24671672739024	0.443570046521876	0.778309991206981
MRPL45	0.0404254690708363	0.861827763095983	0.962443902657023
PRXL2A	0.36809640472644	0.134709463006328	0.617324432458915
MMTAG2	-0.145548280188777	0.768235193433944	0.928536692487658
FUNDC2	0.0647832085005682	0.841960631339583	0.953373862975004
HDHD5	0.11384247095247	0.73706397583966	0.9212361531398
MRPL13	0.443547585052389	0.17613993660013	0.641503539931958
SETD2	-0.490017223207335	0.235727442487837	0.678646871282716
RAB33B	-0.0197889324333147	0.943155230352836	0.986616701426186
SIL1	-0.233090435850126	0.572517334617711	0.847893049784489
SMOC1	0.606506402529231	0.376370973842016	0.750607749423229
TFB2M	-0.160206519130618	0.512717954775186	0.817084948146788
CCDC134	0.0544919469961123	0.892463089110692	0.972294379611577
RIOX1	3.6581423420984	3.98799958330155e-05	0.0142632683358645
NT5DC2	0.0363385005085064	0.868269312619824	0.964230128919506
TMT1A	0.252107820652228	0.2532952247503	0.684916777291027
BRD9	-0.236819865505577	0.818508318169492	0.94385202545639
L2HGDH	0.322293412548404	0.204590411936697	0.660114137190728
CARS2	-0.0939230677773679	0.752154971707143	0.924855184322178
MRPS30	-0.15299451482748	0.502954850904877	0.813772705429168
UTP3	1.02209747446516	0.0614576365972965	0.552641343250854
IARS2	0.0567123967589538	0.836255819831228	0.951346857097016
DECR2	0.409156695175611	0.341316112319883	0.726582064175611
ABHD10	0.598229672201157	0.041864007050519	0.545851830024773
OXSM	0.955221650621336	0.0590365814464796	0.549054389807244
CHCHD3	0.472118248166932	0.106829768454508	0.603653565340898
FKBP11	0.36124369580147	0.124458951317124	0.612492181211891
FASTKD2	0.182518675447472	0.585325219140974	0.854479314883425
HACD3	-0.486997563909188	0.233543160819496	0.678304630085419
XPR1	0.100201498683205	0.773784253771232	0.93028233144121
NIPSNAP3A	0.320889450460673	0.32231877075475	0.718941436840414
SEC63	0.297054490501566	0.230714779270997	0.676094614037618
FNDC3A	0.503996364787209	0.365947820808573	0.745343707261414
MRPS17	-0.0103274468454657	0.976288091617251	0.997664916968184
ACOT9	0.00156953195225285	0.995479486958749	0.99855819777491
MRPS2	0.465254636636789	0.305410279094058	0.709457774663294
MRPS23	0.114454155063964	0.59933632978913	0.861165123255553
TMED3	-0.398456512075249	0.558455811083669	0.838933739535193
TBL2	0.0169805541869898	0.961317557042799	0.991415305415373
SRPRB	0.152162125603532	0.668638490451909	0.894619503561183
ALG5	0.0213930654010639	0.934745625032881	0.985235396213546
NDUFS3	0.116151568322504	0.652811861161345	0.888109978593409
TNFRSF1A	-0.18150334834159	0.720123288567548	0.915044553024076
UQCRC2	-0.0738235483622631	0.740815315204873	0.923123915273929
CLK2	1.07612244220832	0.131904475699016	0.616106319820597
MRPS34	0.313303685671336	0.1707763790933	0.639529308603452
SRSF4	0.443802253821104	0.169760900151795	0.639529308603452
NCSTN	0.173688661480501	0.549974427204263	0.836254632713968
MRPL1	-0.0296456044176061	0.899062919131528	0.9748362670489
MRPL16	0.392141330213846	0.235294131928909	0.678612662235439
SLC25A13	0.181090394399085	0.406400400775093	0.764660161212845
STRIP2	2.23715437708884	0.02600543197015	0.497218335610474
VDAC3	0.214156375756374	0.445778680084794	0.780334967438387
VWA8	0.577693859222165	0.0601004739071713	0.552641343250854
NUDT19	-0.0205272033154031	0.92799005237003	0.985003835637487
SLC35A4	-0.0592035301628435	0.836784452254384	0.951534362464433
HAX1	0.0228802176318368	0.911639793481953	0.980577936470522
NDUFS8	0.082582178158809	0.745534076360041	0.924222671483286
TNFRSF10A	0.114625815215298	0.677808841694907	0.898481251275457
MANBA	-1.64092701188105	0.0678480384833851	0.56528703545749
AGRN	-0.476674583781197	0.144911283277436	0.630443229432418
RNASET2	-1.04220915154566	0.0342748568050033	0.512649025296986
MAN2B1	0.0635921505164418	0.893018827025139	0.972294379611577
NDUFAB1	-1.20640380369569	0.0022101525996937	0.184890522521736
TOR1B	-0.127765236652472	0.897875949909195	0.974389367531547
ACOT8	0.12365716673353	0.669790452335239	0.894619503561183
UQCRQ	0.00370042345661048	0.985051447786827	0.997664916968184
RAB29	-0.379408151456573	0.333423018876091	0.72443889618094
NPC1	0.470589523095075	0.113553394971573	0.608738355024034
GNPAT	0.323405302469272	0.423582403007954	0.767935009488334
ACOX3	0.128765732977204	0.654160438936892	0.889371549656052
TM9SF1	0.440994920040293	0.278558289065344	0.698781753808454
TAPBP	-0.530528461777937	0.086638864258192	0.592735508461659
GPAA1	0.184425721742372	0.421429821575472	0.767874398794631
TGOLN2	0.666761842596706	0.402886875628685	0.762768972398128
TRIAP1	-0.435629870542222	0.5119658536208	0.817084948146788
GATC	-0.0561631982746498	0.850524804393457	0.957997785504299
KDELR3	0.448712852342766	0.37652352925272	0.750607749423229
NDUFS5	0.340232198325939	0.162259021239041	0.6384680948005
OPA1	0.163677732501654	0.418475693819631	0.767874398794631
B4GALT3	0.468192066997528	0.281541125848237	0.701029525455524
PRAF2	0.032358119130059	0.895073993252987	0.97303205072986
ABCB7	-0.0212686432592974	0.957299931451585	0.990068696810528
COQ9	0.344195331825578	0.304300833304805	0.709457774663294
NDUFS2	0.373786263096651	0.264116255164987	0.690801978434511
MPDU1	0.400837026634004	0.175710907018765	0.641503539931958
LRCH4	0.239702640324268	0.79288950027702	0.935537005309352
CLN5	-0.0774476542837021	0.8156149462164	0.943041319993659
CRTAP	0.0669554470775502	0.791328012097494	0.934840897492394
ATRN	-0.291130701139423	0.309198837715322	0.712315316712096
ATP5PD	-0.24217068011334	0.289764764629511	0.706252762666871
ENDOD1	0.0885990059594306	0.767439973355794	0.928536692487658
UBL3	0.0110533589543138	0.976810675582904	0.997664916968184
RTN3	-0.269553897873184	0.633252451345254	0.875995891804091
LETM1	0.175323689203836	0.586532512892872	0.854794369554629
SGPL1	0.378900305873159	0.361847521496795	0.741700992218904
CTDNEP1	-0.0321173739377265	0.948179872134366	0.987704699324651
TOMM40	0.119107213872564	0.619660979666993	0.867596545802835
CYB5A	-0.210306618697253	0.396111258158688	0.759737449122295
MT-CO2	0.396941810342891	0.105420311838734	0.603653565340898
MBP	0.647597984496741	0.111748057227477	0.60740476267193
FUCA1	-0.495127159743877	0.224939120187841	0.673959655639043
SLC4A2	-0.150238965426805	0.544952217219962	0.834475939755559
APP	-0.108192233783569	0.726668312917319	0.917859709882497
PCCB	-0.00782315811527923	0.96976944940424	0.996023716698754
GUSB	-0.0079385979564961	0.975626505721891	0.997664916968184
CYC1	0.0575766102859419	0.807144591382389	0.939436785623634
MET	-0.211994279760123	0.393905938504	0.758217010802296
CFH	0.457478862994435	0.393865825523606	0.758217010802296
COX6C	-0.364703170613922	0.649034981662319	0.885796697529168
GATD3	-0.105516102090334	0.704491048345612	0.907757436118272
ACP2	-0.500392806365873	0.315733345981035	0.713461030841462
COX4I1	0.00664447120840705	0.980526164046602	0.997664916968184
BMP1	0.350570563889946	0.703826743933075	0.907702374203945
CYBA	-0.0193750167443127	0.967651781544413	0.994903181165471
COX7A2	-0.089543804499975	0.758065521457273	0.924957224238645
PVR	-0.225740233999097	0.376937719715498	0.750607749423229
ARSA	-0.365872129814331	0.584252674577362	0.854404678153203
TIMP2	0.579610213876432	0.606549370596779	0.864441376898011
SMPD1	-0.0627111204580331	0.933339195531798	0.985174519965999
ENG	0.141386129948415	0.542630332754192	0.833575507234512
PAM	0.293458781752378	0.424507927580883	0.767935009488334
CDH2	-0.612370268358134	0.0413386452023408	0.543857671565932
NDUFV2	-0.686181467817935	0.0253045597039083	0.496805397947517
IL11	0.969474448859575	0.328549071174612	0.721665323919893
COL5A1	-0.180919489290847	0.702014499227712	0.90651558586422
BGN	0.00318013819074991	0.996878796510723	0.998746346579815
COMT	-0.760358479814062	0.0190516219472374	0.448997280970627
MMUT	0.0909413971532409	0.705419747506577	0.908419727756118
ENPP1	0.0499617605970286	0.940311329907953	0.986311386155219
GAL	0.0490565334081303	0.927653855618059	0.985003835637487
PTGS1	-0.553019040568788	0.275102534751972	0.696258928219752
CPT2	-0.0323961921128912	0.882949594397241	0.96996042453719
ATP5PB	0.289584629582592	0.361976432555749	0.741700992218904
CTSS	-1.08407387970992	0.286040192650804	0.70480432171157
GRN	0.0472714960054645	0.879739010005468	0.968132781420235
EPHB2	0.0550261824241112	0.841092364622962	0.953373862975004
ATP5F1D	-0.545208099272514	0.0347538827923316	0.512649025296986
UQCRC1	0.0652141934941426	0.858748020262751	0.961904613135517
ABCC1	-0.080244438863204	0.877888326356776	0.967934433655232
GALNS	-0.358555463219304	0.312940335879112	0.713461030841462
PTGS2	-0.105751037286637	0.77460858571841	0.930315042866109
FBN1	-0.349348123164571	0.379079583597323	0.751129649814506
HMGCL	-0.200600271946865	0.503012208697144	0.813772705429168
ATP5F1C	0.729409467345484	0.0124363648217336	0.370436995801268
CPOX	-0.0435012871840641	0.83126183288598	0.947634163381077
SREBF1	0.873735693395009	0.038677622644605	0.524872092904795
GGCX	0.0255519180279293	0.92849476974851	0.985003835637487
ECE1	0.1635438079518	0.601917142967983	0.862610076330629
SLC1A4	0.465202995602539	0.0945427905042783	0.596848464331699
GPD2	0.15738138436452	0.524965889798869	0.825449979933203
STT3A	0.315948696157466	0.382190661687979	0.752294303711255
UQCRFS1	-0.190369312167448	0.461196584241831	0.789314342822014
ATP5PO	0.0196793132644082	0.93399700694921	0.985235396213546
MRPL19	0.185041376608254	0.576472132159218	0.849548666421904
NDUFV1	0.00377413810914362	0.989059610821928	0.998034393892448
GNAQ	-0.745155387016275	0.475143780087416	0.79679489481773
SLC26A2	1.2816917110836	0.011785012007012	0.364393639151782
BCAM	0.275493526725299	0.268963294330706	0.691075932577331
RAB27A	1.33144280807645	0.229619442350839	0.675967381909327
LUM	-0.342391554722276	0.415976765555724	0.767874398794631
NDUFA8	-0.122794457375225	0.743577647549897	0.923621682425885
MRPL12	-0.438081049171682	0.104018762258296	0.603653565340898
HCCS	-0.178230674138206	0.551651672364884	0.836254632713968
CACNA2D1	-0.62421156044719	0.0876926860406549	0.592735508461659
EPHB4	-0.318922014141638	0.450772656751767	0.784365329593308
SLC12A2	0.0938036606926147	0.684445887459405	0.90044246657841
HADHB	0.0933498552580403	0.68428158756783	0.90044246657841
ATP5MF	0.482239990606413	0.0648401954748461	0.561393075840515
ITGA1	0.0796354783687292	0.790734823913842	0.934840897492394
ATP5ME	-0.135897266060731	0.623477636147464	0.869195854559871
HSD17B7	0.49328950103833	0.0993067305967631	0.599838249007096
CD81	-0.0250259092532161	0.924519043006093	0.984042256416349
B2M	-2.21165871168294	0.00434213542063299	0.246565285959848
NPC2	0.651451514041263	0.107199834246797	0.603653565340898
TIMM10	-0.782929686494604	0.0776031923398785	0.577848981496831
CXADR	-0.0278409866544962	0.898101863979089	0.974389367531547
ADAM17	-0.131355438820826	0.620642173143734	0.868199335196951
NUCB2	-0.283943916102736	0.393739986508476	0.758217010802296
MRPS22	0.160517256416	0.592132919832218	0.857546064064638
MRPS25	0.185490479783663	0.558644941018645	0.838933739535193
LACTB	0.577848236005746	0.203130033627131	0.660114137190728
CBX1	-1.99963589225999	0.000546165349368364	0.0920288613685693
MXRA7	-0.473374098180877	0.157266406045695	0.6384680948005
HSPG2	0.216899369732477	0.724677589490996	0.917310753990192
TFAM	0.0164017207554075	0.951073427661585	0.987704699324651
CDC42EP1	-0.589963099022505	0.512595410827133	0.817084948146788
ALDH6A1	0.18205127108541	0.430482136825455	0.771796793176661
SLC25A11	0.162676729279035	0.539949867390259	0.833395490014756
PLAUR	0.266065192260562	0.324367377691696	0.719407761395143
KDSR	0.0469234231421964	0.95185784993122	0.987704699324651
LRP1	0.601678104566044	0.226789832803837	0.67478447349296
HYAL1	-0.863895652714724	0.269013401491106	0.691075932577331
EFEMP1	-0.295579836506004	0.642338473842025	0.88041285661976
STX4	-0.0310277963735111	0.923436938157189	0.984042256416349
PTPRJ	-0.070453901806907	0.897040916538897	0.974203335487582
BNIP1	0.0736474522309685	0.744353626197939	0.923665732658112
DNAJC3	-0.040522257952329	0.889180452851883	0.971678601955856
MRPL49	0.0426505588130937	0.864069736622545	0.963392405251784
MSLN	0.262822122449691	0.574012686206754	0.848377562738718
NNT	0.25321566966943	0.27895979281526	0.699106275080059
SLC39A6	-0.284676950272534	0.221398064832563	0.672126610543405
OS9	0.538305954500039	0.256467350945612	0.684916777291027
ADAM9	-0.588866887582242	0.0493758280779269	0.547865602755798
ADAM15	0.315012990835115	0.3323330573768	0.723799122746628
MTX1	0.259174214835099	0.409774902549348	0.766207361531666
ASAH1	-0.668504012252999	0.107607701398187	0.604064970074715
MTMR3	-0.455813376295829	0.252924892538124	0.684916777291027
LAMB3	0.120797334754386	0.751455297920045	0.924855184322178
ARFRP1	0.410223342819037	0.186461079092673	0.645759673916997
SCARB2	0.196717037278937	0.420404510757175	0.767874398794631
FLOT2	0.047461375197674	0.938254159524845	0.985965812635727
RCN2	-0.360991545390512	0.364231845405528	0.743348671729588
GNA13	-0.0888220917264633	0.749333371089644	0.924855184322178
FAT1	0.230421993551548	0.807840347960931	0.939436785623634
SQLE	-0.0722100566961039	0.781612697760295	0.933381474780763
BLTP2	0.520827052430846	0.321084522532859	0.718226602941572
MESD	1.68518468628412	0.0357102193210403	0.520188724283809
SLMAP	0.131409148412555	0.700732000816912	0.906379360962177
HERPUD1	0.562060171725122	0.558769318028184	0.838933739535193
PON2	0.689666741576168	0.101900826253192	0.601654339373631
PTPRK	0.21048835904972	0.484484567906345	0.803806955367319
EPHA7	0.214757201300387	0.366121811921151	0.745343707261414
RAB30	-0.0672956769316357	0.848653207977767	0.957494129320267
DECR1	0.278148213204723	0.360871692625324	0.741700992218904
TST	-0.454014926606401	0.158969830114288	0.6384680948005
PCK2	0.182294739670468	0.54148703601563	0.833395490014756
UGT8	0.420952060168684	0.215569252586325	0.668452895663364
IMMT	0.0619917749749455	0.821896653065674	0.945270253472774
LY6K	1.26222308415827	0.196265045337162	0.656657178583234
ALG11	1.22965015143076	0.0451560193930342	0.546218787666442
PGS1	-0.0706718734565044	0.757548085538152	0.924957224238645
HSDL1	0.0268017582286362	0.941975186860412	0.986616701426186
TIMM50	0.252288968424963	0.39787231062046	0.760094187168102
CRTC2	-0.217284529340823	0.681145347934263	0.898729017647462
GPAT3	0.581809711037678	0.291464276398471	0.706252762666871
TMEM97	0.904560896809571	0.0681077123422373	0.56528703545749
YIF1B	0.641808877581539	0.0556928473981963	0.547865602755798
PIGG	0.221392364806015	0.376990098848018	0.750607749423229
CT83	-0.420447677956837	0.300208252083089	0.709457774663294
MIA3	-0.389521261623631	0.337311925910523	0.724778355987617
PITRM1	0.0630956033205941	0.752417824365952	0.924899688144566
PPP1R15B	0.134713439054547	0.657936171888012	0.890669247523725
ODR4	1.33059183892811	0.168834383744558	0.638989533616924
TPRG1L	1.27092877311311	0.0309107617870323	0.507191188722803
THEM4	-0.168066636058494	0.661723892032462	0.892503581821339
ZFYVE27	-1.56284322371497	0.00784131862750504	0.305454955637637
MTARC1	-0.158819295868277	0.519070410434157	0.820659497694711
CDKAL1	0.161273048919373	0.433073110820927	0.773548605944504
LPCAT4	0.249284850932145	0.320104641502256	0.718063714501477
STEAP3	-0.17691793239127	0.67101099885632	0.894875473411355
MBLAC2	-0.158393214540339	0.592315542081624	0.857546064064638
TTC19	-0.246385269647185	0.36895675444221	0.747854007611202
MCTP2	0.0279341705358434	0.930977071558259	0.985003835637487
DHRS7B	0.733042071586446	0.0114023780496863	0.364393639151782
ACAD10	1.10458573109839	0.216517851311528	0.669890329516811
FSTL4	0.31833754256245	0.503592019847997	0.813809162284793
SLC25A24	-0.01990356617884	0.946548226913034	0.987575085045488
RETSAT	0.148261465809984	0.447667480570224	0.781710226961518
TMEM214	-0.124337909592263	0.750975087156346	0.924855184322178
SLC27A4	0.272551409765988	0.328658230127716	0.721665323919893
FDX2	-0.237730276989197	0.295283602309816	0.70833301508399
NCEH1	-0.00114028673243283	0.995987781357746	0.99855819777491
CYP20A1	0.0226735934761919	0.933154083838673	0.985174519965999
TMEM205	0.0650970303405174	0.802192508687187	0.937860314704011
LCLAT1	0.260525338078576	0.386115859718275	0.752814232944266
TMT1B	0.429373971857206	0.195113917122786	0.656657178583234
SEZ6L2	-0.214119545442934	0.54284385545191	0.83357831431294
CD109	-0.079108294403607	0.827820133462696	0.947227875232571
ACAD11	0.778423976006998	0.192944177243799	0.654754795123999
GDPD3	0.427084268691296	0.168720811568464	0.638989533616924
LPCAT2	0.966185536038793	0.211085073846492	0.666450171142731
ERMP1	0.157063695681856	0.578914774381589	0.850852715178347
MRPL21	-0.0561003965931555	0.848523444143533	0.957494129320267
LYSMD3	-0.0965909443515685	0.756168835070228	0.924957224238645
P4HA3	0.437698094627439	0.25619714161676	0.684916777291027
GALNT7	0.840243069048803	0.00279694669266723	0.20711898182821
ADGRG6	0.285949721042005	0.260327840853703	0.687219509675253
DHDDS	0.814421557477676	0.0321340070190705	0.511793511258846
GALNT10	0.55710258759057	0.421599859970354	0.767874398794631
GLRX5	-0.507373302566211	0.0802147936347601	0.580120963047934
GPAT4	-0.156026263261687	0.761102648540357	0.925448432765835
TRABD2A	0.902709386930958	0.0240549656552652	0.495586303848912
LONP2	0.808078338853633	0.165166007026996	0.6384680948005
OSTM1	-0.398393701480153	0.395582137244344	0.759737449122295
TMEM126B	0.125151130462665	0.577095830009492	0.849548666421904
P3H2	-0.642996973812078	0.0332397125927127	0.512649025296986
P3H3	0.34069511339634	0.312005648276197	0.713461030841462
ITPRIP	0.316692147969832	0.289156089826235	0.706252762666871
TEX2	0.830753950209505	0.321944338051298	0.718511535915812
TMEM192	-0.0721192782539575	0.821147486105497	0.945270253472774
THNSL1	-0.0357376709243624	0.915831768366216	0.98243363790705
MICU2	0.417714132952227	0.198624092916205	0.656932057224856
CHPF	-0.654161260488848	0.239173463989098	0.679742533087422
ELMOD2	0.0798852323880794	0.789944010797095	0.934840897492394
RDH10	0.892260912585421	0.262031126182172	0.689878824401499
VKORC1L1	-0.193212111579715	0.75693574774912	0.924957224238645
GHDC	0.700488359331814	0.0961742110745438	0.596848464331699
ABHD12	0.413872033623356	0.425256320695163	0.767950511527416
SDR16C5	0.869644407911661	0.0265650728837583	0.497218335610474
PTGR3	0.0386836064399496	0.873135183030336	0.966710781087322
CHCHD4	-0.756767895703511	0.114469733490981	0.608738355024034
DHRSX	0.475897453250074	0.229642484386534	0.675967381909327
ATPAF2	-0.100960640080871	0.842049877613955	0.953373862975004
FAM241A	0.285807648953394	0.32620010003951	0.719407761395143
GDPD1	1.63649865752545	0.279676438040091	0.699511935347585
XXYLT1	-0.0134119143028109	0.960423223641985	0.990934559544498
SUMF1	-1.01549324296894	0.00223674907410454	0.184890522521736
UBAC2	0.11311400936161	0.719980192903884	0.915044553024076
TMEM87A	-0.0823694620175175	0.756941885348704	0.924957224238645
RDH13	0.0819161186027202	0.726787339324899	0.917859709882497
TTC13	1.1234183287563	0.0465123289009174	0.546218787666442
UXS1	0.510586770317474	0.19606826088572	0.656657178583234
KCT2	0.0490678911992894	0.83393183142488	0.949566827963308
PLA2G15	-0.490504704879374	0.134588194946341	0.617324432458915
PDPR	0.228097895295264	0.512995463822127	0.817084948146788
DIPK2A	1.28037468105928	0.109203254119875	0.604064970074715
PDZD8	-0.255340397758552	0.316316208804743	0.713461030841462
ABHD11	0.209418983689634	0.742666666416785	0.923463419894199
GRPEL2	0.128552891129829	0.584409299316154	0.854404678153203
VANGL1	1.18611125040501	0.00849332724749839	0.307514600589177
DNAJB14	0.134092991786201	0.77415212495205	0.930315042866109
STT3B	0.33162145993137	0.437181819071567	0.774481823434103
NUP210	-0.261595191414294	0.408294747159172	0.765399780618028
USP33	-0.0320548446798838	0.888208607780481	0.971111033363186
ABHD3	-0.158887176100727	0.769419753278559	0.928536692487658
TSKU	0.203071238136758	0.693539682905395	0.902673009747039
CHPT1	0.533790359736962	0.127049787570603	0.612492181211891
SLC38A5	-0.466447508236413	0.158966534811939	0.6384680948005
THEM6	0.131373163108982	0.614894613487484	0.866386591837234
NUDT8	0.0326779166218749	0.92547052534974	0.984815732707606
DCAKD	0.417876427177603	0.146969523606516	0.631945649459253
TFB1M	-0.137379111892521	0.626497891185358	0.87105276460903
FAR1	-0.260064828086321	0.745689652603361	0.924222671483286
SLC44A1	0.526372029688552	0.136207745269724	0.6199289617729
BRI3BP	0.258027372072387	0.552569722776194	0.836254632713968
PIGB	-0.154936412977175	0.679446457995601	0.898729017647462
TM9SF4	0.0949209103921334	0.777552193089915	0.931581120449838
UBXN4	0.574551829216468	0.0396012495838991	0.530559860633217
PIGK	-0.200818604592691	0.608942938185876	0.864758427938104
NECTIN2	0.35261599654212	0.424897161150359	0.767935009488334
GCDH	-0.193580261035706	0.538213586677469	0.832890753526666
PIGT	0.0560099946076775	0.874105928837418	0.966710781087322
GTPBP3	0.307400315556929	0.237354373151044	0.678646871282716
FAM162A	0.0261952380060713	0.932950131569221	0.985174519965999
ADIPOR1	0.361042359848803	0.284690183906261	0.704111275130804
ISOC2	-0.0838903162504607	0.679370272951907	0.898729017647462
PNPLA2	0.307482299888957	0.808247743346502	0.939436785623634
TTC17	0.537733971416639	0.334487635774747	0.72443889618094
TOMM6	-0.807173323883958	0.110746224166502	0.606124850874329
ARL8A	0.35059257645057	0.419204717786794	0.767874398794631
COA7	-1.51017433916639	0.0116597520961965	0.364393639151782
TIMCC	-2.341603410868	7.86682688205428e-05	0.0215403553564249
FAF2	0.553242516629084	0.0466641188574475	0.546218787666442
FAM241B	-1.33167750125523	0.0323053259945969	0.511793511258846
RSPRY1	1.18968003867846	0.0261845379259252	0.497218335610474
ERLEC1	-0.0013029366924755	0.996050975639433	0.99855819777491
NUS1	0.379620338140043	0.270215264210219	0.691075932577331
C1GALT1C1	0.29756227309916	0.513434868001409	0.817084948146788
SMIM12	0.165118932822697	0.695603326060428	0.903575494903411
DNAJA3	0.0940248973557338	0.766112101685911	0.928536692487658
MMAB	0.490316446435664	0.0380001603255152	0.524872092904795
ALG14	0.627814516821019	0.329647389624881	0.721686624589304
CERS2	-0.43342929930887	0.350534910662104	0.735567305960183
REEP6	-0.0659368806244984	0.887281144505256	0.970746385996202
HPDL	-0.012936882788992	0.972611811886418	0.997601022594392
ATP5MK	0.0357638663682138	0.878895954594958	0.967934433655232
TXNDC15	0.0112466947203735	0.974656667228498	0.997656742786927
SLC35E1	0.249802133499031	0.307362060682305	0.711992373578061
DHRS1	-0.0860457445995877	0.758808052653253	0.924957224238645
TMEM68	0.349342763993686	0.317037303652824	0.714475528448056
MBOAT7	0.253278832612828	0.540322458766984	0.833395490014756
MIA2	0.466227587451019	0.0877516389846676	0.592735508461659
TMEM237	-0.0856259134096611	0.698381420891047	0.905425410120547
SLC38A2	0.305474610174088	0.252594088754905	0.684916777291027
VPS13A	0.415424066345043	0.173937351054714	0.641503539931958
CLCC1	0.101245971963337	0.74249229801367	0.923463419894199
MYADM	0.457230381486781	0.0677945144712331	0.56528703545749
CYP2S1	0.437290713337291	0.0909105174991356	0.593732306639685
CDK5RAP1	0.158277149183142	0.495562268236769	0.807084868827244
YME1L1	0.201344337347525	0.463796704451561	0.791655024617263
SERPINI1	-1.00533477343336	0.0100507695263442	0.337905740485823
PKMYT1	0.366918570918038	0.329183753299573	0.721665323919893
OSMR	0.451938694974729	0.390265023353181	0.75608047025694
CGREF1	0.420097309004944	0.714948418259137	0.912563037441377
SIGMAR1	0.804142709389055	0.0469904636655061	0.546218787666442
MIPEP	0.055924532501912	0.826295636038416	0.947227875232571
SLC29A1	0.213153796213813	0.474054544869325	0.79679489481773
CIB1	0.609723440052775	0.160955290629431	0.6384680948005
RNF5	-0.122798896768906	0.734842624453546	0.920338918733844
SEMA3C	0.292789615977615	0.531618603935877	0.828833133040241
ADPGK	0.199966826304614	0.369165260501996	0.747854007611202
PRADC1	0.147562938471189	0.724392261788944	0.917310753990192
ALG1	-0.0703794974627847	0.906077101529773	0.977968468059054
INPP5K	-1.18840928815219	0.237191034354648	0.678646871282716
NDC1	0.971676200246481	0.101789090597286	0.601654339373631
FUCA2	0.0387550449937457	0.906975229059101	0.978202481168863
DHRS4	0.16046433515131	0.827272129576314	0.947227875232571
LMF2	1.34288072237648	0.398962337483998	0.760094187168102
ISCA1	0.118135630011682	0.60704725582924	0.864513215855995
DERL1	0.196185322934227	0.574894550827722	0.848589294870704
ABHD6	0.245173657880034	0.599004843919518	0.861165123255553
TMEM109	-0.144267627002311	0.56038761440082	0.840197857183434
BCL2L13	0.187478170268076	0.461972987616577	0.78966198156388
TMEM59	0.608441230489472	0.323004197976442	0.718941436840414
PECR	1.36352359831064	0.00918993763264018	0.320313713124706
MRPL20	0.303059987885533	0.249130721724908	0.682234214879902
MRPL37	0.0531890868675902	0.878686754118701	0.967934433655232
EDEM3	1.39753920152272	0.136634272593463	0.620305438582345
SELENOI	0.173820527069374	0.539652383064848	0.833395490014756
LNPK	0.151038329224946	0.579829484634486	0.850903480587678
TTYH3	1.42766192457913	0.132845325093687	0.616106319820597
SLIRP	0.274060186885066	0.587944572839912	0.85545837715432
SLC22A4	0.471311870811522	0.259941477693623	0.687219509675253
MAGT1	0.0802891659240039	0.826394803091118	0.947227875232571
UNC93B1	0.245518834673845	0.24252512797389	0.679784123898664
TMX4	-0.268428000946898	0.285779040960589	0.704578746411675
SLC38A1	0.351593363359736	0.298099395056505	0.709457774663294
SPNS1	-0.280738349673598	0.218686707960048	0.669910673706068
MRPL46	-0.0397675176842327	0.856042447166612	0.960192919814825
PIGU	0.881294162990621	0.139398833538715	0.620497766349926
TOR3A	0.0670667304163821	0.922526317855824	0.984042256416349
TRABD	0.124367976655755	0.57663219352609	0.849548666421904
ALG2	0.234063456768315	0.613114000474949	0.865630820522317
POMK	0.0661660857415818	0.830213573039421	0.947227875232571
RETREG1	-1.03127229688989	0.105884497080052	0.603653565340898
ACAD9	0.306984896559996	0.159797095682323	0.6384680948005
MRPL44	0.0228753960709049	0.934806981948605	0.985235396213546
SIAE	-0.2312894922079	0.726707996827047	0.917859709882497
RDH14	0.484275456198731	0.331989752011096	0.723799122746628
SDF2L1	-0.140344043463855	0.760561361440195	0.925303894604136
PREB	-0.312331288183422	0.276647908653172	0.6977515761713
TXNRD2	0.0841382313791605	0.803864128298041	0.938905706685355
ABCB6	0.509845066952863	0.110186990440304	0.606124850874329
ALG13	0.272431841207393	0.339280113099382	0.726432280057467
PNPLA8	0.615043278998765	0.0877587071803527	0.592735508461659
SARS2	0.0937265449914371	0.654528461490986	0.889371549656052
CD320	-0.153251962284209	0.648856239887885	0.885796697529168
GPR108	0.382400891296438	0.146915267430115	0.631945649459253
SDR39U1	0.556442215576588	0.203618589524732	0.660114137190728
GLRX2	0.328329117180232	0.583511113455041	0.854399127020901
TOMM22	-0.226077834942281	0.478725701440875	0.79860946565117
SACM1L	0.183078875228226	0.399073795009806	0.760094187168102
TMEM106B	0.226755894494335	0.561525364933876	0.841615676967263
UFSP2	0.232275760406505	0.329242386555839	0.721665323919893
SPTLC3	0.673565522934979	0.304512628625388	0.709457774663294
TYW1	0.612352284351527	0.464042479620436	0.791655024617263
TMEM30A	1.10795420114227	0.0292967417863521	0.505421564816932
ATAD3A	0.365656408067451	0.148212736530323	0.631945649459253
FKBP14	-0.176836886845358	0.749567981483214	0.924855184322178
MRPL22	0.101029499366511	0.677332209138933	0.898121188933918
SDHAF2	-0.336103572688856	0.314822611522053	0.713461030841462
SMPD4	1.02638258090839	0.00481161055377405	0.257069095562001
P4HTM	-0.280234660807452	0.468543536900275	0.793324184907508
TOR4A	1.39697676345158	0.192551917146837	0.654273616264889
QPCTL	0.393766721210579	0.234483885573946	0.678304630085419
DNAJB12	0.156984191666666	0.584685054805593	0.854404678153203
SLC39A1	-0.218108051226977	0.572978285635123	0.847893049784489
MTMR4	0.839627027091147	0.2203669838246	0.672126610543405
UGGT2	-0.266109681185863	0.326187745771901	0.719407761395143
ERAP1	0.00831736795047178	0.987900811100529	0.998034393892448
GDE1	-1.14353280332373	0.28479460842999	0.704111275130804
MTCH1	-0.108403951272372	0.704156346375835	0.907757436118272
NDUFAF4	0.876140702314707	0.0387018219133599	0.524872092904795
NDUFA13	0.395448106439083	0.0734387405844421	0.570768065833689
PDP1	-0.607242269867797	0.411922196203599	0.767874398794631
TMEM14C	0.527427032789841	0.0938881975828511	0.596848464331699
CHPF2	0.226026861218042	0.567837060808028	0.845782321193657
STX18	0.440924567747221	0.186038135520457	0.645245273869515
DPM3	0.545972984608159	0.217820872675887	0.669910673706068
MRC2	-0.0267133576908627	0.943486813432815	0.986616701426186
TNFRSF10D	0.0733819307183268	0.749435005096241	0.924855184322178
AMACR	-0.203221459475635	0.383096054613235	0.752294303711255
ADGRE2	-0.0658895175697687	0.800364781392359	0.937793903146994
AK3	0.0528494914358113	0.830116408488132	0.947227875232571
PLXNA1	-0.471554117636149	0.109413845991569	0.604466657363257
HACL1	-0.633820359333072	0.0483992804106865	0.547865602755798
STOML2	-0.0560331999024513	0.81697373680634	0.943041319993659
RAB23	0.862688048937088	0.0404384736224306	0.536851372545057
PPT2	-0.654955935656854	0.124539289428964	0.612492181211891
NFU1	-0.402102188201638	0.207090228303481	0.660688737650058
HIGD1A	-0.0509374053302984	0.860677775420044	0.962140682346316
SLC5A6	0.267271263539691	0.26733777862476	0.691075932577331
MAN2B2	1.39823411530173	0.214606345077506	0.66779997730912
YARS2	0.601905648165161	0.37786693621598	0.750607749423229
DHRS7	0.961054732826376	0.205673544228565	0.660114137190728
MRPL11	0.00244976794186513	0.994149459007491	0.998539856560943
TIMM10B	0.32281000966109	0.419231891967899	0.767874398794631
TIMM8B	-0.845206235565797	0.00722139178938002	0.295672125507233
TIMM13	-0.23482709178024	0.573689711223348	0.848239832895541
FADS3	0.603585087562127	0.0366456626703635	0.520188724283809
IER3IP1	0.892693197427658	0.0145917044097908	0.407173611587857
SNX14	0.0813074750618661	0.879267703153726	0.968100479395947
SNX13	0.151601021150128	0.786237708096888	0.934840897492394
AUP1	0.19620120337536	0.417119033054514	0.767874398794631
FKBP7	-2.22493408901175	0.00960338941796817	0.328691008125926
MTCH2	0.144047285868346	0.540841795113015	0.833395490014756
TEX264	0.401889177813061	0.189996425053558	0.652842618164423
CEPT1	0.163161208253598	0.584429896504897	0.854404678153203
SLC4A7	0.452763445324916	0.0541402877285777	0.547865602755798
COX11	0.22400234178868	0.381545156595357	0.752294303711255
LAMC3	-0.574702652576981	0.0443759226028023	0.546218787666442
MMP24OS	-1.64517249318704	0.0325912205928978	0.512649025296986
PEDS1	0.277259984412613	0.520045297077346	0.821015656394901
RAB27B	0.236753087018705	0.830195189069378	0.947227875232571
LGALS8	0.0895615929034435	0.792667477704326	0.935526998874637
PDHX	-0.0027606293129594	0.99199970910978	0.998034393892448
ADAM10	0.269993346028187	0.377090655557038	0.750607749423229
CLGN	0.347600623672701	0.283112378680308	0.703126604874393
FAM20B	0.021264837182116	0.911071648875207	0.98047469291053
LRP5	1.57810746539156	0.121173032368627	0.612492181211891
GCAT	0.56315960167338	0.140047978225722	0.620497766349926
FARS2	0.180830972332874	0.519262996434908	0.820667816515632
ICAM1	0.0233928453403678	0.946317492333933	0.987569541189843
YES1	0.294729430592589	0.672072232815865	0.895122244853411
STS	0.278888961415259	0.458704162242337	0.787837570562811
RAP2A	0.370711811052367	0.754471125116218	0.924957224238645
COX6B1	-1.26092309572072	0.00379841912198624	0.230029898837121
IFNGR1	0.0840974351648711	0.804672402251631	0.939070270182311
ACADS	0.204088072952562	0.564419617201617	0.843356870041025
CD36	0.370713666607312	0.148054557671576	0.631945649459253
PTPRA	0.244394984561676	0.478874016495235	0.79860946565117
NT5E	-0.420586113512705	0.226255548538995	0.673959655639043
SDHB	0.214840190004061	0.382984414269383	0.752294303711255
FECH	0.205783023434876	0.554344512917883	0.836781239538445
GCSH	-0.388994347200327	0.241570737806173	0.679742533087422
CTNNA2	-1.02028950612568	0.133742818835542	0.616106319820597
PTPRM	0.967915042728041	0.162307617743422	0.6384680948005
AXL	-0.00143936806579958	0.997087382403383	0.998746346579815
ACADSB	-1.00987945911181	0.145129703964743	0.630528594863539
GLIPR1	0.983117000446349	0.00140525433990467	0.136809316958274
CD151	0.979354876936302	0.0236774657044458	0.495586303848912
HARS2	0.267005462938691	0.345023178238222	0.729510880242109
IDH3G	0.326047880178013	0.245252471272142	0.682234214879902
ALDH5A1	0.398297339599623	0.203901613497697	0.660114137190728
CLDN12	-0.000355669222795285	0.998849006441286	0.999305206033176
SLC35A2	0.5444120813913	0.0817475749713658	0.580447529902032
ROR2	0.54825024435554	0.269758074425432	0.691075932577331
CLN3	0.512308028841169	0.296056378207037	0.708560935889177
TPBG	-0.237763513975853	0.620680282546645	0.868199335196951
EFR3A	0.0165810415880188	0.960429885980736	0.990934559544498
ENDOG	-0.169796531090117	0.615115862948203	0.866386591837234
PDIA5	-1.02148363030366	0.00340544295745646	0.217197884454446
NBR1	-1.13702479952943	0.0217556564125432	0.490505889521197
FXN	-0.0788440198591971	0.791872762062148	0.934840897492394
ALDH1L2	0.201619684574567	0.490014449266785	0.804968050124901
ACSF3	0.347786647673502	0.205672884937381	0.660114137190728
NHLRC3	-1.2838614995666	0.292310919853342	0.707095342420218
SLC27A3	0.724928790484086	0.280755600467232	0.700450048773886
RARS2	0.242732498235558	0.412643686159647	0.767874398794631
ATAD3B	0.379694288467022	0.612849021983006	0.865535643232607
CD276	-0.53504477303801	0.0662381235849655	0.56528703545749
REEP3	1.02530658360524	0.165315329548487	0.6384680948005
GOLM2	-0.199559813813444	0.497241485179401	0.809218033644486
PPP1R3F	-0.223882008714494	0.436998441784413	0.774470134893816
LRP10	0.211918083528676	0.597937158983861	0.860718711826701
MRPL10	0.0799357195592663	0.760313592659228	0.925259402622244
PIP4P1	-0.0317029293425151	0.894161215929412	0.972350592023437
SLITRK4	0.221446807332036	0.351852373752335	0.735567305960183
KIAA2013	0.393694019106015	0.463971950448433	0.791655024617263
TMEM123	-0.164836821767885	0.510037053611559	0.817084948146788
STK11IP	0.0876221590875268	0.717593752673028	0.91412223893457
SLC15A4	0.3154860688695	0.250483153951977	0.682866644345744
RNF149	0.228102613951876	0.394154168693951	0.758361621892052
MCU	0.137486191049213	0.698385267743294	0.905425410120547
GLMP	0.330625881021163	0.610330307540628	0.864758427938104
MAIP1	-0.0375083205527638	0.926182883504315	0.985003835637487
RTN4IP1	-0.0505282156920615	0.889614898983095	0.971678601955856
MRPS27	0.399481689724595	0.120843217596353	0.612492181211891
RAB8B	-0.0518397839569964	0.859482891275571	0.961909838914212
GFM2	0.0372850799470505	0.876624713236144	0.96737855634447
YIPF6	0.176652700736348	0.60125203434894	0.862496535225696
PGAM5	0.0793335148035297	0.79820188150592	0.937793903146994
DHTKD1	0.705787553422077	0.0547477437266209	0.547865602755798
FBXL20	0.374772848646398	0.43375396626186	0.773548605944504
SLC49A4	0.27414999146308	0.407022406923001	0.764660161212845
MICU1	-0.0890736074171485	0.774660871119736	0.930315042866109
AGMAT	0.410908908200287	0.312419032430379	0.713461030841462
TACO1	0.371512111048773	0.35301594963935	0.736270106155446
NDUFAF3	-0.132059338451821	0.603733618254331	0.862847856766778
MCOLN1	0.840458993255247	0.209184657537929	0.664418608561016
MTFR1L	0.114014982579715	0.609916472066812	0.864758427938104
TMEM126A	-0.219479172967237	0.47346728616511	0.79679489481773
XYLT2	-0.131178269997815	0.803230374279066	0.938637575277831
MFSD1	0.151854200168152	0.633710452323045	0.876352743569211
CHST12	-0.417526103885422	0.686872985924106	0.90044246657841
OTULINL	0.858712653590072	0.0717211098553488	0.570768065833689
RAB20	0.258127106850925	0.443188063751701	0.778199161240962
CMTM6	0.273597490855288	0.344432536232656	0.729510880242109
TENM3	-0.153506810300744	0.848960004658524	0.957546032647412
SUCLA2	0.284098189977563	0.281793749658342	0.701029525455524
EXTL2	0.0844969836291796	0.770017486100607	0.928586077117863
LAMTOR3	-0.0160095741202966	0.9557828781548	0.989434023912141
NOCT	-0.0735329592853304	0.882130370068275	0.969546701271729
PTRH2	0.0161105442685283	0.959541545058598	0.990934559544498
PLXND1	-0.588156299946654	0.0629724296236181	0.556978949592968
DTNA	-0.134812344400171	0.709523911852085	0.910226722642455
F11R	-0.379814360816169	0.334572768238029	0.72443889618094
SLC12A7	0.177814504692165	0.558331799164796	0.838933739535193
NFS1	0.519416667642556	0.376196524426916	0.750607749423229
NBAS	-0.419339216883106	0.166955732095333	0.6384680948005
TMEM131L	-0.244834936439489	0.31449865355483	0.713461030841462
METTL15	-0.0995962557085512	0.709823355971015	0.910344298158377
AGPAT2	0.834710913868825	0.0729156793863445	0.570768065833689
SCAMP2	0.414948206508249	0.115765693596503	0.608738355024034
ABCC4	0.201442735079283	0.396088909887852	0.759737449122295
KCNN4	-0.194914066605421	0.526469576934594	0.826087625151711
PLXNB1	0.297733141967512	0.62638121156978	0.87105276460903
RNF13	0.177267025892103	0.552755254736269	0.836254632713968
TSPAN6	1.64504815261368	0.0476261236959767	0.546218787666442
TSPAN3	0.487168535698029	0.305525701421682	0.709457774663294
SLC19A2	0.245208310073938	0.579472599686447	0.850852715178347
SMPD2	0.503626856432337	0.376549539572177	0.750607749423229
TRMU	0.764042657728918	0.0556262372083222	0.547865602755798
GATB	0.26846465137578	0.514583641083648	0.817943807131362
ECEL1	0.545529653324813	0.037828522645335	0.524872092904795
TMEM50A	0.669715794962563	0.127141592391827	0.612492181211891
CD63	-0.0201596564882713	0.941127343540181	0.986382510059697
MRPL3	-0.195493561177877	0.604157642579898	0.862847856766778
FURIN	0.850925137619107	0.413536736803293	0.767874398794631
COX5B	-0.503071326670028	0.070534920658258	0.569085612161746
CD46	-0.137504797269536	0.670416598944607	0.894875473411355
GJA1	0.373140098638032	0.280303814131042	0.700249452698358
FDXR	-0.331026341560719	0.2116095372641	0.666900491406964
EPHA2	0.76078151352219	0.0442755164220628	0.546218787666442
ALDH4A1	0.193093347650958	0.512006152368498	0.817084948146788
SDC4	-0.172258632200005	0.628816078003685	0.872890759738321
SOAT1	0.489003169195719	0.065900644225575	0.564760591374421
TGFBR1	0.3924810405804	0.299740600410977	0.709457774663294
IL6ST	-0.304594084194072	0.765913344820185	0.928536692487658
PNPLA4	0.0899186702444474	0.788228301607002	0.934840897492394
NES	-1.63183657542302	0.00428319351768878	0.246565285959848
PPOX	0.196147340700936	0.588963599028538	0.855932177708243
EPHA5	0.742446508389179	0.0590919435185726	0.549054389807244
NDUFA6	0.15885636168052	0.573022666098752	0.847893049784489
UBE2G2	-0.210624036996048	0.368164146263221	0.747525814033918
GNG5	-0.460730930974805	0.0945941842440968	0.596848464331699
CNTNAP1	0.251585797794121	0.504917043771129	0.814353605333489
ARG2	0.0999349439713981	0.731523691803778	0.919334237283531
MRPS5	0.907408641387633	0.0163199130698042	0.425580590231024
MRPS15	0.0737897891825128	0.781763338944155	0.933381474780763
MRPS21	0.298589632408717	0.33526990300051	0.72443889618094
IFITM2	0.341537331712367	0.469004711004439	0.793324184907508
PDE3B	-0.0923046432434589	0.80013484508656	0.937793903146994
TCIRG1	0.303534570313637	0.319543911485989	0.717827453324327
PEX6	0.0157859646633192	0.978305357607958	0.997664916968184
NCOA4	-0.781829771743567	0.585485116339746	0.854479314883425
SLC29A2	-0.282283727120284	0.718424797273584	0.91412223893457
SPCS2	0.665997025031903	0.0402003553163628	0.535612359411882
LARS2	0.356868003808753	0.289552063123086	0.706252762666871
MTX3	-0.0980582199933515	0.650111292766007	0.886166015434934
EARS2	-0.00740623627986992	0.977956047718181	0.997664916968184
MRPL2	0.408054766024065	0.0867814766799287	0.592735508461659
NDUFAF5	0.139622601866954	0.630712902461535	0.874138951497623
ZDHHC20	0.395120614219564	0.267517069200754	0.691075932577331
SLC61A1	0.307270685780036	0.451354712600943	0.784365329593308
SLC18B1	0.125076789493395	0.619853272851603	0.867596545802835
MFSD12	0.338771633553563	0.162276437728761	0.6384680948005
C8orf82	-0.127348263901737	0.759854154310633	0.924957224238645
MAVS	-1.984357685949	5.0857003032681e-06	0.00371340883810293
GOLGA7	0.253496795429861	0.493338009781125	0.806159575102987
CMC1	1.03321367875666	0.218605137136287	0.669910673706068
ADCK1	-0.353576432691334	0.503217856900948	0.813804884120729
PDSS2	0.135423089190382	0.644355295895546	0.880892106820925
SLC35F2	0.272351973095489	0.365602713955171	0.745325960836484
PNPLA6	0.335900159411189	0.200765428695634	0.657430068967336
ORMDL1	0.203496072546095	0.516619612652769	0.818808426124016
SLC39A11	0.00186279836780656	0.996550996041037	0.998746346579815
UBE2J2	0.237019781608353	0.384016139402502	0.752294303711255
JAGN1	0.561204697760104	0.0561150617566477	0.547865602755798
ATP11C	-1.22239066201833	0.279099948668117	0.699106275080059
SLC43A3	0.405562821805873	0.435903601070066	0.773698608039881
LEMD2	0.0980855115603987	0.741069803701987	0.923123915273929
GPRC5A	0.0306995811342503	0.893018232528212	0.972294379611577
MFSD8	0.743092880556922	0.212464259750168	0.666900491406964
COQ8A	0.183389238362395	0.434396544847923	0.773614334544208
GADD45GIP1	-0.269908415719296	0.255180195774085	0.684916777291027
CD99L2	-0.220887659494817	0.473751470783079	0.79679489481773
GPT2	-0.390559009096382	0.246734012511319	0.682234214879902
SCFD2	0.270716045719013	0.505841020802285	0.814738791226033
CANT1	-0.00439976518499208	0.987080860797118	0.998034393892448
CLEC2B	0.427971046068542	0.3574899295744	0.739366272727487
SLC7A6	0.4801883860797	0.206960600472158	0.660688737650058
LPGAT1	0.193181407656887	0.475998419478766	0.79679489481773
MRPS31	-0.555576834732598	0.072444866085579	0.570768065833689
TAMM41	0.191309538403189	0.539544950590303	0.833395490014756
FOXRED1	0.36979230730168	0.115399095070381	0.608738355024034
MRPL38	0.173132493549105	0.543339971181274	0.833604271578904
BSCL2	-0.130602162006767	0.720953283750662	0.915240897163619
MRPL48	0.178712852543541	0.524755148449479	0.825449979933203
FMC1	0.560374633901318	0.122081945064917	0.612492181211891
NARS2	0.678547873234656	0.0104883684578951	0.345443538281608
KIRREL1	0.573256000075833	0.227776423641574	0.675233670375491
SLC71A1	0.599269446285209	0.378010923653479	0.750607749423229
MCEE	0.598993097417925	0.381886292702895	0.752294303711255
PANX1	1.00887196472269	0.00895896867908273	0.319099526691557
SEC62	0.337662465012084	0.313378275351553	0.713461030841462
PKP2	0.134005112639212	0.813942587099374	0.942197645545764
NIPSNAP1	-0.0144846963828371	0.955097592280452	0.989366248687593
MGME1	0.152772675795475	0.586728148997138	0.854794369554629
UQCC2	0.355368961053841	0.173442416008672	0.641503539931958
ALKBH7	0.0499838103099535	0.915622404763295	0.98243363790705
HINT2	-0.19879763689223	0.493077857028837	0.806035108822141
RAB11FIP5	0.303365887537868	0.44286263035866	0.778103669747091
MRPL9	0.747120851247569	0.0457511205885939	0.546218787666442
MRPL4	0.256518597365169	0.372114132047957	0.75032114821126
MRPS26	0.110301806633913	0.693075924503204	0.902506264082738
ZDHHC5	0.12243218848063	0.614345672166546	0.866386591837234
QRSL1	0.177808420304896	0.527539574235598	0.826597861657011
CYSTM1	-0.231960410097223	0.452833022221415	0.784711788344061
GHITM	-0.0210099218373152	0.914288696659476	0.981739897074795
OSGEPL1	-0.123775413385228	0.669086515005947	0.894619503561183
RHOF	-0.389833639756866	0.490651165045823	0.804968050124901
EPB41L5	0.0859947993915782	0.874993025074335	0.96679557196738
XPNPEP3	0.375960907645307	0.10527385121468	0.603653565340898
NECTIN3	0.391716055268809	0.166153678982373	0.6384680948005
CMC2	-0.331450661313724	0.430209969921354	0.771796793176661
CDC42SE2	-0.0899207475502024	0.860303933853826	0.961968232315878
DDX28	-0.0392521922678597	0.897853779665095	0.974389367531547
NDFIP2	-0.0987433814949341	0.644803617720256	0.880892106820925
UQCC1	-0.00552321843945691	0.983995125454091	0.997664916968184
CLN6	0.078388597884345	0.817227315606801	0.943041319993659
OCIAD1	0.00322440173532001	0.992278619956699	0.998034393892448
ELOVL5	-0.0551642240468837	0.82986727458939	0.947227875232571
CISD1	0.0294689095839011	0.908032666680868	0.979101922896599
CNIH4	-0.0753262591330355	0.771538423856459	0.929690986690547
MRPL15	-0.0736418224238555	0.805029530783433	0.939236850695664
ADAM22	0.233416050038567	0.542164012444771	0.833575507234512
MRPL27	0.312011384630871	0.452473654895208	0.784711788344061
SLC2A6	0.531446800476296	0.41986759886736	0.767874398794631
AFG3L2	0.30156073287187	0.356635119589623	0.739081579433367
TIMM22	0.0391286497783838	0.86764652569047	0.964105717157198
PEX16	0.594728415809403	0.133814644747434	0.616106319820597
MRPS18B	0.144254346915272	0.59823978030411	0.860718711826701
NDUFA10	0.0846994016836966	0.791284876086996	0.934840897492394
C6orf47	0.167251528013221	0.641384456383211	0.879619822236356
MT-ATP6	0.133807722411106	0.675682093594528	0.897137024953468
IGF1R	0.5183969114156	0.126624807538481	0.612492181211891
ATF6	-0.339060737149467	0.401865584859276	0.762482948145729
KDELR2	2.13233004940989	0.00354238706261639	0.22170282459032
PIGA	-0.453340061379198	0.671616196433813	0.894875473411355
TMBIM6	0.314845034715546	0.419088270197154	0.767874398794631
NOMO2	-0.413111161144847	0.668599985550385	0.894619503561183
KGD4	-0.311798040715868	0.168354038302327	0.638989533616924
KCTD2	0.228286469418837	0.594090650259713	0.858980573857361
TOMM20	-0.0508483368968733	0.794350661340857	0.935980597366406
MSMO1	0.0422270954177506	0.859593019709916	0.961909838914212
IGFBP7	-0.935895944719661	0.00584481015862037	0.283562121408805
AGK	-0.612349070648541	0.451775878205324	0.784474880070363
EMC4	-0.257053226308241	0.697915453023337	0.905425410120547
ASPHD1	0.0828017280564026	0.867717151963212	0.964105717157198
FAT4	-0.345338505745957	0.644616216252484	0.880892106820925
DNAJC14	-0.284315386933756	0.430801329326299	0.771918455533136
AADAT	0.471049421872905	0.170710371967155	0.639529308603452
LMF1	0.49882991204062	0.298560684402902	0.709457774663294
CADM1	0.179408230570953	0.477870715206816	0.79811151983544
CLMP	-0.189052929208898	0.611968591084039	0.865137698414332
GPRC5C	1.03563119142971	0.141355596347094	0.622070094577357
RAB6B	-0.429066731262001	0.247813513719949	0.682234214879902
RASSF1	0.689626195282841	0.342829763856479	0.728332927776587
CELSR1	0.0674075298886088	0.80167972755084	0.937860314704011
TIMM9	0.0311646256953821	0.887431927850899	0.970746385996202
PXMP4	-0.473021579382653	0.383583687304208	0.752294303711255
SMIM26	0.290387386178303	0.623197178876897	0.869195854559871
PIGBOS1	-0.204042246605734	0.668129625112139	0.894619503561183
C1orf226	1.69511294078347	0.0266935127270505	0.497218335610474
FAM234B	-0.577329036414547	0.173631436840537	0.641503539931958
GOLGA8H	-0.258362609387259	0.414558531823192	0.767874398794631
C15orf61	0.430866398307995	0.341022415978267	0.726432280057467
CYSRT1	-0.822751786631891	0.271187947938425	0.692566352484723
HACD1	-0.426048055781695	0.437567620053967	0.7748519577431
SMIM1	0.443816834041922	0.532929241579354	0.829520710769963
KCNJ12	-0.35891674376408	0.533117405007941	0.829520710769963
GPHRA	0.723410315748922	0.0734296621172307	0.570768065833689
TK2	-1.24742545742482	0.123219910611214	0.612492181211891
GET1	1.27950931629079	0.130223013358354	0.616106319820597
SLC33A1	0.531415894969292	0.593402934126491	0.858269479831019
POLRMT	0.362322869350884	0.221987906275068	0.672126610543405
BTN3A1	-0.024055314894845	0.911052039709538	0.98047469291053
COXFA4	-0.239628609742944	0.511864206513736	0.817084948146788
PODXL	0.152985858330965	0.566530300667147	0.84478190851694
NME4	-1.93245851686119	0.0246550861399095	0.496805397947517
PLPP1	-0.143366910231478	0.799540529141754	0.937793903146994
PLPP3	0.0850423824544428	0.717948768352811	0.91412223893457
C2CD2L	0.649109182478899	0.0812940814813133	0.580120963047934
NEMP1	0.600582812404884	0.087658629370088	0.592735508461659
COX7A2L	-0.171062229477528	0.534330353130216	0.830990868677131
EI24	0.0291780493813008	0.96050900255634	0.990934559544498
CDIPT	0.414127256337359	0.0962763290941852	0.596848464331699
BCKDK	0.470107385338139	0.290313617122834	0.706252762666871
TIMM23	0.385757724194903	0.314438451292692	0.713461030841462
UQCR11	-0.123231552769507	0.656973661458701	0.890669247523725
PRORP	0.403433438576457	0.0950308072549132	0.596848464331699
DEGS1	2.58923115508758	0.0573255394304191	0.549054389807244
BET1	-0.567210552824363	0.421165669794657	0.767874398794631
CTDSPL	-0.248378946061191	0.655610962808432	0.889786749709957
MRPS12	-0.261987276852324	0.355980216383525	0.739081579433367
NDUFA1	-0.0978801188796332	0.819617101128629	0.944351164464159
ABCC5	1.1230983882615	0.267737918772739	0.691075932577331
CLDN3	0.0892156184896002	0.768756194064737	0.928536692487658
NDUFS4	-0.104124076144867	0.744456448759597	0.923665732658112
LYRM1	-0.221305323564728	0.421492307679319	0.767874398794631
EMC8	0.16895130103174	0.515446013713901	0.818473717318086
SGCE	0.700715170438759	0.196826512783529	0.656657178583234
NDUFB5	-0.0449827081082148	0.848366857214411	0.957494129320267
NDUFB3	0.393193348736791	0.346622882561033	0.731128959316267
NDUFA2	-0.392263762665941	0.240486236860648	0.679742533087422
PLPP2	-0.486789533808889	0.41696841110728	0.767874398794631
SLC25A20	0.280081732627224	0.285787818391588	0.704578746411675
SLC25A17	0.667966979263159	0.216248652980617	0.669530281772497
SCO2	0.110171459870973	0.79175058716912	0.934840897492394
SLC37A4	-0.707101663478923	0.198636600587179	0.656932057224856
EDIL3	0.443297897728975	0.267489484254955	0.691075932577331
EXTL3	-0.368154260618194	0.813700178708228	0.942197645545764
BNIP3L	0.00501442599699686	0.984845034542433	0.997664916968184
ADCY3	0.290191146264569	0.303122160484225	0.709457774663294
MARCHF6	1.35820907547215	0.0371595024522021	0.521781346933005
MAN1A2	0.921009027077208	0.0997229057410989	0.599838249007096
ADCY9	0.241879952590505	0.533064451902144	0.829520710769963
TPST1	0.45952593363312	0.397031646638057	0.759759230961215
PEX10	2.0251017571411	0.067494936200827	0.56528703545749
ICMT	1.10102093530181	0.1688997671601	0.638989533616924
MRPS14	0.49675152721742	0.138233431057222	0.620418838116397
TIMM17B	0.0127163845641647	0.955491576853961	0.989366248687593
IGSF3	-0.220350221856112	0.414914014485676	0.767874398794631
EFCAB14	-0.0315721461219276	0.92425765503698	0.984042256416349
FKTN	-0.235281079344535	0.708103127147177	0.909469305198412
LRP4	-2.47647515287888	0.152193682753939	0.636829535955117
ATP9A	0.2353648359083	0.432704733999552	0.773548605944504
PTCD1	0.187214252792877	0.82814790899898	0.947227875232571
NDUFS7	0.171520710687478	0.520297467532209	0.821117869329469
NDUFS6	0.404201554055756	0.260707332819053	0.687219509675253
PEX14	0.297778556162605	0.246728164084149	0.682234214879902
MRPL33	0.00384086292223884	0.991343137864403	0.998034393892448
NME6	0.0375096938786186	0.899501346843579	0.9748362670489
MTX2	0.508921689245856	0.248010188154727	0.682234214879902
MTRF1	-0.125041578503275	0.784035956623581	0.93364005502504
LRP6	-0.0645558427826245	0.82206794470013	0.945270253472774
STK16	0.0583240207950482	0.865357246883773	0.963659326314071
SLC25A12	-0.535630493182214	0.380223454270224	0.752056919535895
B3GALNT1	0.247164177096433	0.479857653042207	0.799477713025941
PALM	1.22205887548356	0.0296219434621779	0.506499050504006
SCO1	0.944534437851267	0.254184415587493	0.684916777291027
C1QL1	-0.916799882797001	0.260583640158826	0.687219509675253
WFS1	0.506078593969121	0.0430409376080269	0.546218787666442
SLC22A5	0.0540938844906371	0.898701813249583	0.974798871959996
JTB	-0.195848546889021	0.63585560151224	0.878021590176308
TMCC1	0.710883829222325	0.0639569077075675	0.559271881570565
TMEM63A	0.0405315829506883	0.916173253133008	0.982480018740627
GLCE	0.28886118437136	0.334297098479222	0.72443889618094
RHOBTB3	-0.858430732469976	0.333511999281174	0.72443889618094
CLSTN1	0.943328793776946	0.186165265047036	0.645245273869515
SLITRK5	0.84318005743868	0.0535586436704378	0.547865602755798
NDUFB6	0.274508474970308	0.309236171927101	0.712315316712096
ZFPL1	0.0900820648998533	0.825459354084454	0.947227875232571
NDUFA3	0.459451476941457	0.19623321678545	0.656657178583234
NDUFB4	0.208684257099904	0.349054596616392	0.733572551633774
NDUFB8	-0.506189659018712	0.0686720992130177	0.56528703545749
NDUFB2	-0.38253731692042	0.45500111576126	0.7864703994873
NDUFA7	-0.727440358486366	0.00769755217287494	0.303810595219505
SLC25A14	0.490598282078668	0.151002111814361	0.635912020405617
NDUFC2	0.480237344613403	0.372603923900341	0.750518524417192
PIGN	-1.22983629521239	0.0896940714090799	0.593732306639685
SFT2D2	1.11842147000079	0.0525383807558971	0.547865602755798
MPC2	0.32866210590479	0.291375051855497	0.706252762666871
CDS2	0.0363661586622079	0.94427013433045	0.986843382276169
STARD3NL	0.557041757668053	0.193250527287221	0.65479444128098
MLYCD	0.290278880903443	0.48295424823668	0.802249201902165
ABHD16A	-0.0503641392995036	0.834350673608495	0.949672720467347
TRUB2	0.294399073923913	0.290588050050399	0.706252762666871
NDUFB10	0.4466829539119	0.0798029605571793	0.580120963047934
PEX11B	-1.10293626868284	0.29957622675788	0.709457774663294
MT-CYB	-0.235721367508297	0.609076806067095	0.864758427938104
MT-CO1	1.39249712358625	0.0616849159665984	0.552641343250854
HRAS	0.196804987102894	0.494955272760498	0.806820272988174
HLA-H	-0.18592393582902	0.723442343913534	0.917072022189003
COL4A1	0.301065798114962	0.461589442207259	0.789314342822014
MT-ND1	0.13553849759306	0.747820387523835	0.924855184322178
MT-ND3	-0.295221770969917	0.478211079563577	0.79811151983544
MT-ND4	0.241409136771271	0.611774173144862	0.865137698414332
MT-ND5	0.703033740918816	0.104082558531975	0.603653565340898
MT-ATP8	-1.22692220196814	0.00383295654305178	0.230029898837121
HMGCR	0.905774826872918	0.298094544332631	0.709457774663294
PRNP	-0.476328895523764	0.255255415555791	0.684916777291027
ITGB2	0.463567239455479	0.308742148591198	0.712315316712096
PCCA	-0.54569405838658	0.488340742240527	0.804968050124901
INSR	-0.434313846703184	0.155694104145511	0.6384680948005
UQCRH	-0.814082575881311	0.113536414078023	0.608738355024034
FDX1	-1.44375730145483	0.000151054878579515	0.0315129249074693
SRGN	0.92594794867874	0.0250838602824997	0.496805397947517
SLC2A3	-0.123913479640745	0.73297272534955	0.919334237283531
DBT	0.0427491180456343	0.858421536485875	0.961904613135517
COX6A1	-0.0507844604350041	0.863149459933774	0.963392405251784
SLC25A4	0.207806033413902	0.627201885911465	0.871754905513365
BCKDHA	-0.0772262219303954	0.80659895470765	0.939436785623634
ALAS1	0.106607873120094	0.727222413313114	0.917879974855878
CD59	-1.03044447758231	0.00452386631274092	0.246565285959848
UQCRB	-0.152392535385793	0.507799976170752	0.816093798827609
MUC1	-0.0192798800971339	0.937905588240528	0.985965812635727
NPR1	-0.0776031916372304	0.918951709325736	0.984042256416349
SLC25A16	-1.54163119307826	0.184116695020879	0.644776371611886
TMEM11	0.195675529511014	0.389723973449322	0.75608047025694
NDUFB7	0.193783883931758	0.55897701066238	0.838944256153439
ITGB5	-0.0261695352211895	0.940373804401649	0.986311386155219
ATP5PF	0.2960148713324	0.30984744840109	0.7125678065329
SLC9A1	-0.370699302362631	0.124137432934533	0.612492181211891
COX5A	-0.283377292549602	0.546178321323271	0.834649656129024
TBXA2R	0.0782438168481754	0.800140702156282	0.937793903146994
BCKDHB	-1.07994576171042	0.00124822096203263	0.133376976455243
IGFBP4	0.157769153785836	0.87381985549138	0.966710781087322
JAK1	0.571979937802283	0.148206754390217	0.631945649459253
KDELR1	1.9367362165897	0.042494472807823	0.546218787666442
FAS	0.52405606853948	0.399218608690665	0.760094187168102
MAOB	2.57765398230197	0.0298953094073725	0.506499050504006
CD82	0.456103877251046	0.365093596952393	0.744634566223666
TSPO	-0.139859341268409	0.885706679815111	0.970312819272318
GK	0.762825053044612	0.118575835466439	0.608738355024034
STX2	0.369655637794796	0.495031475414794	0.806820272988174
MAN1A1	1.37531233261705	0.141057252482862	0.622070094577357
LTBR	0.650372825030523	0.39081338062765	0.75608047025694
MPV17	-0.24054371594675	0.721653553880366	0.915599252693276
SLC19A1	1.03218979218214	0.311491533535953	0.713461030841462
LIFR	0.854422671363395	0.178472815924232	0.641503539931958
CRAT	0.888868059967734	0.348935381268225	0.733572551633774
SSR2	0.128171194085546	0.855743585739953	0.960192919814825
MTIF2	0.0747453195823411	0.800814189233041	0.937815280147007
SLC6A8	0.422169844083701	0.196383853650157	0.656657178583234
SLC6A9	1.38234115360014	0.0472864871519363	0.546218787666442
PTDSS1	0.0174459484450793	0.959333219079645	0.990934559544498
DNASE1L1	-1.0884059686968	0.116271684617812	0.608738355024034
SLC11A2	0.749547792836182	0.043278320563884	0.546218787666442
CYB561	0.206952828128156	0.649924599000895	0.886166015434934
PSEN2	-0.495163978869829	0.146951988250233	0.631945649459253
MMP15	-0.113799600487742	0.72821158927993	0.918306316966246
CLCN2	0.0832087218280861	0.854252322055472	0.959232664668152
CLCN3	0.95194315437957	0.165170562379354	0.6384680948005
CLCN4	0.000431096684824439	0.999321325884444	0.999321325884444
CLCN5	0.228518682073826	0.665859321121871	0.894375651555314
CLCN6	0.200931075417866	0.587297698626586	0.854801068997699
CLCN7	-1.40033419732671	0.0554299661257992	0.547865602755798
PLXNA3	1.66372497552139	0.00130882382358372	0.135001302035059
DGKE	0.986303111742991	0.027065707267282	0.497218335610474
NDST1	0.549832964774581	0.25971199611945	0.687076240941613
NDST2	-0.545974701812629	0.262368812329472	0.690027991174563
SLC25A1	-0.138379769633076	0.514705210768507	0.817943807131362
SLC5A3	-0.0112524822197848	0.962501054732784	0.992168734302195
POLG	0.0160007719703259	0.942897445427566	0.986616701426186
NDUFV3	0.195492518493101	0.457046930585844	0.78718758714677
ATP5MJ	0.278507954903784	0.409601565722032	0.766207361531666
PEX3	0.49419392346136	0.127464572278951	0.612977268006681
SNX16	0.595851305744155	0.556849783416462	0.838933739535193
YBEY	0.302740848446895	0.54551331208632	0.834649656129024
ROMO1	-0.672400437446225	0.0303654097062716	0.506499050504006
SNAP25	0.201460859747989	0.741784222392712	0.923463419894199
CXCR4	-0.12611598438712	0.885079204882072	0.970312819272318
SELENOT	0.572770132371698	0.12249386217725	0.612492181211891
RHOB	-0.897032183675257	0.00849169887593589	0.307514600589177
OLR1	0.105282665089856	0.912487151947055	0.980854274272632
SLC35A1	0.171062442894183	0.737451538247268	0.9212361531398
IL13RA1	0.276798284783141	0.461297268634341	0.789314342822014
MRPS10	0.460751797376865	0.122520343627622	0.612492181211891
MRPS11	0.447451424395133	0.307484494592488	0.711992373578061
MRPS6	-0.175812855364015	0.821945809425111	0.945270253472774
HTD2	0.702240161622917	0.0707174466759376	0.569509437292799
FAM3A	-0.346640465295515	0.25397632314881	0.684916777291027
ATP11A	0.925141073674631	0.198437464575213	0.656932057224856
CD83	-0.00912151160677155	0.980315368510732	0.997664916968184
DHODH	0.273667158146942	0.233540625682493	0.678304630085419
BDH1	0.141474482258573	0.60643567178868	0.864441376898011
GCNT1	0.206241015970235	0.671371487078801	0.894875473411355
TAP2	0.608046849162754	0.229918141836049	0.675967381909327
MST1R	0.51015901328249	0.409759501357893	0.766207361531666
TYRO3	0.523786296877958	0.498720101352467	0.809338549279345
APLP2	0.233279860556348	0.608400357675845	0.864758427938104
IL10RB	-0.0872901846972738	0.844952743947871	0.955533807753129
SLC20A2	0.114571172534763	0.784249121774057	0.93364005502504
MGAT5	0.609277705315606	0.233013317269199	0.678304630085419
ABHD18	0.603302570203549	0.145799404483645	0.631397950167554
TMEM62	0.131535222158071	0.692852015486114	0.902506264082738
LAMTOR4	-0.0140644623197552	0.980158849676414	0.997664916968184
ST3GAL1	0.956137692612291	0.100495108080951	0.599838249007096
SCAP	0.261715341868847	0.559952003582996	0.839832156007225
SREBF2	-0.943148840666137	0.123891960047993	0.612492181211891
HYAL2	0.393881585767407	0.637444910504755	0.878406839481494
BNIP3	0.792932624818967	0.265133678885642	0.691075932577331
MRPL28	0.901520827809527	0.0614862896908509	0.552641343250854
PTPRS	0.0335077900522549	0.93075728807968	0.985003835637487
PLD1	-0.271727524714272	0.353741509786505	0.736372548920824
PPIG	-0.865412957547122	0.0886231805614264	0.593666902201237
TUSC3	0.29994954699692	0.240576309289403	0.679742533087422
PKD2	0.245839318466459	0.405678449313651	0.764660161212845
STIM1	0.455383098416249	0.200658170713325	0.657430068967336
AUH	-0.290386857362716	0.413279893830372	0.767874398794631
BMPR2	0.784311789935316	0.106872613046748	0.603653565340898
LRP8	-0.329319832819543	0.50475840797399	0.814353605333489
TRIM14	-1.44219329242723	0.174982112423586	0.641503539931958
MRPL58	0.436917892684669	0.246733810071453	0.682234214879902
GK2	-1.07137814824238	0.0676782373875768	0.56528703545749
GALNT3	-0.00541570109387379	0.987242263888616	0.998034393892448
ITPR2	0.017332402056951	0.966509726452263	0.99442910088947
ITPR3	0.932099873788097	0.110670869893474	0.606124850874329
INPP5A	0.399936031941092	0.370127405407053	0.748335075954696
MBTPS1	0.190811145654937	0.623575113189152	0.869195854559871
SLC75A1	0.820265510052771	0.0192691611356004	0.451434197513719
STARD3	-0.505471990985008	0.490903735149419	0.804968050124901
FASTKD3	-0.258645084377477	0.360476727519246	0.741700992218904
EMC2	0.582267652995569	0.0968190215651758	0.596848464331699
OXA1L	0.221038931098569	0.395415809553042	0.759737449122295
PDK1	0.18329337871976	0.765113160293353	0.928536692487658
PDK2	-0.237009953491388	0.360556420085674	0.741700992218904
MTFR1	-0.910247879551697	0.0120517003673955	0.365982933773768
SURF1	0.217199664165122	0.502349183473169	0.813300729045067
DIXDC1	0.770123753118249	0.0928701358284812	0.593962138780403
TRAM1	0.637328930886856	0.417242531126044	0.767874398794631
ETFDH	0.00182080240587368	0.997987648838843	0.998899677761702
SEPTIN14	-0.0816148805958861	0.869509254629012	0.965094903898134
EXT1	0.132509880644143	0.75965060120552	0.924957224238645
MRPL23	0.114572045971713	0.671153644886897	0.894875473411355
SGCB	-0.159554235534173	0.750373429124959	0.924855184322178
BAK1	0.272074510336708	0.776471304982723	0.931486232448485
TAFAZZIN	0.394412525674703	0.118623595880423	0.608738355024034
CYP1B1	0.125398501020864	0.756035143179067	0.924957224238645
ME3	0.709228136299782	0.158934450217815	0.6384680948005
ST3GAL2	0.694068675732993	0.255680215978204	0.684916777291027
DGUOK	0.55115320603538	0.409098907201783	0.766053698399777
TMEM132A	0.348025972227514	0.609051205785037	0.864758427938104
DPY19L1	0.922332522355745	0.0125010197334506	0.370436995801268
HFE	0.298395660549939	0.209993767982679	0.665208024245928
NDUFAF6	0.638372948225157	0.0884236661142871	0.593237490423724
SLC25A35	-0.30982722534204	0.557449994633557	0.838933739535193
GRAMD1B	0.503720975478579	0.218886700399332	0.669910673706068
ITPRIPL2	-0.469106727005485	0.4208421463733	0.767874398794631
GNPTAB	-0.528662295055227	0.490592696190813	0.804968050124901
ANO6	0.302189261354027	0.238264116490341	0.679742533087422
MRPL51	0.172311653027734	0.588345339966389	0.855757282334911
TMEM259	0.417151961230761	0.154832795595042	0.6384680948005
FNDC3B	-0.191504346255588	0.610522213561414	0.864758427938104
ORMDL2	0.295638225920907	0.26386127297779	0.690547333880344
FASTKD1	0.0075330012001622	0.979238136097396	0.997664916968184
BOLA3	-0.747816215718537	0.0429517291831711	0.546218787666442
TMEM177	0.0943595429948338	0.669632463827203	0.894619503561183
CYBRD1	0.257988553476579	0.518236076414591	0.820659497694711
MPV17L2	0.566028702065228	0.0492032924841937	0.547865602755798
OCIAD2	0.0750565656468964	0.755658132367753	0.924957224238645
TMEM128	0.132739193308375	0.641494026944797	0.879619822236356
OXLD1	0.121866878157451	0.790698863687409	0.934840897492394
RABL3	0.199173274932225	0.510304396565412	0.817084948146788
COQ5	0.580230431789008	0.289696860076539	0.706252762666871
RNFT1	0.703252642570177	0.171363518499136	0.639529308603452
COX20	-0.37369210750883	0.17651944959968	0.641503539931958
PPM1L	-0.212561031528402	0.484559271656035	0.803806955367319
C6orf136	1.008321648404	0.244582550105962	0.682102165814719
SLC71A2	-0.118657234286918	0.742817870738908	0.923463419894199
MANEA	-0.600844740412125	0.334319593075136	0.72443889618094
VARS2	0.43416201693368	0.333704667281075	0.72443889618094
DNLZ	0.419456297852072	0.372139697961206	0.75032114821126
PDSS1	0.236495520481437	0.422933668253443	0.767935009488334
TMEM63B	0.648968066556112	0.178805098750492	0.641503539931958
TMEM164	0.522636012595104	0.533195690830453	0.829520710769963
EMC10	-0.451457863511148	0.147465851712845	0.631945649459253
ABHD17B	0.193726815131939	0.638043220736318	0.878406839481494
SDHAF4	-0.835300423978929	0.0988274264356655	0.599838249007096
SPRYD7	1.17047446080219	0.124883259764775	0.612492181211891
FAM219B	-0.330562504574303	0.616040115128157	0.866386591837234
MICOS13	0.199698493691884	0.666947876644948	0.894619503561183
TRIQK	-0.210856049097629	0.661834557994324	0.892503581821339
HGSNAT	-0.341755202526102	0.15424346390112	0.6384680948005
GLT8D1	0.20283920199466	0.61236977922457	0.865137698414332
SEL1L3	-0.687622530689765	0.386360418020761	0.752955957005763
NCR3LG1	0.76969265288152	0.129623353193017	0.616106319820597
LMBRD2	0.334658537149316	0.512407956283478	0.817084948146788
SCARA3	-0.0837785586580253	0.904266689354304	0.977968468059054
MRM1	-0.0766623353021672	0.800205518311656	0.937793903146994
SLC25A25	0.0641009346551122	0.840629000022192	0.953373862975004
MYORG	1.11223183569124	0.309027619286696	0.712315316712096
LRRC8E	0.315796936624437	0.369381757131968	0.747854007611202
RHBDD2	0.61197688029992	0.236605147785315	0.678646871282716
SLC30A6	1.39162771301719	0.0556178181916547	0.547865602755798
TAPT1	1.24092923567336	0.098223332736377	0.599838249007096
MRPL54	0.309249090010287	0.255545859009785	0.684916777291027
LPCAT3	0.427014638255343	0.10368540416243	0.603653565340898
MRPL14	0.257299741372929	0.705709193824032	0.908525412325326
LETMD1	0.422235566882541	0.136576966501626	0.620305438582345
FAHD2B	1.56968930502016	0.0613807868716145	0.552641343250854
MTFR2	-0.669668540672017	0.0361933337620812	0.520188724283809
SFXN4	0.882329383639476	0.115908408894535	0.608738355024034
ATPSCKMT	0.244361292445308	0.334795770873524	0.72443889618094
CNNM4	0.598751437139203	0.234744060481011	0.678304630085419
ABHD17C	2.50311950279589	1.55284292418873e-06	0.00167778985791037
TMEM65	-0.0744174901394743	0.770041821084044	0.928586077117863
LRFN4	-0.601750320592522	0.468119701421915	0.793324184907508
SLC30A9	0.0994170917371449	0.788215769580627	0.934840897492394
CSPG4	1.11901202693084	0.0338348000202774	0.512649025296986
UQCC3	0.161778899017232	0.551110538252122	0.836254632713968
PET117	-1.18516573132054	0.00700973497865867	0.293671084914767
C6orf89	0.582137195936227	0.132728970979799	0.616106319820597
ABHD15	0.257824353625004	0.364293448574167	0.743348671729588
TMEM92	0.324896599729396	0.368388092330342	0.747525814033918
APOOL	-0.00423674799074547	0.987884844796573	0.998034393892448
HACD2	-0.155161498544466	0.541080042032318	0.833395490014756
SLC36A4	0.645407136531034	0.0761984244805618	0.57244987810214
TMEM184A	0.133914532361942	0.645054040370189	0.88091700463273
CERS6	0.278883257349733	0.281947962531987	0.701029525455524
DPY19L3	0.676221088726649	0.311572757440099	0.713461030841462
MFSD6	0.26950190719263	0.733769282350827	0.919559856587664
TMPPE	-0.797055101896142	0.0506966301259864	0.547865602755798
MBOAT2	-0.75656334146753	0.288469619132128	0.706252762666871
TMTC3	0.0609174302545732	0.814234258396773	0.942197645545764
SLC25A26	0.271663378365886	0.547729796855882	0.835117603747276
CHSY3	0.50035006472622	0.607898732157765	0.864758427938104
TMUB2	0.324243666924851	0.37571898198121	0.750607749423229
BTN2A1	0.84233571609812	0.00732980992660162	0.297332382300386
COX15	-0.358045703387283	0.451044062287113	0.784365329593308
LRRC8D	0.0865221948384054	0.759344882854973	0.924957224238645
ARMCX2	0.159301296454572	0.504912168887478	0.814353605333489
PARS2	0.0148176072549759	0.950625240611911	0.987704699324651
MIGA2	-0.624754054529671	0.397188882245371	0.759759230961215
NDUFAF7	0.177478372633363	0.550162546561297	0.836254632713968
FA2H	0.539783229762399	0.133411628077013	0.616106319820597
FASTKD5	-0.441823179777721	0.0924276268268124	0.593732306639685
CHST3	0.117183188887601	0.576902586822496	0.849548666421904
SLC36A1	0.420974708363502	0.157558292280408	0.6384680948005
GPRIN1	0.92037655540371	0.00341419171917453	0.217197884454446
C6orf120	0.91514437673214	0.284346516407027	0.704111275130804
MTERF4	0.295129550515419	0.340667758485934	0.726432280057467
PLEKHH3	0.565962825160511	0.210601159812451	0.666238506591382
MRPL55	0.186009310092196	0.43374425188931	0.773548605944504
TMEM179B	0.084407459858749	0.79065164971033	0.934840897492394
AMIGO2	-0.30198759384562	0.576569795240283	0.849548666421904
SYVN1	1.42157342299331	0.0455151648383786	0.546218787666442
MRPL52	0.277555083013674	0.265965608049045	0.691075932577331
NLRX1	0.452136184604608	0.325101538610271	0.719407761395143
NT5DC3	0.731575464184623	0.113810172682552	0.608738355024034
COMTD1	0.452766106271067	0.127111900191725	0.612492181211891
SGMS1	-0.293732366114185	0.574170160584409	0.848377562738718
BPHL	0.322334204017967	0.412321037594542	0.767874398794631
RASSF3	0.0418319605910185	0.94838964740517	0.987704699324651
LDHD	-0.124716328202396	0.814636253516512	0.942413896661167
STING1	0.11605074607877	0.75965696339495	0.924957224238645
NDUFA11	0.372050225460981	0.257929306042339	0.685061444553686
STX12	0.157025998092706	0.602367178617608	0.862847856766778
DOLPP1	-0.647483612405885	0.351920293729301	0.735567305960183
RAB43	0.796111138890019	0.0968635604062629	0.596848464331699
ZDHHC13	0.477404184672594	0.268758622448345	0.691075932577331
RELL1	-1.82189477776715	0.131163729546697	0.616106319820597
MMAA	-0.00340835049354737	0.993980883226121	0.998539856560943
MCAT	-0.0956483959438756	0.753405277457101	0.924957224238645
HSCB	-0.136872631963612	0.732521889178378	0.919334237283531
LRRC8A	0.332661075782575	0.268230370571746	0.691075932577331
LMTK2	0.179760947292696	0.430470358024554	0.771796793176661
RHOT2	0.0826360100659471	0.75054655526569	0.924855184322178
RHOT1	0.721606552235947	0.0299659657953733	0.506499050504006
MRPL41	0.559265484437322	0.0762711025124719	0.57244987810214
NRM	0.544037772243641	0.300826953079721	0.709457774663294
PLPP6	0.652018724935676	0.1691186046711	0.639265407302923
DSEL	1.2674011877848	0.165105443140662	0.6384680948005
FAM185A	-1.07218422659376	0.0218240669238263	0.490505889521197
RBFA	-0.0485406381955826	0.849136347143391	0.957546032647412
CLYBL	0.435560712147776	0.127199692898499	0.612492181211891
PUSL1	0.091204500382279	0.733097312923749	0.919334237283531
NDUFAF2	0.119972191211602	0.552514261172823	0.836254632713968
ARMC10	0.334439606107786	0.390877006631889	0.75608047025694
PYROXD2	0.495352951081387	0.421297927986828	0.767874398794631
SYS1	0.539469962948338	0.0459104868560752	0.546218787666442
TMEM256	0.289611431418962	0.389644787124655	0.75608047025694
CBARP	0.0266773646791947	0.943628670019247	0.986616701426186
SLC35F6	-0.593498983844945	0.0837367098076235	0.584722983449453
TCAIM	-0.222566140410137	0.611408040812739	0.865137698414332
GTPBP8	0.191576208773824	0.472375852335957	0.796575178542067
GUF1	-0.660474318216576	0.211906622962846	0.666900491406964
D2HGDH	0.797051232258944	0.139688058260826	0.620497766349926
TOMM5	0.0318338634689717	0.923244055815303	0.984042256416349
PIP4P2	0.398129934642149	0.163128920671882	0.6384680948005
MARVELD2	0.154340199579387	0.81329851399233	0.942197645545764
VMA12	0.418242197957113	0.209304862022281	0.664418608561016
MREG	0.0293173014037116	0.939860361727343	0.986311386155219
SMIM20	-0.68826431549563	0.0660026073462004	0.564760591374421
MACO1	0.0297742122095457	0.890315922326493	0.972201908203481
MRPL50	-0.495721139815906	0.12654053611378	0.612492181211891
PARP16	0.624085665200024	0.309062829599701	0.712315316712096
CSGALNACT2	0.143700620462482	0.570349889527288	0.847880171706497
KRTCAP2	0.583664139033147	0.224365145909259	0.673249112485248
FITM2	0.135933213675969	0.615418799233951	0.866386591837234
CCNYL1	0.317811083063184	0.445838180510926	0.780334967438387
SLC25A29	1.27578012689478	0.00455360639830657	0.246565285959848
C2orf69	-0.520263653813902	0.551974947376486	0.836254632713968
DCBLD1	0.303482080527846	0.368357647362617	0.747525814033918
MRPL43	-0.283863512092086	0.270103196418476	0.691075932577331
MIGA1	-0.0922905674181322	0.79751261717576	0.937457144042663
POMGNT2	0.492055223454013	0.212763260479616	0.666900491406964
SIDT2	1.16188975205132	0.275805150648684	0.696529184279081
SLC4A11	1.00367597818273	0.0297032562734724	0.506499050504006
ATAD1	-0.0816113051999778	0.688948447379783	0.90044246657841
SLC38A9	-0.0486689163664842	0.960442964292209	0.990934559544498
NOA1	0.0491637233188627	0.864864359848629	0.963624303279971
SLC37A3	-0.676306010338511	0.293490501872642	0.707950400852083
GALNT6	2.0390050179517	0.102823110402105	0.603653565340898
B3GALNT2	0.749715378312683	0.0633459611917393	0.557266377471907
CCNY	0.968925326236707	0.237472187554532	0.678646871282716
CNNM3	0.539144549649457	0.416102894671496	0.767874398794631
CHDH	0.0636685198815563	0.840720772663306	0.953373862975004
SLC30A7	-0.405387372531081	0.153373616229238	0.6384680948005
REPS2	-4.28897370869587	5.75200103505397e-07	0.00147185923586246
SGMS2	-0.0669283415699979	0.875286599352719	0.966876094746409
SLC30A5	0.222034904855658	0.33575226040467	0.724596380705842
OCC1	0.75478428491823	0.160428860498756	0.6384680948005
SPATA20	0.355730486557377	0.44157390981409	0.77754634199981
GDAP1	0.420970125310848	0.117792234806365	0.608738355024034
NUBPL	0.730799132093733	0.240701298332029	0.679742533087422
ITFG1	0.471989688979956	0.0954174408956594	0.596848464331699
SLC25A40	0.54937269431424	0.07315920203217	0.570768065833689
MRPL30	-2.15537841543058	0.053238151743679	0.547865602755798
SPPL2B	0.299900504715296	0.523429313995767	0.824278872974642
LRRC8C	0.366455480293428	0.385467957168453	0.752479129662161
SYTL5	0.0516502041388378	0.935535094327403	0.985235396213546
CSGALNACT1	0.859250684759061	0.157928942497994	0.6384680948005
RHBDD1	-1.04716483186402	0.301655587514709	0.709457774663294
PIGO	0.709864484314888	0.0766404116306923	0.572760872729639
RAB2B	0.19022690666009	0.550701380136917	0.836254632713968
CYB5D2	1.00328225078494	0.0865770703403025	0.592735508461659
PTPMT1	0.290689328857439	0.442097955519969	0.778103669747091
SLC20A1	0.132659268231958	0.687857308545322	0.90044246657841
NAT14	0.778922579353065	0.106025485594864	0.603653565340898
PTCD2	-1.28210074236123	0.0116032233514596	0.364393639151782
AFG1L	0.959338249453925	0.218935061397239	0.669910673706068
UQCC5	0.493445293938422	0.307023675299009	0.711677630415321
ARLN	-0.456481235399732	0.256093695582601	0.684916777291027
STON2	-1.24099756177014	0.00148488002796202	0.141418682663078
POMGNT1	0.0495016534974297	0.879648789059966	0.968132781420235
SLC39A7	1.01382345635838	0.199292476558859	0.656932057224856
HSD17B8	-0.0263856369653119	0.94364295083389	0.986616701426186
PIEZO1	0.105196520663462	0.705065608214644	0.908230646747532
TMEM131	0.0430072802817421	0.892524299820629	0.972294379611577
SLC9A6	0.6225442572999	0.0868697025998553	0.592735508461659
ALG3	0.442793817680418	0.0803227183791244	0.580120963047934
HTRA1	3.54095689988952	0.0011100197616951	0.133335542562229
PEX13	-0.115818514506074	0.672210040074805	0.895122244853411
EXT2	-1.3368787106014	0.0602472774805181	0.552641343250854
ATP2A3	0.137992241318525	0.657324291396299	0.890669247523725
SCAMP4	0.0738571676538378	0.780720378635682	0.933381474780763
TOMM40L	0.58869276307254	0.329367039193454	0.721665323919893
MUL1	0.745092122246835	0.269527275603855	0.691075932577331
PMEPA1	1.05930031778374	0.0951285663667533	0.596848464331699
MTARC2	0.430745166493281	0.0876560444770542	0.592735508461659
SLC25A28	-0.823276088947708	0.0830297953401978	0.581873894091918
RFT1	-1.42690194723598	0.00334078337187718	0.217197884454446
SLC25A46	0.409027076835631	0.183491929867629	0.644776371611886
VTI1A	-0.456818834376833	0.355911851033985	0.739081579433367
TMEM143	0.495394305618181	0.378130861213665	0.750607749423229
PBXIP1	0.194072911152308	0.509182109272691	0.816643999463124
MCUR1	0.261393298610002	0.248452436310426	0.682234214879902
SLCO4A1	0.270302677665772	0.391137459745563	0.756210596268893
SLC67A1	-0.129045437539716	0.768800380564698	0.928536692487658
APH1A	0.384021265285853	0.22760248657431	0.675233670375491
CHCHD1	0.254372130267289	0.452840493248589	0.784711788344061
CCDC127	0.752842036237169	0.319556360090548	0.717827453324327
S100PBP	-1.90338126818068	0.0239197518673056	0.495586303848912
SARAF	-0.428886854212834	0.158108728483177	0.6384680948005
TBC1D20	-0.230742359986664	0.436877951821589	0.774470134893816
NSUN4	-0.28798749291191	0.314563618954238	0.713461030841462
RPUSD4	0.278812170120577	0.441547533132346	0.77754634199981
ACSF2	0.239395457266866	0.600619923489912	0.862161168024018
TLCD1	1.58703967003832	0.0183384734367577	0.448997280970627
SLC25A36	2.81636817579398	0.0092655150714436	0.320313713124706
COQ8B	3.10144943809629	0.0184030828740219	0.448997280970627
DNAJC19	0.0477357558236093	0.829712815523981	0.947227875232571
ECHDC3	-0.12041332279237	0.574775260060409	0.848589294870704
MTFMT	0.367036421839693	0.590789870472648	0.857546064064638
SLC25A38	0.416540810007767	0.218535529691396	0.669910673706068
MTERF3	0.317513805132076	0.453105379152136	0.784711788344061
CCDC126	0.240063877975526	0.692246017237478	0.902412855789938
MALSU1	0.437697135236306	0.110086720300708	0.606124850874329
MRPS24	0.290911111779167	0.476070265543214	0.79679489481773
MRPL53	0.578657169454321	0.049572654656465	0.547865602755798
CCDC51	0.247177371338825	0.508557285533691	0.816643999463124
SLC33A2	-0.913579379371008	0.408743989590208	0.765914208038794
DISP1	2.17209286274344	0.00718659328594229	0.295672125507233
SLC47A1	-0.534724939747328	0.158211296389712	0.6384680948005
VMP1	-1.41276640973149	0.0446513264557609	0.546218787666442
DMAC1	-0.216933559629236	0.507025120816153	0.816045942063029
RNF185	-0.275389179057179	0.239971534411501	0.679742533087422
TRMT2B	0.839064011633894	0.156622858252612	0.6384680948005
RUSF1	0.628842806479675	0.179883873699002	0.642582873109386
ZDHHC12	-0.35209443611345	0.36672717934811	0.745536785486807
SLC41A3	0.0228410326770927	0.936708567657479	0.985523591476324
MYO19	0.913275227952518	0.2534677206349	0.684916777291027
SLC25A44	0.402365819333582	0.389226528822237	0.75608047025694
COQ2	0.445639841128472	0.466716866961412	0.79307810008966
CRELD1	-0.248629582271576	0.706382508627391	0.90895379224716
PRR11	-0.0828584779222652	0.824511334886714	0.947085516030072
GRAMD2B	0.294990893072331	0.286847879227392	0.706252762666871
OXNAD1	-0.188232579287376	0.576236887712751	0.849548666421904
COX14	0.679036773758568	0.234687980819525	0.678304630085419
RCC1L	-0.391990627340249	0.331758710679269	0.723799122746628
COA8	-0.0440575151385154	0.874762702813661	0.96679557196738
RNF170	0.347371406719546	0.467336136374975	0.793258277202157
DNAJC30	-0.229513011390669	0.573068094136469	0.847893049784489
CARD19	-0.00434625021434698	0.989954395573842	0.998034393892448
HS6ST2	-0.0247946865462225	0.924345103197246	0.984042256416349
TLCD4	0.624348619738047	0.0364174185626532	0.520188724283809
SFXN2	0.36705976740042	0.36643479955103	0.745456468390312
MIMS1	0.188131342597785	0.502091347308165	0.813183805011856
VMA22	-0.825684753272878	0.0891742421072097	0.593732306639685
TEFM	-0.088194596044616	0.831751353079603	0.947699005940635
F2RL3	-0.302960092389664	0.580990663997331	0.852132607623805
MCCC1	0.0210490119281346	0.943078637170322	0.986616701426186
TWNK	0.402000881179497	0.301607079584215	0.709457774663294
TMEM209	-0.0670999516190278	0.884654720792376	0.970130746380825
IMMP2L	-0.10680203174978	0.748411024275307	0.924855184322178
RMDN3	0.16083217070042	0.532116820776299	0.829314760519732
MTERF1	0.549315107783862	0.362044710692553	0.741700992218904
PKP4	0.817279685933489	0.0903165860039411	0.593732306639685
TIMM17A	0.0427423408029277	0.884322597036519	0.970130746380825
TXN2	-0.034384252019322	0.915699141095979	0.98243363790705
DMAC2L	1.36717575005207	0.205437598912097	0.660114137190728
COQ7	0.205611342537509	0.458821208881634	0.787837570562811
ATF6B	-0.219088871415213	0.66781039743269	0.894619503561183
AGPAT1	1.58592587787528	0.170377296317325	0.639529308603452
MRPL34	-0.502345812908423	0.487629245373112	0.804968050124901
ECSIT	0.377552134556275	0.193549688395113	0.655286850741105
CYBC1	-0.00806125748859543	0.992212180941798	0.998034393892448
VKORC1	-0.990787560808638	0.0665398519075598	0.56528703545749
MRPL57	0.0166722128331784	0.936548932501242	0.985523591476324
SELENOS	-0.0380549243681685	0.910610722504979	0.98047469291053
GORASP1	0.689052492020622	0.408144851365596	0.765399780618028
SLC25A21	0.0508812818474453	0.882585740217356	0.969803894630609
CHCHD6	0.958156311845002	0.177140549311279	0.641503539931958
PGAP4	0.448317117932248	0.151613286917463	0.635912020405617
TIMM29	0.11184337350829	0.733071510317823	0.919334237283531
HDHD3	0.351334427606595	0.472223378573289	0.796575178542067
MTNAP1	0.499104144781302	0.258012185234782	0.685061444553686
SLC25A33	-1.72762684018937	0.0377498135418989	0.524872092904795
MTG1	0.111841454706028	0.669662563648457	0.894619503561183
NDFIP1	-0.271133643291577	0.690273000952634	0.901635664035029
TMEM70	0.242807188667815	0.452898048897449	0.784711788344061
ABHD14A	0.36747414822284	0.596161683559989	0.859860282240942
APOO	-0.0914478325509336	0.650479623971344	0.886392296304342
RAB5IF	-0.123064485231914	0.839185202093313	0.953294436162902
SLC25A23	-0.904168788015298	0.037138198217165	0.521781346933005
VAMP8	0.448901767380313	0.21946849546659	0.670964046503231
MECR	0.18844650087981	0.491552669910013	0.804968050124901
EMC6	0.498192415667898	0.269978767974373	0.691075932577331
PTDSS2	0.599585912149834	0.0505043494643325	0.547865602755798
ALG8	0.659518094404355	0.176589451216974	0.641503539931958
TRMT61B	0.316656211998051	0.712110415354559	0.910611713271547
TMUB1	0.040150189290145	0.928564533185526	0.985003835637487
TIMM21	0.333678385576565	0.354844239700657	0.737463289434809
ELOVL1	-0.0872059553204494	0.842526972441705	0.953528976044203
HIGD2A	0.436313025765493	0.388266764347289	0.754991875102297
LTAP1	-0.591599701677534	0.199374494600727	0.656932057224856
SFXN3	-0.122963783976374	0.565526907398384	0.844159924616872
YIPF2	0.161720447033424	0.8541141511922	0.959232664668152
STRA6	0.129959965375367	0.87813646885867	0.967934433655232
SGPP1	-0.726525487453717	0.11934878058306	0.608738355024034
LGR4	-0.396254552699709	0.311920286909143	0.713461030841462
TMEM120A	-0.0826695764026084	0.741991995666919	0.923463419894199
SLC12A9	0.457455815225018	0.356502992403236	0.739081579433367
SLC26A6	0.575442265467409	0.206063098044392	0.66039680507131
SEC11C	0.33395834968886	0.378547489774909	0.750927637698078
FUT8	-0.268206067689487	0.318940147126621	0.717827453324327
MRPL32	0.361795112513395	0.384684078605558	0.752320918873881
ABCA2	-0.761690171021975	0.268199248005393	0.691075932577331
SLC29A3	0.910966284284573	0.0690098479945654	0.56528703545749
OSBPL6	0.391437037933159	0.685032448357644	0.90044246657841
SLC25A39	0.432112326920503	0.491959288958324	0.804968050124901
ULBP3	0.381157836316628	0.296377826194722	0.708750685894694
TRIM4	0.361303874465825	0.371819315824337	0.75032114821126
SEMA4C	-0.261033139312502	0.563990848028106	0.843356870041025
CCDC90B	0.722960547801605	0.191105026331536	0.654273616264889
COA1	0.0265802571193383	0.931174602763927	0.985003835637487
TMEM222	0.0753473914406158	0.88435077216307	0.970130746380825
MRPL18	0.43295835606105	0.300787036078388	0.709457774663294
TMEM168	1.20026942570161	0.0694013227393843	0.56528703545749
FAM234A	-0.0810265601127966	0.830689225437922	0.947227875232571
OSBPL5	0.458800489343936	0.444801579000033	0.779782199919626
GLT8D2	-0.0803487396364133	0.755787129832745	0.924957224238645
ISCU	-0.573103164658544	0.179327726965208	0.641858473721058
MEGF9	-0.737565599191001	0.0159317872417355	0.423791362861197
SLC25A51	0.805066870725291	0.57927561542712	0.850852715178347
PORCN	1.6062257584302	0.00680035668281814	0.293671084914767
ARV1	0.387483824898325	0.640386898073316	0.879619822236356
SLC25A32	-0.155427968852081	0.711814723039304	0.910611713271547
SLC6A15	0.284293836601407	0.305180878972586	0.709457774663294
MTIF3	0.348223197418918	0.27584527156453	0.696529184279081
KCNN2	-0.750594194431962	0.106678935932316	0.603653565340898
PARL	1.50176967949588	0.00121592769769284	0.133335542562229
TMEM245	0.264161805076373	0.468879435245362	0.793324184907508
MMADHC	-0.115822790502023	0.821134161588486	0.945270253472774
MUC13	-0.0797525335360518	0.786382633302936	0.934840897492394
DNAJC5	0.584237929622702	0.0910419687486526	0.593732306639685
MTG2	0.0163442476318885	0.950848216598568	0.987704699324651
NSUN3	0.226760992731759	0.64966039185088	0.886102794738077
PCNX3	-0.183092953093212	0.504303325855352	0.814353605333489
TMEM231	0.591828787610012	0.391983667164993	0.757001633924433
ZDHHC6	-1.13316317583421	0.10469363119744	0.603653565340898
ALG9	0.613355028388217	0.0578495522925001	0.549054389807244
RNF167	0.0752546442277442	0.895350748758244	0.973091448848887
ATP13A3	-1.7218067000753	0.0732116380930629	0.570768065833689
METTL17	0.120510477382368	0.766606968214018	0.928536692487658
METTL8	0.434121585572576	0.473676430247449	0.79679489481773
COQ10B	2.31226740851963	0.0031773976808384	0.21596404390566
CNNM2	0.0958333079178821	0.698896811647308	0.905527343031533
SLC25A22	0.175712503045716	0.447954390563804	0.781710226961518
RSAD1	0.956909432106553	0.253174366264356	0.684916777291027
UBTD1	0.0244812098541622	0.921185063147985	0.984042256416349
PLEKHA3	1.94031918193609	0.00293373563921561	0.207301545732316
IL21	-0.223210589396583	0.615364859691886	0.866386591837234
PDF	0.0292538382284846	0.917003235927843	0.982727782925607
PLGRKT	0.00457304434866757	0.985051817394921	0.997664916968184
VEZT	-0.277710778137092	0.634379433906354	0.877001041320208
SLC38A10	-0.0113018849086899	0.980420240497163	0.997664916968184
SLC25A19	0.734266298913063	0.336790652652654	0.724778355987617
MRM3	-0.0165440039892744	0.943828029143379	0.986616701426186
ANKH	0.869138851635679	0.301994997823125	0.709457774663294
GPAM	0.188925218728507	0.47330965640657	0.79679489481773
CSNK1G1	-0.581613766927976	0.240687499765741	0.679742533087422
S100A14	0.110775066503873	0.745242205595839	0.924222671483286
ATP13A1	0.108225552188856	0.692515868789265	0.902412855789938
MRS2	0.0573076783625552	0.866087225072279	0.963761273315126
LYRM4	0.201971115709448	0.654663560843677	0.889371549656052
JPH1	0.724227891855175	0.392064986846505	0.757001633924433
ABCB9	-0.300848894082893	0.663132037554855	0.893901986623945
EMC7	0.23301363293054	0.363846637813426	0.743330722529464
NGRN	-0.183008359643232	0.488915239566389	0.804968050124901
IL1RAP	3.36862780885068	8.94061660249603e-07	0.00147185923586246
TIMMDC1	0.0384712790643711	0.872782168381004	0.966710781087322
SEMA4B	0.623094612564326	0.0263722045327741	0.497218335610474
MRPL40	0.207130399336165	0.641380235185291	0.879619822236356
SLC35H1	0.601840150646343	0.249410600824363	0.682234214879902
NPDC1	0.484706708579804	0.177985720550767	0.641503539931958
ITM2C	-0.717597863132891	0.162955040980174	0.6384680948005
ENTPD7	0.794644520511234	0.164396148336174	0.6384680948005
PXMP2	0.733562502761572	0.0389370988801776	0.524872092904795
SLC17A5	0.437158914560172	0.571727252416308	0.847893049784489
ABCB10	-0.330821261655011	0.426546176321369	0.769011851219718
OSTC	-0.528740229766555	0.348049845694298	0.732965711981779
SDHAF3	-0.41879762432918	0.255153361459197	0.684916777291027
MRPL17	-0.365296598123081	0.246509962742781	0.682234214879902
AGPAT3	-0.441321938074282	0.191279630673278	0.654273616264889
C1GALT1	0.490018895692678	0.284274409397984	0.704111275130804
TM7SF3	-0.512037740304876	0.676447279634638	0.897219355761232
TREX1	-0.0237015516313512	0.929346089635449	0.985003835637487
SIRT3	0.595525434332384	0.138669446441145	0.620418838116397
LYRM2	-0.244202115388557	0.686174129406768	0.90044246657841
LMBRD1	2.6803798753138	2.61281627360909e-05	0.0122698123001739
AGPAT5	0.166350780787106	0.616149596855065	0.866386591837234
ABCB8	-0.00190738314855921	0.995889556175095	0.99855819777491
TMEM184C	0.323078991046664	0.234875170928916	0.678304630085419
SLC38A7	-0.998215818484134	0.00540288968195361	0.272069651685503
EXD2	0.385395290271262	0.236504689687209	0.678646871282716
DNAJC11	-0.0809098477810615	0.829871375637363	0.947227875232571
TMLHE	0.390701442540792	0.335639047427241	0.724596380705842
FGFR1OP2	-0.16568400185206	0.508976685380147	0.816643999463124
MRPS18A	0.145642925600548	0.658162279051421	0.890669247523725
TMEM38B	0.362069579734506	0.552470104785994	0.836254632713968
MTPAP	0.432099061986982	0.370153414652779	0.748335075954696
ANO10	0.892770259269852	0.0115128250267274	0.364393639151782
DMAC2	-0.643863014536336	0.0904379627436593	0.593732306639685
TMEM51	1.43112367585515	0.122666818671971	0.612492181211891
TMEM248	0.0746671740726086	0.806467722190007	0.939436785623634
MCUB	1.16622695798126	0.23183990798101	0.678094513229648
RMND1	0.432059269289724	0.1787950047687	0.641503539931958
THG1L	-0.493572913820891	0.174796876750105	0.641503539931958
TMEM160	0.311334967561301	0.241131262338628	0.679742533087422
NDUFB11	-0.0649050639591024	0.929005094965904	0.985003835637487
MARCHF5	0.453186460670956	0.119475342425182	0.608738355024034
ARL15	-0.352676868476735	0.707412868137773	0.90895379224716
B3GNT2	-0.10353496200096	0.894225184949196	0.972350592023437
ZDHHC3	0.701508538725921	0.126489336741424	0.612492181211891
BET1L	0.125724727085746	0.626421120309363	0.87105276460903
TVP23B	0.220669301129625	0.483642095923114	0.802893528699948
USE1	0.42375185176309	0.229182948679915	0.675967381909327
MRPL35	0.347586391298073	0.336995913375833	0.724778355987617
EIF2AK3	0.736196697112813	0.177940081362842	0.641503539931958
COQ3	-0.063608909288206	0.802351166288663	0.937860314704011
EMC3	0.653796948031435	0.135870090416526	0.619403606779187
COX16	-0.0375756768891122	0.912568368394259	0.980854274272632
TMEM9	-0.112038620650047	0.680797168587308	0.898729017647462
MDFIC	-0.142730896785068	0.61493407775488	0.866386591837234
STIM2	0.862016762092516	0.100120380720698	0.599838249007096
PDP2	-0.00605475049171389	0.988438504592078	0.998034393892448
CKLF	0.594183598776919	0.464511558529925	0.791838575065992
FAM8A1	0.270110511033941	0.489358136986817	0.804968050124901
SEL1L	0.0822393363080209	0.781075243488067	0.933381474780763
B4GALT7	0.782448651252331	0.155031716944448	0.6384680948005
SLC25A10	0.386792149173385	0.274819829849048	0.696258928219752
UQCR10	0.666549297993285	0.0447924430362109	0.546218787666442
MTFP1	0.293993099621428	0.256115471697379	0.684916777291027
C19orf25	0.129241608224792	0.726655921265457	0.917859709882497
PISD	0.195136404027195	0.839273371440381	0.953294436162902
MTRF1L	0.169407401593894	0.596657471155242	0.860137012547257
CHRNA9	-0.0497998947441367	0.830063003037305	0.947227875232571
WARS2	0.157682293058897	0.847581312903839	0.957494129320267
SUN2	-0.10880802272672	0.886245090902089	0.970659935810513
POLG2	0.50955331569066	0.339534492903642	0.726432280057467
CEMIP2	0.769855567548152	0.106680808650276	0.603653565340898
CYB5R1	-0.0353995243675911	0.89120053346513	0.972294379611577
SLC12A6	0.342189883544819	0.530190204581475	0.827792378239477
NDUFA12	0.0692183154728099	0.809990546155473	0.940516454467831
MRM2	-1.43227220323247	0.115175101572279	0.608738355024034
NAGPA	0.353001368379189	0.564215035694685	0.843356870041025
CCNL1	-0.465280160545259	0.34335163892234	0.728437544851705
ERG28	0.302264341349446	0.475243901070145	0.79679489481773
AMFR	0.838098599967207	0.304361285168999	0.709457774663294
DSE	1.3753918885366	0.117694272629189	0.608738355024034
CCPG1	1.25340034924848	0.126467005687595	0.612492181211891
KIDINS220	-0.0779151095327713	0.738096155389095	0.921654859186249
TPCN1	0.158590862764921	0.601641043517399	0.862496535225696
ABCG2	0.769556549826515	0.0563325315703529	0.547865602755798
DOLK	0.372396178060001	0.283767382413033	0.704111275130804
NEU3	0.0467796189109428	0.919901414463436	0.984042256416349
MGAT4B	-0.788202101089947	0.0121131078286228	0.365982933773768
SPG7	0.152151548732121	0.636582242870115	0.878406839481494
ENTPD4	-1.97813738955475	0.0963290924591109	0.596848464331699
RCE1	0.733196878529849	0.0382748145980515	0.524872092904795
BCS1L	-0.080269747943774	0.826450985899318	0.947227875232571
ITM2B	1.36925930282689	0.162391207453589	0.6384680948005
MRPS33	0.610787568916784	0.127223895207218	0.612492181211891
RXYLT1	-0.0972975455121698	0.779376910659571	0.932655079377104
UST	0.946111966097209	0.00375317918505299	0.230029898837121
EXOG	-0.0903199679029782	0.794964131683098	0.935980597366406
SLC35A3	0.338520746717826	0.336285942308876	0.724778355987617
ATP11B	0.05875046942203	0.81270057638119	0.94191566802275
DNAJC16	0.740727345189669	0.0252088194362637	0.496805397947517
LAMTOR2	0.0638237791172926	0.823566510832459	0.946744918382839
COA3	0.269185000819068	0.284203322553939	0.704111275130804
MRPS7	0.407059390210087	0.098995486618869	0.599838249007096
MTO1	-0.0472608753408466	0.858929661398343	0.961904613135517
COQ6	0.365405286805562	0.301802829244698	0.709457774663294
TMX2	-0.310101247839615	0.375663812591742	0.750607749423229
PLLP	0.864182918655459	0.0307079060731605	0.506499050504006
NDUFAF1	-0.0433703759070951	0.900521506078306	0.97532378692931
UBE2J1	0.402828181224059	0.271272280498467	0.692566352484723
COQ4	0.102746661696113	0.810741127419776	0.940889239530076
EMC9	0.515241895917146	0.245391297588873	0.682234214879902
RNF11	0.0121711804527571	0.970707065500613	0.996023716698754
MSRB2	0.080369838179454	0.752170513978525	0.924855184322178
MRPS16	0.189279112425979	0.53493298182714	0.831465647312609
MRPS18C	0.307336803625809	0.248268481998981	0.682234214879902
PAM16	0.880794888965081	0.54016075778385	0.833395490014756
DAAM1	0.207556085036543	0.688568373411931	0.90044246657841
SAMM50	-0.690646351944135	0.00924040658782614	0.320313713124706
YIPF1	0.344013531641018	0.135104616138888	0.617497419128798
DNAJC15	0.241933307621991	0.461305555130633	0.789314342822014
MPC1	0.660617759553666	0.159820818855742	0.6384680948005
SNX11	0.390235225479135	0.215369906065456	0.668452895663364
BACE2	0.499951537584582	0.178709320902159	0.641503539931958
SLC25A15	0.211177734181028	0.848162982326522	0.957494129320267
NPTN	0.138648867457466	0.637718558351714	0.878406839481494
ALG6	0.368216482323369	0.38342147811126	0.752294303711255
SPCS1	0.0693246145787718	0.836855032772304	0.951534362464433
SELENOK	0.441179633249227	0.434114897763423	0.773548605944504
MRPL42	-0.362262367895998	0.125019428331222	0.612492181211891
NDUFB9	0.0794915683849418	0.788013178812477	0.934840897492394
SQOR	0.279385724297665	0.299692703503965	0.709457774663294
TMEM223	0.578916148394708	0.326286971443084	0.719407761395143
LIPT2	-0.727687334417968	0.0473369655479584	0.546218787666442
CYB561D2	-0.337911842967628	0.312488138091851	0.713461030841462
ABCD4	0.225831083121843	0.541583419327096	0.833395490014756
ABCC3	-0.17303950256067	0.546118379402361	0.834649656129024
ADAM12	-0.113196434548765	0.70130209991104	0.90651558586422
LIAS	0.735966525613573	0.106520762925469	0.603653565340898
FARP2	0.0644866206461359	0.876068957755594	0.967023394686824
SLC35E2B	-0.295235135500626	0.167470163432045	0.6384680948005
SLC2A4	-1.48986373084422	0.0470567155835129	0.546218787666442
CERS1	-1.42265781003289	0.0879576911036708	0.592735508461659
SDC2	0.263265386259448	0.419531736912215	0.767874398794631
ADCY7	0.451437636161231	0.234537618770299	0.678304630085419
SMIM11	2.27421201030058	0.0144864990104871	0.406829180544513
SLC35B1	0.971870620363873	0.126103739375458	0.612492181211891
MCL1	-0.458560615659696	0.10039744494636	0.599838249007096
PTPN13	-1.50254918370362	0.162837547591588	0.6384680948005
ZNF326	1.25850684081612	0.0282982659492939	0.499897996467164
TMEM67	-0.233270409439008	0.595803459119465	0.859754596311717
ABCC10	0.68184653439495	0.174530143896729	0.641503539931958
TMEM268	-0.676630213215546	0.0530090821812179	0.547865602755798
AGTRAP	0.0847143534911936	0.816161764263157	0.943041319993659
METAP1D	0.545892571551036	0.204629283368925	0.660114137190728
B3GNT9	0.773933337481584	0.0563465878282027	0.547865602755798
ADIPOR2	-0.62741910809434	0.147218908409348	0.631945649459253
SLC25A42	-0.380144230977017	0.179309148064695	0.641858473721058
CHSY1	0.268579300539205	0.640772488827208	0.879619822236356
ZDHHC17	2.00790858541259	0.000141273180092065	0.0315129249074693
LARGE2	-1.23706497934455	0.0101811362118531	0.337905740485823
PNKD	0.304926768596644	0.427645679985812	0.770360083888916
OVCA2	-0.737387731173307	0.0654120983813633	0.563372191819046
TMEM230	0.600212871183814	0.0690746093635533	0.56528703545749
RMDN2	0.453776508251366	0.16489971591504	0.6384680948005
TRPM7	-0.937576900499472	0.455669837070338	0.786870144345744
TMEM47	-0.362123208347313	0.291157333097064	0.706252762666871
YIPF3	2.86168290895602	4.45008122961229e-05	0.0142632683358645
DERL2	-0.0750109792230305	0.864436326191455	0.963392405251784
IFI27L2	0.0140380990911453	0.974605499854968	0.997656742786927
ROBO2	0.183930003042676	0.510361203577576	0.817084948146788
ATP13A2	-0.172996426913222	0.779806986589013	0.93291491213721
ST7	1.7309817218496	0.0268364142892534	0.497218335610474
NHP2	-0.503427546196299	0.447026131885416	0.78118128591544
TMEM161A	0.40440724917033	0.18120358258162	0.642582873109386
TOMM7	1.10008570512031	0.44661420187827	0.780772872477535
ATP10D	-2.00307745121556	0.042169716578528	0.546218787666442
PGAP2	-0.524478296890099	0.377128409391289	0.750607749423229
ATP5IF1	-0.656853253838527	0.144246217214456	0.629324603800417
POMT2	1.16065140820153	0.0143756305383485	0.406739652326293
USP20	-0.838331312018468	0.429615875714757	0.771796793176661
RHBDD3	-1.03189388586917	0.0763092282153959	0.57244987810214
DENND11	0.262246773863467	0.461018259263866	0.789314342822014
SERINC3	-0.378771983709868	0.321154000447107	0.718226602941572
CA9	-0.101340933534154	0.88742361296512	0.970746385996202
GRTP1	-0.00344578735362333	0.989939848545619	0.998034393892448
TSPAN14	0.835234839262395	0.249939720356595	0.682234214879902
NRCAM	1.0170592614217	0.0115341966509318	0.364393639151782
RELT	-2.6981839422882	0.00106027445981353	0.133335542562229
SDHC	-0.468714641975215	0.326111661651677	0.719407761395143
PHC1	-4.12250667084328	1.00789265181178e-06	0.00147185923586246
OMA1	-1.948618311314	9.68905532188006e-06	0.00530596892064457
TSPAN13	0.198750614946221	0.463031241433716	0.791162195289044
ACVR1	-1.09751131054642	0.00116695791722089	0.133335542562229
RNF126	-0.990914570965089	0.0803567365477338	0.580120963047934
