gene	logFC	P_Value	BH
RBM47	-0.0231834007481417	0.953562364545278	0.989547869934688
UBA6	-0.267159699660532	0.536816218871775	0.857491573938614
SHTN1	0.248436436270733	0.541248618074735	0.860003004068407
SBNO1	-0.654643524375892	0.15363999409136	0.660032127309389
WDR91	0.723568926595078	0.219500487528982	0.714063861814626
CNOT1	-0.542230704172539	0.247105647203091	0.730223535335647
MAP1LC3B	0.681515729196612	0.102376533209641	0.610884548936912
USP22	0.104001424199531	0.754640969722493	0.93105058957443
RTL8C	-0.552984073631681	0.0979956655420878	0.610884548936912
SNRPG	0.555047645671181	0.0897376553962231	0.59860653319484
EIF3C	-0.813629873958263	0.242822034599184	0.729952390160823
NACA	-1.43572085830424	0.0418147957423714	0.523658011065176
RSMC	-0.170208547227499	0.562845049527483	0.868436172344784
KIF2A	-0.423301202119635	0.489460186476214	0.83602979045039
DDX39A	-0.150387016668368	0.590642870956867	0.879112734716864
ACOT7	0.154047835504684	0.774432562283711	0.933226638009667
MYO1C	-0.869132829244158	0.115293194783186	0.619583049000843
SNAP23	1.99773831908397	0.00657349231748122	0.253208346229252
AIP	-0.226050963672577	0.480326220987118	0.833424926744281
GTPBP1	-0.700421811845317	0.035835694068256	0.491268548184383
STXBP3	-0.160298401427838	0.73889090050649	0.92692653876749
SMAP	0.576067436190176	0.523163147415359	0.851564346154098
AP3B1	-0.406188580301752	0.244866303955676	0.730223535335647
PSMD11	0.219109004370498	0.529806309976632	0.852370321596691
PSMD12	-0.444036887958639	0.316185032277156	0.772028042449781
SUPT5H	-0.17047290291044	0.633571275412489	0.896234995752517
CLIC1	-0.32241090301067	0.388898111007205	0.797356023842663
EIF3F	-0.907517112565799	0.0798031969699792	0.587786291735778
IPO5	-0.26561269382557	0.444413020332821	0.815933998545632
IGF2BP3	-0.403648092744227	0.228940918512597	0.726673506663357
DNM1L	-0.218985513350162	0.621328671885302	0.888678686507955
RTCA	-0.714131314699781	0.0528202191819926	0.547265554925699
PIK3C2A	-0.331130907853563	0.45481126646936	0.821587800440514
EXOC5	0.211276301740913	0.650221382919669	0.904966281789366
PSMD14	-0.0318627928607782	0.896099227475411	0.975283619044568
ZNF593	-0.155105140550248	0.698030247850636	0.914491778527892
KPNA3	0.730982644144504	0.432441887381681	0.813810592507666
SDCBP	0.334045013351449	0.343710829940175	0.778442506674933
PITPNM1	2.81789397189696	0.0219249577837515	0.432880196645024
DDX3X	-0.559191963688527	0.208991379767079	0.70696119996495
KPNA4	-0.71634430979276	0.0571052675141163	0.550299397217706
NFIB	0.48324421642188	0.112568412114441	0.618558426079804
PPP6C	-1.09556446910876	0.0206301958567677	0.422166872506459
UBE2C	-0.518143334980973	0.192891743173644	0.687723828429445
PDXK	0.411014409855419	0.32427537321102	0.774231038499676
SCD	0.290787441373201	0.435200899045174	0.8144322609054
COPE	-0.528902393738811	0.158736893490034	0.660032127309389
EIF1AX	-0.329264549363231	0.416087747998221	0.807312968832105
AP3D1	-0.624382201860705	0.174945087624376	0.677105410194658
ABLIM1	0.0243239906011716	0.937724857337711	0.982665764967391
CHD1	0.0945740648598985	0.803055550692882	0.944354843561362
GOSR2	0.393397463526334	0.212911790711038	0.711940787832909
MAP2K7	0.618136523030955	0.0811168606344568	0.590602908991334
PDCD5	-0.782751396227141	0.1454909031421	0.654375184923154
PRMT5	1.77200282496845	0.134866123158749	0.645418998648875
NHERF1	-0.74843363040501	0.0843263263112826	0.593152852482221
CHEK1	0.392129723395698	0.319252810596435	0.772979916629885
TCERG1	-0.0435976320202691	0.89140735569671	0.973738444043365
NDC80	0.419755847724041	0.170235972627452	0.671543309692028
POLR3A	-0.360749449004729	0.396638902489501	0.799997047166966
TSPAN4	0.185119552295284	0.598836545825602	0.880216544764317
PSMA7	-0.572161792389096	0.0914330629017463	0.600337922086293
SCAMP3	1.01308855382304	0.0328521962206342	0.485898965536171
GEMIN2	0.0301418235739455	0.923191236878042	0.981390251540538
TAX1BP3	-0.112276647262345	0.864762528417734	0.964146417183109
GIPC1	-0.39044215585265	0.461831042306622	0.828554413343707
PCDH17	0.455761631036591	0.438966591564983	0.8144322609054
HAT1	-0.702151284883023	0.0237776730473237	0.446997499535573
MYL12A	-0.343041314241908	0.428019732420934	0.808510412174724
AURKA	0.0875737761229054	0.785828720031981	0.937911216021812
PPP1R12A	-0.247369241319433	0.618091704776601	0.887278884935062
GAK	0.32430159653822	0.405762586214987	0.802392942768015
HNRNPDL	0.113523160579014	0.798919266067613	0.943495858184128
XPO1	-0.754782396997044	0.111293163158902	0.618558426079804
BTAF1	0.0559311581446451	0.857791569879935	0.959296944670083
ARHGEF10	-0.340801074601991	0.329105404704132	0.774231038499676
SPTBN2	-0.166715652741743	0.609450392337635	0.883476211401717
SEC16A	-0.0112955434665096	0.965726158399532	0.991550120921467
PLXNB2	0.986527917872809	0.226371993863247	0.724558132393619
PFAS	0.971195178888976	0.0612159292512766	0.550299397217706
MCF2L	-0.445241248757217	0.380120896096709	0.791510544365114
LSM1	0.0205524230764169	0.964093867507283	0.991550120921467
ARPC1B	-0.465911919763929	0.169303883417828	0.670875513691996
ARPC2	-0.7592661264062	0.0391459514474348	0.502628899467227
ARPC3	0.240229628449711	0.468004711716188	0.829718473303689
ZBTB7B	-0.0360538353810718	0.964370364555426	0.991550120921467
POLR1C	-0.682646428994833	0.190324855864181	0.684786042756746
TRIM24	-0.0664905641499303	0.876885650134378	0.969391998734284
OGT	-0.583036198629468	0.205751157569238	0.703565098424315
HMGB3	-1.52092412467102	0.104172218831186	0.610884548936912
PPM1G	-0.910394986398639	0.188425913793822	0.681344266099786
INPPL1	0.304173367375846	0.315918720756947	0.772028042449781
FANCA	0.452892686260785	0.187547791064181	0.681344266099786
EIF3D	-1.02900610678362	0.112914103559788	0.618558426079804
EIF3H	-0.860918296879483	0.23630727972232	0.726673506663357
SLC16A3	0.638102482093672	0.15859913602695	0.660032127309389
MAGEB2	-0.174761294780925	0.594414094453709	0.879249570423126
YKT6	-0.348215863922157	0.199136379237085	0.69258684460796
ARPC5	-0.201333291072828	0.572813232004206	0.872835036426298
DHX15	-0.053401924905998	0.906668908047513	0.978756675712714
RNMT	0.277317821136251	0.729274877290606	0.923403478206507
TTI1	0.0993329346054423	0.824655923159672	0.949911731150752
PRPF4	0.146552310405802	0.604809816412876	0.882397983173483
PHGDH	-0.137585683705758	0.661460329934904	0.909385017679213
DYNC1LI2	-0.354849408101668	0.436932717007094	0.8144322609054
PSMD3	-0.600006610125167	0.195728136147248	0.689453433425118
ZW10	0.696286764995392	0.0263377314540963	0.466130391365515
PPIP5K2	0.459344692699776	0.184259036959436	0.681344266099786
EEF1E1	0.177014407241018	0.512374043864631	0.84699401485933
WDR62	-1.14710754069771	0.00875732654273544	0.29796079303526
HNRNPR	-0.620810270747555	0.160807574997849	0.660032127309389
TPD52L2	-0.602173539712364	0.179649447354738	0.680002580594188
FIBP	0.871367594996922	0.063682930923362	0.550299397217706
EIF4G3	-0.150516989275619	0.744494390087986	0.928609034493873
PPIH	0.497548012931013	0.0589813080238619	0.550299397217706
EPB41L2	0.598477483796916	0.11705390218629	0.619831999479208
LAMTOR5	1.58745664911744	0.0287409845349781	0.470513867658037
DENR	-2.88063423444342	5.44062116841596e-06	0.00305374293867233
TRAPPC3	0.613604674172173	0.106488840831402	0.612583683201432
CHMP2A	-0.366406484575659	0.449976991733862	0.819258387637786
ZNF207	-0.19587076450901	0.645565378370585	0.902894368356036
BUB1	-0.120118104954464	0.916135998626782	0.980697785152038
BUB3	0.120057108092407	0.806379749307849	0.945751055232996
ACTN4	-1.16643879291296	0.23577548777973	0.726673506663357
BUD23	-0.596302475243185	0.0373945576500483	0.496648500347272
HTATSF1	0.135454475609002	0.777905165143971	0.934697286687157
SGTA	0.292528009348914	0.359889400575918	0.784555806148467
NARS1	-0.0939960740230781	0.763565670866647	0.932356614259225
MYO1B	-0.287662317533641	0.321035564354073	0.773833578127089
SSNA1	-0.111102119323075	0.832277069384572	0.9516323065089
NUDT21	0.0413627309225149	0.875011420601354	0.967882846718108
STRN	0.441219296907889	0.243746623348571	0.730223535335647
RRP9	0.20217829998505	0.614965776849073	0.885430997430692
AKAP8	-0.0767196582279581	0.768166301476819	0.932356614259225
CALU	0.46271712262439	0.443282063075359	0.815933998545632
AHCYL1	0.0723341179992829	0.880480563370184	0.971010999843529
ORC5	0.405444285330919	0.220169048179914	0.715503879486253
PEX1	0.211850040886699	0.51691626725666	0.849065223265642
DHX16	-0.756831191358412	0.0143326624701441	0.349770377920474
PCDH7	1.20323874621261	0.0446172570847763	0.540680717521875
SMARCA5	-0.207480615658994	0.684071579418632	0.912455897773153
AQR	0.0973006662548599	0.722533950551936	0.920929452838623
KIF1B	0.339357736214644	0.301078331944694	0.758419352303007
KDM1A	-0.112949043495281	0.687951504271404	0.912455897773153
TBC1D4	-0.391061764225995	0.361657338723309	0.785924603895952
ACSL4	0.455377986466338	0.324943807125457	0.774231038499676
SNX3	-0.921822248182842	0.017205509876547	0.388508323591684
OGA	-0.729998338489576	0.0388111408581273	0.50228156869714
SYNCRIP	-0.438049921235848	0.303623756650764	0.758866246743544
NEMF	0.0520513440053421	0.849354016969686	0.95612776370427
BUB1B	0.0407000261809145	0.926996330569398	0.982665764967391
PLOD3	-0.438068036802637	0.16275797416091	0.660853096617502
EIF4E2	-0.306218448908613	0.476481520950297	0.830996625322882
DIAPH1	-0.517936925978105	0.0856698127594069	0.593152852482221
EXOC3	0.0151262228637208	0.990340866698307	0.997605325944649
PLIN3	-0.246979301959314	0.654576652771262	0.907905787709238
KPNA6	-0.209177656133249	0.466715888329279	0.829718473303689
UGDH	0.413396759461179	0.441500702724987	0.815866932776944
CTNND1	0.121096849502102	0.634189155674259	0.896305464979916
EIF1	-0.110055169461283	0.826851137830382	0.949911731150752
SNX2	0.0540910809828645	0.910288470843871	0.978756675712714
USO1	-0.267985123359523	0.715411576961112	0.920613940876973
DKC1	-0.0637793219839935	0.814930783330159	0.948816118685692
EIF5B	-0.757628436530943	0.0919835655627255	0.600337922086293
EDF1	-1.56677935713578	0.022304629211456	0.433836080058468
DNAJA2	0.205823784681904	0.477599749758245	0.830996625322882
CUTA	-0.304120974534818	0.453197565213642	0.820920927892998
HUS1	-0.278041098815894	0.480454939953117	0.833424926744281
SRGAP2	-0.212172816055624	0.566382536885158	0.869932798838533
WDR1	0.168746913085599	0.698564696997742	0.914569187155226
ROCK2	0.625025932715744	0.408942589604724	0.804574579147201
CLASP2	-0.698002552025574	0.0379743898803061	0.499001263678002
COBL	-1.00478678046834	0.0252891181526626	0.457884540192678
CPNE3	-0.342625691223201	0.455551607488198	0.822169162067583
CLUH	-0.52824936276015	0.209330398475259	0.707187562862678
CNOT3	-1.40065470681768	0.00763203679724948	0.275990389415161
ANKRD17	-0.780877986202523	0.104150040710894	0.610884548936912
DNAJB6	0.75833371102205	0.139429660631117	0.647140294128916
HMMR	-0.516981917831949	0.2812737640272	0.750764007379665
PDCD6	-1.1436397737325	0.231120292100793	0.726673506663357
VPS4B	-2.08361074906964	0.00243268266974951	0.156688691958129
FLNB	-0.662019396539826	0.246903027938718	0.730223535335647
NCOR1	0.498955471143709	0.576950478078457	0.873470650873383
CS	-0.465914379969121	0.220649672610699	0.715701451538836
SEC22B	0.218675149141266	0.585495394759543	0.876920602216749
VPS26A	-0.350554341827738	0.421367782989482	0.808510412174724
PSIP1	-0.233163116362565	0.625446719992154	0.889710413775949
HSBP1	1.65936588517238	0.103247045433797	0.610884548936912
BANF1	0.241997454434092	0.343834343577419	0.778442506674933
SF3B1	-0.212756781506599	0.497056482983015	0.840048290116955
CSDE1	-0.191837449560445	0.532866980601803	0.853828514220527
PRKRA	0.0803732251425906	0.776134213652574	0.934660605471098
MYCBP2	-1.42998139212587	0.0636268741769679	0.550299397217706
NPM3	-0.836698416774155	0.113055279407721	0.618558426079804
SNRNP200	0.113920898869672	0.658594979347738	0.908574323685836
OFD1	0.374029940254854	0.256205376415378	0.732880775957815
RPS6KA4	-0.902138302146305	0.158955310053637	0.660032127309389
NUP155	-0.00423127678172364	0.98965735919365	0.99741649691925
WDHD1	-0.239470611638243	0.581975823365612	0.876631339079071
RNASEH2A	-1.71368009173305	0.00393546229454936	0.205228049706097
CDC123	-0.101059016869669	0.797575011957196	0.943308916911445
POP7	0.025612755986625	0.929786567456073	0.982665764967391
RPP40	-1.16606603029322	0.267389058808208	0.73983916342074
EIF3G	-0.566335943890703	0.29563426642144	0.756249615174734
CBR3	0.039141870230015	0.909265662776817	0.978756675712714
IDH1	0.212273869254098	0.632045906315766	0.895854388858097
BCAS2	0.49225768284191	0.118518941975392	0.621567636930032
DNAJC8	0.485870333888272	0.280070065829695	0.74907780030284
TRIO	-0.157810283004508	0.704339360819511	0.916334730133363
MPDZ	0.4578676060923	0.182988181483268	0.681344266099786
GLRX3	-0.0798506754470338	0.856096981036365	0.958565129236784
SRP72	-0.373214517405039	0.23981973679433	0.72760752576442
MTA2	-0.646155860457611	0.253783740219305	0.732880775957815
TOMM70	0.023628829000053	0.924963828310885	0.982477123934433
SEC24D	0.266039089880564	0.404187878146397	0.801559232473555
FRYL	-0.745160068619295	0.0650745284329007	0.55341519959495
HAUS5	-0.108927247320835	0.778874756073747	0.934697286687157
USP19	-0.191279467217637	0.735200230439887	0.925422076657991
AP2A2	0.621097919729536	0.219339143486012	0.714063861814626
SEC31A	-0.361757309411416	0.529668521519784	0.852370321596691
HEXIM1	-0.25897432988878	0.496593486962779	0.840048290116955
UBR5	-0.057987145107667	0.851193313922431	0.95612776370427
ELP1	-0.720122404485757	0.0726745964052594	0.56453035511841
ZWINT	0.286098662564942	0.643222009750656	0.901850359055611
LUC7L3	-0.541060353183319	0.0713674480174554	0.56453035511841
KIF4A	0.108101103627369	0.763978155006725	0.932356614259225
MPZL1	0.0691516445810159	0.953784113882073	0.989547869934688
SMC2	-0.162265947346413	0.503909928205498	0.84388583790175
ATG7	0.312807026615065	0.645004453061672	0.902821622237411
TRIM16	0.0421593202376229	0.937915910866908	0.982665764967391
IPO7	-0.588125988560005	0.0786188156464516	0.586533124233903
BAG4	0.0543416515660162	0.873948828133426	0.967125655890454
AHSA1	-0.0123722460288853	0.968321861575168	0.992120637034364
PARN	-0.10352138027153	0.770753443006029	0.932356614259225
FMNL1	0.532090340652125	0.352091838122471	0.783334559446878
SEC24A	-1.93602406215371	0.00169304321042988	0.13303933547558
POLR1A	0.0838147174312738	0.82233763410675	0.949911731150752
PCNT	0.548657555962816	0.0644819514672801	0.550377801280126
CEP43	0.0152447010452583	0.977839854508527	0.99416404451373
HERC2	0.512579440939657	0.359339999651784	0.784402950978622
SNAP29	0.393327648125492	0.657132969519674	0.907905787709238
OXSR1	0.0342721340746763	0.917874546724285	0.980697785152038
LDOC1	0.973729192676657	0.0731620419571814	0.56453035511841
HSPA4L	0.344506254345816	0.346742501620774	0.781272307283589
PTBP3	-0.478964958661543	0.175273075575514	0.677105410194658
LSM8	0.431102169087573	0.133924474579962	0.645418998648875
AP2A1	0.404749335058035	0.201708216380448	0.694576320910412
STAU1	0.290653126312584	0.632730067429708	0.896182775792994
BAG2	0.135857116023047	0.703861064283195	0.916325421328255
BAG3	-0.349653195634808	0.243493916730907	0.730223535335647
CLIC3	0.0533917459059765	0.907780981686227	0.978756675712714
ZBED1	-0.250814100112059	0.620852320864599	0.888644360173774
ACTL6A	-0.159031412425257	0.63965939197136	0.899228525347378
LDHA	-0.362332487098136	0.628871911849539	0.892419785410037
DHFR	-0.97862044203632	0.0139862780849339	0.346621123840808
GSR	0.118668205512904	0.740947731962375	0.927978663684099
PGK1	-1.35424076269963	0.0768291562748207	0.580503375007251
AK1	-0.31349572689123	0.314004001987238	0.770594455845009
ASS1	-0.217725394160116	0.539836488084378	0.859668468225596
NRAS	1.68099958103146	0.00913222587993659	0.29796079303526
HLA-B	1.43497658484964	0.376224950930618	0.789362020485272
LMNA	-0.0660964913503044	0.801997676983337	0.944354843561362
TFRC	0.895177793853197	0.156198517392648	0.660032127309389
FTL	1.06220231413815	0.00563089416865434	0.245819813207143
FTH1	0.531232958294801	0.149960612408204	0.660032127309389
RAF1	0.749854278680196	0.260461399198112	0.732957286697849
ALDOA	-0.868323206978623	0.191367346458162	0.685217292377779
ANXA1	-0.335022059874312	0.663117351909123	0.909385017679213
NR3C1	0.0542737354302858	0.89567069953648	0.975283619044568
TK1	0.659627771424383	0.052478130598139	0.547265554925699
KRT1	0.0225120595297597	0.980590026507053	0.99416404451373
GAPDH	0.175748475811261	0.689099583442599	0.912455897773153
HLA-A	0.753638834078163	0.214093873329699	0.712174034841737
CAPNS1	0.283410290486621	0.554914188844947	0.86739104563403
HSPB1	-0.377150179255644	0.253011224159163	0.732880775957815
TYMS	0.467713873394963	0.242661987674172	0.729952390160823
GNAI2	0.98038901105491	0.0593286093915084	0.550299397217706
ATP1A1	0.452725672212196	0.370279102455252	0.789362020485272
ATP1B1	0.252192558534933	0.600639388033198	0.88044771131885
ALPL	0.842051049801206	0.237958466733022	0.726673506663357
ALPP	0.74970120698935	0.119152974947675	0.621715854673858
EIF2S1	-0.742387628884916	0.305954690722341	0.761784524618553
RPLP1	-0.955113000758676	0.110320013836914	0.618558426079804
RPLP2	-0.44472080548784	0.446642731929761	0.817668714717847
RPLP0	-0.92741530472847	0.0695523374776117	0.56453035511841
SSB	-0.249702163460583	0.442672599399417	0.815866932776944
ITGB1	1.29098576467088	0.00889815933029614	0.29796079303526
KRT18	-0.268929779059967	0.309720891192674	0.768240771146475
KRT8	0.35909973447265	0.264388196849355	0.7364536033072
CDK1	-1.29463930208567	0.235350881243526	0.726673506663357
ATP5F1B	0.130865619543734	0.689801091576807	0.912455897773153
EIF4E	-1.27453906039101	0.0132098544686753	0.346621123840808
ENO1	-0.484555209759321	0.376249509947537	0.789362020485272
GPI	-0.635141099413666	0.371593939570312	0.789362020485272
POLB	-0.842004286846425	0.104709230176295	0.611296530999497
NPM1	-0.163725234200655	0.764755757953197	0.932356614259225
TPM3	-1.22120380434536	0.113931982060927	0.618558426079804
ITGAV	1.20586002290763	0.0130419573815126	0.346621123840808
LDHB	0.593260831767775	0.236177298270969	0.726673506663357
GPX1	1.22028235718476	0.00332937406582375	0.185628378832599
P4HB	-0.521767579068317	0.179356778014881	0.680002580594188
ANXA2	-0.42903932878221	0.230152644534083	0.726673506663357
TUBB	-0.190360342422473	0.521657809984525	0.851563785105175
PFN1	-0.315677690869002	0.609382683308161	0.883476211401717
APRT	0.190193062922155	0.733553814034109	0.924353090230922
EPRS1	0.0282235088357403	0.913221021743899	0.979310699235542
HSP90AA1	-0.783058593485741	0.00784746436736544	0.277771959453863
HNRNPC	-0.0729831695511081	0.819473338745426	0.949516376616933
LYN	-0.546106200489927	0.577001012550279	0.873470650873383
FH	1.91842846210054	0.00121784171649214	0.10631201540888
ERCC1	1.00412663639324	0.353055494756444	0.783735662489558
SP1	-1.29553659805249	0.0799649291214457	0.587786291735778
ANXA6	-1.06459048939198	0.0706944441478188	0.56453035511841
RHOC	-0.0898922639438311	0.843695607757243	0.954335342899617
CD55	0.835867052859527	0.28001679104583	0.74907780030284
SLC3A2	0.967191767487996	0.086511360141851	0.593152852482221
PFKM	0.0102356578359064	0.979464915284908	0.99416404451373
HSP90AB1	-0.435578238106753	0.135296138696315	0.646689207953554
ASNS	0.160634411090847	0.626260532413184	0.890545650326239
SNRNP70	-0.221406399339063	0.49930602733129	0.840519872058542
ITGA5	1.18293380312226	0.0391237877714439	0.502628899467227
NFIC	0.987898902418209	0.29465117436159	0.756249615174734
VIM	0.205118780324717	0.550745933080356	0.865301380643536
RPS17	-0.273420686373353	0.396606104097436	0.799997047166966
KRT7	0.458218192028035	0.111723999167413	0.618558426079804
ANXA5	-0.0422308278360326	0.922708176831387	0.981390251540538
RPSA	-0.80580207148148	0.253215164248212	0.732880775957815
SNRPA	0.318683309140315	0.323579928642342	0.774231038499676
GSTP1	-0.0752369509101918	0.793423238238492	0.940579335347892
LGALS1	-0.396052077208534	0.302219632870857	0.758419352303007
HMGB1	-0.715440948210745	0.1327946621067	0.644136083231141
CLTB	0.320217383770263	0.374646604664835	0.789362020485272
CNP	0.336614085916608	0.412985283659802	0.806889081976432
HNRNPA1	-0.493610107367807	0.355179094802454	0.783735662489558
SNRPA1	-0.0946169691748224	0.76782581202876	0.932356614259225
PARP1	-0.42868469997914	0.4152507258399	0.807307358499394
POLA1	-1.22837444522726	0.0168051198061011	0.387468282099947
ALPI	1.34596058618438	0.0325405965243285	0.485898965536171
H2AZ1	-0.570923043623704	0.38568152628988	0.796871747545552
FBXO45	0.00334668435071706	0.990993518002612	0.997850725841174
RAB34	0.770232105931225	0.527369904374456	0.852339100899728
SULT1A3	0.00633158859484695	0.983123040649499	0.994627177909273
HSPA1A	-0.855965888409482	0.0725096236861002	0.56453035511841
CALM1	0.0975631865850382	0.809917441983169	0.947073104033295
POLR1D	0.169549480618969	0.509021026562128	0.845999836447801
RO60	-0.758257139136557	0.198947094556447	0.69258684460796
RRAS	1.20615648408869	0.0302047690304792	0.478526360970778
HLA-C	0.520602490118932	0.474356486131547	0.830996625322882
ARAF	-0.917709017903377	0.270586660278937	0.741510988909648
H1-4	-0.0626857003948942	0.872048561922768	0.966510239716376
PTPRF	0.805395669631864	0.0935056551894803	0.604249538222809
TXN	0.51285677758964	0.283346011247599	0.752258146657145
PRKAR1A	-0.433716047371703	0.328202625134688	0.774231038499676
HSPD1	-0.396292701188468	0.430282930633091	0.811609041986276
CLU	0.623004567694188	0.0505378423510568	0.547265554925699
HSPA5	0.223618747722973	0.454141458519534	0.821148186385105
HSPA8	-0.139310933342554	0.655748216208678	0.907905787709238
SLC2A1	0.845011171097912	0.138318096434235	0.647140294128916
EPB41	-0.0139744747933577	0.981002864967198	0.99416404451373
UMPS	-0.161142589997649	0.721254814811241	0.920929452838623
PYGB	0.202511577085328	0.572300867893918	0.87255339928413
TOP2A	-0.356249447176111	0.37435979280873	0.789362020485272
G6PD	0.156428801370296	0.656607996146938	0.907905787709238
UBL4A	0.641600681876923	0.420696543865889	0.808510412174724
DMD	0.293447770866457	0.545104301408932	0.860913274518036
MTHFD1	-0.547830365369709	0.26195275148472	0.735151686131048
ADH5	-0.580128158403021	0.161357447351208	0.660032127309389
PRPS2	0.990385949446765	0.29105210167103	0.755009557418829
PABPC1	-0.507572991671108	0.211575793834366	0.709953457105198
PCNA	-0.0670668795623719	0.876652957605187	0.969391998734284
HARS1	-1.473497073598	0.00204061975192116	0.144240492154742
IMPDH2	-0.0905936295227754	0.750030027073661	0.929904694342826
TPR	-0.437099671291676	0.188072311039244	0.681344266099786
CKB	-0.532235657584401	0.12383458840055	0.622795344117895
ANXA3	0.695937783323547	0.0286564224159206	0.470513867658037
ACTN1	0.220291588468431	0.702756399654719	0.916299627780554
PEPD	-0.506543403710779	0.0866555707113247	0.593152852482221
XRCC6	-0.332583707827617	0.390868364278859	0.79755340729884
XRCC5	-0.466809344704011	0.346231995394188	0.781272307283589
LAMP2	1.65503486109272	0.0645772884678387	0.550377801280126
RNH1	-0.644728961777865	0.455392415549979	0.822169162067583
EEF2	-0.926249049851364	0.209981166722164	0.707261293259205
KRT10	0.849300373012326	0.159561385989546	0.660032127309389
PDIA4	-0.0445969903591816	0.927972224086289	0.982665764967391
TPT1	-0.508668931141923	0.488919111431903	0.83602979045039
PLS3	-0.6279797171842	0.355165965073289	0.783735662489558
GYS1	-0.532671391881806	0.319637429933695	0.772979916629885
PRKAR2A	-0.104775266588	0.739646266593692	0.927141122634456
ENO3	0.153464548092931	0.8027486222421	0.944354843561362
GTF2F2	0.0211465118529084	0.936429815193362	0.982665764967391
CD99	-0.0300499042256277	0.912924435113244	0.979310699235542
FDPS	0.398964800284503	0.232213403214831	0.726673506663357
CPM	1.20732179990405	0.380142631004574	0.791510544365114
PKM	-0.365268526078168	0.292862981697141	0.756249615174734
HSP90B1	-0.0451783042256331	0.912302297196604	0.979305713654426
CCNB1	-0.541258258399221	0.0948279308519333	0.606847115879702
MYL6B	0.0827310738063289	0.815262302996472	0.948816118685692
HNRNPL	0.133895018508106	0.672238922716435	0.91221592248661
DARS1	-0.33974410845375	0.389498122326941	0.797356023842663
JUP	0.135455366844113	0.641970590165152	0.901144140321144
ANPEP	1.34476863853556	0.360256619972502	0.784616552035454
GSPT1	-1.80983101081031	0.061598315505621	0.550299397217706
EZR	-0.806597929914918	0.187079087338288	0.681344266099786
NME1	-0.355450517626782	0.509653609880005	0.846693037301708
NQO1	0.178743420169354	0.684116667250253	0.912455897773153
RPS2	-0.592383181937549	0.123686528625462	0.622795344117895
DSP	-0.285049435456028	0.52676079111256	0.851711497555683
RPA2	-0.410840188355806	0.45790409459548	0.825277609020936
CD44	0.983878634756138	0.191027548635491	0.685217292377779
CBR1	-1.27885671751754	0.00286527505021984	0.170542617098836
GCFC2	-0.0921684592132337	0.842146300697957	0.954335342899617
H1-5	-0.233478948890166	0.482412111164514	0.834048588966264
POR	-0.0301723067043618	0.921182005016162	0.981390251540538
YBX3	-0.233286398831176	0.543942300033282	0.860366061526072
HSPA6	-0.357060552377845	0.194010596040873	0.688911117371249
HMGA1	-0.499393982882044	0.185253612020202	0.681344266099786
PRKCA	-2.09396200303583	1.78786142741586e-05	0.0078050083870188
NPR3	1.22085985620464	0.0886279556702512	0.598375219061527
JUND	-0.937728329585919	0.140281712157737	0.647140294128916
PRKACA	-0.309521534054944	0.34981549090054	0.783148184471922
PTPN2	-0.423513112577432	0.537031108102693	0.857491573938614
CTPS1	-0.288088520163456	0.519013812061599	0.850732276841895
DDX5	0.063018558033928	0.833064288236526	0.9516323065089
PFKL	0.178432541177653	0.697485439612653	0.914387818564603
PSMC3	-0.999437967698199	0.284670706959288	0.753164443899405
TCP1	-0.208051838618456	0.506974980153248	0.845322204418927
ERCC2	0.051558407971406	0.882273091880475	0.971010999843529
RPL35A	-0.0679566153263877	0.815463166295834	0.948816118685692
ARF4	-0.104163387845432	0.744753090598824	0.928636906684474
RPL7	-0.0625718987249719	0.799182404026052	0.943495858184128
VCL	0.709655585110369	0.0630647106613526	0.550299397217706
NELFE	-0.570764308561969	0.0997128328656748	0.610884548936912
RPL17	0.00857828600532073	0.977151587434956	0.99416404451373
PGAM1	-0.894320462224513	0.0538627470843842	0.547265554925699
RCC1	-0.46031803882002	0.25411396695504	0.732880775957815
LIG1	-1.4511780164723	0.0616284461962656	0.550299397217706
NCL	0.0557388105753063	0.89145766943853	0.973738444043365
POLR2C	2.29133922999836e-05	0.999930733126769	0.999930733126769
POLR2E	-0.0947519946563276	0.71500080800291	0.920613940876973
EIF2AK2	-0.382570338832554	0.442186656196859	0.815866932776944
SRM	-0.00657261336056791	0.992240234344923	0.998843116813585
CSNK2A2	-0.447732560077242	0.339885402989378	0.777298638401627
NFKB1	-0.36603247680268	0.482797316999091	0.834048588966264
EIF2S2	-0.557469125453402	0.209083460004905	0.70696119996495
BTF3	-1.07016461215941	0.108406569425979	0.617271493266242
RAB5A	0.506198408785245	0.257005780167094	0.732880775957815
PSMB1	-0.746110960813141	0.0571390008777486	0.550299397217706
LMNB1	0.489329562864945	0.152648545830064	0.660032127309389
IMPDH1	0.0984170396940485	0.846917146979101	0.95612776370427
CDK11B	0.468334652635377	0.194271002207023	0.688911117371249
GSTM3	0.186221920659513	0.674548031132709	0.912343629720278
ATP6V1B2	1.05584055803898	0.0492225001927215	0.547265554925699
ATP6V1C1	0.572352570413177	0.11069149566561	0.618558426079804
CSRP1	-0.905353166734994	0.278774820849142	0.748160021254289
FLNA	-0.581248132290007	0.40241712253306	0.801559232473555
NF1	-0.22269425374553	0.464446888016409	0.829622821551864
ACO1	0.159426468504403	0.757767747580633	0.932190185502893
TGM2	0.230121839786516	0.486726782176704	0.83602979045039
FBL	0.603955590115184	0.201664398659868	0.694576320910412
GART	0.382294357367453	0.423817452155006	0.808510412174724
PAICS	-0.331272065372325	0.504152761390968	0.84388583790175
UBA1	-0.105057560505912	0.736861576623335	0.926856895934996
NME2	-1.07861264340534	0.100567843988535	0.610884548936912
HNRNPA2B1	-0.18790350286536	0.649726677388167	0.904966281789366
RFX1	0.5901511539263	0.507734030434719	0.845542708778262
PRKACB	0.0492074473062907	0.863046084377902	0.962779121385797
NR4A1	-0.220962607855306	0.566818010951042	0.869932798838533
TCEA1	-0.616801906316638	0.158146252658828	0.660032127309389
ITGA6	1.30984248875173	0.028080331639975	0.470513867658037
SFPQ	0.0144042008947487	0.976931762051073	0.99416404451373
PPIB	-0.387257190071598	0.25353691372521	0.732880775957815
WARS1	-0.248807763124674	0.683127189236017	0.912455897773153
RPS3	0.0415786157609226	0.91982115563838	0.981259114988649
SP100	-0.508909712141694	0.504312534332733	0.84388583790175
AHCY	-0.638050588908889	0.0864038093661633	0.593152852482221
CFL1	-1.07984390154228	0.102286407297066	0.610884548936912
EIF4B	-2.28608889941594	0.00908440074968542	0.29796079303526
DTYMK	-0.122100224017458	0.769126918239189	0.932356614259225
RRM1	-0.232249339878784	0.473878736684833	0.830996625322882
EEF1B2	-1.11469041223154	0.247186892847139	0.730223535335647
ACP1	0.0400523518790834	0.92489557717947	0.982477123934433
POLR2A	0.346142444555717	0.218987313537573	0.714063861814626
CDK2	-0.520000102868217	0.170796589156189	0.673079035902373
MCM3	-0.430030513184679	0.369996771748336	0.789362020485272
RPS12	-0.723973845535696	0.322375990101944	0.774231038499676
YY1	-0.215464509303036	0.558489101417541	0.867570079934892
DNAJB1	0.165507505990881	0.67202878901535	0.91221592248661
DNAJB2	0.474908844839341	0.0888838007688045	0.598375219061527
PSMA1	-1.51230446017319	0.0624644205930317	0.550299397217706
PSMA2	0.083854552360247	0.843697549538301	0.954335342899617
PSMA3	-0.141715682585161	0.589462219669331	0.879112734716864
PSMA4	-0.0945957846861631	0.794195022455345	0.940727236426605
ITGA3	1.23738607805603	0.0924457234301213	0.601356369796269
MSN	-0.752148325501647	0.114102083670712	0.618558426079804
DDX6	-0.760723589326833	0.100522732169002	0.610884548936912
DNMT1	-0.711015221896346	0.185217714332348	0.681344266099786
U2AF2	0.0743815892335675	0.776968656477586	0.934693769534732
RPL13	-0.308249137020123	0.254276110178546	0.732880775957815
S100A4	-0.0270314108214613	0.942402997246717	0.983604795095511
HMGB2	-1.43920077320383	0.0269876627387741	0.468895695387811
PTBP1	-0.0316666075550636	0.93730079435431	0.982665764967391
TARS1	-0.663262412767509	0.0334927770039333	0.487381929068347
VARS1	-0.572301723313956	0.276252574515592	0.745976883348288
EEF1G	-0.943788509931117	0.318309968690772	0.772979916629885
STOM	0.984501771867183	0.177138487040024	0.679002063980736
YWHAQ	-0.0395597576818609	0.936699168900069	0.982665764967391
MARK3	-1.22777229232885	0.341743788967808	0.778157535383335
RPL10	-0.342991258635337	0.333970461179799	0.77497652553132
RPA1	-0.712050250913606	0.201555717203569	0.694576320910412
APEX1	-1.03218099100525	0.0859524047955359	0.593152852482221
CAD	-0.281915298160971	0.402055545091178	0.801559232473555
CALR	0.165887822865045	0.533000514604699	0.853828514220527
MAP4	-6.29147410624853	0.000314105393005155	0.0449000471143849
CANX	-0.0269081155638986	0.925609514498546	0.982631662379029
PSMA5	0.0356785224930327	0.919216224529462	0.981146575978336
PSMB4	-0.798507490607285	0.255781904210549	0.732880775957815
PSMB5	-0.207028865932223	0.614532634959808	0.885404738818147
ITPRID2	0.146167345948896	0.662803333934067	0.909385017679213
POLD1	-0.238009347250642	0.49825867299492	0.840048290116955
SMARCA1	-0.31506771073358	0.482046742528109	0.833976949094206
ERCC5	-0.875354583999972	0.147631941687203	0.656826128533115
LAP3	0.0642954882253122	0.858999284769409	0.959899940232937
GTF2E1	-0.275924784476185	0.721874112868786	0.920929452838623
SHC1	1.68236430894916	0.00725862781456724	0.273488812265485
MPG	-0.287236876331193	0.375755016841659	0.789362020485272
CRABP2	0.00386724040527042	0.993250205495209	0.998843116813585
TKT	-0.834341220987667	0.120719362649023	0.622419310809109
RBMS1	0.901178702954169	0.0543757217941583	0.547265554925699
PML	-0.160283686450338	0.838240418160444	0.952964873539463
EEF1D	-0.519100216855435	0.512181794235546	0.84699401485933
MARCKS	-0.889027925761592	0.037579629679906	0.496648500347272
ERP29	-0.860487850988946	0.0489635285428224	0.547265554925699
PRDX6	-0.0813270380064353	0.743370772378703	0.928091440951993
BLVRB	0.139493168099136	0.748813257095092	0.929887013363321
PRDX5	0.342016095588782	0.402623779021471	0.801559232473555
PRDX3	0.0451851633754004	0.867053116566462	0.964855892468829
RPL12	0.0306111944012883	0.910424270036994	0.978756675712714
CMPK1	0.523868505636496	0.254463546550807	0.732880775957815
PDIA3	-0.255396493049084	0.447189133722243	0.817668714717847
PPP2R1A	-0.10474507550013	0.690048611945473	0.912455897773153
PPP2R1B	1.01330038881869	0.0363256123104823	0.492149416440983
CDC27	1.51480747244784	0.100921913263198	0.610884548936912
NMT1	-0.658608277875214	0.268402525964097	0.740557250360209
LRPAP1	-0.728074802009136	0.123315206868441	0.622757644969284
SLC7A1	0.835946543845417	0.116139766607094	0.619831999479208
POLR2B	0.0783033917326996	0.792006096052245	0.940353105449539
MAT2A	-0.204651311329769	0.545117889316068	0.860913274518036
PRKAR1B	0.724707129513845	0.319978533994347	0.772979916629885
CPS1	0.291511994778002	0.302644111381135	0.758419352303007
DNAJA1	0.0991002377354313	0.782836971840722	0.93630638123659
AKT2	-0.621107811811214	0.0733868528693453	0.56453035511841
ATIC	-2.49055103457018	0.0494925439347838	0.547265554925699
HNRNPH3	0.959131457351507	0.0374661147935752	0.496648500347272
HNRNPH1	-0.329193183027904	0.320091199887204	0.772979916629885
YWHAB	-0.479273135053631	0.25985897993252	0.732880775957815
STIP1	-0.524365712912054	0.166094878308039	0.665509893023123
S100A11	-0.0346970105700741	0.957147426830482	0.990943936763364
L1CAM	0.804996567802647	0.254191323062845	0.732880775957815
PRDX2	-1.6168518036645	0.0137068698873343	0.346621123840808
RPL9	-0.724679133205498	0.182663457405748	0.681344266099786
ACSL1	0.634523291172627	0.156183957127624	0.660032127309389
KIF5B	-0.295569309141086	0.334738366192729	0.77497652553132
CSTF2	-0.0173634822765614	0.975996526346248	0.99416404451373
TTK	-0.538418410461215	0.170005097856224	0.671306562288548
MCM4	-0.149435167313893	0.788589152722021	0.937911216021812
MCM5	-0.518579691469355	0.246412229827255	0.730223535335647
MCM7	-0.316176828499295	0.476442529341575	0.830996625322882
HSPA4	-0.935163886386992	0.018731281996539	0.399484423123687
GPC1	0.33768682668239	0.38781495444567	0.797356023842663
CTNNA1	0.0874251906904639	0.822165992921287	0.949911731150752
CTNNB1	0.101039137368815	0.77846111468733	0.934697286687157
RDX	-0.106194432788627	0.891255135956597	0.973738444043365
RFC4	-0.0550731162219904	0.884367476523866	0.971184910737196
RFC2	-0.0390333900708804	0.900250877243421	0.976487384118773
RPL22	-0.578244892520782	0.186536333132841	0.681344266099786
GTF2F1	-0.664072322352979	0.318989564812327	0.772979916629885
SPR	0.631353726602089	0.172277610527732	0.676599529589354
MYH9	-0.612036057744085	0.21881507911006	0.714063861814626
COPB2	-1.22757859568366	0.186476832469969	0.681344266099786
ADD1	-0.158251800074154	0.685664809321848	0.912455897773153
BSG	1.00908049461777	0.0972268862784214	0.610230728734693
FUS	0.105231603797968	0.803937065390871	0.944354843561362
NUP214	0.0133500549541452	0.962418000827522	0.991550120921467
DEK	-0.35965898196995	0.336353528533809	0.77497652553132
PSMC2	-0.269321806852236	0.29628885464122	0.756249615174734
ARL2	-0.702683767063661	0.151497404412372	0.660032127309389
ARL3	0.0685776334738719	0.870745023728499	0.966510239716376
MAP2K2	-0.637098365877886	0.402866979599127	0.801559232473555
ATP6V1E1	0.968646998809469	0.052205249749614	0.547265554925699
RPL4	-0.0982305417006764	0.742338139994462	0.927978663684099
PPP1CC	-0.201049331179242	0.499136894427858	0.840519872058542
GNL1	0.0613784629313798	0.925880166173851	0.982653477281756
SRP14	0.0466947128735917	0.930799150578767	0.982665764967391
NUP62	0.531765420329872	0.0782467160039338	0.586533124233903
FDFT1	0.763439523393703	0.245051640095473	0.730223535335647
TAGLN2	-0.591526467069009	0.35551450212667	0.783735662489558
ETFB	0.276200203344537	0.383943630344346	0.795263395914331
RBMX	0.0225357606106016	0.944636002680126	0.984792809249911
ATP6V1A	-0.726187324124695	0.289583654106781	0.754992818172224
HSPA9	-0.315829525448095	0.285980650907949	0.753164443899405
EIF4A3	0.0658532198466126	0.818227188816904	0.949516376616933
IGHMBP2	-0.213807910454555	0.586300692345095	0.877174425636627
RPS19	-0.376130244963928	0.477863227067123	0.830996625322882
RPL3	-0.0783916142180949	0.770218605022694	0.932356614259225
FEN1	-0.826723909812561	0.108868866486045	0.61812973471629
TXLNA	-1.25506617107875	0.122521346816599	0.622419310809109
CCT6A	-1.00376860136121	0.0466785513678726	0.545833417632058
NNMT	-0.285616504808964	0.441026324970307	0.815866932776944
ARL1	0.33785529347886	0.45910041487694	0.825817568551803
MLH1	-1.59158204299317	0.0309135949874359	0.483060051468164
STAT3	-0.49194719265169	0.121684081711534	0.622419310809109
MDH1	-0.248418237014533	0.572965133132334	0.872835036426298
RFC5	-0.390264692427973	0.250085501067978	0.732726274195439
RFC3	-0.231096025343614	0.375567548084766	0.789362020485272
EIF2S3	-0.936424413210148	0.101479542764844	0.610884548936912
CETN2	0.363418790657697	0.362634168307273	0.786353672704534
CSK	-0.567298174677845	0.287235865513959	0.753548509685795
GARS1	0.0940008209540899	0.757925490600939	0.932190185502893
IARS1	-0.455319566319073	0.612680987802997	0.885404738818147
PRKCI	-0.048694966004188	0.884423418329776	0.971184910737196
STAT1	-0.26804666964955	0.505549839088828	0.845236305438299
STAT6	0.0389768892823881	0.954445833908914	0.989711713229908
MTREX	-0.276143595697	0.450746716357667	0.819520522243996
MTOR	-0.14714737030636	0.80547376004932	0.945252808612239
EPS15	0.134389582857356	0.887452621620554	0.971664835677461
RPS27	-0.7093972877353	0.0963837417758431	0.606877758713602
RPL35	0.794852811143329	0.291524576647808	0.755009557418829
CDKN2A	-0.228726279400874	0.428020798629873	0.808510412174724
PAFAH1B1	-0.458563446431285	0.44410035019338	0.815933998545632
MCAM	0.740090103774588	0.0458378179446972	0.544063795826723
MATR3	0.1053375261178	0.745713314693772	0.928949782318272
MSH2	-0.292422949718098	0.32387356325748	0.774231038499676
MAGEA1	-0.331580034472726	0.282142644538398	0.751042310563257
RANBP1	0.145895717336018	0.68512749178768	0.912455897773153
NAMPT	1.31868984450746	0.0282607839515117	0.470513867658037
PSMC4	0.0669803667081155	0.826009710996704	0.949911731150752
CBX5	-0.992591531256888	0.00626993123037523	0.253208346229252
USP5	-0.153645691539516	0.683386841914268	0.912455897773153
RANGAP1	-0.781215768712094	0.0661676842569073	0.556520475891407
RECQL	-1.16682822015066	0.0127423858005236	0.345274715932808
NOP2	-0.0404759721667496	0.887828139496586	0.971664835677461
CRKL	0.364034951901989	0.436595065988779	0.8144322609054
BAG6	-0.146019142216211	0.713167920060464	0.919605105978853
MAP2K3	0.408464649329382	0.6972437700298	0.914387818564603
RPL27A	-0.0124821046619452	0.965784924476716	0.991550120921467
RPL5	-0.402530408728374	0.155604883831229	0.660032127309389
RPL21	0.00587383985967449	0.986954549875532	0.996081280878748
RPL28	-0.202650412488566	0.476726238763639	0.830996625322882
RPS9	-0.544278639618895	0.181441134701192	0.681344266099786
RPS5	-0.309527686976171	0.628194131885474	0.892083750473665
RPS10	-0.395760603643211	0.467430342674769	0.829718473303689
IQGAP1	-0.696924338406649	0.174823160582851	0.677105410194658
PLA2G4A	-0.74290661066313	0.0941480861877816	0.606406279724252
CAPZA2	-0.85928453401473	0.0214199860132463	0.427203680436774
CAPZB	-0.378498923213101	0.221235424938425	0.715701451538836
QARS1	-0.317584721431331	0.251204594651784	0.732880775957815
RPL29	-0.373759928783016	0.362839957320594	0.786353672704534
LIMS1	-0.893625798240194	0.0574026410516395	0.550299397217706
ARCN1	-0.739141778792426	0.0944419602828728	0.606847115879702
GCLM	-0.0848090155246872	0.808270769843811	0.94627409258532
PSMD8	-0.154178758396128	0.618875994387106	0.887559015868176
PRRC2A	0.0480578955953312	0.939147352367664	0.982665764967391
CCT5	-0.282449907282171	0.322097245228001	0.774231038499676
CSNK1A1	0.145331957048345	0.634646960401011	0.896621263937946
CSNK1D	0.033482670086812	0.894534569097333	0.975201532181859
ADGRE5	0.380447968313192	0.476526059194901	0.830996625322882
POLD2	-1.8806480351983	0.0766556405985302	0.580308308114884
MARCKSL1	0.117324328353988	0.692117294437161	0.912455897773153
RPL34	0.0989166730079774	0.749180850478143	0.929887013363321
LMAN1	-0.227794202371765	0.530643371500511	0.852370321596691
NASP	0.0564069642467686	0.897359223977513	0.975304119227566
FASN	-1.12247187778157	0.119040248438597	0.621715854673858
CCT3	-0.50869358052789	0.148098480403231	0.656826128533115
ALDH7A1	0.186678165813046	0.732674044785467	0.924062567776054
CDC34	0.0706896430472455	0.898940799181944	0.976120067835292
SRP9	-0.17688408129759	0.662101147644915	0.909385017679213
AARS1	1.21046586771765	0.159447577190213	0.660032127309389
CARS1	-1.10654635364163	0.132469786737264	0.643629549439355
SARS1	-1.30845088161836	0.120051307273395	0.622419310809109
PRIM2	-1.39215144984263	0.0286943718343442	0.470513867658037
CSNK1E	-0.124232643549519	0.67341508496511	0.912343629720278
PSMB3	0.0785927517428888	0.839676118522963	0.953491395493036
PSMB2	-0.546946022424823	0.172723168281528	0.676599529589354
MCM2	-0.685890195494757	0.0506753557506538	0.547265554925699
TMED10	0.0993163467891449	0.730773654134742	0.923906456522042
EIF2B2	-0.497710757480483	0.15845951007949	0.660032127309389
RANBP2	-0.467032695304159	0.176881624493953	0.679002063980736
GSK3A	0.469459844705657	0.278655902420799	0.748160021254289
TAF6	-0.2519088219967	0.602352621029542	0.88044771131885
GMPS	-0.623689704495821	0.438011921994268	0.8144322609054
LIG4	-0.407730800499476	0.511461197004766	0.846831455133471
MRE11	-0.575643443452343	0.177636448017006	0.679133099117917
SERPINH1	-0.0123173726695072	0.963527483103192	0.991550120921467
PEX5	-0.425691226037824	0.602311024331456	0.88044771131885
DNM2	-0.414492082074926	0.351711033453389	0.783334559446878
METAP2	-0.541554359681513	0.259890221721534	0.732880775957815
NUDT2	0.214757737363108	0.655581639329456	0.907905787709238
CDK7	-0.657200336343561	0.122416213073436	0.622419310809109
CDK9	-0.757647121378607	0.0301052551632227	0.478526360970778
LRBA	-0.936847842076567	0.425225079365709	0.808510412174724
RPL14	0.017620729009721	0.944689258860502	0.984792809249911
CCT8	0.276648200023654	0.442125330774681	0.815866932776944
CCT4	-0.185778814540342	0.569055035310741	0.871323941440336
FXR1	-0.315758676826995	0.356062142413811	0.783735662489558
FXR2	-0.365233072887744	0.270131238269602	0.741510988909648
RAB5C	0.161516608054271	0.556539310552388	0.86739104563403
RAB7A	0.583954674662554	0.140736040024597	0.647140294128916
RAB9A	0.772933620108315	0.0330378409460712	0.485898965536171
RAB13	0.926548095252024	0.0926913455957319	0.601957515447324
HCFC1	-0.529735795646804	0.233768362589351	0.726673506663357
IRAK1	1.30257720642603	0.0573136041678488	0.550299397217706
PSMD7	-0.0546170575424583	0.836413515222603	0.952024054683567
STAT5B	-0.856503830397518	0.137401494108346	0.647140294128916
RPS6KA3	-0.753026496455846	0.0226418345707497	0.436411896701479
HDGF	-1.33353788784488	0.0438741259947991	0.537013834995532
HNRNPA3	-0.0448929688455024	0.899362562512655	0.976131355832106
PGD	-0.362166268310403	0.49727732204721	0.840048290116955
HNRNPM	0.101907688315357	0.723564118734317	0.920929452838623
KPNA2	-0.619626835239849	0.0388632214008477	0.50228156869714
POLR2H	-0.152483167909928	0.692631796191807	0.912455897773153
POLR2J	0.512110156769694	0.26397903537045	0.7364536033072
ARHGDIA	-0.259212943478783	0.712945919408687	0.919605105978853
SLC7A2	0.650127426315414	0.230235602839174	0.726673506663357
AGFG1	-0.504003716812591	0.139322880093479	0.647140294128916
HNRNPF	-0.146015191337899	0.595882959290392	0.879425883736599
STAT2	0.637204510130363	0.426094151299961	0.808510412174724
GTF2A1	0.213769214045442	0.540438054598428	0.859668468225596
MSH6	-0.449206237608269	0.145830999632076	0.654375184923154
KIF11	-1.08892185492836	0.0707682194161938	0.56453035511841
HK2	-0.107315851887584	0.834816347543323	0.951881088729664
CAPZA1	-0.758420545982393	0.0700304513833904	0.56453035511841
NUP98	-0.330559670550812	0.358878692744135	0.784402950978622
BLVRA	2.06644981441551	0.0804346724274737	0.587786291735778
PPP5C	-1.53598770095253	0.0138310492775371	0.346621123840808
PLK1	0.258321942661556	0.593388372563045	0.879249570423126
ARFIP2	-0.889549466855009	0.406790653233324	0.80355981727186
ACLY	-0.00675635454787127	0.988020805338453	0.996389564726586
METAP1	-2.48944239050499	0.0351458279512655	0.487668609794363
RABGGTB	0.88659142473184	0.324777048515357	0.774231038499676
COPB1	-0.286134852500016	0.410489011474162	0.805642190873242
COPA	-0.0939778076768825	0.795352607108772	0.941247106424809
AP2S1	-0.114077236198646	0.655928540237	0.907905787709238
SLC16A1	0.820257884958558	0.396962678123791	0.800239282887827
IST1	-0.528783133512135	0.217945483769723	0.714063861814626
SEC24C	-0.330139476413638	0.288829523978968	0.753548509685795
SUB1	-0.503909248458914	0.176985629039115	0.679002063980736
CLNS1A	-1.46793380860731	0.00127806591728955	0.106840872107035
RARS1	-0.218579495457604	0.526263707725491	0.851711497555683
YARS1	-0.82949116099045	0.162001178493391	0.660853096617502
USP14	-0.635593126768047	0.0575798413383666	0.550299397217706
PRKAG1	-0.339437528638374	0.650195875074048	0.904966281789366
HSPA2	-0.0212967357603944	0.960668783770392	0.991550120921467
ATP1B3	0.705619780305781	0.138260032411671	0.647140294128916
RAD23B	-1.46800716705834	0.0241663207671968	0.449997508503868
AK2	-0.831512643712266	0.219544195742446	0.714063861814626
NAPA	0.405010165656613	0.213215261934606	0.712174034841737
EIF5	-1.03514297540914	0.0625846867568561	0.550299397217706
PSMD4	-0.589720223642658	0.0352501616649527	0.487668609794363
CSE1L	0.0564698861755986	0.948690121306869	0.987391652083361
VCP	-0.231028147261114	0.819630898345368	0.949516376616933
MFAP1	0.346912853886781	0.245287784679927	0.730223535335647
NAP1L1	-0.106807414685505	0.682439101563981	0.912455897773153
ADK	0.458195836157874	0.167190786637892	0.668252900000283
ADAR	-0.521873962855182	0.145482239487295	0.654375184923154
SEC13	-0.265087598585303	0.427473013538559	0.808510412174724
SNU13	0.289458007509271	0.283556710409578	0.752258146657145
NPEPPS	-0.0996780472033834	0.73780925611216	0.926856895934996
EIF3B	-0.144528696361153	0.769643101631429	0.932356614259225
MARS1	0.190551654189701	0.506609153683853	0.845322204418927
EIF6	0.383252656389171	0.341842684161781	0.778157535383335
GEMIN4	-0.0206581447686354	0.935375531553806	0.982665764967391
NUP107	0.0186458814420263	0.960209550933149	0.991550120921467
EEFSEC	-1.62492761763546	0.000104667323078424	0.0241904654338311
EPPK1	-0.198770860925965	0.540081981189814	0.859668468225596
MTPN	-0.210649624849069	0.624509721698925	0.889343492770959
ARPC4	-0.887301919556094	0.0664329014003808	0.556520475891407
TPI1	-0.753179975852746	0.190829996005554	0.685217292377779
EIF3E	-1.15960828888851	0.120899863599057	0.622419310809109
PPP4C	-0.265096796941055	0.288636730857911	0.753548509685795
MYL6	-0.490045647553309	0.374482548707689	0.789362020485272
ACTB	3.76495052182002	0.0865970729589623	0.593152852482221
EIF4A1	-1.22482830257339	0.0346547862717096	0.487668609794363
RPS20	-0.197491092032259	0.627709654125374	0.89196066222734
PRPS1	-0.170577160197819	0.798385812832789	0.943495858184128
PSMA6	-0.632397971659685	0.0699419142196659	0.56453035511841
S100A10	-0.351077651193581	0.32054215203066	0.773118548390708
CDC42	0.390508007943268	0.185706784528177	0.681344266099786
DSTN	0.230831847526105	0.570736771650964	0.8715214830224
RAB8A	0.53525760236916	0.183671125975047	0.681344266099786
SRP54	-0.421344868893314	0.187504580288533	0.681344266099786
RAB2A	0.487939710611929	0.0952742558932238	0.606847115879702
RAB5B	0.567608736084441	0.054601195604702	0.547265554925699
RAB10	-0.26355418903988	0.591511878101946	0.879112734716864
UBE2M	-0.687909511284744	0.185123432645039	0.681344266099786
RAB14	0.751445760055031	0.0800738538207204	0.587786291735778
ACTR3	-0.619149008998512	0.0632106952005591	0.550299397217706
ACTR2	-0.665782623335943	0.105363596000577	0.612404677120599
ACTR1A	-0.520556131387941	0.471724364348997	0.830996625322882
COPS2	-0.699801514517034	0.178132430760187	0.679133099117917
ABCE1	-0.485006762803334	0.328049129554629	0.774231038499676
RAP1B	-5.93543781350466	4.55944061685519e-10	1.7914042183624e-06
RAP2B	1.32685665871092	0.0063837117925959	0.253208346229252
RPS3A	-0.36362434806313	0.375692223244444	0.789362020485272
RPL26	-0.2374840328036	0.481372816392458	0.833545084004393
PSME3	-0.220750368790767	0.579407509675541	0.875910775496422
RPL15	0.48055893706433	0.296151961066505	0.756249615174734
RPL27	-0.127718264737513	0.675152175822468	0.912343629720278
RPL37A	-0.337956709492367	0.340496378029371	0.777298638401627
HSPE1	-0.51931618326465	0.245187267015633	0.730223535335647
STXBP1	-0.525810574528837	0.232810256252575	0.726673506663357
COPZ1	-0.439118758199776	0.196289212990527	0.689453433425118
UFM1	-0.0853441308748941	0.852460055040992	0.95612776370427
DCAF7	0.003550586062115	0.989692413898158	0.99741649691925
WDR5	-0.139027495253266	0.636331200363358	0.897580892163473
AP1S1	-0.238656409158875	0.744478560367003	0.928609034493873
HNRNPK	0.0972401948929686	0.799628479158561	0.943495858184128
YWHAG	-0.846805147307101	0.0520222939481489	0.547265554925699
RPS7	-0.387196054641333	0.467962871216721	0.829718473303689
PPP1CA	-0.118726295876094	0.675744253148594	0.912343629720278
PPP1CB	-0.755631745529168	0.0955626912344353	0.606847115879702
PSMC1	-1.60640265237885	0.0290709644200499	0.47394115853268
PSMC5	-0.323614004252768	0.217961579684839	0.714063861814626
RPS8	-0.25668263794649	0.351263158533615	0.783334559446878
RPS15A	-0.220583001184746	0.513900350451577	0.847168528345411
RPS16	-0.289413856303625	0.348236651498536	0.782361147952715
YWHAE	-1.5372501158865	0.126085823737394	0.628984107257672
RPS14	-0.412475816693011	0.277084355793324	0.746677065466034
RPS23	-0.518502821980768	0.145897852377878	0.654375184923154
RPS18	-0.31616668831451	0.598455100701197	0.880216544764317
RPS29	0.688948472297902	0.403770864346553	0.801559232473555
RPS13	0.00875678205621711	0.981006363089776	0.99416404451373
RPS11	0.259484706855016	0.37407745821932	0.789362020485272
SNRPE	0.284837214029096	0.557009825926769	0.86739104563403
SNRPF	-0.136457049067491	0.675029594745241	0.912343629720278
LSM3	0.327941190428248	0.264388566640679	0.7364536033072
LSM6	0.948800805410869	0.0187141749728235	0.399484423123687
SNRPD1	-0.0065849975779777	0.980324243224125	0.99416404451373
SNRPD2	-0.00817916400213647	0.977283065893417	0.99416404451373
SNRPD3	0.566695456891328	0.0499169313065384	0.547265554925699
TMSB4X	-0.184321162565752	0.80351682887226	0.944354843561362
ARF6	0.139337758784478	0.662164489625134	0.909385017679213
PSMC6	-0.559593854174899	0.117265286676884	0.619831999479208
RPL7A	-0.517051332308711	0.101818355161487	0.610884548936912
POLR2G	0.0966397443790044	0.762138984994967	0.932356614259225
ETF1	-0.669369976536782	0.142234917111161	0.649060382496808
RPS4X	-0.459488865132776	0.146422886539216	0.654719564181193
PPP2CA	0.208133476135544	0.645233676569776	0.902821622237411
RPL23A	-0.647134877943756	0.0639381014170862	0.550377801280126
RPS6	-0.36603420313774	0.316698641507004	0.772028042449781
H4C1	-0.441145013003066	0.372983627056904	0.789362020485272
RAB1A	0.73946695059136	0.390195436602097	0.797356023842663
RAN	-0.321407939727269	0.284700796088677	0.753164443899405
RPL23	-0.741845773246705	0.0160696710021465	0.378070283637328
RPS15	-0.0153547423158678	0.966475328967049	0.991791523521583
RPS24	-0.163435136443951	0.653908370330481	0.907525957975435
RPS25	-0.464710181726659	0.385759751547885	0.796871747545552
RPS26	-0.647728096542512	0.0869936150507363	0.59443115397277
RPS28	-0.096571271061503	0.826551691098834	0.949911731150752
FAU	-0.468726929145959	0.419364008436741	0.808510412174724
POLR2L	0.129770693581129	0.673264546353722	0.912343629720278
RBX1	-0.0540418612740581	0.883523625462106	0.971010999843529
RPL30	-0.242079576763896	0.413294930209165	0.807075437769288
RPL39	-0.237842967095588	0.379803486721116	0.791510544365114
RPL31	-0.34717354127676	0.437201479970664	0.8144322609054
RPL10A	-0.270683787867849	0.333603771944618	0.77497652553132
RPL32	-0.253805753097339	0.339915069833768	0.777298638401627
RPL11	-0.108287741209129	0.678805477255665	0.912455897773153
RPL8	-0.570714083943965	0.150117127718662	0.660032127309389
PPIA	-0.22007092954501	0.776227425719571	0.934660605471098
RAC1	0.741925670915027	0.173712223251738	0.67709853686119
AP2B1	-0.430535810657286	0.237622392856904	0.726673506663357
GNAS	1.38998743080003	0.0959223555588418	0.606847115879702
YWHAZ	0.334958023024953	0.686793315080209	0.912455897773153
PPP2R2A	-0.453522984146154	0.316100192913867	0.772028042449781
SUMO1	0.861941360656385	0.403494571169774	0.801559232473555
RPL38	-0.870504343326811	0.010621489161245	0.309124673440973
SKP1	-0.00887767662308292	0.972064764485938	0.992784626895048
RPS21	-0.842196375293717	0.2353306649246	0.726673506663357
EIF5A	-0.531569770928186	0.340435484668918	0.777298638401627
RACK1	-0.745119937477057	0.325249859099346	0.774231038499676
SUPT4H1	0.190387030317044	0.664923954135953	0.909540091641595
UBE2I	-0.497733316405764	0.328342885911472	0.774231038499676
YBX1	-0.325554204876468	0.408128175647756	0.803777244170442
TPM4	-1.9362269305641	0.0111349082839056	0.313531147758213
EEF1A1	-1.45547565832726	0.0110408374303946	0.313531147758213
TUBA4A	0.164732465130559	0.805173949517808	0.945252808612239
TUBB4B	0.232705708562325	0.530215233981953	0.852370321596691
PAFAH1B2	0.232708403779732	0.438792948042489	0.8144322609054
IGBP1	0.25939730962849	0.592713065478487	0.879112734716864
EIF4G2	-0.343392504475382	0.42258745805671	0.808510412174724
RPP38	-0.424315638396806	0.191491114031764	0.685217292377779
RPP30	0.0110445062738549	0.9700243007401	0.992337641877103
GTF2I	-0.789717449279177	0.0541028384406428	0.547265554925699
SRPK2	-0.601719238428451	0.379843091107906	0.791510544365114
CCT2	-0.335827610570348	0.311316557801657	0.769768883324551
KRT85	0.379095015884943	0.453606346260041	0.820920927892998
RAE1	0.182481978126123	0.506912656423958	0.845322204418927
GSTO1	-0.658108935882023	0.0550741154151396	0.550299397217706
PRKDC	-0.103696012419288	0.677931671529158	0.912455897773153
BASP1	0.00493760661475662	0.992539611182026	0.998843116813585
HMGN5	-1.40351118332995	0.0923411093648719	0.601356369796269
SARNP	0.180290269674867	0.605181163438236	0.882612023440546
RPL24	-0.413173184795909	0.160489799863984	0.660032127309389
ARF5	-0.00860271105444355	0.978669426533878	0.99416404451373
RHOG	0.738900900802221	0.0791565834363488	0.587786291735778
RPL19	0.548112905513921	0.412994131803157	0.806889081976432
SRSF3	-0.0232787633475908	0.950939171751553	0.988684838796468
FOXK1	-0.0689316214614912	0.865812373076146	0.964251986069444
DAB2	-0.234103290812371	0.712703998894722	0.919605105978853
RBM3	-0.174763773543464	0.650745310279678	0.905374760654693
CYCS	-0.190442755279683	0.636622126695573	0.897580892163473
HDLBP	-0.999860242320647	0.016819935232164	0.387468282099947
GTF2B	0.203783785164333	0.801040144096611	0.944354843561362
CDK5	1.30508201246747	0.121718200262617	0.622419310809109
PURA	-0.110546440376133	0.778578027771287	0.934697286687157
CLTC	0.125822584111898	0.652207679143124	0.906125873887318
HSF1	0.235269594948157	0.636919197595257	0.897580892163473
NFKB2	0.471060379640377	0.118808168830352	0.621567636930032
FKBP3	-1.68278018301805	0.137884784886082	0.647140294128916
REEP5	0.436304397237897	0.177534014980944	0.679133099117917
HNRNPU	-0.259726327203598	0.58416590523832	0.876920602216749
SPTBN1	-0.796234043620821	0.0585404737038571	0.550299397217706
TIAL1	-0.0377382555856265	0.934225203620243	0.982665764967391
SRSF2	-0.689833197248298	0.0665304219863182	0.556520475891407
CAP1	-0.837190367664874	0.15445276148642	0.660032127309389
HMGCS1	0.00945741641596243	0.980442093064007	0.99416404451373
IFITM3	0.98724488257794	0.109640544672722	0.618558426079804
SLC7A5	0.378644072729685	0.444235319462103	0.815933998545632
EXOSC10	-0.0360038970718222	0.895678124506031	0.975283619044568
OTUD4	-0.845541190515522	0.0269073019676634	0.468895695387811
PFKP	-0.0474309930730499	0.89592412121794	0.975283619044568
EWSR1	-0.324330563650683	0.507107262869791	0.845322204418927
OCRL	-0.194423458714741	0.521596500756131	0.851563785105175
COL7A1	-0.754708257385609	0.186087461922841	0.681344266099786
RPL18A	-0.216954383307208	0.587722184426303	0.877930842681029
FKBP4	0.231277695126686	0.627119674872192	0.891444718731129
RPL6	-0.717236021267961	0.0888407383534131	0.598375219061527
DST	0.0722706033354186	0.959617662885576	0.991550120921467
TNFAIP2	-0.873803011810296	0.0597816714486	0.550299397217706
EIF4G1	-0.527729081136361	0.318678990411024	0.772979916629885
KRT17	0.29162654473685	0.28838740978603	0.753548509685795
TLE3	-0.942877651696534	0.314233122450741	0.770675367109215
YWHAH	-0.332246293820077	0.388657986240053	0.797356023842663
PLP2	0.931814469706588	0.0351210706925308	0.487668609794363
CSTF1	-0.470065797020958	0.26624792628189	0.738188870542788
DNM1	-1.50129344620764	0.0170645099918657	0.388508323591684
EEF1A2	-0.554548377440707	0.15506876821002	0.660032127309389
CALD1	-0.647786128474213	0.438751022067882	0.8144322609054
FPGS	-0.401140642980479	0.443446432156273	0.815933998545632
PTPN11	-0.24857452214507	0.787526128778885	0.937911216021812
GFPT1	0.38423931350108	0.331268324439654	0.774734075430597
EXOSC9	0.369344245887781	0.420341874662458	0.808510412174724
PRDX1	-0.797992278154574	0.0709538542957348	0.56453035511841
RPL18	0.17279339469318	0.606411800009172	0.883315913879688
C1QBP	-0.444032839890362	0.206078742997611	0.703617588404023
TJP1	-0.368253024939648	0.25056085127404	0.732880775957815
BAX	-1.35981792003791	0.212026438652936	0.71018915385114
POLE	-0.424683807956807	0.225200026201429	0.722884724628608
SRSF1	-0.0176835449392989	0.949323534682895	0.987789239345629
ARHGAP1	-0.492357106671733	0.237727981873994	0.726673506663357
DHX9	0.203999160566521	0.468181688804856	0.829718473303689
GOLGA3	-0.893565035531545	0.214250371387868	0.712174034841737
GOLGA2	-0.000268601012386682	0.99939297688987	0.999778416003528
PPID	0.846065055467111	0.255314848305412	0.732880775957815
SSRP1	-0.112781828851794	0.759351630192159	0.932356614259225
NSUN2	-0.395438342946075	0.237481588418159	0.726673506663357
RBBP4	-0.431513707367706	0.670331542707112	0.911266198969537
NCBP1	-0.0275065918269739	0.929343947906774	0.982665764967391
AHNAK	-0.199485327165597	0.621566482886891	0.888695309775326
HSPA14	-0.80705579797862	0.0514737930853276	0.547265554925699
GALNT2	0.355507724994371	0.256288593389065	0.732880775957815
AP1B1	0.263164952246957	0.706445129842721	0.917749616944858
CPSF1	-0.437399132150908	0.290416677863145	0.755009557418829
BST2	1.21398178497679	0.0662937141979841	0.556520475891407
SCRN1	0.463471383424785	0.510959364578952	0.846714189553227
WASHC5	-0.307645793873554	0.721163111892878	0.920929452838623
NUP160	0.0948345786990359	0.802592884456101	0.944354843561362
TFCP2	-0.79237491363682	0.224694473621943	0.72185166546248
AKAP13	-0.858995597356476	0.414643886514564	0.807307358499394
CDC20	-0.381116551494035	0.324573643808021	0.774231038499676
GRSF1	-0.536754375227169	0.208870679798456	0.70696119996495
SF3A3	0.527320558528448	0.091203172827889	0.600337922086293
TP53BP1	0.414662525115759	0.285878275026982	0.753164443899405
IFRD2	-1.08966650516769	0.0494505678396111	0.547265554925699
TRIM26	0.276627317469902	0.421569227455307	0.808510412174724
AIMP1	0.0426394862630275	0.865696203919923	0.964251986069444
ILF2	-0.321336745168985	0.528065688351256	0.852370321596691
ILF3	-0.326351369163284	0.431497496470783	0.812729464829198
TRAP1	-0.818726630151186	0.516267280180363	0.849065223265642
MYO1E	0.723873489595547	0.262572750001714	0.73531599056075
MLLT11	-2.86507425267081	0.0339903555380274	0.487668609794363
STRN3	-0.620172359104743	0.562955642269226	0.868436172344784
CDC16	0.0914328215707201	0.788189807824663	0.937911216021812
STK4	-0.63018752333614	0.0575843208434483	0.550299397217706
FLII	-0.910811649502989	0.125224687453891	0.625964118328675
COASY	-0.311443587349828	0.418700252183103	0.808510412174724
ACACA	-0.708353119954527	0.0698700213824017	0.56453035511841
GPS1	-0.031974545637766	0.931326400791634	0.982665764967391
CHAF1B	-0.470526510742442	0.298081938211512	0.756249615174734
IK	0.303336874949938	0.334985943385133	0.77497652553132
PRKAA1	-1.91571805374721	0.0862171440039749	0.593152852482221
PPFIA1	0.725510154107582	0.146975194646005	0.655465992921855
EIF2B5	-0.986505277875867	0.026162346324692	0.465121532623144
TARDBP	0.236243149220908	0.495885906959696	0.840048290116955
HNRNPA0	-0.398960140323226	0.335377229196527	0.77497652553132
AIMP2	0.681839964351934	0.0585200172762105	0.550299397217706
PRDX4	1.01629857611038	0.45047847498418	0.819412003802243
PAK2	0.0590220546174365	0.93970720991106	0.98296541870557
CBX3	-1.17201452351208	0.044087450168064	0.537949042578644
STX5	0.327691697159391	0.594595599036459	0.879249570423126
PSMD2	-0.457428939015159	0.100035182130729	0.610884548936912
SRSF5	-0.219700196291793	0.47554076605244	0.830996625322882
SRSF6	-0.0811239158211343	0.798439255275807	0.943495858184128
MAD2L1	-0.218375474528354	0.404118596618113	0.801559232473555
TRIM28	-0.0571387308011815	0.822196728160369	0.949911731150752
G3BP1	-0.845855570624597	0.184439225228766	0.681344266099786
SKP2	-0.935327759081954	0.181256145886392	0.681344266099786
PABPC4	-0.538085001935876	0.148880285735125	0.659470848538112
IFIT5	-0.616000265620841	0.168090991550226	0.669806801015048
EIF3I	-0.980965053095147	0.201070750009196	0.694576320910412
PPP2R5C	0.115125641500313	0.754230143887146	0.93105058957443
CTBP1	-0.876959501294138	0.0339036054366753	0.487668609794363
TARBP1	-0.292495904698491	0.417876378364373	0.808510412174724
DYNC1I2	-0.36065398341205	0.454149913213243	0.821148186385105
ORC2	-0.254450516403271	0.395302357038168	0.799764655408323
ILK	-0.646396767078688	0.117220004776355	0.619831999479208
SNTB2	0.402875774661592	0.331592953411976	0.77497652553132
TCOF1	-0.461431914544946	0.185212187090551	0.681344266099786
SF3B2	0.128867331634655	0.657855342720338	0.908510946062639
GOLGA4	0.0527530571982169	0.910430661969173	0.978756675712714
PDAP1	-0.562952076384384	0.412911741437801	0.806889081976432
FKBP5	0.167665725330338	0.724350767358375	0.921325401408564
PICALM	-0.439566740530342	0.402750327406165	0.801559232473555
SQSTM1	0.460152325004699	0.207429776222061	0.705620424914699
TUBB3	0.541204575977005	0.40047986507078	0.801559232473555
HDAC1	-0.603789649440309	0.313663596340115	0.770594455845009
DCTN2	-1.18147173628997	0.0840469875430499	0.593152852482221
SNW1	0.117128826329818	0.636825826978618	0.897580892163473
SNX1	-1.16452439568124	0.00259236638090342	0.164280766299509
PWP1	-0.282994214592737	0.376490642668883	0.789362020485272
CUL1	-0.763959515606963	0.165896202715111	0.665509893023123
CUL2	-1.24384543215996	0.246852425525099	0.730223535335647
CUL3	-0.565026234419527	0.156290455453991	0.660032127309389
CUL4A	0.0271571444456846	0.940048456931132	0.98296541870557
CUL4B	-0.293009947567469	0.682728983437329	0.912455897773153
TP53BP2	-0.143961328705238	0.609580723687969	0.883476211401717
GFUS	0.209426506861202	0.461802026251517	0.828554413343707
RAB31	0.801690234218796	0.0446507794444622	0.540680717521875
RAB32	0.435417176725679	0.134439136579993	0.645418998648875
RIN1	-0.539988155351313	0.407580358324147	0.803777244170442
AAMP	-0.849663262216531	0.257353195786725	0.732880775957815
ALCAM	1.18028891937337	0.15923990089963	0.660032127309389
SPTAN1	-0.340286253039594	0.514036592409127	0.847168528345411
GNL2	0.291522287275157	0.43680791727232	0.8144322609054
DDX39B	-0.222438772233666	0.568947524803209	0.871323941440336
BLMH	-0.0933008834135194	0.822918991792704	0.949911731150752
EXOSC2	-0.0299134934228498	0.91029024045346	0.978756675712714
TUBB2A	0.673646551429869	0.153284679069388	0.660032127309389
KLF5	-0.444775196328788	0.401638883276913	0.801559232473555
BYSL	0.459471045613292	0.137067763245663	0.647140294128916
IDI1	0.0891255727781761	0.787563380683065	0.937911216021812
CBFB	0.252082280467675	0.374302121394233	0.789362020485272
CKAP5	-0.594395310563165	0.103342460430801	0.610884548936912
CIRBP	-0.76299245639812	0.249204230123237	0.731878338068415
HNRNPD	-0.303513233017878	0.576710343195807	0.873470650873383
IL18	0.582431306600665	0.302865859955057	0.758419352303007
DSG2	-0.036124585105167	0.928996909481823	0.982665764967391
BOP1	0.300340613711771	0.356824291841685	0.78385246234726
SAFB2	-0.251542361600805	0.352601979839725	0.783582114700384
EIF3A	-0.59227766992829	0.420468699381766	0.808510412174724
UBAP2L	-0.640859415629862	0.0948406310192708	0.606847115879702
SCRIB	0.855989589483006	0.0631790745396062	0.550299397217706
GIT2	1.23933575207594	0.0189117085011468	0.399484423123687
TTLL12	0.41856734020967	0.613008790731423	0.885404738818147
DCTN1	-0.817437310169961	0.159358445579042	0.660032127309389
DYNC1H1	-0.733194390901563	0.0733933425153333	0.56453035511841
ELOA	-0.0853704000694684	0.777856213600778	0.934697286687157
CTTN	-0.253142747136742	0.764801003960171	0.932356614259225
TRIM25	-0.760973378476635	0.208705176679763	0.70696119996495
FAM50A	-0.572709021497246	0.111321531578898	0.618558426079804
FRG1	-0.273686428302309	0.42426192601953	0.808510412174724
GALE	3.01652341242915	0.0274148832570843	0.468895695387811
PDE3A	-0.229984456599301	0.41578186745568	0.807307358499394
CAPRIN1	-0.519875397877552	0.393902657926617	0.799402656504999
RBM39	-0.388910929061094	0.178424154265673	0.679291184214951
PRPSAP1	0.308147286505523	0.39656984985663	0.799997047166966
MCM6	-0.958019126161158	0.103428598993145	0.610884548936912
ITPR1	-0.306003811995762	0.230556218847446	0.726673506663357
TRIP12	-0.544346378415401	0.213596780070615	0.712174034841737
PUM1	0.052846390170231	0.846665789703769	0.95612776370427
CLINT1	0.644875032591226	0.438483969595718	0.8144322609054
SMC1A	0.302520119777377	0.29823611850131	0.756249615174734
USP10	-0.447725348091286	0.334326002861241	0.77497652553132
GANAB	0.216338183741922	0.4224647997669	0.808510412174724
PPP2R5D	-1.49618966843436	0.00366216709356345	0.199842423758483
MVP	0.979424864522638	0.00405203722777201	0.205228049706097
CASP8	-0.840692626022026	0.485793736403784	0.83602979045039
CHD4	-0.305910841911334	0.382771583321096	0.794770959141181
LASP1	-0.993095917240588	0.377186652041907	0.789362020485272
PTGR1	0.0768657484062523	0.87185098840928	0.966510239716376
DRAP1	0.452016392731128	0.34091064110524	0.777298638401627
KPNB1	-0.397827514155875	0.300658921070408	0.758419352303007
NOLC1	-0.27042379377216	0.487440591860804	0.83602979045039
NUMA1	-0.492235704789699	0.436916986732616	0.8144322609054
GAPVD1	-0.417624823814887	0.390458892815801	0.797356023842663
NCAPH	-0.00828461544401193	0.977058181052034	0.99416404451373
PSMD6	-0.0214090845005188	0.935712430283221	0.982665764967391
SEPTIN2	-0.716540082025144	0.371640712292851	0.789362020485272
SART3	-3.8558506538514	0.000676641631208999	0.078191910853534
NCAPD2	-0.165766318224073	0.519628377694571	0.851029552297612
SUZ12	-0.487201333883512	0.27057533749933	0.741510988909648
EXOSC7	-0.590397539459694	0.369963638664057	0.789362020485272
EFTUD2	0.0783346749895486	0.758279417884257	0.932190185502893
SNX17	-0.278083989747117	0.435485173632201	0.8144322609054
RAB3GAP1	-0.395109760225207	0.246481818224484	0.730223535335647
KARS1	-0.502287461933495	0.114010672537805	0.618558426079804
POLD3	-0.166823356630331	0.71044828992687	0.919605105978853
EIF4H	-1.41206070861192	0.0773166227557629	0.581948296565886
KIF14	0.0182456169534646	0.950516786668594	0.988684838796468
PDIA6	0.0187426966719713	0.963536447962155	0.991550120921467
PAFAH1B3	0.419255823123564	0.260839036921098	0.732957286697849
PMVK	0.483038729625555	0.310304930027097	0.768718833591717
PLEC	-0.398929277459125	0.231702555521532	0.726673506663357
PCM1	-0.0957454063243262	0.792387706822517	0.940353105449539
PPA1	0.986627918018218	0.100543382901191	0.610884548936912
PTGES3	-1.2210332750509	0.0079235243681896	0.277960064666223
NONO	-0.59674107732782	0.195598961447767	0.689453433425118
RAB35	1.01108786244082	0.0540106116249497	0.547265554925699
RBBP5	-0.0720545388037266	0.921016543868686	0.981390251540538
RCN1	0.686932697582705	0.0910839056022997	0.600337922086293
LRRC41	-1.59490537181332	0.000254378934416661	0.0399781933329225
PCBP1	0.321184890461751	0.455793273274921	0.82222762658272
PCBP2	0.0322168076086626	0.907118061580794	0.978756675712714
ELOC	-0.247256980920866	0.728120589941636	0.923002194205426
ELOB	-0.128894901064793	0.754272437346842	0.93105058957443
RHEB	-0.122666664860784	0.743721640070333	0.928234537432128
UBE3C	-0.00677144230218829	0.981995193597047	0.994627177909273
SF3B3	0.285940912971824	0.282054294032834	0.751042310563257
RSU1	-0.937554416457012	0.0879695682728299	0.598375219061527
RPS6KA1	-0.435650208438489	0.132119169346521	0.643629549439355
SF3B4	0.546953636669816	0.0479287480639026	0.547265554925699
SEC23A	-0.847265578745116	0.157784380116525	0.660032127309389
SF3A1	0.184329162957894	0.550675090151129	0.865301380643536
STIL	0.173030450720908	0.792921821927799	0.940353105449539
SKIC2	-0.905935965503907	0.0554096084911175	0.550299397217706
TAF7	-1.14981430334355	0.0245843264450431	0.451363638329786
MAPRE2	-0.934567771673475	0.0865780449252726	0.593152852482221
TSN	0.506849881702333	0.425500948860777	0.808510412174724
TARBP2	-0.0723725980196406	0.842013786888075	0.954335342899617
SF1	-0.556172649740098	0.259942313866434	0.732880775957815
TRIP11	0.500872166495629	0.530167529113029	0.852370321596691
TRIP13	-0.252095356403363	0.426205647780234	0.808510412174724
OASL	0.089277809675476	0.767100935466237	0.932356614259225
TRIP6	-0.222409388608849	0.675819601979681	0.912343629720278
MAPRE1	-0.498747888414485	0.387195115383465	0.797356023842663
ELAVL1	-0.458767822269564	0.27835947077977	0.748067278176276
SLC1A5	0.878142029545685	0.0345908298077663	0.487668609794363
MLF2	0.0684610142246385	0.794066335079343	0.940727236426605
SMAD1	-1.46904959363849	0.00840616959414949	0.292281772879764
STXBP2	0.284226694590437	0.556427848411076	0.86739104563403
RAB11B	-0.144382697322719	0.75655967183453	0.931825376375508
ZYX	-1.61856340097582	0.0409883613301859	0.519494424730001
SEPTIN7	-1.14107076229662	0.106373609942645	0.612583683201432
ADRM1	-2.39655428133108	0.0575070527351763	0.550299397217706
PSMD5	-0.127764003084813	0.771466366239944	0.932356614259225
PKN2	-0.0253923746716467	0.965152351879385	0.991550120921467
DDB1	0.208338379416215	0.583116075633709	0.876631339079071
MAPK14	0.378277820563838	0.323041406635499	0.774231038499676
DPYSL2	-2.57940488092915	0.033267198200364	0.485898965536171
RBBP7	-0.0653019591558746	0.963152816367624	0.991550120921467
TAF9	0.337383502074875	0.673392777219562	0.912343629720278
SRSF7	0.178902870675415	0.539092783169457	0.859267969603568
CPSF6	-0.428730683691903	0.320369287943962	0.773118548390708
SMN1	-0.165517964873697	0.596241368472161	0.879425883736599
DBN1	-0.246745704641594	0.52664632727261	0.851711497555683
NRF1	-0.256294315449335	0.473528745729314	0.830996625322882
FSCN1	-0.00566879321762315	0.982973632116734	0.994627177909273
NDUFA5	0.03196607094727	0.920377999030705	0.981390251540538
UBE2S	-0.17951583187444	0.50009289001185	0.841123700709144
H2AC18	-0.387798929834496	0.360751127794479	0.7847701481077
HADH	-0.618608278754635	0.114159542996371	0.618558426079804
ATP6V1F	0.574254575827592	0.291239508161061	0.755009557418829
HNRNPUL2	0.211232171955878	0.529566691370357	0.852370321596691
INF2	-0.318992459042335	0.366871597360879	0.788101971586055
PDS5A	0.0279023104758203	0.963625662935707	0.991550120921467
WASHC4	0.46289460382323	0.277530723445172	0.746861789326083
TSR1	0.307541107102015	0.487602833691719	0.83602979045039
SMU1	0.115066005959495	0.694857366986553	0.912924122610506
ATG2A	0.16729744913432	0.771013467744502	0.932356614259225
TRMT5	-0.222475279045113	0.440844927541043	0.815866932776944
EDRF1	0.115796092188873	0.826834681800934	0.949911731150752
MAP7D1	-0.441833752918512	0.263099756709563	0.735743020720194
LSM12	-0.628131803206252	0.196225222388273	0.689453433425118
CCDC88A	-0.385570172607508	0.356687627032515	0.78385246234726
PARP14	0.00977360651786441	0.97969329993294	0.99416404451373
FAM98B	-0.257462839444084	0.700573369155111	0.915381698506961
PDCD4	-1.32333978407262	0.0062222113598087	0.253208346229252
CEP55	-1.41446768004389	0.0360185278179384	0.491268548184383
KLHL26	-0.431948593008094	0.433026101076461	0.813810592507666
ACTBL2	-0.16550279966453	0.586717839290674	0.877174425636627
DNAJC21	-1.21945995030669	0.00124250935343716	0.10631201540888
PPP6R3	-0.894793034750847	0.0126170355797291	0.345274715932808
PRRC2B	-0.00221548093024637	0.997304387882622	0.999084380415814
RRP12	-0.156236358259466	0.600040962530042	0.88034389162828
PCID2	-0.136364548415475	0.601550002913853	0.88044771131885
SPECC1	-0.178437627665993	0.577126446848385	0.873470650873383
PPP4R3B	-0.192256134529206	0.594466053291004	0.879249570423126
SAMD4B	-0.0079419471344977	0.98278217090052	0.994627177909273
NUP188	0.29018317899434	0.244256775449358	0.730223535335647
HP1BP3	-0.418653553481334	0.274826702763512	0.743804552167219
CEP170	-0.261122741200637	0.834047363400006	0.951881088729664
CHCHD2	-1.1790154888234	0.0234272804106914	0.442527811219262
UBR4	-0.810779830541478	0.15860505686842	0.660032127309389
ARHGAP21	0.23574849093918	0.447742457171503	0.817668714717847
KANK4	0.669098836113267	0.112497272622124	0.618558426079804
RBM26	-0.500273802130501	0.0624826084583566	0.550299397217706
INTS11	0.356180540435467	0.43903474894315	0.8144322609054
VPS53	-0.361933917299012	0.316946101418044	0.772028042449781
CDC42BPA	0.0616027783760131	0.921771619541719	0.981390251540538
RPRD2	0.174152962130112	0.569686212051919	0.8715214830224
RNF20	-0.783297517467989	0.0316092587275536	0.483240379535245
ECPAS	-0.216638596224843	0.513622684904134	0.847168528345411
TUT7	-2.71235662685633	0.00591304236840138	0.252525472450533
RNF213	-0.0515463827575147	0.885146037401302	0.971664835677461
KANK2	0.082439511243301	0.791401659365626	0.940253135666025
TBC1D9B	0.700390198941111	0.422720468487545	0.808510412174724
ARL6IP4	-0.724412929796792	0.0523662503138094	0.547265554925699
TNS3	-0.446308211945066	0.242432929109662	0.729952390160823
INTS3	-0.0660484461576374	0.853582846848832	0.957091863465351
ARHGAP17	-2.58751059097528	0.022916498889996	0.437082156013565
CWF19L1	1.23464661109133	0.0978000328510786	0.610884548936912
ATL3	-0.021950503003076	0.97717699130823	0.99416404451373
NXN	-0.855469016262909	0.253780514476204	0.732880775957815
IQSEC1	0.683549816991555	0.102930875844321	0.610884548936912
RAB12	1.22253808024769	0.0636855704710444	0.550299397217706
SDE2	-0.0624115457960528	0.81137401773285	0.947942112990265
KRT80	-0.181594290188215	0.498000265151374	0.840048290116955
PDE12	1.54071490387705	0.0139937985394852	0.346621123840808
HIBCH	0.283686105874718	0.510516619696152	0.846694722999655
ARMC6	-0.401826813080618	0.424442188307858	0.808510412174724
TTI2	-1.22488196805842	0.0295468582575373	0.477735004501498
JMJD6	-0.505629079252117	0.17817385920805	0.679133099117917
MZT2B	-1.38650120053752	0.137338608350982	0.647140294128916
CAVIN1	0.105152879586438	0.787489290990104	0.937911216021812
ZCCHC8	-0.139215998881223	0.599458491522919	0.880216544764317
DHX57	-1.29467436393122	0.00944229980415641	0.29796079303526
CDC73	-0.64819252948109	0.111939233681829	0.618558426079804
PMF1	-0.101504610295024	0.76143304478374	0.932356614259225
CC2D1A	0.228482461406792	0.682292123766083	0.912455897773153
METTL2B	0.144222829051095	0.738043037621806	0.926856895934996
MED27	-1.50971794094244	0.221328109726829	0.715701451538836
EDC4	-0.527918143290393	0.250737723690307	0.732880775957815
PRPF8	0.0618689812171596	0.852296747199179	0.95612776370427
SCYL2	-0.082902862094123	0.830448958975202	0.950646086343885
PDXDC1	0.117494715816754	0.833324447053129	0.9516323065089
SKIC3	-1.68269588943993	0.00995572590248229	0.300892669775792
BRAT1	0.306269584125758	0.570246309478054	0.8715214830224
LARP1	-0.519670394050035	0.204720236286396	0.7012605129636
TRAF7	-0.209033577617923	0.475423473514126	0.830996625322882
RICTOR	-0.0701542091298251	0.801211125696505	0.944354843561362
WDR74	0.39664486092159	0.157319191819842	0.660032127309389
FAM111B	-0.549434563481668	0.113560766242372	0.618558426079804
NHS	1.04070386596068	0.0256656964168763	0.462571198265628
FIP1L1	-0.00310403807507242	0.99320128022524	0.998843116813585
CWC27	-0.331500292315859	0.420674572141345	0.808510412174724
WDR82	0.0254166822570596	0.930852078852974	0.982665764967391
PACS1	-1.40786043982119	0.00164597980413828	0.131980707152231
MPRIP	0.32026454525856	0.239330120406516	0.72760752576442
GIGYF2	0.33712075910816	0.715888244045611	0.920613940876973
HSDL2	0.0252769547363876	0.962074968526253	0.991550120921467
USP34	0.722065999650333	0.28876875600905	0.753548509685795
UNC13D	-0.470658888710322	0.605466237359588	0.882700128603273
LARP4	-0.169638824091798	0.677400083531865	0.912455897773153
RPS27L	0.706073359344192	0.260690240856764	0.732957286697849
SUPT6H	0.71517851304317	0.529614371741048	0.852370321596691
SND1	-0.652050492710888	0.175348742826358	0.677105410194658
MARK2	-0.333208402927653	0.297548119468871	0.756249615174734
DDX46	-0.709909276710249	0.0181527610797149	0.398080352473306
BZW1	0.0393026224042607	0.908183294004103	0.978756675712714
DHX30	-0.0299742414712654	0.920808597394193	0.981390251540538
EIF3M	-1.06236135057749	0.0895210745935981	0.598382737352537
MEPCE	-0.542406290064115	0.103813440874123	0.610884548936912
CYFIP1	-1.22797696120129	0.204179306304633	0.701182590143451
GET4	-0.493609753018561	0.206948462420724	0.704593161915965
COPS6	-0.83189351955512	0.059020791622075	0.550299397217706
TAOK1	-1.70435717851555	4.19120627710764e-05	0.0149702267843236
MOB1A	-0.632553247512092	0.46142668341651	0.828554413343707
KDM3B	-0.268447125933086	0.31921602934645	0.772979916629885
ZC3HAV1	0.00372444637743996	0.987896715393072	0.996389564726586
NEGR1	1.02029928346578	0.0435137742584517	0.535723969058402
NUP54	-0.115677916783515	0.690006094886062	0.912455897773153
NUFIP2	-0.518265735302329	0.306502280491789	0.762664635878555
CLASP1	-0.457560608783176	0.141182233959268	0.647953841897776
DHX29	0.11826946098892	0.793591371004903	0.940579335347892
HAUS6	-0.465784555377095	0.302014868821814	0.758419352303007
HEATR3	-0.0830720244929424	0.778607007307626	0.934697286687157
HDGFL2	-0.471530505776357	0.253289658690896	0.732880775957815
HUWE1	-1.73848232304933	0.100489159207349	0.610884548936912
YTHDF3	-0.600015663180429	0.537323556894087	0.857491573938614
PHLDB2	0.200602426748073	0.685804644979555	0.912455897773153
TEDC1	-0.389077790843704	0.574614673467558	0.87336984605572
PATL1	-0.270949083708921	0.646862779775222	0.90318342340758
PEG10	0.0110371306775932	0.969552835017897	0.992337641877103
TRPT1	-0.370674138298046	0.469282268787961	0.829798054023096
SETD3	-1.03167598516798	0.11126157787554	0.618558426079804
RBM23	0.0820082196644449	0.873916794178784	0.967125655890454
NOP9	0.234714645716885	0.374391707207702	0.789362020485272
PABPN1	-0.128566266363734	0.674393547695363	0.912343629720278
LDB1	-0.499960174286798	0.435347769850219	0.8144322609054
PRPF39	-0.0255999063089227	0.960585691447413	0.991550120921467
SAPCD2	-0.106303166873523	0.835913843806975	0.95197260646887
MTDH	0.276212584084281	0.573152047335162	0.872835036426298
RIMS1	0.205281683372146	0.555187867920155	0.86739104563403
USP48	0.257343539057523	0.477759308760265	0.830996625322882
NAA40	0.579602677701843	0.678130617907275	0.912455897773153
LUZP1	-0.360148382638027	0.390407737013735	0.797356023842663
ALYREF	-0.153466751733326	0.549225907591383	0.864893222816251
IQGAP3	0.884592039908853	0.0716547390859838	0.56453035511841
TAX1BP1	1.60406169362211	0.00273206504515746	0.165142824037287
CAND1	-0.462453804855084	0.32263743827981	0.774231038499676
HOOK3	0.146833359605317	0.692650363606438	0.912455897773153
RTTN	-0.156948392529344	0.800933368809331	0.944354843561362
THOC6	-0.000684309295440499	0.998476486344786	0.999748755058273
PPFIBP1	0.577995530804969	0.155951514994585	0.660032127309389
ZC3HC1	-0.669441589300316	0.232773169074354	0.726673506663357
COMMD2	-0.39535295212568	0.405029701932129	0.802097630489585
DDX42	-0.171759923363844	0.631493540247549	0.895394485612638
SPATS2	-1.49239597488994	0.0479408842575134	0.547265554925699
CACUL1	-0.107769139794211	0.812647104257065	0.947942112990265
DNAAF5	0.173126575052009	0.545164730720508	0.860913274518036
HPS6	-1.08067264182237	0.107876834826626	0.616058261677052
IRF2BP1	-2.92882018800121	0.000977893460319504	0.0964076883207315
ERC1	-0.232224801696695	0.665337575016552	0.909540091641595
PLD3	0.173045027665481	0.639211655403588	0.899228525347378
ERI1	-0.590805569179409	0.0732015265136266	0.56453035511841
AHNAK2	-0.0918046440126332	0.709784515402509	0.919605105978853
KSR1	0.0693651903079271	0.895184748475286	0.975283619044568
MAP7D3	-0.805518863696829	0.0961765844592122	0.606847115879702
CHERP	-0.178935973576294	0.560172686335187	0.867783444776183
ANKHD1	-0.257850560898284	0.462234111104707	0.828560970484658
NELFCD	-0.377726755615733	0.32829608478181	0.774231038499676
GPALPP1	0.0346762095231874	0.938082651559775	0.982665764967391
DDX60	-1.55825760361947	0.00229925417929068	0.153114740176832
TRMT2A	0.196859064854493	0.64144692742554	0.900730871284827
XRN1	-0.357710898853725	0.643391844345349	0.901850359055611
PELP1	-0.0660111857985584	0.85141840573698	0.95612776370427
ABI1	0.0549019740321839	0.847728785084509	0.95612776370427
SPART	0.276009096928007	0.673918895993385	0.912343629720278
SPICE1	0.640181051983248	0.160109700628212	0.660032127309389
RPTOR	-0.707973744002416	0.174982661424201	0.677105410194658
CCAR2	-0.0484225541957031	0.889247236091897	0.972676055290942
VPS52	0.389874322238036	0.491727491691626	0.837087224807798
NUP93	0.34958536977522	0.185824335258437	0.681344266099786
CMTR1	0.787331273235733	0.140667345609348	0.647140294128916
LRRC47	-0.620594919709561	0.0522115299709001	0.547265554925699
ARHGAP18	-1.2532485304034	0.00177834078900063	0.134367326153529
ASCC3	-0.128074841997627	0.732221585746911	0.924062567776054
EHBP1L1	-0.0780720306854725	0.877234764911714	0.969391998734284
PALS1	0.733809783637525	0.0525834729387054	0.547265554925699
FNBP4	-2.21674460747304	0.241723751865844	0.729952390160823
CARNMT1	1.08127908949867	0.265331332130293	0.737260823154116
RPP25L	0.323041097779168	0.472629781306816	0.830996625322882
RFLNB	-0.49986694750821	0.368936543854747	0.789362020485272
ARFGAP2	-0.803840511984276	0.192396169403712	0.686579972377097
METTL13	-0.749351888738573	0.0532602169788636	0.547265554925699
ARFGAP1	-1.15879370656775	0.0272500989129825	0.468895695387811
PAF1	-0.387323763996623	0.302361258771869	0.758419352303007
CGAS	-0.213478146588354	0.588341030485913	0.877930842681029
ASCC1	-0.116931354479185	0.878294299195574	0.969669144676312
MLKL	-0.867879748375223	0.0293339098081296	0.476251783620417
AFG2A	-0.272320265429013	0.38396911734525	0.795263395914331
SUMF2	0.319402716571901	0.265607507131259	0.73729650208585
TXNDC5	-0.0360954053691742	0.93266622582795	0.982665764967391
SPC24	-0.145382353061123	0.719993769073442	0.920929452838623
SERBP1	0.272655913421747	0.692678281084409	0.912455897773153
FAM98A	-0.318321741404496	0.34070223320106	0.777298638401627
TENT4B	-0.0432119382623632	0.954916174264262	0.989711921518211
ABCF1	-0.698082841854504	0.161296664541276	0.660032127309389
PIK3C3	0.121586556196739	0.700203796268836	0.915203165515721
SHCBP1	0.595200730682684	0.0590470193298956	0.550299397217706
NAV1	0.300065284112499	0.391799743571198	0.797758986042456
LPCAT1	-0.0828732693546748	0.76269527484269	0.932356614259225
NUP43	0.147698272464478	0.673955139798787	0.912343629720278
NUP37	0.446796023519504	0.290999325596019	0.755009557418829
CMAS	0.206473857499692	0.689986206276211	0.912455897773153
KNL1	-0.0931031344282758	0.93681691435839	0.982665764967391
MOSPD2	0.233344126676499	0.506228943321572	0.845322204418927
RASSF8	-0.167010137197661	0.742295915118034	0.927978663684099
NEDD1	-3.05338944821432	0.0059970322806452	0.253208346229252
CDC26	-0.100207303486012	0.79446814518915	0.940767131539533
PATJ	1.29638044745886	0.00296024369330268	0.171041139279209
WDR36	0.00575620733123472	0.983965236975404	0.994853169345435
WDR48	-0.490687005957859	0.291440185533727	0.755009557418829
NPLOC4	-1.48762964148313	0.0149548126975622	0.358277189565377
FBXO30	0.133442892950782	0.785411725589042	0.937911216021812
ZCRB1	-0.699813759965402	0.388393184574089	0.797356023842663
TMEM167A	0.589699274831268	0.233373277714159	0.726673506663357
PIP4K2C	-0.0581088680131856	0.834515818390165	0.951881088729664
TBC1D15	0.283282709847036	0.640677263534958	0.899971744164765
IFI44	1.21819255706868	0.0847594356630411	0.593152852482221
CIP2A	0.23155621049488	0.574545976862088	0.87336984605572
ALMS1	-0.190413638456359	0.712792581650537	0.919605105978853
BICD2	-0.733010721641826	0.0634808957497513	0.550299397217706
NEK9	-0.581278214263143	0.313916467222564	0.770594455845009
BRIX1	0.786264856096096	0.0244432800416862	0.45088097316331
NEK7	0.270714059798465	0.41147935220193	0.805933387238975
DTD1	0.254014728173271	0.561832418272879	0.868436172344784
UTP15	0.112420540614213	0.830635788856849	0.950646086343885
CEP192	0.406546001980026	0.386182577248716	0.797325983189808
GEMIN5	-0.427536131507335	0.216769255004707	0.714063861814626
ARHGEF40	-0.662849456121865	0.0988709537127154	0.610884548936912
PARD3	1.44702980420068	0.062554620007183	0.550299397217706
IPO4	-0.380855875720957	0.369739756547682	0.789362020485272
SCARB1	0.0381424309612761	0.90467856895967	0.978756675712714
SMAP2	1.51621766230418	0.0504918651206804	0.547265554925699
ZC3H15	-0.57479482138567	0.162511686190473	0.660853096617502
GTF3C2	-0.114222844863676	0.817630613280556	0.949516376616933
CCDC12	0.582298066576186	0.201137205007199	0.694576320910412
PPP1R13L	0.315361466168181	0.353824602194096	0.783735662489558
TMEM263	0.82277512902856	0.056905764689969	0.550299397217706
NUP133	-0.0360045514436571	0.911642622410437	0.9790822643218
PDCD6IP	-0.140762629758839	0.81176321723294	0.947942112990265
CHMP7	-0.135470239004114	0.714891554681136	0.920613940876973
CHTF18	0.578367103109741	0.283428230678427	0.752258146657145
NUDCD2	-1.49364049992877	0.0571439730028238	0.550299397217706
SNRNP27	-0.331269219087375	0.234227835115559	0.726673506663357
SCFD1	-0.188649550393411	0.459464801439104	0.825817568551803
PCNP	-1.59660496864305	0.0327718225621235	0.485898965536171
LMO7	0.0750691535052681	0.834751959075663	0.951881088729664
ATXN2L	-0.205553293345005	0.611379514645713	0.885269224514287
PRPF31	0.610791737677363	0.0527303470180208	0.547265554925699
NELFB	-0.13473633730505	0.6935382645033	0.912455897773153
PALLD	-1.03884242188451	0.0820281535406863	0.592834085536899
GEMIN6	1.34814191028934	0.0461117953703993	0.544063795826723
MYO3B	-0.28638624103214	0.448063309439431	0.817668714717847
DNAJC9	0.192953879913098	0.564209457928051	0.868436172344784
CTNNBL1	-0.785232423510266	0.1518749703564	0.660032127309389
LZIC	2.80934604918474	4.64390094132414e-06	0.00304098113307709
DDX1	-0.265779010844284	0.395999704358208	0.799997047166966
SEC14L1	-2.38119819269737	0.00335444512525184	0.185628378832599
GBF1	0.264353665690944	0.402113446421404	0.801559232473555
RTF1	-0.376163724726062	0.274106808431337	0.74304647274211
AP3S1	0.565954252094642	0.341069700331994	0.777298638401627
HSPH1	-0.380718576777952	0.668022588884675	0.90976109245334
CNOT9	-0.261899858204398	0.490206163285384	0.83602979045039
MYO18A	-1.63880203608103	0.0192902818881155	0.403146369885137
LARP4B	-0.218755343014809	0.55169369110979	0.866002601825956
GCN1	-0.43666699941388	0.272613357672165	0.742271574701272
DHX38	-0.200379727513393	0.563097130414816	0.868436172344784
NUP205	0.107596932160774	0.765263196530264	0.932356614259225
ANKS1A	0.122163732993585	0.72403317873891	0.921219675927842
ARPC1A	-0.0534878890137769	0.940184281877203	0.98296541870557
HDAC2	0.47582754852618	0.25882981056515	0.732880775957815
DDX17	0.28813319173258	0.437623088944831	0.8144322609054
RAD50	-0.100935115260906	0.781138286434762	0.935644102412553
ARHGEF1	0.653651090686576	0.43487689387838	0.8144322609054
ERCC4	1.50137436526059	0.0157751682794375	0.373377326324759
UFD1	-0.00128154951303827	0.996737278220364	0.99902570564485
UPF1	-0.727175731359889	0.1287278647373	0.631452946886528
COPS5	-1.53819247701759	0.00652062628231768	0.253208346229252
GPKOW	-1.47048795831562	0.00160300678447889	0.131212784504532
SMARCC1	-0.206979901250396	0.500832213488144	0.841525606063983
KHSRP	-0.37789149277398	0.533072370929741	0.853828514220527
TNPO1	0.497099542134194	0.198765688979355	0.69258684460796
ARHGEF2	-0.280814115088596	0.295920920903781	0.756249615174734
EMG1	-0.369021475523557	0.390304176457991	0.797356023842663
CLP1	-0.316123455226307	0.29187747448872	0.755009557418829
USP9X	0.318060331263268	0.495766884222155	0.840048290116955
USP7	0.0464254828577282	0.907762675164521	0.978756675712714
RBPMS	0.282866312278056	0.456083705329775	0.822373968903481
LSM10	-0.0607204911491479	0.899103722447422	0.976120067835292
ZNF622	-0.668650331001864	0.239118829308831	0.72760752576442
SYAP1	-1.58345803063163	0.00021766157450593	0.0356330135930749
EXOC4	-0.163346838570909	0.559796126083621	0.867628788711064
MAGOHB	0.178533986766865	0.639690437349433	0.899228525347378
FERMT2	0.162628407504645	0.679259092422476	0.912455897773153
FUBP1	-0.168607491276095	0.80716633106205	0.945826577614911
VPS33A	-0.160807853028018	0.694592655941983	0.912924122610506
AKT1S1	0.355443591160515	0.421476002057483	0.808510412174724
PPWD1	0.945814389280248	0.133207421643662	0.645185555153936
ATG2B	-0.711227446879128	0.40372556268708	0.801559232473555
LENG1	0.732922353316454	0.193716975998632	0.688790949048528
CUSTOS	0.407749273695757	0.260007348817982	0.732880775957815
GRAMD1A	0.699711632744965	0.415879382438985	0.807307358499394
HAUS1	-0.397825675215529	0.613127983800963	0.885404738818147
CCDC124	-1.10676503402178	0.200641404830632	0.694576320910412
AP2M1	-0.0684827304694977	0.823428131233683	0.949911731150752
TUBGCP3	-0.392208055377996	0.501434150056519	0.841844014154321
NMD3	-0.30671588754776	0.38467111187525	0.795878250952006
REPS1	-0.973523738132322	0.101963502155391	0.610884548936912
MSI2	0.0565879033769718	0.843584358202209	0.954335342899617
SNRNP40	-0.0913281319769439	0.747471615964977	0.929372145293163
RMC1	0.90145272044742	0.0370169353985752	0.496648500347272
SPDL1	-1.07857965675098	0.00455395142506752	0.218200916452321
SEH1L	0.22147593240966	0.543414649428277	0.860366061526072
GNPNAT1	-0.811030811937901	0.162593924398574	0.660853096617502
KTI12	-1.21177136859617	0.0260575281560633	0.465121532623144
MOCOS	0.775943742240461	0.195042302184149	0.689453433425118
DAZAP1	-0.350116239761824	0.530209595494523	0.852370321596691
SAAL1	0.73138675300028	0.140586451568457	0.647140294128916
MVB12A	-0.125843637433757	0.755935165219089	0.931373872152998
CYFIP2	0.406247712697407	0.343759242120791	0.778442506674933
CCDC97	-0.773754902987832	0.151040369044094	0.660032127309389
EDC3	-0.0531867879464016	0.826365006175805	0.949911731150752
S100A16	-0.605824904700683	0.136989818254485	0.647140294128916
SIPA1	-0.625902743898067	0.619382647675612	0.887559015868176
OTUB1	-0.363504387632439	0.564958731614474	0.868436172344784
CHMP6	0.379071623425705	0.597336129175036	0.87966028917868
DUS3L	-0.310180105358754	0.608770756479628	0.883476211401717
TOE1	0.27952169429398	0.497943078988642	0.840048290116955
PDLIM5	-0.569142709311514	0.113006058815118	0.618558426079804
NAF1	-0.993892503095779	0.150430486700163	0.660032127309389
GMPPA	0.310221653288856	0.613804862569533	0.885404738818147
PAWR	-0.305413278540598	0.368296087023543	0.789362020485272
ITCH	0.277136311418765	0.41822607917684	0.808510412174724
VPS50	-0.403271397262706	0.370999146130217	0.789362020485272
ELMO2	0.0310218880238509	0.93069173944506	0.982665764967391
BTF3L4	-0.579853002173461	0.132526420335057	0.643629549439355
PBK	-0.188583353309923	0.670519364016526	0.911266198969537
SCYL1	0.0406624623323992	0.934135695738813	0.982665764967391
EXOC2	-0.135128012911029	0.651962625754012	0.906125873887318
ZFR	-0.465976358346055	0.241253414504979	0.729952390160823
TRIM47	-0.535093264694655	0.0929348616288042	0.602543022012495
DOCK7	0.349209639625307	0.221472236803225	0.715701451538836
ZMAT2	0.338763181375075	0.323929267582163	0.774231038499676
NSUN5	0.257848451302895	0.551005863276437	0.865301380643536
RPRD1A	-0.217401405951307	0.494795834022354	0.839763642278112
ARAP1	-0.679011559921385	0.174904312888118	0.677105410194658
IPO9	-1.47563078443998	0.100672418963171	0.610884548936912
RBM14	-0.242063204019043	0.477420764710174	0.830996625322882
FMNL2	0.194217779321598	0.871669158837444	0.966510239716376
TRNT1	-2.09362095941666	0.000147044207317847	0.0304071942395695
SMG1	0.0321656951132567	0.965808682302483	0.991550120921467
DEPDC7	0.383961959732421	0.545974651582062	0.861446688759693
VPS35	0.19088678313792	0.71134606348684	0.919605105978853
SPAG5	-2.79639002264592	0.00716668687552116	0.27337779353323
NACC1	-0.473176644298842	0.245547314219898	0.730223535335647
TGS1	-0.973660675290247	0.0205333660485085	0.422166872506459
NUDCD1	-0.808676665215906	0.0509456151520013	0.547265554925699
ERBIN	0.572977427899062	0.333786896618822	0.77497652553132
WRNIP1	0.010422820895748	0.968959231539865	0.992192030419632
SRPK1	0.271617597354378	0.502692543104746	0.842970124566174
CDK5RAP2	0.104731039610126	0.691558153780259	0.912455897773153
IWS1	-0.7229702048161	0.0522149782583125	0.547265554925699
OSBPL9	0.0273895906155346	0.925413799659615	0.982631662379029
SPEN	-0.0208949414068584	0.933239529745901	0.982665764967391
MMS19	0.0583259393441011	0.945794560968399	0.985422124116903
NIBAN2	0.645574706395504	0.468030401127108	0.829718473303689
TCF12	-0.0624314754985491	0.841639313373536	0.954335342899617
MYCBP	-0.132275247745479	0.621129613494725	0.888678686507955
CNN2	0.0374075393838922	0.962058861389849	0.991550120921467
PSMD1	-1.08244698050789	0.0934274368805008	0.604249538222809
GAS2L1	-0.568199571728911	0.303827205310121	0.75889198325713
VAT1	0.189727993590623	0.595255676457302	0.879425883736599
DNAJC2	-0.899373642473648	0.211194312903891	0.70982245970863
NUP88	0.04469146556157	0.882786147857893	0.971010999843529
PIK3R4	-0.093112345041245	0.746648433289998	0.929046257212427
POP1	0.0910503405705612	0.738618178719211	0.92692653876749
S100A13	-0.364445716856451	0.410546428203182	0.805642190873242
TTC1	-0.0787901443002852	0.856389601033505	0.958619584746621
DNAJC7	-0.0229691716824902	0.934526075467593	0.982665764967391
C12orf57	0.83605407526986	0.0228014406001213	0.43700907374574
CHP1	0.249755986384951	0.645793347559258	0.902894368356036
KIF2C	-0.147989706310007	0.717464975048432	0.920613940876973
HNRNPAB	0.060479579694185	0.83486440105941	0.951881088729664
NAP1L4	-0.537703739312317	0.260024383223516	0.732880775957815
OLFM1	0.686866205333544	0.269312116784633	0.740985508996376
TSG101	0.00736353842594895	0.983235418426982	0.994627177909273
CPNE1	0.110159562007869	0.772005325009162	0.932482087370383
CCT7	-0.591211096100189	0.0545341240411209	0.547265554925699
PRMT1	-4.66478302077661	9.6563924306969e-05	0.0237124786626301
BAG1	0.118109180805675	0.844600951483023	0.954671213572151
SH3GL1	0.440466217764115	0.281483057185933	0.750812580912105
AKAP9	1.75242441883813	0.196832582789175	0.690495730159526
NCAPG	-0.0358812543894587	0.915428919160977	0.980655790732668
ARPC5L	-0.428787077543959	0.185149856839832	0.681344266099786
RBM4B	-1.11042617365825	0.268219360765966	0.740557250360209
ELAC2	-0.06810487770721	0.836443633689914	0.952024054683567
TRIR	-0.0774450183472446	0.857971357488081	0.959296944670083
GRWD1	-0.329194185809364	0.307815483829512	0.764963337106991
MACROD1	0.304745198766394	0.429850481712216	0.81118277744827
CMSS1	0.095362129468878	0.862546873180769	0.96249550262063
WDR77	-0.676662837900793	0.42340320452147	0.808510412174724
MYBBP1A	0.326312707289084	0.304929989047116	0.760196654166318
ACBD6	-0.585993569155633	0.158276135445853	0.660032127309389
VPS25	-0.977353527461958	0.0277100771743745	0.470513867658037
CHLSN	0.0978331929992393	0.823081755629542	0.949911731150752
AIFM2	0.233335666319036	0.666104744155058	0.909540091641595
RIOK1	-1.87480074546281	0.000156087000353753	0.0306632912194949
LLPH	0.426530995120661	0.490128555009494	0.83602979045039
PELO	-0.988877958943846	0.0661691523779121	0.556520475891407
GINS3	0.38346358896456	0.469704981457716	0.829798054023096
NTPCR	0.234535137204375	0.429035934286752	0.810034688040676
TUBGCP2	-0.282457873074915	0.355199463356001	0.783735662489558
ESYT1	0.382764111577423	0.279392253069727	0.74907780030284
UBAC1	0.188397456556121	0.841046952399922	0.954222776777157
TSEN34	-0.870025825222104	0.078672170137762	0.586533124233903
HAUS8	-2.4535885078519	0.0075881560141856	0.275990389415161
COPS4	-0.266350733339372	0.553213388659567	0.866656859666443
RBM42	-0.276350153732011	0.498598272474609	0.840048290116955
AARSD1	-4.09912124284009	0.000190709584269734	0.0325781720259036
DCUN1D5	-0.196758306848199	0.597251006891084	0.87966028917868
ANP32E	-0.43006697187753	0.287129997219739	0.753548509685795
TBCD	0.404844992558054	0.620353694823728	0.888254251808465
HGH1	-0.104699398276995	0.766422412527151	0.932356614259225
DOHH	-1.59613549976121	0.0885358028050287	0.598375219061527
TUBB6	-0.231224607087928	0.813314548966705	0.947942112990265
POLR3C	0.624330515541761	0.194627472711144	0.688911117371249
HNRNPUL1	0.0273746480327368	0.917140773452352	0.980697785152038
PDCD10	-0.162722220294281	0.857625859982824	0.959296944670083
RPP25	-0.0629296446958527	0.890026530802317	0.973257511695603
EFHD1	0.449066496791982	0.364706431591265	0.786878007968313
DDX23	-0.497598685343288	0.146323487637824	0.654719564181193
WDR18	0.202287952647666	0.599506101753452	0.880216544764317
THUMPD3	0.2635401445479	0.663850942734676	0.909540091641595
CEP250	-0.284463540778187	0.44915834591294	0.819087867198469
NTMT1	-0.132523313211667	0.706185101619995	0.917749616944858
DSCC1	-0.338904084674702	0.237383145734522	0.726673506663357
KIFC3	-0.0924645906380626	0.751854312864263	0.930698045130337
TMED9	-0.14033732266817	0.659580123111359	0.908634496549503
GNL3	-0.197769888804462	0.5048748391239	0.844467110650405
AFG2B	0.158500011458955	0.599062709437985	0.880216544764317
RIOK2	-0.600707144287682	0.179384432969269	0.680002580594188
NUP85	0.0401987970063686	0.91179995040811	0.9790822643218
TARS2	-0.510434949095139	0.156460615799278	0.660032127309389
RBM4	0.527768987826079	0.247743612190887	0.730264701355799
SLC4A1AP	0.052652071011547	0.945726799885639	0.985422124116903
OSBPL10	0.804173248648844	0.108560601131833	0.617271493266242
SRRT	-0.514799745726634	0.325921498320428	0.774231038499676
AP1M1	0.447141092169822	0.256350910608378	0.732880775957815
NUSAP1	-0.210492472555703	0.592241931968322	0.879112734716864
FANCD2	0.0307588092133599	0.926942922686785	0.982665764967391
RTF2	-0.189762467649487	0.59333993282225	0.879249570423126
CHMP4A	-0.526830332791622	0.427454191722215	0.808510412174724
EIF2A	-0.281572696476893	0.592133253816641	0.879112734716864
NIFK	0.520978890162439	0.0962244217849464	0.606847115879702
YTHDF1	-0.175069236929833	0.70133554660577	0.916072926400954
CEP41	0.469684057588978	0.377302589582932	0.789362020485272
NUF2	-0.310037948238168	0.271550138146897	0.741947491501501
GTPBP4	0.126661878273513	0.716806281787956	0.920613940876973
WDR11	-1.21303241933062	0.0266425366559175	0.467314850540625
TBL1XR1	-0.19060940793743	0.581084043325683	0.876631339079071
ULBP2	0.51771296780246	0.147897392772418	0.656826128533115
UCK2	-0.472252463638341	0.168642746882937	0.669966989386308
API5	-0.0100759720174288	0.970131757110368	0.992337641877103
DPY30	0.0845291453494923	0.882681026819872	0.971010999843529
TANGO6	-0.284020729587741	0.48832181284478	0.83602979045039
TNKS1BP1	-0.214605608671199	0.424125484953937	0.808510412174724
CEP44	-0.037307224252249	0.915511692646328	0.980655790732668
WDR12	0.404280075760688	0.173679415970442	0.67709853686119
ACTR6	-0.10711575284671	0.85528758951263	0.958478305531981
IMUP	-0.843812806914912	0.121638222283664	0.622419310809109
DDX24	-0.293624066835385	0.357593555449425	0.784158093018206
SKIC8	0.0046801484329464	0.990495896286606	0.997605325944649
EGLN1	-0.209095379371576	0.518030987124579	0.849830375120029
UBA5	-0.139183442192007	0.781893529392114	0.935753839428828
MKRN2	0.329157788577081	0.324357930449383	0.774231038499676
COMMD4	-0.625645875552138	0.0435009718041614	0.535723969058402
KLC2	-1.21255687015505	0.119853856707728	0.622419310809109
XRN2	0.363770019191271	0.169861116404332	0.671306562288548
CSTF2T	0.389902546678723	0.447248819742942	0.817668714717847
NT5C3A	0.38067912047994	0.294802258262467	0.756249615174734
DDX47	-0.234827075050859	0.61390341705906	0.885404738818147
RAB1B	0.659963637914046	0.493958956513635	0.839431115978404
TSPYL1	-0.580960443322816	0.407452290844822	0.803777244170442
SMG9	-0.802514485026329	0.140073285649128	0.647140294128916
ANAPC1	-0.701432576918229	0.118630413372372	0.621567636930032
ASCC2	-0.119020450207582	0.894358927492238	0.975201532181859
EHD4	0.00246629946186516	0.994656821817464	0.99902570564485
VPS16	0.514412627297212	0.128733471737365	0.631452946886528
SLK	0.056142098616828	0.865228167642708	0.964251986069444
PPIL3	0.101814064235889	0.745561271394885	0.928949782318272
RAB3GAP2	0.307043299913403	0.734724761895162	0.925422076657991
DHX36	-0.106358199790034	0.760259835242466	0.932356614259225
TXNIP	0.234809277454008	0.388366260538076	0.797356023842663
NELFA	-0.347761689574199	0.318155164712954	0.772979916629885
CENPH	0.320489277927379	0.65718346438781	0.907905787709238
PTPN23	1.06264560857752	0.0895518069644417	0.598382737352537
UNC45A	-0.490695914401005	0.184131848338732	0.681344266099786
DSN1	-0.304421137385503	0.767901364302232	0.932356614259225
CHMP4B	-0.53169446337467	0.330434555355067	0.774734075430597
WNK1	-0.535959083423858	0.126447401774216	0.628984107257672
RNPEP	1.16538134117658	0.108138800594829	0.616657979008828
GOLPH3	0.375975497095695	0.311937593748451	0.769851008692001
EPB41L1	0.37873231828992	0.49068075764281	0.83602979045039
FAM83D	-1.51365567070242	0.0278991785450035	0.470513867658037
SMARCAD1	-0.649355862023885	0.0681616336831633	0.561440374719389
EHD1	-0.564918413394984	0.365494569660865	0.786878007968313
HEATR1	1.44189637237069	0.0834072597800108	0.593152852482221
STEEP1	-0.215294495082993	0.524822742126193	0.851711497555683
HAUS4	-0.0808843434084423	0.833119821302153	0.9516323065089
REEP4	0.11989935808128	0.835615383211532	0.951948545377081
YTHDC2	-0.508451970660204	0.164442926685072	0.664477432306256
RPAP3	-1.38230419278436	0.0231855068768382	0.440076601541533
WDR55	0.206230411883318	0.521059147455996	0.851563785105175
DCTPP1	-0.169350842228905	0.758062163362408	0.932190185502893
RPF2	0.375913895681371	0.186375379059965	0.681344266099786
DOCK5	0.738479305407999	0.281855151008508	0.751042310563257
C8orf33	-0.311478609260476	0.486663032001704	0.83602979045039
PHAX	-0.405340092371183	0.175030631055879	0.677105410194658
TUBA4B	-0.453186972536567	0.173566946413035	0.67709853686119
ANKZF1	0.207076537453379	0.710671099173139	0.919605105978853
ZWILCH	0.287318728943518	0.524851952382754	0.851711497555683
CNOT10	0.0767189931574812	0.784857743216456	0.937911216021812
LRRC40	-0.254002894595551	0.534806467504614	0.85599100826126
ACTR5	-0.864661354021219	0.0572128320632808	0.550299397217706
ELP3	-0.690667493250388	0.118372613403585	0.621567636930032
POLR1B	0.140329967199005	0.783353633254656	0.936639204217147
C17orf75	1.56364663470668	0.0105954704142544	0.309124673440973
UPF2	-0.642900112193718	0.317924884805286	0.772979916629885
XPO5	-0.0066678582121753	0.980956588720927	0.99416404451373
CLSPN	0.854110682399313	0.0637277235261024	0.550299397217706
PLEKHA2	0.631221966594332	0.0454369845165912	0.542568310719577
CACYBP	-0.568283503416104	0.160890682742528	0.660032127309389
RRAGC	-0.139699105761125	0.760594166174418	0.932356614259225
PARVB	-0.927094700246457	0.037190254879703	0.496648500347272
SPC25	-0.0122529927011925	0.979325420443553	0.99416404451373
TANC2	-0.401395903111784	0.494459134497549	0.839554857148171
MOV10	-0.122761195570693	0.727401857353984	0.922518365895352
RAVER2	-0.457791201588122	0.160267405356766	0.660032127309389
XAB2	-0.24328297584978	0.46739993299002	0.829718473303689
GOPC	0.27309266192001	0.776769765654923	0.934693769534732
CHMP1A	0.475102060028224	0.395273241897189	0.799764655408323
MYO10	1.41082905268808	0.013835783520148	0.346621123840808
WDR6	-0.0221887290869631	0.970048516716211	0.992337641877103
RAB18	0.280228161170641	0.466119093628367	0.829718473303689
SSU72	-0.722882697079132	0.103320208819708	0.610884548936912
VTA1	0.130842551776819	0.914914850187182	0.980655790732668
ENY2	0.34481425968027	0.326815296731976	0.774231038499676
EXOSC4	-0.111190441749933	0.661871094136929	0.909385017679213
UBE2T	0.336967666046817	0.477997549816674	0.830996625322882
NOP10	0.256639519750703	0.37999464959097	0.791510544365114
DCP1A	0.172577188781251	0.722700475987464	0.920929452838623
ACOT13	-0.366676443167965	0.568624675748887	0.871323941440336
MED4	-0.169509467881586	0.680087501679161	0.912455897773153
RIC8A	0.111091100934271	0.802633172231453	0.944354843561362
LUC7L	0.595964364908717	0.103959501379292	0.610884548936912
JADE2	2.11368506808508	0.0011779701694583	0.10631201540888
RTN4	0.713291388905994	0.298917820633782	0.756249615174734
RPRD1B	-0.232765731434206	0.463234757124904	0.828819267914904
EXOSC5	0.348412643929528	0.364621205179163	0.786878007968313
EXOSC3	-0.528608126662249	0.0708038671109787	0.56453035511841
ANLN	-0.20525460173647	0.576903087457939	0.873470650873383
PDLIM7	-0.332162994671759	0.331224217087123	0.774734075430597
DDX21	-0.302715430782829	0.274880175552762	0.743804552167219
SAR1A	0.366263759810831	0.18075026543962	0.681344266099786
POLE4	-0.0627196012778839	0.833435165868446	0.9516323065089
EIF2B3	-1.25595910262089	0.122772961536538	0.622419310809109
SPHK2	0.308436166128249	0.351017241781978	0.783334559446878
POLE3	-0.0434362939644188	0.894087768941286	0.975201532181859
CHRAC1	-0.331931669528522	0.242493702908504	0.729952390160823
UBQLN4	-0.506936375857769	0.138254925902777	0.647140294128916
VPS45	-0.199617286880091	0.601270091493438	0.88044771131885
PNO1	0.0558711618692342	0.840188038585713	0.953523629001522
FARSB	-1.57138692332138	0.145216654097802	0.654375184923154
SLX9	-0.0923718354469543	0.751503362828764	0.930698045130337
DIAPH3	0.829300412790719	0.0903700563028991	0.600337922086293
ATG3	-0.11882538460539	0.755956039271039	0.931373872152998
SMC4	-1.29331164998764	0.542277238025487	0.860156345660936
OLA1	-0.652257399743554	0.383013105904923	0.794770959141181
TCP11L1	-0.0183207386224211	0.983861355804979	0.994853169345435
STAU2	0.274355420577116	0.81649453404101	0.948833784160641
LIN7C	0.438924868619253	0.557175050062954	0.86739104563403
SPATS2L	-0.928779447343178	0.23959178070489	0.72760752576442
ABCF3	-0.301674447817025	0.41445424033714	0.807307358499394
CYRIB	0.953985234065904	0.0107417403116407	0.310010219294066
DDX19A	-0.0544590621060799	0.881974256890683	0.971010999843529
TDP1	-2.20790134403969	0.00043937816997018	0.0575438943270946
DCAF13	1.32624267974391	0.00766971773782851	0.275990389415161
EXOC1	1.36388985616222	0.0105500270501728	0.309124673440973
INTS9	1.4239151750938	0.00981817631961328	0.299035773331477
PARVA	0.081419192167747	0.851714707769859	0.95612776370427
PANK4	0.649608124376751	0.116409598936896	0.619831999479208
INTS7	0.532382103362064	0.140763041964615	0.647140294128916
FANCI	0.0355357021199261	0.906541020434786	0.978756675712714
INTS13	0.305538481600163	0.721502380089385	0.920929452838623
GNL3L	-0.125222654590235	0.770834189797494	0.932356614259225
KLHL11	0.143983135858683	0.685573249468259	0.912455897773153
ARMC1	-0.187451480177671	0.590249718412324	0.879112734716864
SDAD1	-0.266989750298805	0.301606291434898	0.758419352303007
HAUS2	1.49076737217316	0.0454731742843434	0.542568310719577
NLE1	0.331588324993447	0.274029292909713	0.74304647274211
RBM28	0.192537740115245	0.516519933663905	0.849065223265642
RBM22	0.222201654458889	0.564798822783214	0.868436172344784
GPATCH2	-0.337241545380103	0.182057812899029	0.681344266099786
WDR70	-0.416818241468491	0.468909413474383	0.829798054023096
GID8	1.89112661663388	0.177022593025284	0.679002063980736
ASB6	0.577231398240357	0.210252275522207	0.707261293259205
HPF1	-0.080004788105299	0.850726335168095	0.95612776370427
DUS2	-1.12918487290965	0.0149524110939823	0.358277189565377
MIOS	-1.08378104448322	0.0312889344987847	0.483240379535245
TRMT1	-0.301057471345352	0.540665350252882	0.859681975371742
GDAP2	-0.0455231773403355	0.933969514789717	0.982665764967391
GAR1	0.366581426609379	0.243220643486328	0.73003354335965
DDX56	0.12976557114613	0.625102766788044	0.88970325727284
TERF2IP	0.0870080587295625	0.905338143193274	0.978756675712714
ABI2	0.247771751506846	0.405791493326558	0.802392942768015
BCLAF1	0.510223690793872	0.110325427296979	0.618558426079804
UTP6	0.259624654406078	0.464528174899139	0.829622821551864
TMOD3	-0.394506449700533	0.437699656059153	0.8144322609054
RRN3	-0.379094422443991	0.365938174337326	0.786912932159129
UBAP1	-1.33548951012477	0.00401324817552649	0.205228049706097
ACTR10	-0.704187128824884	0.0844054563836311	0.593152852482221
C9orf78	-0.227168368353986	0.579958084490102	0.876068940392776
FAM120A	-0.232241966046068	0.529778165351503	0.852370321596691
UBP1	-0.248189958858532	0.42478647958679	0.808510412174724
IGF2BP1	-0.76059980267047	0.157424734714295	0.660032127309389
HSPBP1	-1.72181483797651	0.0103739887099731	0.308783345768821
MAT2B	-0.132552168415401	0.656490806309208	0.907905787709238
MYOF	0.456871686096488	0.271301395195457	0.741947491501501
EHD2	0.753097896927503	0.0996975575846333	0.610884548936912
NCKIPSD	-0.204478039318936	0.546766659807413	0.862057065161849
OGFR	0.18574007554782	0.890520614663928	0.973526848918913
PALS2	0.0446113780841344	0.937639967632732	0.982665764967391
CHMP5	0.942063506128065	0.10351009889138	0.610884548936912
COMMD9	0.522331563217673	0.15162091003008	0.660032127309389
CCDC59	0.253357522822711	0.437365311772769	0.8144322609054
RAI14	-0.14207780120104	0.666308070078643	0.909540091641595
NHSL3	-0.208035628498394	0.508351646274095	0.845960871753883
ARHGAP23	-0.156148293120921	0.797476296295554	0.943308916911445
VPS18	0.147124424965369	0.754612555715217	0.93105058957443
RCC2	-0.830618171513184	0.0702334284612746	0.56453035511841
DIP2B	-1.3125296117608	0.0876349468562192	0.597773795482787
SLAIN2	-2.59765006373303	0.000319979974345324	0.0449000471143849
BCCIP	-1.3157391783469	0.000498502009704186	0.0612066998789921
STK26	-0.359077164445356	0.18434042602709	0.681344266099786
PTGFRN	0.0176775096278803	0.970869405796789	0.992337641877103
IBTK	0.140557839094168	0.698774216820173	0.914569187155226
RRBP1	-0.141699772192453	0.681305322258612	0.912455897773153
CPSF2	-0.210420525473936	0.531474528535349	0.853007934074912
LARS1	-0.07516197439233	0.770036771747632	0.932356614259225
KLHL13	-0.153210028584407	0.749719370359855	0.929904694342826
ATXN10	-0.195420994350506	0.582748413565797	0.876631339079071
NCDN	-1.81433723253574	0.0402693356838404	0.513695519161717
EPS15L1	-2.19538830052136	0.00205585837634653	0.144240492154742
ORC3	-0.407798889940032	0.259645680988953	0.732880775957815
COPG2	-1.26820990140095	0.06295921006604	0.550299397217706
COMMD3	-0.1940114801539	0.608140437745722	0.883476211401717
GNG12	1.59917930685536	0.00224658181991511	0.152186551214594
MTRR	-0.782700744599836	0.137518721209524	0.647140294128916
UXT	-0.27085748744355	0.490239276044195	0.83602979045039
SPAST	-1.53172447497932	0.00412649934507042	0.205228049706097
METTL1	-0.781762071208256	0.302294097000537	0.758419352303007
GULP1	-0.780235954564251	0.351963956756698	0.783334559446878
VPS29	-0.036817734809766	0.9528662990835	0.989547869934688
EIF3K	-0.684201798921382	0.0713080719715758	0.56453035511841
UBA2	-0.938827794049672	0.227294817572689	0.724948428614454
CTNNAL1	0.593399869638226	0.395757296590212	0.799997047166966
NXF1	0.23268077388251	0.358432238001555	0.784402950978622
DNAJB4	-0.180549814426545	0.514036574043066	0.847168528345411
LRWD1	-0.299071789389636	0.526764810145154	0.851711497555683
ABCF2	-0.737090393011478	0.148116047309835	0.656826128533115
TUBGCP4	-0.646536519001501	0.544242112536532	0.86049386726601
PARP2	0.407138618309233	0.649791051100221	0.904966281789366
ZC3H7B	-0.413435894794123	0.430995247853152	0.812562537819115
ARMCX3	0.183257159722238	0.517709835215877	0.849658288455799
LIMA1	-0.410388366357612	0.294052318850459	0.756249615174734
SRP68	0.0550990724922755	0.85980300873175	0.960251853697284
CHORDC1	0.310278105879995	0.502298710645857	0.842669357014335
SEPTIN9	-0.0908993777761893	0.882229278545592	0.971010999843529
UBQLN2	0.84775547638786	0.28827066319714	0.753548509685795
DDX20	-0.187739910505766	0.589822262923082	0.879112734716864
BAIAP2L1	-0.192116306877146	0.716269031872788	0.920613940876973
SAP30BP	0.169083508318678	0.666471347374944	0.909540091641595
PFDN2	-1.23294029708774	0.0182373284411288	0.398080352473306
PUF60	0.118637381020104	0.665455036068654	0.909540091641595
EIF2B4	-1.76911388663412	0.000176776765587435	0.0315707232724105
TRMT112	-0.750047935787695	0.0210816716755113	0.426726403451577
VPS51	-1.34565470214321	0.322825803725765	0.774231038499676
CNOT7	0.11134993847379	0.697783174042012	0.914473012278541
RABGEF1	0.4879583967423	0.36092635724882	0.7847701481077
DBNL	0.0592372514630348	0.956647147336778	0.990687043196152
DCTN4	-0.991806544462591	0.41090056670493	0.805642190873242
CDC23	-0.276714594067709	0.435463785859381	0.8144322609054
ANAPC7	0.177882946049447	0.630009451876691	0.89361268462943
ANAPC5	0.602545413350335	0.172559517845056	0.676599529589354
ANAPC4	-0.562563736885281	0.537253028441251	0.857491573938614
ANAPC2	-0.491820099488066	0.358047841451238	0.784402950978622
VPS28	-2.81704078464923	0.00241153999327023	0.156688691958129
LSM7	0.781844132792951	0.0615329291530594	0.550299397217706
MRTO4	0.109153069125586	0.729650885520883	0.923489530833772
CPSF3	0.173853643891992	0.66587511615396	0.909540091641595
PARP4	-0.434567394985777	0.319539168568994	0.772979916629885
RCOR1	-0.324050206426911	0.257709650539613	0.732880775957815
GTF3C4	-0.284522630852408	0.515770885477139	0.849065223265642
PACSIN3	0.0631023832874895	0.80818279884758	0.94627409258532
ACIN1	-0.440529180552819	0.285026368978751	0.753164443899405
AGO2	-0.224027921929135	0.717463027378559	0.920613940876973
NUP50	0.436529666534078	0.190254463503793	0.684786042756746
BAG5	0.0808163189983233	0.75555049922071	0.931373872152998
RAB21	0.689062144313159	0.10320282280335	0.610884548936912
RAB22A	1.08012671021997	0.0713719418073912	0.56453035511841
MCTS1	-1.556930521767	0.127516429513363	0.630015170573831
SLC39A10	1.01121402509054	0.219286141655072	0.714063861814626
CNOT6	0.774693366193958	0.22225023839823	0.717519463160761
ISY1	-0.0123512766851483	0.978705617342628	0.99416404451373
HECTD1	0.296951912962673	0.497867851340591	0.840048290116955
CORO1C	-0.557256092336651	0.363812497987812	0.786878007968313
NOB1	-0.00459454576014551	0.984976694828629	0.995160825680657
AKAP8L	-0.033087226724156	0.893527009504531	0.975046924572047
MYO6	0.0284891664662865	0.928031895777123	0.982665764967391
DDX19B	-0.535153441782477	0.46453810318506	0.829622821551864
PRPF19	-0.11164087010102	0.749806881917116	0.929904694342826
UBQLN1	-0.306683995539906	0.603396647719595	0.88131800330494
NOL7	-0.00137484883181571	0.996327533458755	0.99902570564485
VPS4A	-0.332801490911987	0.739777912817262	0.927141122634456
G3BP2	-0.382719070291273	0.402226322899978	0.801559232473555
STUB1	0.627303340343179	0.0830472845439156	0.593152852482221
MAGED2	0.0388649129125263	0.897894540792558	0.97561605386448
SNX6	0.31180203357188	0.547252226925845	0.862130713549176
DUSP12	-0.296604821827685	0.253366458764617	0.732880775957815
STX8	1.65191303368185	0.0516651770173214	0.547265554925699
PSMD13	-0.236904375463361	0.387746234325301	0.797356023842663
FAF1	-1.67911732337533	0.00124468126974	0.10631201540888
PROCR	0.359543812440172	0.379429166418411	0.791510544365114
PPIE	0.231705280153957	0.441642769351582	0.815866932776944
TIMELESS	-0.145120269375472	0.609596337263949	0.883476211401717
COPS3	-0.742842014484239	0.109646279866379	0.618558426079804
MACF1	0.00208732875048412	0.99667516681409	0.99902570564485
CEP131	-0.57248884157681	0.218828551959173	0.714063861814626
TRIM33	-0.557971072772016	0.0775967641524092	0.582940126873453
EXOC7	0.112306052133665	0.849916145006131	0.95612776370427
DICER1	-1.14314385009327	0.0856082071755496	0.593152852482221
SLC7A11	0.978228297021449	0.193103513268592	0.687854672377423
SHOC2	-0.937912409185557	0.0449993877906981	0.540680717521875
SRRM2	-0.913946064961607	0.0146551184282066	0.355431853731011
PA2G4	-0.617105874707583	0.360626848830659	0.7847701481077
BAIAP2	-0.358557643735917	0.522539070178335	0.851564346154098
SMC3	0.461913004801822	0.468092034258436	0.829718473303689
CHMP2B	-0.587561063174107	0.259242210006961	0.732880775957815
RTRAF	-0.224635713921725	0.623415218477532	0.888968400589631
RUVBL2	-0.127300497136766	0.712974033248394	0.919605105978853
PIN4	-0.416801937752382	0.326660264244792	0.774231038499676
EIF3L	-0.958149788461458	0.159705304997408	0.660032127309389
PLAA	-0.301429334383506	0.762299833750497	0.932356614259225
RUVBL1	-0.360059572658123	0.287440324558405	0.753548509685795
NUDC	-1.42141214222511	0.0319194110919801	0.484213769036254
FARSA	-0.671163386966661	0.296516579963462	0.756249615174734
ASF1A	0.816122458788207	0.303442646207523	0.758866246743544
DRG1	-0.675277456223462	0.117529865006875	0.619831999479208
TRAPPC4	-0.261347461617458	0.564464581081111	0.868436172344784
NCKAP1	0.818410160474965	0.171234999173544	0.673455767520374
EXOC6B	0.0386855223226235	0.898339667971514	0.97582984668512
PALM2AKAP2	0.392767236078441	0.49503470573004	0.839806286188829
AMOTL2	0.86240061320219	0.105747236632585	0.612404677120599
DIS3	-1.05274770320411	0.0299343447688829	0.478526360970778
MRPS28	0.362558247887744	0.165485981794716	0.665509893023123
AP3M1	-0.933983530069316	0.150706512062563	0.660032127309389
LEMD3	0.0203681869983612	0.955068650141528	0.989711921518211
THRAP3	-0.244749834001045	0.508699310428105	0.845999836447801
WBP11	-0.0771422716756938	0.811839559800291	0.947942112990265
NOP58	0.380783022093063	0.264574750488732	0.7364536033072
ZNF281	0.898949057247339	0.0585424727741082	0.550299397217706
SUGT1	-0.30577448143811	0.425710804331185	0.808510412174724
AAR2	0.499737309135611	0.570974830582708	0.871546274032424
NOSIP	-1.06781234375939	0.0349128224919963	0.487668609794363
DERA	0.761289386314889	0.0328933797153811	0.485898965536171
LSM2	0.38968666690301	0.141827514388416	0.647953841897776
CAB39	-2.38421284541888	0.000114156373532773	0.0249177995339036
LUC7L2	-0.661686292271575	0.0409013211849894	0.519494424730001
SBDS	-0.538140998576509	0.302233640911556	0.758419352303007
EXOSC1	0.0109355940938052	0.970373391805528	0.992337641877103
SF3B6	0.263508810126204	0.292521125772044	0.756128620498922
RRP15	-0.126898269447285	0.76399489006404	0.932356614259225
NOP16	-0.204735196094095	0.500734541715418	0.841525606063983
PPIL1	-0.104819710268576	0.691099632573458	0.912455897773153
FIS1	0.899836868795145	0.0076391744542827	0.275990389415161
GOLT1B	-0.156006870905781	0.607145234560729	0.883476211401717
STRAP	-0.963657351071298	0.0480684436069452	0.547265554925699
RTCB	-0.380834204150133	0.335260163721493	0.77497652553132
RPL36	-0.0817502815425328	0.803987516343283	0.944354843561362
SAMHD1	-0.399909245762839	0.520160132018837	0.851190819950858
FAM32A	1.47186600739386	0.0011811142812959	0.10631201540888
PKP3	-0.405555633997437	0.138494490102904	0.647140294128916
KNSTRN	-0.390145203338534	0.173694929218402	0.67709853686119
HBS1L	-0.256506890362676	0.726073830160591	0.922322689525044
TLN1	-1.36099894975779	0.0125655846371683	0.345274715932808
MTCL1	-0.704198767034615	0.0730437273832403	0.56453035511841
DCAF1	-0.551675362795244	0.307109927855851	0.763692978826352
TCAF1	0.135105086545174	0.591416428162058	0.879112734716864
USP15	-0.155365384590901	0.842893559234736	0.954335342899617
FARP1	-0.358144034402898	0.399012034893058	0.801559232473555
TLN2	0.669879867092369	0.0475418772251599	0.547265554925699
HYOU1	0.639457781502536	0.0960345678692272	0.606847115879702
TELO2	0.169016816457635	0.780771016844779	0.935644102412553
LAS1L	-0.0168497473847324	0.975088017172846	0.99416404451373
LSM5	0.211403197646167	0.393109238422116	0.798617475574195
LSM4	0.207960769737888	0.575525383013847	0.873470650873383
PRRC2C	-0.267581896688597	0.497575455893671	0.840048290116955
IFT25	0.134846087802089	0.838212806338502	0.952964873539463
PPME1	-0.324507788600261	0.541305021395055	0.860003004068407
RBM7	-0.00656260102247685	0.986285145805512	0.99569132191907
NUB1	-0.420549939002946	0.435730986053907	0.8144322609054
YTHDF2	-0.49118948649464	0.157242672520892	0.660032127309389
NME7	-0.282661983637524	0.559481591331222	0.867570079934892
SUPT16H	-0.729902610563418	0.0313865022167311	0.483240379535245
UCHL5	-0.129603668213569	0.662485007133489	0.909385017679213
TNPO3	0.324570068672497	0.628250378610494	0.892083750473665
GTF3C5	-0.0658697463796578	0.852410384203562	0.95612776370427
GTF3C3	-0.391875247444062	0.392586646439387	0.797968408618909
CDC42BPB	-1.18259863092973	0.226985996321152	0.724948428614454
RBM8A	0.996856760983007	0.127912823935153	0.630015170573831
FLVCR1	1.00149030768802	0.230619516934484	0.726673506663357
NUBP2	-0.0342369802659697	0.964083042887869	0.991550120921467
MRFAP1	-2.16483707817535	0.00932929926082117	0.29796079303526
PUS1	-0.80919534369076	0.0917269512801041	0.600337922086293
FHOD1	0.104815732033231	0.883340828729531	0.971010999843529
PSAT1	-0.078077636196376	0.842454980641704	0.954335342899617
COPG1	-0.291623577591722	0.336373564797213	0.77497652553132
CFAP20	0.023711947396805	0.93754147995953	0.982665764967391
SAR1B	-0.601126703257609	0.402369381697525	0.801559232473555
MAD1L1	-0.252124619191413	0.393336338168061	0.798665877344864
BZW2	-2.64462947801093	6.1433732740124e-05	0.0201144279946623
DYNC1LI1	-0.46017957285159	0.529692130621133	0.852370321596691
EPN1	-0.384805995579239	0.318182347198229	0.772979916629885
ROBO1	0.963406697948209	0.145331680695966	0.654375184923154
DDX49	-0.927717051003633	0.114542670188273	0.618558426079804
FANCG	1.2877495301179	0.178209779890703	0.679133099117917
POLR2D	0.845940326513404	0.121518882081414	0.622419310809109
KIN	-0.42603866852032	0.377618351335092	0.78960218328663
RNGTT	0.23472477499422	0.476666467901429	0.830996625322882
RNF40	-0.193358692381004	0.503926459653624	0.84388583790175
MACROH2A1	-0.685333735615234	0.296814759298497	0.756249615174734
CCNK	0.110124415164737	0.738898935968383	0.92692653876749
ARL6IP5	-0.00229564335577237	0.995796371278592	0.99902570564485
SMNDC1	0.407619458008778	0.195207718570186	0.689453433425118
RSL1D1	0.289898399365899	0.403049785690576	0.801559232473555
PHF14	-0.137443185933954	0.60869135815073	0.883476211401717
EPN2	-0.0821483042357798	0.742319225247976	0.927978663684099
POP4	0.115304814441505	0.813167576870944	0.947942112990265
GLUD1	-0.0933832691948346	0.754745769354685	0.93105058957443
FYN	1.31097941101442	0.0865598869345505	0.593152852482221
GNAI3	0.0672828586323213	0.90849543025001	0.978756675712714
SNRPC	0.093568017765957	0.772707661487168	0.932709186477137
RALA	1.07019282482249	0.110475310083046	0.618558426079804
P4HA1	0.220571618654887	0.477199788133226	0.830996625322882
CREB1	0.564449051169042	0.350843285697658	0.783334559446878
XRCC1	-0.538835069962829	0.264665942445856	0.7364536033072
ATP2B1	-0.295780981364619	0.39878904331071	0.801559232473555
RAB6A	0.364046043180316	0.288807620897522	0.753548509685795
APC	1.16942398996396	0.0626639771757794	0.550299397217706
PHB1	0.480212281392369	0.133871898312482	0.645418998648875
POLR2I	0.140628878556129	0.699174314141751	0.914569187155226
PBX1	-0.226999151524396	0.580204602533327	0.876104490143521
MDH2	-1.14189479671863	0.0711517708280567	0.56453035511841
NCAPD3	-0.16749832147358	0.619327687788857	0.887559015868176
HSD17B4	-0.700862406914649	0.157049155263985	0.660032127309389
KPNA1	-0.42505936325891	0.77679948568109	0.934693769534732
PMS1	-1.46667247179199	0.218402205508701	0.714063861814626
MANF	-0.528213860377075	0.122461684600824	0.622419310809109
MAX	-0.108803358546272	0.846414737961437	0.95612776370427
GNAI1	2.02783287911354	0.0564420879095664	0.550299397217706
CDK17	-0.314593185910432	0.427099709608262	0.808510412174724
TFAP4	1.55319793690651	0.0488361179120818	0.547265554925699
RING1	0.141242428086159	0.585878488373369	0.876920602216749
GTF3C1	-0.204577563865268	0.422586957172594	0.808510412174724
SRSF9	0.138694961870321	0.607538697524819	0.883476211401717
DAG1	0.761623739971537	0.213894225194563	0.712174034841737
DHX34	0.526485719756927	0.399962948138029	0.801559232473555
HLTF	-0.286560074782173	0.539708927218887	0.859668468225596
SAFB	-0.199057072201306	0.48517337655241	0.83602979045039
RBMS2	0.026196688684994	0.934024477346312	0.982665764967391
NHERF2	0.377337121466546	0.388429884509977	0.797356023842663
TRIP4	-0.361429890772861	0.346989100587901	0.781272307283589
CPEB4	-0.214438939720932	0.525617361794671	0.851711497555683
LARP7	-0.400459256552502	0.253238033292744	0.732880775957815
NCBP3	-0.246360164441651	0.369674843595867	0.789362020485272
CEP78	0.00238634282290917	0.997079398058587	0.999084380415814
NOL9	0.0336119730074671	0.906624295901876	0.978756675712714
UBAP2	-0.161510293399065	0.718883465784902	0.920929452838623
UTP25	-0.301856181364492	0.296422737056166	0.756249615174734
RINT1	-0.0137011297555389	0.986314742913979	0.99569132191907
RFWD3	-0.119445618261413	0.826014412840645	0.949911731150752
FIGNL1	-0.640933321155256	0.329673842557892	0.774231038499676
ZC3H14	0.584106690280127	0.0464510233544846	0.544794241073941
VPS13C	0.948568130802016	0.467860842733871	0.829718473303689
TUBA1A	0.649369683276483	0.0991271877002841	0.610884548936912
TRMT1L	-0.972818393445305	0.248096146890032	0.730264701355799
WAPL	-0.080203971211791	0.79489652767198	0.940990797596628
ZNF598	0.930339189461456	0.294527060636609	0.756249615174734
NCAPG2	0.372048498109685	0.181026442308704	0.681344266099786
MIB1	1.20848309123622	0.187792074925823	0.681344266099786
WDR75	0.110330239463494	0.67975951407283	0.912455897773153
DHX40	-0.262943932260498	0.488322080802384	0.83602979045039
PHC2	0.969585640582054	0.587207844400857	0.877573077463281
RAVER1	0.0752387553724851	0.830432193830703	0.950646086343885
ASPM	-0.135394141822992	0.633915393203843	0.896240942748434
MIER1	0.0287035371746143	0.965535874790282	0.991550120921467
PLCD3	1.0594508644761	0.0323449339340679	0.485898965536171
SPRYD3	-0.073727680141257	0.756909287530128	0.931963832875548
SVIP	0.518814571383832	0.143612467318885	0.652316050977919
DDX55	0.37484412964745	0.459021073525186	0.825817568551803
PPIL4	-0.578533301881532	0.281169359232578	0.750764007379665
HNRNPLL	-0.0637693039928493	0.79029200337978	0.939218778366351
DDB2	-0.277746147740551	0.559318810430395	0.867570079934892
GGH	0.371601671295167	0.330783669895602	0.774734075430597
SMARCE1	-0.292681630112963	0.47160169496768	0.830996625322882
CAVIN3	0.805301642027395	0.266416853761688	0.738188870542788
ERGIC1	-0.026893753997463	0.930264393727777	0.982665764967391
UTP4	0.215436667333464	0.556046760453701	0.86739104563403
LRRC59	-0.0310884304362382	0.922819988388429	0.981390251540538
FKBP10	0.458768890437398	0.216999825493573	0.714063861814626
ESS2	0.187282915760189	0.667073938306677	0.90976109245334
USP28	-1.08895861469918	0.00510782311216921	0.2306739885944
LGMN	0.549314253811392	0.141459590549965	0.647953841897776
HTATIP2	1.11899394881201	0.060296039185165	0.550299397217706
NAT10	-0.350148138314729	0.229414921554491	0.726673506663357
TOLLIP	-0.0278933409313034	0.92661904976284	0.982665764967391
SENP3	0.202955772251396	0.469541758607366	0.829798054023096
CAAP1	0.398858133479372	0.24831601960075	0.730264701355799
ZCCHC17	-0.415341940256411	0.191846145658058	0.685239551173191
APOBEC3C	-0.0803543958559914	0.774305049465166	0.933226638009667
BMP2K	0.457617598628467	0.247920021082065	0.730264701355799
MDN1	-0.858867291364287	0.376060552981818	0.789362020485272
WRAP73	0.242927930518999	0.585705708904141	0.876920602216749
TFIP11	0.471682037512636	0.588002498528584	0.877930842681029
HERC5	0.441820052300827	0.199341415363207	0.69258684460796
CNOT11	0.121744031080567	0.746191833753882	0.928956817116287
SMG5	0.352085484132537	0.550813177687045	0.865301380643536
RCL1	0.496922319294015	0.155072573320856	0.660032127309389
NOC2L	0.080840585520356	0.763342364725235	0.932356614259225
SNX9	0.277142070870319	0.716970483234313	0.920613940876973
UBXN8	-0.00324737538753084	0.99621393368226	0.99902570564485
PGRMC1	0.230627391054632	0.378894458880442	0.791428138724751
CDC7	0.674947335904328	0.0997067463836047	0.610884548936912
GOLIM4	0.11588912749777	0.733176337241819	0.924173830292945
PLOD2	0.0145665479603139	0.96405555770374	0.991550120921467
TNFRSF10B	1.05437415573931	0.0578472862706852	0.550299397217706
MGST3	0.710201059774842	0.120547305507108	0.622419310809109
CASK	0.236762216376327	0.693689429027337	0.912455897773153
PGRMC2	0.0200271497282962	0.940445330487871	0.982976776665827
P4HA2	0.219526097142559	0.772404254909559	0.932629476809974
CYB5B	-0.12424173841567	0.824835930848621	0.949911731150752
HTRA2	0.185952071211091	0.684401227541141	0.912455897773153
OIP5	-0.344059720056855	0.373515645226955	0.789362020485272
PLRG1	-0.27872532407968	0.453361515445064	0.820920927892998
TIMM8A	-0.153287452583651	0.619394266745329	0.887559015868176
FADS1	0.295878582719311	0.562861808512435	0.868436172344784
CDC40	-0.098300673998601	0.73208591480774	0.924062567776054
SLC16A7	0.6056478985331	0.299578856419507	0.756964715315211
H2BC12	-5.4067973315913	0.0306493772860443	0.482431823312223
TACC1	0.226743486960192	0.486634843921291	0.83602979045039
ECI2	0.137816877370348	0.68988632522931	0.912455897773153
ATP6AP2	1.05315122368435	0.342966739738164	0.778442506674933
RPP14	-0.297202153732066	0.441722634526339	0.815866932776944
KIF20A	-0.376269504581984	0.452774043878575	0.820920927892998
CD2BP2	0.0249007956599598	0.951245933180431	0.988742135308443
ACSL3	0.372778857744997	0.182180874948362	0.681344266099786
CYB5R3	0.0462142022385876	0.878703625958083	0.969782737749806
GOT2	-1.01407133183873	0.223688007819359	0.71928831403501
GBA1	0.461001058696652	0.382448485205076	0.794627233405999
RPN1	0.147797270022444	0.647938366276253	0.903709563755555
JUN	0.286446608940157	0.614246914343978	0.885404738818147
EPHX1	0.144926734097297	0.613687302763867	0.885404738818147
TFPI	0.885627208584985	0.00972397384699847	0.299035773331477
LAMC1	0.00743212311300567	0.992926265236269	0.998843116813585
PDHB	0.615649088026132	0.13922107786421	0.647140294128916
ACADM	0.440909882815109	0.349150700979186	0.78249552927805
UBTF	-0.626269017341272	0.123956721583149	0.622795344117895
VDAC1	-0.424501479312756	0.21518360126449	0.714063861814626
ACAT1	-0.0481558488998495	0.966548674869978	0.991791523521583
ABCD3	0.100963027453087	0.741817498224519	0.927978663684099
HMOX2	0.253170469537217	0.65148565710998	0.906083945764641
ABCD1	0.128752685325061	0.741838335656363	0.927978663684099
SHMT2	0.351299978485358	0.19635998778384	0.689453433425118
DDOST	-0.0580258816019601	0.86935911194374	0.966510239716376
ECI1	-0.33647124701654	0.510024394008295	0.846694722999655
SSR1	0.316577809571328	0.31377525090581	0.770594455845009
VDAC2	-0.173024288670884	0.58664505957673	0.877174425636627
NSF	-0.0705552878965321	0.815861374439219	0.948833784160641
TUFM	0.17584453422414	0.585261571699795	0.876920602216749
VPS41	-0.104901565970273	0.801593787239926	0.944354843561362
RBM25	-0.110427544052797	0.728253194715404	0.923002194205426
NUP153	0.187797299433974	0.63368307920603	0.896234995752517
CPT1A	0.105852477692423	0.771463165119634	0.932356614259225
SSR4	0.21001386204221	0.494227158102292	0.839523780451322
CTBP2	-1.67796757862274	0.0376689369059525	0.496648500347272
DENND2B	-0.322612797971097	0.507852674792036	0.845542708778262
PLOD1	-0.285200133074994	0.427914652674221	0.808510412174724
SSBP1	-0.237544588158798	0.551026738195502	0.865301380643536
LMAN2	0.0514147915032055	0.871614206987251	0.966510239716376
ATCAY	0.433750181217512	0.60226134582491	0.88044771131885
CSTF3	-0.152841346201797	0.649574265297691	0.904966281789366
ECH1	-0.358760287632812	0.521628637762117	0.851563785105175
TRIM32	0.534910345029679	0.210233252621049	0.707261293259205
TRA2A	0.0646760424117687	0.863828070012669	0.963377941265904
ZMYM3	0.141422735568636	0.826205891746566	0.949911731150752
RRP1B	0.0799854924422547	0.762542177766183	0.932356614259225
BMS1	-0.226727334925556	0.576509425568937	0.873470650873383
DHCR24	0.271656507147085	0.301300712848997	0.758419352303007
NSDHL	0.854227842920587	0.355746691157371	0.783735662489558
QSER1	-0.635121611475672	0.156953800895614	0.660032127309389
P3H1	-1.01545778349738	0.100782090895861	0.610884548936912
TOR1AIP1	0.248402064672703	0.432727093931806	0.813810592507666
EXOSC6	0.115934253611325	0.678494365745894	0.912455897773153
GPATCH4	-0.0845809022355155	0.77757126951806	0.934697286687157
CDCA2	-0.735548832730966	0.400965975094758	0.801559232473555
ALKBH5	-0.583416808157981	0.107030454434517	0.614161691700274
POGLUT2	0.877959882922262	0.191791880938602	0.685239551173191
GTF2H5	-0.714812503099786	0.193569851014274	0.688790949048528
KTN1	0.150278605427658	0.634928478717093	0.896621263937946
CHD1L	0.512621787401212	0.127151754013509	0.630015170573831
ANKLE2	0.3745209531208	0.275838429724622	0.745370832453949
RIOX2	-0.561289575147072	0.516871862207812	0.849065223265642
DNAJC10	-0.0506282180299777	0.9095373519984	0.978756675712714
STAG2	0.539277434364202	0.313410805083264	0.770594455845009
FBXL6	-0.68674980467938	0.0419832714394325	0.523658011065176
KRI1	-0.323923939231474	0.245935120206524	0.730223535335647
COLGALT1	-0.385175619365398	0.264486237851091	0.7364536033072
PCSK9	1.60913596378419	0.00453636526418546	0.218200916452321
SCCPDH	-0.150024343010738	0.693136047026614	0.912455897773153
LSM14A	0.0756166556980276	0.806897488422944	0.945793625302431
SMARCC2	-0.384926076858662	0.522011123629539	0.851564346154098
RDH11	0.281131666296886	0.380422864628785	0.791674488944119
HM13	0.438642821122293	0.114508610948233	0.618558426079804
NSMCE1	0.344031960085296	0.573713201584835	0.873351092222711
LEO1	0.400227865747745	0.242096124345306	0.729952390160823
TAF15	-0.00149059066552581	0.996017225721246	0.99902570564485
POP5	0.536676402110935	0.0836088572527037	0.593152852482221
IGSF8	0.446114686656998	0.133466070909028	0.645185555153936
RCN3	0.893394828417421	0.0315361699148701	0.483240379535245
INTS4	-0.000261632658485667	0.99931927454436	0.999778416003528
FUBP3	0.287365285900513	0.298422388368664	0.756249615174734
CLPTM1L	0.129794108944967	0.695936802621245	0.913363801532523
LRR1	0.438861759569068	0.343718376633979	0.778442506674933
ARHGEF17	-0.106182958051569	0.773373496692147	0.9331529443292
GFM1	0.501779573193854	0.410994098111655	0.805642190873242
CDC5L	-0.0011587280695835	0.996547815756242	0.99902570564485
SCAF11	-0.0111001420322019	0.979089387240634	0.99416404451373
ATXN2	-0.260214536166878	0.543771118200522	0.860366061526072
HSD17B10	-0.238521448522317	0.454715789359704	0.821587800440514
MGST2	0.338808268825201	0.330999373340377	0.774734075430597
EBNA1BP2	0.0260519048111121	0.938918803918655	0.982665764967391
VRK1	-0.495626923114724	0.151498309407839	0.660032127309389
MAPKAP1	-0.212965011562602	0.481611529297715	0.833591056656706
SDF4	0.641849736948135	0.164554986417406	0.664477432306256
TMEM43	0.572575031846458	0.10738841491425	0.614161691700274
UTP14A	-0.141338984468725	0.693572988375945	0.912455897773153
OSBPL11	0.56893224571834	0.14913753122484	0.659866396601799
RACGAP1	-0.223872805885833	0.522652243729179	0.851564346154098
PNN	0.140007528870839	0.622159867862007	0.888968400589631
TMX1	-0.142135480580709	0.768354836185804	0.932356614259225
OSBPL3	-0.26739725854247	0.356957081734063	0.78385246234726
CCDC86	-0.0519973262548348	0.886362620979319	0.971664835677461
PTGES2	0.0891716406118768	0.771071921427294	0.932356614259225
APMAP	0.812437253095673	0.0139799665508833	0.346621123840808
RAD18	0.0494547490619084	0.943910321948357	0.984503226688371
MRGBP	-0.113406330954248	0.820634458060269	0.949911731150752
SLTM	0.147256246340234	0.659794914394434	0.908634496549503
GEMIN8	0.480007625213062	0.102796227987259	0.610884548936912
CDKN2AIP	0.0453363792199042	0.911440499376453	0.9790822643218
TECR	-0.285545589093129	0.568543526841563	0.871323941440336
CNOT2	0.966806518913554	0.25933953130606	0.732880775957815
CWC15	-1.2326743705386	0.12483752305753	0.62562069909826
VAPA	0.460840980426671	0.532158399387783	0.85340830661004
DHCR7	-0.0847346803824216	0.782802010864842	0.93630638123659
NUFIP1	1.3607490113971	0.0213354817504952	0.427203680436774
SSR3	-0.172359546559893	0.617062803986562	0.886125642128363
DIMT1	-0.343014826382678	0.28311007846515	0.752258146657145
NIP7	0.0643356170536116	0.807788801087963	0.94627376251479
SSX2IP	-0.12157088341975	0.684462754964166	0.912455897773153
GSTK1	0.574861659357953	0.0914677758448074	0.600337922086293
SLC30A1	0.859610640589381	0.0699302344360285	0.56453035511841
SNRPB2	0.329780097803813	0.265088521502285	0.73710743169319
TBP	0.255886147687935	0.596505467080182	0.879425883736599
NCBP2	0.486042003911287	0.168358130424814	0.669966989386308
SYNJ2BP	0.927731946406535	0.0535569168695023	0.547265554925699
CENPE	-0.916862293427432	0.00505603458559201	0.2306739885944
KIF23	-0.169602548604459	0.535088423688819	0.8560107559745
NDUFA9	0.223473478777525	0.441225215806588	0.815866932776944
ZMYM1	0.352546954476484	0.288206761125344	0.753548509685795
LIN9	0.484157083622129	0.231589893713499	0.726673506663357
FRA10AC1	0.1656140065265	0.554314952534593	0.867345061134374
INO80E	-1.05183643411726	0.0624117160629038	0.550299397217706
SYMPK	0.251706882284221	0.388480016929735	0.797356023842663
EME1	-0.370913518065922	0.21605720095884	0.714063861814626
DDX27	0.124332891155731	0.671512629440467	0.91198517838631
PHB2	0.260452041788916	0.510303439897614	0.846694722999655
ESYT2	0.664643694396418	0.130778169271282	0.639088839635408
MED19	-0.19458684475704	0.594391473103279	0.879249570423126
SMCHD1	0.375195970644892	0.487077856500083	0.83602979045039
AGPS	0.349584785476814	0.301891344767922	0.758419352303007
MEN1	-0.294550503493245	0.400308140852033	0.801559232473555
HIP1	-0.85120463470269	0.556398014874044	0.86739104563403
PES1	0.275966940360249	0.403990890221055	0.801559232473555
NOP56	0.208732454195939	0.514988400602604	0.848381310678252
ARID1A	-0.212711350070705	0.555739242437153	0.86739104563403
CIT	0.115693354818596	0.682329000917377	0.912455897773153
STX16	0.339209859807063	0.416998873281098	0.808510412174724
KMT2D	-1.16626073002708	0.257490353115607	0.732880775957815
VPS26C	0.134603951117974	0.740195843003235	0.927369090293275
U2SURP	-0.024636903580749	0.929515778168656	0.982665764967391
SETD1A	0.357895394204039	0.816085837457216	0.948833784160641
CEP290	-0.0830080842766172	0.774561482959919	0.933226638009667
NKRF	-0.186736692588955	0.530479248282776	0.852370321596691
RER1	0.163302558077799	0.644327024645896	0.902517247712558
SURF4	1.21043839812005	0.127134966270419	0.630015170573831
HDAC3	0.112335946159245	0.813206236764881	0.947942112990265
NVL	0.193583710395565	0.525201948578793	0.851711497555683
STX7	1.48671696993848	0.00530683900370241	0.234276072421874
POLR1G	0.207590014038217	0.559537435111992	0.867570079934892
RBFOX1	0.671021657164463	0.0526140876507732	0.547265554925699
B4GALT5	1.02252655685894	0.0155085806254353	0.369292201680821
SART1	0.497536212859508	0.0840580482830754	0.593152852482221
DAPK3	1.03822784213673	0.0987153633393898	0.610884548936912
PRPF3	0.105656860876135	0.75291687986139	0.93105058957443
B4GAT1	-0.0327379136474697	0.927847979789523	0.982665764967391
PRC1	0.306033255822712	0.665705064745726	0.909540091641595
STX6	0.665865609536752	0.0567621968429818	0.550299397217706
KIF1C	0.087735180888771	0.850129776706979	0.95612776370427
ORC4	-0.0581375889944482	0.874080734046068	0.967125655890454
RAD21	0.0349003005851642	0.922579369097356	0.981390251540538
MED14	0.143381926320739	0.720473959033535	0.920929452838623
URB1	-0.0413566248601995	0.910206949655549	0.978756675712714
ZFC3H1	-0.0696342232265188	0.878353903258589	0.969669144676312
PPL	1.41909352905999	0.0756493306117768	0.576759302488465
STX10	0.347667862040574	0.374556700208446	0.789362020485272
CCNT1	-0.889798217038326	0.141631573409235	0.647953841897776
DPM1	0.0393149133961224	0.910057652743128	0.978756675712714
PQBP1	0.521460842711463	0.121713312032584	0.622419310809109
BRD4	-0.754910967746383	0.342924450492094	0.778442506674933
NBN	-0.0443965096401051	0.883417507248783	0.971010999843529
HIP1R	-0.884128213158249	0.543619397081085	0.860366061526072
ZC3H11A	0.189431499896045	0.487010110219005	0.83602979045039
DNAJC13	0.11565237025766	0.761087426606353	0.932356614259225
DUSP11	0.326890953225508	0.481332745411523	0.833545084004393
PRPF40A	-0.201601654166129	0.477701101777537	0.830996625322882
SAP30	-0.0679170541719394	0.815513370527255	0.948816118685692
MED24	-0.0859181085752709	0.80364150155643	0.944354843561362
SRSF10	0.256088902525015	0.342275734437692	0.778442506674933
EED	-0.587872282869149	0.0722728652172734	0.56453035511841
ZMPSTE24	0.442641788015884	0.277044514775939	0.746677065466034
PIAS1	-0.042453234622279	0.900220451972599	0.976487384118773
RAD17	-0.583661528299725	0.122632657092157	0.622419310809109
B3GAT3	0.48855941739453	0.0804560575259958	0.587786291735778
TOX4	0.185781830191939	0.588254730540858	0.877930842681029
UFL1	0.332782119681958	0.2953113174389	0.756249615174734
SORBS2	-0.863424542491138	0.116555875342494	0.619831999479208
PRPF6	0.129870198870051	0.655447628149179	0.907905787709238
PCF11	0.0723990200358955	0.78871434404074	0.937911216021812
MBD4	0.198824613926305	0.599785112615639	0.880297238500876
KAT7	0.261292889625089	0.642719356840173	0.901551000722971
SLU7	0.0719489761085192	0.822859482658435	0.949911731150752
WIZ	-0.264552804913606	0.539084848804802	0.859267969603568
MAP4K4	0.368088152848031	0.273715083194897	0.74304647274211
AIFM1	-0.615046420978217	0.100011054150419	0.610884548936912
SYF2	0.340189296314691	0.421219634597544	0.808510412174724
MBD3	-0.55891456148052	0.188044847750558	0.681344266099786
TOP3B	-0.0190666810803286	0.962623806907548	0.991550120921467
CLPTM1	0.428126749481166	0.675430280029768	0.912343629720278
LDLR	1.47472979177691	0.0260579450356472	0.465121532623144
OAT	0.399922380566263	0.47473397114999	0.830996625322882
RPN2	0.122167503987196	0.689333972977146	0.912455897773153
SLC25A5	-0.200635846623811	0.58326280805147	0.876631339079071
POLR3D	0.650869641458378	0.269109349349445	0.740985508996376
LPL	0.896504564618539	0.0539274953463331	0.547265554925699
LAMB1	0.280771776683096	0.374854768132056	0.789362020485272
SRPRA	0.129168115006415	0.724618832205684	0.921368087940495
PDHA1	0.0651648568788623	0.827997382657369	0.949925692503809
COL4A2	-0.00888819058188872	0.977389848331418	0.99416404451373
FGF2	-0.435186136064225	0.403394000953617	0.801559232473555
HMOX1	0.0844208817997902	0.827335907191611	0.949925692503809
DLD	-0.076695445105063	0.814559398607775	0.948816118685692
MYBL2	-1.40776737190694	0.0134481944327524	0.346621123840808
DLAT	-0.487737042941056	0.422721722335284	0.808510412174724
MGST1	-0.0251126001011066	0.942548244727564	0.983604795095511
RALB	0.265936566199091	0.36611780096383	0.786912932159129
LAMP1	1.63377150662446	0.0327822847412159	0.485898965536171
ESRRA	-0.289834999039545	0.44207524721763	0.815866932776944
PC	0.379332013837015	0.355785232673662	0.783735662489558
IGF2R	0.938727400746853	0.233000456503666	0.726673506663357
SLC25A6	0.125282267312002	0.710238339074661	0.919605105978853
ETFA	0.562179680250225	0.143009927198248	0.651084593235131
MTHFD2	-0.105711332335616	0.747433666489031	0.929372145293163
B4GALT1	0.416858558117617	0.12054466385238	0.622419310809109
ATP2A2	0.227227834316192	0.409441236874546	0.805152462302348
ITGA2	1.22455400994692	0.0464069264642045	0.544794241073941
CEBPB	0.125400008395015	0.697325524866827	0.914387818564603
PTPN1	-0.328640028929364	0.449257916470527	0.819087867198469
SON	0.0937597241389874	0.7165562981346	0.920613940876973
ERCC3	-0.447887819109148	0.296536012815487	0.756249615174734
MSH3	2.32301542030531	0.0317369719563434	0.483312258978578
BRD2	-0.0176060956344628	0.972045737715825	0.992784626895048
ATP5F1A	-0.308449941048671	0.49066224182025	0.83602979045039
COL8A1	0.28101324435665	0.421592420372534	0.808510412174724
TEAD1	-0.106154236252419	0.705280090746133	0.91695747072851
ECHS1	-0.427634194749004	0.187676751324599	0.681344266099786
ALDH1B1	0.197470317110088	0.828778844432838	0.950106938579029
SDHA	0.381529651415761	0.335230356176223	0.77497652553132
GTF2H1	-0.680898528445805	0.110211799916104	0.618558426079804
BMI1	0.0228677240466446	0.967809872756941	0.992120637034364
RFC1	-0.0829122365706958	0.822520167865812	0.949911731150752
KRT9	1.23296381207165	0.0459817412360851	0.544063795826723
ACTN2	0.86532230023559	0.105834251912672	0.612404677120599
LONP1	-0.2864821316698	0.294854772541765	0.756249615174734
DLST	0.607935526495972	0.162816441212966	0.660853096617502
COIL	-0.0445781424312202	0.893648250288608	0.975046924572047
CUX1	0.680428471002784	0.0904162265367064	0.600337922086293
BUD31	0.202947000824064	0.60990510176008	0.883597767262299
PI4KA	1.13157009586721	0.001948152002717	0.144240492154742
HELZ	0.308194510175767	0.313528195523695	0.770594455845009
RBM34	0.133520538821063	0.656905656465388	0.907905787709238
LRPPRC	-0.231496876898056	0.371858373028664	0.789362020485272
ACAA2	0.695938017164497	0.0991684110388658	0.610884548936912
SLC1A3	0.613207310641691	0.223137291258263	0.718611817503045
TSFM	-0.346757271920477	0.331078345760565	0.774734075430597
MKI67	0.17789813676746	0.56033764301277	0.867783444776183
ATRX	0.368204849760083	0.206591257490951	0.703987034416259
RFX5	-0.15840729506575	0.762137602048716	0.932356614259225
IDH2	0.189807935606677	0.703246535651205	0.916299627780554
CENPF	-1.31902556186637	0.146741441706012	0.655167186889685
ACADVL	0.738805278737534	0.245611435728397	0.730223535335647
YLPM1	0.143193663039568	0.709077763225432	0.919605105978853
LIG3	-0.183899478772503	0.58345404726184	0.876631339079071
IDH3A	0.117916874602628	0.723544340378248	0.920929452838623
EMD	0.358180556446879	0.291861821386758	0.755009557418829
SMARCA4	0.169074562084418	0.645975074942433	0.902894368356036
BCAP31	0.157106540526378	0.582415534577616	0.876631339079071
VAMP7	0.552770512769332	0.0892856940271488	0.598382737352537
RBM5	0.57172272639383	0.081172199250527	0.590602908991334
SMTN	-0.829391044852624	0.425630416736465	0.808510412174724
ALDH18A1	-0.020497007640973	0.96838448537205	0.992120637034364
ELL	0.142420108108681	0.719958313115175	0.920929452838623
HNRNPH2	-0.72772132322865	0.0734314529768128	0.56453035511841
OXCT1	0.0607419445320474	0.886777000185753	0.971664835677461
RRP1	-0.206511484331621	0.592535220721949	0.879112734716864
TMEM33	0.0453832769856994	0.933626480408168	0.982665764967391
SEC61G	0.966720278902784	0.016459634233826	0.384939898242276
SPCS3	0.225250478563563	0.612125530982141	0.885404738818147
ATP6V0D1	1.01892295401964	0.0481356651883368	0.547265554925699
RRAS2	-0.267947696441457	0.785632517160204	0.937911216021812
GNB2	1.2322728756828	0.0309827266403608	0.483060051468164
TRA2B	0.262457909558158	0.543478678029685	0.860366061526072
NOP14	-0.284467953933834	0.343949145224659	0.778442506674933
PITX1	-1.972084055949	9.22949007810514e-05	0.0237124786626301
NTHL1	0.133614533693205	0.823842737728131	0.949911731150752
LSM11	0.160360572716058	0.583453003593559	0.876631339079071
TXNL4A	0.0968619141839753	0.68606099760344	0.912455897773153
ERH	0.0766812582448537	0.871375627348973	0.966510239716376
RBM10	-0.0202934744851255	0.957971112998312	0.991274296278738
SLC25A3	-0.288458364814915	0.392247316244199	0.797758986042456
U2AF1	0.71619330342925	0.249272226476358	0.731878338068415
TOP2B	-0.320610292120683	0.488782098521158	0.83602979045039
MLLT1	-0.670218220725744	0.0676822871205144	0.560814118555038
MECOM	-0.308939163850908	0.427724701180603	0.808510412174724
TAP1	2.45209094434219	0.06691529632053	0.557882085131193
ATP7A	-0.097267374386945	0.809733647574673	0.947073104033295
NOTCH2	0.755676326173621	0.0510377312989717	0.547265554925699
SRSF11	-0.640574018245843	0.0560075225870483	0.550299397217706
RBPJ	-2.154351133827	0.00438600686844841	0.215407762326672
FMR1	0.129736196796209	0.716944695479788	0.920613940876973
KHDRBS1	0.17340440910727	0.552870857999129	0.866656859666443
SLFN5	-0.98774818583292	0.383124509191498	0.794770959141181
EP300	0.250908198863485	0.608431142627641	0.883476211401717
NEXN	0.297023465433377	0.593514113912845	0.879249570423126
MGAT2	0.394772437266564	0.388366312749388	0.797356023842663
GALNT1	0.540852340807199	0.23823982400637	0.726673506663357
PMPCA	-0.20824022002969	0.624021737418798	0.888970778215539
ST3GAL4	0.761909062337271	0.0436323924913944	0.535723969058402
TBL3	0.28043326956525	0.492906686684077	0.83836812639902
SMARCB1	-0.505796259435122	0.444157458755605	0.815933998545632
BPTF	-0.290879803908801	0.463244365574225	0.828819267914904
SFSWAP	-0.244442635334003	0.389806015388338	0.797356023842663
CHD3	-0.141765479745303	0.686711986445933	0.912455897773153
DLG1	0.62170274133987	0.144772018802861	0.654375184923154
CHAF1A	-0.197349676385237	0.606231320952305	0.883315913879688
GPS2	0.618043272234246	0.0382058359103392	0.499644761810753
ATM	0.365158045793528	0.197705676313167	0.692322283631401
MTA1	-0.631529656396044	0.155430021942988	0.660032127309389
PPIL2	0.514902977441388	0.204691707087316	0.7012605129636
TMED1	0.705522476997604	0.314644142095653	0.771202017650544
TOP3A	-0.894472781000019	0.231608491942206	0.726673506663357
ATR	-0.0704472880432725	0.931654722497047	0.982665764967391
MOGS	0.118297503845991	0.689545459204471	0.912455897773153
RUNX3	1.99905827193444	0.0538339890676912	0.547265554925699
THOC5	0.517881714721817	0.151107849603658	0.660032127309389
MORC3	-0.365741161243978	0.519507460041681	0.851029552297612
WRN	0.68600868389089	0.0642057338826555	0.550377801280126
FKBP8	0.416920323215294	0.33217530139611	0.77497652553132
DHX8	-0.0432248483118123	0.885697617540324	0.971664835677461
MDC1	0.521274990979222	0.228426948596658	0.726673506663357
MELK	0.627741557911779	0.356888844941813	0.78385246234726
GSE1	-0.333061785667624	0.434047309319928	0.8144322609054
PDCD11	0.0271069151534569	0.917076093007879	0.980697785152038
CBX2	-0.284371385644505	0.503691908655097	0.84388583790175
GOLGB1	-0.972628052075756	0.251122859944536	0.732880775957815
KIF22	0.20782881473917	0.569990521515169	0.8715214830224
ZNF638	0.210798542095979	0.475524648183926	0.830996625322882
SHPRH	0.544895485979819	0.369696348948864	0.789362020485272
WTAP	-0.388916144169627	0.427246690825958	0.808510412174724
SLC39A14	-0.0486060764646865	0.89708950861488	0.975304119227566
RRS1	0.0520334219427312	0.866217910181382	0.96440072799735
BRD3	-0.237004706682029	0.531097736601094	0.852751535392602
WDR43	0.254301825315412	0.529007794567075	0.852370321596691
PCOLCE	0.485803440131342	0.373210094186685	0.789362020485272
EBP	0.887960327311845	0.168574912988718	0.669966989386308
PWP2	0.329626437294042	0.288837886379946	0.753548509685795
RNPS1	-0.327921003283393	0.310075994973258	0.768636330757054
TMED2	0.248743006949319	0.706590122488724	0.917749616944858
PUM3	-0.336787420305608	0.262314995434551	0.73531599056075
SF3A2	0.387786076556161	0.286006961134617	0.753164443899405
TERF2	0.0582055460292601	0.829421746805756	0.950106938579029
TGFBI	0.696894592815958	0.0361355587745703	0.491268548184383
MED1	0.457545082617624	0.279908104696579	0.74907780030284
JMJD1C	-0.383982233975416	0.386565807469425	0.797356023842663
VPS72	-0.129727009084959	0.839729368681041	0.953491395493036
EZH2	-0.312545799947017	0.473466028164551	0.830996625322882
SYPL1	1.00273005900799	0.0411734309007791	0.520162090061611
NFIL3	1.22205658196064	0.0349537483621168	0.487668609794363
IFI16	0.360650439163344	0.659669196859329	0.908634496549503
MAN2A1	1.15916909001859	0.0794874362047634	0.587786291735778
CYP51A1	0.0826268276378102	0.821544972227437	0.949911731150752
KNOP1	-0.228569527260206	0.482937271544477	0.834048588966264
CWF19L2	1.29637937883961	0.12311943867456	0.622701655514366
CHD9	0.152712169822493	0.638067372001343	0.898687626212044
GON4L	-1.61403808055847	0.0590468956820159	0.550299397217706
TPRN	-0.0635793005805994	0.855686322928342	0.958565129236784
HSD17B12	0.321509696993665	0.298853298231398	0.756249615174734
GLE1	-0.0112296738158477	0.965116913712607	0.991550120921467
USP39	-0.917320577690642	0.0842806142403152	0.593152852482221
ESCO2	-0.265994858617773	0.418929210220045	0.808510412174724
EAPP	-0.623846955117621	0.249499704461083	0.731878338068415
ODF2	0.294371972779736	0.334513037429165	0.77497652553132
C3orf38	-0.705081642305387	0.0479491858342478	0.547265554925699
AMER1	-0.685317795894715	0.104028897140797	0.610884548936912
DNTTIP2	-0.136863035418877	0.622340757035121	0.888968400589631
FKBP15	-0.374367196014049	0.623162440063576	0.888968400589631
SPOUT1	-0.0755364238952438	0.81930533214082	0.949516376616933
GORAB	0.535692785216018	0.362519921540194	0.786353672704534
WLS	0.820331262001122	0.0483286274817356	0.547265554925699
CCDC18	0.191476939788306	0.766930440113026	0.932356614259225
VPS13D	-0.0952755358459498	0.752819663905223	0.93105058957443
RIF1	0.0139233771707694	0.970819584863403	0.992337641877103
CEP350	0.578875986885379	0.16342798481423	0.661967579726918
PRPF38B	0.221914489067565	0.477662403346598	0.830996625322882
ZMYM4	-0.690503948458236	0.323895993605986	0.774231038499676
ICE2	-0.524014998366617	0.369097738889106	0.789362020485272
CEP135	1.07298121362697	0.483245000186136	0.834121805654821
ARID2	-0.0597458628879792	0.860538387908914	0.960800035832374
SPTY2D1	-0.393550404308655	0.259441234277385	0.732880775957815
VIRMA	-1.47844007011603	0.041403841117757	0.52139644792201
SPECC1L	0.20064936727157	0.825897651841967	0.949911731150752
RPL7L1	0.301563857741602	0.328910593661657	0.774231038499676
VASN	0.262267924844149	0.486615429630414	0.83602979045039
LAMTOR1	1.16584370605242	0.0952968904848388	0.606847115879702
NCAPH2	0.247483982324223	0.482710775391285	0.834048588966264
NIPBL	-0.140867748635635	0.781898665015231	0.935753839428828
HMBOX1	-0.383549831457373	0.24166813139457	0.729952390160823
PPP1R18	0.0534132298317758	0.932891055517634	0.982665764967391
RPUSD3	0.334439891841189	0.420527163122627	0.808510412174724
TAF2	0.0847875131236542	0.826772535646821	0.949911731150752
PKN3	-0.382852713333598	0.295322925688019	0.756249615174734
INTS5	0.459587634280137	0.204340561393294	0.701182590143451
RSBN1L	-0.278255068561815	0.402752681983592	0.801559232473555
CTR9	0.52755963142717	0.265719482553719	0.73729650208585
DARS2	0.364002917947623	0.208435214913363	0.70696119996495
CCDC137	-0.0113562154175924	0.972581810183814	0.993038890199623
MTHFD1L	-0.0630170414881519	0.852118353977642	0.95612776370427
QSOX2	0.506193268964992	0.16804924917941	0.669806801015048
MMS22L	-1.82787866909133	0.230409796061443	0.726673506663357
SRCAP	-1.6044728092428	0.0518242386252679	0.547265554925699
FAM83H	0.195652938771936	0.589916918787301	0.879112734716864
TPGS1	0.214087985945859	0.496276911795764	0.840048290116955
CRACD	1.03738865733238	0.481092127315687	0.833545084004393
INTS8	0.0844711532137055	0.849207083340851	0.95612776370427
ASXL2	-0.15092105285855	0.698824859796873	0.914569187155226
RSRC2	-0.494787733495212	0.331778115439503	0.77497652553132
HS2ST1	0.370683210139923	0.278068537503057	0.747796908863457
APTX	-0.904182547908654	0.0342892782305554	0.487668609794363
SETX	-0.248221541734519	0.447685946882278	0.817668714717847
EMSY	-1.91540167702405	0.0485665417444636	0.547265554925699
RBBP6	-0.269374969624025	0.41726723392399	0.808510412174724
TMED4	-0.571129971555791	0.556269807958557	0.86739104563403
PBRM1	-0.33475638152321	0.508870483469188	0.845999836447801
CENATAC	-0.740179622301554	0.275247360316117	0.744285532472142
FAM83A	-1.6874076067233	0.000482613484492158	0.0611673671151512
VRK2	-0.345638872562276	0.1796436510515	0.680002580594188
GATAD2A	-0.267430448648081	0.607082583367221	0.883476211401717
FMNL3	-1.19715953981042	0.136330058604585	0.647140294128916
FOXP4	0.962432036971194	0.134082055377724	0.645418998648875
CCDC50	0.736789492348169	0.153083432555264	0.660032127309389
MISP	-0.260457233707996	0.384607005766661	0.795878250952006
PHF6	-2.02441005788903	0.000394629715569916	0.0534655224991104
SUGP1	-0.128291493959544	0.639159809355093	0.899228525347378
CCAR1	-0.111852557037064	0.710560905690825	0.919605105978853
PARP9	0.487384439527279	0.136074120007802	0.647140294128916
RBM12B	0.091708693737715	0.719744241846851	0.920929452838623
SMC5	-0.466778509787318	0.120682501594853	0.622419310809109
DHX37	-0.0618982733906783	0.850154446476364	0.95612776370427
FTSJ3	0.25739049296191	0.380708228170035	0.791848929846515
SRRM1	-0.300349076080373	0.337321942426481	0.775958964750377
SUPV3L1	0.123362983635008	0.690805139587638	0.912455897773153
FANCM	0.477110569709168	0.117148766311134	0.619831999479208
RCOR2	-0.444657920365238	0.2995877150204	0.756964715315211
INTS1	-0.329359907062099	0.350820880663901	0.783334559446878
SYNPO	-0.321869914542379	0.328060452987321	0.774231038499676
AFAP1	-0.348854463194538	0.31688572902568	0.772028042449781
ZGPAT	0.205323392751311	0.441730906016034	0.815866932776944
SRBD1	-0.0223007966679347	0.964046677650004	0.991550120921467
CPSF7	0.557480332963351	0.230409693069655	0.726673506663357
CEP120	-0.0291210100950821	0.938673713476224	0.982665764967391
SCAI	-0.949320993882004	0.24455391840249	0.730223535335647
POC5	0.598111413291207	0.215728086921394	0.714063861814626
PRPF38A	-0.0497858429821676	0.851774616376554	0.95612776370427
KDM1B	0.323659511953132	0.351834475408473	0.783334559446878
GOLM1	0.44220556106697	0.162152037212542	0.660853096617502
POGLUT1	-0.0988130268718521	0.721707426026345	0.920929452838623
HSD17B11	0.722669750580913	0.138586932745963	0.647140294128916
POC1A	0.24271068323829	0.525227735432671	0.851711497555683
DAGLB	-0.328993977651709	0.6169841265774	0.886125642128363
CHST14	0.371450621142326	0.231450008966729	0.726673506663357
SRFBP1	-0.0465563573010606	0.922501764379464	0.981390251540538
NGDN	-0.0898913930388971	0.76745036299771	0.932356614259225
BOD1L1	-1.01410020023572	0.0940201383245912	0.606406279724252
THOC2	-0.170416506909966	0.578125052614457	0.87430844177144
PUM2	-0.721643109245097	0.367998519727543	0.789362020485272
CCHCR1	0.632206781743797	0.126469189293347	0.628984107257672
GPX8	0.025527740630725	0.93487112497073	0.982665764967391
CACTIN	-0.14828042317049	0.749289001265182	0.929887013363321
GATAD1	0.270383594815371	0.683096923424908	0.912455897773153
STAG1	0.863288918085114	0.118679449404376	0.621567636930032
CKAP2	-0.612307566285072	0.590834789275776	0.879112734716864
SREK1	-0.145881251713238	0.676218252474458	0.912383761666259
ATRIP	-1.1729651900976	0.231973230327984	0.726673506663357
PSPC1	-0.677034033537694	0.0889414934924743	0.598375219061527
GATAD2B	0.272882816492025	0.622687600899004	0.888968400589631
PIBF1	-0.325654540602589	0.354672170140245	0.783735662489558
BBX	0.415283563468122	0.136997503495873	0.647140294128916
FAM3C	0.31784943061469	0.574049066568598	0.87336984605572
H1-10	0.0809145970710787	0.754257484013316	0.93105058957443
TOPBP1	-1.10262641103734	0.0108097225867363	0.310010219294066
PHF3	0.062340376876989	0.839916955917892	0.953491395493036
AKAP1	-0.178379442609071	0.690413879389154	0.912455897773153
CENPI	-0.0343962579654118	0.917696178925174	0.980697785152038
GTF2H4	-0.0510989626244225	0.895861755450899	0.975283619044568
DPF2	0.141153487339263	0.881151675489627	0.971010999843529
CELF1	0.847821679842934	0.0222907144275626	0.433836080058468
SMARCD2	-0.20091593943642	0.656188100384871	0.907905787709238
ATP6V0A1	0.982364108520091	0.195513152499439	0.689453433425118
MED12	-0.573855623430212	0.111247699071792	0.618558426079804
PTP4A1	-0.0769069098947455	0.88769189533366	0.971664835677461
L3MBTL2	-0.570487157284855	0.188882372827255	0.681344266099786
EXOSC8	-0.283197304203131	0.462422519981929	0.828560970484658
PINX1	-0.477795367890604	0.142963329742018	0.651084593235131
ENTR1	0.764609471589615	0.337998911417546	0.776797243238139
INTS12	0.218980569834404	0.499865162489261	0.841100738081502
SGF29	0.189992248438788	0.585787793880113	0.876920602216749
RBM33	-0.0426330555507519	0.919547401926954	0.981233498688486
WDR89	-0.0737337467580019	0.82883636801661	0.950106938579029
THOC1	0.123134502471054	0.831341848088019	0.95117708827543
AURKB	0.382346486783703	0.501592475727988	0.841844014154321
SMARCD1	-0.215718669686847	0.564045736509756	0.868436172344784
TONSL	-0.586054699925523	0.342987811544996	0.778442506674933
DDRGK1	0.236634263377599	0.404448136399697	0.801559232473555
RBM17	-0.364156858341843	0.169308309399669	0.670875513691996
TENT5A	-0.455542358653609	0.270443755177113	0.741510988909648
NSL1	0.430149034524604	0.164817580262212	0.664854489579292
CDK5RAP3	-0.768611054649483	0.236183025962387	0.726673506663357
VPS39	-0.89302845036358	0.0348907775149756	0.487668609794363
CHAMP1	-0.596645865689116	0.302835102815467	0.758419352303007
CNOT6L	0.184240878035268	0.718964301101733	0.920929452838623
CCDC138	0.133028377960997	0.614380466028619	0.885404738818147
NSMCE2	-0.178679421648415	0.751707309524049	0.930698045130337
NSMCE3	-0.903967205688527	0.12512474143732	0.625964118328675
ZNF830	-0.205556505211852	0.653492654748704	0.907269484278325
SCLT1	-0.579849103397581	0.162989064819378	0.660871037848644
MUS81	-0.939348413106956	0.106049802513015	0.612583683201432
UHRF2	0.0267339240010536	0.957520120758546	0.991068639215049
QKI	0.819389822506036	0.166335127245789	0.665509893023123
PPP1R10	-0.0327132054777017	0.967637899676747	0.992120637034364
UIMC1	0.227522750791753	0.470372786334751	0.830604349442353
MED15	0.838413569476973	0.0250248973586012	0.455693012417191
SMC6	0.59740225180029	0.0992014008991086	0.610884548936912
STRBP	-0.323082733618332	0.435366496515864	0.8144322609054
SIN3A	-0.0514275952649044	0.93232023021657	0.982665764967391
INTS14	1.05584469517509	0.328967359913968	0.774231038499676
RSF1	-0.102830875639889	0.844450797366247	0.954671213572151
RBM15	-0.154873986612756	0.6833047835791	0.912455897773153
PNKP	-0.0605503471506168	0.886512423578578	0.971664835677461
UHRF1	-0.402753877977446	0.161907860858917	0.660853096617502
COL12A1	0.000226980109736985	0.999523954711596	0.999778416003528
CDC6	-0.0489066311244457	0.880731157747123	0.971010999843529
ACO2	0.93613846896168	0.347992970102776	0.782361147952715
TM9SF2	-0.00287877333936493	0.99527396816182	0.99902570564485
TCF25	0.359529710293248	0.710740108384191	0.919605105978853
CCDC77	-0.616313167347727	0.298706550078585	0.756249615174734
NUDT16L1	0.49725318092252	0.0620631950499834	0.550299397217706
UTP23	0.314985891759591	0.377259552587608	0.789362020485272
TINF2	0.962598439238626	0.158435838736252	0.660032127309389
WAC	-0.38317790371983	0.334112338084873	0.77497652553132
DIDO1	-0.548908917255048	0.216522166765521	0.714063861814626
MTA3	-0.516415312820211	0.237038565077078	0.726673506663357
PI4K2A	0.761593471473162	0.15987608794387	0.660032127309389
PHF23	0.0625539032046305	0.85156992919626	0.95612776370427
NOC4L	0.0797985607810432	0.762561332956383	0.932356614259225
KIFC1	-0.936893558149034	0.234259525487737	0.726673506663357
CINP	0.183552750648911	0.62894130460687	0.892419785410037
SF3B5	0.335014226899204	0.201514860893086	0.694576320910412
POLDIP3	-0.385211214016653	0.342556306330992	0.778442506674933
KIAA1671	0.196353753652208	0.7155211296809	0.920613940876973
HELZ2	-1.06555606961877	0.138262757400844	0.647140294128916
DOCK9	0.902116528115911	0.175101043175024	0.677105410194658
UPF3B	1.10563550526672	0.144539207708396	0.654375184923154
CRNKL1	0.328487953309246	0.241929215341748	0.729952390160823
CEP295	-0.0189789030869036	0.954073288193161	0.989586575847658
WDR33	-0.165795807555476	0.683652562870724	0.912455897773153
REXO4	0.279814553968425	0.513015216512417	0.847168528345411
POLR1E	-0.395888907972747	0.269216228814891	0.740985508996376
MFF	-0.446152313949735	0.528029067959414	0.852370321596691
CLPB	0.392000364996907	0.214195734895152	0.712174034841737
MIS12	-0.376539486748939	0.204940515867331	0.701403559967546
LSG1	-0.637202154534386	0.295880011685039	0.756249615174734
BRD8	0.0532418487363984	0.859393675203961	0.960067600192312
PARP12	0.0389581759039572	0.955784673426298	0.990054833085137
METTL9	1.43209697328848	0.0574568567310644	0.550299397217706
TAOK3	-0.557584196260766	0.243059202457313	0.73003354335965
ADNP	-0.205035222678625	0.616700796877209	0.886125642128363
ST6GALNAC4	0.882797592164962	0.329617560712931	0.774231038499676
ESF1	0.28273434925827	0.412202818892045	0.806827660744804
DHX35	0.590805322532638	0.0480329143714789	0.547265554925699
DHX33	0.026563033433451	0.938397448985012	0.982665764967391
NOL6	-0.718379082932131	0.427386665467287	0.808510412174724
PEAK1	-0.506869375512906	0.121921621608909	0.622419310809109
TDRD3	-0.609875630389489	0.25167549899305	0.732880775957815
SUDS3	0.165545351607328	0.55758483306914	0.86739104563403
NRDE2	-0.773480043506218	0.174626796997304	0.677105410194658
NOL11	0.0678601710531872	0.850752910785515	0.95612776370427
DDX31	-0.292426035694518	0.359009279351624	0.784402950978622
ECT2	0.695674691716345	0.0637268324744325	0.550299397217706
EHMT1	-0.981669281968369	0.180646020878924	0.681344266099786
ISG20L2	0.176575542510683	0.72923895501089	0.923403478206507
MEAF6	-0.0937468424110079	0.766695258964121	0.932356614259225
FBRS	0.344266200154259	0.566419980953458	0.869932798838533
NCOA5	-0.079987074393582	0.74159466440859	0.927978663684099
CWC22	0.0871364010337672	0.835447512557425	0.951948545377081
CHD8	-0.499070719188786	0.373765952404956	0.789362020485272
FBRSL1	0.133613398091171	0.704388225208867	0.916334730133363
MRPL47	0.282306664872447	0.414132126033377	0.807307358499394
TM9SF3	-0.699676537103464	0.153363645393557	0.660032127309389
HMG20A	-0.529379347483658	0.524836033985609	0.851711497555683
DMAP1	-0.212084286283353	0.633037395855457	0.896182775792994
PPAN	0.526450725541864	0.104139398945851	0.610884548936912
PRDM10	-0.986786943171865	0.00655252910694953	0.253208346229252
MBNL1	0.379618258740969	0.219402437772871	0.714063861814626
AAAS	0.248182232816738	0.57702775201143	0.873470650873383
BAZ1A	-0.477613918790677	0.336500369701306	0.77497652553132
DROSHA	-1.13163934810631	0.323100915075754	0.774231038499676
HELLS	0.127736426773634	0.69497481565997	0.912924122610506
CENPM	0.851791945243157	0.0631796865482827	0.550299397217706
PDS5B	0.484224863428025	0.33607232433607	0.77497652553132
IMP3	-0.0719830990891026	0.819213903686729	0.949516376616933
MED17	0.131949145880295	0.732624126059858	0.924062567776054
FBXO28	-0.207653568797824	0.682190589769175	0.912455897773153
ARL8B	0.392034586375431	0.388115812442325	0.797356023842663
DDX18	-0.091045179894877	0.722055102718239	0.920929452838623
INTS10	0.453201657813352	0.326835664051542	0.774231038499676
ARGLU1	-0.0234211993358038	0.953124293143737	0.989547869934688
PAK1IP1	-0.266839864087586	0.390236713329199	0.797356023842663
LYAR	-0.378494729520629	0.35541416897365	0.783735662489558
TEX10	0.0139836479219824	0.961533650038945	0.991550120921467
NSMCE4A	0.298865513416469	0.487086193293791	0.83602979045039
PODXL2	-0.970517169853139	0.326708376998779	0.774231038499676
NOP53	0.172900515806514	0.553897496725532	0.867037157224946
SENP1	0.132866456474272	0.721795699258602	0.920929452838623
SH3BP4	-1.0347890147615	0.297834963626975	0.756249615174734
HMG20B	-0.122006270142752	0.788270376165141	0.937911216021812
CEP72	0.482237688444648	0.10733963197995	0.614161691700274
CCDC88C	0.315036719009264	0.391164524272045	0.79755340729884
RBM27	0.488678484281813	0.462790590447883	0.828762183167608
MBD2	-0.180839117373672	0.671226272565188	0.911911488557615
MORF4L1	-0.132080053999772	0.711513411800813	0.919605105978853
ZMYM2	-1.217727368577	0.114611996484117	0.618558426079804
TJP2	-2.70030637173525	0.0135549097334278	0.346621123840808
VTI1B	0.325157157563538	0.447160311116152	0.817668714717847
KDM5B	-0.00148859628883002	0.99808977263635	0.999616292808621
AFF4	-0.336358887799594	0.472163576241834	0.830996625322882
TRPS1	-0.0910762222548414	0.829439246456113	0.950106938579029
BAZ1B	-0.0476182346821616	0.910146280185484	0.978756675712714
LNPEP	0.876178571712863	0.157246160064813	0.660032127309389
DDX41	-0.0529652437878738	0.858308398011202	0.9594007669377
PTBP2	0.262529412010323	0.470605408326589	0.830641801129905
MAN1B1	0.389174946686087	0.338353481796209	0.776797243238139
RALY	0.355770666718961	0.182156649387967	0.681344266099786
ZHX1	-0.993846993913596	0.23840217614891	0.726673506663357
INTS6	0.0212413458881144	0.946553635014533	0.985429049277186
MED23	-0.368102029128071	0.560972749832858	0.868424717924863
YEATS2	-0.759324266030497	0.160506935901382	0.660032127309389
CIZ1	0.100290468981584	0.827861431029828	0.949925692503809
TPX2	-0.151941393912836	0.707608154060472	0.918768155090415
TMCO1	0.384212711104638	0.33887260751086	0.776797243238139
WDR3	0.1368497334647	0.597918456851031	0.879858283508503
TTF2	0.151499518727082	0.728692783224473	0.923261510896147
SCAF8	0.357661352903577	0.249609817513789	0.731878338068415
PHF8	-0.191858772712518	0.526426832337266	0.851711497555683
ZC3H4	-0.315640860087541	0.296950450922732	0.756249615174734
CDYL	0.34195953945807	0.525873427673882	0.851711497555683
ERGIC3	0.247904091894284	0.453462482439312	0.820920927892998
KDM2A	-0.22535436287739	0.56726118829961	0.870273021799754
LRCH1	0.0181952197204396	0.951542166695998	0.988788461504516
POLDIP2	-0.0561511024675703	0.881619352672282	0.971010999843529
FCF1	-0.338835412739723	0.279698221395989	0.74907780030284
TMED5	0.919304881897091	0.257730635766168	0.732880775957815
TMED7	-0.0882018919430543	0.785748479007122	0.937911216021812
CHTOP	0.611091393990282	0.0286600494895154	0.470513867658037
ATP6V0A2	-0.283112732879186	0.596323355089557	0.879425883736599
TRRAP	0.00956295800608586	0.975625586607141	0.99416404451373
MYO5A	-0.209329697869943	0.682538258350103	0.912455897773153
UTP18	0.0310382064699155	0.905544143447633	0.978756675712714
HCFC2	1.18996230436753	0.0280481502267983	0.470513867658037
LRRFIP2	-0.495431100728688	0.20303806319395	0.697932239972906
NCOR2	0.28558388167243	0.325382154742734	0.774231038499676
RAD54B	-0.597382036275711	0.264461643391488	0.7364536033072
ADGRG1	1.47599368401052	0.0435579969581228	0.535723969058402
TAF6L	1.04215760779336	0.0727486206024051	0.56453035511841
PRSS21	0.42378699278947	0.352569018908807	0.783582114700384
IGF2BP2	1.51349057359802	0.060803286459411	0.550299397217706
MAU2	0.560018586599245	0.0660293789486089	0.556520475891407
MORC2	-0.569949790193053	0.298154938085946	0.756249615174734
SLC27A2	0.232522707207153	0.5525896810894	0.866656859666443
SPTLC1	-0.173326803079259	0.577572475627553	0.873809109257087
IDH3B	-0.0546233742785383	0.896371841216452	0.975304119227566
KHDRBS3	0.422603470869202	0.145592997377287	0.654375184923154
FLOT1	0.850807264328342	0.206513655521226	0.703987034416259
ATP5MG	-0.337270781430643	0.495275826703843	0.839852707431765
CLPX	0.20722958372842	0.614498127709312	0.885404738818147
GOSR1	0.919990276715332	0.0770639389445522	0.581159723825615
NSD2	0.0887896240724864	0.781209474339473	0.935644102412553
EGFR	-0.191559634433975	0.882550047937147	0.971010999843529
COL3A1	-0.571705432992907	0.201982809664329	0.694912836402055
ALB	1.0707800373118	0.190721738829593	0.685217292377779
TOP1	-0.415043180969121	0.354891408161238	0.783735662489558
MGAT1	0.123547495520057	0.737521260497612	0.926856895934996
NDUFS1	0.390031613181332	0.220368485858498	0.715560149535569
HADHA	-0.173687452267405	0.622964138629831	0.888968400589631
CTCF	-0.159560663007024	0.665188882309839	0.909540091641595
CLK3	-0.165303273089954	0.595833161316638	0.879425883736599
DAP3	-0.255821937682907	0.408033962561213	0.803777244170442
ALDH3A2	0.592633035663361	0.187316534415092	0.681344266099786
SEC61A1	1.0726730393519	0.0990759321282653	0.610884548936912
RAP1A	2.6792364365898	6.6498516457999e-06	0.00326590838954347
SEC11A	0.279973816097712	0.36285548704844	0.786353672704534
CKAP4	-0.154357742420736	0.625215243912016	0.88970325727284
LGALS3BP	-0.0657044042271409	0.808761783595875	0.946308851080136
PRP4K	-0.607524645822572	0.074114704880384	0.566984909637468
GTF2H3	-1.36542060824248	0.0127366854695863	0.345274715932808
ARID5B	-0.24678083664341	0.56428105155021	0.868436172344784
PDK3	0.0724502102503948	0.869997179515235	0.966510239716376
MED22	0.372980284560583	0.365500729076653	0.786878007968313
C2CD3	0.464295055236391	0.422845879341254	0.808510412174724
FLYWCH1	0.838669794888084	0.127444389017633	0.630015170573831
RAB11FIP1	0.237299171694708	0.433107138949741	0.813810592507666
ZC3H18	0.123892929383469	0.769958818128118	0.932356614259225
SUGP2	0.0736447838861771	0.778679723580846	0.934697286687157
KLHL7	-0.292738485095299	0.468810980741172	0.829798054023096
ZNF687	-0.107265113111321	0.820831024849219	0.949911731150752
CLASRP	-0.70829432352954	0.400868487488295	0.801559232473555
NKAP	-0.0965380751570422	0.765755238972386	0.932356614259225
EMC1	0.242464050124667	0.490506115996185	0.83602979045039
NUP35	0.556272887891641	0.0741741520879763	0.566984909637468
PNPT1	-0.270589274378107	0.338517168690594	0.776797243238139
PNISR	-0.217009873913895	0.552255223296794	0.866537848375841
GLG1	0.178403208365399	0.584935089325747	0.876920602216749
TBRG4	2.20388649822373	0.0590139847653587	0.550299397217706
PTCD3	-0.122384664427933	0.752489669155861	0.93105058957443
IMP4	0.00146759907492111	0.995974856891202	0.99902570564485
RSRC1	0.471592794976495	0.130091576754829	0.637318958939805
EP400	0.305020796369647	0.33855297930411	0.776797243238139
YTHDC1	0.0893241829302802	0.781330694837258	0.935644102412553
LENG8	-0.203619964799287	0.488956590568248	0.83602979045039
CCNL2	-0.628803939148977	0.298919738449062	0.756249615174734
PPP1R9B	-0.47572402619171	0.186718146096219	0.681344266099786
RNF2	-0.25841127650763	0.483404263546965	0.834121805654821
MPHOSPH6	-0.251349207194142	0.592617583446005	0.879112734716864
PIP5K1A	-0.493939008961494	0.189021443127709	0.681344266099786
DDX50	0.0140224081858555	0.961739211127315	0.991550120921467
SRSF8	-0.399313450112029	0.262781949036026	0.735377690714065
CCDC106	-0.124336018742376	0.731083016881402	0.923906456522042
NSD3	-0.192619206457021	0.453438841505721	0.820920927892998
OSBPL8	-0.427292856867581	0.200518948295197	0.694576320910412
INTS2	-0.0984200247318938	0.725676693799466	0.922116342153331
CPVL	-0.726596071512571	0.175609674977948	0.677105410194658
ZCCHC4	-0.146933014337076	0.724964278973807	0.921509107760624
ANTXR1	0.735340190726838	0.027448717215372	0.468895695387811
SFXN1	-0.30188420070985	0.285566320080398	0.753164443899405
CWC25	0.0676922661115462	0.831978087184417	0.951627919810065
MRPL39	-0.54712754574328	0.437883922139101	0.8144322609054
CDK12	-0.157402248363571	0.559493874382766	0.867570079934892
DNAJB11	-1.01551986157298	0.0286153107422277	0.470513867658037
DAXX	0.674014826526154	0.1416873042281	0.647953841897776
PCYOX1	-0.387225078980073	0.412346638527759	0.806827660744804
GPATCH8	0.575028238109187	0.401636784705054	0.801559232473555
ZMYND8	-0.0218275627968403	0.942971741583601	0.983785441498133
MED16	-1.15165588293707	0.0342128692255664	0.487668609794363
CSNK1G3	1.14040609669453	0.139262079649865	0.647140294128916
HACL2	0.242481717351122	0.723570684884914	0.920929452838623
GTPBP10	0.00270066549943948	0.995493780159028	0.99902570564485
MPHOSPH10	0.148083493231475	0.769675733811897	0.932356614259225
LAMA5	0.264201580735886	0.723434962613609	0.920929452838623
SPTLC2	0.207719870479369	0.751478368077652	0.930698045130337
RRP8	-0.188908887680366	0.690920836955216	0.912455897773153
SIPA1L1	-0.00638436703331635	0.982836642870425	0.994627177909273
TIMM44	0.247763238403181	0.518901182043232	0.850732276841895
GTPBP6	0.0578364968649439	0.865838892047085	0.964251986069444
PMPCB	0.64252052639749	0.104954565955128	0.611819717563351
ERAL1	-0.0390905263048964	0.900779947313897	0.976590621687721
MICAL2	-0.401977885645078	0.510159755650254	0.846694722999655
ERLIN2	0.0536955149745637	0.849885973883661	0.95612776370427
GLS	-0.41572647051407	0.198754861391276	0.69258684460796
MFN2	-0.553239706268979	0.185354661096337	0.681344266099786
VAPB	0.356118644321999	0.657126007789526	0.907905787709238
CPSF4	-0.331960345359413	0.699253203923211	0.914569187155226
TGFB1	0.0710584668692604	0.868236642614592	0.965827227868837
ALDH2	-0.593535085526167	0.173377952486351	0.67709853686119
CENPB	-0.054947805945325	0.905945349834536	0.978756675712714
TRIM27	-0.214120605205814	0.497601636084046	0.840048290116955
ATF7	0.50033570618875	0.679099221688287	0.912455897773153
SDC1	-0.365886075520656	0.273348540339468	0.742729194324875
ATP2B4	0.450423090922435	0.512175410740699	0.84699401485933
IVD	-0.604950847877298	0.0913459723240757	0.600337922086293
PYCR1	0.124489442323561	0.770941400815633	0.932356614259225
NR2C2	0.23339958089467	0.661503757620861	0.909385017679213
SUCLG1	0.443618774332418	0.228467125691409	0.726673506663357
BLM	-0.180603978857619	0.562511401624155	0.868436172344784
SEC61B	0.575600103945735	0.0449539996247809	0.540680717521875
TMEM258	0.59688067475544	0.156930793207977	0.660032127309389
DAD1	-0.0671695588600159	0.84183950062314	0.954335342899617
NOMO1	5.61983340853534	3.21466125075656e-07	0.000421013468474084
RBM6	0.0583886926444634	0.907019651536011	0.978756675712714
ADARB1	-0.161727056637254	0.708021782899642	0.919001514705217
MRPS35	0.288485859680506	0.537283584293803	0.857491573938614
MRPS9	-0.0694689538802109	0.763960429948842	0.932356614259225
OGDH	0.398996151104967	0.257268970206601	0.732880775957815
CEBPZ	0.193082921377062	0.524663826634734	0.851711497555683
CTDSPL2	-0.0701664443155394	0.851970575144069	0.95612776370427
SPOCK1	0.552654850478053	0.11519197437122	0.619583049000843
ASPH	0.377180870690211	0.450453612196491	0.819412003802243
DDX10	0.752412231860902	0.0735656762078458	0.56453035511841
ORC1	-0.359486384685418	0.370272861555897	0.789362020485272
MED21	0.0397631262951279	0.936317742612937	0.982665764967391
KRR1	0.131356784618884	0.711259370946683	0.919605105978853
C1D	0.951943829754963	0.128119654183887	0.630015170573831
CDK13	-0.084569796773529	0.819398534927094	0.949516376616933
NID2	0.424353753985912	0.198765939870132	0.69258684460796
URB2	0.181405500000459	0.608515464843137	0.883476211401717
MLEC	0.371723772628716	0.258908232160721	0.732880775957815
SEMA3A	-0.0635668093693091	0.871410209035184	0.966510239716376
LBR	0.438725696104434	0.20792656143128	0.706123755919159
GLYR1	-0.397662745329001	0.451055476670334	0.819702575318105
TMEM41B	0.162430262124182	0.510787218383362	0.846714189553227
NOM1	0.209346497037245	0.574373221446785	0.87336984605572
MEST	0.322325207481153	0.346811515962705	0.781272307283589
AARS2	0.385291042537407	0.512421678116729	0.84699401485933
LRIF1	-0.259076378737575	0.425866143747891	0.808510412174724
ACBD5	0.214329212701795	0.60410305470414	0.882021888492221
THOC7	0.483945236078767	0.147603292861647	0.656826128533115
MIDEAS	-0.368198811735617	0.42303457114874	0.808510412174724
BCOR	0.0987328905549312	0.828072154956871	0.949925692503809
IKBIP	0.227053821276638	0.474687787960551	0.830996625322882
NOL8	0.232995863544105	0.358985153586708	0.784402950978622
TRMT10C	-0.540275703004781	0.584534728187086	0.876920602216749
PHF5A	0.483657587272937	0.160796493929903	0.660032127309389
POGZ	-0.390928143318924	0.424371364594754	0.808510412174724
CENPV	-0.406637194746651	0.302451698923778	0.758419352303007
GPR180	0.668798556767545	0.0544316381617937	0.547265554925699
MGA	-3.41588144108011	0.00411936458445608	0.205228049706097
CBR4	-0.0073995935393576	0.985029384340055	0.995160825680657
MMGT1	0.718828375899953	0.113350959462221	0.618558426079804
CISD2	0.108643014565953	0.792081568046323	0.940353105449539
DDX51	0.256914673103623	0.41437197969671	0.807307358499394
C19orf47	0.44290169104092	0.489498135249683	0.83602979045039
RBM15B	-0.182170240509841	0.568495612926389	0.871323941440336
PHC3	1.01731461246855	0.157211436842993	0.660032127309389
SNIP1	0.0596535169132686	0.917121391600074	0.980697785152038
ZCCHC10	-0.152310287284308	0.699665156505423	0.914803460868489
DDX54	0.550707039174888	0.178698629948865	0.679677557666107
SPRYD4	-1.89111283056645	0.00950589572962684	0.29796079303526
AHCTF1	0.744843442630646	0.022296837984589	0.433836080058468
DGCR8	0.202103531168369	0.569778864032803	0.8715214830224
PXDN	0.845621213007583	0.113879428316105	0.618558426079804
P3H4	0.21798717920268	0.806880448611569	0.945793625302431
NCLN	0.199768810724972	0.615267121589198	0.885430997430692
CCDC47	-0.268448206407708	0.543351227009241	0.860366061526072
MRPL24	0.893600973749415	0.0726572510051701	0.56453035511841
PYCR2	-0.101006469566379	0.790195694895196	0.939218778366351
MRRF	1.67895615826533	0.0038335016984958	0.203538218559324
TMEM41A	-0.30381488431064	0.562704093951248	0.868436172344784
SUCLG2	0.685747871620592	0.415843157490203	0.807307358499394
TMX3	0.746713215072162	0.15866985681619	0.660032127309389
DNAJC1	0.733987571360498	0.0349375786265899	0.487668609794363
EHMT2	-0.00532430771802694	0.993932796401454	0.99902570564485
B3GALT6	0.359372529168027	0.180139174680839	0.681200016670854
ATAD5	0.392610261756534	0.2916240864662	0.755009557418829
PIGS	-0.0992946249833722	0.799487440572556	0.943495858184128
RGPD5	-0.289667707206583	0.753839470263256	0.93105058957443
BARD1	0.492335215144315	0.123145631543564	0.622701655514366
BUD13	-1.58180268280896	0.246403913154009	0.730223535335647
MRPL45	0.046694744338545	0.861676543150061	0.961797482396758
GPATCH1	0.0845517570896916	0.80350606863732	0.944354843561362
PRXL2A	0.378499284461732	0.200572604020387	0.694576320910412
PCGF1	0.119147159695778	0.748445181158414	0.929887013363321
MMTAG2	0.295486764078216	0.280955467422211	0.750764007379665
PHF20	-0.385752586040766	0.492785213814692	0.83836812639902
FUNDC2	0.373489210703994	0.466766334064952	0.829718473303689
BTBD2	-0.334757292614828	0.721009068642566	0.920929452838623
MRPL13	-0.931950021433476	0.00591272171107569	0.252525472450533
SETD2	-0.668093666993027	0.14549490552895	0.654375184923154
DNTTIP1	-0.0350081943884391	0.926357922394569	0.982665764967391
ZNF106	-0.467000793290214	0.303480564047737	0.758866246743544
TFB2M	0.0509306964477041	0.877546932712531	0.969391998734284
CCDC134	0.494694469972856	0.251137157642801	0.732880775957815
RIOX1	0.0611454915478795	0.845939529405752	0.955909235270406
SCAF1	0.151423730225439	0.636420346287533	0.897580892163473
NT5DC2	-0.251492732430137	0.462467347486092	0.828560970484658
TMT1A	0.0613525199937861	0.8890070482481	0.972676055290942
BRD9	-0.219748354260904	0.58316124129599	0.876631339079071
WDR76	-0.38974902066867	0.383962078341517	0.795263395914331
L2HGDH	-0.357252446711186	0.197607905699059	0.692322283631401
BRMS1	-0.0514272300049115	0.917267747746276	0.980697785152038
MRPS30	0.376495687527886	0.221089713690077	0.715701451538836
UTP3	0.362974050567274	0.335061066703293	0.77497652553132
ASH1L	0.241123461172158	0.389298218106797	0.797356023842663
IARS2	-0.084062548784928	0.774217716927668	0.933226638009667
DECR2	-0.215515111026612	0.469557874097673	0.829798054023096
ABHD10	-0.125768025393121	0.761471035743935	0.932356614259225
CHCHD3	0.352155400555503	0.177843170016522	0.679133099117917
ING3	-0.779039090506572	0.0843444392377608	0.593152852482221
AATF	0.214503551330132	0.561525151085445	0.868436172344784
FKBP11	0.714046290354908	0.22731902877399	0.724948428614454
FASTKD2	-0.130963018470997	0.703769079197841	0.916325421328255
HACD3	0.134441170824367	0.638161994688624	0.898687626212044
USP36	0.115581419906615	0.647309370082833	0.90318342340758
CHD7	0.53947360847237	0.511264832945974	0.846831455133471
XPR1	0.495181161535701	0.344400012671617	0.779014191011389
SEC63	-0.157424040173034	0.763550461040114	0.932356614259225
TCF20	-0.995769146335299	0.269649783954418	0.741395382195177
NOL12	0.0820932588056849	0.843818015075915	0.954335342899617
SALL4	1.08492541230956	0.0532019807046167	0.547265554925699
SCML2	-0.619872849986439	0.116995159068389	0.619831999479208
ICE1	0.205804954628391	0.399030343391865	0.801559232473555
FNDC3A	0.489252544039552	0.315751162164567	0.772028042449781
MRPS17	-0.116530311017847	0.847257544623864	0.95612776370427
ACOT9	0.412797854680655	0.16628402573458	0.665509893023123
MRPS2	0.795315840503811	0.0814440206030719	0.591485317836358
MRPS23	0.117819993859811	0.632994053138436	0.896182775792994
RBM19	0.172079583571328	0.691479495421233	0.912455897773153
TBL2	-0.00657916913130308	0.981552302289363	0.99446080342829
PAXBP1	0.317282331709777	0.364056015644538	0.786878007968313
SRPRB	0.757958878846154	0.157094846242852	0.660032127309389
ALG5	0.64956519249197	0.26683954759638	0.7388390292503
DNMT3A	-0.206519624712669	0.466884421226917	0.829718473303689
NDUFS3	0.268329210500273	0.375062630171468	0.789362020485272
SVIL	0.173709955235772	0.68276519957197	0.912455897773153
UQCRC2	0.501532151847453	0.252738885825016	0.732880775957815
CDK19	-0.1004260003502	0.71726189628528	0.920613940876973
CLK2	0.135936984378294	0.72659144637895	0.922518365895352
MRPS34	-0.800425617759213	0.104344359103471	0.610982096747448
SRSF4	-0.160937142215708	0.615124194229361	0.885430997430692
RBM45	0.745891867254663	0.0339619352119509	0.487668609794363
NCSTN	1.82691814017569	0.00945390553403221	0.29796079303526
NOL10	0.22824699998143	0.484334190311669	0.835359540708757
MAK16	-0.0977094141606472	0.735344292014825	0.925422076657991
MRPL1	1.26366943462853	0.130717445755268	0.639088839635408
MRPL16	0.687508864328258	0.0514906062382738	0.547265554925699
KLHL8	0.165843614749225	0.839018055216863	0.953297264010138
SLC25A13	-0.126181651479882	0.688549229743341	0.912455897773153
VDAC3	-0.00826097807498982	0.98545519699974	0.995335082008221
DDX52	-0.0967635965967162	0.729938259442194	0.923489530833772
RRP7A	-0.0557375539505109	0.837663686270152	0.952964873539463
VWA8	0.112208926899967	0.702684666753181	0.916299627780554
HAX1	-0.589173037365917	0.120858763569023	0.622419310809109
NDUFS8	0.326663859471154	0.506590346410559	0.845322204418927
TNFRSF10A	1.55956725676375	0.0311658244888277	0.483240379535245
AGRN	-0.44464851585353	0.332701373397633	0.77497652553132
NDUFAB1	-0.0558716969078965	0.922474352733756	0.981390251540538
UQCRQ	0.326546611501286	0.258068725368348	0.732880775957815
NPC1	0.728603471142875	0.0372569760564186	0.496648500347272
TAPBP	1.04129383424136	0.105405112604791	0.612404677120599
GPAA1	0.439599428537438	0.349174368458949	0.78249552927805
NDUFS5	0.383343291441552	0.285843327699897	0.753164443899405
OPA1	-0.495548457837273	0.471138875982757	0.830996625322882
ABCB7	0.301845079181405	0.415817002161289	0.807307358499394
COQ9	-0.326561245549563	0.57629029271744	0.873470650873383
NDUFS2	0.205814694977704	0.547038264522185	0.862130713549176
LRCH4	0.397858664220784	0.507885159765003	0.845542708778262
SURF6	0.395888423711128	0.411125628073517	0.805642190873242
CRTAP	0.0266287497184337	0.923094708058024	0.981390251540538
ATP5PD	0.685094875987232	0.124829556257614	0.62562069909826
PRSS23	0.307410967652761	0.396091588329637	0.799997047166966
LETM1	0.823880403771931	0.0250520973993671	0.455693012417191
SGPL1	0.27611686652148	0.374254439875086	0.789362020485272
CTDNEP1	-0.463292543835397	0.245148254920566	0.730223535335647
TOMM40	-0.296860859324191	0.473929082595818	0.830996625322882
MT-CO2	-0.126374205831848	0.792642568872292	0.940353105449539
SLC4A2	0.418939607045317	0.392053345977651	0.797758986042456
APP	1.62370853408034	0.0885860338819551	0.598375219061527
SERPINE2	-3.84168882583157	6.36992314896698e-08	0.000125137140261456
CYC1	0.171569604985311	0.657186067764081	0.907905787709238
MET	0.748875583174559	0.153326387890244	0.660032127309389
GSTM1	-0.228755556843332	0.635097220040546	0.896621263937946
COX6C	0.408135470401387	0.326370810072559	0.774231038499676
COX4I1	-0.0404382852748562	0.916332036479411	0.980697785152038
COX7A2	0.230257864495261	0.615699121217351	0.885461876743401
PVR	0.465781893214235	0.304679053088968	0.760053333070829
ENG	0.658963229054251	0.185977212227051	0.681344266099786
CDH2	1.23370028271581	0.13237977203047	0.643629549439355
NDUFV2	0.164550083057723	0.652750611083025	0.906559615038955
COL5A1	-0.124988435376682	0.772044853707268	0.932482087370383
BGN	0.617624564674312	0.0786179773356788	0.586533124233903
ENPP1	1.21965320388723	0.0136338326558371	0.346621123840808
CPT2	-0.616587624046254	0.348685373185486	0.78249552927805
ATP5PB	0.233391607381144	0.522783664919226	0.851564346154098
EPHB2	1.78253102760369	0.0847457566805232	0.593152852482221
ATP5F1D	0.86175213774294	0.1792555033692	0.680002580594188
UQCRC1	-0.896284907171299	0.1125479014688	0.618558426079804
ABCC1	0.414369999356325	0.29585223516061	0.756249615174734
ATP5F1C	-0.0831330651982185	0.819319116009525	0.949516376616933
SREBF1	0.6870442361827	0.0678001288657783	0.560814118555038
GGCX	-0.0784422720282834	0.856771318232708	0.958773713852552
COL18A1	0.452206478933359	0.592036983183602	0.879112734716864
ECE1	1.98545209554976	0.0757464494996304	0.576759302488465
SLC1A4	-0.222699619482903	0.559067516080071	0.867570079934892
GPD2	0.131867953833495	0.623567552055236	0.888968400589631
STT3A	0.112089928896722	0.745388400686326	0.928949782318272
UQCRFS1	0.372496712929582	0.360029045173247	0.784555806148467
ATP5PO	-0.310958628980735	0.311606550433451	0.769851008692001
MRPL19	-0.0654519366888024	0.805411955589949	0.945252808612239
NDUFV1	0.327446748551328	0.349324804874955	0.78249552927805
SLC26A2	0.384486194338418	0.245015333387924	0.730223535335647
BCAM	0.616567962016845	0.151111885864925	0.660032127309389
RAB27A	-1.09901603818212	0.0240499603939493	0.449963306608699
NDUFA8	0.504045157429687	0.237660129882363	0.726673506663357
MRPL12	-0.398275140346243	0.21520006477858	0.714063861814626
HCCS	-0.41950232498024	0.370931833119648	0.789362020485272
CACNA2D1	1.45061741667945	0.222741732918341	0.718515819898327
EPHB4	0.265604864408452	0.395179631800455	0.799764655408323
SLC12A2	1.02337621326462	0.0727050308907084	0.56453035511841
HADHB	0.0876678562166902	0.821278797593572	0.949911731150752
ATP5MF	0.130279806541608	0.70456788489002	0.916334730133363
ITGA1	0.566833806247256	0.062246307784367	0.550299397217706
ATP5ME	0.156037318398017	0.661344015957769	0.909385017679213
HSD17B7	0.531595823505501	0.0794961866158388	0.587786291735778
CD81	-0.501736925708638	0.215660827745014	0.714063861814626
TIMM10	0.433450979616822	0.197982760189266	0.69258684460796
VAMP2	0.728317496827838	0.0226592076678803	0.436411896701479
CXADR	0.97664826880645	0.326867051793852	0.774231038499676
MRPS22	-0.251237360393709	0.513457981673768	0.847168528345411
MRPS25	-0.372315623884226	0.19449217948216	0.688911117371249
LACTB	-0.0926851658891579	0.812233457299224	0.947942112990265
HSPG2	0.353969151368894	0.267622431550148	0.739963781534504
TFAM	-0.437405253798936	0.159284650148287	0.660032127309389
SLC25A11	-0.227329510474537	0.490097493733655	0.83602979045039
LMNB2	0.33491236155923	0.284543007810754	0.753164443899405
PLAUR	0.869312713685559	0.0658726640808196	0.556520475891407
STX4	0.645521908940552	0.219052465308016	0.714063861814626
PTPRJ	0.401574603731063	0.308401088081511	0.765450331694415
BNIP1	0.00486803748314557	0.987397396904057	0.996272309305608
MRPL49	0.112685146089284	0.763456266221557	0.932356614259225
MSLN	0.451810979325739	0.685832526769141	0.912455897773153
NNT	-1.57334852959591	0.0176428385328271	0.389430969637516
SLC39A6	0.666649049647457	0.54026518506969	0.859668468225596
ADAM9	-0.157612535035419	0.571614710029823	0.871961933516752
ADAM15	-0.580473903392299	0.233793604518433	0.726673506663357
MTX1	0.154016609541667	0.611737476865439	0.88527312950435
LAMB3	0.426983345547924	0.600772747532145	0.88044771131885
FLOT2	0.731343318722203	0.106351718136899	0.612583683201432
RCN2	0.918966093395156	0.26241040840229	0.73531599056075
GNA13	0.701441786186727	0.329475758154436	0.774231038499676
SQLE	0.505416875578405	0.453590694179201	0.820920927892998
MESD	-1.16283341810708	0.271473081319221	0.741947491501501
SLMAP	0.951359458164767	0.043295435754069	0.535723969058402
ARL6IP1	1.83889605335108	0.059984209181193	0.550299397217706
PON2	0.212845908525136	0.437270701387601	0.8144322609054
PTPRK	-0.388999120179037	0.311263383724032	0.769768883324551
EPHA7	0.00229010644748939	0.996488461502332	0.99902570564485
DECR1	0.142901657095706	0.730047972198955	0.923489530833772
UGT8	0.272536699885457	0.443879082435287	0.815933998545632
IMMT	-0.419837091375289	0.259808329041211	0.732880775957815
LY6K	0.923283441383212	0.0367748123974156	0.496523154327993
ALG11	0.115634154240809	0.816773730125167	0.948877582986926
HSDL1	0.157419983140901	0.667921986938357	0.90976109245334
TIMM50	0.433874078847616	0.368708285986429	0.789362020485272
TMEM97	0.190575291744999	0.530065769708628	0.852370321596691
PIGG	0.772012063287093	0.0665728235349864	0.556520475891407
CT83	0.1357727824088	0.762507360070383	0.932356614259225
MIA3	-0.0259127693888601	0.967705689222958	0.992120637034364
MTARC1	0.34266522389456	0.459256493227511	0.825817568551803
CDKAL1	0.424176015455863	0.133503653942517	0.645185555153936
LPCAT4	0.000438068309783546	0.998897829799665	0.999778416003528
STEAP3	0.593577454217044	0.140825897551597	0.647140294128916
MCTP2	0.650306913973449	0.176646935187295	0.679002063980736
DHRS7B	0.415967939647469	0.143566327458753	0.652316050977919
SLC25A24	-0.233947350809164	0.444764865536678	0.816198578558435
RETSAT	0.396369921416284	0.42102695428681	0.808510412174724
TMEM214	0.146817187343423	0.742571880535202	0.927978663684099
SLC27A4	0.510221455634607	0.128035357984846	0.630015170573831
TMEM205	-0.0354738018169662	0.913258946805555	0.979310699235542
LCLAT1	-0.0722559998553436	0.887784081789405	0.971664835677461
CD109	-0.469165919353262	0.576685231829303	0.873470650873383
ACAD11	0.163435701543737	0.672379056126552	0.91221592248661
ERMP1	0.344265384779789	0.364484954296228	0.786878007968313
MRPL21	-0.0288633268226874	0.918909016595972	0.981146575978336
GALNT7	0.750736019815008	0.196130410491266	0.689453433425118
ADGRG6	0.16433131817876	0.808782163890836	0.946308851080136
DHDDS	1.51166325539804	0.109156754046501	0.618558426079804
GPAT4	0.408249394060977	0.437721009606671	0.8144322609054
TRABD2A	-0.384861964447953	0.464222071596579	0.829622821551864
LONP2	1.6417998862363	0.00331626418172013	0.185628378832599
CPNE5	-1.23736205293833	0.0218560074144719	0.432880196645024
TMEM126B	0.567298066448554	0.081667720028893	0.592015630984355
P3H3	-0.0104388079684483	0.975844507845121	0.99416404451373
ITPRIP	0.459846201756992	0.377059275187864	0.789362020485272
MICU2	-0.255697798654232	0.418404754038108	0.808510412174724
RDH10	0.364276977067615	0.422940052467306	0.808510412174724
GHDC	0.96711315469355	0.0861138362543843	0.593152852482221
ABHD12	0.357391485589044	0.229531604635508	0.726673506663357
DHRSX	-0.0132140531774176	0.96325584576306	0.991550120921467
XXYLT1	0.558426899054179	0.272185061892628	0.742143844740442
UBAC2	-0.346873770655392	0.327946645268034	0.774231038499676
RDH13	0.983640975975213	0.05986343482574	0.550299397217706
TTC13	0.114574901321305	0.780791755543362	0.935644102412553
UXS1	-0.190553401513391	0.755129833569232	0.931231988729916
DIPK2A	0.308709764963602	0.39732818241184	0.800565348049292
VANGL1	1.45380607570014	0.200817886944196	0.694576320910412
DNAJB14	0.169038161196774	0.679239288215423	0.912455897773153
STT3B	0.332852973618561	0.362792907637146	0.786353672704534
NUP210	0.271291898916047	0.409809060110381	0.805472634904295
USP33	3.12240561477294	0.00499233246999257	0.2306739885944
SLC38A5	-0.552151282599095	0.16748551809596	0.668750610364864
THEM6	-0.0752491920869076	0.816293858150858	0.948833784160641
DCAKD	-0.525626247779446	0.138178995017473	0.647140294128916
TFB1M	0.0628195625398007	0.855930322535575	0.958565129236784
FAR1	0.0523160480026732	0.869853254518008	0.966510239716376
SLC44A1	1.55752037094937	0.0822332849624867	0.592834085536899
BRI3BP	0.134552277604321	0.703374822444935	0.916299627780554
TM9SF4	-0.049608932076616	0.911034480237146	0.979063039620281
UBXN4	0.0474279083500981	0.91804694675215	0.980697785152038
PIGK	0.522885053368618	0.0611437287594624	0.550299397217706
NECTIN2	1.59795790653791	0.000548469698776462	0.0653011347422036
PIGT	-0.159212836174028	0.557655836414242	0.86739104563403
FAM162A	0.432130962263141	0.274221783017577	0.74304647274211
TTC17	-2.40811081903423	0.00528032914079941	0.234276072421874
FAF2	0.148945017845335	0.543220487839209	0.860366061526072
RSPRY1	0.274746478488318	0.473752710071935	0.830996625322882
NUS1	0.487155594395308	0.325450497623828	0.774231038499676
DNAJA3	-0.128867729895884	0.668615000396939	0.910252368870261
ATP5MK	0.307899999120018	0.238653912511817	0.726876916479791
TXNDC15	0.754400023116887	0.0203102045103954	0.422166872506459
SLC35E1	-0.0128101021623124	0.968854245000911	0.992192030419632
MBOAT7	0.162878945090256	0.639372977243566	0.899228525347378
MIA2	0.760842999348231	0.0265180729406758	0.467217527282132
TMEM237	0.323512714869175	0.350966718414973	0.783334559446878
SLC38A2	-0.0227019992982918	0.933713149536295	0.982665764967391
FYTTD1	0.217377354297849	0.51328333998439	0.847168528345411
H2AC1	-0.47342989687661	0.471781264989371	0.830996625322882
VPS13A	0.267468425742784	0.505928383342932	0.845322204418927
MYADM	-0.20584235898297	0.746182494373349	0.928956817116287
CYP2S1	-0.36879766590047	0.294134216306796	0.756249615174734
CDK5RAP1	-1.87508553222218	0.102472922073823	0.610884548936912
YME1L1	0.018798118832283	0.955201732348449	0.989711921518211
PKMYT1	0.113761886997789	0.732852878897985	0.924062567776054
SIGMAR1	0.192439682196259	0.642270484588548	0.901243119267287
SLC29A1	0.602592440908712	0.104610421735401	0.611296530999497
RNF5	0.703134204523831	0.0759632164298842	0.577291058709894
ADPGK	1.56674180655447	0.00267855938280217	0.165142824037287
NDC1	0.199899096935948	0.551024315507557	0.865301380643536
ISCA1	-0.318963153705866	0.308103185620558	0.765194321304155
DERL1	0.0430755396415279	0.900436190547802	0.976487384118773
ABHD6	-0.0363681659336805	0.897357840873203	0.975304119227566
TMEM109	1.02365236136034	0.132165110045676	0.643629549439355
NUP58	0.531376192700328	0.112474575214568	0.618558426079804
MRPL20	-0.0930541137232836	0.792726623102314	0.940353105449539
MRPL37	-0.287532394153068	0.372559480342991	0.789362020485272
SLIRP	0.463916054784967	0.18439580582394	0.681344266099786
SLC22A4	0.653051368632255	0.218779678054626	0.714063861814626
MAGT1	0.0381859763318886	0.907336837717421	0.978756675712714
UNC93B1	0.687543023259291	0.134634250536554	0.645418998648875
TMX4	0.287529192196121	0.564537448151233	0.868436172344784
SLC38A1	0.789138060597033	0.0524255505855098	0.547265554925699
MRPL46	0.0362524322640283	0.921897095244237	0.981390251540538
PIGU	-0.963339534678262	0.116803821619476	0.619831999479208
TOR3A	1.21877256538519	0.112877500086565	0.618558426079804
TRABD	1.32347557804173	0.0455707667440724	0.542568310719577
ACAD9	-0.0983987031331495	0.749305748105949	0.929887013363321
MRPL44	-0.0923570873007655	0.812628698839192	0.947942112990265
RDH14	0.225829379115105	0.491099966367576	0.8363813471427
PREB	0.0128985728885667	0.977553600769767	0.99416404451373
ABCB6	0.940315792373173	0.0629637899209089	0.550299397217706
PNPLA8	-0.25630819521994	0.538553837765476	0.859105979935264
SARS2	1.08337573405507	0.385576977065802	0.796871747545552
CD320	0.991847399910441	0.009500605571311	0.29796079303526
TOMM22	-0.0821936069439531	0.882783932164147	0.971010999843529
SACM1L	-0.425407027175929	0.432634068452634	0.813810592507666
UFSP2	-0.275752224458969	0.467895818236689	0.829718473303689
ATAD3A	-0.192335242857936	0.623989649270699	0.888970778215539
MRPL22	-0.361565004887403	0.365135508721196	0.786878007968313
SMPD4	0.304791819395032	0.41455689745636	0.807307358499394
TOR4A	1.05940964084803	0.0679696568740115	0.561035256004184
QPCTL	0.549580840385609	0.199367707114177	0.69258684460796
DNAJB12	0.556273222413409	0.232194821633221	0.726673506663357
UGGT2	1.07008858443731	0.0715985764225868	0.56453035511841
MTCH1	0.162681773981859	0.592092314803836	0.879112734716864
NDUFAF4	0.255985871615916	0.365899094501816	0.786912932159129
NDUFA13	-0.459178322901753	0.570495098798829	0.8715214830224
CHPF2	0.219340985037707	0.486606864634988	0.83602979045039
STX18	0.145894943321284	0.669143983744729	0.910341659325846
DPM3	-0.468217900907518	0.233562974972742	0.726673506663357
MRC2	1.49789706903767	0.0130966482806025	0.346621123840808
ADGRE2	0.440606219103447	0.186160610903065	0.681344266099786
PLXNA1	0.669589246251057	0.37033889780701	0.789362020485272
STOML2	0.0838639628736857	0.767186812915771	0.932356614259225
RAB23	0.281223118039364	0.760181734838244	0.932356614259225
HIGD1A	0.438059058557268	0.33496953418546	0.77497652553132
SLC5A6	0.151484780309726	0.670290273307398	0.911266198969537
YARS2	-0.712554780099907	0.0687530010599836	0.56453035511841
MRPL11	-0.438171257772012	0.239676693157928	0.72760752576442
TIMM10B	0.848946073719063	0.0508511144995582	0.547265554925699
TIMM8B	-0.323073732970599	0.346590578288262	0.781272307283589
TIMM13	0.0789490734619847	0.759274635703324	0.932356614259225
FADS3	0.725773506399314	0.489136629142148	0.83602979045039
AUP1	0.343387476001361	0.360003720549962	0.784555806148467
MTCH2	-0.159803832595713	0.659192038126144	0.908634496549503
TEX264	-0.0537181592697173	0.908391481602212	0.978756675712714
CEPT1	0.555535183940634	0.25974758158473	0.732880775957815
SLC4A7	0.622202001117877	0.313493994512619	0.770594455845009
COX11	0.175727154358086	0.64459998693761	0.902577814924402
LGALS8	0.575989391733319	0.0966024544646189	0.60728166974638
ADAM10	0.223886778688509	0.644241275520347	0.902517247712558
ICAM1	0.420186340341512	0.181099663820441	0.681344266099786
YES1	-0.459139354890972	0.295147966210459	0.756249615174734
IFNGR1	0.792838834700344	0.0184403566752392	0.399484423123687
NT5E	0.365070051352482	0.387981958595417	0.797356023842663
FECH	0.731463298992491	0.21166321738143	0.709953457105198
PTPRM	0.105770412359515	0.827742179673253	0.949925692503809
AXL	0.340566668724072	0.340109727984455	0.777298638401627
KRT2	0.761276482780488	0.0361251950671954	0.491268548184383
GLIPR1	0.355305402001964	0.227518804809842	0.724997067394864
CD151	1.10070934724708	0.00475961702563875	0.225307654141381
HARS2	-0.281802658218368	0.305543495756677	0.761243116568157
ROR2	0.782328167936292	0.535316887319433	0.856027696490864
TPBG	1.18861323800972	0.00848171255135032	0.292321479072416
EFR3A	0.158646618780235	0.66785102763343	0.90976109245334
NBR1	1.16746770467952	0.0063333019689563	0.253208346229252
RARS2	0.520151827579305	0.117489827947668	0.619831999479208
ATAD3B	-0.26874649188094	0.581079738231852	0.876631339079071
CD276	-0.464714301114928	0.212754370926379	0.711940787832909
GOLM2	0.175712674993694	0.647122151463656	0.90318342340758
MRPL10	0.141643639377079	0.694831867566315	0.912924122610506
PIP4P1	0.592676469388461	0.136827524632581	0.647140294128916
SLITRK4	0.911151114214725	0.0188394516819721	0.399484423123687
KIAA2013	0.162842230096068	0.838100902780652	0.952964873539463
TMEM123	0.677213978436605	0.31227616444574	0.770202793538803
MCU	0.109400746334824	0.753254870737658	0.93105058957443
MAIP1	-0.090309604298092	0.746736594623783	0.929046257212427
MRPS27	-0.0138179881005165	0.968316590580453	0.992120637034364
RAB8B	-0.0548262841215923	0.835650428354684	0.951948545377081
PGAM5	-0.637998402232398	0.26098428202858	0.732957286697849
AGMAT	-0.173893868140773	0.8430811088216	0.954335342899617
NDUFAF3	0.286398685564734	0.70902907388783	0.919605105978853
TMEM126A	0.321268003925962	0.353143485285833	0.783735662489558
XYLT2	1.1034606646406	0.0764472939514441	0.579848297172247
RAB20	0.446762195694472	0.524875802269691	0.851711497555683
CMTM6	-0.371362044117415	0.689050392222421	0.912455897773153
LAMTOR3	1.25694745666084	0.0704788288212258	0.56453035511841
PTRH2	0.396745751388568	0.55869881784406	0.867570079934892
PLXND1	0.336831654970311	0.315021035510389	0.771644419277006
F11R	0.306097726284889	0.320046491833959	0.772979916629885
SLC12A7	0.658057071922148	0.313391619140311	0.770594455845009
NFS1	0.00819134376825303	0.989800692666876	0.99741649691925
NBAS	0.946567537057582	0.0583281019665403	0.550299397217706
METTL15	0.820338131296367	0.233255655118545	0.726673506663357
SYNM	0.614031154085893	0.207937181368915	0.706123755919159
AGPAT2	-0.384396739731734	0.394832319063282	0.799764655408323
ABCC4	0.267225842906466	0.582682376594986	0.876631339079071
KCNN4	0.159777360183959	0.702247696381385	0.916299627780554
ECEL1	0.45990397315968	0.353980277440162	0.783735662489558
TMEM50A	0.651258542892243	0.328862679599682	0.774231038499676
MRPL3	0.110239722980069	0.718258674681809	0.920929452838623
COX5B	0.220704314966564	0.493157900367962	0.838432449392351
GJA1	-0.0659463105289397	0.871981691577222	0.966510239716376
EPHA2	-0.108046089128656	0.79909255023027	0.943495858184128
SOAT1	0.462197027468903	0.225958837044586	0.724558132393619
PNPLA4	0.57778329150144	0.16143824747883	0.660032127309389
NES	0.0208773153312833	0.950826388336286	0.988684838796468
EPHA5	-1.29506334754169	0.0847145159987599	0.593152852482221
BRPF1	0.446563952490557	0.431242982385266	0.812639653617127
NDUFA6	0.266208109601109	0.480751951767112	0.833545084004393
UBE2G2	0.565985068394738	0.184181469358137	0.681344266099786
HBA1	1.1873231289518	0.00772688797039138	0.275990389415161
CNTNAP1	-0.207170094750133	0.620102555373652	0.888218352192154
MRPS5	0.677224663132961	0.171082593297317	0.673455767520374
MRPS15	0.0418300925257356	0.897167054323711	0.975304119227566
MRPS21	-0.427429918908921	0.680717905992741	0.912455897773153
PDE3B	0.734161894974161	0.258301665764086	0.732880775957815
PEX6	0.1639590400268	0.658137056633297	0.908574323685836
NCOA4	0.0806008052925549	0.788424595833233	0.937911216021812
SPCS2	0.726932391732731	0.0563778546099814	0.550299397217706
MTX3	-0.234604395726837	0.458117548389827	0.8252837448985
MRPL2	0.67157901437308	0.0889142486361416	0.598375219061527
GOLGA7	0.139233268394282	0.680030466328153	0.912455897773153
ADCK1	0.248172842148506	0.34593660559714	0.781140760569633
SLC35F2	0.662021480176552	0.0494028597969246	0.547265554925699
PNPLA6	0.330814357374294	0.304644793579145	0.760053333070829
UBE2J2	-0.0598279130627901	0.886381502079028	0.971664835677461
JAGN1	0.42819094686671	0.356018214561778	0.783735662489558
ATP11C	-0.882319056111207	0.0606305096113113	0.550299397217706
LEMD2	0.229225575145119	0.445800452837799	0.817335501259781
GPRC5A	0.652787295449144	0.166091033301074	0.665509893023123
GADD45GIP1	-0.101167555623288	0.887312541141207	0.971664835677461
CD99L2	-0.293601740412775	0.585157057360538	0.876920602216749
SLC7A6	1.27090875140215	0.0862467451174293	0.593152852482221
LPGAT1	0.580954796742692	0.235276172893173	0.726673506663357
MRPS31	-1.54511430137349	0.0645495110550443	0.550377801280126
TAMM41	0.776596446995374	0.177113669154453	0.679002063980736
FOXRED1	0.147264274292727	0.652067311106953	0.906125873887318
MRPL38	0.581634964013265	0.169847278564914	0.671306562288548
MRPL48	-0.143265383091119	0.826235092920639	0.949911731150752
NARS2	0.647518074915517	0.0960793023511523	0.606847115879702
KIRREL1	1.01416563551509	0.164369256445627	0.664477432306256
PANX1	0.943723138710805	0.0329502053777056	0.485898965536171
PKP2	0.149837706276482	0.675956300869364	0.912343629720278
UQCC2	0.10340228316198	0.675416447128892	0.912343629720278
RAB11FIP5	0.201768032560828	0.522517934242582	0.851564346154098
MRPL9	0.591608430086634	0.311770015981912	0.769851008692001
MRPL4	0.407760674339702	0.138697236512227	0.647140294128916
MRPS26	0.732861214126995	0.175494241345183	0.677105410194658
ZDHHC5	0.910774715148779	0.113666719810441	0.618558426079804
GHITM	0.15365339259229	0.669076164987153	0.910341659325846
RHOF	-1.43803067705963	0.0141304943652979	0.346991952257847
EPB41L5	0.827876575442698	0.242280756511777	0.729952390160823
CDC42SE2	0.359083706946887	0.4530330124088	0.820920927892998
DDX28	-0.253301816061416	0.428022819374758	0.808510412174724
UQCC1	-0.438839966916269	0.459004455768668	0.825817568551803
CLN6	0.673522656398159	0.188826417840569	0.681344266099786
OCIAD1	0.300013038648004	0.410154663510767	0.805642190873242
ELOVL5	0.0788176879904654	0.82216051708228	0.949911731150752
CISD1	-0.135382432775604	0.583370121250612	0.876631339079071
MRPL15	0.5139349884358	0.231946437623489	0.726673506663357
ADAM22	0.463432917116243	0.273131132893284	0.742652056150668
MRPL27	0.813742997871607	0.103743149513774	0.610884548936912
AFG3L2	0.0649877419728639	0.811011472843298	0.947942112990265
TIMM22	0.199455238909838	0.489205831437518	0.83602979045039
PEX16	0.56495504424813	0.355272252689042	0.783735662489558
NDUFA10	0.122996537002599	0.720953619872147	0.920929452838623
IGF1R	0.495126583340806	0.184328967775438	0.681344266099786
JUNB	0.515069633521414	0.232672383772241	0.726673506663357
KGD4	0.675239940290489	0.188105754482399	0.681344266099786
TOMM20	0.333699106861385	0.376829620119216	0.789362020485272
AGK	0.487736354543788	0.0976885318459016	0.610884548936912
EMC4	0.388094962867306	0.339794010001168	0.777298638401627
ASPHD1	0.192221874053594	0.72268077968082	0.920929452838623
CADM1	0.831543282145677	0.0917263987834615	0.600337922086293
CLMP	2.61238995562757	0.000831831217173476	0.0902124345944947
TIMM9	0.601249774654214	0.221504954204944	0.715701451538836
PXMP4	0.675403154909823	0.053747789996281	0.547265554925699
C1orf226	0.894963886495237	0.160515232546226	0.660032127309389
CYSRT1	1.2218266582979	0.0205297558199551	0.422166872506459
HACD1	0.01243504507881	0.971962950222881	0.992784626895048
KCNJ12	-0.222051640763116	0.69336874535112	0.912455897773153
GET1	1.79979454006681	0.00175585683893416	0.134367326153529
POLRMT	-0.0905982305871404	0.757507671219961	0.932190185502893
PODXL	0.646727941357838	0.059601617006538	0.550299397217706
C2CD2L	1.13734053337279	0.0671119616071136	0.557882085131193
NEMP1	0.626602617951932	0.268722942390332	0.740921010983589
EI24	-0.0794365399466166	0.805917438071376	0.945491076196607
BCKDK	0.233839259068748	0.40793332115409	0.803777244170442
TIMM23	-0.741245842127878	0.0959446628888178	0.606847115879702
PRORP	-0.134504015073965	0.788130844390969	0.937911216021812
BET1	-0.975789077561622	0.0726226358469609	0.56453035511841
ABCC5	-0.372098139358471	0.185155738981199	0.681344266099786
NDUFS4	0.781281550141856	0.146474547445983	0.654719564181193
EMC8	1.2755694427632	0.198685154418391	0.69258684460796
NDUFB5	0.0310522734241481	0.941967460072429	0.983521166788353
NDUFB3	0.946258377223632	0.215674034531373	0.714063861814626
SLC25A17	0.55207581633076	0.288774814871997	0.753548509685795
TPST1	-0.220413393761582	0.663085663150363	0.909385017679213
PTCD1	-0.0483713919188986	0.902624740169485	0.978050911231635
NDUFS7	-0.179157350713595	0.659593863214149	0.908634496549503
NDUFS6	0.362296918368191	0.29188999195267	0.755009557418829
MTX2	0.102847230453143	0.695956884528342	0.913363801532523
SLC25A12	0.431810771667248	0.293602955658889	0.756249615174734
SCO1	-0.0473579564867848	0.873316440329381	0.967097038910411
WFS1	-0.297335094141921	0.466979517491289	0.829718473303689
TMCC1	-0.342709571220066	0.678093934092777	0.912455897773153
GLCE	-0.0922667090236295	0.819664062698671	0.949516376616933
NDUFB6	0.693628983370349	0.134311405039994	0.645418998648875
ZFPL1	-0.332602955899549	0.420666495056926	0.808510412174724
NDUFB4	0.355227935109372	0.459962026592562	0.826333243018828
NDUFB8	0.361345680041953	0.286233871538228	0.753257120745946
NDUFA7	0.234870093029034	0.566747638480526	0.869932798838533
PIGN	0.508295029516724	0.40877497032921	0.804574579147201
ABHD16A	0.539072596882633	0.497315553494976	0.840048290116955
TRUB2	1.0851607495982	0.0192831598102001	0.403146369885137
NDUFB10	-0.0493094838169306	0.87109698128194	0.966510239716376
PEX11B	0.137567981263292	0.712816486585047	0.919605105978853
HLA-H	-0.0541514165073096	0.905396700442182	0.978756675712714
MT-ND4	0.0643299596991618	0.872880076043906	0.966998893108418
MT-ND5	0.184688716466603	0.662865777814436	0.909385017679213
S100A8	-2.28164397642844	0.00107428765959513	0.10294820035486
S100A9	-1.19826799008132	0.415226536226485	0.807307358499394
KRT16	0.738511760147361	0.226449296032693	0.724558132393619
DBT	0.285244835062475	0.425327328299933	0.808510412174724
SLC25A4	0.551553164925881	0.282376130624429	0.751154920259568
KRT5	0.18602837418365	0.763794122286816	0.932356614259225
CD59	0.149352323530294	0.737475256071564	0.926856895934996
MUC1	0.537267021480801	0.0733675844407094	0.56453035511841
TMEM11	0.266227968104655	0.440615635481539	0.815866932776944
NDUFB7	-0.138322837003464	0.73105720385146	0.923906456522042
ATP5PF	0.337081741449254	0.367820213442208	0.789362020485272
JAK1	0.290478953355695	0.500974393632898	0.841525606063983
PTDSS1	0.140747698330554	0.667961455296072	0.90976109245334
DGKE	0.390088400868073	0.234477261673735	0.726673506663357
SLC25A1	0.433424457691103	0.122592792890645	0.622419310809109
NDUFV3	-0.283900821341803	0.338759337007814	0.776797243238139
PEX3	0.768294370003709	0.115432627098146	0.619583049000843
YBEY	1.04994282812682	0.105576582983487	0.612404677120599
ROMO1	0.0148710598845554	0.96326775039673	0.991550120921467
SELENOT	0.181232023224581	0.664581325955568	0.909540091641595
DHODH	0.110294054796739	0.780760228704618	0.935644102412553
LAMTOR4	1.39602578274933	0.0671616763214697	0.557882085131193
SREBF2	-0.0854381871458152	0.766562753389188	0.932356614259225
MRPL28	-0.0518924684585116	0.901245824165622	0.976826163626684
PLD1	2.89145049038109	6.76135761536057e-05	0.0204349031313475
PPIG	-0.0531097975628114	0.91905447265609	0.981146575978336
TUSC3	0.308182867639051	0.401705035816383	0.801559232473555
STIM1	-2.61558175141405	0.0175871745621136	0.389430969637516
MRPL58	0.677506352172664	0.165168036552674	0.665509893023123
ITPR2	0.746763595007693	0.172421255935019	0.676599529589354
ITPR3	0.03108280338596	0.928937020286616	0.982665764967391
INPP5A	0.316926828866308	0.344985289590167	0.779566275792786
SLC75A1	0.0124894178019019	0.973071959091002	0.993038890199623
FASTKD3	-0.479330930614108	0.571691000442645	0.871961933516752
EMC2	0.522894215853189	0.120635113916125	0.622419310809109
OXA1L	-0.0525705018380016	0.853806816351757	0.957091863465351
MTFR1	2.68418630667879	0.0306968581898844	0.482431823312223
DIXDC1	-0.0510154122300222	0.867117881473005	0.964855892468829
TRAM1	0.222093580500264	0.647331259942923	0.90318342340758
MRPL23	-0.533220933295667	0.446198918251288	0.817668714717847
CYP1B1	0.12276007551727	0.727235233943228	0.922518365895352
TMEM132A	-1.35977385434208	0.00380005753863153	0.203538218559324
DPY19L1	-0.0181913457699068	0.979519091197346	0.99416404451373
GRAMD1B	0.253362108662845	0.7660393681634	0.932356614259225
FNDC3B	0.351686042687987	0.355094060474096	0.783735662489558
MPV17L2	0.238372496334367	0.541753816550306	0.860136810595997
OCIAD2	0.784911307551358	0.160103600593693	0.660032127309389
ALG10	0.396946445901488	0.223713494464439	0.71928831403501
COX20	-0.56013795958453	0.0832909308867096	0.593152852482221
C6orf136	-0.181061484453242	0.687631998648323	0.912455897773153
EMC10	1.39028382688049	0.0172018600099114	0.388508323591684
GLT8D1	0.397679145828498	0.144155553103137	0.654026753051067
NCR3LG1	0.529698244953288	0.216493804404624	0.714063861814626
MYORG	1.13637360228105	0.00507784148083691	0.2306739885944
LRRC8E	-0.14842100826705	0.664511633878531	0.909540091641595
RHBDD2	0.193699084794943	0.604535688604721	0.882325676273384
SLC30A6	0.468423811157994	0.248213098040858	0.730264701355799
TAPT1	0.865679329660018	0.160865030027496	0.660032127309389
LPCAT3	0.441880367488594	0.134829189782639	0.645418998648875
LETMD1	-2.5266396914039	2.14430993805999e-05	0.00842499374663769
SFXN4	0.556744242555496	0.378365787099376	0.790744243358218
CNNM4	1.05249797556736	0.044848484122358	0.540680717521875
SLC30A9	0.590742652485563	0.251905525508355	0.732880775957815
UQCC3	0.756455121957412	0.0168635979229043	0.387468282099947
APOOL	-0.0240061207629978	0.946357502529714	0.985429049277186
HACD2	0.250655949387053	0.616590079183244	0.886125642128363
DPY19L3	-0.491161708590163	0.392280570382801	0.797758986042456
TMTC3	0.321230521083834	0.468142503809946	0.829718473303689
BTN2A1	1.29441773994717	0.00271029587210957	0.165142824037287
COX15	0.582050110752874	0.394869009677493	0.799764655408323
LRRC8D	-0.114215470980859	0.751520095880953	0.930698045130337
PLEKHH3	0.0878603369173518	0.838868433410287	0.953297264010138
MRPL52	0.712345605343685	0.0301719874073251	0.478526360970778
COMTD1	0.453661782870423	0.334494138748756	0.77497652553132
NDUFA11	-0.015807136724213	0.963347749297934	0.991550120921467
STX12	-0.553335533349248	0.277272038308716	0.746677065466034
MCAT	-0.812076664446732	0.0111718912410664	0.313531147758213
LRRC8A	0.750520665693941	0.12772462722995	0.630015170573831
LMTK2	1.33685236343402	0.256673169142833	0.732880775957815
RHOT2	0.361831210032264	0.270635469100645	0.741510988909648
RHOT1	-0.0973772595436095	0.780785262210628	0.935644102412553
MRPL41	1.52261023868212	0.119405388276238	0.622206592224587
NRM	0.545421096240247	0.152401434950135	0.660032127309389
DSEL	0.0282425806242692	0.937448549527072	0.982665764967391
PUSL1	-0.443433040331989	0.287697073216306	0.753548509685795
NDUFAF2	0.22229058650656	0.521688478174639	0.851563785105175
GTPBP8	-0.0496310266359075	0.887345780063239	0.971664835677461
GUF1	1.81866811851052	0.0100882457833497	0.302570363990695
MACO1	1.21684802803292	0.0849540761123421	0.593152852482221
MRPL50	0.604830411029777	0.071601538180156	0.56453035511841
PARP16	0.825640455726024	0.0850887936768235	0.593152852482221
KRTCAP2	0.230222421660475	0.647224429174706	0.90318342340758
CCNYL1	-0.0235741279252686	0.937455179495769	0.982665764967391
MRPL43	-1.1867339379227	0.035733617498808	0.491268548184383
POMGNT2	1.18799186365216	0.0135510916591659	0.346621123840808
ATAD1	-0.297439090156622	0.32748286308491	0.774231038499676
OCC1	0.0500082908007897	0.941173204383701	0.983295087516523
GDAP1	0.290086164130368	0.445320562484896	0.816836830066832
SPPL2B	-0.56402295972811	0.237361219011219	0.726673506663357
PIGO	0.697076851474225	0.123685458413318	0.622795344117895
PTPMT1	0.495330139099273	0.345040914635697	0.779566275792786
NAT14	0.374959293697277	0.403457497015696	0.801559232473555
UQCC5	0.667225389040834	0.188280389547017	0.681344266099786
STON2	-0.616096663606946	0.336205488260334	0.77497652553132
SLC39A7	0.740730835947868	0.216849128740067	0.714063861814626
PIEZO1	0.906574087335652	0.0950754588790773	0.606847115879702
TMEM131	2.9001187819641	0.00951469476167321	0.29796079303526
ALG3	0.582883553326418	0.126192215765789	0.628984107257672
HTRA1	-0.261955866793599	0.850971931689992	0.95612776370427
MTARC2	0.4176049959664	0.328713654061433	0.774231038499676
PBXIP1	0.432444665557746	0.442336404560692	0.815866932776944
MCUR1	0.85788729176128	0.0538866721490142	0.547265554925699
CCDC127	0.617337758811733	0.633189968338344	0.896182775792994
NSUN4	-0.0250188792218147	0.952707173322009	0.989547869934688
DNAJC19	-0.0342944440463384	0.891821416393442	0.973865020847647
MTERF3	0.0480906102890941	0.923804966587645	0.981777039146025
DMAC1	0.254427361522939	0.466150222367319	0.829718473303689
MYO19	0.877575710199245	0.0507944023600615	0.547265554925699
PRR11	0.477359605108504	0.348269190065996	0.782361147952715
OXNAD1	1.1698464048257	0.0523100369129658	0.547265554925699
COA8	0.111836866875333	0.690266625599668	0.912455897773153
CARD19	0.764885758860913	0.0397345079625515	0.50852404490184
MIMS1	-2.33875154594643	0.018727673735376	0.399484423123687
TWNK	-0.17268447811955	0.714818508201573	0.920613940876973
TMEM209	0.337440202336897	0.372659772950218	0.789362020485272
IMMP2L	0.519304534955552	0.111926594385073	0.618558426079804
RMDN3	-0.367956706466622	0.226663438178575	0.724622171361773
MTERF1	-0.178697117352311	0.622750040689703	0.888968400589631
PKP4	1.08011915359424	0.00625104265035767	0.253208346229252
TIMM17A	0.0167367523871285	0.976858471710828	0.99416404451373
AGPAT1	-0.570180796815198	0.615452291673001	0.885430997430692
ECSIT	0.365845323614856	0.363729693265888	0.786878007968313
VKORC1	-1.08623260336742	0.000981498481249493	0.0964076883207315
CHCHD6	0.233292515893005	0.407936871845702	0.803777244170442
PGAP4	0.154773717631535	0.799654163337527	0.943495858184128
TIMM29	0.32048168485553	0.443396066436347	0.815933998545632
APOO	0.302247701226598	0.336870853283418	0.775375268043673
EMC6	0.118441307985783	0.738135715800612	0.926856895934996
PTDSS2	1.14794165758771	0.0140271719752325	0.346621123840808
ALG8	0.613607598931939	0.222989171099442	0.718611817503045
TIMM21	0.467209695570414	0.267874767723996	0.740140620525723
ELOVL1	-0.130234856130468	0.727026413744143	0.922518365895352
HIGD2A	1.24682729774431	0.0912480280841739	0.600337922086293
LTAP1	0.489386468938712	0.161433228525222	0.660032127309389
SFXN3	0.574474859069646	0.447958835181515	0.817668714717847
SLC26A6	-0.458361437772869	0.363934738113911	0.786878007968313
SEC11C	0.612955736155588	0.237821318562464	0.726673506663357
FUT8	-0.306201105286405	0.473627774135587	0.830996625322882
TRIM4	-0.303275458553692	0.397899798187881	0.801306154320956
COA1	0.0314524561564404	0.938829364061364	0.982665764967391
OSBPL5	0.186290365452606	0.681252366449872	0.912455897773153
GLT8D2	0.613360424128128	0.114921413651335	0.619377550392451
PORCN	0.501476136775096	0.316935241895738	0.772028042449781
ARV1	-0.648437860571331	0.234637176300823	0.726673506663357
KCNN2	1.21328327069921	0.00198823565039049	0.144240492154742
TMEM245	0.176001231441937	0.585123961550845	0.876920602216749
PCNX3	0.42871357474047	0.318777237382287	0.772979916629885
ALG9	0.573442218809433	0.188586670841019	0.681344266099786
METTL17	-0.267459971508	0.61150946177953	0.885269224514287
SLC25A22	1.10504815209805	0.0418520964200177	0.523658011065176
UBTD1	0.653927220409152	0.247929004123455	0.730264701355799
PDF	0.899543191277314	0.0468711233281486	0.546458882956368
PLGRKT	-0.233523166283547	0.435240444835742	0.8144322609054
SLC25A19	-0.615283093474126	0.0839192823753825	0.593152852482221
GPAM	0.179767388262412	0.711996464236142	0.919605105978853
CSNK1G1	1.11213294244765	0.187199622397552	0.681344266099786
ATP13A1	0.170864057083428	0.5631768919905	0.868436172344784
JPH1	0.212790279563137	0.556553863711061	0.86739104563403
EMC7	-0.223725455151133	0.442715271234524	0.815866932776944
NGRN	0.17424680092893	0.679337824006453	0.912455897773153
TIMMDC1	0.607883259050062	0.140733679508069	0.647140294128916
PXMP2	0.317859199311158	0.516870951857668	0.849065223265642
ABCB10	0.563597164220077	0.135910011126697	0.647140294128916
OSTC	-0.395899248841694	0.26063934225316	0.732957286697849
TREX1	0.177506525959704	0.582043925126774	0.876631339079071
AGPAT5	0.422009861429324	0.321600640736673	0.774231038499676
EXD2	0.20012056881643	0.672824176208548	0.912343629720278
DNAJC11	0.137529244921268	0.608863815803349	0.883476211401717
MTPAP	0.585840244117293	0.351709414153085	0.783334559446878
ANO10	0.876140829896059	0.0485755490770908	0.547265554925699
TMEM248	1.55814021926827	0.00219393067487743	0.151227256519183
RMND1	0.976155018175035	0.12722412208981	0.630015170573831
USE1	-0.657280194814071	0.169383687855042	0.670875513691996
EMC3	0.373701995841454	0.365042444055818	0.786878007968313
COX16	-0.501522684779392	0.323051426104297	0.774231038499676
TMEM9	-0.373344567943253	0.449852034114003	0.819258387637786
STIM2	0.32418246131548	0.364629531629307	0.786878007968313
B4GALT7	0.593169779792589	0.226458993784516	0.724558132393619
SLC25A10	-0.247358967450104	0.579631450484204	0.875912295750938
UQCR10	2.31088761046041	0.0207691170081796	0.422807568524029
PISD	-0.332889300588171	0.359359967361038	0.784402950978622
SUN2	0.278960532880454	0.336499053711989	0.77497652553132
CEMIP2	0.68055390385285	0.277247948181426	0.746677065466034
CYB5R1	0.0456086332341386	0.927598276195824	0.982665764967391
NDUFA12	0.240437502402479	0.46965722588504	0.829798054023096
CCNL1	-1.45920779855332	0.00730881274825042	0.273488812265485
ERG28	0.0313840116097666	0.953569710662088	0.989547869934688
KIDINS220	0.404078336323391	0.42097129514271	0.808510412174724
SPG7	2.43943980416757	0.0645488309824081	0.550377801280126
RCE1	0.126471926964541	0.711742081567476	0.919605105978853
RXYLT1	3.11619219131042	6.85889602536445e-07	0.000591209149350614
EXOG	0.114257848116871	0.701573824493549	0.916079613305136
DNAJC16	0.571070166969065	0.159729112071151	0.660032127309389
LAMTOR2	1.37284992578422	0.0174763322901553	0.389430969637516
MRPS7	0.376976433500602	0.216572927029181	0.714063861814626
TMX2	0.305624459093032	0.479624931111389	0.832720439388708
NDUFAF1	0.396071752501285	0.242356114550952	0.729952390160823
MRPS16	0.0108476198746672	0.964474896105569	0.991550120921467
PAM16	0.490508065309673	0.0918633313977215	0.600337922086293
DAAM1	0.608726600777398	0.563725081743227	0.868436172344784
SAMM50	-0.0328664316030292	0.915175415673846	0.980655790732668
DNAJC15	0.770964080395377	0.0912654920585008	0.600337922086293
SPCS1	0.691389334488406	0.0617278191504791	0.550299397217706
MRPL42	-0.273297238257271	0.665944224892056	0.909540091641595
NDUFB9	1.0250688467682	0.118500863955328	0.621567636930032
SQOR	1.2295400807594	0.254187679024238	0.732880775957815
CYB561D2	0.70330582016808	0.072616477710331	0.56453035511841
SUN1	0.307331017615148	0.542046002299743	0.860136810595997
NKTR	0.179958392142652	0.601125854632751	0.88044771131885
ZNF326	0.46099539947857	0.152656386476278	0.660032127309389
TMEM201	0.572048260623866	0.465519906211297	0.829718473303689
CHSY1	0.795306245538736	0.0244098767259548	0.45088097316331
DPAGT1	0.207155406744334	0.687560365975973	0.912455897773153
TMEM138	-0.461269484863614	0.298703458327137	0.756249615174734
NHP2	0.41568097260901	0.229514726879775	0.726673506663357
KIF26A	-2.21012312065635	0.00639145062580815	0.253208346229252
USP20	-0.111005119356889	0.812583930313613	0.947942112990265
RBMX2	0.0517830732581928	0.872981693523939	0.966998893108418
CBX4	-0.237571411121991	0.711923679239818	0.919605105978853
RGPD8	-0.316589995275969	0.421351866685582	0.808510412174724
UTP20	-0.0686919338505305	0.773550302794656	0.9331529443292
MYC	0.407880498752622	0.209685965530681	0.707261293259205
AHDC1	0.206935435586214	0.648290998247986	0.903880529494796
NKAPD1	0.361004566326734	0.676602830639285	0.912455897773153
RPS19BP1	-0.0949823189724839	0.735231153705389	0.925422076657991
PHIP	0.035994759111972	0.935072280432368	0.982665764967391
POM121	0.492260900586395	0.219271583110243	0.714063861814626
ARHGAP39	0.537993294357392	0.395182863232366	0.799764655408323
SAP130	0.293319805515186	0.601363104574243	0.88044771131885
GLIPR2	1.69202059648427	0.00290820955602495	0.170542617098836
BCLAF3	-0.0642984071936894	0.828959693399796	0.950106938579029
POM121C	0.0390427686151611	0.946524384642154	0.985429049277186
SAP18	-0.194566409727514	0.576665837284699	0.873470650873383
CHD2	-1.60791906014228	0.00955537284867468	0.29796079303526
WDR46	-0.152284291572812	0.739715702937613	0.927141122634456
BIRC5	0.241862360806909	0.449639264451235	0.819258387637786
TNRC18	0.261247179884084	0.526445847706561	0.851711497555683
NUP42	-0.0653286470732297	0.870256957346368	0.966510239716376
SUV39H1	0.210567378759496	0.660687367748801	0.909385017679213
SIPA1L3	-0.673362188882628	0.0894916869718617	0.598382737352537
MCM3AP	-0.0327975552009079	0.941292103299124	0.983295087516523
MAFK	-0.585753205662446	0.335595279755826	0.77497652553132
SIN3B	0.0163439713058402	0.972990640649648	0.993038890199623
WBP4	0.143700664907719	0.714345101456488	0.920613940876973
NSA2	0.125263522254997	0.686714418943094	0.912455897773153
BRD1	-0.641645303702916	0.371901450607884	0.789362020485272
FN1	1.77466512836342	0.00949280798215501	0.29796079303526
H1-0	-0.442786703395605	0.245919274985529	0.730223535335647
HOXA13	0.381394829422636	0.381968475174272	0.794049808973395
CLK1	-0.167623666226774	0.702431285980594	0.916299627780554
BRCA2	0.382332870711966	0.273111883336195	0.742652056150668
HIRA	-0.575826194863353	0.405774617300131	0.802392942768015
ACTG1	-7.07019959751844	0.00976587142195035	0.299035773331477
AKAP17A	1.29763189044364	0.0386834307385812	0.50228156869714
CENPC	0.468233415818823	0.597745737604204	0.879858283508503
RLF	0.770153768997581	0.272469698005823	0.742271574701272
CDK10	0.323367487732639	0.47429535905359	0.830996625322882
ZMYND11	1.60585240818466	0.0794358175222201	0.587786291735778
TTF1	0.426028069078221	0.213851319258303	0.712174034841737
PWWP3A	-0.945075916761624	0.191459296199921	0.685217292377779
CCDC14	0.455953505358078	0.349153611210639	0.78249552927805
TIGD2	-0.219662407836907	0.520609143291192	0.851563785105175
CDCA8	0.223214290009473	0.595828395427713	0.879425883736599
BEND3	0.167970071326025	0.748723808396681	0.929887013363321
ATXN7L2	0.377260109068992	0.692853197464624	0.912455897773153
H3-7	-1.56382757902498	0.237819744155471	0.726673506663357
ZNF318	-0.861854709108744	0.206124674027241	0.703617588404023
TAF3	-0.423186516436033	0.272188668941455	0.742143844740442
TASOR2	-0.377396369453464	0.211775375853218	0.709953457105198
SNRNP48	0.115884357951664	0.666238073233803	0.909540091641595
RMP64	-0.00651524351722088	0.984593080859699	0.995160825680657
MIS18BP1	-0.0336174101869062	0.912506545606733	0.979305713654426
ARHGAP11A	-0.727651744099166	0.0563605645466176	0.550299397217706
ATAD2	0.573406421069727	0.347726521724972	0.782361147952715
UBN2	-0.324946908296099	0.311018896643226	0.769768883324551
CENPU	-0.398516969223834	0.291066115779397	0.755009557418829
CENPQ	0.822604784463227	0.549654973000589	0.865222110945237
MCM10	0.42652529550492	0.478628218933081	0.831725020870445
RGPD4	0.292081862082306	0.452705738079716	0.820920927892998
RAI1	0.803918482573053	0.351438045544302	0.783334559446878
C5orf24	0.0913810455810697	0.882261546677211	0.971010999843529
TADA2B	0.228071606890371	0.559035280402023	0.867570079934892
KMT5C	0.565510985341469	0.391368611433679	0.797555640208986
CCDC71	-1.02140867506093	0.115779738970276	0.619831999479208
BACC1	0.125629460966408	0.640621887841039	0.899971744164765
GRAMD1C	-0.713379497238613	0.251507240878519	0.732880775957815
CENPL	0.582930949302515	0.107254422340251	0.614161691700274
ZCCHC7	0.712179559018324	0.371629604294839	0.789362020485272
ZCCHC9	-0.200763348111629	0.52320598921252	0.851564346154098
HJURP	0.181188692251261	0.519919818373945	0.851152069329679
ZNF280C	0.421983295706571	0.406449396761254	0.803289577401896
SUPT20H	1.02805812244452	0.157096756815443	0.660032127309389
PPHLN1	0.540595818975902	0.517540240128102	0.849658288455799
RP9	-0.333559537613887	0.283783629439824	0.752352145795593
BAHD1	-0.552548901480378	0.593956765650313	0.879249570423126
CHD6	-0.0493880520881156	0.917412022057185	0.980697785152038
HASPIN	0.262061291311376	0.404553819800219	0.801559232473555
NOC3L	0.0709493560009591	0.82651551453594	0.949911731150752
EVPL	-0.711325377139389	0.391122440348479	0.79755340729884
KAT2A	0.0608514878750377	0.849781935839732	0.95612776370427
H2BC1	0.143620133307834	0.692334316777782	0.912455897773153
MED8	0.230921373486829	0.498474578639345	0.840048290116955
CENPN	-0.197410243945061	0.563435510650333	0.868436172344784
SENP5	0.965029141712357	0.0804858806194575	0.587786291735778
MED30	0.366867507129129	0.315353056744606	0.771976423644584
THOC3	-1.14559190683451	0.0119776100976047	0.333759078535381
NEURL4	0.659408966120111	0.272168351541352	0.742143844740442
RNPC3	0.271590775426606	0.41491960749552	0.807307358499394
KLHL15	0.129398035623431	0.787881493391914	0.937911216021812
ZNF512	-0.368944454344998	0.446600345032059	0.817668714717847
INTS15	0.356633505074303	0.271201003619143	0.741947491501501
TTC14	0.791134886826068	0.0332139614295349	0.485898965536171
TRERF1	0.233621212576693	0.473842470482841	0.830996625322882
KIF20B	-2.81334099633803	0.0173949103394327	0.389430969637516
MPHOSPH8	-0.246945343194859	0.4794062503272	0.832708734542692
TUBA1C	-0.512148387108567	0.111353725439919	0.618558426079804
WDR83	0.33013421763766	0.546160270221531	0.861446688759693
TRAF4	0.953555893338539	0.233327798966956	0.726673506663357
PRR14	-0.423721918878904	0.591976623754642	0.879112734716864
EPC1	-0.386513488177208	0.682025387764851	0.912455897773153
ZNF644	0.54881683756161	0.259645358659132	0.732880775957815
SP140L	2.5601713821451	0.000829407279799923	0.0902124345944947
USP42	-0.2370597095695	0.542032382352504	0.860136810595997
RPF1	-0.137841748001005	0.803676142198211	0.944354843561362
CLK4	0.218248164281867	0.606563078556223	0.883315913879688
SP110	0.173003211470768	0.737079357577362	0.926856895934996
PATZ1	0.253283693519958	0.598656267586151	0.880216544764317
CBX8	-0.126080590164676	0.602842606965911	0.880836222673508
SENP2	0.500180466632539	0.140733939861892	0.647140294128916
BRD7	0.744379222789846	0.0270997837996732	0.468895695387811
INCENP	0.156687645924222	0.720028787127847	0.920929452838623
ADARB2	0.268948849592231	0.339286439293972	0.777292373169688
MED11	0.549393445988247	0.285245128196124	0.753164443899405
POLR1H	-2.26542159557468	0.00097389949066755	0.0964076883207315
PHRF1	-0.20378961758443	0.596926438614449	0.87966028917868
CGN	-0.048998626102005	0.908086114839319	0.978756675712714
APOBEC3B	-0.197390070941779	0.553055121079613	0.866656859666443
RSL24D1	0.103544805443924	0.788233265974856	0.937911216021812
BAZ2A	0.192954282726696	0.570611113167197	0.8715214830224
MBD1	0.44771232383215	0.140605453518595	0.647140294128916
ING1	-0.0922593551042574	0.769485396995677	0.932356614259225
TASOR	0.101649579986372	0.743312449389421	0.928091440951993
NXT1	-0.11950755164569	0.731930231663111	0.924062567776054
CASP8AP2	-0.887140452254442	0.156067686026774	0.660032127309389
ZNF346	0.180913174706603	0.602047977617043	0.88044771131885
INO80	-0.147326387031079	0.681403555476068	0.912455897773153
ATAD2B	-0.211448483001927	0.732765495599042	0.924062567776054
PPP1R9A	0.0402551993211517	0.907680608604791	0.978756675712714
PRR12	-0.586136563853209	0.435166457485225	0.8144322609054
ABT1	0.13996012326886	0.658529302884241	0.908574323685836
UTP11	0.638050675563374	0.238141535211038	0.726673506663357
CABIN1	2.27409080223702	8.58576241656471e-05	0.0237124786626301
ZNF320	1.42377378568456	0.000849544433697201	0.0902124345944947
HOXC11	0.847352522222621	0.236042631524974	0.726673506663357
NPAT	-0.471329598059043	0.331059396107767	0.774734075430597
AMOTL1	-0.116937981725314	0.696006928426667	0.913363801532523
H2BC26	0.290193587262806	0.472599170714506	0.830996625322882
FSAF1	0.41920600277107	0.209862948754123	0.707261293259205
LZTS2	0.103100809187222	0.850133259676819	0.95612776370427
PLEKHG3	-0.0245807150376365	0.963621267040129	0.991550120921467
ZBTB11	-0.300347732794162	0.526219774427596	0.851711497555683
GPANK1	-0.309021426214137	0.40167078758869	0.801559232473555
KRT14	-0.36992975548285	0.717770203047402	0.920704906226981
CIBAR1	0.395514571731219	0.358730582120901	0.784402950978622
N4BP3	-0.0556115206894106	0.929004018027343	0.982665764967391
SPOP	-0.0374071655701584	0.893038547987859	0.974923160612475
PDE8A	0.65676442082102	0.240203669799086	0.728210045247383
CEP152	0.371998335958665	0.553847134742923	0.867037157224946
HBB	0.283892882159254	0.814587589040082	0.948816118685692
VTN	0.695377253571504	0.100190901822205	0.610884548936912
APOB	1.49102291345626	0.0827643046390317	0.593152852482221
KRT6B	-0.290798499411785	0.619416345510445	0.887559015868176
YJU2B	0.0500464517242811	0.909697638038571	0.978756675712714
MAGEA3	0.739346583286178	0.251772531840317	0.732880775957815
RGS19	1.39500128208338	0.038277697456105	0.499644761810753
KANK1	-1.00762555062901	0.0301571850242556	0.478526360970778
KRT72	0.646035986706735	0.0804375795363806	0.587786291735778
KIAA0753	0.144911813783779	0.702936716716734	0.916299627780554
FLG2	0.842839542256534	0.150670403631822	0.660032127309389
FAM83B	0.171657877888794	0.554543041770321	0.867356533087418
CROCC	-0.546903093915148	0.53199706140073	0.85340830661004
TTLL5	-0.256985329344193	0.771197133063775	0.932356614259225
ZNF770	-0.0134593250696611	0.973899217586569	0.993625039184012
CEP128	0.969219663924278	0.111683471619529	0.618558426079804
CCDC9B	-0.690594167428817	0.0988113952322796	0.610884548936912
USP54	0.738314690645623	0.0475068654769546	0.547265554925699
CNTRL	0.594110990673652	0.35711272781919	0.78385246234726
SPATA24	0.0485939782200546	0.884168724597752	0.971184910737196
GAS2L3	-0.392879417550112	0.516462938349363	0.849065223265642
CEP57	0.169619974254321	0.77104285693103	0.932356614259225
ZC3H3	0.211415820202788	0.832543585644349	0.9516323065089
CNTROB	0.584178332940311	0.258740413659844	0.732880775957815
ZCCHC24	0.585177725477301	0.333995524372094	0.77497652553132
ARL6IP6	0.407037626193169	0.534858214630032	0.85599100826126
PDCD7	-0.143396636206216	0.614282984404921	0.885404738818147
SYNE1	1.08862157867715	0.0601610588598414	0.550299397217706
SYNE2	-0.0331492508507267	0.910500292626615	0.978756675712714
SSH1	0.824031676367042	0.16558003828754	0.665509893023123
N4BP2L2	-0.128661697413047	0.667919425236454	0.90976109245334
PPP2R3C	0.383727538996084	0.291896034033902	0.755009557418829
TBC1D31	0.112583156011947	0.727133527190248	0.922518365895352
RRP36	0.465762834019941	0.357651133288019	0.784158093018206
GMCL1	0.493063399478174	0.325763688599625	0.774231038499676
CEP63	1.3136684042109	0.0821251793221966	0.592834085536899
UBL5	0.74063062565363	0.194569829496347	0.688911117371249
TOPORS	0.154707339232829	0.825772530622185	0.949911731150752
SIPA1L2	-0.126064065401536	0.877609401755624	0.969391998734284
NFKBIL1	0.275634068927385	0.786823980984923	0.937911216021812
ZMAT5	1.40454310314407	0.021178836516431	0.426726403451577
CEP164	0.384172124424502	0.25783462740754	0.732880775957815
CCDC61	-0.0252209318766781	0.941500666642189	0.983295087516523
ABLIM3	-0.264915577769372	0.743052569862486	0.928091440951993
ATP2B2	3.55471448724948	7.52365931980929e-07	0.000591209149350614
GNA12	1.87476316774785	0.000290400903965164	0.0438840442953511
KRT77	0.0343489960093564	0.93024335998036	0.982665764967391
CEP57L1	-0.703740453753184	0.117529201594594	0.619831999479208
GLIS3	-0.0930018854361094	0.787747652665757	0.937911216021812
MPHOSPH9	-0.0540617020853702	0.819740277293112	0.949516376616933
TENT2	2.88282391787379	0.000170872604529865	0.0315707232724105
SYNE3	0.452220078190873	0.545752049657861	0.861446688759693
AHR	0.657127103238725	0.557573071053956	0.86739104563403
WDR90	0.210639203857262	0.595560943433035	0.879425883736599
