gene	logFC	P_Value	BH
RBM47	0.4266344158614	0.145700657512484	0.575041133427347
UBA6	-0.73253290989317	0.110907956038468	0.525361486272479
BLTP3B	-0.208090258084063	0.285700496410264	0.681103910470034
SHTN1	-0.71486616869085	0.095129884018755	0.500683600098711
SH3PXD2B	0.336817777962242	0.446222534341074	0.782114607272063
SBNO1	-0.391732617799367	0.160239501889245	0.588391596897881
WDR91	-0.195165028227102	0.66629041125575	0.888305548125059
CNOT1	0.313652176626519	0.248036171589102	0.64988166637388
MAP1LC3B	0.0211515170577883	0.950384116826942	0.984432564507661
FAM83G	-0.392335854424431	0.553296664260704	0.835679359895978
UNC119B	-0.459659978595884	0.16122070267408	0.588391596897881
CCDC85C	0.362203317473227	0.494297359603884	0.808166785664144
SAC3D1	-0.127160063481114	0.69374001982295	0.899496985187944
RTL8C	-0.0975158769966953	0.650538933303368	0.880017502052698
ZSWIM8	-1.30313882986571	0.00485209388844369	0.200615420387575
SNRPG	0.262658413203145	0.356091819084233	0.725684749792514
EIF3C	1.13047837566204	0.562635229879947	0.841506604690007
NACA	-1.06456055540514	0.556800920461616	0.839091896033027
RSMC	-0.0348472037351648	0.877922067464755	0.965134066410398
ASDURF	-0.411602798344422	0.799931619310185	0.938225068322716
KIF2A	0.0255051373998612	0.916535873899551	0.973723939131262
DDX39A	-0.0897923881809177	0.953558654508307	0.98470918347514
PDLIM1	-0.474253647648965	0.163988578828783	0.588906216814613
ACOT7	-1.18262986131089	0.205701778252359	0.618080068275514
MYO1C	1.14170554749461	0.244797522642037	0.648212429377983
AIP	-0.15380911289445	0.565938427852681	0.84380556163888
GTPBP1	-0.160091344233649	0.532987141827193	0.824108130117558
STXBP3	-0.258097372670676	0.636054798743286	0.874526178486585
SMAP	-0.744957478359936	0.0264625518482539	0.380565126914688
AP3B1	-0.386562180789863	0.132714740771757	0.553948585409127
PSMD11	0.367532766160608	0.205951802553533	0.618080068275514
PSMD12	-0.112286855239454	0.672522023123737	0.890200695081411
PSMD9	-0.835155600874916	0.0831917798551496	0.485379448272922
SUPT5H	-0.173237159393295	0.672480323593247	0.890200695081411
DFFA	-0.86530005822738	0.0409904616721728	0.407673930944403
CLIC1	-1.20585255300359	0.163051949975238	0.588391596897881
EIF3F	0.0299406477942803	0.9077472591751	0.971698584628561
WASL	0.234453625160857	0.327035585512877	0.706659807892146
IPO5	-0.584087100420557	0.19455113010172	0.609310557054631
IGF2BP3	0.421432288686646	0.18200177580334	0.603601583084043
DNM1L	-0.454482909078376	0.147783436422343	0.575626411812773
RTCA	0.00339579208175778	0.990981064825006	0.997479244991763
PIK3C2A	0.160394841055371	0.464007526567142	0.792315479202346
IFRD1	0.0996384501125149	0.741913541242842	0.916936023761378
PIK3R2	0.333377409333671	0.503359665265603	0.810666467063742
EXOC5	-0.355912079716344	0.120193554991591	0.540502622197605
PSMD14	-0.0450937127756923	0.873928243796832	0.964303681890268
ZNF593	-0.435496636234856	0.320305443819404	0.702635810450542
BIN1	0.0179868162645	0.933908337062245	0.978987286535264
KPNA3	-0.709272157659139	0.216346146576288	0.625193837552446
VWA5A	-0.827481322109126	0.0313883410543299	0.39580606021589
PITPNM1	-1.15316178686153	0.0723729951616347	0.470807684107457
DDX3X	-0.061975549248686	0.82770375395389	0.945028356902289
PIR	-1.39951214661474	0.074514217717367	0.472086518174916
KPNA4	0.0305845987678666	0.950362535239414	0.984432564507661
NFIB	1.46430872504338	0.00555126589724888	0.219316851942951
PPP6C	-0.00397281247126458	0.992432249292339	0.997479244991763
PDXK	0.62985786497784	0.541129468019933	0.829243304520924
TXNDC9	-0.0715543823102109	0.915808072231589	0.973723939131262
UBFD1	-0.411214585313083	0.15505936954138	0.584514227957373
COPE	-0.566817945828532	0.0648597470328874	0.452772409185783
RFXANK	-0.0233947827515166	0.928104722372615	0.977557378285348
EIF1AX	-0.270400194017736	0.38916388686771	0.743754481016311
AP3D1	-0.442186430041659	0.0408169956071617	0.407673930944403
ABLIM1	0.337386849153674	0.219732225126334	0.629060298297761
CHD1	0.560587561321345	0.0200635144407529	0.354626150625658
GOSR2	1.08788692583978	0.130771313560707	0.552920321119092
RIOK3	-0.36602064020007	0.236765362969119	0.640949246912713
MAP2K7	-0.487051596691899	0.0817534586720978	0.482610561355217
PDCD5	-1.2186769277996	0.030630336167028	0.391995373566133
PRMT5	-0.363199218370362	0.132305911043144	0.553948585409127
NHERF1	-0.0523576143274305	0.809055260391183	0.940046116748535
CHEK1	-0.209752025837858	0.278674385089252	0.672824175117229
TCERG1	0.280855520761079	0.199399108550611	0.613441320906304
NDC80	0.183310923039286	0.594902793186426	0.859981440756614
UNC13B	-0.530705090673447	0.364857473097086	0.731170568411327
POLR3A	0.0652310728334804	0.828758966941548	0.945268848235718
PSMA7	-0.185695564424869	0.4523579365808	0.785654193120051
SCAMP3	-0.0104670829118767	0.966301331509632	0.989308506069385
IFIT3	0.862044860421506	0.210153143827955	0.621631528315002
GEMIN2	0.321450109426525	0.45312272357566	0.785667545850448
TAX1BP3	-0.492448851093148	0.215155186409014	0.622956311852441
GIPC1	-0.603985662483588	0.111589073467315	0.525857562296852
IKBKB	-1.01070731455572	0.118232915805234	0.539591938230179
HAT1	-0.389388444142881	0.20020142011508	0.613441320906304
MYL12A	-0.350409210085267	0.49249279439595	0.807057551792143
HGS	0.369387305246939	0.172067944217552	0.594290891675079
AURKA	-0.0599965111078582	0.816736372108434	0.943281594158139
PPP1R12A	0.211747895637266	0.347258821144005	0.719274051502515
GAK	0.000156724708414657	0.999462554875909	0.999518623283596
HNRNPDL	-0.612668865216868	0.372473052891265	0.735672163334425
XPO1	-0.465094130363163	0.0540368795881615	0.428296332299319
BTAF1	-0.517185595425758	0.321421178596247	0.702782739746678
ARHGEF10	-0.303222030935469	0.680897171923037	0.894548682941967
SPTBN2	0.468252670085018	0.223518643107807	0.633146827314666
SEC16A	-0.137540057009996	0.638116587175878	0.876365801614908
SYNJ2	-0.321610096074394	0.489901156608674	0.804650486408441
KIF3B	0.630700641858553	0.613674151985976	0.865990941162333
PFAS	0.147095072047431	0.836864737573632	0.948976363809761
MCF2L	-1.33435382943689	0.00679162348324728	0.242292100950403
ANKRD28	-0.816883372326938	0.0134999827356824	0.315488726975188
ARHGEF11	0.408683301354628	0.460849312154172	0.789798795869098
CHUK	0.0875615222609447	0.892714713915463	0.966743600778304
LSM1	-0.144624220657693	0.575739733252016	0.847381985355693
ARPC1B	-0.281541053723025	0.348097152470619	0.7203165330239
ARPC2	-0.0551304119128275	0.81932071017395	0.943439461105034
ARPC3	-0.140892756298474	0.626178302485741	0.87054442985957
ZBTB7B	0.199623012202167	0.487225735933828	0.803719703918238
POLR1C	0.250513570942836	0.388224267675212	0.743261064560735
TRIM24	0.431087281920728	0.168125403460874	0.591792226678056
PFDN6	-0.435319096483266	0.15294195669559	0.581344313386837
OGT	-0.781836304650351	0.0602884524488364	0.442637018782682
POLR3G	-0.123315946625372	0.640546954515313	0.878021008739512
MID1	-0.108611167779291	0.663722491957519	0.887164039607501
HMGB3	0.26991999957934	0.320690378137359	0.702635810450542
PPM1G	-0.515412487610163	0.0627397119804131	0.448351139337736
INPPL1	-0.898527579557346	0.19911200770045	0.613441320906304
FANCA	0.788533322373638	0.0448907633655183	0.413341075956592
EIF3D	0.116555631057366	0.632113581147599	0.871740987471031
EIF3H	0.155269173331433	0.605596029407104	0.865337825306718
IPO8	-0.0797838719361614	0.860872127525363	0.959422558696413
SLC16A3	0.364920088380895	0.2340473435722	0.636930723684363
MAGEB2	-0.29276468167533	0.385318679856291	0.742759464793356
YKT6	-0.540855502748183	0.525552823225949	0.818836432333632
ARPC5	-0.40599541188335	0.575941048978152	0.847381985355693
PDPK1	-0.099851277193558	0.759222110390534	0.922806609669774
DHX15	-0.638149766405906	0.0598247281312035	0.442637018782682
RNMT	0.335026925372475	0.146899434634333	0.575626411812773
TTI1	0.436380262569934	0.230546375314054	0.635738589275895
PRPF4	-0.186309682003195	0.417220581599776	0.761579108697021
PHGDH	-0.91076730017182	0.0544788168855043	0.428296332299319
DYNC1LI2	-0.139407431345131	0.542326677707007	0.830486009309164
PSMD3	-0.0149685367518018	0.958867108904301	0.985188187832828
ZW10	-0.112302670722041	0.650170671079736	0.880010671053147
AP5Z1	0.586892244296436	0.458192938984742	0.789305051250135
PPIP5K2	0.00311240249733302	0.990456342634579	0.997479244991763
EEF1E1	-0.326227562016108	0.282011236362148	0.677105252117859
RIPK2	-2.15421904585428	2.08333021664063e-06	0.0012797599902221
WDR62	-0.511519349925972	0.501668736124765	0.810666467063742
HNRNPR	-0.0103679125485847	0.97061283591479	0.992069216646921
TXNL1	0.128957872781264	0.537602818536998	0.826489853310366
TPD52L2	-0.443861569191551	0.328402452424762	0.707834859862895
FIBP	-0.315030507246828	0.168184028302967	0.591792226678056
EIF4G3	0.196391392345724	0.790018018387139	0.934032850993868
PPIH	-0.511754837251999	0.135421768027939	0.557767775738245
EPB41L2	0.0642501665155102	0.8209159525788	0.944338843255442
WIPF1	-0.3580482828303	0.117295848891683	0.53849451820229
AKAP10	0.0914333436392312	0.836442011877724	0.948976363809761
DENR	0.374855266754498	0.123313827038204	0.545258654920625
XPOT	-1.2279056415145	0.0767019361849194	0.47478654892838
TRAPPC3	-0.564223989921508	0.0454054157393425	0.414529273204188
CHMP2A	-0.465891906770374	0.220475662972414	0.62993046563547
ZNF207	-0.16429382478691	0.581658343141219	0.851014248216142
GET3	0.233799056074712	0.530684088069707	0.822767505175557
BUB1	0.123090483012682	0.769792978330521	0.926181977132677
BUB3	0.135459259729569	0.503034148437346	0.810666467063742
ACTN4	-0.0384341938540551	0.881080272195495	0.965158789421015
BUD23	-0.203115714684532	0.416452635907724	0.761579108697021
HTATSF1	0.764394714522638	0.0210972563125412	0.358524681461627
TRAF3IP2	-0.0124948443934265	0.981606191950009	0.99526880852155
AP1G1	0.250318196148246	0.472038967528959	0.796509299411747
SGTA	-0.3562688045673	0.152488804404319	0.581061987520497
NARS1	-0.705606291413325	0.0988515162071497	0.505142594169284
MYO1B	0.147267420462644	0.702677371688313	0.903894297952057
NUDT21	0.195941296196043	0.48899401286843	0.804389541574896
LANCL1	0.0649787050059558	0.809095506531704	0.940046116748535
STRN	-0.418589206736705	0.250582279732068	0.64988166637388
RRP9	-0.163943044472415	0.50983068636097	0.812554466772488
AKAP8	0.212093807818562	0.530629295909773	0.822767505175557
NRDC	-0.285230735877903	0.690307874492481	0.899496985187944
CALU	0.292328980402463	0.238379951029188	0.642541485979859
AHCYL1	-0.329017336618254	0.353221177674906	0.722574245481492
ORC5	0.646462450377509	0.0176923075541266	0.339629118226538
PDE6D	-1.00244314637779	0.0114754193180876	0.295474868669322
DHX16	0.679817919350253	0.0402884314052788	0.407673930944403
ZNRD2	-1.33290902425258	0.000176060517287499	0.0244212975592338
PRPSAP2	-0.735954133750901	0.0711848714756207	0.468035087683744
SMARCA5	0.791031322817929	0.0880974426998927	0.494735828602641
SPAG9	0.220981169480297	0.518912653309831	0.816133404302162
LCMT2	-2.15780234092422	0.128051559255386	0.551272010297387
AQR	-0.0772078991590242	0.760828586064768	0.922927378230014
KIF1B	-0.253608655099146	0.439858856002687	0.778272270804557
KDM1A	0.172074354506154	0.461734257536731	0.790703826128213
TBC1D4	-1.13273271563842	0.0933263413805406	0.497955154148696
ACSL4	-0.432272804887184	0.12977470694826	0.552861086434435
SNX3	0.620932482524534	0.0294777387573853	0.389603822779188
OGA	-0.525410076550507	0.0480628075554976	0.424264316752528
SORBS3	-1.44366919453427	0.100191926254227	0.50804868265705
SYNCRIP	0.184410125617671	0.492249868867003	0.807032626714598
RANBP6	0.168884371977743	0.472163303302452	0.796509299411747
NEMF	-0.181566484166353	0.376486905955504	0.73790146091338
BUB1B	-0.193493465274372	0.371817459404866	0.735399327921131
PLOD3	1.24299757116277	0.00848274137810016	0.280582984044851
EIF4E2	-0.0676714897077382	0.72986120222641	0.913113639234443
DIAPH1	-0.514240987672725	0.167237002490838	0.591792226678056
EXOC3	0.0929786127198682	0.752679122732977	0.921506811515238
PLIN3	-1.22032755907723	0.0477401689596222	0.423263353662629
RAD1	-0.129808293161876	0.622719961699611	0.869215489386345
PRMT3	-0.516866862806133	0.288435490726844	0.681117049482746
KPNA6	-0.0840391293961744	0.706185694791219	0.905366275373358
UGDH	-0.234453845051902	0.429457421876723	0.77008628610088
CTNND1	-0.126304729299516	0.621242436866125	0.868230675895671
EIF1	1.72064919685994	0.0619793413754402	0.447069655343893
SNX2	0.271884022889989	0.257549216922773	0.654915217485466
USO1	0.044484183098227	0.819695308532188	0.943439461105034
TOM1	-0.530915710823578	0.246270952871816	0.648977897269543
H2BC11	0.446808002033741	0.396840774541844	0.748393304641323
PFKFB2	0.10913375455857	0.733183992619895	0.9148842624102
CCDC22	-0.0242277580019703	0.913437946963224	0.972946042096077
DKC1	0.270601928175864	0.343117760998607	0.718581358780178
EIF5B	-0.0824778403665896	0.727092851395646	0.913100437203699
EDF1	0.371740518369574	0.477915406059947	0.799577910098332
DNAJA2	-0.193271172202728	0.503852691557651	0.810840783569572
CUTA	-1.02064124777856	0.0909136394846817	0.495931589173628
HUS1	-0.204211612500799	0.418730566017955	0.761579108697021
SRGAP2	0.0335497690914721	0.927378721849631	0.977384437243484
WDR1	-0.226429471156155	0.439001923329617	0.778241942189974
ROCK2	-0.335993626044338	0.136096975611253	0.557767775738245
CLASP2	0.0568539116211895	0.854148254043835	0.956829191425261
COBL	0.200069547130738	0.580530016842299	0.850231291696827
CPNE3	-1.35592502208301	0.0269013329262365	0.383218525475138
CLUH	-0.369097652581672	0.296079821237736	0.685522848351119
PPP6R2	-0.365050072141333	0.224061352624749	0.633146827314666
CNOT3	0.0535910139777869	0.838334380644575	0.94927632820028
ANKRD17	-0.17135153336778	0.398122982349425	0.748393304641323
ZPR1	-2.09698045884039	0.0372004262238932	0.407673930944403
HMMR	-0.194688772389483	0.421057754878	0.763622246299198
PDCD6	-0.340195295630785	0.293542243106866	0.684612168799927
TBCA	-4.97540162488956	3.32510343433668e-06	0.00178724309595596
ATP6V1G1	-0.0450834253780101	0.885591659608893	0.965853182188932
VPS4B	-0.845989383286344	0.268773122588475	0.663827930574637
FLNB	-0.178115349097055	0.588903585656904	0.855232030878522
NCOR1	0.243287070275855	0.668629958934159	0.888305548125059
TRIM3	-0.0668361802138691	0.783435868042424	0.933206064308269
TULP3	-0.349903348976984	0.404678455378647	0.752645916145407
CS	0.313176009009741	0.470168724161076	0.795641681972698
SPAG7	-0.199768725264633	0.881575399377895	0.965158789421015
SEC22B	-0.146902161667825	0.647445230912555	0.879415077151764
CDC45	-0.0952950867505464	0.673621729068341	0.890200695081411
VPS26A	0.0508086495113425	0.810128825572028	0.940312152285584
PSIP1	0.314308418672542	0.307588479070829	0.695137440309128
GMNN	0.0239062128948326	0.932462824382147	0.977948815815422
HSBP1	0.351609794677188	0.130800407548444	0.552920321119092
BANF1	-0.677110851165217	0.211840732858748	0.622313205608046
SF3B1	0.124358505147868	0.740857722582734	0.916385681285839
CSDE1	-0.0864996236441478	0.709602338551805	0.90632419683087
PRKRA	-0.355410183497	0.567430241898821	0.844675574218952
CRCP	0.415062138992131	0.191137952932665	0.60719635265206
RPS6KA5	-1.27335152496192	0.00721340735833563	0.250142351942284
MYCBP2	-0.887289527247596	0.229267223261789	0.635738589275895
NPM3	0.42412469550225	0.134261120543304	0.555471731362771
SNRNP200	-0.181612511370915	0.560977282394927	0.840917108790782
TIPRL	0.123239053951949	0.588299078544081	0.855022131955853
OFD1	0.138127839813961	0.71623951165945	0.909172562010841
TOM1L1	-0.318690825516907	0.158089220841234	0.586137500639062
RPS6KA4	0.181367475416547	0.428027972043424	0.77008628610088
NUP155	-0.532905033185926	0.0648622800135913	0.452772409185783
WDHD1	0.279251709603322	0.310976197382138	0.696457108720414
RNASEH2A	-0.329260644733459	0.344644809100318	0.718963953619299
CDC123	-0.480834958757043	0.108776272883823	0.522943625031183
POP7	0.103020426925198	0.654237687452594	0.882616854924491
RPP40	-0.202248103597046	0.346011012332136	0.718963953619299
EIF3G	-0.0572064098757501	0.792432084197461	0.935343936878695
EIF3J	-0.0565380498680312	0.857324201726784	0.957282281855406
PSMD10	-0.183540300488914	0.725551037238082	0.913043447504756
AP1G2	0.0648754432205152	0.746591363618134	0.918753657981189
IDH1	-0.856094599325004	0.234102805901255	0.636930723684363
BCAS2	0.324477368859558	0.297523285302442	0.685792889771745
DCTN3	0.352245826394221	0.206445417820593	0.618080068275514
DNAJC8	0.212762848641244	0.528398898751492	0.821712486239686
TRIO	-0.580509885104124	0.101896202102011	0.512099284686816
MPDZ	-0.366269603809929	0.124597095719373	0.545763041795239
GLRX3	-0.758773698287801	0.232737213332129	0.636477874345199
SNCG	0.0614697772793882	0.927883791802202	0.977557378285348
SRP72	0.150404766788647	0.577510332165217	0.848409439122116
DDAH1	-0.109153088023213	0.844712972030952	0.951784908463282
RECQL4	0.0657083009720623	0.906411088692751	0.971627156334821
URI1	0.198186529442612	0.401612272790073	0.750610251112577
MTA2	0.357847300992709	0.120577939061892	0.540502622197605
STK10	0.289989164376994	0.180603068515855	0.602108875970119
LTN1	-0.240123677016172	0.352309742120779	0.722125989392768
SEC24D	0.0900452009574906	0.710937561839657	0.90632419683087
FCHSD2	-0.568456001061556	0.248253111865273	0.64988166637388
UBXN7	-0.174278915902374	0.448181831428962	0.782453055275899
FRYL	-0.0536118681398676	0.810364229812801	0.940312152285584
HAUS5	-0.251346143427611	0.345081273746683	0.718963953619299
FBXO21	-0.184311265796417	0.43109464328237	0.771413635503201
USP19	-0.0888873437617512	0.824232231060683	0.944838403282686
WDR47	-2.26514347787041	0.000185282154489929	0.0248972895095843
AP2A2	-0.0162861123370028	0.957893693765129	0.985188187832828
SEC31A	0.11459639184309	0.620832782677626	0.8681564115492
HEXIM1	0.065150912008356	0.837676758382187	0.94927632820028
CCNB2	-0.032646686595637	0.920226073071072	0.973831588421252
UBR5	0.314570161821852	0.38880527022826	0.743754481016311
AGFG2	-0.0966716319104961	0.73933633219153	0.916385681285839
UBE4B	-0.2470960820485	0.317586254498225	0.701000037728169
ELP1	-0.192452082049886	0.604851112350502	0.865337825306718
GABARAP	0.105739379866694	0.782160286858008	0.932951243686389
ZRANB2	-0.216649661387944	0.381976306009773	0.741534138077664
SNX4	-0.0483627245183946	0.941160184578496	0.983711422870086
ZWINT	-0.637257085365722	0.250549999063948	0.64988166637388
LUC7L3	0.966647064712998	0.0171103986899351	0.33801001692146
KIF4A	-0.0264021782643589	0.903172040896204	0.971594224377842
SBF1	-0.481315921264159	0.428801479979204	0.77008628610088
SNAPIN	-0.214043815308237	0.462549042217329	0.791153890825186
PGLS	-1.04131408945217	0.230060518907794	0.635738589275895
SMC2	0.0408427940174576	0.879452733313356	0.965158789421015
ATG7	-0.333943381879678	0.341935799469363	0.718581358780178
TACC2	-0.245347553822047	0.499190221634467	0.809395909889973
TRIM16	-2.62618215703272	0.0298092227196169	0.389603822779188
IPO7	-0.805813182000449	0.042931160038576	0.409787917993474
TNFAIP8	-0.1590148902641	0.722901114855336	0.911860511646625
BAG4	0.260163490690157	0.46540119418421	0.793766850248997
AHSA1	-0.984227053307695	0.0636119126164997	0.450628046541925
PARN	0.264157995362361	0.218283458962814	0.627838711398059
PSMG1	-0.790647261171088	0.00588979632128057	0.223980369257862
FMNL1	-0.106210807644707	0.764506060054595	0.925134792916897
SEC24A	-0.201956406352153	0.379534572666555	0.74080738196377
TDP2	-0.0252009932108699	0.942145678131036	0.984023904776161
POLR1A	0.314907987716893	0.62750703703535	0.87054442985957
PCNT	0.018096356970009	0.955715861404817	0.985188187832828
CNOT4	-1.10444216897249	0.0572046300174031	0.435207009702705
STAMBP	-0.280878282137323	0.278350687937182	0.672420201196564
EYA4	-0.0715593383766162	0.89049303186224	0.966743600778304
CEP43	1.00985148020734	0.377344532954125	0.738208139992147
HERC2	0.102900683343002	0.805517946493341	0.940046116748535
SNAP29	-0.335573349469509	0.262061027058566	0.6589838692116
OXSR1	-0.905018231606832	0.0107015609789018	0.292921055950138
LDOC1	-0.273400254813438	0.200881277424301	0.613441320906304
HSPA4L	-0.929633702081034	0.0674350128606134	0.461002472656022
PTBP3	-0.0515529874881864	0.835270684676549	0.948098607377412
LSM8	0.10339761854285	0.730097572490756	0.913113639234443
AP2A1	-0.104493249829638	0.624331777166165	0.869373912504698
STAU1	0.412200863949334	0.596146538081027	0.859981440756614
TTC4	-0.688561059216131	0.0983705952423271	0.505142594169284
BAG2	-0.0232097769621262	0.947552376007584	0.984432564507661
BAG3	-0.651657055660742	0.122641640535589	0.544477908032772
CLIC3	0.152002091635971	0.566772761242723	0.844463920077515
GNA11	0.533462202473586	0.0389281543144284	0.407673930944403
DDAH2	-0.691654095399986	0.0252790470175374	0.376124228980661
TXNDC12	0.252330006276324	0.621491632652762	0.868230675895671
ECD	-0.580138485036677	0.226196987612648	0.634746229334594
PTTG1	0.242235295339732	0.342428444566568	0.718581358780178
ZBED1	0.27283709168087	0.293516503630549	0.684612168799927
MOCS2	-1.79306017943669	0.0106297603406911	0.292921055950138
PAK4	0.0149129019819014	0.941695600559399	0.984023904776161
ACTL6A	-0.00180454487935577	0.995238930279389	0.998875981276705
LDHA	-1.42713453288731	0.0989212382751201	0.505142594169284
GSR	-0.488184195740761	0.501251798005637	0.810666467063742
SOD1	-1.1860830550978	0.208654760612956	0.619623943809192
PNP	-1.58902156042189	0.0881810726631784	0.494735828602641
HPRT1	-0.921490837537306	0.264816446155589	0.661656431417218
ABL1	-0.0388488675691754	0.888628134090517	0.966533703557721
PGK1	-1.09212220472304	0.252520116881883	0.651762606597896
ASS1	-0.344557615113551	0.341124321910858	0.718581358780178
NRAS	0.925137439822294	0.076148567957403	0.47478654892838
LMNA	0.0283542886707977	0.881308349553202	0.965158789421015
TFRC	-0.386114274883006	0.19475683583134	0.609310557054631
FTL	0.682083826270468	0.143668223444601	0.573073618563807
FTH1	-0.447502286405786	0.10755435055348	0.522943625031183
CAT	-1.47820937472162	0.303864613987825	0.692798430619112
ALDOA	-0.0814842078470619	0.863118012129619	0.960318252754808
ANXA1	-1.44167735814089	0.166496404805905	0.591792226678056
NR3C1	-0.247274421635261	0.418686935794598	0.761579108697021
KRT1	-0.190883926216507	0.482665742681269	0.801222640618793
GAPDH	-0.497361121165692	0.30599266978287	0.694527640876949
HLA-A	0.10632596744988	0.663564059086015	0.887164039607501
CAPNS1	-0.767098292469676	0.183986474650642	0.603601583084043
HSPB1	-0.827693269691181	0.1207205714529	0.540502622197605
TYMS	-0.811989259682562	0.0934534440460459	0.497955154148696
GNAI2	0.246970184704143	0.47805519834071	0.799577910098332
ATP1A1	0.484261362489647	0.161078960638825	0.588391596897881
ATP1B1	0.404967871843613	0.175323690301344	0.597740101863438
ALPL	0.239708135878047	0.325468474580429	0.705756147602545
EIF2S1	0.0548715092101233	0.786403543938119	0.933206064308269
RPLP1	0.260754979677991	0.194513002514313	0.609310557054631
RPLP2	-0.060665320307244	0.805674258017275	0.940046116748535
RPLP0	-0.361560456438792	0.184024562935448	0.603601583084043
SSB	-0.148419312333893	0.511251709471076	0.813011224380778
ITGB1	0.594408953786846	0.0695932803841125	0.465440739473335
KRT18	0.185163643184854	0.367093903385944	0.732058045703289
KRT8	-0.0687793416824398	0.802629268626071	0.938891521724446
UROD	-0.318016936366789	0.758948464669792	0.922806609669774
CDK1	-0.583590671008292	0.124370310045988	0.545763041795239
ATP5F1B	0.465263205258431	0.183500535205571	0.603601583084043
EIF4E	-0.526859338881916	0.129077754071858	0.552073313328935
ENO1	-0.882983424434006	0.368514672459016	0.732464287831091
PYGL	-1.65653977472787	0.00891598148472818	0.286085797988776
GPI	-1.30051612589761	0.151505916386774	0.579604484397802
POLB	0.449042511878901	0.0815858838296643	0.482610561355217
NPM1	0.472785825123566	0.174439132676755	0.597312470477646
TPM3	0.209492394779005	0.692690120452172	0.899496985187944
ITGAV	0.740374321829073	0.0342815615907972	0.407673930944403
LDHB	-0.491667624014838	0.510532806533719	0.812666865250339
P4HB	0.233625788456539	0.430338775937476	0.770762639637859
CTSD	0.53252256320642	0.0384982791305403	0.407673930944403
ANXA2	0.687644012379522	0.0305864495814038	0.391995373566133
CAPN1	-0.00874699162218917	0.991330370386475	0.997479244991763
TUBB	-0.632625955151102	0.304680865520713	0.693257612900636
PSAP	0.243282557494535	0.565559606524078	0.843533232068517
HEXB	0.522718537244415	0.130696367901453	0.552920321119092
PFN1	-0.954818991070859	0.32539796725781	0.705756147602545
APRT	-1.68624674924597	0.0695707004744517	0.465440739473335
EPRS1	-0.252384685853276	0.467046749633886	0.795182963073704
CTSB	0.0097400038578499	0.992684013531089	0.997479244991763
HSP90AA1	-0.697063094860368	0.0973558442456121	0.505142594169284
HNRNPC	-0.160382268269593	0.559077644487684	0.840277480355484
LYN	0.112707418105991	0.846103698012601	0.951784908463282
TPM2	0.159986881123508	0.529042717909316	0.821712486239686
FH	0.137723481996815	0.798738366130345	0.938225068322716
ERCC1	-0.211375409611843	0.752622495150218	0.921506811515238
SP1	0.831004414913078	0.10762816302428	0.522943625031183
ANXA6	-1.323063836762	0.00344848880955828	0.155009991910956
CD55	0.715169650112266	0.0262389227173701	0.379890126884482
SLC3A2	0.370898961869106	0.0917760218755959	0.496398608886871
PFKM	0.193965419283789	0.495374234262657	0.80869749708786
HSP90AB1	-0.740178294592429	0.188131967130554	0.606310973790553
ASNS	-2.90677572604093	0.112019890014864	0.525857562296852
SNRNP70	0.368634845668868	0.221885600044281	0.631833998082253
ITGA5	0.394732729206407	0.19929068625071	0.613441320906304
NFIC	0.561455659339074	0.0512379536422066	0.42615706124079
VIM	-0.00145510559939055	0.996648979111286	0.998875981276705
RPS17	0.0236810282286051	0.905206368613221	0.971594224377842
KRT7	0.300485477893041	0.308273096774056	0.695137440309128
ANXA5	-1.23579458581712	0.212511968911394	0.62238606702849
RPSA	-0.153436482450672	0.565441314484192	0.843533232068517
SNRPA	0.422384581582627	0.178081672509093	0.601514226802576
GSTP1	-0.775577775497215	0.38645335432818	0.742759464793356
LGALS1	-0.425805321540707	0.230319933506216	0.635738589275895
QDPR	-1.52978666920255	0.207181805724067	0.618080068275514
HMGB1	-0.292965097438415	0.182996031747769	0.603601583084043
TPM1	0.00291294805556319	0.991539062407035	0.997479244991763
CLTB	0.466324030104481	0.114308460820824	0.529662049062006
ANXA4	-1.20897539651729	0.190990602281212	0.60719635265206
CNP	0.183075286437379	0.499997844067692	0.809484461404772
HNRNPA1	-0.063831894194557	0.878761388690405	0.965158789421015
SNRPA1	0.364762018411597	0.124763969787144	0.545763041795239
PARP1	0.260810395824176	0.286928563442425	0.681117049482746
POLA1	-0.251916413386031	0.476678276250052	0.799421446129183
IFIT2	0.292732691546405	0.277254527255533	0.671834228737841
IFIT1	-0.243106530449396	0.576219750041871	0.847381985355693
ALPI	0.261049191891754	0.320761417654515	0.702635810450542
LTA4H	-1.12641759470296	0.180581392530542	0.602108875970119
H2AZ1	-0.340306105069303	0.339702854864278	0.718505792383865
FBXO45	-0.0215384592448089	0.948548315981949	0.984432564507661
POLR2M	1.36155431438345	0.161739242068196	0.588391596897881
RPS27A	0.107688620598594	0.637827206916341	0.876365801614908
TRAPPC2	-0.0711381554500363	0.822230382023079	0.944590551673954
RAB34	-0.124701564041324	0.801803678372388	0.938675692077667
HSPA1A	-0.166855170257865	0.553618937379437	0.83587128888047
CALM1	-0.208826560731836	0.625700191611708	0.87054442985957
POLR1D	0.157149973698473	0.596387129380517	0.859981440756614
RO60	0.338104992361348	0.241716559249724	0.645177656594545
HLA-C	0.25012580092757	0.454477843109706	0.787053856372024
ARAF	0.570547935142443	0.471882167120978	0.796509299411747
H1-4	-0.150261183505112	0.808564518016168	0.940046116748535
PTPRF	-1.78076825591726	0.0236507103995936	0.365756408783039
TXN	-0.312362482843568	0.677813274450308	0.892343902687289
MAPT	0.0913399976557407	0.811990483277341	0.941628661837262
PRKAR1A	-1.34817820055336	0.0371856547128145	0.407673930944403
HSPD1	-0.0509181335903648	0.918665410525449	0.973831588421252
CLU	0.305633712776235	0.261743898672933	0.6589838692116
HSPA5	0.417242762615494	0.686465073178959	0.897214114809981
HSPA8	-0.0906939009423127	0.7171841213376	0.909172562010841
SLC2A1	0.0403982603158362	0.96223694436185	0.987418865297634
EPB41	-0.262703077547943	0.437794812306796	0.777301287934485
UMPS	-1.38413049685747	0.16002134072908	0.588391596897881
PYGB	-1.69753677411134	0.0113552228902272	0.294924038178441
BCR	1.03113282464279	0.123761034233146	0.545258654920625
TOP2A	0.331680443073289	0.507022608897474	0.811280855028843
G6PD	-0.430059910771327	0.428645880489018	0.77008628610088
UBL4A	0.134420585077105	0.707112447514504	0.905474545655857
DMD	-0.523736957704852	0.448882547511405	0.782713067633414
MTHFD1	-0.0770949360910365	0.78608557533629	0.933206064308269
ADH5	-0.349265312724281	0.615149515134853	0.865990941162333
CDK4	-0.854780522061333	0.0139046149614341	0.318688587502541
PRPS2	-0.548782408403749	0.112008627339575	0.525857562296852
PABPC1	0.524271742987896	0.0482503810784381	0.424264316752528
PCNA	0.0894586616668498	0.757021246820405	0.922806609669774
HARS1	-0.909876443827901	0.0100801906670385	0.292474163605195
IMPDH2	-0.902204138358723	0.076783617915984	0.47478654892838
TPR	0.241728756730449	0.352768579997483	0.72233566380437
CKB	-0.273465391111628	0.700043746282393	0.903417799824216
ANXA3	-1.08854709685205	0.231772607972905	0.636477874345199
ACTN1	0.13034610206644	0.595855033264823	0.859981440756614
PEPD	-0.924112200891315	0.189372147724375	0.606562538147546
XRCC6	0.139881881196612	0.464495820306529	0.792592074332569
XRCC5	0.0134055494696739	0.942868534298611	0.984061819777676
UNG	-0.046847020245373	0.8538425361348	0.956829191425261
LAMP2	0.530276432088307	0.138557906420275	0.560488238576841
RNH1	-4.18596159543617	1.19939432594631e-05	0.00429782966797427
EEF2	-0.32954345325323	0.188670831816844	0.606562538147546
KRT10	0.0786236353831491	0.918865477649324	0.973831588421252
PDIA4	0.618411232146883	0.0482218587865921	0.424264316752528
TPT1	-0.398265953714262	0.0840333874566799	0.486148511941554
PLS3	0.0105494937657653	0.970402485372835	0.992069216646921
APEH	-0.742888131935761	0.13294766049819	0.553948585409127
GYS1	-0.872651481760265	0.0403342893115225	0.407673930944403
PRKAR2A	0.0712097532203408	0.800661246711411	0.938225068322716
ENO3	-2.52813368600253	0.016505451765949	0.336814202285652
GTF2F2	0.0544338374562976	0.773976411066253	0.928858098684032
MIF	-0.330454718826587	0.571288419667502	0.844869232405079
PRKCSH	0.566180433813226	0.114807202623834	0.530829001379018
FDPS	-0.974986860736983	0.159074325558407	0.588150988737016
CPM	0.202313253310045	0.615127894991992	0.865990941162333
PKM	-0.524545764109114	0.440007180051781	0.778272270804557
HSP90B1	-0.479486382282943	0.240548535991017	0.643790515148184
CCNB1	0.281919083753099	0.469223463310668	0.795622993360541
SNRPB	-0.264249238744263	0.627171149611488	0.87054442985957
IDE	0.0884026039234875	0.752849634616984	0.921506811515238
HNRNPL	0.386757475592766	0.0907562065864128	0.495931589173628
DARS1	0.28664125348795	0.247859701931481	0.649876047747177
JUP	0.299913682676902	0.2260657180807	0.634746229334594
ETS2	0.239317672941091	0.326170662582788	0.706274186095712
AKR1B1	0.0816526607323667	0.90385665521056	0.971594224377842
ANPEP	-0.00207149611811275	0.992602971908803	0.997479244991763
GSPT1	-0.277504751385905	0.297599646796804	0.685792889771745
EZR	0.228633025304561	0.406216615462214	0.753284045352514
UCHL3	-0.577258145527324	0.508025563682607	0.811280855028843
NME1	-0.749686192072225	0.130313188555479	0.552920321119092
NQO1	-1.27957879053967	0.0732072926570093	0.471833098095208
RPS2	-0.00704444456969711	0.984600220068606	0.99665276513536
TCF3	0.128111017768433	0.668877414609377	0.888305548125059
DSP	-0.0668122059680876	0.820356466944733	0.94394776769129
RPA2	-0.0916824384522954	0.740011193673622	0.916385681285839
CD44	0.591323002323982	0.134186383135552	0.555471731362771
CBR1	-1.03889282318165	0.226808534584102	0.634746229334594
NCK1	-0.482363764266516	0.0658378919606819	0.456029783113637
GCFC2	-0.0254651222174793	0.951891364226402	0.98470918347514
H1-5	0.140626580711633	0.799398762132717	0.938225068322716
POR	-0.154048194942025	0.638714112565267	0.876626455164586
STMN1	-1.29044038941555	0.16125134518759	0.588391596897881
YBX3	0.266455380273907	0.413216229075014	0.75932896795836
HSPA6	-0.245541887210766	0.56824054506382	0.844869232405079
HMGA1	0.0745898178597457	0.790474418967271	0.934092943654528
NPR3	-1.90774267428092	0.00586666103158843	0.223980369257862
JUND	0.0427387695641173	0.920465781586879	0.973831588421252
PRKACA	-0.3849266243	0.125821513355652	0.547050058068052
CAPN2	-0.268759235300241	0.381642400578272	0.741220561195379
PTPN2	0.630703837794449	0.183919776596076	0.603601583084043
CTPS1	-0.814150982958044	0.16684725276605	0.591792226678056
DDX5	0.169184348517906	0.489279642592593	0.804389541574896
PFKL	-0.095204972320019	0.878716876195343	0.965158789421015
LGALS3	0.1574021884758	0.57414057382357	0.847270571564317
PSMC3	0.0352419617706587	0.919413898695441	0.973831588421252
TCP1	-0.130782630413272	0.791600833169701	0.93487601829984
ERCC2	0.440661325627627	0.0812334963877068	0.482610561355217
RPL35A	0.224571779755209	0.270522759750887	0.665975276094515
ARF4	-0.585246507924786	0.137463817177116	0.557980567162515
RPL7	0.057747313380851	0.816077804369248	0.943281594158139
VCL	-0.236812392399308	0.640345919654934	0.878021008739512
NELFE	0.157342337142477	0.45979375608886	0.789305051250135
RPL17	-0.0901791087759136	0.686490153333253	0.897214114809981
PGAM1	0.0635943474044574	0.95638807310382	0.985188187832828
RCC1	0.252098845230897	0.321915273671338	0.702782739746678
LIG1	-0.375799500842181	0.192128648185521	0.607912573361104
PLCG1	0.231956171352323	0.523707230527399	0.818836432333632
NCL	0.387108243505573	0.227032488538745	0.634746229334594
HK1	-0.542264257806245	0.0763177939336611	0.47478654892838
POLR2C	0.379611869896191	0.210225511362613	0.621631528315002
POLR2E	0.218912835607512	0.489599840614671	0.80446286382999
EIF2AK2	-0.0554995484217713	0.807359995027445	0.940046116748535
SRM	-1.30684148964457	0.110421388289517	0.524769151843194
CSNK2A2	0.087967860005012	0.734807829115731	0.915676231337444
RXRA	-0.21474481764896	0.579307038591167	0.849742805024893
NFKB1	-0.115380839771419	0.687853561701286	0.8984721492453
EIF2S2	-0.0513325758565166	0.83861104885843	0.94927632820028
BTF3	0.109789036741816	0.826766328904615	0.944838403282686
RAB5A	-0.786780597009987	0.2223174044415	0.631833998082253
PSMB1	0.306104049337915	0.302705397220085	0.691255022860523
LMNB1	0.0832655305645034	0.808413264341508	0.940046116748535
BCL3	-0.81383046440083	0.0694776189705016	0.465440739473335
CAST	-0.0632137046613579	0.798393362393745	0.938225068322716
IMPDH1	-0.793688708830842	0.0380696637008431	0.407673930944403
PTMS	-0.214982652759026	0.825857532166298	0.944838403282686
CDK11B	0.398177132298358	0.255686882847828	0.652904492430435
GSTM3	-0.68587267808195	0.459433252704509	0.789305051250135
ATP6V1B2	-0.497762402365336	0.090997679966975	0.495931589173628
ATP6V1C1	-0.122204748827535	0.781501276167108	0.932682622125607
CSRP1	0.380067796124717	0.0939579638660085	0.498003808412718
FLNA	0.160562193875187	0.611690884236018	0.865505364335267
NF1	-0.239556201509334	0.378321161318556	0.739445906213542
ACO1	-0.665226884438646	0.0559122300443407	0.433975792762933
TGM2	-0.418175012309085	0.57136737856604	0.844869232405079
OSBP	-0.630394989039672	0.028414475690015	0.386652675528685
PCMT1	-0.732890664236574	0.267673265761488	0.663827930574637
FBL	0.0401698812574622	0.886520758662777	0.965853182188932
GART	-0.573177080404975	0.339263070801839	0.718282227694686
PAICS	-0.952122136608622	0.0272081432231542	0.383218525475138
UBA1	-1.28602503613172	0.0391682264547055	0.407673930944403
NME2	-0.786814343952788	0.164172968923552	0.588906216814613
HNRNPA2B1	0.148903790832065	0.576493523460407	0.847494752437522
RFX1	0.437657235519445	0.233121930825383	0.636477874345199
CBL	-0.092915080624671	0.869126124554907	0.961472172777489
PRKACB	0.0477862584657416	0.852630745118798	0.956262964009085
NR4A1	-0.0246626916823516	0.942034792803833	0.984023904776161
XPA	0.0185034188261639	0.958611482452382	0.985188187832828
TCEA1	-0.0933777429922173	0.728846920683121	0.913100437203699
SFPQ	0.202975611869821	0.510785096504604	0.812666865250339
TUBG1	0.220261233302839	0.36765155501385	0.732058045703289
PPIB	0.637487623314733	0.034383152699255	0.407673930944403
WARS1	-1.23611176598899	0.0478459127440494	0.423328034566692
RPS3	-0.292895278234688	0.380644407059344	0.741220561195379
SP100	0.213342602344579	0.746968090302846	0.918753657981189
AHCY	-1.08917601105252	0.155911259949218	0.584760954875469
CFL1	-0.67192763530818	0.0869071145474281	0.49305352512472
EIF4B	-0.586086916002166	0.0387895277721307	0.407673930944403
F8A1	-0.503510848566254	0.59569625625888	0.859981440756614
DGKA	1.64129670723675	0.000234234918044384	0.0279780596553014
DTYMK	-1.95734853288374	6.72004510370814e-05	0.0147316983541856
RRM1	-0.380073291863845	0.153695170404634	0.581344313386837
EEF1B2	-0.0113228475677545	0.962388945223811	0.987418865297634
ACP1	-0.852480596467558	0.28094266237243	0.676216178210713
MYL9	0.0010860501193406	0.997759738376797	0.99911917316518
POLR2A	0.21814446151258	0.623382644639413	0.869215489386345
CDK2	-0.514600661397925	0.0685396358816337	0.464126668174842
GRK2	-0.798064842705756	0.12874152965622	0.552073313328935
MCM3	0.114157573421217	0.674823512946938	0.890764555875626
NFYB	-0.0316253781204168	0.906371282795756	0.971627156334821
MPST	-1.27185844665257	0.0971484559558576	0.505142594169284
RPS12	0.143850184100373	0.662817819640982	0.886646451407708
YY1	0.0911245809101793	0.859268643854933	0.958706582401716
DNAJB1	0.101387288782444	0.615654895645477	0.865990941162333
DNAJB2	1.45748473865382	0.104984556673191	0.518889188154852
PSMA1	-0.129738356675972	0.579989219344333	0.850018283292649
PSMA2	-0.120481193784329	0.683592970749258	0.895978396190487
PSMA3	-0.222972596272065	0.340494774633269	0.718581358780178
PSMA4	-0.406680809467019	0.251301627055608	0.651348590796209
ITGA3	0.863083065236456	0.035035181322236	0.407673930944403
MSN	0.0489115497721926	0.81284286976589	0.941924093688674
DDX6	0.277768294533924	0.261537911150926	0.6589838692116
DNMT1	0.467405189876125	0.107284996641758	0.522943625031183
U2AF2	0.461677859981055	0.0394882762566403	0.407673930944403
RPL13	0.0153088360377751	0.957428277976788	0.985188187832828
S100A4	-0.696271569853813	0.476405191055613	0.799275193733569
HMGB2	0.378998425166483	0.201349415638755	0.613456587803479
PTBP1	0.148509781155877	0.583120786166534	0.851524750529999
TARS1	-0.939665969639943	0.0547313801475449	0.428296332299319
VARS1	-0.377726903102964	0.147909217354851	0.575626411812773
EEF1G	-0.251044955733001	0.268198026550995	0.663827930574637
STOM	0.126064116268999	0.559686743118496	0.840488618082544
YWHAQ	-0.47145316550365	0.0360526373359465	0.407673930944403
MAPK3	-0.224683320991069	0.430961113503838	0.771413635503201
MARK3	0.0769662248208931	0.756332572241887	0.922806609669774
ARNT	-0.506415350249583	0.125799447630673	0.547050058068052
RPL10	0.1444635559759	0.628726857020623	0.87054442985957
RPA1	-0.0922883952065057	0.661571702840042	0.886088400269982
APEX1	0.117318709120717	0.635575668491011	0.87427235269077
CAD	0.01157344019094	0.982724103986777	0.995977218888361
CALR	0.78180542801465	0.0109781717156288	0.294924038178441
MAP4	-0.404419528000005	0.135559983553319	0.557767775738245
CANX	-0.0749778848668505	0.878003542658796	0.965134066410398
PSMB8	0.379439237900971	0.264434394694556	0.661085986736391
PSMA5	-0.113532043005023	0.767461128080938	0.925170409517251
PSMB4	0.186964797728958	0.510846171342248	0.812666865250339
PSMB5	0.123437343128685	0.675821350923288	0.891147442186489
TMOD1	0.371777136461002	0.31759598434372	0.701000037728169
POLD1	-0.0730678216130087	0.799920956661757	0.938225068322716
SMARCA1	0.0155138981862777	0.938205723269815	0.98205564996597
MAPK1	0.0865473352571726	0.759159407338107	0.922806609669774
ERCC5	-0.107738843770942	0.575165143650236	0.847381985355693
LAP3	-0.729744727462993	0.197913301424538	0.613402066097713
GTF2E1	0.146273988688638	0.694049085457058	0.899496985187944
GTF2E2	-0.0017995590506743	0.997957406684756	0.99911917316518
TPP2	-0.270163768689933	0.705426560615777	0.904864560534559
IMPA1	-2.31632539325088	0.000385994208939433	0.0385994208939433
SHC1	-0.157502422763478	0.499516618808558	0.809474843492381
MPG	0.427221650733085	0.093345822388185	0.497955154148696
CRABP2	-1.94970152199397	0.135357442483677	0.557767775738245
TKT	-0.906586275049403	0.228973874434968	0.635738589275895
PML	0.168028382116454	0.550507453267834	0.83469042632288
EEF1D	-0.0915427571313643	0.692744759595955	0.899496985187944
MARCKS	-0.262000018399924	0.282337143499377	0.677105252117859
ERP29	0.226041324309879	0.415498204118152	0.760632568160796
PRDX6	-1.27711632936001	0.187743856793677	0.606310973790553
BLVRB	-0.67323945394779	0.467308685508663	0.795182963073704
PRDX5	-0.744169166247538	0.376944871598659	0.738097881545644
DDT	-1.87091368960896	0.0855114886303918	0.490072543384519
PRDX3	0.066197850682947	0.907454572055963	0.971627156334821
RPL12	0.0722765652326274	0.745646746113343	0.91870515996773
CMPK1	-0.964934590453225	0.448415633366176	0.782543516020518
PEBP1	-0.776684495135395	0.468560691618463	0.795622993360541
PDIA3	0.226767508757401	0.389177711665574	0.743754481016311
PPP2R1A	-0.266035588423037	0.363413564198679	0.730906607134854
PPP2R1B	0.0413646908872458	0.885107870041707	0.965853182188932
CDC27	-0.234413472149651	0.406423019818101	0.753284045352514
WEE1	-0.133887218941958	0.616523124583093	0.865990941162333
NMT1	0.111365508517352	0.681482207304873	0.895043827553743
ADSS2	-1.56693110658664	0.0698881735703155	0.465440739473335
LRPAP1	-0.234763231174579	0.554457398194342	0.836549758679183
ADSL	-0.934055422576144	0.0904606537271665	0.495931589173628
CLIP1	0.388638900787029	0.232351642497424	0.636477874345199
SERPINB1	-1.43846296055291	0.294845923152639	0.685522848351119
SLC7A1	0.452794351994612	0.368957592428406	0.732464287831091
POLR2B	-0.56868882664121	0.423542988831114	0.766419907583888
MAT2A	-0.816892092155221	0.0586305503138052	0.437221341582785
PRKAR1B	-0.803678975865154	0.0565799403859633	0.435207009702705
CPS1	0.392563610610964	0.49680651165314	0.809192180818569
RRM2	-0.594193626366085	0.132400639834953	0.553948585409127
DNAJA1	-0.141032804674964	0.569467463585605	0.844869232405079
ATIC	-1.07169599564563	0.0718826712326132	0.470152562668251
HNRNPH3	0.347094042742604	0.270314797936875	0.665975276094515
HNRNPH1	0.24427034962094	0.414297593803177	0.760432898077085
YWHAB	-0.311862600197603	0.172762506818798	0.595255432148102
SFN	-0.428535106134184	0.217368163692729	0.626043606080867
STIP1	-0.512025012689953	0.170659916989894	0.594128682476064
S100A11	0.376367259255353	0.703854631213783	0.903994896720211
L1CAM	0.314764635971784	0.360091486446806	0.728679326476602
INPP5B	-0.112145063655454	0.846808625455061	0.951784908463282
PRDX2	-1.1590755763754	0.105306840165096	0.519522677845477
HPD	-4.89745776610372	8.36579606480399e-06	0.00327026573442338
CTH	-2.21281297102799	0.0145950117949889	0.325301125047877
RPL9	0.0484859647845433	0.826887093804877	0.944838403282686
ACSL1	-0.342258441682258	0.146033701791317	0.575041133427347
KIF5B	-0.244601938042116	0.43788568853672	0.777301287934485
CSTF2	-1.09556141628789	0.226516119387599	0.634746229334594
DUT	-1.36831762163117	0.0984170223659648	0.505142594169284
TTK	-0.416255324981353	0.108367400452207	0.522943625031183
MCM4	-0.234863459898293	0.486708926172525	0.803719703918238
MCM5	-0.0633232848002798	0.775308318491645	0.92967812869885
MCM7	-0.0519224391919622	0.86691718376258	0.960770550024801
SHMT1	0.295073702081012	0.473975729052472	0.797507058262283
HSPA1L	-0.372819132418599	0.154064770123105	0.581631704591177
HSPA4	-0.512103954491995	0.24735356013889	0.649876047747177
GPC1	0.154996379761798	0.723312191719982	0.911860511646625
PFN2	-1.12578298281185	0.0217566274022149	0.359691718000866
CTNNA1	-0.145672273113536	0.631819153574077	0.871740987471031
CTNNB1	-0.455743496029715	0.0411466246581095	0.407673930944403
SERPINB6	-1.04417332508777	0.218681268653683	0.628562470060719
NF2	-0.0458530592805033	0.845459240375599	0.951784908463282
RDX	0.0342023175638566	0.88350137139966	0.965853182188932
RPA3	-0.144788872533542	0.536856729186614	0.826489853310366
RFC4	0.328795629074211	0.138498121167663	0.560488238576841
RFC2	0.117883058037712	0.693681439224493	0.899496985187944
RPL22	-0.29579906213252	0.287683979046915	0.681117049482746
GTF2F1	-0.192798454560272	0.418868509783362	0.761579108697021
SPR	-1.02307742131544	0.169137190036186	0.592255632862865
AGL	-1.7508599324421	0.0277919262806791	0.383338413382078
MYH9	-0.437705752472201	0.147324543547488	0.575626411812773
COPB2	-0.22342184202228	0.387304053014585	0.742822224782656
ADD1	-0.0652554006002859	0.798913847229366	0.938225068322716
BSG	0.308532846095293	0.214843628929246	0.622956311852441
FUS	0.521835136158273	0.24630975077765	0.648977897269543
NUP214	-0.111657609281558	0.604648979768418	0.865337825306718
DEK	0.266418602051253	0.238913887083478	0.642541485979859
CHKA	-0.168185470319258	0.692407249989469	0.899496985187944
PSMC2	-0.0580818984670621	0.888583774730447	0.966533703557721
ARL2	-1.61834471143381	0.0575103195102778	0.435251220532282
ARL3	-1.65844316119885	0.00951401607264999	0.286085797988776
MAP2K2	-1.94128071774558	0.00118443809592127	0.0834931772534667
ATP6V1E1	-0.70141535482119	0.057293721441039	0.435207009702705
RPL4	0.0236415963580683	0.930007572112806	0.977948815815422
PGM1	-1.7299366682928	0.0273711820255938	0.383218525475138
PPP1CC	0.0462191296274312	0.875793441767083	0.965134066410398
GNL1	-0.572126898590206	0.128884937520278	0.552073313328935
SRP14	0.464924598968338	0.217258540394632	0.626043606080867
NUP62	0.405234451602212	0.130946801841739	0.552920321119092
FDFT1	-0.772621706315629	0.254058050811715	0.652904492430435
TAGLN2	-0.71905109409677	0.44924089556262	0.782713067633414
TALDO1	-0.579245368270605	0.400702979274929	0.750445475122908
SNCA	-0.420725954847995	0.458015880192938	0.789305051250135
ETFB	0.163650769360348	0.546796532311105	0.832881717654181
ATP6V1A	-0.688757038041103	0.0831455770809387	0.485379448272922
HSPA9	-0.0151544381209234	0.98049177709679	0.995070720206797
EIF4A3	0.537945486598431	0.333172230540193	0.711552223864685
IGHMBP2	-0.137607119903407	0.455979239237844	0.787750393219256
RPS19	-0.279424207347592	0.357677685959645	0.726849739899089
RPL3	-0.00957583697694986	0.964007584069045	0.988268670580742
FEN1	-0.0649827527118134	0.912896733447808	0.972610494010301
CAPG	-1.61338041077161	0.0117354103429069	0.298593280914198
TXLNA	0.131599210375178	0.583400534423358	0.851524750529999
CCT6A	0.153156616708046	0.744561924271137	0.917782309737991
NNMT	-0.878807122329288	0.330824561949254	0.711272808190897
PBX2	0.534778053844597	0.545673719937343	0.832350832114429
ARL1	-0.303755041835828	0.244574808111858	0.648212429377983
MLH1	0.286477702067121	0.171332586755363	0.594128682476064
STAT3	-0.591356424749332	0.0625428026748224	0.448351139337736
USP8	0.0192083454412248	0.936376446614757	0.981335296232867
PEX19	0.0964293663142719	0.735096360599269	0.915676231337444
MDH1	-1.21163358501273	0.214337210230489	0.622956311852441
RFC5	0.59336197505877	0.0150442084338065	0.325301125047877
RFC3	0.00888681566076954	0.975320556217907	0.994387105865651
EIF2S3	0.197036552872625	0.673654200417421	0.890200695081411
ETV3	-0.495694111270765	0.060425100005915	0.442637018782682
CETN2	-0.161860971348027	0.695060116928145	0.899686484885919
EIF2D	-0.199625912458945	0.537441585987867	0.826489853310366
NAA10	-0.9206767515102	0.0434411112445556	0.410542370003492
PPP1R2	-0.441425550185187	0.0701737515818257	0.465440739473335
CSK	-0.745988755201463	0.0610331734320093	0.443433110468512
GARS1	-0.499698904793274	0.384563124287828	0.742759464793356
IARS1	-0.112888171866288	0.662922870064135	0.886646451407708
PRKCI	-0.151648440467298	0.606138960424147	0.865337825306718
STAT1	-0.370276817017224	0.250431903482604	0.64988166637388
STAT6	-0.886975181434597	0.0113096243586524	0.294924038178441
MTREX	0.334416471521184	0.325384062668198	0.705756147602545
MTOR	-0.134452430189278	0.517648993975915	0.815648708277595
EPS15	0.119610964992319	0.910465055252814	0.972056513937238
RPS27	-0.0163706992909951	0.950173710780591	0.984432564507661
ABL2	-0.148267080108162	0.732698375516252	0.914543690775003
RPL35	0.275430669151667	0.480700137935229	0.800330817307778
CDKN2A	-0.681713214597838	0.205633620427249	0.618080068275514
PRCP	1.00879704907133	0.0167842771833826	0.336814202285652
HTT	-0.304182283990528	0.776332159345964	0.930295363326336
PAFAH1B1	0.108262370268719	0.66458967810947	0.887771238232594
MCAM	-0.0349299720566165	0.905167442186477	0.971594224377842
MATR3	-0.307394779323566	0.215282111491332	0.622956311852441
MSH2	0.00353726723822945	0.98748243581503	0.997457005873768
MAGEA1	-0.00104214538579583	0.996709092125844	0.998875981276705
MAGEA12	-0.595818722635219	0.0609684078345426	0.443433110468512
RANBP1	-0.217959468378258	0.567304190753498	0.844675574218952
NAMPT	-0.756977433210601	0.248431005622582	0.64988166637388
PSMC4	0.0367131892471662	0.858479496832687	0.95817173818981
CBX5	0.467968112136241	0.298842243762755	0.68721770638024
USP5	-0.548147629474308	0.306364364512498	0.694548280403005
MAPK8	-0.251161664196328	0.405600104040358	0.753284045352514
RANGAP1	0.216299224752809	0.479897319364745	0.799923864776347
RECQL	0.159269105055209	0.502667598236199	0.810666467063742
NOP2	-0.281423768185874	0.591915459228955	0.857848491636167
CRK	-0.977525623523615	0.163093701180396	0.588391596897881
CRKL	-1.86951184516368	0.0246430666359582	0.369222289841785
BAG6	-0.180463599850889	0.460468620057094	0.789479691485449
MAP2K3	-0.0751245788920762	0.914396584234559	0.973484850757268
RPL27A	-0.285842045829323	0.361251868305672	0.728945581283148
RPL5	0.308717604694351	0.348657009563074	0.720371302234254
RPL21	-0.286013299892275	0.45394700885833	0.786451304629661
RPL28	0.029430026070937	0.95555781009917	0.985188187832828
RPS9	0.274798315271241	0.398857721439076	0.748946813182545
RPS5	0.473373696936605	0.470973286051394	0.796509299411747
RPS10	-0.152814419430552	0.739512656793631	0.916385681285839
MAP1B	-0.150410605675734	0.804479497494032	0.940016804137048
GNPDA1	-0.977647438299577	0.0837960600416004	0.486041400167727
YAP1	0.302532217653379	0.276273659730952	0.671538602594907
IQGAP1	-0.439883213183698	0.100055700587349	0.507956921517831
GYG1	-1.55829967522845	0.0246434412057191	0.369222289841785
PLA2G4A	-1.13242799930269	0.0354634913862153	0.407673930944403
CAPZA2	-0.510683899890591	0.0444751993122784	0.413341075956592
CAPZB	0.0784841560527454	0.746902825237186	0.918753657981189
QARS1	-0.359736436391881	0.172470726237894	0.59474419189877
RPL29	-0.439148065765625	0.189964502725007	0.606816853668914
LIMS1	0.0402653904406307	0.880175496448971	0.965158789421015
PREP	-1.6031485145389	0.0376528863362284	0.407673930944403
ME1	-0.82654728293409	0.18790913345181	0.606310973790553
IREB2	-0.220149731681847	0.473373347033949	0.797200716116465
PIP4K2A	0.271746129148024	0.678241533182106	0.892423069976455
SOX9	-0.774950507796888	0.0435586962527009	0.410750863786434
ARCN1	0.0282776788894772	0.915495339163517	0.973690318675024
GCLM	-1.22464668768744	0.0901554196374698	0.495931589173628
PSMD8	0.0558448238997791	0.886540431061208	0.965853182188932
PRRC2A	0.430866942947212	0.10394779719137	0.516734714361722
GSS	-1.49140724874666	0.122453851297499	0.544477908032772
CCT5	-0.0967218880608876	0.788720065269638	0.933426949802777
CSNK1A1	-0.179209062798094	0.453148675968293	0.785667545850448
CSNK1D	-0.75394971109402	0.427135543401242	0.77008628610088
PITPNB	-1.58361283584586	0.0520918558505918	0.42747133617852
ADGRE5	0.32230446002233	0.278301874229115	0.672420201196564
POLD2	0.0721136164416549	0.757626780347236	0.922806609669774
MARCKSL1	-0.391244331016782	0.125389327434315	0.546790640797239
PXN	-0.861156662846902	0.238707035322425	0.642541485979859
MAPKAPK2	0.0287307710799958	0.948634148293256	0.984432564507661
ALDH9A1	-0.977580925784366	0.194734247053089	0.609310557054631
RPL34	0.44485285411886	0.179701228823135	0.602108875970119
RPIA	-0.19548087365213	0.806284854470745	0.940046116748535
LMAN1	0.291904100158835	0.385906834709532	0.742759464793356
NASP	-0.0942543735759074	0.804840168156633	0.940046116748535
FASN	-0.548817474579295	0.31940630339597	0.702530488287811
FNTA	-1.71887937330325	0.0016714295490467	0.1016030922478
FNTB	-0.795585523189423	0.0546437680507073	0.428296332299319
CCT3	-0.219109116845068	0.583591497630676	0.851524750529999
ALDH7A1	-0.345198051016293	0.535984717232416	0.825773659655819
CDC34	-1.78454752039179	0.0186779942936419	0.344701182243177
SRP9	0.292900938532568	0.295885208719091	0.685522848351119
PCYT1A	-1.17653657108967	0.0129591393683917	0.311790041484868
AARS1	-1.07423108363541	0.0395280518547231	0.407673930944403
CARS1	-0.56754711964048	0.106031658968539	0.520622709481761
SARS1	-1.16038194068918	0.0466559749237894	0.417090836117036
PRIM1	-0.449035959729123	0.108139137771943	0.522943625031183
PRIM2	-0.158801447444869	0.459713212680524	0.789305051250135
CSNK1E	-0.583499791967871	0.678819854849018	0.892910791021956
PSMB3	0.0603242465098859	0.822182309689058	0.944590551673954
PSMB2	-0.0390201971483108	0.86507512060845	0.960770550024801
MCM2	-0.128780468454387	0.647318605970237	0.879415077151764
TMED10	0.518154476073832	0.0536180782817022	0.428296332299319
NUMB	-0.282592683455793	0.781186982944155	0.932682622125607
EIF2B2	-0.405007932439851	0.0795239811017498	0.482610561355217
HINT1	-0.982281627495965	0.133128950697449	0.554166977733815
RANBP2	0.601469951070982	0.188141963420532	0.606310973790553
TSC2	-1.91034719420125	0.0689731932938543	0.464138859410913
GSK3A	0.159973455214267	0.499803653365645	0.809474843492381
GSK3B	-0.343041424654636	0.433177594954098	0.77407705054691
TAF6	0.0103122920256489	0.967861750873944	0.990419543605095
NT5C2	-2.02262513832375	0.00948424295142053	0.286085797988776
SEPHS1	-0.17640455787415	0.512969294885981	0.813936519560781
GMPS	-0.172896408668507	0.599349841145385	0.862076456452247
LIG4	0.314037635914708	0.165333161849235	0.591792226678056
CDKN1C	-0.312990634700579	0.524634658700732	0.818836432333632
MRE11	0.0847230829606787	0.679933472826111	0.894102120230054
GDI2	-1.18417121364202	0.0934203366225737	0.497955154148696
SERPINH1	0.59314625430752	0.253967802082356	0.652904492430435
ST13	-0.0694199724554601	0.799729572056773	0.938225068322716
VASP	0.359362205043528	0.18305679117048	0.603601583084043
DNM2	-0.0973075511431105	0.84512051284393	0.951784908463282
METAP2	-0.468142014506153	0.0957291860035986	0.502607447882142
CDK7	-0.210194966465682	0.270571815659795	0.665975276094515
CDK9	0.354428519325204	0.178216075568949	0.601514226802576
LRBA	-2.22940695765564	4.47677102673719e-06	0.00192501154149699
RPL14	-0.23055211513752	0.343005587514152	0.718581358780178
CCT8	0.0432382763382329	0.908239635447362	0.971741834392549
CCT4	0.0347193668277157	0.893450946393717	0.966743600778304
ANXA11	-0.188389213853718	0.788854310600765	0.933426949802777
PAPOLA	-0.0318191415465066	0.91040588043644	0.972056513937238
FXR1	0.398566045205541	0.0936024693047224	0.498003808412718
FXR2	0.0774698704986037	0.70162265825889	0.903805804925091
RAB5C	-0.196722133398861	0.385788218696007	0.742759464793356
RAB7A	-0.575413093928852	0.0337945568838438	0.407673930944403
RAB9A	1.09252174432047	0.117700353381752	0.53849451820229
RAB13	-0.492352483618593	0.231522863225962	0.636477874345199
HCFC1	0.290686235855656	0.153089839642297	0.581344313386837
IRAK1	-0.0460753315440066	0.918017871915845	0.973723939131262
PSMD7	-0.394573073565244	0.266884876012641	0.663827930574637
STAT5B	-0.597905229494778	0.394942061386106	0.746963035611192
USP11	-0.452492637870741	0.0735801218170682	0.471833098095208
RPS6KA3	0.192255007062442	0.617082261186869	0.865990941162333
HDGF	-0.231248408098054	0.440389157795203	0.778272270804557
HNRNPA3	0.153190848435258	0.514165556197427	0.814599005248365
PGD	-1.08037496529073	0.16838406226329	0.591792226678056
HNRNPM	0.228337704200527	0.34441573668033	0.718963953619299
KPNA2	0.0616292888285379	0.828108569490191	0.945028356902289
RAP1GDS1	-1.0441328046839	0.108407984768744	0.522943625031183
POLR2H	0.182355997464203	0.611581753839875	0.865505364335267
POLR2J	0.294302154304784	0.532971384836929	0.824108130117558
MAP2K6	-1.70015670888597	0.0201336993031794	0.354626150625658
ARHGDIA	-1.63991414350998	0.0579948830499178	0.435251220532282
SLC7A2	-0.327806053095831	0.637963670355371	0.876365801614908
AGFG1	0.14674785330083	0.58891675428635	0.855232030878522
HNRNPF	0.13898694669588	0.557313129086122	0.839091896033027
STAT2	0.270234034592956	0.786848623700786	0.933206064308269
MSH6	0.333993956120011	0.196027378978837	0.611252885865843
KIF11	-0.777171536271354	0.0493829021970848	0.424264316752528
VAV2	-1.91156433632167	0.0281017081290942	0.38483230877422
SMS	0.243038339506331	0.469906017376473	0.795622993360541
HK2	-0.41961702439178	0.166641730910099	0.591792226678056
THOP1	-0.690867459764064	0.331508962854457	0.711321626883317
CAPZA1	-0.0954793226670532	0.659033240323533	0.884688528530412
CRIP2	0.709433618025706	0.0121609112473681	0.299339652913022
NUP98	-0.652395161835969	0.215004437529228	0.622956311852441
BLVRA	-0.385201928457427	0.386069919447175	0.742759464793356
PPP5C	-1.034249374459	0.00588055648878668	0.223980369257862
PLK1	0.236872188085634	0.226870531959719	0.634746229334594
ARFIP2	-0.154849753370318	0.571624189568328	0.844958410156002
ARFIP1	-0.362057855290743	0.517100172258057	0.815648708277595
ACLY	-0.529086376535673	0.198505134602248	0.613402066097713
METAP1	-0.496781711572932	0.186650226981903	0.606190314216151
MVD	0.0294660815105878	0.965990735795596	0.989256800300092
COPB1	-0.221781838858533	0.357006591380912	0.726172347652753
COPA	-0.172817209376127	0.466249229542302	0.794323172358122
CTSC	0.00939694532435453	0.978087948868888	0.994810011799896
CLTCL1	0.270046048382412	0.481391217668242	0.80045716781649
AP3M2	0.540459264763392	0.12075628623307	0.540502622197605
AP2S1	-0.0969123288644482	0.780574409258346	0.932577215415582
SLC16A1	0.166188828324021	0.531743831992921	0.823073606036559
IST1	0.296034945577578	0.276767201202458	0.671538602594907
SEC24C	-0.0793753485309274	0.692085202219796	0.899496985187944
SUB1	-0.209589401464527	0.455202650157297	0.787141480612233
CLNS1A	-0.538686010307746	0.373516000704791	0.736004696892294
RARS1	-0.57425897871471	0.0885133902014692	0.494768890560664
ATN1	0.15147655825195	0.479188901005443	0.799577910098332
YARS1	0.10587100237224	0.801213364160265	0.938240050623404
USP14	-0.28917861380495	0.207892594049397	0.618642321392668
PRKAG1	-0.168587827523908	0.596230179226214	0.859981440756614
PRKAA2	-0.812317502462282	0.133842802935337	0.555471731362771
HSPA2	-0.347232589845969	0.234183133522088	0.636930723684363
ATP1B3	0.0626196496394051	0.860279556083548	0.95908791577891
RAD23A	-0.350057525463537	0.36488725029612	0.731170568411327
RAD23B	-0.206929638541606	0.502217513544395	0.810666467063742
PDE1A	-0.752975558037864	0.0258033633849426	0.378590496176841
AK2	0.732780201827246	0.0829560538537534	0.485379448272922
NAPA	0.0533028920059344	0.778534048209155	0.931986750361739
EIF5	-0.326234788936119	0.178520323371833	0.601596701017933
PSMD4	0.0744292157185207	0.783482704873532	0.933206064308269
DRG2	-0.809774792751686	0.0927379904554984	0.497955154148696
CSE1L	-1.09322889310199	0.0107413246378359	0.292921055950138
VCP	0.0202994784370389	0.932355297939344	0.977948815815422
MFAP1	0.635112946256292	0.129568541583702	0.552722945247935
NAP1L1	-0.13220232500224	0.609733610831145	0.865505364335267
ADK	-0.118142498657669	0.833620033737741	0.948047115861488
ADAR	-0.228046041053858	0.342612821742748	0.718581358780178
TPD52	0.066377428786133	0.886067668325238	0.965853182188932
SEC13	-0.0872489056766739	0.627731289618781	0.87054442985957
SNU13	0.111016177871598	0.709358380074217	0.90632419683087
NPEPPS	-1.19884630381996	0.00171048115759246	0.102153735800661
EIF3B	-0.0820354203346234	0.718849659620859	0.909436396164599
MARS1	-0.201409325267242	0.34184465692097	0.718581358780178
AP1S2	0.568885283325237	0.110567639899984	0.524769151843194
EIF6	0.0340419056161814	0.907404491515431	0.971627156334821
BCAR1	0.287674458140419	0.68468947934822	0.896517893178241
CFAP298	0.00135540254396815	0.996966736351102	0.998875981276705
WDR4	-0.69043725949043	0.155739424839088	0.584760954875469
GEMIN4	0.305670017171234	0.332584913493333	0.711552223864685
NUP107	-0.162686318081235	0.54976973696409	0.834160151356947
EEFSEC	0.334498670271351	0.389804322399424	0.743754481016311
SESN2	0.183614937441362	0.530780711478371	0.822767505175557
EPPK1	-0.520977734284841	0.296578225182398	0.685522848351119
MTPN	-1.57529165763077	0.12152485497106	0.542071448522363
ARPC4	-0.423996770038784	0.148943951837299	0.575922613203891
TPI1	-0.599184073792067	0.453311902617433	0.785667545850448
EIF3E	0.0813217145490874	0.803891702758553	0.939585300859413
PPP4C	0.0966966691294999	0.780480444947382	0.932577215415582
GABARAPL2	0.261715755594796	0.570461850281693	0.844869232405079
MYL6	-0.459372764758278	0.0501815957559266	0.424511694701089
EIF4A1	-0.403635059368376	0.171928326999448	0.594286017763365
RPS20	-0.333898145616367	0.144303429513254	0.574541432321291
PRPS1	-0.617378152524662	0.109958993552131	0.524769151843194
PSMA6	-0.291390922313337	0.333216406023253	0.711552223864685
S100A10	0.278462664317068	0.369432473076377	0.732770290117032
CDC42	-0.331071845021704	0.496048016534832	0.809117466211021
DSTN	0.0120603896269849	0.979539215508377	0.994849011309905
RAB8A	-0.0399820630015206	0.878415226876093	0.965158789421015
SRP54	0.459625258043211	0.264313594559596	0.661085986736391
RAB2A	0.37624509903933	0.118840487361727	0.539591938230179
RAB10	-0.0641401813320464	0.821166701605686	0.944374650148289
UBE2D2	-0.468748017387835	0.328354910950742	0.707834859862895
UBE2M	-0.430719089848392	0.123666342792717	0.545258654920625
UBE2K	-0.84209115052192	0.310913832049522	0.696457108720414
UBE2N	-0.605304505652061	0.447929073636218	0.782453055275899
RAB14	-0.110281705163423	0.749619732026381	0.920698328395726
ACTR3	-0.608665096322163	0.0215114808876976	0.358524681461627
ACTR2	-0.0702369758835957	0.730727086176789	0.913113639234443
ACTR1A	-0.0707341506018508	0.743438381369258	0.917561722126236
COPS2	0.0435109214678278	0.909705972356893	0.972056513937238
ARF3	-0.433604999470784	0.184069307025915	0.603601583084043
ABCE1	0.049984798178162	0.877693335703219	0.965134066410398
RAP1B	-0.289985804045347	0.733785644241082	0.915369385041094
RAP2B	-0.419780497059019	0.549263192508211	0.833803306179444
RPS3A	-0.122228755800386	0.635526867610275	0.87427235269077
RPL26	0.144354325926432	0.608350954376071	0.865505364335267
PSME3	-0.0679162554353923	0.763759999548631	0.9248572227708
RPL15	-0.763661706005003	0.0425177713799461	0.40948317655537
RPL27	0.0951879351520546	0.702935472639925	0.903894297952057
PCBD1	0.066975825205791	0.909184495035735	0.972056513937238
RPL37A	-0.0761857079697812	0.867374715161925	0.960770550024801
NAA20	-0.450742434828992	0.0728852187480656	0.471833098095208
HSPE1	-0.0382119462760535	0.90640303536724	0.971627156334821
VBP1	-0.621661356844527	0.0156905867166586	0.328639410203466
STXBP1	-0.144122372986079	0.71481686338062	0.90905413051945
COPZ1	0.074933372970591	0.702507982155609	0.903894297952057
UFM1	-0.19544410914915	0.479124084228854	0.799577910098332
DCAF7	-0.171051447671097	0.451943143324986	0.785511526393468
WDR5	0.156084524949442	0.449102157597851	0.782713067633414
AP1S1	0.280314620057414	0.309170137574697	0.696402090922576
HNRNPK	-0.0355831381170901	0.883751785161768	0.965853182188932
YWHAG	0.0325765882409499	0.885763960903429	0.965853182188932
RPS7	0.287380698034536	0.182927279048243	0.603601583084043
PPP1CA	0.0237328206192302	0.905377516457696	0.971594224377842
PPP1CB	0.179496886674734	0.517396668665844	0.815648708277595
PSMC1	-0.019472271383016	0.945610148004001	0.984432564507661
PSMC5	0.0463248259043425	0.873893367694523	0.964303681890268
RPS8	0.100318332135561	0.640891609709875	0.878032310438007
RPS15A	-0.0513856277601512	0.856386930024274	0.957282281855406
RPS16	0.0934767157649112	0.683860720069111	0.895978396190487
UBE2H	-0.173457364645202	0.372973647914744	0.735844206872901
YWHAE	-0.287482711623131	0.615232489405201	0.865990941162333
RPS14	0.221239971127172	0.346851482912749	0.719274051502515
RPS23	-0.14810690632261	0.57460486577281	0.84732541934948
RPS18	0.215071641561487	0.441662491775192	0.779937870485966
RPS29	-0.309276845235672	0.748772890169958	0.919920979351663
RPS13	-0.162705272556643	0.50751865571317	0.811280855028843
RPS11	0.307383940942341	0.371559582302488	0.73525366033166
SNRPE	0.315348398933093	0.47576182611917	0.798819153577677
SNRPF	0.328204916210812	0.221495429505296	0.631585110658337
LSM3	-0.193475939723236	0.506227521314004	0.811280855028843
LSM6	0.27557093480975	0.20190763154369	0.613456587803479
SNRPD1	0.290217472177044	0.244694136945957	0.648212429377983
SNRPD2	0.0180169993746802	0.949514843290697	0.984432564507661
SNRPD3	-0.0488659967333689	0.886563374441794	0.965853182188932
TMSB4X	-3.5339703485897	0.00574927632734915	0.223980369257862
ARF6	-0.292522446759254	0.31349698396599	0.699189331459417
PSMC6	-0.0722007320402547	0.784899385464246	0.933206064308269
RPL7A	-0.0385944928135373	0.868205524172171	0.961195611210179
POLR2G	0.372890917367755	0.35900140296536	0.728502196315006
ETF1	-0.331573939870378	0.108108406219122	0.522943625031183
YPEL5	0.0666172959951155	0.812845916577891	0.941924093688674
RPS4X	-0.0197349353128686	0.930130483081598	0.977948815815422
PPP2CA	-0.148752870043911	0.557914823010643	0.839409985635327
RPL23A	0.0331813321836059	0.902106984107923	0.971594224377842
RPS6	0.0404061919388319	0.867136507899656	0.960770550024801
H4C1	0.230453684170829	0.693600995667125	0.899496985187944
RAB1A	0.255420385524872	0.310291630346863	0.696457108720414
RAN	-0.359091911871477	0.227608975998598	0.635268988776577
RPL23	-0.155077375723735	0.566213205536248	0.843922628702207
RPS15	-0.467365970241456	0.0750819141996256	0.472942844104152
RPS24	0.334588970283864	0.234896818970725	0.637278963520212
RPS25	-0.144983238037668	0.64298303204431	0.879062970261476
RPS26	0.248476999112103	0.239384060590636	0.642541485979859
RPS28	0.025698628612755	0.920552472033026	0.973831588421252
FAU	0.058867324153816	0.868819090330616	0.961379847766765
GNB1	1.61778971991356	0.158257125172547	0.586137500639062
POLR2L	0.0379907292335133	0.901852477011631	0.971594224377842
RBX1	0.0937884672751679	0.704760107060065	0.904848602247036
RPL30	0.0960422320514169	0.681957679264601	0.895215809594393
RPL39	-0.138679361892414	0.627802331336076	0.87054442985957
RPL31	-0.0420258861139118	0.839094224715429	0.94927632820028
RPL10A	-0.247848628059526	0.366978854072576	0.732058045703289
RPL32	-0.169154060265786	0.593498632635329	0.85924292227896
RPL11	-0.0521660790558087	0.805817574754822	0.940046116748535
RPL8	0.103742890504769	0.746866343455418	0.918753657981189
PPIA	-0.617813076827765	0.323233383383299	0.703846176814824
FKBP1A	-1.23206847533668	0.257188200184118	0.654384177983259
GRB2	-0.506543766824837	0.0238166963858723	0.365756408783039
RAC1	-0.72112508950395	0.209590735298191	0.621246460111802
AP2B1	0.140390900276792	0.552665674112509	0.835679359895978
GNAS	-0.09395284468048	0.853346083674867	0.95681568704092
PPP3R1	-0.700036661989877	0.0382984507431727	0.407673930944403
YWHAZ	-0.6451495392716	0.0459730685248503	0.41552911853004
PPP2R2A	-0.149290662456341	0.544050219844714	0.831372954574712
SUMO1	0.0196106088545136	0.946826064917192	0.984432564507661
DYNLT1	-0.0325482215441433	0.905278033817222	0.971594224377842
RPL38	-0.391600824458557	0.131040769369865	0.552920321119092
SKP1	-0.0486881306232618	0.886969238131906	0.966050588644173
RPS21	0.110011509886728	0.65882178296368	0.884688528530412
EIF5A	-0.790695071277121	0.039348690494457	0.407673930944403
RACK1	0.0590892747812433	0.873855929579211	0.964303681890268
SUPT4H1	0.506211496502942	0.39137554654061	0.745972894558787
UBE2I	0.148153301015657	0.537314277710052	0.826489853310366
TMSB10	-1.41641951365792	0.125093959614341	0.54665043327405
YBX1	0.505112289020467	0.11357651161336	0.52683818763479
CSNK2B	-0.00157070048620511	0.996291996848374	0.998875981276705
TPM4	-0.249891984449999	0.296475130319017	0.685522848351119
UBE2L3	0.413101126792732	0.53328682703524	0.824144353211662
EEF1A1	-0.150212714359348	0.507626145361736	0.811280855028843
TUBA1B	0.174305738090794	0.929056223221812	0.977948815815422
TUBA4A	-0.946222782703092	0.0990193676112833	0.505142594169284
TUBB4B	-0.682104664928517	0.285787908948525	0.681103910470034
CSNK2A1	0.252794685891587	0.514334023081235	0.814599005248365
PAFAH1B2	-0.933815228575508	0.152438353575699	0.581061987520497
IGBP1	-0.51581637959476	0.35916852469484	0.728502196315006
EIF4G2	0.203213696833362	0.468985947119953	0.795622993360541
RPP38	0.020869855739619	0.958778533228886	0.985188187832828
RPP30	0.342082975370733	0.134586659364686	0.555471731362771
GTF2I	0.34081180767221	0.403844080715467	0.752395817624138
PIP4K2B	0.805739467299684	0.0274697441626801	0.383218525475138
SRPK2	-0.103894869990164	0.605772569703842	0.865337825306718
CCT2	0.131363529233418	0.664170681035487	0.887487236933684
RAE1	0.2714419374682	0.332109047054509	0.711552223864685
GSTO1	-3.24797476450362	0.0399147812141671	0.407673930944403
PRKDC	0.289133287170703	0.31600171440806	0.70014294547504
IFI35	-1.35950781838886	0.110177807341911	0.524769151843194
BASP1	-0.0515959403485482	0.802092756232357	0.938758533423825
HMGN5	0.461190390538214	0.119122744093198	0.539591938230179
SARNP	0.293379384528176	0.363699415983288	0.731139545922458
COG7	-0.724174242528072	0.15814311469714	0.586137500639062
RPL24	0.0696019799379428	0.807845578711545	0.940046116748535
ARF1	-1.02438107442222	0.32895553298227	0.70831687121871
ARF5	-0.391331134681678	0.169537000786615	0.593172582084982
RHOG	0.280390298487394	0.300467866819588	0.689048149643638
RPL19	0.715632486061086	0.533393891857687	0.824144353211662
SRSF3	0.881234104866003	0.00227444442247164	0.120312219033552
FOXK1	0.0831699844673537	0.792176995111949	0.93529958236721
CCZ1	0.237195142653736	0.403549711740061	0.752173281526772
DAB2	-0.62845271067302	0.215594332921572	0.623440236424181
RBM3	-0.0965889380640554	0.740257530097825	0.916385681285839
CYCS	0.26932010669476	0.522701059511527	0.817909227037688
PITPNA	-1.50405559471671	0.0496804594503697	0.424264316752528
HDLBP	0.20098734677758	0.447142330282807	0.782366874553397
GTF2B	-0.0311283394283457	0.920339627324052	0.973831588421252
CDK6	-0.714678883324723	0.108212069489262	0.522943625031183
CDK5	-0.22195120398986	0.535796413163256	0.825773659655819
PURA	0.199775236901878	0.385889828189977	0.742759464793356
CLTC	-0.115199057689836	0.674909516986695	0.890764555875626
HSF1	-0.506651932071605	0.178864524784315	0.601813346300904
NFKB2	-0.299905180909274	0.303238014086442	0.692103747649522
FKBP3	-0.190559162456836	0.427303060058929	0.77008628610088
REEP5	0.319990149044589	0.245344610511398	0.648521894247307
SORD	-2.14597991673024	0.0532438768647328	0.428296332299319
HNRNPU	-0.214949954082954	0.440529333742338	0.778272270804557
SPTBN1	0.271018917391707	0.336793894154409	0.716111445592772
TIAL1	0.662184047109484	0.103874771212694	0.516734714361722
SET	-0.414173114880636	0.15372925883942	0.581344313386837
SRSF2	0.883878799249189	0.00382376455874973	0.166082703056806
AMPD2	-2.10173533626445	0.000760544083263443	0.0654067911606561
CAP1	-0.241148119663073	0.712313753103396	0.907235302920889
HMGCS1	-0.899613756114572	0.105475185525372	0.519522677845477
IFITM3	-0.205108695763787	0.443143950587136	0.780271676162992
SLC7A5	0.392359667682303	0.207005427247876	0.618080068275514
DR1	-0.248819809214393	0.226915777070819	0.634746229334594
EXOSC10	0.462886162157272	0.129559829349726	0.552722945247935
OTUD4	0.0229018354606332	0.945633280773994	0.984432564507661
PFKP	-0.743512583990512	0.0855917395539009	0.490072543384519
EWSR1	0.469962048702584	0.348756309633046	0.720371302234254
OCRL	0.146148842023869	0.640994944055798	0.878032310438007
PLCB3	-0.076290745921483	0.767216435242245	0.925134792916897
COL7A1	0.640747036143807	0.232969551567447	0.636477874345199
RPL18A	-0.218803422506792	0.517491302205972	0.815648708277595
MAP2K1	0.167327007863925	0.786968500484834	0.933206064308269
FKBP4	0.0293609465219262	0.926936270600622	0.977384437243484
RASSF7	-0.195432546847748	0.589902102076527	0.855844554839442
RPL6	-0.0648638645129083	0.813306851766966	0.942138863846432
DST	-0.974027948087063	0.10301626877938	0.515081343896902
TNFAIP2	-0.0678952489933415	0.734747876911045	0.915676231337444
MVK	-2.21191345655997	1.34569115823568e-05	0.00445113229262571
UBXN1	0.123767236724305	0.570391980755679	0.844869232405079
GBE1	-1.74348067040255	0.0867268442811241	0.49305352512472
EIF4G1	-0.0985695980795427	0.692824301746374	0.899496985187944
KRT17	0.147456482016331	0.496900662644762	0.809192180818569
TLE3	0.01712136520079	0.942468494617284	0.984061819777676
GLO1	-0.508519274401458	0.611325614729468	0.865505364335267
YWHAH	-0.204534388600326	0.427303291392032	0.77008628610088
PLP2	0.27608859582655	0.497720395164871	0.809192180818569
CSTF1	-0.130684459865314	0.693926894625473	0.899496985187944
UBE3A	0.222896900296323	0.810417868923343	0.940312152285584
DNM1	0.0839352213795337	0.724569768468837	0.912342607442459
PTPN12	0.0100415274365133	0.981037847024416	0.99526880852155
PTK2	0.0558399580361488	0.818099693179659	0.943281594158139
EEF1A2	-0.228141167702574	0.297602216817227	0.685792889771745
PRKCD	-0.713509031230828	0.652656259651709	0.881413918499481
CALD1	0.668041276475101	0.0465269212714177	0.417090836117036
FPGS	-0.57544441618651	0.0545682386231291	0.428296332299319
PTPN11	-0.873045570705614	0.0224269127530929	0.361226844945409
PPAT	-0.929414204864074	0.217839434933839	0.626980970693112
GFPT1	-1.51966645935445	0.0702490790507428	0.465440739473335
EXOSC9	-0.552562207610581	0.16543021659674	0.591792226678056
PSME1	0.272070871492172	0.316041269108617	0.70014294547504
GABPA	0.0861679261955857	0.742707723340377	0.916936023761378
PRDX1	-0.674446025171292	0.273934026077588	0.668807943827278
RPL18	-0.123792427299641	0.628746243744704	0.87054442985957
C1QBP	0.25971539214315	0.50681464181076	0.811280855028843
TJP1	0.486631969126183	0.0676481709531115	0.461725611267269
BAX	-0.0836770509751297	0.760349725130234	0.922806609669774
POLE	0.259269050597766	0.249587824198534	0.64988166637388
KLC1	-0.519243970226825	0.206211686661117	0.618080068275514
SRSF1	0.281518873675861	0.227958151088897	0.635268988776577
ARHGAP1	-0.41995605096135	0.346440305092834	0.718963953619299
TLE5	-0.202689130942311	0.412361297288939	0.758730671092186
PPP3CA	-0.607336412006063	0.136993144235826	0.557767775738245
DHX9	-0.66555898405678	0.3527410605443	0.72233566380437
CRYZ	2.77651922083654	0.163293856044975	0.588391596897881
GOLGA3	-0.0585724923346902	0.826292963344735	0.944838403282686
GOLGA2	0.26290607191526	0.356563830336502	0.725710753678468
PPID	-0.35703452720265	0.171279056806879	0.594128682476064
SSRP1	0.1672919665351	0.570430210335572	0.844869232405079
CAMSAP2	0.109182163008551	0.668701079083446	0.888305548125059
VAC14	0.183526285954382	0.519075982600316	0.816133404302162
NSUN2	-0.311686668984315	0.134522689862319	0.555471731362771
RBBP4	0.344575491621736	0.435180263669076	0.774517782285976
NCBP1	0.329966870272525	0.317892500717861	0.701000037728169
AHNAK	0.477820141410668	0.198105234435741	0.613402066097713
FCHO2	-0.0939824027387104	0.877676181204139	0.965134066410398
HSPA14	-0.276132569619733	0.167758061775816	0.591792226678056
GALNT2	0.535919510679363	0.0399224402623912	0.407673930944403
AP1B1	0.0483173711068972	0.822116621750416	0.944590551673954
CPSF1	-0.70235210002506	0.13909055763125	0.561403099482742
BST2	-0.135442068851695	0.677305702881136	0.892010573472859
WASHC5	-0.841359901598011	0.198555369883564	0.613402066097713
NUP160	-0.400072389759806	0.447205530435993	0.782366874553397
TWF1	-0.256181598778461	0.333036306799442	0.711552223864685
TFCP2	0.231455299264667	0.367137538020902	0.732058045703289
AKAP13	-0.582085163536259	0.0460538824772672	0.41552911853004
CDC20	0.108556654538912	0.649963553160114	0.880010671053147
GRSF1	0.252346397008932	0.66891473600673	0.888305548125059
MAP4K2	-0.0280890674149532	0.958975753686368	0.985188187832828
SF3A3	0.2819130406005	0.272930797933686	0.667983706020027
TP53BP1	0.348490031691796	0.343916380551071	0.718581358780178
IFRD2	-0.425896404171269	0.0894907025985366	0.495931589173628
TRIM26	0.138554329941265	0.508542968615613	0.811280855028843
AIMP1	-0.132362730780915	0.610366038327649	0.865505364335267
ILF2	-0.362421370656623	0.294358603389262	0.685522848351119
ILF3	-0.376675152017373	0.226795976189082	0.634746229334594
TRAP1	3.06494182788932	0.0914447987879115	0.496398608886871
TRAF2	-0.906968717125434	0.00649453128599227	0.234676340586275
MYO1E	-0.487561451062756	0.107568282778517	0.522943625031183
NFATC3	-0.878705694125365	0.0213094820821796	0.358524681461627
PPP1R8	0.107015169589324	0.726367370241822	0.913100437203699
PTP4A2	0.160312705333638	0.522483970922936	0.817909227037688
ABR	-0.488665930444732	0.0490621643363122	0.424264316752528
NPRL3	0.224593232207202	0.261193722861007	0.658729037127466
MLLT11	-0.395692264471322	0.56204552806156	0.840917108790782
ARHGAP5	-0.774287614786118	0.0297389989123189	0.389603822779188
STRN3	-0.471200041809812	0.170874388249934	0.594128682476064
CDC16	-0.0263665200802379	0.930900604262759	0.977948815815422
STK4	0.289004744183934	0.721921575451744	0.911142581286322
FLII	-0.0571381271440323	0.780041728303792	0.932493586796304
COASY	-0.833022366025777	0.123145022433574	0.545258654920625
ACACA	-0.471699066309682	0.194673097223382	0.609310557054631
GPS1	0.241513778027979	0.415039260418448	0.760564406667137
USP4	-0.191027472059222	0.47614733724487	0.799154391160399
CHAF1B	0.193345730129607	0.426480284369527	0.769884644327862
IK	0.0157665846153918	0.933717945954257	0.978987286535264
MTAP	-1.81802373713498	0.0340468544699263	0.407673930944403
PRKAA1	0.894662619314538	0.0931090966847195	0.497955154148696
PPFIA1	0.101348605357167	0.740993724146712	0.916385681285839
EIF2B5	-0.486162311148867	0.219218160869059	0.628681818489375
TARDBP	0.597085773732438	0.150018067666131	0.57647693562499
HNRNPA0	-0.197588011802402	0.332900300300634	0.711552223864685
PAK1	-0.538316661527883	0.0620699033116986	0.447069655343893
AIMP2	-0.356063694920504	0.167937709087588	0.591792226678056
PRDX4	0.363151527141557	0.306570380512768	0.694548280403005
PAK2	-0.717303663249211	0.158039017727613	0.586137500639062
CBX3	0.195377451712908	0.383466591310723	0.74275060479104
STX5	-0.551050912323674	0.200855849972103	0.613441320906304
PSMD2	-0.478370632210542	0.0989325549050404	0.505142594169284
NME3	1.75338788933399	0.0474340618358743	0.422290819656852
SRSF5	0.340619531132045	0.164208966037377	0.588906216814613
SRSF6	0.775587560691513	0.0321770189080483	0.399887807238751
MAD2L1	-0.1194348155379	0.620663683966828	0.8681564115492
TRIM28	0.223913004891919	0.397569318696929	0.748393304641323
G3BP1	0.372646319656035	0.20599523784496	0.618080068275514
NMI	-1.03908657851537	0.0107371769853542	0.292921055950138
KCNAB2	0.192916466363119	0.419678811095662	0.762407641618651
SKP2	0.0476367352874831	0.87683070208538	0.965134066410398
PABPC4	0.299112714935603	0.227263077760009	0.634978060018219
IFIT5	-0.0159450417384974	0.945891981122537	0.984432564507661
EIF3I	-0.0773267414321062	0.71712723110915	0.909172562010841
PPP2R5C	-0.0812995299168477	0.728471440188288	0.913100437203699
CTBP1	-0.0744484865547932	0.764100126813218	0.9250085994642
PDCL	0.799526932554826	0.0274113449704634	0.383218525475138
TARBP1	-0.172838910118035	0.628553143652122	0.87054442985957
DYNC1I2	0.163156994858923	0.603538500185483	0.865071850265859
ORC2	0.257058831567626	0.444081466806653	0.780682872963454
ILK	-0.133037096902587	0.570934541553155	0.844869232405079
SNTA1	-0.326469057322175	0.455260665647122	0.787141480612233
SNTB2	0.196870347744284	0.468962921881088	0.795622993360541
XRCC4	0.346360607755564	0.211786924432946	0.622313205608046
TCOF1	0.910996063464282	0.0121824277348323	0.299339652913022
SF3B2	0.164168213543295	0.459228508660043	0.789305051250135
GOLGA4	-0.283293569504597	0.411204004586284	0.758730671092186
PDAP1	-0.251020062210841	0.254954179662085	0.652904492430435
FKBP5	-0.0742774954436669	0.743708729628314	0.917632004993329
MYO9B	-0.211247875204489	0.754649627932505	0.922406672647225
ROCK1	-1.08732064376361	0.060238928371163	0.442637018782682
BIRC2	-0.717263636145724	0.266186622509757	0.663537667705481
PICALM	0.178854999682791	0.604862995111082	0.865337825306718
SQSTM1	-0.434909866748466	0.214550619312825	0.622956311852441
TUBB3	-1.32513377967736	0.156432236485517	0.584760954875469
PIN1	-0.399337977307134	0.11231606739801	0.526099226374121
HDAC1	0.404564082258293	0.242600380174296	0.646333107031892
CAMK2G	0.543936455335835	0.345924801006799	0.718963953619299
CAMK2D	0.0138434157362148	0.940506650849119	0.983418779123736
DCTN2	-0.118180535581853	0.600018626409024	0.862545837591633
NAE1	-2.31528572032491	0.118897605977136	0.539591938230179
TDG	0.179012938659312	0.568397105760074	0.844869232405079
SNW1	0.287962278719281	0.401798634449801	0.750610251112577
IQGAP2	-0.0382055956249516	0.893072339427508	0.966743600778304
SNX1	0.156677514576707	0.7513460362739	0.920961847265052
PWP1	0.386216442879128	0.14333349853674	0.572562424961381
MTMR1	-0.428826479290468	0.168513670614875	0.591792226678056
MTMR2	-0.552641794031917	0.0999823628071156	0.507956921517831
CUL1	0.150539888374965	0.531739235034729	0.823073606036559
CUL2	-0.011205833512534	0.961311244857508	0.987019664013201
CUL3	-0.0954563931405907	0.693393604761438	0.899496985187944
CUL4A	0.0188864594097353	0.926069182796371	0.976722464072699
CUL4B	0.290177821032266	0.425188310383073	0.76819736749883
TP53BP2	-0.384804699147946	0.112640802584005	0.52683818763479
GFUS	-1.06339515349208	0.0737376376558093	0.471833098095208
RAB31	0.526548996688021	0.330454568901166	0.710832739507261
RAB32	0.407822595661628	0.20765197244348	0.618642321392668
FHL1	-1.77700590997595	0.0225976793698407	0.361226844945409
FHL3	-0.0479030254621264	0.921737519333683	0.97430465416294
PMS2P11	-0.327911113068101	0.230811210243228	0.635802821297809
RIN1	0.113696644211288	0.800336244740872	0.938225068322716
AAMP	-0.462786926901302	0.365585284205664	0.731170568411327
ALKBH1	0.889409940404899	0.231267104272292	0.636477874345199
ALCAM	-0.476031555657656	0.16284191809226	0.588391596897881
SPTAN1	0.525810778467893	0.079415484766353	0.482610561355217
GNL2	-0.0662312223274242	0.751212081500875	0.920961847265052
DDX39B	0.388101910136083	0.229826656011146	0.635738589275895
BLMH	-0.985540174928889	0.0725821024320875	0.471364385334695
EXOSC2	-0.0220121883112512	0.932240054889847	0.977948815815422
TUBB2A	-0.728550659660172	0.222700426654887	0.632073302197091
KLF5	0.609253868825384	0.0821143401872538	0.482610561355217
BYSL	-0.326143616628983	0.335500617090044	0.714538213713318
IDI1	-1.52444965081175	0.136355358320322	0.557767775738245
CBFB	0.0488664084771457	0.869984885790451	0.962174642206517
CKAP5	0.363022434559067	0.152562554397823	0.581061987520497
CIRBP	0.0187283426587541	0.958797211372123	0.985188187832828
HNRNPD	0.180216760607735	0.499691193661526	0.809474843492381
IL18	-1.1920413668336	0.325824496066903	0.706172042886937
DSG2	-0.1034751738393	0.930003889360635	0.977948815815422
BOP1	0.226252393789299	0.618953272451989	0.866655510108614
UBE4A	-0.103500270659929	0.657164975363562	0.88389408635074
SEPTIN6	0.56770317098638	0.179381169385705	0.602108875970119
SAFB2	0.129295238461623	0.674151579122368	0.890310746383963
EIF3A	0.179096564931989	0.475440455621101	0.798591390301069
ARHGEF7	0.0670111333335583	0.784473417623834	0.933206064308269
UBAP2L	0.624867179069298	0.0192360211545923	0.346087409894338
SCRIB	-0.151153425019132	0.558713432579114	0.840023692339227
GIT2	-0.15849169061886	0.53399479298357	0.824642735892744
TTLL12	-0.523625675669475	0.136259640893519	0.557767775738245
POLA2	0.725209197988043	0.194241851544812	0.609310557054631
DOCK1	0.238259499714111	0.397472567964991	0.748393304641323
DPYSL3	-1.08105994685753	0.0157160775513516	0.328639410203466
DCTN1	0.192416030642768	0.415126665685528	0.760564406667137
DYNC1H1	0.0805941664712719	0.716204840064311	0.909172562010841
EIF2B1	-0.539703060728186	0.0500237229287283	0.424264316752528
EIF4A2	0.447765828773647	0.128027214953466	0.551272010297387
ELOA	0.576328367419208	0.0537386285372564	0.428296332299319
MAP7	1.04833506288983	0.576144431766217	0.847381985355693
CTTN	-0.357849819435369	0.111307435789205	0.525380871452887
TRIM25	-0.0110198839404561	0.961978742546596	0.987418865297634
FAM50A	0.176986281418216	0.477687284843253	0.799577910098332
FRG1	0.27682447673709	0.21508832955033	0.622956311852441
GALE	-0.987856977921314	0.0643570513929328	0.452440138730942
PDE3A	-0.0301027902117355	0.924298373820578	0.975447669759962
CAPRIN1	0.162876775896628	0.52204070909258	0.817909227037688
BECN1	0.0734992212787127	0.83474202829367	0.948098607377412
RBM39	0.325107323178894	0.118586080906793	0.539591938230179
PRPSAP1	-0.38468009669657	0.29368933792505	0.684612168799927
MCM6	-0.0354901500258507	0.863937873469023	0.960770550024801
PLS1	0.535937898974463	0.0735827210161818	0.471833098095208
LAGE3	-0.0849891789528279	0.845839707295299	0.951784908463282
TRIP12	0.557900688744404	0.112938975415157	0.52683818763479
PUM1	0.186404542315845	0.525578324733969	0.818836432333632
ESPL1	-0.214460404012055	0.394790095812542	0.746963035611192
CLINT1	0.601724877906008	0.251526990951095	0.651348590796209
SMC1A	0.185437300561791	0.474266872579932	0.797554772035084
GINS1	-0.351418796811878	0.435351041810513	0.774517782285976
USP10	0.518063018105828	0.035097734392649	0.407673930944403
GANAB	0.526723837831856	0.0864720954662291	0.49305352512472
PPP2R5D	-0.35373333563366	0.491920097205773	0.807032626714598
COG2	-0.907856426844113	0.249492817092602	0.64988166637388
MVP	-0.295729493104091	0.367474176333139	0.732058045703289
NAA30	-0.0919576647532736	0.758744875576238	0.922806609669774
CHD4	0.238416056089001	0.314456996923121	0.699516340801563
LASP1	-0.929652188132245	0.0107631457767725	0.292921055950138
PTGR1	-1.18453897052117	0.109565510335643	0.524769151843194
DRAP1	-0.364088280810236	0.659128090963358	0.884688528530412
KPNB1	-0.319028697532062	0.361812169962808	0.729733738667952
NOLC1	0.740173848232121	0.0514426076267851	0.426210429277796
NUMA1	0.21316444085155	0.399364082079886	0.749435020272332
PSME4	0.0193718809782979	0.988544809229484	0.997479244991763
GAPVD1	-1.53685914003788	0.000353841457692241	0.0385994208939433
NAA25	-0.138628284098917	0.544452613972649	0.831372954574712
NCAPH	0.152959600128813	0.565273820435933	0.843533232068517
PCLAF	0.352262491836136	0.545654822475439	0.832350832114429
PSMD6	-0.339117944749663	0.272862250078557	0.667983706020027
MORF4L2	-0.53217113965901	0.262957677551281	0.659695457100645
ABRAXAS2	-0.877070074232439	0.127317652528167	0.551272010297387
SEPTIN2	0.241202873918851	0.409424496248563	0.757215197362933
SART3	0.390588947257271	0.669427178063079	0.888711597922581
NCAPD2	-0.282107956500944	0.245616985001632	0.648521894247307
SUZ12	1.49588377253241	0.000378283307715507	0.0385994208939433
EXOSC7	0.405309843151123	0.32421002616967	0.704804404716674
EFTUD2	-0.253085363422819	0.557133866433771	0.839091896033027
R3HDM1	0.0555118003710717	0.781346954224893	0.932682622125607
SNX17	0.311877524011425	0.148324200997338	0.575626411812773
RAB3GAP1	0.509412543226127	0.134089843807522	0.555471731362771
KARS1	-0.329816762514788	0.386428854011502	0.742759464793356
SETDB1	0.239035042046975	0.471206850255324	0.796509299411747
LRRC14	-0.105156484999988	0.855227678597042	0.957178297232504
POLD3	0.127178404180931	0.734955173952852	0.915676231337444
EIF4H	-0.180463564490417	0.553297473866011	0.835679359895978
ACAP2	0.574695568091599	0.0719442758687696	0.470152562668251
KIF14	0.430988284530443	0.489336463144738	0.804389541574896
EEA1	-0.0424486892854254	0.901498772807348	0.971594224377842
PDIA6	0.585344216255216	0.0185996985034505	0.344701182243177
PAFAH1B3	-1.2982101873953	0.147927179816857	0.575626411812773
PLCB4	0.00684505859247508	0.977950156454933	0.994810011799896
PLEC	0.0175549955617633	0.952023695668463	0.98470918347514
PCM1	0.442519709800557	0.0903066097355339	0.495931589173628
PPP2R5A	0.000570555514045168	0.998701340811236	0.999518623283596
PPA1	-0.790368516191972	0.337071992065063	0.716111445592772
PTGES3	-0.885754521206323	0.107736758797355	0.522943625031183
STK38	-0.693894569752153	0.0398243587066351	0.407673930944403
NONO	0.0658130298366899	0.83127326433284	0.947373260747322
PTPA	-1.80915954494708	0.0367799755772349	0.407673930944403
RAB35	0.221415621452135	0.512205270162104	0.813159871614722
RBBP5	0.154876169114182	0.560923156033561	0.840917108790782
RCN1	0.891396790907852	0.0510255978004767	0.426038971926311
RALBP1	-0.399989177612348	0.170067083721762	0.594059418812447
E2F5	-2.29393964044471	0.00346068819150041	0.155009991910956
LLGL1	-0.286112316574638	0.379380774931528	0.74080738196377
LRRC41	0.0864467530683406	0.723317774938054	0.911860511646625
PCBP1	-0.314028389269087	0.373227026788325	0.735844206872901
PCBP2	0.112719293020167	0.724174405454374	0.912342607442459
ELOC	-0.270227816991856	0.396786302684824	0.748393304641323
ELOB	-0.291740570895833	0.209551975275132	0.621246460111802
RHEB	-0.392091659924901	0.3017600398931	0.690136939221516
UBE3C	-0.155623170152847	0.521536952024296	0.817909227037688
SF3B3	0.382905745012948	0.227824338457324	0.635268988776577
DLGAP5	-0.135966624154712	0.62143332306527	0.868230675895671
RSU1	-0.0554073669805071	0.86630729674187	0.960770550024801
CNN3	-0.163516171275354	0.442870130467071	0.780271676162992
RPS6KA1	0.553439573419748	0.054548508738503	0.428296332299319
SF3B4	0.0480206063614546	0.808963410698691	0.940046116748535
PPP1R7	-0.431763484720257	0.225622102226009	0.634746229334594
SEC23A	0.310700806605176	0.184007875065017	0.603601583084043
SEC23B	-0.710782594560776	0.288355066894823	0.681117049482746
SF3A1	0.365622774419126	0.0771538516031081	0.475303097268431
STIL	0.446521779311595	0.307247046270017	0.695137440309128
SKIC2	-0.243374613102503	0.352330308313029	0.722125989392768
TAF7	-2.08834388331465	0.0598981939037568	0.442637018782682
MAPRE2	-0.360897161874426	0.128074590299323	0.551272010297387
TSN	-0.379817079867355	0.596304060531774	0.859981440756614
TARBP2	0.124767390303475	0.591692907278279	0.857815071239581
SF1	0.257225977952601	0.254688079820491	0.652904492430435
TRIP10	-1.3207938897772	0.00184104654309512	0.106011433932398
TRIP11	0.445872032003006	0.0644721927098909	0.452440138730942
TRIP13	-1.00465687537649	0.0118059402045017	0.298620840466807
OASL	0.0760548975732576	0.783928872261892	0.933206064308269
TRIP6	1.14104875762503	0.387508710984408	0.742883396002209
MAPRE1	-0.101179643668161	0.683402035906332	0.895978396190487
ELAVL1	0.50694497666743	0.0421947352219697	0.40948317655537
NAB2	-0.181479964797688	0.759312678766149	0.922806609669774
TAB1	-0.53865088660012	0.177043518953186	0.600384173106231
HERC1	-1.62924135835906	0.000144197611645567	0.0221446332169978
SLC1A5	0.252905606929581	0.511706245061145	0.813159871614722
MLF2	-0.31072520331017	0.340212007156554	0.718581358780178
TOMM34	0.0814554049844176	0.770010705362646	0.926181977132677
TBCE	-1.39563686724154	0.0136067135939176	0.31626415380457
STXBP2	-0.818154126967752	0.137167657563226	0.557767775738245
NEDD8	-0.385571715274459	0.423727155437318	0.766419907583888
RAB11B	-0.17565541122034	0.631003960394955	0.871616911425845
ZYX	-0.355050331798644	0.260282737595516	0.658623946496739
SEPTIN7	0.247077390586632	0.702764184314711	0.903894297952057
ADRM1	-0.352486044210629	0.225068867605909	0.63440053966954
CCDC6	-0.620576262863768	0.027538261481818	0.383218525475138
UAP1	-1.14228831256065	0.175358629890731	0.597740101863438
PDCD2	-0.326458232412318	0.362863298116148	0.73079457328454
PSMD5	-0.247271862917017	0.402325378341038	0.75119371553038
PKN2	-0.400560525714454	0.089379830839267	0.495931589173628
DDB1	0.350519176417897	0.252054629667151	0.651348590796209
PPP2R5E	0.188474924668281	0.626472142771095	0.87054442985957
MAPK14	-2.81438987437305	1.66381867406877e-05	0.00476961353233048
CDC37	-0.446803661292591	0.267339168383236	0.663827930574637
DPYSL2	-0.136548620990709	0.66881207031489	0.888305548125059
RBBP7	0.0735998807421225	0.815643634939941	0.943281594158139
TAF9	0.0743794930475161	0.800613834430824	0.938225068322716
MEA1	0.0152244401560715	0.953447320557367	0.98470918347514
SRSF7	0.777334278494376	0.00745028350088855	0.256289752430566
CPSF6	0.191958983823831	0.357538029987557	0.726849739899089
SMN1	0.310773415623625	0.467905038078001	0.795568075814712
DBN1	-0.109136851163075	0.603232968615681	0.864922229092174
NRF1	0.178967065098217	0.507680342604066	0.811280855028843
FSCN1	-0.806071708430174	0.271413445244828	0.666500522329805
KYNU	-2.22599854543699	0.0498467455582641	0.424264316752528
UBE2S	0.268519075390401	0.422497157208892	0.765264438078448
H2AC18	-1.39022271024586	0.102499546392211	0.513094353302102
HADH	0.0182483433747294	0.971744672889782	0.992990041213418
UGP2	-0.469579111999771	0.380933638176839	0.741220561195379
ATP6V1F	-0.832677000406527	0.340888914063805	0.718581358780178
TXNRD1	-0.803446735091065	0.148790256988431	0.575922613203891
TPD52L1	-0.240999437082507	0.557185789010661	0.839091896033027
HNRNPUL2	0.0951745519100236	0.712496190224149	0.907235302920889
INF2	0.0867802276837573	0.837764988756901	0.94927632820028
PDS5A	0.576419124198097	0.0229324098649086	0.362758608133319
AAK1	0.428700026173601	0.0814030906529223	0.482610561355217
WASHC4	0.0718923576431685	0.796457290220502	0.937778299000043
ERCC6L	0.293307501959319	0.587028903609127	0.853984903409427
TSR1	0.106997734242306	0.665053585509757	0.88783931005649
QRICH1	-0.299639014699387	0.611015434270284	0.865505364335267
SMU1	0.115406340499973	0.665946115368007	0.888305548125059
AP5B1	0.244828896773438	0.386760997724943	0.742759464793356
LRRFIP1	-0.0235219827939233	0.943883758139134	0.984404598592839
TRMT5	-0.543827876139872	0.156713849074671	0.584760954875469
EML3	-0.0189068171377222	0.93099358358158	0.977948815815422
EDRF1	0.0111526303725817	0.979056726780308	0.994810011799896
MAP7D1	0.208470824996688	0.565177388931185	0.843533232068517
LSM12	0.388330959885383	0.18659022145192	0.606190314216151
CCDC88A	0.57461133614774	0.14794762484101	0.575626411812773
RABL6	-0.686452195094787	0.0288921585343233	0.388238380304969
PARP14	0.127319370957558	0.591417749808675	0.857705336990659
C5orf22	0.238705208665067	0.324869122016186	0.705756147602545
VPS26B	0.292890707654443	0.399640581740571	0.749435020272332
PREPL	-0.963105054096125	0.0658591849566439	0.456029783113637
TBC1D10B	0.585331623679188	0.117717406304687	0.53849451820229
GRIPAP1	-0.361269400128585	0.497324752174728	0.809192180818569
FAM98B	0.75270342792011	0.021367435424369	0.358524681461627
PDCD4	-0.517027143966665	0.0495160614287045	0.424264316752528
CEP55	-0.208363410540439	0.59243613486825	0.858313807255215
PHLDA2	-0.637137836449192	0.0210617925949859	0.358524681461627
PDLIM3	-1.05891069506042	0.0431706806630335	0.409787917993474
PYCR3	0.0523979273071831	0.906587882646361	0.971627156334821
KLHL26	-1.0453780242069	0.0547820890150291	0.428296332299319
SOWAHC	-0.396304455366639	0.187488724170778	0.606310973790553
WDR81	-0.585918372814721	0.206406473102661	0.618080068275514
ACTBL2	0.0961347367493985	0.75139493696451	0.920961847265052
CCDC93	0.0235962576925957	0.927337050504569	0.977384437243484
DCAF6	-0.129530376542728	0.746281212328242	0.918753657981189
ZC3H12A	-0.312830299118922	0.31483874590558	0.699588420311103
DNAJC21	-0.00540766860763497	0.977740301045815	0.994810011799896
HERC4	-1.24420759146118	0.00978077602445325	0.28806395140513
PPP6R3	-0.368225265492732	0.800982378095975	0.938225068322716
PSMG4	-0.733474345964659	0.0576357924287962	0.435251220532282
WDR44	-0.117065054230125	0.736871139631189	0.915889062536227
PRRC2B	0.701069820410407	0.230070932017576	0.635738589275895
TJAP1	-2.14777761648571	0.0167296257215355	0.336814202285652
RRP12	0.769982269148784	0.642111079213656	0.878205356430891
PCID2	-0.00653792553974242	0.975055050143332	0.994387105865651
SAMD9	0.231130806919467	0.326909440799874	0.706659807892146
SPECC1	-0.472090709501142	0.0741531405669095	0.472086518174916
PPP4R3B	0.230392340713003	0.527388967720761	0.821359131184091
SAMD4B	-0.975289860374474	0.142485428485142	0.570472385927478
ATAT1	-0.701052126564882	0.11309015807224	0.52683818763479
SNAP47	-0.708783086798956	0.414460626850777	0.760432898077085
NUP188	-0.417856747934664	0.0996122865034558	0.506902759721728
HP1BP3	0.137186646901899	0.855996542843625	0.957282281855406
CEP170	-0.221222702618256	0.429415871923299	0.77008628610088
CC2D1B	0.0277900386154144	0.905282120128262	0.971594224377842
FNBP1L	-0.000261730656518466	0.99913436123992	0.999518623283596
CHCHD2	0.627464560329777	0.0746863582115532	0.472086518174916
DDX59	-0.27381029486855	0.416590096837734	0.761579108697021
ARMH3	0.0575958654630604	0.912421728543677	0.972345336490164
HECTD3	-1.10069318023744	0.14891728308417	0.575922613203891
UBR4	-1.14888833450334	0.0505465087644088	0.424511694701089
STXBP5	-0.562889353415756	0.232998565130626	0.636477874345199
ARHGAP21	-0.013512310909416	0.977754730485367	0.994810011799896
CAMSAP1	-0.247742686541553	0.516323285981592	0.815646631051009
KANK4	-0.155571586456496	0.605735508580326	0.865337825306718
EEIG2	0.309702713000419	0.33780540406531	0.716149380767655
RBM26	0.171776127214304	0.606824387682852	0.865505364335267
INTS11	-0.491986834435572	0.19711973541378	0.613231734149566
DCAF8	0.33706581514647	0.760012782359494	0.922806609669774
RNASEH2B	-0.336405448095952	0.168525428526819	0.591792226678056
DDI2	-0.0897933873665693	0.671003257703397	0.890159982481492
NT5DC1	-0.435098260054119	0.505523006643999	0.811280855028843
VPS53	-0.0612817726893873	0.793756402511824	0.93613618507977
STRIP1	-0.274389852149874	0.386925860729562	0.742759464793356
CDC42BPA	0.508638889987594	0.298170950432369	0.686735450915473
RPRD2	-0.0582671704118809	0.861634354598938	0.959611164477235
RNF220	0.635435060331101	0.260538828989891	0.658623946496739
ANGEL2	-0.142136500265678	0.694386411007997	0.899496985187944
RNF20	0.134918960020279	0.537139293851345	0.826489853310366
PDE4DIP	0.888966137372929	0.189444997379571	0.606562538147546
ARHGEF16	-0.278246899452984	0.398084302469888	0.748393304641323
BROX	-1.70858694134944	0.0625986445240884	0.448351139337736
FOCAD	-0.154368477995288	0.618614620828917	0.866463475428125
ECPAS	-0.310859997880065	0.245835043633281	0.648521894247307
TUT7	0.0680677641169893	0.727857254027929	0.913100437203699
DENND4C	-1.60114074971035	0.222295405175814	0.631833998082253
NAA35	-0.126381367888087	0.548972758202093	0.833803306179444
CARMIL1	-0.006627885655206	0.976197379663283	0.994810011799896
FHIP2A	0.2616190411003	0.569350193541143	0.844869232405079
RNF213	0.433320668376336	0.16872959765286	0.591792226678056
TNS2	0.343140033224948	0.298717170620193	0.68721770638024
KANK2	0.0597454930294958	0.845645484422934	0.951784908463282
WASHC2A	0.522535988846645	0.610194296050356	0.865505364335267
FAM91A1	0.0980384531814202	0.672965703328462	0.890200695081411
TBC1D9B	-1.70905735540561	0.0407862513970029	0.407673930944403
MAP1S	-1.69504157860963	0.0430934338571346	0.409787917993474
ARL6IP4	0.259436656293804	0.394050991663894	0.746963035611192
ATG16L1	-0.877718927972548	0.00135144729380799	0.0898757706123956
TNS3	-0.555958519102933	0.0364370719432695	0.407673930944403
HAUS3	-0.969601041743353	0.00893211950291073	0.286085797988776
INTS3	-0.147385640756845	0.644649921862149	0.879217699322878
ARHGAP17	-0.075923006089436	0.719282246342748	0.909436396164599
CWF19L1	-0.0130499155125143	0.948397884833606	0.984432564507661
HEATR6	-0.300810010268943	0.263386483630169	0.659987426149755
ATL3	-0.425074160891405	0.0680212885796123	0.462071944537651
NXN	-1.44365812852019	0.108500706926846	0.522943625031183
CIAPIN1	0.316958963417811	0.729675163401772	0.913113639234443
OTUD7B	-0.421442859612398	0.394859540730158	0.746963035611192
RALGAPA1	-1.5870734762418	0.479068016115031	0.799577910098332
ELP2	-0.18997367840721	0.49190477333965	0.807032626714598
TWF2	-0.132781230450856	0.703477466362096	0.903994896720211
PPP4R3A	0.100908193322546	0.620458612747917	0.8681564115492
SDE2	-0.320896215068359	0.389604170505639	0.743754481016311
KRT80	0.0985510580385345	0.717400582070415	0.909172562010841
PDE12	-0.372190907549044	0.308285371783606	0.695137440309128
PRR5L	0.247765722080874	0.29726000763995	0.685792889771745
NAA16	0.369851379586571	0.66814571895034	0.888305548125059
ALKBH2	-0.16171551843216	0.655726125171679	0.883340331528265
HIBCH	0.439532087807297	0.693853134919646	0.899496985187944
ARMC6	-0.678601371298218	0.129159477490444	0.552073313328935
TTI2	-0.121681887178379	0.570314043979069	0.844869232405079
JMJD6	-0.444848834397746	0.0925386806660094	0.497955154148696
MZT2B	1.13556109866638	0.0744238168484031	0.472086518174916
CAVIN1	0.411438054696678	0.194295599444681	0.609310557054631
ZCCHC8	0.428782891945037	0.132064499912221	0.553948585409127
DHX57	0.0687693533598512	0.829496956221743	0.945859695506098
CDC73	0.595254106042464	0.191196246858346	0.60719635265206
PMF1	0.64878184121444	0.0304023131070017	0.391407025030261
FAM117B	0.842503467643311	0.148231265777865	0.575626411812773
CC2D1A	0.440102509251126	0.07688268842459	0.47478654892838
TATDN1	-0.163212577632947	0.737477513238937	0.915889062536227
METTL2B	-1.0253264532755	0.00153174625615718	0.0968344307162413
DUS1L	-0.795937803619374	0.4834264847461	0.801671378483698
MED27	-0.110344806656762	0.617811249834619	0.865990941162333
EDC4	0.465105437500124	0.0591176475812923	0.439042978583
CEP85	0.140162872079692	0.761378659670296	0.923013317333598
PRMT9	0.49368202386847	0.314871573133109	0.699588420311103
PRPF8	0.193511572968049	0.666631787300707	0.888305548125059
SCYL2	-0.120627388570348	0.676364710324728	0.89131727073133
WDR73	-0.630884205807664	0.142777356762437	0.57110942704975
RPL22L1	-0.535301681480945	0.305875327761762	0.694527640876949
PDXDC1	-0.922158109798659	0.0407251528631861	0.407673930944403
MEAK7	1.96200800069966	0.0233283671297092	0.365024196227798
PSRC1	0.990037847257209	0.161278357655841	0.588391596897881
SKIC3	-0.491001366377855	0.244813252397638	0.648212429377983
TTC33	-0.314299694607318	0.317973179732999	0.701000037728169
BRAT1	-0.540246957737182	0.022995179266868	0.362758608133319
LARP1	0.255041089646706	0.382741957214943	0.742350210204896
BLOC1S3	-0.281285605281475	0.446532874616957	0.782114607272063
RICTOR	0.00379485984966266	0.988874447997962	0.997479244991763
WDR74	0.406790111355157	0.184913452683419	0.604192608419631
FAM111B	-0.0382033794442549	0.842267763997544	0.950341481288228
NHS	-0.0389277927116005	0.900850178543289	0.971594224377842
AFTPH	-0.269854207075813	0.289446914468097	0.681984510801543
FIP1L1	0.264161486048284	0.201983220476994	0.613456587803479
CRTC3	1.03898535343612	0.253783049148686	0.652904492430435
CRTC1	-1.58828542959628	0.0425672046326164	0.40948317655537
SASS6	-0.979635610801338	0.301647185785199	0.690136939221516
LRSAM1	-0.745301117719702	0.0461800425802975	0.41552911853004
CWC27	-0.0993955565397471	0.662673605355408	0.886646451407708
WDR82	0.809721318342291	0.0687746138834	0.464138859410913
RANBP10	0.313069934964972	0.438181005105393	0.777301287934485
PACS1	-0.126999808772403	0.581350489841859	0.850853337753572
MPRIP	0.192862055195018	0.65549045049383	0.883299572899865
NAPRT	-0.966296561521055	0.0629834426047406	0.448351139337736
DNMBP	0.119436459506211	0.80650301580373	0.940046116748535
GIGYF2	0.638390265862739	0.0302361493535987	0.391407025030261
THADA	-0.805398507858733	0.143896849274289	0.57345361619967
HSDL2	-0.209885395427442	0.656692103986064	0.883819069600249
RIPOR1	0.317065049359947	0.44314009937362	0.780271676162992
NBEAL1	-0.229375561013768	0.58579580479684	0.853871851059801
ARHGEF18	0.027602458773444	0.918016003545946	0.973723939131262
TOM1L2	1.08217104927733	0.0113854396134003	0.294924038178441
SYDE1	-0.186305150978438	0.584468808467378	0.852515561875755
PAXIP1	0.268471574661866	0.522324160576719	0.817909227037688
STXBP4	-0.713673046747108	0.188431226351504	0.60647774948463
USP34	0.762009553531289	0.274217081935495	0.668822151062184
RAPH1	0.107422148050713	0.698993032470226	0.90341750514637
UNC13D	-0.133360947373411	0.699754247958807	0.903417799824216
UBE2R2	0.180196390402703	0.849206902956322	0.953168802587362
LARP4	0.436150742054952	0.236727320859163	0.640949246912713
RPS27L	0.0473406897751651	0.891452732343531	0.966743600778304
MTSS2	0.132719963971269	0.651288763666222	0.880430072062169
SUPT6H	-0.52308941209213	0.146884610056526	0.575626411812773
SND1	0.0802218252758777	0.724968074592744	0.912576908884309
MARK2	-0.0637778362349444	0.754096782966139	0.922406672647225
DDX46	0.0240893388373919	0.931012781292639	0.977948815815422
BZW1	-0.0826186301232674	0.710592497677554	0.90632419683087
KCTD9	-0.0865061216859289	0.72447257798261	0.912342607442459
DHX30	-0.0160294911420849	0.983079681098819	0.995977218888361
EIF3M	0.17458625130724	0.46997265189204	0.795622993360541
MEPCE	0.748900144270038	0.0175978224897094	0.339629118226538
RRAGA	-0.229218466978359	0.839640626488082	0.94927632820028
CYFIP1	-0.123268155021222	0.623502740080147	0.869215489386345
GET4	-0.199077116356953	0.433394429980225	0.77407705054691
COPS6	0.0549258655618026	0.79814791932846	0.938225068322716
MAEA	1.47552516987916	0.0615613526668537	0.444897170533564
TAOK1	0.157145742572414	0.531106939548225	0.822976518939592
MOB1A	-0.49354091990298	0.184449413993589	0.603601583084043
KDM3B	0.287656576237108	0.20849753365778	0.619584930703837
MICAL3	0.0296227733213925	0.983701220609039	0.995977218888361
DYM	-0.167856664276734	0.514806332661713	0.814746864352361
ZC3HAV1	0.407639638444483	0.167275349383419	0.591792226678056
EFL1	-0.876830794179124	0.00304020257195304	0.142096424558675
TRAPPC11	0.817486988157135	0.233944812309727	0.636930723684363
NEGR1	0.334620817504273	0.247846204073615	0.649876047747177
NUP54	0.778900576922808	0.157753658053415	0.586137500639062
CCDC186	-0.126367176184239	0.65287383961168	0.88143092946004
ZFYVE16	-1.8743186306753	0.000156232423924638	0.0231654973405498
MON2	-0.406744921703357	0.46414946328156	0.792315479202346
NUFIP2	0.261874008308549	0.326287232082957	0.706274186095712
CLASP1	0.219684380079556	0.486827803889645	0.803719703918238
DHX29	0.124623149075454	0.647623634737016	0.879415077151764
COMMD6	0.293110378453864	0.360601733393535	0.728679326476602
TRMT11	-2.06101909695595	0.00106597974615293	0.0821064615560631
HAUS6	-0.423122328212454	0.0687117488847052	0.464138859410913
HEATR3	-0.375978309157652	0.0873655314657348	0.49305352512472
KIF21A	-0.127356036192687	0.838017817518983	0.94927632820028
HDGFL2	0.456087071068904	0.0702256490606159	0.465440739473335
DCXR	-1.97507916089236	0.00134665315287034	0.0898757706123956
BRAP	-0.399669708261584	0.296450569136174	0.685522848351119
SH3RF1	-1.27085784429705	0.140514805174793	0.564685665655709
TSEN54	-0.0690800956686246	0.90380729793507	0.971594224377842
HUWE1	0.0876963524095373	0.923413090419999	0.975356494425447
YTHDF3	0.21888928283709	0.317495322759594	0.701000037728169
PHLDB2	-0.100721896220218	0.865244726231223	0.960770550024801
TEDC1	0.268371613403943	0.469524846723898	0.795622993360541
PATL1	0.292250501190722	0.376288369868074	0.73790146091338
MYPN	-0.688992245509251	0.0111904818718171	0.294924038178441
PEG10	-0.234586636590279	0.438139345361857	0.777301287934485
DPP9	-0.566707646030416	0.0339580680305983	0.407673930944403
TRPT1	0.329122885030195	0.346380123069345	0.718963953619299
SETD3	-0.120332262831575	0.634391355575403	0.873670065253171
RBM23	-2.38712932352188	0.000232830848390156	0.0279780596553014
NOP9	0.560898933220624	0.134605010251165	0.555471731362771
PABPN1	-0.144941834575359	0.531396084064456	0.823073606036559
METTL3	-0.336703784848204	0.119252998796716	0.539591938230179
LDB1	-0.070591277285363	0.824156086133728	0.944838403282686
YRDC	-0.41335523659323	0.159540322774233	0.588391596897881
PRPF39	-0.466173908429759	0.0528555718848461	0.428296332299319
SAPCD2	0.018492279860002	0.951456721662319	0.984660385835853
MTDH	0.743177464161199	0.0609134038928671	0.443433110468512
RIMS1	-0.137916019241366	0.686681779497592	0.897214114809981
SMG6	0.202615487209862	0.643926268549792	0.879062970261476
BCL9L	-0.659610511643539	0.183089444835851	0.603601583084043
PHLDB1	-0.844102342851031	0.449778352693205	0.783332084479863
USP48	0.462331618519382	0.0341494286470847	0.407673930944403
NAA40	-0.326353236604412	0.434675952435768	0.774277794313921
LUZP1	0.130907389944753	0.593443443889367	0.85924292227896
ALYREF	0.509134596559679	0.146005301575883	0.575041133427347
IQGAP3	-0.0973432743762324	0.702687117671499	0.903894297952057
VPS36	-0.35333253225107	0.180683606875564	0.602108875970119
TAX1BP1	-0.786982041506693	0.0493769680280028	0.424264316752528
CAND1	-0.113065060574023	0.588374532199388	0.855022131955853
HOOK3	0.0455721840193313	0.816424761962778	0.943281594158139
RTTN	2.00048695595928	0.0960205190793481	0.503341774850152
THOC6	-0.0685608748619337	0.80844838846443	0.940046116748535
METTL16	0.0662873546760672	0.728744467146625	0.913100437203699
PARG	-0.116047748497984	0.605570416125098	0.865337825306718
PPFIBP1	-0.295927150235659	0.325136436598151	0.705756147602545
ZC3HC1	0.894728291188176	0.18419407131645	0.603601583084043
CCDC25	0.430399101843204	0.132106259674716	0.553948585409127
RALGAPB	-0.124451622159508	0.827905513882003	0.945028356902289
CARM1	-0.637724913115054	0.023514349384907	0.365024196227798
COMMD2	0.16237102254436	0.465747034525285	0.793782104026446
HEATR5A	-0.14056232315675	0.549340643350318	0.833803306179444
SFR1	-0.0689610142375372	0.859806299925189	0.95880889255143
DDX42	0.298824127885855	0.235052194451873	0.637278963520212
SPATS2	0.0520272121697793	0.785634968533015	0.933206064308269
CACUL1	0.217857889780309	0.538512084225199	0.827000700774413
DNAAF5	-0.129160387012838	0.709108961642167	0.90632419683087
PTRH1	0.0558083533981097	0.932093676492977	0.977948815815422
PTOV1	-1.08300991006719	0.00961546864828608	0.287128577691876
HOMER1	-0.28302735103626	0.493375309387221	0.80788797805219
CPNE8	0.283519946718762	0.506868555529859	0.811280855028843
HPS6	-1.69375073979769	0.223723000963028	0.633146827314666
IRF2BP1	0.168727972263238	0.713624751624194	0.908134487121644
ERC1	0.197566067113318	0.434473976034007	0.774238747180369
CRLF3	-0.0994697558927804	0.719300740315302	0.909436396164599
ARMC8	0.00214994124762313	0.992597816026032	0.997479244991763
PLD3	0.650113825316616	0.252157293367658	0.651348590796209
KIAA0825	-0.60636964854271	0.0287102204071441	0.388219961480251
ANKMY2	-0.635675726952645	0.0389544061761218	0.407673930944403
ERI1	0.160852363961183	0.497907712280705	0.809192180818569
LIX1L	-0.12194376272031	0.750884490963065	0.920961847265052
NUDCD3	-1.45485907693254	0.0634677015352072	0.450348377230018
AHNAK2	0.272573308782192	0.355914316170542	0.725666931974077
KSR1	-0.991215854785906	0.401297160839958	0.750610251112577
CEP97	-0.287842468225133	0.784032721742594	0.933206064308269
MAP7D3	0.0839399886979884	0.803183055106461	0.93926764671139
CCDC117	0.477530629283187	0.412076445672923	0.758730671092186
FAM114A1	-0.239252971027774	0.579406024263485	0.849742805024893
GCC2	-0.0490042173233789	0.84768584520887	0.952207192893977
ARHGAP12	-0.047453794141088	0.86259048598679	0.960170616034998
CHERP	0.320816274809498	0.299501617886355	0.688325471358272
ANKHD1	0.304816831648338	0.487239653288576	0.803719703918238
NELFCD	-0.223397424176039	0.29605579097563	0.685522848351119
GPALPP1	-0.203147934588394	0.469526365200501	0.795622993360541
RPAP2	-1.12610658017581	0.13949118823258	0.561649976962724
DDX60	-0.0238515702012236	0.950841789035825	0.984432564507661
CMIP	-1.68205733013384	0.00910193383681135	0.286085797988776
MB21D2	-0.194585857146016	0.610642018986877	0.865505364335267
DIS3L2	-0.146949547176302	0.840859134416047	0.949748956655898
GSPT2	-1.11177547819122	0.0810377096859647	0.482610561355217
EXOC8	-0.438614720850758	0.0868228335922668	0.49305352512472
PM20D2	-1.54240095025961	0.000129470022648489	0.0214123498995579
CMTR2	-1.05824137857106	0.123531411646455	0.545258654920625
PHACTR4	-0.825358153834401	0.200335919077308	0.613441320906304
TRMT2A	0.417025773071682	0.156628878278698	0.584760954875469
RPUSD2	0.00724991489981619	0.984833088213988	0.996653866632184
ALDH16A1	-1.38105703797997	0.0719134365830638	0.470152562668251
SCYL3	-0.306475438475637	0.714909616668092	0.90905413051945
XRN1	0.273071475659265	0.549212436722256	0.833803306179444
PELP1	0.279331270924661	0.294848138075052	0.685522848351119
ABI1	-0.295316539189184	0.342175501282324	0.718581358780178
WDFY3	-0.147307656228136	0.667893861024231	0.888305548125059
SPART	-0.461829713620638	0.579102188247706	0.849742805024893
SPICE1	-0.59105388775518	0.0667670931262443	0.459357600708561
TTC5	0.104646988289211	0.777085184923291	0.930770555757702
RPTOR	-0.359996401023785	0.149070201975798	0.575922613203891
CCAR2	0.0372951011692031	0.870855731305776	0.962642582163197
VPS52	-0.0903537810601023	0.698115082718558	0.902825520508211
NUP93	-0.229242271309737	0.281337382050922	0.676216178210713
CMTR1	-0.169299997237815	0.478842293627765	0.799577910098332
LRRC47	-0.23042392289334	0.535650272458404	0.825773659655819
ARHGAP18	0.965315880243534	0.20563204561779	0.618080068275514
ASCC3	1.03866726278205	0.354742625555433	0.724652394246252
EHBP1L1	-1.93674869813326	0.0887132127028539	0.494768890560664
PALS1	-0.0992614938529002	0.680500052261906	0.894300190930988
FNBP4	-0.0527795511376183	0.881648526309687	0.965158789421015
MINK1	-1.82023400443676	0.0705178616388022	0.466189582532863
CARNMT1	-0.0640475620655536	0.875143064135863	0.965134066410398
OGFOD1	-0.821072590150273	0.0387454316773412	0.407673930944403
RPP25L	0.378569794024322	0.385572642177731	0.742759464793356
RFLNB	0.122700216996417	0.574950732747535	0.847381985355693
COMMD1	0.436422220996718	0.16661524244113	0.591792226678056
ARFGAP2	0.174004242323782	0.499161737614025	0.809395909889973
OTUD6B	-0.457109346558557	0.158933248832841	0.588135086042356
C1orf52	-0.31139578480521	0.240943624522435	0.643913974795817
METTL13	1.03736515729188	0.0607849536540098	0.443433110468512
ARFGAP1	-0.135516045496555	0.518564929019065	0.816133404302162
PAF1	-0.207864724086519	0.610457181225726	0.865505364335267
UBR7	-0.33737919834779	0.546355631183363	0.832505036884643
CGAS	-0.786043712886197	0.185130613866929	0.604192608419631
ENAH	0.0243767735863543	0.907398393874881	0.971627156334821
ABTB2	-1.30065797805599	0.000219291964750549	0.0277339837772753
ASCC1	0.0415567280039433	0.958409489312396	0.985188187832828
LRRC57	-0.362915122932591	0.182691069642548	0.603601583084043
EIF1AD	1.51768522188849	0.293746384054852	0.684612168799927
MLKL	0.0460070399605037	0.845147888626963	0.951784908463282
AFG2A	0.136396748006604	0.557306284920898	0.839091896033027
FANCB	0.283414102697613	0.310874588129298	0.696457108720414
SUMF2	-0.330038669388088	0.64736549225639	0.879415077151764
TXNDC5	0.245228172149993	0.455118030806183	0.787141480612233
SPC24	-0.230679200603657	0.43528402501611	0.774517782285976
SERBP1	-0.220407111325269	0.364782587461647	0.731170568411327
FAM98A	0.401672761962274	0.327528156369552	0.707368695323493
TSEN2	-0.195480120573102	0.519350191666963	0.816230198891792
NFATC2IP	0.0884402372213842	0.822888180775069	0.944590551673954
NAXE	-0.918486284134708	0.245596171172139	0.648521894247307
SMG8	0.54134375912286	0.0562171561528764	0.433992408361523
RNF214	-0.836391714650027	0.0485299464379173	0.424264316752528
TENT4B	0.0798263538808186	0.902219387761363	0.971594224377842
NPEPL1	0.105507126469401	0.612651183801399	0.865990941162333
EHBP1	-1.27778942712739	0.185845885994539	0.604960914323615
ABCF1	-0.127809878895253	0.575697014447423	0.847381985355693
PIK3C3	-0.200834438938664	0.30811450343805	0.695137440309128
SHCBP1	0.0273844319158698	0.923836981349394	0.975447669759962
APPL2	-1.28731836090126	0.161911160212411	0.588391596897881
NAV1	-0.107682414801094	0.786803683960272	0.933206064308269
VPS37A	-0.18806727142578	0.617693151233818	0.865990941162333
FBXO22	-0.663794265230948	0.212769190356251	0.62238606702849
LPCAT1	0.0689994945984687	0.911924645865772	0.972056513937238
ZMIZ2	-0.0703047093827927	0.798807214419737	0.938225068322716
USP32	0.197103830271097	0.64565650507612	0.879217699322878
NUP43	-0.14415781748172	0.676347335037962	0.89131727073133
NUP37	-0.209277358621964	0.62826101095667	0.87054442985957
CMAS	0.270412820666625	0.394134559095164	0.746963035611192
FBH1	0.513919022402121	0.132796190206851	0.553948585409127
HELB	-1.89815599160412	0.0273169971927851	0.383218525475138
KNL1	-0.46305017627131	0.421285482635757	0.763713143058075
RASSF8	0.205527226053135	0.524658664033546	0.818836432333632
NEDD1	0.434807440151303	0.384419866480716	0.742759464793356
CDC26	-1.1556887750249	0.164630022691258	0.589924247977008
PATJ	-0.423469740697541	0.362608541872397	0.730654512676338
WDR36	-0.171718608752425	0.447222738988895	0.782366874553397
WDR48	0.0488492122301203	0.822325844897725	0.944590551673954
EXOC6	-0.111790348962927	0.625052134231506	0.870095233795881
CEP76	-0.082229679165458	0.751547702803039	0.920961847265052
PPP1R35	0.104747171091496	0.63101010355085	0.871616911425845
NPLOC4	-0.182499006661452	0.380929945044431	0.741220561195379
FBXO30	0.152703299936963	0.737088857194482	0.915889062536227
SHKBP1	-0.0235717741860881	0.937862980871003	0.981935918613419
ZCRB1	0.0719426257602933	0.866176238986627	0.960770550024801
RAB3IL1	-1.50662155087824	0.000244418868434513	0.0284054360613082
TMEM167A	0.585721761369584	0.0736767991966749	0.471833098095208
PIP4K2C	-0.193057734181707	0.410913228427503	0.758730671092186
TRMT10A	-0.563696726586485	0.274055720238061	0.668807943827278
TBC1D15	-0.238363486065236	0.417690597085061	0.761579108697021
IFI44	-0.52727053263748	0.207876034922019	0.618642321392668
CIP2A	-0.363361675403553	0.442937567753271	0.780271676162992
URGCP	-0.788273691380585	0.117527511450728	0.53849451820229
BICD2	0.0289334714738629	0.889990529937446	0.966743600778304
NEK9	-0.957564579006206	0.153784029875382	0.581344313386837
BRIX1	0.533697555059373	0.277338018454429	0.671834228737841
RNASEH2C	0.366296199011767	0.114732572509533	0.530829001379018
NEK7	0.276142448796591	0.439221298115895	0.778241942189974
ELP5	0.0110304197813171	0.980120556400341	0.994928798989959
NSUN6	0.132828564675471	0.761646277785381	0.923077506898855
DTD1	-0.308494074029856	0.366619552780514	0.732058045703289
DCAF11	-0.10903648234649	0.662832886340399	0.886646451407708
UTP15	1.2869040131762	0.219912901374756	0.629158666607752
TRPC4AP	-1.2314963742094	0.0581943506202477	0.435251220532282
GEMIN5	0.10723449147434	0.694255006779811	0.899496985187944
ARHGEF40	-0.577113326809815	0.380843265052264	0.741220561195379
RAPGEF6	-0.423418767985424	0.0966863786178533	0.50455270395239
PARD3	-0.196904619912285	0.346109200116215	0.718963953619299
IPO4	-0.219609209955831	0.360950457068642	0.728679326476602
DYNLRB1	-0.914617929350037	0.0820113078093867	0.482610561355217
DIS3L	0.332180764711847	0.131157843614296	0.552920321119092
ABHD5	0.179361099603039	0.441884098945669	0.780008877449251
SCARB1	-0.0589764698217081	0.778062577513325	0.931681727459564
COG1	-0.134466239240734	0.568840655670335	0.844869232405079
SMAP2	-1.23011829586941	0.00555942717715853	0.219316851942951
ZC3H15	0.0681911497011498	0.783129019846646	0.933206064308269
GTF3C2	-0.127537981709395	0.833341873691778	0.947981496527684
PPP1R13L	0.0871183202986003	0.644373067376415	0.879217699322878
TMEM263	0.0730274954597725	0.824643199749825	0.944838403282686
STYX	-1.00046723453136	0.024197480752662	0.368073473041761
NUP133	-0.146014140381176	0.76360487404792	0.9248572227708
PDCD6IP	-0.688992168810753	0.113236449612073	0.52683818763479
C15orf40	-0.191165395573336	0.693877464848389	0.899496985187944
CHMP7	-0.534186867554666	0.414394649676443	0.760432898077085
CHTF18	0.201803769026835	0.46381312867149	0.792315479202346
SNRNP27	0.341956081963076	0.727805783722247	0.913100437203699
SKA2	-0.384364503205902	0.17078845049908	0.594128682476064
SCFD1	0.268155712681587	0.781789592808532	0.932767827157793
UBLCP1	-0.484064202795608	0.203713079797463	0.616443520850873
KBTBD7	-0.037552872447165	0.949020229775887	0.984432564507661
PCNP	0.0617786443872248	0.83542921473326	0.948098607377412
DNAJA4	-1.57401754213251	2.87026152204949e-05	0.00726007326165459
TRUB1	-0.130014375690685	0.551634436092864	0.835679359895978
LMO7	0.330625434864086	0.406134032842391	0.753284045352514
ATXN2L	-0.0791229383769867	0.700541761481628	0.903518168677564
ARAP3	-1.20672201506967	0.0278076014480155	0.383338413382078
PRPF31	0.147347115549213	0.539350748441521	0.82769743693738
NELFB	-0.00683025648137914	0.977244079177384	0.994810011799896
PALLD	-0.477028602878882	0.0785272683584653	0.480323263074539
GEMIN6	0.195260010464523	0.759696135858919	0.922806609669774
CASKIN2	-0.757548098618422	0.0538441038075842	0.428296332299319
MADD	-0.31324264802252	0.560791557480931	0.840917108790782
MYO3B	-0.207089838473884	0.570980891665327	0.844869232405079
DNAJC9	-0.354172095004991	0.210985668108226	0.622313205608046
IFT81	0.140544147649997	0.617698394559774	0.865990941162333
CTNNBL1	0.678277818821829	0.0746658404535538	0.472086518174916
DDX1	0.513019333275853	0.0355694756287225	0.407673930944403
SEC14L1	-1.36632450719424	0.0179533050740563	0.342404102496239
GBF1	-0.0466709729778216	0.88390405131889	0.965853182188932
RTF1	0.0504363990624341	0.824729131137132	0.944838403282686
RGP1	0.0095876549958831	0.981612794637184	0.99526880852155
IP6K1	0.379283842312127	0.0939331842141126	0.498003808412718
AP3S1	0.145444239298886	0.605235640868933	0.865337825306718
TSC1	-0.771835921087415	0.026399313712043	0.380565126914688
HSPH1	-0.491955791912243	0.201009028176043	0.613441320906304
CNOT9	0.0644429241127078	0.814386642114038	0.942881680422822
MYO18A	0.0413354983509251	0.848326259225557	0.952677700357768
LARP4B	0.459135780964662	0.183192391042066	0.603601583084043
GCN1	0.222576785743605	0.350345348850103	0.720870942293607
ARHGAP45	-0.56699490211308	0.101960047554974	0.512099284686816
DHX38	0.159639285722719	0.604765209007339	0.865337825306718
NUP205	-0.596404763662651	0.192476530077239	0.608565499508917
ANP32B	-0.285757033644579	0.223941914677006	0.633146827314666
PRCC	0.109572891083282	0.672355310913562	0.890200695081411
TFG	-0.557651571732528	0.155100170720782	0.584514227957373
ARPC1A	-0.31956270625107	0.36055681487595	0.728679326476602
HDAC2	-0.129043528566395	0.81618784817305	0.943281594158139
STAM	0.0830839604110629	0.726210042830685	0.913100437203699
DDX17	0.427299434755675	0.13792180865188	0.558966802264923
KIFAP3	0.16661478969538	0.758199525740131	0.922806609669774
RAD50	0.314814254221798	0.286637431504308	0.681117049482746
OSTF1	-2.14286449005172	0.0529892673090896	0.428296332299319
ARHGEF1	-0.410133931531853	0.188181979130148	0.606310973790553
ERCC4	0.264799577265823	0.559839302393292	0.840488618082544
UFD1	-0.279634980021704	0.258340164344753	0.655376228131233
UPF1	-0.126896499675571	0.529144621952951	0.821712486239686
COPS5	0.0258744115856047	0.898359740756439	0.971321821788455
GPKOW	0.10204669557816	0.641460357250504	0.878032310438007
SMARCC1	0.267921572074055	0.262646796233679	0.659334127489486
KHSRP	0.588684621701834	0.120921749431185	0.540502622197605
SNAPC3	-0.195019674871009	0.513190384832383	0.813986962294078
TNPO1	-0.391776827200786	0.247032458015715	0.649876047747177
ARHGEF2	-0.287818599321383	0.418131612550536	0.761579108697021
EMG1	0.255430823905801	0.381128554652101	0.741220561195379
CLP1	0.0648060614041341	0.833133331355354	0.947981496527684
GLMN	-0.863244756142979	0.0151732722307944	0.326225352962079
USP13	-0.530454515000674	0.0869699986418459	0.49305352512472
USP9X	-0.398517888034252	0.111238351554651	0.525380871452887
USP7	0.0973369453135575	0.723445132633241	0.911860511646625
CUL5	-0.287302497263951	0.33744154479736	0.716149380767655
LPP	-0.436840317597479	0.205632972934398	0.618080068275514
PHKB	-0.431082921816291	0.350305633138029	0.720870942293607
TSR2	-0.646307200115878	0.0172887831555373	0.33801001692146
HPS3	0.943202129975951	0.224129224445424	0.633146827314666
MYDGF	0.520012573391742	0.322135995358303	0.702782739746678
BORCS5	0.0193760419584805	0.949826172201551	0.984432564507661
LSM10	0.276867841003391	0.242421387702828	0.646333107031892
NEIL2	0.108646426105452	0.689005751924141	0.898884931211713
ZNF622	-0.306965981422302	0.53257845056156	0.824068851174777
PSMG2	0.085797543123217	0.638458806773784	0.876555833054684
SYAP1	0.147417978439165	0.583327123283317	0.851524750529999
EXOC4	0.362956530146882	0.105409820054729	0.519522677845477
MAGOHB	-0.697208174994802	0.0651766710421304	0.453494636700907
FERMT2	-0.10510875934585	0.83974337584463	0.94927632820028
FUBP1	0.651764921989567	0.126811659775376	0.549687638139232
VPS33A	-0.201192013796302	0.479504431264321	0.799794047492855
ISG20	0.367775901002009	0.170123047009536	0.594059418812447
ARK2N	-0.890555683005381	0.0644990244283878	0.452440138730942
AKT1S1	0.424221673420774	0.148271091002838	0.575626411812773
LENG9	0.147408903662853	0.502232422362812	0.810666467063742
SH3KBP1	-0.450040193682081	0.149690656276031	0.57647693562499
SKA1	-0.224768736926194	0.822892141062938	0.944590551673954
RNF25	-0.572954971014951	0.0758751831325333	0.47478654892838
PPWD1	-0.004460886168836	0.985362396103429	0.996954894881116
LENG1	0.231915717590731	0.529009628369409	0.821712486239686
ARMC5	0.552767744489593	0.0883733119536686	0.494768890560664
EFHD2	-1.42220088381683	0.000600613406403968	0.0538049509903555
CUSTOS	0.270881635000819	0.340864799177667	0.718581358780178
DCPS	0.443243760820323	0.672999982253879	0.890200695081411
CHMP4C	0.0390633163299086	0.915352251738269	0.973690318675024
ISOC1	-1.95500370644363	0.0261979934030417	0.379890126884482
GCC1	-1.57391698138963	0.0113409007200338	0.294924038178441
FLYWCH2	-0.952229918777899	0.260898792038224	0.658623946496739
HAUS1	0.143737921767649	0.89895894192055	0.971482975240077
CCDC124	-0.373812833500914	0.156212993859648	0.584760954875469
OPTN	0.000422051037311633	0.999518623283596	0.999518623283596
AP2M1	0.259341033619453	0.405435249557848	0.753284045352514
TUBGCP3	0.309024345860109	0.225915346519665	0.634746229334594
NMD3	0.0239861712804412	0.918850420984087	0.973831588421252
REPS1	-0.113945511856912	0.680251204752974	0.894246462989234
CMBL	-1.73219768136671	0.00476465329892155	0.200615420387575
MSI2	0.379927204598125	0.10063590002792	0.509223499152271
SNRNP40	-0.0568573362778473	0.786583735904943	0.933206064308269
RMC1	-0.34425842084287	0.213399850212524	0.622772903825511
SPDL1	-0.147289893069996	0.553093585483597	0.835679359895978
SIRT1	-0.157137059586905	0.601374696021452	0.863697793217182
SEH1L	0.045109797675039	0.877484608349257	0.965134066410398
TCEAL4	-0.368645041457626	0.0767820145791988	0.47478654892838
KIFBP	0.127445489383547	0.675698719254085	0.891147442186489
GNPNAT1	0.708642496270251	0.206744894580596	0.618080068275514
FAM120B	-0.365438759490821	0.11746533183703	0.53849451820229
KTI12	-0.148889090568872	0.578008358190138	0.848851072478686
MOCOS	-0.330796762511405	0.215155966557336	0.622956311852441
DAZAP1	0.0937540562324166	0.755284524408727	0.922406672647225
SAAL1	-0.110900344600253	0.634528282275733	0.873670065253171
DYNC2I2	-0.234551039668581	0.392700952026698	0.746963035611192
MVB12A	-0.618287263146787	0.0485758443613324	0.424264316752528
CYFIP2	0.211390264208738	0.649752064349961	0.880010671053147
CCDC97	0.34549677175259	0.165693756050126	0.591792226678056
EDC3	0.311645002018064	0.65010504309521	0.880010671053147
S100A16	-0.530630116484829	0.309938610729196	0.696457108720414
SIPA1	-0.180568432173207	0.792748098656678	0.935460160324839
OTUB1	-2.24063935255854	0.030011790503802	0.390696692708353
TRMT61A	0.235910510443659	0.350760363559264	0.720970154543421
HMCES	-1.13093327853761	0.0964947361503365	0.504393168639262
CHMP6	0.436519304392903	0.206719248577921	0.618080068275514
DUS3L	-0.254803142594831	0.250544945289682	0.64988166637388
OTUD5	-0.574962647221234	0.187464193534919	0.606310973790553
LTV1	-1.55795208848208	0.255356000858807	0.652904492430435
DCUN1D1	0.369807626952667	0.151865395517901	0.580463289535089
TOE1	0.439955138456739	0.0599571942794893	0.442637018782682
MASTL	0.0656110640945187	0.839999169488852	0.94927632820028
SNF8	0.00114769223197442	0.99626868720851	0.998875981276705
PDLIM5	-0.32785435146139	0.176677050887713	0.599614300566034
ERO1A	0.328146710122791	0.306516068311993	0.694548280403005
NAF1	-0.344489794467556	0.459945373026698	0.789305051250135
LRCH3	-0.0873468387419791	0.71730640008877	0.909172562010841
GMPPA	-1.13510593359405	0.0184752479282738	0.344701182243177
NGLY1	0.109222360161436	0.654673968116651	0.882752606742427
PAWR	0.103086843456946	0.728212527317944	0.913100437203699
RBM41	0.171676183934316	0.61661809805118	0.865990941162333
ITCH	-0.13757151908144	0.595318071919194	0.859981440756614
COG3	0.110709362561483	0.728139265997139	0.913100437203699
VPS50	-0.038356435791453	0.911509319558432	0.972056513937238
VCPIP1	0.586590231484223	0.237759419992377	0.642541485979859
ELMO2	-0.120717010453259	0.608308858286533	0.865505364335267
ZFP91	0.717836240818777	0.260998884844289	0.658623946496739
BTF3L4	-0.693893444310937	0.0415861517643979	0.40920012033618
PBK	-1.24157172850841	0.173568522125127	0.595646165313684
SCYL1	-0.266531363568607	0.35053734427769	0.720870942293607
EXOC2	-0.164121537229548	0.567504124167105	0.844675574218952
CNDP2	-2.9835936577761	0.00205277482672937	0.114635477336835
ZFR	0.1497288473997	0.62402044380479	0.869221868597537
TRIM47	-0.900472470668603	0.00810971563566572	0.274580923097343
PRRC1	0.187741186902088	0.505164119375716	0.811280855028843
FBXL18	-0.0359389666536245	0.876508399693094	0.965134066410398
CCDC43	-0.296257757125137	0.497700404321461	0.809192180818569
COG8	-0.115638796775016	0.833061676136385	0.947981496527684
DNAAF10	-0.00133483675851664	0.996431120855049	0.998875981276705
DOCK7	0.0456961830587588	0.89258746278853	0.966743600778304
RILP	0.0688080065222607	0.823209638909483	0.944702814868102
ZMAT2	0.213282615271215	0.483632748482548	0.801704247677316
SAMD11	-0.459310787801222	0.340464449736889	0.718581358780178
NSUN5	0.198160292296038	0.481141126554819	0.800350810129873
RPRD1A	0.183883506389563	0.484072320612937	0.802123691189068
AGAP3	0.429108570408246	0.155261643288771	0.584610390666999
ARAP1	-0.813324578994166	0.0268302507237031	0.383218525475138
IPO9	-0.872535142395453	0.0699996163556918	0.465440739473335
INPP4A	0.202682758319742	0.480829991365831	0.800330817307778
RBM14	0.229185089402488	0.506171239646364	0.811280855028843
NEDD4L	0.163958003233095	0.661286864330002	0.886088400269982
PUS7	-0.244583530930864	0.355731088405874	0.725666931974077
TRNT1	-0.597988897850609	0.279573271350382	0.674237278074394
SMG1	0.0458071304910881	0.817903392025757	0.943281594158139
ALKBH3	-0.482326130674107	0.0453903431559135	0.414529273204188
DEPDC7	-0.182842932696797	0.610875260947958	0.865505364335267
VPS35	0.31853614521156	0.20727243219844	0.618080068275514
XPO6	-1.39930076475975	0.0212166141702217	0.358524681461627
SPAG5	-1.80872899963253	0.0742187547179752	0.472086518174916
NACC1	0.115949462164885	0.730747498347196	0.913113639234443
SNX18	0.122067372108795	0.579338103399867	0.849742805024893
TGS1	-0.614453486573172	0.328398180320768	0.707834859862895
NUDCD1	-0.287881434914148	0.256073255338993	0.652904492430435
ERBIN	1.01568855904716	0.0774422107130244	0.475336321898295
FNBP1	-0.225596297007737	0.563341715714491	0.842270298182305
TP53RK	-0.635119109137325	0.049884806092096	0.424264316752528
WRNIP1	0.262377466729809	0.184125121524515	0.603601583084043
RANBP9	-0.0384383282584082	0.881661331359476	0.965158789421015
UBL7	-0.091271052288846	0.69265243881311	0.899496985187944
PLEKHF1	-0.043113450730047	0.890404669118414	0.966743600778304
SRPK1	-0.132768643430502	0.546127509504782	0.832452424980703
CDK5RAP2	0.575488606290566	0.0701972840892042	0.465440739473335
IWS1	0.194005871990697	0.43363623745742	0.77407705054691
OSBPL9	0.052283978710026	0.905390245833026	0.971594224377842
RUFY1	1.33790370697081	0.0987132038053007	0.505142594169284
SPEN	0.0440600950298133	0.906293171865977	0.971627156334821
MMS19	-0.373578013343181	0.120806723525931	0.540502622197605
NIBAN2	-0.646021473694919	0.0523935892685232	0.427588714546957
TCF12	0.0726389315841374	0.809439269636054	0.940191480128317
MYCBP	-0.750508430104038	0.0779009189375566	0.477170870985033
TBCB	-0.540831714173429	0.342794473510388	0.718581358780178
PSMB7	0.0719311186592364	0.8072352024553	0.940046116748535
CNN2	-1.23306358096578	0.347494462312461	0.719415593617518
PSMD1	-0.180602662501684	0.373067790353256	0.735844206872901
PFDN5	-0.566619358125624	0.0488178089900547	0.424264316752528
PARK7	0.189107883084322	0.864679302273307	0.960770550024801
GAS2L1	0.246061189155718	0.398108759202795	0.748393304641323
EYA3	0.471878259026486	0.0915346541456711	0.496398608886871
VAT1	-0.0727053738314325	0.754623373445826	0.922406672647225
DNAJC2	0.0293790071512063	0.916222958998703	0.973723939131262
NUP88	-0.535067982701815	0.104234962739805	0.517314451116657
PIK3R4	-0.926668055986173	0.0443743778946653	0.413341075956592
POP1	-0.256429235220626	0.27465262232367	0.669125368833871
S100A13	-0.680277290849514	0.0188533152537991	0.344975555707813
TSNAX	0.358483202953487	0.249335706380185	0.64988166637388
TTC1	-0.349112654428186	0.191742701388743	0.607297473844747
DNAJC7	0.0755418353099984	0.776472106739121	0.930295363326336
C12orf57	-0.125770491417914	0.768602377381994	0.926026960701198
COPS8	0.0384362456876453	0.866306472376663	0.960770550024801
RAD9A	0.407142897361119	0.190371147813806	0.606816853668914
CHP1	0.45195293678956	0.108845242884397	0.522943625031183
KIF2C	0.38245134478499	0.0803092678491159	0.482610561355217
MTR	-1.90224383052072	0.00228328703714372	0.120312219033552
HNRNPAB	0.294702837723015	0.242967070659523	0.646508913264819
NAP1L4	-0.745939305045042	0.0149514597684698	0.325301125047877
TSG101	-0.290888294226512	0.281097865259601	0.676216178210713
CPNE1	-0.98897979506156	0.0841625365107851	0.486148511941554
CCT7	-0.132695545721685	0.737522814950281	0.915889062536227
HAUS7	-0.106438137345215	0.794946385813537	0.937282549766441
PRMT1	0.0459829372277909	0.875754120202384	0.965134066410398
BAG1	-0.143371350994428	0.747602494795544	0.91927101161591
SH3GL1	0.168940343429178	0.616668975640166	0.865990941162333
SH3GL2	1.29002089131531	0.0901061890990428	0.495931589173628
AKAP9	0.0182482077311263	0.956409672943312	0.985188187832828
NCAPG	-0.147982578454162	0.606057835143316	0.865337825306718
ARPC5L	-0.128494953318402	0.70515062003019	0.904848602247036
RBM4B	0.073958037307559	0.740847931071724	0.916385681285839
ELAC2	-0.484571992090359	0.212085211849169	0.62238606702849
TRIR	0.673671747968754	0.096853935223878	0.504814450257788
GRWD1	-0.211812170847644	0.360791366318507	0.728679326476602
MACROD1	-0.170395207051349	0.579960729613116	0.850018283292649
CMSS1	0.164217330275875	0.51771216620741	0.815648708277595
WDR77	-1.57883981763927	0.0451055006166129	0.413863553159694
DPH2	-0.410734579528075	0.24141935137459	0.644784603050147
KXD1	0.482778425965918	0.171468301151813	0.594128682476064
APOL2	-0.0539236172457507	0.893280782071494	0.966743600778304
MYBBP1A	-0.56149297717862	0.300617285751503	0.689048149643638
AIF1L	0.974239605394331	0.148031589257763	0.575626411812773
FERMT1	0.13266579848959	0.668440986464308	0.888305548125059
FYCO1	0.0721940890179589	0.949356055406214	0.984432564507661
CORO1B	0.34100578297609	0.104425335713781	0.517314451116657
NAA38	0.648550334927002	0.148855235728766	0.575922613203891
VPS25	-0.43038031054634	0.0603430878270656	0.442637018782682
CHLSN	0.21889024381607	0.369452555575285	0.732770290117032
PDCD2L	-0.84792711884635	0.0159561622150855	0.33145650978197
PAAF1	0.595094737822976	0.136742865818014	0.557767775738245
PYM1	-0.98002671140803	0.0423049824158256	0.40948317655537
PYGO2	0.25362841722432	0.489368149013936	0.804389541574896
AIFM2	0.0880098858932854	0.639386989401013	0.877269959931193
RIOK1	-0.0989246950358336	0.623363221250211	0.869215489386345
PELO	0.138428800618229	0.599443861579586	0.862076456452247
GINS3	-0.285683256480144	0.482969554531142	0.801222640618793
ATG101	-0.25428528980752	0.343767425773466	0.718581358780178
NTPCR	-0.0697914729384195	0.752439896999135	0.921506811515238
TUBGCP2	0.00430161530821138	0.987276873851562	0.997457005873768
ESYT1	-0.758401001846629	0.287894315940551	0.681117049482746
TSEN34	-0.177578334639769	0.570758258497603	0.844869232405079
CNPY3	-0.673241959633724	0.331982638564315	0.711552223864685
HAUS8	0.185968723231813	0.495254970898567	0.80869749708786
PSMG3	0.484990644885791	0.546021446116998	0.832452424980703
COPS4	0.559978453604401	0.0313062476364834	0.39580606021589
RBM42	0.247698412676254	0.319259609477497	0.702530488287811
MCMBP	-0.575639464255087	0.0389596750892027	0.407673930944403
AARSD1	-1.15899893105115	0.184136121678665	0.603601583084043
DCUN1D5	-0.12327371734391	0.709832281754982	0.90632419683087
ANP32E	-0.35210689470825	0.323932277982894	0.704556800873265
FSD1	-0.00743844308083297	0.979078132543525	0.994810011799896
TBCD	-0.426939329734594	0.451865991163289	0.785511526393468
HGH1	-0.161695135474741	0.616431841189739	0.865990941162333
MKNK1	-2.49474815171463	0.0225348206127439	0.361226844945409
TUBB6	-1.17512671476785	0.285733237750266	0.681103910470034
POLR3C	0.197567998252591	0.587064970808899	0.853984903409427
HNRNPUL1	0.493814330103977	0.0418518745239468	0.40948317655537
PDCD10	-0.0339770858535644	0.892524695953047	0.966743600778304
RPP25	0.453466272514731	0.167052769227356	0.591792226678056
DDX23	0.204994178632525	0.318058389211083	0.701000037728169
WRAP53	0.125213110139452	0.661681361224864	0.886088400269982
WDR18	-0.03731508466511	0.865497998565987	0.960770550024801
CEP250	-3.4150767410484	0.000364295660239864	0.0385994208939433
NTMT1	-1.07698041218599	0.0518546513233312	0.42747133617852
KATNB1	-1.79906348944336	0.028521130429341	0.386879687211881
DSCC1	0.407257975035499	0.0953331595331201	0.501140080675326
MLST8	-0.43232724872167	0.124121957515362	0.545763041795239
KIFC3	-0.339163373853815	0.363352419296771	0.730906607134854
DUSP23	-3.02660771878562	0.000143080261995811	0.0221446332169978
TMED9	0.688756789085126	0.0517725411890738	0.42747133617852
DPCD	0.0519536025333593	0.851909604122054	0.955703443184146
GNL3	0.275278944576375	0.354371239415016	0.724237799184681
AFG2B	0.0676183608522329	0.793574427165653	0.93613618507977
RIOK2	-0.447354071712649	0.631552774653865	0.871740987471031
TIPIN	-0.32183536842809	0.368922587077489	0.732464287831091
NUP85	-0.286814616887046	0.49561007211005	0.808775449743156
DDA1	0.14755927601113	0.609813416080274	0.865505364335267
IFT27	-0.381278597312932	0.168257251178816	0.591792226678056
YJU2	-0.0824447842468636	0.730931502401233	0.913113639234443
ACAT2	-0.706543089827314	0.015054633461518	0.325301125047877
REPIN1	-0.0200052687851269	0.964003400246453	0.988268670580742
RBM4	0.440154170215695	0.276015369647492	0.671304349255777
SSBP4	-1.05632000558521	0.0871605629126848	0.49305352512472
SCNM1	0.3956277036595	0.211332852451851	0.622313205608046
RPAP1	-0.110696878924294	0.931383455261698	0.977948815815422
SLC4A1AP	0.472789299250845	0.075469452899785	0.473749850319818
SSBP3	0.471424695997914	0.311820141108445	0.69778530017818
OSBPL10	0.357913736795005	0.245528417203824	0.648521894247307
NAA15	-0.784026860656567	0.0134793655362009	0.315488726975188
SRRT	0.882690244474333	0.0204944386668961	0.355347122046989
QTRT1	-0.668666195619636	0.0982634313260895	0.505142594169284
AP1M1	0.244573233926609	0.315174719219746	0.699665096873985
NUSAP1	0.221991245779602	0.329807292361324	0.709795474050898
FANCD2	0.272900118292394	0.255825280806711	0.652904492430435
RTF2	0.150945834469816	0.701815716894158	0.903805804925091
CHMP4A	-0.481350755356889	0.472908220273695	0.796904337278695
EIF2A	0.117667143168042	0.600171429319573	0.862545837591633
GNB1L	-0.180910022725087	0.478493859310541	0.799577910098332
NIFK	0.0650076740155328	0.800817900096327	0.938225068322716
PARD6B	-0.197784627728019	0.613368272779129	0.865990941162333
YTHDF1	0.284011122987707	0.283360860878381	0.678425223706591
CEP41	-0.285828080336259	0.319624885301055	0.7025749720819
TBC1D2	-1.69358106544265	0.0347980531773524	0.407673930944403
LDHAL6B	-1.07306812943781	0.418609762408446	0.761579108697021
NUF2	-0.34593280825726	0.128981839352182	0.552073313328935
GTPBP4	-0.0597263560952079	0.77128082231708	0.927175715952878
DPH1	-0.606933090699634	0.231560875229985	0.636477874345199
WDR11	-0.129758016295774	0.561919819114177	0.840917108790782
TBL1XR1	0.0586459719668042	0.843828983288383	0.95160362657751
UBXN6	0.129531303068141	0.68202953307703	0.895215809594393
UCK2	-1.36014350134985	0.106546042870686	0.520622709481761
API5	0.0567816013194467	0.816870606920575	0.943281594158139
DPY30	0.256844099279061	0.434304032650918	0.774238747180369
TRIM2	-0.204210874177729	0.364928813356483	0.731170568411327
FTO	-0.16934714654516	0.827877903071564	0.945028356902289
TANGO6	-0.489246139202983	0.0544806047184926	0.428296332299319
TNKS1BP1	-0.0165181189275181	0.930963023729204	0.977948815815422
AMBRA1	2.3383911734789	0.0495819912196602	0.424264316752528
UBE2O	-1.94863966429014	0.00294820913795282	0.140858881035524
ZYG11B	0.138036977932259	0.561127811998796	0.840917108790782
TANC1	0.0218946740429189	0.916103176843012	0.973723939131262
XPO4	-0.159662959243793	0.507944328879004	0.811280855028843
CEP44	-0.0574265739254081	0.817549173054118	0.943281594158139
MTMR12	1.0437834530668	0.00292215441817669	0.140858881035524
WDR12	-0.0143679930963501	0.9483831298017	0.984432564507661
ACTR6	-0.369745225795025	0.323518139298807	0.704012145235258
ADISSP	-0.557828525809136	0.392879699404918	0.746963035611192
PITHD1	-0.943603105567231	0.0250886937810461	0.37458813631423
COMMD5	0.479595118484646	0.098198097485175	0.505142594169284
DDX24	0.190518308276332	0.446184872935534	0.782114607272063
SKIC8	-0.217494368129834	0.3812933664293	0.741220561195379
NIF3L1	-0.383151922601726	0.250528795895286	0.64988166637388
EGLN1	0.094208897208226	0.759491985528984	0.922806609669774
PSME3IP1	-0.0423512113102937	0.861716775284431	0.959611164477235
NAA50	-0.704081652582239	0.0387400305730021	0.407673930944403
UBA5	-1.11184445076263	0.0522848263622393	0.427588714546957
MKRN2	0.350413418336391	0.144618137585731	0.575041133427347
PAIP1	-0.282228827492581	0.489188732969353	0.804389541574896
COMMD4	0.410628487238895	0.195760006344841	0.610862138811914
KLC2	-0.0210895874634645	0.963603012075888	0.988268670580742
ILKAP	0.0359051321818491	0.887242562141155	0.966103574881481
XRN2	0.362448640501345	0.110564968450994	0.524769151843194
PUS7L	-0.572801750346265	0.0333955376430909	0.407627565751019
CSTF2T	1.69562496754066	0.0347622881498065	0.407673930944403
NT5C3A	-0.134971134486335	0.797681362002404	0.938225068322716
DDX47	-0.0128372101787093	0.953403138873371	0.98470918347514
RAB1B	0.531510700272591	0.0498953364386961	0.424264316752528
TSPYL1	-0.293012555503463	0.394958719273511	0.746963035611192
SMG9	0.294848334947879	0.289430473855284	0.681984510801543
ANAPC1	-0.266728429421914	0.304271176337719	0.692990496955611
POLR3F	0.243954412866891	0.27564804607603	0.670790378113711
ASCC2	0.0889450664533484	0.877282114858272	0.965134066410398
RBSN	0.0648213924029335	0.813922788751947	0.942598435667485
OSBPL2	-1.08018694671585	0.00181586141851864	0.106011433932398
ATG5	-0.987791576702392	0.0838532663161774	0.486041400167727
EHD4	0.0987249732363864	0.646991120846448	0.879415077151764
VPS33B	0.122095643162712	0.815970425569328	0.943281594158139
VPS16	0.159662545579469	0.5364513733644	0.826196599379269
SH3BGRL3	-0.896830516746206	0.0556807155285897	0.432960355828093
SLK	-0.44689997811043	0.200543869987963	0.613441320906304
PPIL3	-0.251970166233733	0.312648960163993	0.698254619385614
PDCL3	-0.353051725899043	0.331441323636121	0.711321626883317
RAB3GAP2	-0.256444060143927	0.300105875261749	0.688638896236675
DPH5	0.231844465343894	0.755141825908768	0.922406672647225
DHX36	0.133900967555405	0.585558886895418	0.853815942234757
PPA2	0.185931824046246	0.656903661963348	0.883819069600249
C11orf68	-0.701557617587206	0.0766864390362722	0.47478654892838
TXNIP	-0.317074770791304	0.688132780627362	0.89856391032422
NELFA	0.323636389961866	0.244734743270329	0.648212429377983
ACBD3	-0.558817202326029	0.0446593022461904	0.413341075956592
CDC42EP4	0.0528587452982947	0.815488444557176	0.943281594158139
PTPN23	-0.250063957665589	0.362286959563929	0.730348769866336
UNC45A	-0.507159761200143	0.127844680396926	0.551272010297387
DSN1	0.217581915000821	0.771658491270939	0.927197911783974
CHMP4B	-0.554435115826429	0.0494166609580421	0.424264316752528
RWDD1	-0.471710611544914	0.198571087443725	0.613402066097713
CUEDC2	-0.118051314141027	0.735746079127108	0.915889062536227
TOR1AIP2	-0.671163488802065	0.0519210765424368	0.42747133617852
WNK1	-0.246630914405635	0.442134628635735	0.780130858897686
RNPEP	-1.35402082212368	0.191503468897735	0.607275011991342
GOLPH3	0.0018509116228671	0.992839806642964	0.997479244991763
EPB41L1	1.08858005220311	0.213480758195071	0.622772903825511
FAM83D	-0.318742911577921	0.191180798162348	0.60719635265206
SMARCAD1	0.24702272707891	0.36744700172901	0.732058045703289
EHD1	-0.0299681454120346	0.903338157074686	0.971594224377842
PCIF1	0.23559132738043	0.356610888958745	0.725710753678468
HEATR1	-0.761123061206568	0.0355810551745151	0.407673930944403
RABEP2	-2.57486925045348	0.00341807345637271	0.155009991910956
STEEP1	-0.0771674971227121	0.740123660595891	0.916385681285839
BICC1	0.0140406037095744	0.988401624044622	0.997479244991763
HAUS4	-0.210859091079975	0.272997218950681	0.667983706020027
TUT1	-0.926273392026914	0.23932226399209	0.642541485979859
REEP4	-0.342864726356115	0.290621995508815	0.683031149205504
YTHDC2	0.398517645074875	0.0705789344718358	0.466189582532863
EPS8L2	-2.7880792734748	0.0647746324161133	0.452772409185783
ESRP2	-0.658532851663917	0.145100641006367	0.575041133427347
RPAP3	0.127596005054386	0.608207506902502	0.865505364335267
WDR55	0.0382529135284706	0.872661433755494	0.963779784568459
RANBP3	-0.2111219916899	0.343277450966101	0.718581358780178
DCTPP1	1.15946079468278	0.180772688111029	0.602108875970119
SH2D4A	-0.139048502685235	0.542623847063318	0.830645262503478
RPF2	0.271667600303878	0.51575514986818	0.815646631051009
DOCK5	-0.283508173468988	0.254414945832884	0.652904492430435
WDR26	-0.084392854900905	0.727981591240393	0.913100437203699
C8orf33	-0.273409998756975	0.503317663137671	0.810666467063742
PHAX	-0.355071707427658	0.219132565440036	0.628681818489375
TUBA4B	-0.576396158627858	0.270011036960511	0.665975276094515
AKTIP	0.192562869237175	0.503367317920975	0.810666467063742
ANKZF1	-0.0989141864672263	0.631698836739194	0.871740987471031
GORASP2	-0.450352793485841	0.122697463461339	0.544477908032772
ZWILCH	-1.9003553138974	0.0102025871025068	0.292474163605195
JPT2	-0.528302427719716	0.145362421877266	0.575041133427347
ACTR8	-0.434761330505218	0.115916532826301	0.534808037717912
MARCHF7	-0.738280264727656	0.163512937062941	0.588391596897881
CNOT10	-0.107849004526159	0.766046326828474	0.925134792916897
LRRC40	-0.53986341831866	0.227779598274563	0.635268988776577
VIPAS39	-0.349401046925134	0.156787987750622	0.584760954875469
COG4	0.560775351132001	0.0317064691187515	0.397486347552861
ACTR5	-0.288010754221425	0.201525721105357	0.613456587803479
VPS37B	0.345915329813835	0.360815355326356	0.728679326476602
COPS7B	-0.388223384865004	0.703465628469625	0.903994896720211
NHEJ1	-0.0105887902092547	0.968240878355722	0.990419543605095
ELP3	-0.0542144756267184	0.891682350429866	0.966743600778304
POLR1B	0.284842772818763	0.452390647015173	0.785654193120051
C17orf75	0.254140323892095	0.318251453729825	0.701066214671233
PLEKHA5	0.363392328062247	0.285369731349384	0.681103910470034
UPF2	-0.330085667833806	0.307657679307938	0.695137440309128
XPO5	-0.475572827725518	0.0829616602633512	0.485379448272922
CLSPN	0.45602915868561	0.198530969568395	0.613402066097713
MYG1	-2.91919906186446	0.0561550026475353	0.433992408361523
PLEKHA2	-0.127773995794051	0.613594607542685	0.865990941162333
CACYBP	-0.105971731661658	0.652284210311926	0.881206795414927
FANCE	-0.228753635224784	0.641185012255233	0.878032310438007
PARVB	0.0828897938622788	0.76118285161745	0.923013317333598
SPC25	-0.550404262580436	0.111695777829875	0.525857562296852
EML4	-0.224448152423403	0.285564500310379	0.681103910470034
GLOD4	-2.49578625557903	0.00106929345282315	0.0821064615560631
TANC2	-0.267542209749202	0.737823188982672	0.915889062536227
MOV10	-0.0848109811349467	0.755360856625404	0.922406672647225
RAVER2	0.43012729153299	0.209634561307494	0.621246460111802
GPN1	-0.368056359141768	0.191793016158411	0.607297473844747
XAB2	-0.0350620761734959	0.880686514939979	0.965158789421015
SRA1	-0.0300962136086689	0.945948251408997	0.984432564507661
GOPC	-0.435180948394716	0.044667143574813	0.413341075956592
MYO10	-1.05536720195474	0.0410784070855093	0.407673930944403
WDR6	-0.499246626721305	0.13754869795169	0.557980567162515
ARFGAP3	0.341229478639178	0.427843258623196	0.77008628610088
RAB18	0.520720866671269	0.0819457154288663	0.482610561355217
PALMD	0.483368020202349	0.194764853956253	0.609310557054631
SSU72	0.435056005423164	0.193596058232141	0.609310557054631
VTA1	-0.433118643251802	0.159958675131817	0.588391596897881
MID1IP1	-1.79826633446279	0.0688715304427603	0.464138859410913
EXOSC4	-0.119044675016816	0.623396710184727	0.869215489386345
UBE2T	-2.82148442237075	1.50361280667026e-05	0.00461823933477295
NOP10	0.936245179298734	0.0769595871169956	0.47478654892838
OSGEP	-1.55600625745682	0.0737101623023305	0.471833098095208
DCP1A	0.277592811401341	0.367731483423047	0.732058045703289
ACOT13	-0.123000283542119	0.610059338726454	0.865505364335267
MED4	0.639944261926612	0.0374375247417688	0.407673930944403
RIC8A	-0.199817597404284	0.879792715591632	0.965158789421015
LUC7L	1.15451649399754	0.0795215127016778	0.482610561355217
LZTFL1	-3.0881052835457	0.00135858723018738	0.0898757706123956
TIGAR	-0.91574479569335	0.461022087821264	0.789798795869098
WASH6P	0.267376623524942	0.323278185862622	0.703846176814824
JADE2	0.213201933327873	0.758959395915174	0.922806609669774
RTN4	-0.291722135523752	0.31975330706146	0.7025749720819
RPRD1B	0.198757793531406	0.382441413890769	0.742102021538947
PFDN4	-0.751803819202888	0.0381338940954613	0.407673930944403
NIT2	-1.19998884201012	0.262524545514719	0.659334127489486
AVEN	0.0107960897043036	0.974918325394776	0.994387105865651
EXOSC5	0.261458596792629	0.399532343027527	0.749435020272332
EXOSC3	-0.701930752003157	0.245830206287942	0.648521894247307
KIF13B	0.235965852502908	0.528141727775836	0.821712486239686
ANLN	0.322618998764227	0.301622324287184	0.690136939221516
XPNPEP1	-2.58328854480809	0.000208366906713049	0.0271508393595791
GPHN	-0.526138914156618	0.296123437567409	0.685522848351119
BIN3	-0.0395452205362119	0.883427923988294	0.965853182188932
BIRC6	-0.632927104640078	0.0991489184834594	0.505142594169284
PDLIM7	0.840621120331555	0.0253760116861043	0.376265000862925
DDX21	0.00287341950522801	0.991500469224641	0.997479244991763
SAR1A	0.296003948834439	0.5637066863828	0.842523027961779
POLE4	-0.120581740492995	0.607910255688054	0.865505364335267
NANS	-0.750842976195678	0.313708847606786	0.699299141891746
SH3GLB2	-0.3862232691848	0.503734793513318	0.810840783569572
EIF2B3	-0.280798602452098	0.309512502134398	0.696443620710576
SPHK2	-0.00214984932255291	0.994108435185193	0.998520502521918
CTPS2	-1.02490711545121	0.0353711985230765	0.407673930944403
POLE3	0.312186449611254	0.446204222422888	0.782114607272063
CHRAC1	-0.123745521603027	0.730631757058903	0.913113639234443
SMYD2	-1.17751376879	0.0610493956738045	0.443433110468512
STRN4	-0.0727615250875324	0.760059488095733	0.922806609669774
AASDHPPT	-1.00325207030281	0.121762099256618	0.542566867153842
METTL5	-0.59650960009661	0.197375051177442	0.613231734149566
UBQLN4	-0.659550857147998	0.16678007341536	0.591792226678056
VPS45	-0.394682870068682	0.217349503472342	0.626043606080867
PNO1	0.200303763831819	0.645509134984879	0.879217699322878
ARHGAP35	-1.05485442084384	0.149501859988074	0.57647693562499
FAM114A2	0.17394732738828	0.705583923598227	0.904864560534559
LANCL2	-0.139730372089772	0.735678074541228	0.915889062536227
KIF15	-0.133434136773595	0.61677902509264	0.865990941162333
HOMER3	-0.020973201549662	0.946612785610222	0.984432564507661
FARSB	-0.196849684813682	0.346376653289468	0.718963953619299
SLX9	-0.1214063759944	0.610723012932779	0.865505364335267
KLC4	-0.850277073930172	0.0854203409110414	0.490072543384519
DIAPH3	-0.0126792717251121	0.950041840813865	0.984432564507661
ATG3	-0.401045416962226	0.572625275101714	0.845856641338843
SMC4	0.0695414031709554	0.920907374205933	0.973831588421252
OLA1	-0.688136362944846	0.0493600790349722	0.424264316752528
CUTC	-0.0307567316950923	0.892005943797963	0.966743600778304
ECHDC1	-1.28499641071836	0.00184903663835577	0.106011433932398
RBM12	-0.0372421707926449	0.902713184064013	0.971594224377842
PDRG1	-0.069780207765497	0.770023387964958	0.926181977132677
STAU2	0.151999063049423	0.587652053337315	0.85454982392643
BLOC1S4	0.150521962002529	0.78795318142654	0.933426949802777
LIN7C	-0.968769725319625	0.220414960909558	0.62993046563547
TXLNG	0.181514745663417	0.510083285733807	0.812655846111659
SPATS2L	0.137996412499817	0.616748748149189	0.865990941162333
ABCF3	-0.314121669940661	0.243980747743104	0.648212429377983
CYRIB	-0.493066176837104	0.408736505889136	0.75626806167095
AP5S1	-0.143008345795266	0.617889603662278	0.865990941162333
DDX19A	0.116087303729714	0.684901058331532	0.896521933280239
TDP1	-0.126983029768208	0.528620713087624	0.821712486239686
TBC1D23	-0.156752745509774	0.558214534094659	0.839567155161607
DCAF13	0.297104827187688	0.805509509161313	0.940046116748535
EXOC1	0.205477391398176	0.647469571803982	0.879415077151764
INTS9	-0.39219265353303	0.228127295485836	0.635328607894491
SEPTIN11	0.34607971946533	0.322013250148718	0.702782739746678
PARVA	-0.0448521688322714	0.881460699244084	0.965158789421015
PANK4	-1.05916531434297	0.0726778110411401	0.471364385334695
INTS7	-0.239549492114492	0.514273728827956	0.814599005248365
FANCI	0.0433275109535813	0.819298986739138	0.943439461105034
DNAJC17	-0.175631654159915	0.751142793959398	0.920961847265052
INTS13	0.092361385872394	0.762352205008742	0.923672719509042
GNL3L	0.270512405559966	0.304126841740152	0.692990496955611
ASF1B	-0.625116930322015	0.0230309534931154	0.362758608133319
PNPO	-0.279941044481468	0.572924837987456	0.846008517632576
SDAD1	-0.659799763917079	0.383217015252645	0.742728697169605
HAUS2	-0.347792492486551	0.190039682945649	0.606816853668914
NLE1	-0.291684128681403	0.29196476220137	0.683795467029351
KBTBD4	-0.978339172149401	0.0259576412352935	0.378590496176841
NECAP2	-0.100868786817415	0.807464468195091	0.940046116748535
POLR3B	1.00892205383867	0.0613424206058839	0.444353872505762
RBM28	-0.0432383066911335	0.832620464319181	0.947963242697817
RBM22	0.290909332367502	0.422780184989274	0.765454650717423
BSDC1	-0.470971773815091	0.10244362316843	0.513094353302102
GPATCH2	-0.364905791371285	0.766512004829776	0.925134792916897
WDR70	-0.357005078904102	0.1630756380474	0.588391596897881
PIH1D1	-0.0225180999181589	0.940322586130747	0.983418779123736
HIF1AN	0.177956610905319	0.469341504111051	0.795622993360541
GID8	-0.332961597143317	0.25041468808691	0.64988166637388
HPF1	0.183235715481484	0.508654229106456	0.811280855028843
UCKL1	-1.05627290609145	0.00880743401916057	0.286085797988776
COMMD8	0.854369335638225	0.0410091380568073	0.407673930944403
ADPRS	-0.503959111759436	0.586146536320214	0.853984903409427
HYPK	-0.635574609688156	0.0834673057879803	0.486041400167727
DUS2	-1.617296674968	0.0309482072218451	0.393719796017556
MIOS	-0.894670656231664	0.0219147013451284	0.359691718000866
DCAF16	-0.87901552077075	0.189160747686578	0.606562538147546
THUMPD1	-0.952705759350124	0.0438130318942155	0.411074981354409
TRMT1	-0.190660349884457	0.377192194529959	0.738208139992147
FBXL12	0.622557417188677	0.267222201736683	0.663827930574637
GDAP2	-0.511571827649789	0.0543593401256796	0.428296332299319
NDE1	0.102357101297422	0.844769942776215	0.951784908463282
BABAM2	-0.225741430610775	0.495302050536677	0.80869749708786
PPP4R2	0.0811129755106208	0.690840290923336	0.899496985187944
DPP3	-1.67508480328907	0.0708902102730871	0.466811491844218
DDX56	0.402362970446298	0.599162490395623	0.862076456452247
SPHK1	-0.230438371250294	0.643964734028755	0.879062970261476
TERF2IP	0.500810288880476	0.188000841775115	0.606310973790553
ABI2	-1.18705344964329	0.0915521839262228	0.496398608886871
BCLAF1	0.909347102698614	0.013790570812812	0.318688587502541
UTP6	0.133517533340989	0.608342529710877	0.865505364335267
TAB2	-0.128877402352078	0.819244315110626	0.943439461105034
MAP3K20	-1.10835371611166	0.164000117421517	0.588906216814613
TMOD3	0.332096113994979	0.254651888014445	0.652904492430435
NKIRAS2	0.114178286900881	0.569864935543297	0.844869232405079
GTSE1	0.223168686298884	0.599320840290724	0.862076456452247
ACTR10	-0.191534175339797	0.410378308161726	0.758326912374484
C9orf78	-0.142355402758767	0.630912835975328	0.871616911425845
FAM120A	0.282359440238633	0.307673622133219	0.695137440309128
SPG21	-0.872123107328068	0.0258968871871347	0.378590496176841
UBP1	-0.0854417712868383	0.769537691449198	0.926181977132677
IGF2BP1	0.446908720753438	0.150005585140443	0.57647693562499
DTL	0.0377903836128581	0.903457820491076	0.971594224377842
HSPBP1	-0.631927833266317	0.0208123559324934	0.357972522038886
MAT2B	-0.849348201717213	0.0332052209548826	0.407627565751019
MYOF	-0.375634892589254	0.240125627399454	0.643327226054613
EHD2	0.00219715835283552	0.991488416168712	0.997479244991763
NCKIPSD	-0.452533377545716	0.279571592732737	0.674237278074394
OGFR	-0.272518270298121	0.541643897882854	0.829735931918872
PALS2	0.00349016136371816	0.989173665654269	0.997479244991763
COMMD9	0.163580860828237	0.522261490665216	0.817909227037688
THYN1	-0.111336956808053	0.615739479969618	0.865990941162333
CRIPT	0.662278839487307	0.0671053086165059	0.460211845376357
CCDC59	-0.139856882830323	0.709004621989712	0.90632419683087
RAI14	-0.0221395729985261	0.924105789414285	0.975447669759962
MARK1	0.51945473427558	0.393300313521967	0.746963035611192
GMIP	0.014205516299068	0.953564893021043	0.98470918347514
NHSL3	0.0602221391436508	0.834973603262581	0.948098607377412
NYAP2	-0.330736723663705	0.635278126623359	0.87427235269077
VPS18	0.280388622105242	0.368534306011746	0.732464287831091
RCC2	0.143083114540083	0.671422340077782	0.890200695081411
DIP2B	-0.14214476133786	0.830379895570593	0.946615469499881
SLAIN2	0.414370901158762	0.155896175285598	0.584760954875469
BCCIP	-0.695822469332075	0.0650249842719224	0.453172499788114
STK26	-0.410109776786904	0.0805705396872936	0.482610561355217
CTTNBP2NL	-0.0940762115849303	0.668052458334853	0.888305548125059
IBTK	0.22378720187881	0.282905454108879	0.678089995913145
HEATR5B	-0.414800222409543	0.267241642511211	0.663827930574637
ZNFX1	0.263239465462668	0.865990228863784	0.960770550024801
RRBP1	0.476420558250148	0.195049289866464	0.609529030832699
CPSF2	0.667401715845369	0.00929347748527953	0.286085797988776
LARS1	-0.246516415849715	0.25798199707936	0.655376228131233
KLHL42	-0.574817157189692	0.29455693816726	0.685522848351119
EIF2AK4	-0.487592840787748	0.0941959262441639	0.498207235977743
WDR35	0.443823786875249	0.0774908748024895	0.475336321898295
KLHL13	0.247424393914567	0.242489684718683	0.646333107031892
ANKFY1	-0.841196614555326	0.194837678127934	0.609310557054631
GMPR2	-0.248429374037098	0.686144173253358	0.897214114809981
ATXN10	0.304159021273236	0.314977484121464	0.699588420311103
NCDN	-0.46930112997623	0.108067848705423	0.522943625031183
EPS15L1	0.147143179237641	0.61155990198772	0.865505364335267
ORC3	0.195801592771737	0.708064571717971	0.906154064996213
SAE1	-0.566149006442018	0.202929342713292	0.61493740216149
COPG2	-0.461165066028265	0.0734334057024342	0.471833098095208
PI4KB	0.0151874627263808	0.96602076847909	0.989256800300092
COMMD3	0.404754705719267	0.130158340182671	0.552920321119092
GNG12	1.90979669060199	0.0112754397417619	0.294924038178441
MTRR	0.0556125415754849	0.800201794383912	0.938225068322716
UXT	-0.428212491654385	0.206325983893598	0.618080068275514
SPAST	-0.0241914569722468	0.911442402077268	0.972056513937238
METTL1	-2.52371630963342	0.205414288057122	0.618080068275514
GULP1	0.730385997829892	0.222842587472277	0.632073302197091
VPS29	-0.129995008767253	0.699665053949477	0.903417799824216
EIF3K	-0.343478940595805	0.190277929445514	0.606816853668914
RPS6KB2	0.0722617461194304	0.817463537263182	0.943281594158139
UBA2	-0.185166405960295	0.700933239124897	0.903537921349825
CTNNAL1	-0.0995906969306475	0.834972843539989	0.948098607377412
NXF1	0.109010234580065	0.628591146903757	0.87054442985957
COPS7A	0.30307757547483	0.226022084485285	0.634746229334594
CLIP2	1.33663861329277	0.137118016257123	0.557767775738245
DNAJB4	0.264326159307217	0.310417369423134	0.696457108720414
FTSJ1	-0.0659849856380852	0.879427663015055	0.965158789421015
ADD3	-0.228187834893617	0.309499392031173	0.696443620710576
LRWD1	0.565203706956609	0.027417095096003	0.383218525475138
CNOT8	0.130197987737436	0.534100004525882	0.824642735892744
CGGBP1	0.358427014477854	0.341781079270798	0.718581358780178
ABCF2	-0.0259165716684926	0.911919761025338	0.972056513937238
TES	-1.02617638552919	0.0800425792696212	0.482610561355217
TUBGCP4	-0.0719598853976322	0.716817195626691	0.909172562010841
PARP2	0.454936438082605	0.429035897096087	0.77008628610088
ZC3H7B	0.850803481717943	0.0327271685091597	0.404387426980996
NDRG3	-0.618725979683596	0.26814830003246	0.663827930574637
ARMCX3	-0.339933353528238	0.113334666884762	0.52683818763479
SWAP70	-0.26904586554727	0.460220661705337	0.789369304081752
LIMA1	0.116124794577416	0.648705755601043	0.879670371833643
SRP68	0.42724908102857	0.223531507502317	0.633146827314666
CHORDC1	-1.03106554000568	0.0176233223836323	0.339629118226538
TBK1	-0.447252149357602	0.160389472580179	0.588391596897881
SEPTIN9	0.466429425525874	0.184906493536581	0.604192608419631
UBQLN2	-0.108781836978814	0.855208924181592	0.957178297232504
DDX20	-0.00668892943030741	0.97905956938646	0.994810011799896
USP25	-2.22106765928627	0.00826986301682777	0.277815710721558
BAIAP2L1	-0.0431759926109585	0.887807643015119	0.966229527958748
SAP30BP	0.323990761009185	0.267271653203313	0.663827930574637
ZNHIT2	0.0793681649642366	0.807591419051582	0.940046116748535
PFDN2	-0.464873452505227	0.158227370093322	0.586137500639062
PUF60	0.15062076542484	0.488304813598209	0.804389541574896
NRBP1	-0.547109479698946	0.200653935420725	0.613441320906304
ENOPH1	-1.91453706389441	0.0842280561387111	0.486148511941554
EIF2B4	-0.662635815093495	0.0879772515542565	0.494735828602641
ATP6V1H	-0.447730970535424	0.172475815650643	0.59474419189877
TRMT112	-0.209349541448027	0.395021847204616	0.746963035611192
XPO7	-0.342989226819014	0.255833851516773	0.652904492430435
VPS51	0.025810981762536	0.910708146503577	0.972056513937238
CNOT7	0.292000589728751	0.322519501679818	0.702989476845429
RABGEF1	-0.416685739847221	0.139628796598407	0.561649976962724
NAGK	-0.895367806318717	0.033448037495587	0.407627565751019
TRMT6	0.0247200805463876	0.931751397028349	0.977948815815422
HOOK1	0.0883559478571065	0.846764358163592	0.951784908463282
SH3BGRL2	-0.242131506890633	0.462206444973831	0.790882496373845
RASAL2	-0.183754159970125	0.795631830306446	0.937319690498004
TSR3	-0.313824396639781	0.316933942974049	0.701000037728169
TUBE1	-0.145474621110584	0.667334985031427	0.888305548125059
DBNL	0.0684027458618601	0.86809363897534	0.961195611210179
DCTN4	0.0343558629221441	0.872781042118507	0.963779784568459
CDC23	-0.673744762608688	0.0133911227188215	0.315488726975188
ANAPC7	-0.138563192782133	0.487278434445313	0.803719703918238
ANAPC5	0.114845048855749	0.727523364730717	0.913100437203699
ANAPC4	-0.259729401584462	0.349924898755574	0.720870942293607
ANAPC2	0.120152996129196	0.795426680776113	0.937319690498004
GGA2	-0.724202802867175	0.132793213443604	0.553948585409127
VPS28	-0.647399870215914	0.314178998466443	0.699389834864851
LSM7	1.8813147225905	0.00113686605523215	0.0834931772534667
DBR1	-0.0184934768823766	0.950872430630583	0.984432564507661
FBXO3	-0.701935953885656	0.0908323742062731	0.495931589173628
MRTO4	-0.297240926221427	0.344752184068452	0.718963953619299
CPSF3	0.27267578690342	0.474872876573539	0.79826167680462
TLK1	0.155144992547356	0.593676912114137	0.85924292227896
PARP4	-0.950485088583321	0.0656269974513528	0.455890289242031
NUDT5	-0.515107933941032	0.643511820180116	0.879062970261476
RCOR1	0.347386741245479	0.175429769430618	0.597740101863438
GTF3C4	-0.191085423426166	0.443303187178184	0.780271676162992
PACSIN3	-0.0397511567858828	0.864044245862081	0.960770550024801
ACIN1	0.262953999193041	0.267806544747003	0.663827930574637
AGO2	0.0735246726301924	0.783056307867985	0.933206064308269
NUP50	0.705256238770289	0.0661262622385632	0.456826948114284
CDV3	-0.460197750852405	0.213385214037639	0.622772903825511
BAG5	-0.308125718523559	0.385011245957564	0.742759464793356
RAB21	-0.501622713085332	0.411945072474826	0.758730671092186
TRAPPC2L	-0.486153325644757	0.230360053776228	0.635738589275895
BLOC1S6	0.212991976744245	0.735085994044957	0.915676231337444
PSME2	-0.157361541419661	0.549297609565271	0.833803306179444
MKLN1	-0.0378092868677733	0.942817223544207	0.984061819777676
DNPEP	-0.294573355295373	0.283608523445411	0.678640317649009
MCTS1	-0.122075029014027	0.785940448852086	0.933206064308269
MRTFB	-0.621226587996407	0.0312019227410801	0.395776601140543
ANKRD50	-0.0269177176690896	0.914937623581403	0.973690318675024
CNOT6	0.265757682193531	0.268688794486747	0.663827930574637
ISY1	0.106526900266335	0.720720163988296	0.910389996854182
HECTD1	-0.906696543810213	0.0716287255788286	0.470152562668251
CORO1C	0.54063141417085	0.166512271906383	0.591792226678056
NOB1	-0.247193059231659	0.256676400947206	0.653855760706745
AKAP8L	0.270365146047084	0.286377197681851	0.681117049482746
MYO6	-0.6858518835034	0.0140643245442393	0.318688587502541
DDX19B	-0.307067236240755	0.214728488298958	0.622956311852441
PRPF19	0.14435193290047	0.543600230192825	0.831252130095713
NOL7	-0.342296281583234	0.147554483764239	0.575626411812773
SNX12	0.32875753635922	0.219307611100945	0.628681818489375
SYNRG	-0.569389564198111	0.160926172611998	0.588391596897881
VPS4A	-0.341616601939041	0.132095476332611	0.553948585409127
G3BP2	0.202624170137486	0.561885109734445	0.840917108790782
STUB1	-0.0674434499405976	0.769325133634714	0.926181977132677
PACSIN2	-0.0363488426379206	0.905077871215854	0.971594224377842
MAGED2	-0.257751434916432	0.431839776912314	0.772104382836985
SNX6	-0.0988141076670388	0.748722413691021	0.919920979351663
DUSP12	-0.169395814077724	0.569898067163755	0.844869232405079
STX8	0.668631246734915	0.375626507171165	0.73790146091338
PSMD13	-0.239677374228098	0.387238384651703	0.742822224782656
FAF1	-0.424265256534856	0.108716663020866	0.522943625031183
PROCR	-0.274867386061928	0.270821410662975	0.666208275658349
PPIE	-0.53551364057423	0.131059812474167	0.552920321119092
TIMELESS	-0.176944680955049	0.557913383576968	0.839409985635327
COPS3	-0.10583948211714	0.581013667469373	0.850649904704904
NSFL1C	-0.362173776686745	0.100660459134751	0.509223499152271
COG5	0.077782526428642	0.709547492695989	0.90632419683087
AP4E1	-0.352262782267797	0.55312983937142	0.835679359895978
MACF1	-1.09745912742761	0.0390021808179473	0.407673930944403
CEP131	0.35945045516889	0.353150575623377	0.722574245481492
PPP6R1	-1.83204410916384	0.0412630274858308	0.407851967812811
TRIM33	0.560295174660531	0.0279134737610566	0.383475837611959
LIMCH1	-0.0407832077332415	0.831596645928525	0.947373260747322
TNRC6B	-0.729738998708985	0.190319305075654	0.606816853668914
EXOC7	-0.106775438288281	0.70498997320971	0.904848602247036
USP24	-0.575850257465174	0.0854872469860449	0.490072543384519
AGTPBP1	0.59014072634093	0.261971866082812	0.6589838692116
DICER1	0.00458257868200818	0.988224104957993	0.997479244991763
HPS5	0.279846734264254	0.457132651585569	0.789292455460545
SHOC2	-0.0599081304398084	0.855768378630318	0.957282281855406
SRRM2	0.346999996929775	0.291819778216014	0.683795467029351
PA2G4	0.048559775931551	0.841938018398075	0.950218760921712
BAIAP2	0.438489722858446	0.161357198873889	0.588391596897881
SMC3	0.135617243298611	0.553075800568278	0.835679359895978
CHMP2B	0.347762188524776	0.119551990456719	0.539591938230179
GNE	-2.73886792207874	0.00167763245339391	0.1016030922478
RTRAF	0.181180047238179	0.564549826785022	0.843490012222235
RUVBL2	0.082472731512425	0.694347617416052	0.899496985187944
PIN4	0.475192081549174	0.2329670343333	0.636477874345199
GINS2	-0.525772134554892	0.184414118013996	0.603601583084043
EIF3L	0.159616553695937	0.521269979671592	0.817909227037688
PLAA	-0.405397029276017	0.113371121137101	0.52683818763479
RUVBL1	-0.159528776993934	0.54505734374797	0.832000915199244
NUDC	-0.90135910115135	0.0459309097067594	0.41552911853004
CFL2	-0.237964976956601	0.427453552512666	0.77008628610088
FARSA	-0.237876385879364	0.239909838185778	0.643192085657531
ASF1A	-0.332238547559847	0.472356529329119	0.796522774947141
DRG1	0.160589063594529	0.41452435188202	0.760432898077085
TRAPPC4	-0.0684915896834646	0.796772188355103	0.937892255660264
NCKAP1	-0.350588765640676	0.315378457824699	0.69975612417245
CNPY2	0.287037421402335	0.213231680942333	0.622772903825511
EXOC6B	0.0572028416531474	0.791248445206755	0.9347165698871
PALM2AKAP2	0.104948722653102	0.728993907190767	0.913100437203699
STK38L	-0.0082531565610644	0.978610095003697	0.994810011799896
PIKFYVE	0.0113182204010229	0.974093223370637	0.994387105865651
AMOTL2	0.15501494660284	0.712932047454267	0.907521552413661
DIS3	0.154211042715492	0.457238955012144	0.789292455460545
AP3M1	-0.261335977923789	0.292360280381094	0.683976716887217
LEMD3	-0.0314932846589286	0.974700066701832	0.994387105865651
COG6	0.0616294727410178	0.817690357067297	0.943281594158139
THRAP3	0.320906492612842	0.486713786878632	0.803719703918238
WBP11	0.416384575566781	0.106481607839758	0.520622709481761
NOP58	-0.19538694972897	0.471919502140385	0.796509299411747
GIT1	-0.0960968066005314	0.629332599911459	0.870698255990758
ZNF281	0.549649328791048	0.0547787137720417	0.428296332299319
SUGT1	-0.444363541375868	0.0929071632687416	0.497955154148696
AAR2	-0.334349448663854	0.290714775369517	0.683031149205504
NOSIP	-0.531691877056677	0.134470168493302	0.555471731362771
DERA	-0.296027513497904	0.393748244268312	0.746963035611192
MEMO1	-0.194869937084558	0.540956632058986	0.829243304520924
LSM2	0.231722388892987	0.291495152909431	0.683795467029351
SH3GLB1	0.135215374832448	0.707008925967485	0.905474545655857
CAB39	-0.456366560251872	0.136562315930478	0.557767775738245
LUC7L2	0.292677298778589	0.274497772161616	0.669125368833871
MOB4	-0.0611809095479998	0.780762319882813	0.932577215415582
SBDS	-0.434692416264088	0.110075297716455	0.524769151843194
EXOSC1	0.0209986741276502	0.928224831520716	0.977557378285348
SF3B6	-0.119074887346983	0.686405529612268	0.897214114809981
RRP15	-0.377715948420953	0.174942992957105	0.597740101863438
NOP16	0.061643908173032	0.764856359336162	0.925134792916897
TPRKB	-1.28036009099446	0.0297238026535368	0.389603822779188
PPIL1	0.40922867708608	0.142432424648639	0.570472385927478
UFC1	-0.00248398678924389	0.991076881337463	0.997479244991763
FIS1	0.391196298051998	0.0945083499357492	0.499245583198675
GOLT1B	0.34022823651712	0.200106047392812	0.613441320906304
STRAP	-0.174323087541801	0.497027029174128	0.809192180818569
RTCB	0.204155815847422	0.400700030266637	0.750445475122908
FBXO7	-1.33234661189867	0.113029571726303	0.52683818763479
R3HCC1	-0.0770117888412649	0.753318970305316	0.921818887966095
RPL36	0.201427568305579	0.485300103530068	0.803229578590952
CCDC9	0.591280015751053	0.2294643451066	0.635738589275895
SAMHD1	0.87059445476504	0.198559411412703	0.613402066097713
PKP3	0.212706776527749	0.387849080684182	0.743204566373432
KNSTRN	-0.240020523021926	0.52265374643498	0.817909227037688
HBS1L	-0.0881792465529472	0.709994961989259	0.90632419683087
PRKAB1	0.346281771833656	0.434035864496872	0.774099633901514
DMXL1	0.0702033356968528	0.937788264017166	0.981935918613419
TLN1	-0.261183717216582	0.252686209643551	0.651800060868189
KIF3A	-1.08724644549616	0.276892544744365	0.671538602594907
MTCL1	-0.730836553876458	0.333595041737442	0.711890163509181
DCAF1	0.389254308985599	0.288203627634906	0.681117049482746
TCAF1	-0.0494286069398981	0.808383449303102	0.940046116748535
WDR7	-0.206099736430922	0.392403019423632	0.746963035611192
USP15	-0.411178383142058	0.168697915079608	0.591792226678056
FARP1	1.17740579158417	0.00355321655248615	0.157513723460726
CEP170B	-0.328548758032021	0.644944645155538	0.879217699322878
TLN2	-0.180496538181234	0.388108742407989	0.743261064560735
RAPGEF2	-0.120868660349348	0.580344669500878	0.850231291696827
TRAF6	-0.249903341131795	0.342309400618798	0.718581358780178
HYOU1	1.41429366318339	0.00336670391452163	0.155009991910956
TELO2	-0.404362811147511	0.196794391135342	0.612755888401136
LAS1L	0.019579609134702	0.922408587023309	0.974774373113843
ARIH1	-0.58210793486877	0.18002116418477	0.602108875970119
LSM5	0.139322752916151	0.656067652348478	0.883523615752726
LSM4	0.308707009309291	0.277870592779047	0.672393668514295
RNF114	-0.321501718876377	0.348582261510609	0.720371302234254
PRRC2C	0.385906911037196	0.271134571432677	0.666216375520293
POLR3H	0.474354083102522	0.341398210658678	0.718581358780178
IFT25	-2.44798305009427	0.0520262060912002	0.42747133617852
PPME1	-1.39403789377596	0.0292652483645832	0.389603822779188
ASB3	-0.0920212368737694	0.760337197365583	0.922806609669774
RBM7	0.340718780571443	0.191405949173529	0.607275011991342
AP4S1	0.0434209949405293	0.943457831354514	0.984199096269871
KCTD3	0.365969905273673	0.40303286004562	0.751771551284608
NUB1	-0.380054696264622	0.196225416109748	0.611427021211534
YTHDF2	0.378627513233528	0.272432895052423	0.667879959364549
CTDP1	0.885232218700601	0.120540043792812	0.540502622197605
NME7	0.228040310132641	0.351805197577787	0.721737762206338
SUPT16H	0.490955427470162	0.0425262901729014	0.40948317655537
UCHL5	-0.031622309041218	0.900974716073293	0.971594224377842
CD2AP	-0.129178472719335	0.59806801350134	0.861249985953034
ATP6V1D	-0.0853055174262991	0.883293686688075	0.965853182188932
TNPO3	-0.55159991453603	0.13244143682477	0.553948585409127
CERT1	-1.78536471545139	0.0191291031063446	0.346087409894338
GMPPB	-0.531874214420604	0.394459422468588	0.746963035611192
GTF3C5	-0.0879563316200844	0.826491951499256	0.944838403282686
GTF3C3	0.0192564155677957	0.97277855723473	0.993574298363263
TRAPPC1	-0.0452039806614835	0.903114146183302	0.971594224377842
CDC42BPB	-0.291034213111395	0.373650756585088	0.736004696892294
USP16	-0.0790866907709535	0.848785002823897	0.952943997948501
SNX5	0.271540430433834	0.293126420918557	0.684612168799927
NUBP2	-1.03477158728266	0.0207443782887664	0.357972522038886
MRFAP1	0.696924412332514	0.0300745593689453	0.390696692708353
PUS1	-0.141823875629555	0.561278849461167	0.840917108790782
FHOD1	-0.674509368592705	0.0211147789652616	0.358524681461627
PSAT1	-1.09350770447846	0.168190183643001	0.591792226678056
KPTN	0.56243662950039	0.405815047044726	0.753284045352514
COPG1	-0.213079995722367	0.376536923481551	0.73790146091338
CLIC4	-0.12318563223582	0.632714425354762	0.872289845792073
CFAP20	0.620310123410423	0.0451400014957898	0.413863553159694
TACC3	-1.44758824828169	0.035067589686068	0.407673930944403
SAR1B	-0.594241734303555	0.482184832632149	0.801157179411994
ARFGEF2	-0.201466690541285	0.431599174528057	0.771995195703263
ARFGEF1	-1.75786677776221	0.0164659666199897	0.336814202285652
MAD1L1	0.273389054920379	0.401466438914202	0.750610251112577
STK24	0.0120714344011006	0.964828999532194	0.988742778357587
BZW2	-0.0987487802974023	0.736203911213858	0.915889062536227
COMMD10	0.44258504835171	0.0788986110023409	0.481909129701798
DYNC1LI1	-0.152721479137647	0.397591922239822	0.748393304641323
EPN1	0.643764431213242	0.0573691448930908	0.435207009702705
OAS3	0.165783664447723	0.501488124563501	0.810666467063742
IKBKG	-1.46346795488591	0.0506993337356455	0.424965175561941
ROBO1	-0.125088775316971	0.672310246462452	0.890200695081411
NCOA3	-0.393776025526755	0.156797530458469	0.584760954875469
NUMBL	0.815794191411999	0.034902138321733	0.407673930944403
DDX49	-0.211731704423823	0.480218122400563	0.800053439102062
CAPN7	0.0146358297941553	0.949585834285717	0.984432564507661
WASF2	-0.146125889369209	0.493764261858238	0.808098464448117
IVNS1ABP	-1.69091007503767	0.000381777467245071	0.0385994208939433
SEC23IP	-0.311929058684978	0.162346707935409	0.588391596897881
RAMACL	1.18092223955901	0.17939897838863	0.602108875970119
MIF4GD	-0.320659557158386	0.208393195484784	0.619584930703837
AP4M1	-0.0717202246211279	0.835098196075877	0.948098607377412
EML1	1.04234129581602	0.00116906963542689	0.0834931772534667
KHNYN	-1.20416603603454	0.290844193998902	0.683031149205504
FANCG	-0.852313115371697	0.315897451215832	0.70014294547504
THAP12	0.34538272609333	0.187818465449153	0.606310973790553
KIN	0.230214124101124	0.365452100145299	0.731170568411327
RNGTT	-0.542147824050627	0.0349112221616594	0.407673930944403
RNF40	0.15710090348534	0.457585353207717	0.789305051250135
KDM4A	0.655620295766941	0.0909564047535346	0.495931589173628
ULK1	-0.378233588351232	0.258272747492339	0.655376228131233
CCNK	0.0406699181966736	0.853734001502573	0.956829191425261
ARL6IP5	0.00308316887599247	0.992188490462217	0.997479244991763
SMNDC1	-1.35516544486912	0.316841820324217	0.701000037728169
RSL1D1	0.316969227720698	0.303572728466486	0.692500123292248
PHF14	-0.133851772192862	0.739349880670203	0.916385681285839
EPN2	0.250481533048934	0.561801164247358	0.840917108790782
POP4	-0.0529000073630606	0.883527966924237	0.965853182188932
GLUD1	0.324802163539825	0.414760049322135	0.760540815388136
TIMP1	0.857792693016147	0.334945423412777	0.713709276845858
SOD2	0.412567303574363	0.420963795715539	0.763622246299198
SNRPC	0.289862125423696	0.221701787005958	0.631754595179336
GAA	-0.479228394460549	0.365157253259874	0.731170568411327
P4HA1	0.501292063596491	0.141758584439343	0.568621187583184
CREB1	0.523032720608555	0.0406050036682626	0.407673930944403
GLB1	0.493268927998074	0.364697875607036	0.731170568411327
XRCC1	0.0230663843771275	0.916912004464169	0.973723939131262
ATP2B1	-0.465902025737226	0.738744261096776	0.916385681285839
RAB6A	-0.196244329388279	0.537951749659809	0.826730708912501
APC	0.290440832989432	0.404342586541487	0.752645916145407
FKBP2	1.21088537043076	0.24720777682771	0.649876047747177
PSMB6	0.154766596936092	0.623592367367956	0.869215489386345
RXRB	1.29798649072567	0.171188542755768	0.594128682476064
ARRB2	-0.106793167149998	0.79536429459229	0.937319690498004
PHB1	0.979715639696863	0.0438798642887613	0.411074981354409
POLR2I	0.46311080665258	0.256974746544035	0.654228188359591
PBX1	0.65636877121446	0.202627043834417	0.614457213069696
MDH2	1.01448802902042	0.271074554206351	0.666216375520293
KDM5C	0.0236595753047126	0.931612175975179	0.977948815815422
NCAPD3	0.441201132557303	0.0731610391858883	0.471833098095208
HSD17B4	0.00669330161916548	0.986327464385448	0.997301491287483
CCNH	-0.186054442404554	0.648650312102291	0.879670371833643
KPNA1	-1.84464977859787	0.0722083897749189	0.470807684107457
ZNF143	0.387621802288823	0.569564003198749	0.844869232405079
PMS1	0.175027399289032	0.522362255876571	0.817909227037688
MANF	0.124777236215731	0.706702511682811	0.905474545655857
MAX	0.701264417298226	0.0976388372196972	0.505142594169284
BTG1	-0.813702101710128	0.250517021154654	0.64988166637388
GNAI1	-0.17557775436963	0.765711780474561	0.925134792916897
CDK17	0.66008752439755	0.285905246139166	0.681103910470034
TFAP4	0.952370680933388	0.0793342409582831	0.482610561355217
RING1	0.495344147860006	0.0340371205657545	0.407673930944403
GTF3C1	-0.353353692994641	0.337844145906179	0.716149380767655
CALCOCO2	0.510669943336453	0.0662930268891426	0.456826948114284
ERCC8	-0.291736037345501	0.346092682623268	0.718963953619299
SRSF9	0.3021405286704	0.249819640571074	0.64988166637388
MTM1	-0.0342581395091521	0.899412494053662	0.971482975240077
NFYC	0.327829411011482	0.195533104108576	0.610597202372459
DAG1	-0.148466936147614	0.597194271394814	0.860856643311331
DHX34	-0.265046418514828	0.243870923186632	0.648212429377983
TFDP1	1.08896002997596	0.0882470652414478	0.494735828602641
HLTF	0.0782517859502114	0.696251109787758	0.900899415743094
SAFB	-0.00460404912046641	0.986122119981605	0.997301491287483
RBMS2	0.728275716587564	0.0237810855019117	0.365756408783039
NCOA2	-0.334911037701019	0.365520708811241	0.731170568411327
NHERF2	0.462795603210164	0.161284981248811	0.588391596897881
TRIP4	0.0899808661890233	0.787148464010719	0.933206064308269
CSRP2	0.264664174185196	0.365846191683056	0.731352219543069
CPEB4	0.387459145666398	0.162177275375649	0.588391596897881
LARP7	0.295911184359035	0.277483160520559	0.671834228737841
ARHGAP29	-0.297637645947638	0.393159262811136	0.746963035611192
NCBP3	1.0934794509505	0.0630819626277512	0.448351139337736
NOL9	-0.184333985184082	0.62835987871667	0.87054442985957
UBAP2	0.101975371613584	0.706746848746445	0.905474545655857
MBNL2	0.813322417334341	0.156426634260262	0.584760954875469
UTP25	0.119812575833294	0.787490830603169	0.933354622820736
BLTP3A	-0.087153544753054	0.846163582885381	0.951784908463282
RINT1	0.0936730042720306	0.884801989256194	0.965853182188932
RFWD3	0.204505278455997	0.440403105594666	0.778272270804557
FAM199X	0.250663022694347	0.616039069569831	0.865990941162333
CCDC174	0.443398570750695	0.424838435189069	0.76788788201471
FIGNL1	-0.971991599586353	0.103219737088174	0.515280688997729
ZC3H14	0.00753590321086506	0.991386992397373	0.997479244991763
BLOC1S2	-1.13931034508609	0.0723645362450232	0.470807684107457
VPS13C	-0.0601295577273859	0.840571981424113	0.949674072549575
TUBA1A	-2.47070669622972	0.299840617719502	0.688638896236675
TRMT1L	0.0550601720872557	0.817013933591203	0.943281594158139
WAPL	0.509342980064154	0.089819269692963	0.495931589173628
IRF2BP2	1.33600858995954	0.00298830506960736	0.14120562416826
BCDIN3D	-0.0960732188355173	0.83413403477115	0.948098607377412
ZNF598	0.662509480076963	0.0990491948506274	0.505142594169284
NCAPG2	0.0992666539967537	0.648278052548951	0.879645195948403
MIB1	-0.0739720788180556	0.884679787611835	0.965853182188932
NAV2	0.125084936698435	0.740167564875548	0.916385681285839
WDR75	0.492335844736346	0.159977766729368	0.588391596897881
DHX40	0.298320671260804	0.238972389186136	0.642541485979859
PHC2	0.117767125381722	0.61695182036052	0.865990941162333
IFT20	0.0183096384149124	0.94861098500363	0.984432564507661
RAVER1	0.526479902939457	0.092538927761592	0.497955154148696
ASPM	-2.06638284160037	0.0837546618383242	0.486041400167727
MIER1	0.288099307163051	0.406329071226593	0.753284045352514
PLCD3	0.121144528782295	0.822733732373734	0.944590551673954
MICALL1	-0.00102939210437114	0.9972236663073	0.998875981276705
NOPCHAP1	0.302621015264286	0.128472391664873	0.552073313328935
SPRYD3	0.418113356737951	0.178000450850253	0.601514226802576
DDX55	0.4057993816117	0.163518129835574	0.588391596897881
PPIL4	0.234911157904111	0.359599521152813	0.728679326476602
HNRNPLL	0.282620409757186	0.211402648587234	0.622313205608046
DDB2	0.910615752963736	0.00608407647972941	0.2265364727565
TBC1D5	-0.619634652751682	0.216736810500553	0.625902139121813
DLG3	0.359234368561257	0.081029427337844	0.482610561355217
GGH	-0.67107837761467	0.510398150297839	0.812666865250339
CORO2A	0.359367664355371	0.19059266059026	0.607072918917124
SMARCE1	0.703935033126136	0.0188136871016864	0.344975555707813
ERGIC1	0.301830615802977	0.340316246518706	0.718581358780178
UTP4	0.256286176662734	0.393506424015859	0.746963035611192
LRRC59	0.946340921510419	0.0024440606215967	0.123640713798421
ACD	0.338397228339225	0.1752574082249	0.597740101863438
ESS2	0.909572920792883	0.0818611069823682	0.482610561355217
RMI2	0.515931257119938	0.0838703997498729	0.486041400167727
ELP4	-0.954194978559109	0.0185170604988163	0.344701182243177
HOOK2	0.267841597740322	0.321287422202758	0.702782739746678
PRMT6	-0.522476245510969	0.20070671588187	0.613441320906304
NEK1	0.659520857850403	0.139175745127582	0.561403099482742
USP28	0.05716119137238	0.828663276335716	0.945268848235718
FIZ1	-0.74177387304568	0.162707400980387	0.588391596897881
LGMN	0.285491939234181	0.376544245288441	0.73790146091338
SMAD5	-0.502410207948444	0.481684253762179	0.800634824575714
NAPG	0.460633736852721	0.151258523788171	0.579427352834153
PHAF1	-0.0282019545744951	0.928479078552617	0.977585709543647
HTATIP2	-0.116629901509185	0.607208255452938	0.865505364335267
FRMD8	-0.310977278582893	0.287802092790962	0.681117049482746
PRKD2	-0.21562030507404	0.582083038898689	0.851056466257859
NAT10	-0.0942232862864572	0.872591663620995	0.963779784568459
TOLLIP	-0.581597620383285	0.238589967006985	0.642541485979859
AP5M1	0.072967301927914	0.86186472493281	0.959611164477235
SENP3	0.454257928467413	0.0742999561206256	0.472086518174916
LDAH	-1.28444648396368	0.0526033558128698	0.427588714546957
GEMIN7	0.655011989704747	0.0171983559242576	0.33801001692146
CAAP1	0.0156160694156817	0.967254054800343	0.990048187489044
SMURF1	-0.32090282804652	0.401838325130501	0.750610251112577
ZCCHC17	0.727814663203208	0.0514128036713844	0.426210429277796
APOBEC3C	0.314590943425973	0.423848032612671	0.766419907583888
BMP2K	0.29580032454842	0.445443549805811	0.782114607272063
TBC1D22B	-0.29679488847556	0.230640046341953	0.635738589275895
MDN1	-0.258577736894484	0.659399541822764	0.884688528530412
HOXC10	0.848225588104498	0.02597306892376	0.378590496176841
ARHGEF12	-0.833211033288961	0.162969238874768	0.588391596897881
TBC1D7	-1.14775727350959	0.0821560304446555	0.482610561355217
TFIP11	-0.363978383339308	0.32193560502999	0.702782739746678
MAD2L2	-0.802228171921946	0.017636167274205	0.339629118226538
HERC5	0.189040422856131	0.530744130024076	0.822767505175557
CNOT11	0.212138594983891	0.516211868741168	0.815646631051009
EPDR1	-0.218422827270373	0.447844836255821	0.782453055275899
SMG5	-0.35411750684419	0.664907740883847	0.88783931005649
MAPRE3	0.0321047760632389	0.910627666571603	0.972056513937238
RCL1	0.157987784092686	0.554079416358594	0.836272899382925
NOC2L	-0.164363633030828	0.646227909220143	0.879415077151764
SNX9	0.228917758992292	0.348798353575919	0.720371302234254
SNX8	-0.374646530010189	0.295696651398986	0.685522848351119
AP4B1	-1.41729981050696	0.0896591005609328	0.495931589173628
PGRMC1	0.777224957905045	0.00516553511945239	0.207586925361171
CDC7	0.701410300633516	0.00635846497024584	0.231706774339467
GOLIM4	-0.147082428644069	0.57451682940749	0.84732541934948
CASK	-0.559507627902651	0.291874423098082	0.683795467029351
PGRMC2	0.939283094523994	0.265705253754834	0.662721920618205
CYB5B	1.06092377997324	0.183366039395106	0.603601583084043
HTRA2	1.02041301190231	0.00218328780064044	0.118837184085492
PLRG1	0.105402774163945	0.736521720427844	0.915889062536227
CFAP410	-0.647472197052085	0.132851134803237	0.553948585409127
FADS1	1.31807836123469	0.00147088891427918	0.0944003333044848
CDC40	0.0724077548731401	0.825932160497227	0.944838403282686
SLC16A7	1.27224407697814	0.0395012924982114	0.407673930944403
TACC1	-0.353073989926251	0.446026923582572	0.782114607272063
ECI2	0.537310170102707	0.412349210900605	0.758730671092186
STAM2	0.1749471170898	0.459999641496009	0.789305051250135
RPP14	0.0671129646060535	0.819477923694401	0.943439461105034
KIF20A	0.16095159064951	0.639799463018785	0.877555882290519
CD2BP2	0.0861995982761137	0.766628253294634	0.925134792916897
SEC24B	0.77344649695754	0.0933843295478503	0.497955154148696
ACSL3	0.250323535412935	0.690755313770549	0.899496985187944
GOT2	0.242461416428895	0.549159391625357	0.833803306179444
RPN1	1.00265428156794	0.0821175398787652	0.482610561355217
JUN	-0.961771449901171	0.00101887789059057	0.0811328690655454
EPHX1	0.839581494576677	0.0196171546364792	0.350015622144649
CTSA	0.423226070946839	0.260995550128944	0.658623946496739
LAMC1	0.650445127493288	0.282057277472454	0.677105252117859
MAP2	-0.0611213640813801	0.846912964505554	0.951784908463282
PDHB	-0.0162889145729288	0.970412384754183	0.992069216646921
ACADM	-0.418781776409659	0.331232951671215	0.711321626883317
ZNF24	0.275249429596798	0.371003909204526	0.734830405149453
UBTF	0.0244907172175246	0.958653795004081	0.985188187832828
VDAC1	1.01176539593916	0.144912935839771	0.575041133427347
ACAT1	0.203717330849273	0.831705595190963	0.947373260747322
HMOX2	1.00045766267541	0.260754248025006	0.658623946496739
SHMT2	-0.163025038986277	0.629127846293289	0.870695120393029
DDOST	1.12640984830593	0.0182944268214563	0.344701182243177
ECI1	1.45897153786465	0.398388901005579	0.748393304641323
SSR1	0.760574331137402	0.157621884480796	0.586137500639062
PPIC	3.23096921914598	1.93937623186656e-07	0.00041696588985131
VDAC2	1.09768940653605	0.0419229670382347	0.40948317655537
NSF	0.00143699388688745	0.996188742288282	0.998875981276705
TUFM	-0.130106209405415	0.772220714351821	0.927527673662801
VPS41	0.419396293306416	0.126209932397776	0.548184554859029
RBM25	0.985908624590969	0.0233564111888235	0.365024196227798
NUP153	-0.207072542665131	0.77092398502164	0.927005910400741
SSR4	0.461443204249417	0.146997417960733	0.575626411812773
UBE2E1	0.222279407391454	0.504789158253585	0.811280855028843
CTBP2	0.0342742353666061	0.895865484693336	0.969112348221722
PRAME	-0.173487925387938	0.574173591985679	0.847270571564317
DENND2B	0.0014550631333563	0.995271936011558	0.998875981276705
CDK16	0.169849194764588	0.643191911932482	0.879062970261476
PLOD1	0.590466694023938	0.451497500361515	0.78537186551558
NUCB1	1.05147195364305	0.171003532862064	0.594128682476064
SSBP1	0.374751356779008	0.28775027729637	0.681117049482746
LMAN2	0.798458216801428	0.0570495046019089	0.435207009702705
CSTF3	0.296564353216198	0.145915004659812	0.575041133427347
ECH1	-0.163329014695972	0.71921894867317	0.909436396164599
TRIM32	0.238246185939957	0.426313910243923	0.769884644327862
CBLB	-1.8676768881764	0.000476424985304598	0.0455250541513282
GRB10	0.287343375761566	0.23409205437016	0.636930723684363
TRA2A	0.509859782052487	0.0579813405880928	0.435251220532282
ZMYM3	0.489756317116612	0.10615193561828	0.520622709481761
RRP1B	0.618793947970666	0.199207024258875	0.613441320906304
BMS1	0.189745505359834	0.656805045488125	0.883819069600249
NSDHL	0.855103029192847	0.080952101195767	0.482610561355217
QSER1	0.352869253505943	0.163463997692625	0.588391596897881
COBLL1	-0.371917380631409	0.12772496759757	0.551272010297387
EXOSC6	0.344710191386813	0.226147085589771	0.634746229334594
GPATCH4	0.137526490696807	0.682344545035854	0.895326716479861
LARP1B	1.30696985554557	0.18599030900833	0.604960914323615
ALKBH5	0.0895092489020968	0.744084929948469	0.917782309737991
FBXO38	-0.39350193633874	0.173740979476238	0.595762529304484
POGLUT2	-0.653706885555323	0.0157441205818405	0.328639410203466
C15orf39	0.0926154229739282	0.797440058351178	0.938225068322716
ARHGAP27	0.782537096041416	0.110997321221702	0.525361486272479
MON1B	-0.0135657892403955	0.956806807911401	0.985188187832828
VPS35L	0.32043939559447	0.418504358807809	0.761579108697021
SRGAP1	0.234519290282449	0.443003640220631	0.780271676162992
TRAPPC6B	-0.0938301386311267	0.81664468009686	0.943281594158139
KTN1	-0.204430197109509	0.611657109291285	0.865505364335267
MON1A	-0.360474693406214	0.292136457625929	0.68382513216739
CHD1L	-0.332921606935681	0.19280681267274	0.60916186222835
ANKLE2	0.422327005672152	0.205489485172125	0.618080068275514
RIOX2	0.26268868698293	0.41837203245669	0.761579108697021
DNAJC10	2.0231193573036	9.60199209236996e-05	0.0172035691654962
SMAP1	-0.0596275258138057	0.759442583904947	0.922806609669774
STAG2	0.530959920904714	0.0587706826592673	0.437221341582785
FBXL6	0.815404902593876	0.111883113460741	0.525857562296852
KRI1	-0.175495225820057	0.602793541924683	0.864580463734535
COLGALT1	-0.0432101762328294	0.953996678624152	0.984918539756027
LSM14A	0.0929592298417816	0.723550712962392	0.911860511646625
ATL2	0.147072469434711	0.673946692051784	0.890310746383963
SMARCC2	1.27979938108904	0.00126444596498197	0.0876954459584271
RDH11	0.917348414868762	0.268666718366631	0.663827930574637
HM13	3.13820900925888	5.65214458350601e-07	0.000810140723635862
NSMCE1	0.551088706944164	0.194488530600007	0.609310557054631
LEO1	0.295641880049352	0.386910919462448	0.742759464793356
RUFY2	-0.403994705985717	0.31205607726573	0.69778530017818
SMG7	0.0613925123785215	0.7841120818882	0.933206064308269
WASF1	0.707987796482254	0.48827219038487	0.804389541574896
SEPTIN8	0.543441585361496	0.239235532317351	0.642541485979859
TAF15	0.630144321434081	0.104830292805459	0.5187229678521
POP5	-0.361509945134166	0.259464040562526	0.657451605432448
BORCS6	0.167272570403874	0.458795633534021	0.789305051250135
INTS4	0.890381371340048	0.0337763698946644	0.407673930944403
FUBP3	0.521818634476016	0.0815037760947287	0.482610561355217
CLPTM1L	1.35165508419967	0.00117076098247841	0.0834931772534667
LRR1	0.556956314040722	0.0388755819211084	0.407673930944403
SNX27	-0.221561080170815	0.337879941982773	0.716149380767655
KIF16B	0.832777376914422	0.086835822000113	0.49305352512472
IFT74	-0.378012057845805	0.132518461727539	0.553948585409127
CIC	1.39989125722026	0.0107356933664638	0.292921055950138
GFM1	0.467238090487303	0.544235446423753	0.831372954574712
IFT140	0.305715207338213	0.268013912712761	0.663827930574637
LYSMD1	0.240137284437274	0.351026175566393	0.721171789266837
KCTD15	0.173470619317669	0.407060522589352	0.753815782572874
CDC5L	0.208803569410961	0.535612077388244	0.825773659655819
SCAF11	0.0607704037073482	0.800202114288177	0.938225068322716
PRPF18	0.348625026191119	0.18370174508164	0.603601583084043
ATXN2	0.35869248085482	0.201653448383297	0.613456587803479
HSD17B10	0.299345749788422	0.506989373145149	0.811280855028843
MGST2	0.639048222344798	0.054575716919477	0.428296332299319
EBNA1BP2	-0.169130863424542	0.610289695224394	0.865505364335267
VRK1	0.159063994560377	0.52557873331182	0.818836432333632
MAPKAP1	-0.344876099573394	0.176036746148142	0.599333340013467
SDF4	2.03834235010342	0.021943160304852	0.359691718000866
TRIM56	-0.130702193280904	0.834819795590465	0.948098607377412
PAXX	-0.859600992128524	0.0350741342943072	0.407673930944403
UTP14A	1.09158882885952	0.471852578548216	0.796509299411747
BTBD1	-0.351740216342773	0.213729246957787	0.622956311852441
OSBPL11	0.171165830111782	0.570832016898386	0.844869232405079
RACGAP1	0.644347118567701	0.0356595031503388	0.407673930944403
PNN	0.393988782385001	0.194745954968736	0.609310557054631
TMX1	0.544021796025696	0.247653349649168	0.649876047747177
CCDC86	0.653840312420456	0.0129791668432073	0.311790041484868
NCKAP5L	0.1404919974729	0.602437888962106	0.864580463734535
APMAP	1.33475720657945	0.145983887756685	0.575041133427347
DIABLO	0.68780329767873	0.044809285308472	0.413341075956592
RAD18	0.610194673725424	0.0981139739551912	0.505142594169284
MRGBP	0.434691360626857	0.224399015076175	0.633146827314666
SLTM	0.436110840540145	0.150229569992123	0.576774241934042
GEMIN8	0.187934925786859	0.455685237449719	0.787558891090753
OSER1	-0.308746138956536	0.412972568572752	0.75932896795836
CDKN2AIP	0.416214273949119	0.153853448519586	0.581344313386837
UGGT1	1.3350709147316	0.00515922207735344	0.207586925361171
TECR	0.0996838296398828	0.892500427891696	0.966743600778304
CNOT2	0.271348984982623	0.24753269206102	0.649876047747177
CWC15	0.698377619629621	0.0385554341142529	0.407673930944403
VAPA	0.136843865962867	0.775257808198172	0.92967812869885
SEPTIN10	0.0256264288717567	0.92011453803928	0.973831588421252
DHCR7	-0.143320294847179	0.72111356495008	0.910389996854182
SSR3	0.825221329085487	0.290515463815894	0.683031149205504
DIMT1	0.0549231064081468	0.847088568532321	0.951784908463282
NIP7	-0.213870610066433	0.694306410508462	0.899496985187944
SSX2IP	-0.477258843111681	0.0867693319111653	0.49305352512472
GSTK1	0.29750314577921	0.551712371063708	0.835679359895978
WASHC3	0.225568217204149	0.548740152528953	0.833803306179444
RAD54L2	1.15283847751319	0.458224309856533	0.789305051250135
WASHC2C	0.159051274858339	0.917483036745941	0.973723939131262
TSSC4	0.929866544773844	0.0532684959271498	0.428296332299319
CTIF	-0.186142478463545	0.885023246546885	0.965853182188932
SNRPB2	-1.06232872716119	0.222123462983724	0.631833998082253
TIA1	0.155655339383873	0.766442257055546	0.925134792916897
NCBP2	0.652168255397729	0.0625841608668819	0.448351139337736
CENPE	-0.332271686416988	0.32066651683073	0.702635810450542
KIF23	0.211081715891673	0.459701525429229	0.789305051250135
HSP90AA2P	1.96760352684886	6.98085431790298e-05	0.0147316983541856
EIPR1	-0.205715921084188	0.503252817030553	0.810666467063742
ZMYM1	0.202324709662886	0.397173634368151	0.748393304641323
LIN9	1.0153564998912	0.101440086799836	0.51136268843997
DAB2IP	-0.295870543188261	0.180651927723793	0.602108875970119
FRA10AC1	0.175289843801483	0.443747884431544	0.780682872963454
KHDC4	0.229563300889652	0.478024790532563	0.799577910098332
ZER1	0.141448547170469	0.728662891778102	0.913100437203699
SYMPK	0.103138581520057	0.839850394251356	0.94927632820028
EME1	-0.439494598957808	0.188891190907474	0.606562538147546
DDX27	0.103796765284944	0.825269280942054	0.944838403282686
MTMR9	0.146704622206535	0.650184628357174	0.880010671053147
PHB2	2.81860398759362	0.0767143257956748	0.47478654892838
IFT56	-1.52931882265928	0.0747653299714227	0.472086518174916
ESYT2	0.212408615141094	0.445760296953385	0.782114607272063
MED19	-0.722617593716755	0.173471530475751	0.595646165313684
ARHGAP10	0.294854312382832	0.523773930102936	0.818836432333632
MEX3A	0.253554347301623	0.386812179838965	0.742759464793356
TRAPPC13	-0.346266266669556	0.363017955473437	0.73079457328454
SMCHD1	-0.102084766411757	0.700366366556879	0.903518168677564
ARHGAP42	0.155655855101465	0.711303963548722	0.906395428309831
WASH2P	0.225603771104392	0.335717593695571	0.714646362817304
AGPS	-1.00096742391604	0.00947265503086716	0.286085797988776
MEN1	0.53152841598359	0.3394522331092	0.718329036599194
HIP1	0.203151855733473	0.693600039937946	0.899496985187944
MEIS1	-0.761801719065396	0.0707031603396704	0.466293848865924
PES1	0.280855314875069	0.338601324102549	0.717234331842837
NOP56	0.765927965334605	0.408184924104659	0.755572610266911
E2F3	0.467431425606371	0.261921307781512	0.6589838692116
PIK3C2B	-0.0520898886155621	0.911257573427655	0.972056513937238
ARID1A	0.839526220481805	0.10199813510227	0.512099284686816
FCHO1	0.899844867435689	0.0961031621283663	0.503341774850152
CIT	0.169416068521535	0.615790315244014	0.865990941162333
STX16	-0.337680483442444	0.582076149425107	0.851056466257859
KMT2D	0.481678482502033	0.465553487518133	0.793766850248997
MEIS2	0.389937932936324	0.360551974837125	0.728679326476602
VPS26C	0.00164282798910875	0.997249904097883	0.998875981276705
U2SURP	-0.0197022537278428	0.948415552365343	0.984432564507661
SETD1A	0.317930867048592	0.701548772744852	0.903805804925091
CEP290	-0.436210975601369	0.52870348439366	0.821712486239686
SCAMP1	0.588179772524438	0.343539166838625	0.718581358780178
NKRF	-0.86554059460105	0.0392489213175029	0.407673930944403
CASC3	0.553485781305373	0.178162495384357	0.601514226802576
RER1	-0.309975029398021	0.42921884241672	0.77008628610088
SURF4	-0.024360029629662	0.974067142595704	0.994387105865651
RAD51B	-0.800893608182047	0.110520822695838	0.524769151843194
HDAC3	0.295746556582397	0.37635343778274	0.73790146091338
NVL	0.555283649924039	0.0803765670157308	0.482610561355217
YY2	0.781353482126654	0.0383184006402227	0.407673930944403
STX7	0.365362836712798	0.175067920268364	0.597740101863438
FOXP2	0.434846405822331	0.143406914344978	0.572562424961381
POLR1G	-0.307761764034659	0.651313502146456	0.880430072062169
OGG1	0.280879230540766	0.511947462545123	0.813159871614722
RBFOX1	0.343821808726627	0.21269581085694	0.62238606702849
SART1	-0.161893653945196	0.760878501354744	0.922927378230014
DAPK3	0.321297711730814	0.266537675715264	0.663827930574637
PRPF3	0.185824860150944	0.417992935699196	0.761579108697021
SYNJ1	-0.277753557466564	0.282272942884259	0.677105252117859
RAD51C	0.0740278542604784	0.902436739905978	0.971594224377842
B4GAT1	-0.442447331604981	0.240739811407239	0.643790515148184
XRCC3	-0.440520211875977	0.109635481613329	0.524769151843194
PRC1	0.371147365535396	0.228641454110144	0.635628158258116
STX6	-0.409202131485138	0.661408331376688	0.886088400269982
SYNGR2	-0.481211746582726	0.194709668855685	0.609310557054631
KIF1C	0.109955793941438	0.737496021161155	0.915889062536227
ORC4	0.189133338478456	0.437935289122119	0.777301287934485
RAD21	-0.226965773213873	0.420525519779455	0.763300859034047
MED14	0.0914236917691227	0.803525590015562	0.939412734384697
URB1	-0.7834250973638	0.59778307178753	0.861128043111015
ZFC3H1	0.313507923615827	0.285122912974791	0.681103910470034
PIP5K1C	0.499799154532653	0.389423172300274	0.743754481016311
PPL	0.107675098367061	0.731127967414928	0.913113639234443
STX10	-0.239066180831646	0.446393449015735	0.782114607272063
CCNT1	1.76608656654144	0.0152603996520904	0.326466261213875
PQBP1	0.655444791791808	0.0220532343036764	0.359691718000866
BRD4	0.630508511173193	0.0413542925503222	0.407851967812811
OPHN1	-0.20273871003435	0.594379926054165	0.859681695941107
RNASEH1	0.0338943480193592	0.889472884088377	0.966655937419561
NBN	0.718903969337617	0.0068179870267439	0.242292100950403
DEPDC5	-0.234581826168622	0.647903945213206	0.879415077151764
HIP1R	-0.363918613774306	0.234799595499651	0.637278963520212
ZC3H11A	0.0143004161349793	0.959773739573783	0.985676398415874
DNAJC13	-0.261142513942559	0.506922591071119	0.811280855028843
ZNF217	1.10460926319969	0.0628625977656145	0.448351139337736
PRPF40A	-0.0130866334931206	0.956907313862473	0.985188187832828
SAP30	-0.166789156031125	0.726334490411462	0.913100437203699
MED24	0.220565240211666	0.46217292933013	0.790882496373845
KATNA1	0.782036599247718	0.360249333600471	0.728679326476602
SRSF10	0.458485153027393	0.127479764389288	0.551272010297387
TADA3	0.215063437249331	0.35813491712617	0.72709166366503
EED	0.129960608596534	0.525271886163812	0.818836432333632
RAD51D	-1.16238554263169	0.031580403969717	0.397063558683576
ZMPSTE24	1.16651159118764	0.0560517033433153	0.433992408361523
PIAS1	0.490850469193926	0.0383545593216638	0.407673930944403
PIAS2	0.0228165123313602	0.909685286711147	0.972056513937238
RAD17	0.236728637409964	0.318004184057472	0.701000037728169
DXO	-0.0968405620225781	0.74808362653051	0.919599655254772
RECQL5	-0.081869572847058	0.811327329963156	0.941113439126401
USP1	0.518979540718803	0.0429683351473246	0.409787917993474
TOX4	0.948910085666242	0.359594098168901	0.728679326476602
SUPT7L	0.31359292001131	0.400116498681979	0.750000411653229
UFL1	-0.768421227541452	0.0566139934709188	0.435207009702705
SORBS2	0.0102270914827081	0.979579235787474	0.994849011309905
PRPF6	0.657879624625963	0.270171765598734	0.665975276094515
PCF11	0.771753381602746	0.00513872398426296	0.207586925361171
KDM4B	0.549706129730154	0.318735096493464	0.701772101854528
YIF1A	0.229280441647873	0.43369909769888	0.77407705054691
SNUPN	0.220162205040982	0.471941349773778	0.796509299411747
MBD4	-0.0863152613579885	0.716691393288895	0.909172562010841
KAT7	0.567678688040772	0.0873736711965201	0.49305352512472
ZBTB7A	0.774496210673895	0.18528888451902	0.604192608419631
SLU7	-0.206033225799693	0.516018386754913	0.815646631051009
YEATS4	-0.186521202623766	0.652297960419933	0.881206795414927
WIZ	0.468772631892083	0.1631689232365	0.588391596897881
MAP4K4	0.219143738913111	0.49226166336986	0.807032626714598
CRYZL1	-0.466736671653791	0.495097771518465	0.80869749708786
LATS1	-0.0610592428455519	0.931937371501984	0.977948815815422
MBD3	0.429523607741988	0.181174500057219	0.602980147249259
TOP3B	-0.27991047486892	0.336108415707243	0.715124288738815
LDLR	-0.73679444579437	0.091660327481704	0.496398608886871
OAT	0.626374606737912	0.31189930276043	0.69778530017818
RPN2	0.850450724143656	0.233128523742718	0.636477874345199
SLC25A5	1.07020882802229	0.0309322761678729	0.393719796017556
POLR3D	0.0533439071980624	0.839601625749371	0.94927632820028
RB1	0.847739403131634	0.0192349092474297	0.346087409894338
LPL	1.11163417497378	0.0818186816434297	0.482610561355217
LAMB1	-0.221567211349775	0.508599939697701	0.811280855028843
SRPRA	1.17380731468543	0.0420071440638131	0.40948317655537
PDHA1	0.0503214587858523	0.917263545665968	0.973723939131262
FGF2	0.38253309841658	0.595799492417883	0.859981440756614
SRP19	-0.509859461688606	0.224298232682493	0.633146827314666
DLD	0.232059564065338	0.55999997460616	0.840488618082544
ZFTRAF1	-0.131040919736471	0.667136832590292	0.888305548125059
MYBL2	0.549084770207056	0.0940416494025876	0.498003808412718
DLAT	0.722429559974024	0.317230916196362	0.701000037728169
NR2F6	1.23855211397201	0.141544317291542	0.568291843467444
LAMP1	0.940941126448358	0.176568942471399	0.599614300566034
VDR	0.299982978551572	0.166679869469697	0.591792226678056
ESRRA	0.47526431205042	0.198764041044553	0.613441320906304
PC	-0.644641585112939	0.349514138178646	0.720870942293607
IGF2R	-0.0999193283853472	0.677973844204505	0.892343902687289
SRF	0.967856348426025	0.0245312503249667	0.369222289841785
SLC25A6	2.04969895688477	0.00909865589321138	0.286085797988776
SRC	-0.774714241784022	0.265588829823085	0.662721920618205
NR2C1	0.528541689664117	0.179069278397537	0.602031193987029
ETFA	-0.600250589542938	0.384756311140128	0.742759464793356
MTHFD2	0.603443538960533	0.404284026047117	0.752645916145407
B4GALT1	-0.28846612056282	0.308136886060786	0.695137440309128
FER	0.254761880717872	0.381495670223631	0.741220561195379
ATP2A2	0.820366230937125	0.017996122596314	0.342404102496239
ITGA2	-0.0588972927460176	0.89221527210667	0.966743600778304
PTPN1	0.113616705529918	0.785717879912266	0.933206064308269
SON	0.0928142673050054	0.868469255702579	0.961240102836831
ATF1	0.440434162647552	0.222829710520314	0.632073302197091
ERCC3	0.00878212834017944	0.976372268268315	0.994810011799896
CCNA2	0.00571099174413803	0.980067937333694	0.994928798989959
MSH3	-0.182495957737661	0.501806854740398	0.810666467063742
M6PR	0.202797124769955	0.647747438618349	0.879415077151764
ME2	-0.343955521173182	0.754782565973423	0.922406672647225
ITPKA	-0.960742543349227	0.390537137908929	0.744704963640085
CCNC	-0.251818238395977	0.489317665202975	0.804389541574896
CCNE1	-3.45451319847909	0.0164546584278412	0.336814202285652
BRD2	0.953098672707519	0.00935888232408335	0.286085797988776
ATP5F1A	1.30715961344056	0.0170742467914444	0.33801001692146
TEAD1	0.350272103589809	0.385175172501963	0.742759464793356
ECHS1	0.769273571347238	0.265192799481882	0.662211984768926
ALDH1B1	0.642289226469202	0.283283114649255	0.678425223706591
SDHA	-0.393086138036573	0.751281807177606	0.920961847265052
CORO1A	0.220083272564498	0.796400894530156	0.937778299000043
HIBADH	0.125180643648722	0.870363806746197	0.962346199282244
ELF1	0.522554047645674	0.0455697204189183	0.415147876697773
GTF2H1	-0.229019356141936	0.626511228948894	0.87054442985957
BMI1	0.750625994355239	0.0499654360660072	0.424264316752528
RFC1	0.701007967196865	0.139576701034441	0.561649976962724
KRT9	-1.2111883104298	0.0503149635567892	0.424511694701089
ACTN2	0.12501800175756	0.694518704372679	0.899496985187944
LONP1	-0.0669651173757799	0.887778199417802	0.966229527958748
DLST	-0.366182927916217	0.719665165495373	0.909629691837185
ZEB1	0.649323640723921	0.0148800405213327	0.325301125047877
COIL	-0.429900959251757	0.371975241448479	0.735399327921131
CDKN1A	-0.633259191488492	0.400904921077133	0.750496804802644
CUX1	0.856793635734348	0.0886825149780629	0.494768890560664
PBX3	0.601767548818177	0.288270257274998	0.681117049482746
BUD31	1.13284237715891	0.00191436306094523	0.108312646869269
ELK3	-1.3401824344474	0.0288236485364086	0.388238380304969
ACTR1B	1.25782064346533	0.374560415336718	0.736906114602075
PI4KA	-1.11694217609948	0.302365090641577	0.690844787331977
MATK	-1.18183045225555	0.119588631891479	0.539591938230179
HELZ	0.66594382966808	0.291136611647651	0.683344667076909
RBM34	0.552686848654552	0.20333275085335	0.615725935682679
LRPPRC	0.211609087042604	0.694704532048642	0.899496985187944
ACAA2	0.529830578810635	0.540590339945964	0.829008010616136
SLC1A3	0.898689893985825	0.0364671184836528	0.407673930944403
GRK6	0.226310487306726	0.418509178037955	0.761579108697021
PTPN9	-0.0127431246883845	0.968307851468795	0.990419543605095
TSFM	-0.133368667566266	0.720097724518012	0.909908967213474
MKI67	0.218800505850222	0.597666586898868	0.861128043111015
ATRX	0.557984102469696	0.159872264092977	0.588391596897881
NOTCH1	1.04586727327634	0.000739904232472008	0.0649303714210129
BRCC3	-1.03200681359986	0.0203825998068435	0.355347122046989
UTRN	-0.0833598098666144	0.911689831118242	0.972056513937238
RFX3	0.505562523488653	0.133989233416867	0.555471731362771
RFX5	0.677568172107826	0.0221361768476446	0.359691718000866
LSS	-0.872190795551454	0.0577272004325442	0.435251220532282
TRAPPC10	-1.02436074813999	0.00593808420823168	0.223980369257862
IDH2	-0.343034131145746	0.586447577404668	0.853984903409427
CDK8	0.534199143564877	0.0873524808007013	0.49305352512472
CENPF	0.127108891805605	0.88914986006578	0.966655937419561
ACADVL	-0.508319093490229	0.341049069266135	0.718581358780178
YLPM1	0.774794987360181	0.0421347367435099	0.40948317655537
WHR1	-0.372505772919393	0.433843184143733	0.77407705054691
LIG3	0.458014608999068	0.228601770951145	0.635628158258116
IDH3A	-0.454979821873998	0.453041082890576	0.785667545850448
EMD	-0.0730801668387784	0.808396287892126	0.940046116748535
TOB1	0.623773949148358	0.308553595988554	0.695377601022423
DNA2	-1.11640767418016	0.00762143804257968	0.26009669510391
SMARCA4	-1.01236355816179	0.218837471357202	0.628591267091494
BCAP31	-0.169811583337534	0.744684297366477	0.917782309737991
VAMP7	-0.444333773922025	0.348961261059058	0.720371302234254
MNAT1	0.671343618459542	0.145501475983686	0.575041133427347
NEK4	0.852251376172447	0.137236815518852	0.557767775738245
RBM5	0.384118544177813	0.242854678947077	0.646508913264819
SMTN	-0.0751678398315683	0.766873200167643	0.925134792916897
PMS2	0.782028292800874	0.0127456153638349	0.309639243302203
PRRX1	0.247766476842887	0.577378993655674	0.848409439122116
ALDH18A1	0.64552282426115	0.48924639887414	0.804389541574896
NR1H2	0.0368428865562151	0.892796164981433	0.966743600778304
ELL	0.345527779766979	0.320559152649077	0.702635810450542
PKNOX1	0.536230741984337	0.0573865987212637	0.435207009702705
HNRNPH2	-0.556270795790908	0.659601738633234	0.884688528530412
OXCT1	0.194610504346908	0.856492034655269	0.957282281855406
RRP1	-0.463793845990917	0.331422454955244	0.711321626883317
MAZ	0.632133244736806	0.248582488805788	0.64988166637388
POLE2	0.578515831613743	0.103295803236289	0.515280688997729
TMEM33	-0.31816662269717	0.347110229979966	0.719274051502515
ANAPC15	-0.383123924086309	0.513731447336505	0.814544698947998
SPCS3	0.82086244751223	0.002537784495996	0.125430727963021
ATP6V0D1	-1.10078608421348	0.0525825695263198	0.427588714546957
TRA2B	0.892101680187686	0.0195140807267855	0.34962727968824
FAM193A	-0.273978430068464	0.616628342233762	0.865990941162333
NOP14	0.165264698253822	0.53574813726551	0.825773659655819
PITX1	-0.171880672202619	0.52974875089207	0.822353656619459
NTHL1	0.64006870269473	0.0492449140218658	0.424264316752528
LSM11	-1.00288987510422	0.0245516573777281	0.369222289841785
TXNL4A	1.01220207121399	0.255956616799388	0.652904492430435
RPL36A	0.015850516823491	0.975424375009608	0.994387105865651
ERH	0.285629585237711	0.540498525407298	0.829008010616136
RBM10	0.432136245168614	0.185332569884998	0.604192608419631
ATP2C1	0.440586517831431	0.719183763767584	0.909436396164599
SLC25A3	1.0087721916859	0.0951090359756298	0.500683600098711
U2AF1	0.93117211362032	0.0892768372399834	0.495931589173628
FOXK2	0.215218976358788	0.312485031975342	0.698254619385614
MEF2A	0.257265973862307	0.45962525229638	0.789305051250135
SP2	-0.704315237509288	0.259697309410828	0.657655141617527
SP3	0.411716031391656	0.619708523088503	0.867430549896017
TOP2B	1.02019215435545	0.268330228925234	0.663827930574637
MLLT1	0.390868153092892	0.124752090126205	0.545763041795239
MECOM	0.553481234940442	0.0643196929566943	0.452440138730942
PPARD	-0.41498894440603	0.45133592012881	0.78537186551558
NOTCH2	0.378143094775634	0.0831695148370363	0.485379448272922
SRSF11	0.847593819880508	0.0465835928937611	0.417090836117036
RBPJ	0.511594781648576	0.106304449380011	0.520622709481761
MEF2C	0.923111772210131	0.350544451240914	0.720870942293607
RAD51	-0.0963436392630506	0.779878379734946	0.932493586796304
FMR1	0.368203184241949	0.169057340617299	0.592255632862865
KHDRBS1	0.247105311969424	0.230412992604214	0.635738589275895
SLFN5	0.671364527445341	0.0470845287221998	0.420048700218795
EP300	0.555443671587547	0.0202054434658805	0.354626150625658
FAAP100	-0.103457587237234	0.867051873682659	0.960770550024801
NEXN	0.204407840352026	0.404503695507165	0.752645916145407
PMPCA	-0.308933954953929	0.479954318865808	0.799923864776347
ST3GAL4	0.155323811855212	0.654368031046344	0.882616854924491
TBL3	-0.0413956310022137	0.879578857532637	0.965158789421015
SMARCB1	0.363914347503719	0.147702485095096	0.575626411812773
BPTF	0.385776796445985	0.281276530659749	0.676216178210713
NFIA	1.03583477577104	0.00359626942612044	0.157795495227734
SFSWAP	0.158300952316157	0.672315771571071	0.890200695081411
CHD3	0.977977247975431	0.0642688487832199	0.452440138730942
EPS8	0.269282799618669	0.552669917151759	0.835679359895978
ANK3	-0.0968675960670247	0.773236015446666	0.928228605924249
DLG1	0.178751230827562	0.710900628295033	0.90632419683087
IFT88	0.752642195985604	0.0181606570799328	0.344012446888595
CHAF1A	-0.0932038571268983	0.71073417182066	0.90632419683087
STK3	-0.122371222133985	0.826166547781355	0.944838403282686
GPS2	0.563393361569837	0.0397104423552149	0.407673930944403
MAP3K1	-1.84303074845047	0.0320948897820495	0.399887807238751
ATM	0.156250691628099	0.501393768560906	0.810666467063742
MTA1	0.85357873640449	0.00618499200160862	0.227311671853992
PPIL2	0.19462209969128	0.487086261967009	0.803719703918238
TMED1	0.369501218828397	0.310491748529583	0.696457108720414
TOP3A	0.9248273957257	0.058202198094433	0.435251220532282
SMAD4	0.32056608674166	0.389601371129279	0.743754481016311
NAB1	-0.102279817686565	0.730548007346076	0.913113639234443
ATR	-0.55317755449731	0.106174176363437	0.520622709481761
MOGS	1.11382269761398	0.0101577585350297	0.292474163605195
RUNX3	0.13533051301226	0.878047550650576	0.965134066410398
THOC5	-0.490908222442595	0.251779631680445	0.651348590796209
MORC3	-0.0658552957080403	0.755515418851983	0.922406672647225
WRN	0.713130001523567	0.0768210184858688	0.47478654892838
BTG3	0.159859297409799	0.766689486837848	0.925134792916897
GRB14	-1.31369706783428	0.0130539613078277	0.31184463124255
DHX8	0.157204490315525	0.69959255938316	0.903417799824216
RASA3	-0.00565140701548472	0.977325526342151	0.994810011799896
MDC1	0.321175127758629	0.602730786006396	0.864580463734535
MELK	-0.546581384568292	0.212738611320973	0.62238606702849
GSE1	0.249815135336551	0.378666797109776	0.739785201077709
DIP2A	-0.789746465843599	0.306076716153911	0.694527640876949
PDCD11	0.168836031649118	0.836769835431801	0.948976363809761
CBX2	1.30066605842729	0.332313262952304	0.711552223864685
GOLGB1	-1.15441331691274	0.180662123726747	0.602108875970119
KIF22	0.0550227109561057	0.920986799547856	0.973831588421252
MEF2D	-0.445472452492737	0.290571226727666	0.683031149205504
NFIX	1.08227652612777	0.027443328312854	0.383218525475138
ZNF638	0.0122261988445338	0.972466800846807	0.993491861164474
SHPRH	1.48118464904365	0.0166424353468276	0.336814202285652
WTAP	0.439860066365494	0.210342761325193	0.621631528315002
MAD2L1BP	0.428192478386894	0.276852955255524	0.671538602594907
RRS1	0.187408760765393	0.380954012440721	0.741220561195379
BRD3	0.761515796266007	0.0224655449744747	0.361226844945409
PCOLCE	-0.670496567459701	0.103740123308719	0.516734714361722
PWP2	0.393776761175339	0.582306972162091	0.851094486844661
RNPS1	0.382678916951836	0.524367183077205	0.818836432333632
TMED2	-0.289556638741274	0.42848069859639	0.77008628610088
PUM3	-0.968598484085742	0.0119484772547772	0.298711931369431
SF3A2	0.760878025036778	0.0534881835898951	0.428296332299319
TERF2	0.430174036875226	0.177230761213587	0.600545526570864
TGFBI	0.325862554430564	0.246572769319814	0.649273060670667
TGIF1	0.635192935767613	0.0697985998761162	0.465440739473335
MED1	0.862671841100287	0.126484774202126	0.548823944570275
HMGN3	0.621038110632291	0.353400926956867	0.722598186359737
JMJD1C	0.168334818468999	0.519098804829398	0.816133404302162
ELF2	1.35005502098577	0.00911576699701623	0.286085797988776
ITSN1	0.0780520635942423	0.85726461038787	0.957282281855406
VAMP3	0.441179328988973	0.262660316369649	0.659334127489486
ATP6AP1	0.116912642793423	0.77173054099415	0.927197911783974
EZH2	-0.0824420294995463	0.767136343654933	0.925134792916897
SNAPC1	0.729112171381349	0.0613828372717262	0.444353872505762
SYPL1	-0.117836288594482	0.736106108991153	0.915889062536227
NFIL3	0.227938284895728	0.518437951673539	0.816133404302162
IFI16	0.269240645503096	0.345535513239035	0.718963953619299
MAN2A1	0.784572892854499	0.0679044207708161	0.462007926130552
UPP1	-0.00462679054276194	0.992740035728326	0.997479244991763
CYP51A1	-0.889022654811711	0.467274549096652	0.795182963073704
FAM98C	0.546211564315264	0.0154661310080692	0.328639410203466
KNOP1	0.399573945297057	0.276696118489085	0.671538602594907
MTHFSD	0.179742089665883	0.711415016405972	0.906395428309831
KIZ	0.574833037245199	0.298859793239779	0.68721770638024
RALGAPA2	0.233363886767044	0.507890822609748	0.811280855028843
ASTE1	-0.649412710905665	0.295611420013023	0.685522848351119
CWF19L2	-0.0363857785093096	0.88616802546432	0.965853182188932
FHOD3	0.48211521085112	0.366734774783562	0.732058045703289
UVSSA	-1.55190407645902	0.00844389806280008	0.280582984044851
GFOD2	-0.280336900629489	0.437019838019479	0.776843862539794
CHD9	0.555927492990488	0.263420512877994	0.659987426149755
GON4L	0.860398863067829	0.145929987532853	0.575041133427347
TPRN	0.49304182934959	0.492289902295905	0.807032626714598
ARID4B	0.443749765111932	0.130130321231838	0.552920321119092
LIN52	0.881473305971248	0.0407860308573768	0.407673930944403
KLHL12	1.47294955737677	0.370468014103577	0.734107124721374
GLE1	-1.05140031113888	0.0939549174507073	0.498003808412718
USP39	0.467021615106695	0.116580622897855	0.537295475306301
EAPP	0.61304903290408	0.0290819322345532	0.389571054855386
PAN3	0.396909843184126	0.322122236522248	0.702782739746678
ODF2	1.36450999728343	0.0447031154918756	0.413341075956592
SH3D19	0.34695128836184	0.271560212819027	0.666500522329805
DOCK11	0.447651081157954	0.201985220946638	0.613456587803479
AMER1	-1.09048960601221	0.0508195896320501	0.425144426882909
TEX30	0.0506858671357264	0.904607576815364	0.971594224377842
HABP4	0.329477390160701	0.334840475753119	0.713709276845858
WDR45B	0.034089172342874	0.904566354738089	0.971594224377842
DNTTIP2	0.442266657541019	0.572296611714306	0.845661659921482
SNAPC4	0.439571512453966	0.162388993362341	0.588391596897881
NHSL1	0.328684672664835	0.3132264522353	0.698948492273893
SZT2	0.224825079506061	0.502596830256615	0.810666467063742
FKBP15	0.0333285152785088	0.902229671037207	0.971594224377842
SPOUT1	0.538901166193035	0.0906879228911196	0.495931589173628
KIAA1217	0.240398511070794	0.429768344979775	0.770322585832861
DCAF12	0.142896060681895	0.497935467545566	0.809192180818569
GORAB	0.815483296855156	0.0156238121935623	0.328639410203466
CCDC18	-0.373008938734188	0.498172757576487	0.809271952239855
TUT4	-0.221256084117073	0.583298972634264	0.851524750529999
RC3H1	-0.108047379598503	0.654004404312756	0.882616854924491
VPS13D	0.56522162541464	0.377732637075384	0.738631350352047
RIF1	0.129429991520695	0.683669454402233	0.895978396190487
CEP350	0.372528797648592	0.49406764256607	0.808098464448117
PRPF38B	1.02616553327988	0.0258277593882975	0.378590496176841
MYSM1	0.676334029925204	0.0800600694043389	0.482610561355217
ZMYM4	-0.260335067409052	0.372614743035913	0.735672163334425
OBI1	0.175472272263899	0.779794124779701	0.932493586796304
TENT4A	-0.21705868727561	0.508102466950715	0.811280855028843
ICE2	-0.0728571121569779	0.857160914537263	0.957282281855406
CEP135	-0.363095729310452	0.258294487023251	0.655376228131233
ARID2	0.327548369546115	0.267518222137727	0.663827930574637
SPTY2D1	0.66134713562219	0.136625449182794	0.557767775738245
ZFYVE26	-0.409482935285865	0.288209293900913	0.681117049482746
VIRMA	-0.123097559755735	0.765439856091487	0.925134792916897
SPECC1L	1.60758607567976	0.129037360558606	0.552073313328935
AMMECR1L	-0.181175069612706	0.40692111598663	0.753815782572874
RPL7L1	0.117250685871859	0.552885764822636	0.835679359895978
VASN	-1.49056019883018	0.00238425720938647	0.122051261909069
LAMTOR1	-0.160192629681671	0.645365347658931	0.879217699322878
NCAPH2	0.389957891663272	0.129858069139251	0.552861086434435
NIPBL	0.105776452779111	0.688716576353805	0.898780357608911
LIN54	0.839360550865809	0.0106572626871638	0.292921055950138
HMBOX1	0.619093402524463	0.018611507945991	0.344701182243177
PPP1R18	0.267307020438928	0.385565797262392	0.742759464793356
MSANTD2	0.542131466954906	0.383282553260315	0.742728697169605
TAF2	0.44940446893543	0.55976470739764	0.840488618082544
NFRKB	0.575701046074744	0.39391084765125	0.746963035611192
PKN3	0.0548104315197264	0.823726909054451	0.944838403282686
INTS5	0.216897659500635	0.449128955229073	0.782713067633414
RSBN1L	-0.0607899023680147	0.757745507272278	0.922806609669774
FBXL19	0.0369063499141227	0.949921898288198	0.984432564507661
CTR9	0.41386604304823	0.152290877801857	0.581061987520497
C16orf87	0.201812752834606	0.506721586229127	0.811280855028843
DARS2	0.882614051432522	0.121417587669161	0.542071448522363
WDR59	1.37394373629959	0.0370388395179581	0.407673930944403
MTHFD1L	0.0399656626154865	0.957444849513241	0.985188187832828
ABRAXAS1	0.46337267805562	0.199958107610873	0.613441320906304
ATF7IP	1.83789696932266	0.102062578366651	0.512099284686816
PPP1R21	0.161685232231747	0.484491487278677	0.802199998189569
AEBP2	-0.314842724703045	0.296684178501317	0.685522848351119
QSOX2	0.0439669325903154	0.839060173868263	0.94927632820028
MMS22L	-0.251548106914925	0.337922579901761	0.716149380767655
SRCAP	0.668997985266792	0.263687999564018	0.659987426149755
FAM83H	-0.66434749241651	0.428837330487632	0.77008628610088
C1orf122	0.336723443132584	0.22098429199027	0.630964445921755
EP400P1	-0.109954099932065	0.854470719784419	0.956829191425261
TPGS1	0.678066612646102	0.293155840391923	0.684612168799927
CRACD	-0.380086474300711	0.253977771999702	0.652904492430435
KCTD1	0.274518108840169	0.394429567549984	0.746963035611192
MED25	0.690458068898213	0.124680951104541	0.545763041795239
ASXL2	0.542740730605043	0.101397499426908	0.51136268843997
RSRC2	1.82740648951988	0.000448806085137184	0.0438605946838611
HS2ST1	0.182586281734906	0.851725089347864	0.955703443184146
APTX	0.387836603400558	0.153820534928074	0.581344313386837
SETX	0.396988639471786	0.301894786668761	0.690136939221516
ATG9A	0.119902599814964	0.614918747328228	0.865990941162333
UBE3B	0.614921089002934	0.403159348200536	0.751771551284608
TTC21B	-0.0463582587196747	0.856661972209377	0.957282281855406
EMSY	0.339709499936028	0.586993869424741	0.853984903409427
CPEB2	0.397871992462651	0.27533566879495	0.670409612581136
RBBP6	0.920771885693789	0.0242243704350741	0.368073473041761
PXK	-0.149120484126577	0.543068624306789	0.830734644083669
VPS13B	0.850447478356443	0.252208233412951	0.651348590796209
TMED4	0.927379836692385	0.349812020889983	0.720870942293607
USP37	1.14270717968947	0.111058974656205	0.525361486272479
PBRM1	0.300600205972131	0.684424998463857	0.89644456088778
TLK2	-0.126272597756525	0.657855148490015	0.884545696843985
CENATAC	-1.75792650896754	0.0122615087317789	0.299570951969598
DTX2	0.611781058405182	0.0324950081610549	0.402675893638433
FAM83A	0.575653390151782	0.135829295276167	0.557767775738245
KBTBD6	-0.193519484791423	0.478462831077977	0.799577910098332
COMMD7	0.125172011481709	0.645713835921314	0.879217699322878
AMZ2	0.223910265134609	0.310960384871393	0.696457108720414
PROSER2	0.182513274405942	0.627945025187116	0.87054442985957
IFT70A	-0.379979329912004	0.287718150176175	0.681117049482746
ERICH1	0.153973969823877	0.696416199518615	0.900899415743094
VRK2	0.103194219397039	0.606973273344593	0.865505364335267
GATAD2A	0.517742621381817	0.0434030519089019	0.410542370003492
PRAG1	-1.50839616216622	0.0112191015804151	0.294924038178441
DCP2	0.416334963289444	0.368885788952119	0.732464287831091
VRK3	-0.379166926164103	0.289180118259949	0.681984510801543
FOXP4	0.622761667712592	0.0334633792349092	0.407627565751019
MAP4K3	-0.395149050169987	0.295257059242546	0.685522848351119
CCDC50	0.321733871374356	0.351656121287909	0.721737762206338
MISP	0.582019087672489	0.0346748966847103	0.407673930944403
ARID3B	-0.0141283446009268	0.978211576256105	0.994810011799896
DENND6A	0.395792003459526	0.24074770892053	0.643790515148184
BRSK2	-0.388393646116775	0.517824366843882	0.815648708277595
ZC3H7A	1.1351173814995	0.00111538351560672	0.0834931772534667
PHF6	0.349204257390845	0.716168754287768	0.909172562010841
SUGP1	0.294218888696093	0.173175754062128	0.595646165313684
CCAR1	0.146870968152111	0.550281007410094	0.834641386900671
PARP9	0.0655901673318695	0.892908269421049	0.966743600778304
RBM12B	0.277036373469357	0.728104320398794	0.913100437203699
SMC5	0.0956385901859704	0.742636683486853	0.916936023761378
MICALL2	0.542204797228599	0.184004778407485	0.603601583084043
DHX37	0.615232417975989	0.413092213630684	0.75932896795836
FTSJ3	0.454994544762581	0.089397526242426	0.495931589173628
SRRM1	0.370554029799521	0.468807948749917	0.795622993360541
SUPV3L1	-0.0349917476300732	0.889548266132373	0.966655937419561
FANCM	1.78226541107326	0.042916963698224	0.409787917993474
RNF168	0.079685092635092	0.872772345984826	0.963779784568459
RCOR2	-0.220291886870797	0.440422778960765	0.778272270804557
SELENOH	0.848854470403431	0.0909327656536612	0.495931589173628
AHI1	0.259078648968753	0.280915944896403	0.676216178210713
SIX5	1.05758162799864	0.0662315612206911	0.456826948114284
DOCK4	0.158333654197559	0.65059898581989	0.880017502052698
INTS1	0.689255225688647	0.0431524187649677	0.409787917993474
PIAS4	-0.0266531485847956	0.907987066945581	0.971713386726232
AGGF1	0.495219729506996	0.525236384319544	0.818836432333632
HROB	-0.0665788514371286	0.867056411777628	0.960770550024801
VPS8	-0.0159473190184976	0.953525600540389	0.98470918347514
SYNPO	0.838259317989131	0.0387340411505999	0.407673930944403
RYBP	0.494094412874439	0.255356742784379	0.652904492430435
AFAP1	0.900211365437464	0.0554932372533716	0.432284275705612
ZGPAT	0.329265090341352	0.411846434185569	0.758730671092186
SRBD1	-0.196241601208243	0.570732311078726	0.844869232405079
ARRDC1	0.2875120650505	0.333891190145647	0.712168709140022
FHIP1B	0.43372882447639	0.517467992595058	0.815648708277595
CPSF7	0.446617173828788	0.149960919047408	0.57647693562499
ANKRD13C	-0.346188155388855	0.256151134588405	0.652904492430435
SIRT6	0.430533067104498	0.17846786298232	0.601596701017933
GPATCH11	-0.303210075814619	0.355092030852525	0.725021715415887
BANP	-1.37601324900004	0.014969527140863	0.325301125047877
PRPF38A	0.780753927566984	0.0200057855355817	0.354626150625658
GATD1	0.439046722102315	0.198244787908587	0.613402066097713
KDM1B	-0.573955832665952	0.296687911809635	0.685522848351119
GOLM1	0.251930141878599	0.783360803680243	0.933206064308269
POC1A	0.387903802390348	0.263600269284753	0.659987426149755
NECAP1	-0.187354934778142	0.521502368980192	0.817909227037688
MTMR14	0.174296569430599	0.779715997799072	0.932493586796304
DAGLB	-0.113936216655986	0.700977326889074	0.903537921349825
DYNC2H1	-0.709617609684273	0.487039680737805	0.803719703918238
MROH1	0.361311576033032	0.435710008661996	0.774835830126792
TNRC6A	0.171274210342013	0.600484432053279	0.862707336394621
TTC21A	-3.70733553977296	7.08953860779596e-05	0.0147316983541856
SRFBP1	0.498121606597273	0.250423506829801	0.64988166637388
WDR19	0.38334822011657	0.34972548379343	0.720870942293607
BOD1L1	0.630673281257117	0.0979235660316842	0.505142594169284
ARID1B	-0.562205736219351	0.304872126975605	0.693257612900636
ENGASE	0.254345012093456	0.322557729724658	0.702989476845429
BBS1	-0.764209950547791	0.281290968681988	0.676216178210713
TDRD7	-0.935540834710235	0.0115880043931695	0.296597731491839
NCOA7	-0.502365158568178	0.212389404635437	0.62238606702849
THOC2	0.105855958938594	0.586617302425743	0.853984903409427
ABHD4	0.358266260414929	0.508573658693616	0.811280855028843
SLC35B2	0.646742072137386	0.381405129854723	0.741220561195379
PUM2	0.070380985978975	0.825244179094153	0.944838403282686
KLHDC4	-0.131622507571151	0.654977592804474	0.882885156444903
WDR20	-1.71317726299415	0.0226994443100167	0.361509668641007
PI4K2B	0.403803430870589	0.444048543944817	0.780682872963454
DYNC2LI1	-0.131764431991705	0.742718179246716	0.916936023761378
CCHCR1	-0.294207376236585	0.376595680834081	0.73790146091338
DTX3L	0.102062439969075	0.66786138065062	0.888305548125059
HELQ	-0.203942634006516	0.826760063751299	0.944838403282686
DMXL2	-0.30221629499923	0.288467031234994	0.681117049482746
DLG5	-0.597456488548911	0.447678025431843	0.782453055275899
RB1CC1	0.512357579290665	0.285186047268723	0.681103910470034
TBCK	-0.427851487759177	0.589163332032549	0.855301258521256
GPX8	0.202318670625967	0.498844798723102	0.809395909889973
DENND1A	0.328675542351803	0.430372348318721	0.770762639637859
SH3RF3	0.472084420271827	0.398149038710483	0.748393304641323
PHF10	-0.178202972230167	0.765970409351234	0.925134792916897
ARB2A	1.81478293575859	0.176570615746518	0.599614300566034
TGFBRAP1	0.527512427588348	0.63003941752843	0.871395784938002
CACTIN	0.88736568027705	0.0603829420034402	0.442637018782682
GATAD1	-0.157255900395462	0.565427527565264	0.843533232068517
BCL7C	0.518309599544764	0.200830897939059	0.613441320906304
SNX33	0.256808592797434	0.514750379196523	0.814746864352361
MITD1	0.0270641575984811	0.915298849260437	0.973690318675024
STAG1	-0.648874250983948	0.117047822818345	0.53849451820229
TRAPPC12	-0.161161777162985	0.412105623040307	0.758730671092186
CKAP2	-0.440207982636792	0.273577536979202	0.668612540866806
SREK1	0.451392766174401	0.207248385067962	0.618080068275514
ATRIP	0.521723070808854	0.0917509284292232	0.496398608886871
PSPC1	0.367101816662363	0.202627983286705	0.614457213069696
GATAD2B	0.626883875309566	0.0234639412740773	0.365024196227798
PIBF1	0.83127500718021	0.0572910909467011	0.435207009702705
BBX	0.57880712439459	0.368397338940509	0.732464287831091
ZCCHC14	-0.736872887820361	0.211554668493172	0.622313205608046
CTTNBP2	-0.0905323510726674	0.861025966048711	0.959422558696413
FAM3C	0.0319504366203596	0.937481943938149	0.981935918613419
H1-10	0.300703181760824	0.478906410396563	0.799577910098332
TOPBP1	0.31865209795113	0.54746004160408	0.833597088844739
BAP1	-0.838425681633513	0.112304920206558	0.526099226374121
FIG4	-0.496436693035427	0.214328597797	0.622956311852441
DCUN1D4	0.386579960210042	0.322043606816379	0.702782739746678
NR4A3	-0.0549466061952231	0.914267225420777	0.973484850757268
PHF3	1.03960153299137	0.00696731186830578	0.243716600011778
MAML1	0.689783349976651	0.0278143220872578	0.383338413382078
AKAP1	-4.51902051507006	2.17255830376799e-05	0.00583875044137647
CENPI	-0.0995935508187848	0.802643077641643	0.938891521724446
RAD54L	0.42382006158714	0.197280798171909	0.613231734149566
GTF2H4	-0.227466428626755	0.714981644050414	0.90905413051945
RREB1	0.763157457034353	0.10632013684406	0.520622709481761
DPF2	-0.0285547403482873	0.956901798840062	0.985188187832828
CREBBP	0.260267974748402	0.235006923663888	0.637278963520212
GOLGA1	1.47620926802284	0.120853432311107	0.540502622197605
APBB2	-0.0646221840478844	0.841746476210929	0.950218760921712
CELF1	0.829198889150497	0.0221670477372627	0.359691718000866
SMARCD2	0.49646486164616	0.0572702068400523	0.435207009702705
RIT1	-0.152418527015218	0.94000424354222	0.983418779123736
BRF1	0.567611340272478	0.0370818974340439	0.407673930944403
ATP6V0A1	-0.461951185413408	0.211119592757972	0.622313205608046
SECISBP2L	-0.0640828269165929	0.788739986869157	0.933426949802777
MED12	0.596390763803804	0.0411013400776049	0.407673930944403
PTP4A1	0.433961087877449	0.51984361451472	0.816707176621592
YIPF5	1.28580871803418	0.0540101680173937	0.428296332299319
L3MBTL2	0.549938757507888	0.1711391542807	0.594128682476064
ITFG2	-1.79189011539926	0.0119445782428233	0.298711931369431
CCDC102A	-0.0910467902275585	0.924870488205219	0.975697521904426
RAD51AP1	-0.144447987868968	0.671139224001162	0.890159982481492
EXOSC8	-1.01197641518947	0.0144513990626163	0.325301125047877
NACC2	-0.282441114243099	0.232610061134642	0.636477874345199
PINX1	1.09121749218164	0.214599894534377	0.622956311852441
TADA1	-0.182377554565669	0.855538382509076	0.957276878685669
ENTR1	-0.0540156746062408	0.919089611102097	0.973831588421252
INTS12	0.268468449506059	0.357955422640676	0.727070532524756
SGF29	0.872098910204603	0.0524458376866569	0.427588714546957
RBM33	0.455494874520326	0.0494216592720819	0.424264316752528
DTNBP1	0.544240152819491	0.406370337003103	0.753284045352514
TMA16	0.231020528614771	0.493006816997828	0.807592119272632
TRIM11	0.0656106777980057	0.760340839555171	0.922806609669774
DDX11	-2.45366328586366	0.000111791030797567	0.0192280572971815
STAMBPL1	1.14285546000915	0.273664667889669	0.668612540866806
DTD2	3.3901934359754	4.39821598956845e-06	0.00192501154149699
IFT43	-0.392913293837729	0.363930278875791	0.731170568411327
THOC1	0.0803273431724136	0.907122693615856	0.971627156334821
BICD1	0.00260338597398047	0.99035904265245	0.997479244991763
AURKB	1.03528800027876	0.326450363058096	0.706274186095712
SMARCD1	0.541803878309096	0.03686357849149	0.407673930944403
LIN37	0.334955252419057	0.345930675210804	0.718963953619299
RBM18	0.0793875299903597	0.729905480566825	0.913113639234443
TONSL	0.201607057537288	0.397534669531586	0.748393304641323
CCDC34	-0.748749151795085	0.171880430440351	0.594286017763365
DOCK6	-4.31677313569005	0.0380643139039136	0.407673930944403
RBM17	0.109172173139541	0.716186560210682	0.909172562010841
TENT5A	0.566611367863761	0.0293661764020804	0.389603822779188
NSL1	0.382902140249168	0.239255547792516	0.642541485979859
CDK5RAP3	3.05924399953009	0.00209166378807052	0.11530967036799
VPS39	0.458304147138907	0.115091402699463	0.531571462521687
SPG11	-0.27845938391642	0.428947173380209	0.77008628610088
MAML3	0.651846711028298	0.326528623711227	0.706274186095712
CHAMP1	0.895006826700669	0.00872250119638634	0.286085797988776
MYO15B	0.0554250851858633	0.910134031996567	0.972056513937238
CNOT6L	-0.457011921486998	0.0476614473532491	0.423263353662629
CCDC138	0.294629492808081	0.472953457845402	0.796904337278695
KICS2	-0.0866913615769001	0.846716423792188	0.951784908463282
NSMCE2	0.164415981076605	0.539165791847316	0.82769743693738
NSMCE3	0.299633065787599	0.372626505056367	0.735672163334425
TCEANC2	1.77016438063875	0.0684568759517492	0.464126668174842
ZNF830	0.459109714162224	0.344961924075343	0.718963953619299
SCLT1	0.151058532603287	0.610715699982487	0.865505364335267
ANKRD27	0.0374391210120599	0.909856920300779	0.972056513937238
MUS81	-0.703294778172538	0.0542203325215968	0.428296332299319
UHRF2	0.22929559832923	0.376672955047644	0.73790146091338
QKI	0.448092984856505	0.144771085000001	0.575041133427347
TRAPPC9	-0.084158420881348	0.7795496551152	0.932493586796304
PPP1R10	-1.51428385662516	0.0629987487025667	0.448351139337736
PURB	-0.702044067787813	0.182927052370029	0.603601583084043
UIMC1	0.348319826913553	0.420140749364417	0.762924502646534
MED15	0.591959544218199	0.0972037317293375	0.505142594169284
TUBGCP6	0.440581198187175	0.244131925804036	0.648212429377983
TUBGCP5	0.402975681610208	0.347203050201384	0.719274051502515
WDR24	0.460546729277183	0.192972362620807	0.609237268186103
RPS6KC1	0.51402130461409	0.150383642154695	0.576850723697761
SMC6	0.388016838451215	0.123033206748542	0.545258654920625
STRBP	-0.0500652227298453	0.90239944167914	0.971594224377842
SIN3A	-0.0344837396107955	0.940651497333937	0.983418779123736
INTS14	0.214019061478911	0.617305763093234	0.865990941162333
RSF1	0.952217733553802	0.0354569819536862	0.407673930944403
RBM15	0.35929906451484	0.386489813354985	0.742759464793356
PNKP	0.0577845372285388	0.886204302185548	0.965853182188932
UHRF1	-0.334922732640727	0.119234753095915	0.539591938230179
COL12A1	0.475277333737171	0.538338008800093	0.827000700774413
CDC6	-0.195268051018513	0.721109857292942	0.910389996854182
ACO2	0.712605752537304	0.249297708282241	0.64988166637388
TM9SF2	-0.226476267995658	0.482511454475868	0.801222640618793
FOXC2	1.82046950698366	0.0167293010379032	0.336814202285652
ZFYVE21	-1.30026988496251	0.0105916652465292	0.292921055950138
TCF25	-0.0986168189661072	0.658178192744422	0.884688528530412
CCDC77	0.975095347013326	0.440538303985649	0.778272270804557
NUDT16L1	-0.00992527073901783	0.975340104746538	0.994387105865651
UTP23	0.186271293430408	0.515343144296915	0.815296365149644
ERP44	0.793137235476173	0.038278999441877	0.407673930944403
BTBD10	0.282357577779347	0.718480056869479	0.909436396164599
TINF2	0.292332851261165	0.699865743944427	0.903417799824216
NAA11	0.33687160337103	0.477683667373487	0.799577910098332
POLR3GL	-0.183025587584805	0.677022480481458	0.891910743281332
WAC	0.421979940531394	0.0800036202053044	0.482610561355217
DIDO1	-0.77777930911051	0.00951234898596626	0.286085797988776
MTA3	0.649462607682324	0.0670888230843537	0.460211845376357
DCTN5	0.211216712765967	0.411129367868204	0.758730671092186
LRRC1	0.691568342327269	0.0297720952742375	0.389603822779188
SPINDOC	0.174512982224282	0.528900693049068	0.821712486239686
PHF23	0.226258733902291	0.665423257456436	0.888057109578733
C2orf49	0.785019572015816	0.0899653266005281	0.495931589173628
NOC4L	0.763841130664655	0.0139955203874319	0.318688587502541
RUSC1	0.00136879661919664	0.99521152049226	0.998875981276705
KIFC1	0.18014847534085	0.609131430948619	0.865505364335267
CINP	-0.179480320354955	0.688649138529747	0.898780357608911
RTL8A	0.225050334299588	0.707568454549451	0.905788733123739
SF3B5	0.37125483577174	0.307226648482466	0.695137440309128
PAPOLG	0.918679258679518	0.186808627557025	0.606246866788837
MND1	0.314170478443188	0.153661146420007	0.581344313386837
LSM14B	-0.719585933845725	0.153770310145427	0.581344313386837
BRIP1	-0.137664180108196	0.854380832911708	0.956829191425261
CARD6	0.338444581683767	0.62383174655582	0.869221868597537
SCAPER	0.171427340399468	0.788707420166817	0.933426949802777
POLDIP3	0.609988368486931	0.0407122895864528	0.407673930944403
KIAA1671	-0.210401509374563	0.613381432684624	0.865990941162333
HYCC1	0.145463462064981	0.593915399569872	0.859298862096383
HELZ2	0.0788468826794428	0.790503307432286	0.934092943654528
DOCK9	-0.379715267036257	0.0804412157303178	0.482610561355217
UACA	0.28492674674785	0.297180970230532	0.685792889771745
UPF3B	0.16175438466032	0.428569970217672	0.77008628610088
CRNKL1	0.257813668815192	0.769791234710595	0.926181977132677
PPP1R12C	0.0916245684618247	0.775732879453759	0.929927901213036
ZCCHC2	0.219969203208493	0.255616127493694	0.652904492430435
WDR33	1.06759149378015	0.0204151892596481	0.355347122046989
TGIF2	-0.532072413746189	0.206893257118646	0.618080068275514
SENP6	0.50643244986334	0.0382436980105392	0.407673930944403
REXO4	0.105896905039646	0.703853413342659	0.903994896720211
POLR1E	-0.000563404962353076	0.998991757136779	0.999518623283596
MAF1	-0.0282478826102164	0.947394525531765	0.984432564507661
CLPB	0.220556204044541	0.509063121982161	0.81163197053144
MIS12	-0.144009636010757	0.685501210922662	0.897034451298675
LSG1	-0.37868744244998	0.708646135613119	0.90632419683087
BRD8	-0.0849012479407811	0.867373500425057	0.960770550024801
PARP12	0.175560565984579	0.774744390920595	0.929520335088883
ALX4	-0.0381496319283841	0.943286449961921	0.984199096269871
METTL9	0.692747934279424	0.0930557715081638	0.497955154148696
IRF2BPL	0.895982523105324	0.00481642685331524	0.200615420387575
WDR13	-0.415174199023344	0.475078231799709	0.798294801382864
CDT1	0.163077463679898	0.660605532253215	0.885751103426512
VPS11	-0.101133748521178	0.659361603524952	0.884688528530412
TRIOBP	0.536409809970333	0.159437299624405	0.588391596897881
TAOK3	0.25063430131274	0.229769320697986	0.635738589275895
ADNP	0.371507507632238	0.170204931157427	0.594059418812447
FOXP1	0.471721612467725	0.0408478982310109	0.407673930944403
GGNBP2	0.120700746826007	0.710593549378649	0.90632419683087
KCTD10	0.0874624458511484	0.863169778348217	0.960318252754808
GOLPH3L	0.380731186331111	0.205098924078846	0.618080068275514
ST6GALNAC4	-0.0716536301334649	0.888761456713309	0.966533703557721
ZHX3	0.615118333532866	0.204770951054485	0.618080068275514
RGCC	-0.418902037478119	0.250335876967431	0.64988166637388
ESF1	-0.134282282828202	0.742315590104909	0.916936023761378
DHX35	0.335707186178656	0.80978603906021	0.940312152285584
DHX33	0.327118133005779	0.312753115566673	0.698254619385614
NOL6	0.096806252109463	0.841481406683274	0.950202218681218
PEAK1	0.559181702404771	0.609009757520019	0.865505364335267
SMYD3	0.429561496992285	0.381257843775407	0.741220561195379
TDRD3	-0.204078411216191	0.398311693515674	0.748393304641323
SUDS3	-0.337688073910066	0.496384157177831	0.809117466211021
NRDE2	0.181286478070952	0.457931478553438	0.789305051250135
KAT8	0.711766948673844	0.180398083900767	0.602108875970119
YY1AP1	-0.802947643675445	0.046191376431944	0.41552911853004
NOL11	0.0178318118769454	0.955709704651056	0.985188187832828
DDX31	-0.797284823350772	0.259257942645703	0.657316717792762
PAAT	0.517116435479728	0.371418059740481	0.73525366033166
ECT2	0.282591845379475	0.47405303277172	0.797507058262283
PSTPIP2	-0.538039422282864	0.493885114289761	0.808098464448117
RMI1	0.665787109074721	0.0404154443962566	0.407673930944403
EHMT1	-0.0609147002112778	0.84355857694343	0.951548237370605
AGO3	0.178983424370543	0.576193575829138	0.847381985355693
ISG20L2	0.641389987448605	0.0678950748601928	0.462007926130552
MEAF6	0.475917563220232	0.0751209215170084	0.472942844104152
FBRS	0.163509990997042	0.496214062427142	0.809117466211021
SMURF2	0.554640153421403	0.200697273104292	0.613441320906304
BRF2	0.0260725730944316	0.917888310288853	0.973723939131262
PLEKHA1	-0.496965335682383	0.167100660792743	0.591792226678056
RC3H2	0.304269029842533	0.542950396758415	0.830734644083669
IFT122	-0.331956552876523	0.289912621513276	0.682707706739916
TMEM165	0.776246536656032	0.0672303304895352	0.460335065453824
GPBP1L1	0.852055174007528	0.1897942354924	0.606816853668914
NEK6	1.43404499267773	0.0191676438044493	0.346087409894338
NCOA5	0.207793231274731	0.375674686025825	0.73790146091338
METTL14	-0.292328984093984	0.23992560590574	0.643192085657531
CWC22	0.841946500949465	0.0328684929112135	0.404969969966241
CHD8	-0.110306504053661	0.63616695030373	0.874526178486585
FBRSL1	-0.30521633631615	0.647017294154132	0.879415077151764
TM9SF3	0.340014946739597	0.473500146270105	0.797200716116465
HMG20A	-1.49842310948485	0.320002274685342	0.702635810450542
POLM	-0.551432576151569	0.125355812000883	0.546790640797239
DMAP1	0.313263187293767	0.356501712009263	0.725710753678468
PPAN	-0.306928983513181	0.409622396521962	0.757255505178176
PLCB1	-0.27411399065225	0.746673821184684	0.918753657981189
FERRY3	0.260714517434742	0.351339472861291	0.72147074178775
IFT46	-0.284329407845878	0.64196556458965	0.878205356430891
PRDM11	0.0606539561833834	0.95100764487554	0.984432564507661
MBNL1	0.746077380554105	0.021781119888429	0.359691718000866
EIF4ENIF1	0.369268139103582	0.210023467016699	0.621631528315002
AAAS	1.3359426034123	0.000536830347480538	0.050181967264485
BAZ1A	0.495277019428485	0.343708982192744	0.718581358780178
ZNF277	-0.358523122995884	0.288603549804084	0.681117049482746
LATS2	0.681342560072189	0.217159317015536	0.626043606080867
DROSHA	0.665245684356911	0.110417536904983	0.524769151843194
HELLS	-0.107531353900413	0.67326539239242	0.890200695081411
FIRRM	-0.0528981410655582	0.858566443545427	0.95817173818981
CENPM	-0.330282327915214	0.789950255654734	0.934032850993868
PDS5B	1.53734382408922	0.0587063585525293	0.437221341582785
MBNL3	0.00981668828935156	0.986400754057132	0.997301491287483
IMP3	0.37837714814869	0.272201270281819	0.667692790765442
MED17	0.43673090032388	0.18823840697916	0.606310973790553
FBXO28	0.1635855437912	0.751130201907868	0.920961847265052
ARL8B	0.138487669986468	0.645198497997203	0.879217699322878
DDX18	0.194097283138902	0.675646953472496	0.891147442186489
INTS10	-1.19048818045152	0.251898204722745	0.651348590796209
POLR3E	-0.00888086754674688	0.977016836299603	0.994810011799896
RLIM	0.387926160072322	0.301637109143253	0.690136939221516
FANCL	0.4872791577166	0.136996843494448	0.557767775738245
ARGLU1	1.02079122966468	0.0132362477865862	0.314452295482434
IFT57	-0.268208156757716	0.343262167331464	0.718581358780178
PAK1IP1	-0.241547056065091	0.237150538989427	0.641350514248135
FAM120C	0.610005757470795	0.0984714226665986	0.505142594169284
LYAR	-0.141691516751919	0.818241940979037	0.943281594158139
BPNT2	0.221185701123044	0.547906679120013	0.833803306179444
GFOD1	0.300308333902844	0.286839976509737	0.681117049482746
MTMR10	-0.158192394704699	0.463427439944499	0.792039339339835
TEX10	-0.0868222236182312	0.867162899576296	0.960770550024801
KCTD5	0.158283952645597	0.634299927688802	0.873670065253171
NSMCE4A	-0.0179746438006596	0.937166687144608	0.981924160507265
RTEL1	1.39344937820906	0.176536891942198	0.599614300566034
SMARCAL1	0.0175599666436064	0.949947043878105	0.984432564507661
SACS	-0.110864331196126	0.648963955503714	0.879743067044757
ITSN2	0.65053172062688	0.419561830324063	0.762407641618651
NOP53	0.341328219994637	0.397505290130895	0.748393304641323
SH3BP4	0.310110667596067	0.54909926807382	0.833803306179444
HMG20B	0.170922769911137	0.544277722561198	0.831372954574712
VPS54	0.480795335114212	0.118556413130329	0.539591938230179
ACTR3B	-0.576567883288053	0.0773394865781522	0.475336321898295
CEP72	0.922958943703293	0.177756742936555	0.601514226802576
POGK	0.485531232647098	0.0644160638902214	0.452440138730942
CCDC88C	0.102619722123411	0.643586724398649	0.879062970261476
RCOR3	0.471332309930837	0.293373464267942	0.684612168799927
RBM27	0.169519286140456	0.389865720979248	0.743754481016311
PSMC3IP	0.344648994275516	0.273096594228653	0.667983706020027
UVRAG	-0.39838845053038	0.422314060126271	0.765255144771582
MBD2	0.315826032840274	0.151324864472734	0.579427352834153
ASH2L	0.116899860725926	0.62583935314103	0.87054442985957
MORF4L1	-0.343114186774272	0.269835704953449	0.665975276094515
ZMYM2	1.18661101162559	0.0552281366403877	0.430999977411374
APEX2	0.221695842322255	0.498444512362279	0.809395909889973
TJP2	0.355522778459026	0.418454162832014	0.761579108697021
VTI1B	1.31468264894883	0.0148377959520968	0.325301125047877
IFT172	-1.02090524837589	0.0120644823009053	0.299339652913022
KDM5B	-1.61645769881311	0.0282604298821215	0.385777296803563
POLL	0.163944702136178	0.614376226940808	0.865990941162333
AFF4	0.677393508084172	0.0101286526520929	0.292474163605195
TRPS1	1.02401651355852	0.125507526155087	0.546790640797239
NARF	-0.86462054060441	0.278234332557389	0.672420201196564
EVL	0.471785680639357	0.31028497242547	0.696457108720414
BAZ1B	0.0128890973742983	0.983328162323454	0.995977218888361
SIX4	1.41973466529556	0.0437979889779586	0.411074981354409
TUBD1	0.0270929387751373	0.965720858624209	0.989256800300092
DDX41	0.00468492162189094	0.987375689887071	0.997457005873768
FEM1B	1.18379875343611	0.415694543064621	0.760632568160796
PTBP2	0.465407839551069	0.109418415406474	0.524769151843194
TNIK	-0.0321604172060361	0.983673208905165	0.995977218888361
MAN1B1	0.349275228834919	0.288078718716854	0.681117049482746
RALY	0.0373693471883918	0.903083002236433	0.971594224377842
ZHX1	-0.314065902991299	0.300118439894774	0.688638896236675
INTS6	0.467893052100067	0.104379651554256	0.517314451116657
AGO1	0.460692683114104	0.630428277301428	0.871616911425845
TAOK2	-0.309525657452287	0.453143607735249	0.785667545850448
ASAP1	0.00420239738699735	0.987348280070352	0.997457005873768
MED23	0.409035763959711	0.155585841504217	0.584760954875469
YEATS2	0.0725455460576327	0.839139102912307	0.94927632820028
TTC7A	-1.10223030051021	0.230255770918897	0.635738589275895
CIZ1	0.0524355989453156	0.921063504676566	0.973831588421252
TPX2	0.515465557332313	0.0987528888819351	0.505142594169284
FZR1	0.232924920312325	0.449982707268452	0.783370704961272
ANAPC10	-0.232371607697562	0.463435111111401	0.792039339339835
SPATA2	0.0569977215303581	0.876404066703908	0.965134066410398
SOX13	0.449869299371219	0.385725928472612	0.742759464793356
L1RE1	0.754899936267922	0.336989526922608	0.716111445592772
ING4	0.395055580007508	0.118068365267811	0.539526004943238
WDR3	0.0771745898616736	0.757917328796633	0.922806609669774
TTF2	0.221461249593148	0.504398200520315	0.811280855028843
SCAF8	0.457643496981042	0.118799742438676	0.539591938230179
PHF8	0.535963281236548	0.238936211610796	0.642541485979859
ANKRD26	-0.450746680906935	0.525232607863591	0.818836432333632
ZC3H4	0.680890685258099	0.633383212873799	0.87293199210171
FOXJ3	0.200939523620757	0.512054470635993	0.813159871614722
DNM3	-0.02540491456746	0.944472347578279	0.984432564507661
EXO1	-0.424258871674301	0.234967858950486	0.637278963520212
ZNF148	1.62000381923596	0.0061112164743614	0.2265364727565
MTMR6	0.256783686103983	0.355773969757047	0.725666931974077
CDYL	0.127192339482846	0.788683835548722	0.933426949802777
FAM50B	0.37302218372351	0.4987336196358	0.809395909889973
ERGIC3	1.17250830220805	0.00229432603738401	0.120312219033552
SBNO2	0.807860649282105	0.075278019160763	0.473239009343978
R3HDM2	-0.43054522611915	0.147402625193076	0.575626411812773
KDM2A	0.281644854963822	0.189379874556257	0.606562538147546
TRAPPC8	-0.0171084969031199	0.959019173651543	0.985188187832828
LRCH1	0.591485720074779	0.100888920874313	0.509779506180429
POLDIP2	0.0162809814311764	0.983337357248527	0.995977218888361
FCF1	-0.534277238018788	0.180474701599528	0.602108875970119
TMED7	0.976673213359057	0.023968224466292	0.366773541655003
CHTOP	0.764376371756541	0.0807553146977436	0.482610561355217
ATP6V0A2	-0.177182209947397	0.603987345092023	0.865337825306718
TRRAP	-0.506102220478212	0.393152420490567	0.746963035611192
KDM3A	0.0775050073651116	0.789742377419932	0.934032850993868
MFHAS1	-2.49394998117566	0.173319477902422	0.595646165313684
HECTD4	0.791862481315164	0.40295916117244	0.751771551284608
MARF1	0.286968544302521	0.486116818723666	0.803719703918238
PLEKHM1	-0.0368123011984061	0.882766346822792	0.965853182188932
MYO5A	-0.548293391826164	0.328727116228762	0.708179659210259
MAP4K5	-0.0222079559804058	0.964136528624701	0.988268670580742
AMMECR1	0.0433996184426206	0.891824694992218	0.966743600778304
OARD1	0.129634254902104	0.512290719117275	0.813159871614722
UTP18	2.25264145292412	0.189163113704674	0.606562538147546
PHLDA3	0.484722051999899	0.332915084985677	0.711552223864685
ORC6	-0.254269427464113	0.480942984168209	0.800330817307778
HCFC2	0.877457735336868	0.228678316471001	0.635628158258116
LRRFIP2	-0.0462308107012923	0.880244700624464	0.965158789421015
NCOR2	-0.574175135025314	0.365085565943861	0.731170568411327
RAD54B	-0.100259475637074	0.641576167301446	0.878032310438007
SPIN1	0.268950720368856	0.236853105428907	0.640949246912713
GMEB1	0.459710621137891	0.255226833391791	0.652904492430435
USP3	0.312718444651622	0.202012681006913	0.613456587803479
TAF6L	0.132670486246333	0.718275162147675	0.909436396164599
IGF2BP2	1.77929621894297	0.0397597109489653	0.407673930944403
PIAS3	-2.13785722121699	0.0214988494869043	0.358524681461627
MAU2	0.524676835085479	0.333271204386855	0.711552223864685
ZHX2	0.427607187620445	0.0504822528819186	0.424511694701089
MORC2	0.305679032732073	0.411438832920638	0.758730671092186
RFXAP	0.673014278259579	0.122622644374805	0.544477908032772
STK25	0.112837107921262	0.76481664991801	0.925134792916897
TRIM38	0.185993050792735	0.673646297558315	0.890200695081411
ZNF609	2.5151789836666	0.0949022497085401	0.500683600098711
SPTLC1	0.529937439470018	0.158169609814003	0.586137500639062
IDH3B	0.0832208790117264	0.806196293746899	0.940046116748535
KHDRBS3	-0.0546529647781959	0.812902398064807	0.941924093688674
CLPX	0.126860375147949	0.786671916804334	0.933206064308269
DUSP14	-0.632067587674232	0.41568553066462	0.760632568160796
CCNE2	-1.05086030571843	0.0852585502103727	0.490072543384519
NSD2	1.85905149016537	0.0368732692615246	0.407673930944403
ALB	-0.249052084264545	0.896611374021632	0.969675278745729
PABPC4L	1.18786759708795	0.171683960260409	0.594286017763365
RARA	-0.232642536253064	0.623611577850436	0.869215489386345
TOP1	0.218533702728788	0.741925792376342	0.916936023761378
ITGA4	1.23336525987606	0.00697142832591831	0.243716600011778
FOSL2	-1.2653956337556	0.0567492527776394	0.435207009702705
NDUFS1	-0.18488200062999	0.631965866809885	0.871740987471031
PPIF	-0.0969684594899931	0.877536318454937	0.965134066410398
HADHA	0.438932025065935	0.0743486368776051	0.472086518174916
CLK3	6.01905132172817	8.17707387574783e-07	0.000879035441642892
RAP1A	-0.0983273175132062	0.859786629318156	0.95880889255143
GTF2H3	0.499567395300126	0.233113359071356	0.636477874345199
ARID5B	-0.701189392394777	0.11350071327098	0.52683818763479
CLPP	0.459880440141426	0.221491629284124	0.631585110658337
C2CD3	-0.938487642463603	0.225138424078074	0.63440053966954
NADK2	0.300910050484063	0.458911970799964	0.789305051250135
IFI44L	0.560893477539249	0.0420027598139759	0.40948317655537
FAM133A	-0.049704273061586	0.91777176227076	0.973723939131262
FAM76B	0.388592558182808	0.124648096858432	0.545763041795239
SAMD1	-0.0099398006151894	0.981239122065826	0.99526880852155
RAB11FIP1	-1.27942446003195	0.13894781097265	0.561403099482742
ZC3H18	0.468441734030506	0.534789994767865	0.825411693288521
RETREG3	-0.11808647957017	0.738636534089725	0.916385681285839
SBF2	-0.22765967575797	0.55530044078425	0.837527848254043
SUGP2	-0.521410416736373	0.174470805330215	0.597312470477646
HOMEZ	2.88989353695291	0.00235646320247061	0.122051261909069
ZNF687	0.590188600105261	0.374622503841892	0.736906114602075
CLASRP	0.922923876765342	0.231856748329653	0.636477874345199
NKAP	1.65594365066698	0.0140815887501123	0.318688587502541
NUP35	1.83446244575806	9.18521448558704e-05	0.0171723575165323
PNPT1	-0.353255908419992	0.601668010260821	0.863830532260944
TRAF3IP1	0.134420371848066	0.827063197664193	0.944838403282686
PNISR	0.564085009728345	0.0796025319172734	0.482610561355217
IMP4	0.314258696163229	0.618075860099349	0.865990941162333
RSRC1	1.09562125672816	0.233308341589887	0.636564637586621
EP400	0.115153619172609	0.899227711709043	0.971482975240077
YTHDC1	-0.249038025379502	0.374215897691308	0.736780384648637
LENG8	0.206271536001179	0.667005922427599	0.888305548125059
CCNL2	0.312033230528733	0.628816511428796	0.87054442985957
RNF2	-0.0339319044927144	0.956462709843347	0.985188187832828
SORT1	-1.38160227510399	0.0168407101142826	0.336814202285652
MPHOSPH6	1.33891130251265	0.000844422711923459	0.0698272627167476
DDX50	0.430807557168748	0.484439128391152	0.802199998189569
SRSF8	1.17817881962247	0.00155385481846992	0.0968344307162413
CCDC106	-0.639029716980385	0.117624994090399	0.53849451820229
NSD3	0.243000520442553	0.508640482328746	0.811280855028843
NSRP1	0.423927183400025	0.11996041688474	0.540502622197605
INTS2	0.932310134367583	0.304796810573908	0.693257612900636
ACTL8	-0.052591529527902	0.924406803319034	0.975447669759962
ZCCHC4	0.142830061877095	0.737802012871499	0.915889062536227
SFXN1	1.92962171574528	7.19455035902087e-05	0.0147316983541856
MCCC2	-0.518286099112096	0.146935970787995	0.575626411812773
CWC25	-0.0903647776037637	0.819634016320306	0.943439461105034
MRPL39	1.09268561166251	0.149541249223162	0.57647693562499
CDK12	0.116601631476982	0.670965144135482	0.890159982481492
RERE	0.507277078406805	0.173440117412695	0.595646165313684
MED13	0.222525958087772	0.467813881781681	0.795568075814712
GMEB2	0.521949641364326	0.0504181453106321	0.424511694701089
GPATCH8	-0.235817312980938	0.690272069475906	0.899496985187944
MED16	0.299646259275889	0.477227304746508	0.799577910098332
WNK2	0.44173571621765	0.767742979416996	0.925250787974519
FAM169A	0.147575488720555	0.73168218617846	0.91354047635522
DCTN6	-0.586623410659882	0.448049516529591	0.782453055275899
MPHOSPH10	0.944585496751266	0.0511484289890983	0.42615706124079
RRP8	0.780487612350786	0.096538506462817	0.504393168639262
ANXA9	-1.08977603328841	0.0386795320507795	0.407673930944403
GLS	1.19293668405968	0.219681628284137	0.629060298297761
SCAF4	1.88628926704707	0.014678840793499	0.325301125047877
ZMYM6	-0.0897837800691441	0.832664457597594	0.947963242697817
TRIM27	-0.866902158790925	0.0920713264516207	0.497370230831619
ELK1	-0.305379349121075	0.469712563605121	0.795622993360541
USF1	3.60750589679093	1.57859529499806e-08	6.78795976849166e-05
TEC	0.74433130415532	0.211067731014922	0.622313205608046
NR2C2	-0.0218051194660589	0.939789988327451	0.983418779123736
BLM	1.07365615578412	0.0294823085294289	0.389603822779188
DAD1	1.07811333452926	0.00417568433710128	0.177776659896391
RBM6	0.0529805092905242	0.959069245178656	0.985188187832828
ADARB1	-0.0310931657797582	0.95258594812636	0.98470918347514
OGDH	-0.0761383335695491	0.950704728867291	0.984432564507661
CTDSPL2	0.210199584924407	0.523956613028071	0.818836432333632
DDX10	-3.13073752874614	0.0319302807144363	0.399128508930454
ORC1	0.728516618897977	0.0761178887909213	0.47478654892838
CDK13	1.38064383811923	0.000777139926247902	0.0655235624091369
URB2	-0.99887751517965	0.0581993441174592	0.435251220532282
ATXN7L3	-2.26515677945424	0.000254576964298841	0.0288073933285531
POLR1F	1.08293299313595	0.167709625917842	0.591792226678056
MPP7	0.516935055215882	0.0876286525286421	0.493844306517904
RSBN1	0.278255184743642	0.716205131334388	0.909172562010841
PHF5A	0.671965105155735	0.0442312363501358	0.413341075956592
POGZ	0.443534632202972	0.211875937909344	0.622313205608046
ZBTB33	1.01435503575566	0.439254231091876	0.778241942189974
C2CD5	-0.202427028849009	0.520305457872832	0.81713421068414
FAM89B	1.67286398001814	0.314021753630276	0.699389834864851
DDX51	0.260375643356745	0.899066621712687	0.971482975240077
ARL14EP	0.529262103689987	0.589935641987001	0.855844554839442
RNF169	-0.295901790375918	0.758726707511945	0.922806609669774
DDX54	-0.8450908439982	0.045776416044284	0.41552911853004
AHCTF1	-0.739972380057676	0.69876632173261	0.903396026292911
JADE3	0.894297901688088	0.00142502025415577	0.0928422286798459
B3GALT6	0.689344857730699	0.255839823857377	0.652904492430435
BARD1	-0.127024032230413	0.718207248706836	0.909436396164599
MMTAG2	0.377192118077023	0.305850270342319	0.694527640876949
UNK	-0.218959486920379	0.517842086883217	0.815648708277595
DNTTIP1	-0.0253952598900611	0.953337523155254	0.98470918347514
RIOX1	0.346953400483617	0.417939526517317	0.761579108697021
UTP3	0.487285703337257	0.185890620998436	0.604960914323615
IARS2	-1.15117618118804	0.136658961222518	0.557767775738245
ZNHIT6	-0.0565119383799626	0.878027007071491	0.965134066410398
MCM8	0.00333117878021127	0.99037095242927	0.997479244991763
SCML2	0.1241206269383	0.825874348655081	0.944838403282686
ACOT9	-0.674584811770551	0.162870070150228	0.588391596897881
RBM19	0.548703558616161	0.446395253346782	0.782114607272063
PAXBP1	-0.293297993049642	0.740753650347466	0.916385681285839
USH1C	-0.409530828907094	0.744469084211909	0.917782309737991
SVIL	0.547708790694841	0.238323661414364	0.642541485979859
ZKSCAN1	-0.113300209566383	0.786723130655142	0.933206064308269
UQCRC2	1.33095671687409	0.00264932689110243	0.129455745815232
SRSF4	0.790016217645231	0.01729353574947	0.33801001692146
TATDN3	-0.787462912959665	0.0303944448379027	0.391407025030261
C2orf68	0.183772046610628	0.454908780177195	0.787141480612233
FAM204A	0.109452905078921	0.923018533449368	0.975179285953877
HECA	0.707904557154652	0.178792408303687	0.601813346300904
STRIP2	-2.41318217775525	0.000563893041742124	0.0515902144572582
TNFRSF10A	-0.683482933041301	0.397295428408317	0.748393304641323
CD81	0.499949684822145	0.0854392011311824	0.490072543384519
CRTC2	3.69064283033584	0.000173876506235026	0.0244212975592338
AGMAT	-2.04340468365882	0.00250624868065203	0.125312434032601
JAK1	0.214113992707684	0.482882862575107	0.801222640618793
VAV3	-3.10298669881618	1.0980861476401e-06	0.00094435408697049
MCM10	2.14039929160424	0.119460251321046	0.539591938230179
PHF21A	0.610145884062938	0.615076846828713	0.865990941162333
ELF4	-0.626643461882182	0.252881753551863	0.651913393449046
ZNF768	1.75313628669147	9.02175111504566e-05	0.0171723575165323
KANSL2	-0.550910581580052	0.551955383978509	0.835679359895978
ZNF346	0.126069319368124	0.659607307550814	0.884688528530412
KLF10	-2.42192934192956	1.763274512294e-06	0.00126368006714404
FAM193B	-0.786601645519326	0.370062569135965	0.733641792201313
ZCCHC24	0.544380596150567	0.123575032949406	0.545258654920625
NFYA	0.271025611973894	0.328297638279327	0.707834859862895
FOXC1	1.29554554991808	0.00975132980721471	0.28806395140513
TET2	-0.272310027057731	0.682530459679298	0.895326716479861
WDR53	0.246121587883508	0.314237479292766	0.699389834864851
DCP1B	3.07482880282948	0.00095353802404481	0.0773625189319374
DDX12P	0.00795504706278294	0.991414919797226	0.997479244991763
MTUS1	-1.60148957978408	0.00415079286713337	0.177776659896391
SNAPC2	-0.0283819100898022	0.949913561048584	0.984432564507661
RNF10	-0.145967507828537	0.772816568956213	0.927984151497268
