gene	logFC	P_Value	BH
RBM47	-1.84284701418085	0.00176175883039947	0.188997572305632
UBA6	-1.70582018247132	0.0550773423712231	0.591830229776505
SHTN1	-0.297995056792363	0.730411221505534	0.89950514587193
SBNO1	0.587511900643324	0.137103281199111	0.651578095916984
WDR91	0.123769754975964	0.820795795280822	0.93694485671033
CNOT1	0.0626703678479643	0.912008260968784	0.976907679576941
MAP1LC3B	0.109974100427301	0.778878043229668	0.918164120285425
RIMOC1	-2.3066339946522	0.0242320456413266	0.543270726429757
RCCD1	-0.972373802147231	0.012915755611393	0.465184996978451
UNC119B	-0.562005545691296	0.215948248458424	0.695406487537471
USP22	0.251180456321737	0.732543481502948	0.900599404922969
RTL8C	0.146626811934603	0.684924817246584	0.878766045391188
SNRPG	0.233630048134177	0.677029271198307	0.874769837861446
EIF3C	0.0623720916906478	0.862817432364851	0.95631325681173
UMAD1	0.117960237325338	0.82515708427059	0.939724166863126
NACA	-1.10257617720769	0.0723944945382239	0.612673905479598
RSMC	-0.441002391152459	0.453684312657397	0.768673785285838
KIF2A	-0.441896259295817	0.340264653728782	0.732563525901754
DDX39A	1.51347968590001	0.374665880214664	0.747419024903632
PDLIM1	-0.772869113010373	0.268470965800098	0.701149087002738
ACOT7	-0.626261051187985	0.475248855575679	0.777716559420877
MYO1C	-0.259601241291893	0.892426757378765	0.972239499576095
SNAP23	0.397118612612001	0.289298440113531	0.712999729239602
AIP	-0.328288885354088	0.630554416594467	0.857128070016347
STXBP3	1.11931522681505	0.354387013638513	0.738831898205052
SMAP	-1.29310958224364	0.105555154804993	0.622097562852089
AP3B1	-0.362770015477068	0.45788501418687	0.768673785285838
PSMD11	-0.180297455290447	0.678497603337236	0.875877640884717
PSMD12	-0.383033785435696	0.292024107215466	0.714700318166115
PSMD9	-0.673939005057818	0.145324773774087	0.658880256190409
SUPT5H	0.31471776973974	0.499300113079522	0.793094741028085
DFFA	-1.32083631561509	0.091655668040639	0.614082175445539
CLIC1	-1.80210901313445	0.160776558882041	0.674108591389704
EIF3F	-0.345003351152087	0.421987333929998	0.75840855535623
WASL	0.486933499785053	0.256029389284058	0.700562946835249
IPO5	-1.0729118493986	0.247188102614658	0.696801347176919
IGF2BP3	0.667283003994012	0.182691270200792	0.685634179466108
DNM1L	0.0313917038506837	0.960827180477873	0.989011270096913
PIK3C2A	1.18697565809832	0.222174175420403	0.695406487537471
IFRD1	-0.385933817449008	0.670704067725504	0.871282699265442
EXOC5	0.88744883513413	0.20443098202621	0.691573636443444
PSMD14	-0.0698929526345182	0.839583206872365	0.94584480988446
BIN1	-0.279021248177525	0.577927344094545	0.835404259061408
KPNA3	-0.0744766254368194	0.83692565563856	0.944579183693281
SDCBP	2.0698192292852	0.0865327125167358	0.614082175445539
PITPNM1	0.0202681344258515	0.966758614432215	0.991115598463679
DDX3X	0.0252015480085852	0.947240434015951	0.987177170311615
PIR	-0.864175116169566	0.192446258555479	0.685634179466108
PEX7	-0.869440324557129	0.12664276382124	0.64439308811282
KPNA4	-0.321603758442226	0.405402933602786	0.753672221047862
PPP6C	-0.85289337080583	0.0629755734098306	0.596130635432815
PDXK	-0.490835987556885	0.647679509132087	0.863721776335677
SCD	0.0451095599787479	0.908073953482593	0.976907679576941
TRAFD1	0.202598804080253	0.684344998259273	0.878766045391188
UBFD1	-0.577119011342837	0.266346040884941	0.701149087002738
COPE	-0.355030341683403	0.493058228049733	0.788179290155689
EIF1AX	-0.201835356426862	0.726834751764183	0.897496540011834
AP3D1	-0.240185809553871	0.631257220861326	0.857213567850366
CCS	0.00178318356013207	0.996070806063189	0.998840845572707
CHD1	0.517633828461861	0.574580508741711	0.833908276873539
GOSR2	0.918038120962141	0.3260590091458	0.728264279763946
PDCD5	-1.01508204631417	0.30698462430572	0.720450507262282
PRMT5	-0.755561002071182	0.122200327931208	0.641320845841423
NHERF1	0.0195152181176788	0.979989892820639	0.995121935313482
CHEK1	-1.20855934319704	0.0850119303036928	0.614082175445539
TCERG1	0.18796957630363	0.878543697804051	0.964961876488931
NDC80	-0.255401449025605	0.521151163779779	0.801241619928809
POLR3A	0.450602159319985	0.435215245973085	0.763373624091761
TSPAN4	1.15735740190622	0.0170499949324691	0.507524956338281
PSMA7	-0.549732243159767	0.147085606115024	0.658880256190409
SCAMP3	0.373134614573523	0.531850062759772	0.80677511107021
GEMIN2	0.730798029838514	0.183867436980814	0.685634179466108
TAX1BP3	-0.1546456670551	0.820656480287368	0.93694485671033
GIPC1	-0.463059431092084	0.198146717190782	0.688156185353367
IKBKB	1.11747697241194	0.390757575283657	0.75060035712492
HAT1	-0.927872675148723	0.218313699139778	0.695406487537471
MYL12A	-0.68080749459665	0.212704405121351	0.695406487537471
HGS	-0.338274366305374	0.468379787151245	0.775333835112331
AURKA	0.617859648389008	0.146108831752033	0.658880256190409
PPP1R12A	0.570041383436532	0.341437471556794	0.733387939461812
GAK	0.916345579229734	0.192988180156272	0.686546952992387
HNRNPDL	-0.274500659809306	0.604871954184311	0.846605121132949
XPO1	0.0748035895946337	0.846790376389063	0.950393616278571
BTAF1	0.888635199447783	0.0851653091597602	0.614082175445539
SPTBN2	0.487352378630419	0.259435829815371	0.701149087002738
SEC16A	-0.0964878122774451	0.836718965624775	0.944579183693281
PLXNB2	1.48427419402037	0.208985195100333	0.693385587179971
PFAS	0.0666211704164077	0.941788059275905	0.985954319578083
MCF2L	-0.0124890524086823	0.979890788251481	0.995121935313482
LSM1	-1.56809067149026	0.0380748909423184	0.562675200636541
ARPC1B	-0.740747297670861	0.114074492796545	0.640204663650482
ARPC2	-0.903753485202525	0.0956312561550993	0.616574142355582
ARPC3	-0.423214427833294	0.403281906016737	0.753672221047862
POLR1C	-0.439947236714747	0.315999451774555	0.721270616284475
TRIM24	0.713481928736591	0.189414744982032	0.685634179466108
PFDN6	0.410762350749934	0.53627573922511	0.811240464115697
OGT	-0.139431321507598	0.723565963365591	0.895644791832664
PMM2	-0.789351480872725	0.357402043605138	0.740539426780641
POLR3G	-0.554767004615776	0.243694116694584	0.696801347176919
HMGB3	-0.480659245388836	0.481256452918973	0.780601604860593
PPM1G	-0.35609446179291	0.667218906999452	0.871076771230801
INPPL1	0.746327901554722	0.216733805337905	0.695406487537471
EIF3D	0.101901129658934	0.76949937564101	0.917659429049747
EIF3H	-0.210697941306293	0.554057811704177	0.823809702681575
IPO8	-0.851136758188588	0.121342564279278	0.641320845841423
SLC16A3	0.242359911474857	0.671417659410603	0.871282699265442
MAGEB2	0.680218185128808	0.127108953930801	0.645914184316783
YKT6	0.0407819532259239	0.934928131360816	0.984644789559714
ARPC5	-0.951171726249875	0.17098172081045	0.68087160593252
DHX15	-1.07352966741641	0.228318733956181	0.695406487537471
RNMT	0.390157356643662	0.509362532957482	0.798668127876661
TTI1	-1.10817392924564	0.157495776184972	0.670262667653875
PRPF4	0.236633013436773	0.606640664680019	0.848242667268006
PHGDH	-0.862067342086682	0.303068042336227	0.71961296191732
DYNC1LI2	0.343556863986112	0.471013653429745	0.775716302578113
PSMD3	0.567391387930982	0.172702385468053	0.68087160593252
PAPSS1	-0.435233677218545	0.392487202861464	0.751401850401865
ZW10	0.165944928195248	0.721269083468307	0.894521901205717
PPIP5K2	-1.01898535725056	0.0114723480336117	0.456975827661209
MAP3K7	-1.28739332247451	0.0147835109209928	0.47978083341911
EEF1E1	-0.974056853724015	0.237136155472944	0.696801347176919
HNRNPR	0.556883255212249	0.209401149437347	0.693573961515468
TXNL1	-0.717784491378428	0.119267980612246	0.641320845841423
TPD52L2	0.179132066620166	0.705513881104842	0.888400202747427
FIBP	0.483094178111646	0.260383927967596	0.701149087002738
EIF4G3	0.227415867302206	0.740150697632962	0.905059011698087
PPIH	-0.186500251157437	0.717479503464926	0.892338529045758
AKR7A2	-0.322872678453368	0.682389076213812	0.876708786539501
EPB41L2	-0.104646592663453	0.910094657280871	0.976907679576941
DENR	-0.466818933199587	0.46809579824618	0.775333835112331
XPOT	-0.111431114847431	0.875096473288446	0.964456225901743
DNPH1	-0.271320297865689	0.669312057044145	0.871282699265442
TRAPPC3	-0.310147194592297	0.527079524796837	0.805214052517953
ZNF207	-0.208127580326192	0.619013800185097	0.852775334312327
GET3	-0.0802931973349956	0.82712292658824	0.93979074506731
BUB3	-0.0410602150064108	0.905737964897052	0.976907679576941
ACTN4	-0.402229363034859	0.418748784373957	0.757567044817683
BUD23	0.0306998725709207	0.932706385109941	0.983354452743027
HTATSF1	-0.341989910190716	0.662463797204964	0.868402100580021
AP1G1	0.838702255775793	0.260888004998374	0.701149087002738
SGTA	-0.662931280056512	0.148104126270877	0.658960985781253
ENSA	-0.815840596366776	0.121051607329677	0.641320845841423
NARS1	-1.07929338305144	0.281198235397266	0.710724859361415
MYO1B	0.895837261380933	0.114932606394564	0.640456800921767
NUDT21	0.458637035886554	0.36951973761901	0.74714273786946
LANCL1	-0.600112899293656	0.128261547334516	0.646928396835638
STRN	0.285340484051304	0.634645718100348	0.85788344166895
RRP9	0.58764889467426	0.318619220306452	0.725535040579905
AKAP8	0.0284577964072987	0.940534249233269	0.985391996082861
NRDC	-0.29091465549017	0.422584820804228	0.75840855535623
CALU	-0.122323383428753	0.722703709965292	0.895644791832664
AHCYL1	0.366810318452778	0.57292437583569	0.832443167598734
ORC5	2.00948822069322	0.0217297475597717	0.534259736438691
PDE6D	-0.758634142144967	0.0380564050683794	0.562675200636541
PEX1	1.19295743575129	0.0341605689785713	0.562675200636541
DHX16	0.609742149036833	0.216081131448412	0.695406487537471
ZNRD2	-0.509146060016434	0.351359834754798	0.73637910738439
PCDH7	1.1335429407446	0.0120692735425798	0.456975827661209
PRPSAP2	0.121550471786588	0.829990139186265	0.941110369212377
SMARCA5	0.437252565919902	0.416396952145807	0.75643635133228
SPAG9	-0.445120238781957	0.373948385752051	0.747419024903632
AQR	0.959168167606585	0.335384189109282	0.732563525901754
KIF1B	-0.45264369300186	0.460219846366017	0.770424380869335
KDM1A	0.17667892652026	0.711184087520153	0.891223685931236
TBC1D4	0.217844013120043	0.774086006451311	0.917659429049747
ACSL4	-0.0192715582043661	0.960873470154072	0.989011270096913
SNX3	0.941359322756931	0.13042150351963	0.64804309372352
OGA	-0.773167069913477	0.246910229908939	0.696801347176919
SYNCRIP	-0.153210580298243	0.668023644621263	0.871282699265442
RANBP6	-0.612248500209589	0.422356403298574	0.75840855535623
NEMF	-0.557102175030863	0.325694861434009	0.728264279763946
BUB1B	-0.500169433727205	0.508157230395384	0.798414655731071
PLOD3	0.321581196470706	0.528556375766925	0.805741892113958
EIF4E2	1.68794749691465	0.0868312646334068	0.614082175445539
DIAPH1	-0.881716881260779	0.225218798108956	0.695406487537471
EXOC3	1.37861693959203	0.0177016405320842	0.520540078996404
PLIN3	-0.75964152074495	0.388590791270347	0.750399014746494
RAD1	0.486289648219085	0.363234513830846	0.742810567366979
PRMT3	-1.16113641037908	0.0812176559404584	0.614082175445539
KPNA6	0.00958197509824288	0.981114862839782	0.995121935313482
UGDH	-2.28067624662782	0.0849176755906619	0.614082175445539
CTNND1	0.293952185056131	0.437505988657686	0.763953092597383
EIF1	-0.465947972047857	0.213135806611491	0.695406487537471
SNX2	0.363847292738537	0.349366721473383	0.735150697184343
USO1	0.282512991891828	0.410347802760849	0.755728762166141
TOM1	-0.050720511964812	0.919183309852952	0.976907679576941
CCDC22	0.370163463059853	0.38352502434412	0.747689875828869
DKC1	0.0790049204537091	0.813755944897923	0.93355490010869
EIF5B	0.0437299635326944	0.914041430885052	0.976907679576941
EDF1	1.104757906928	0.0268445551662754	0.561711427867226
DNAJA2	-0.0819643211825891	0.851611651059115	0.951931750040608
CUTA	-0.636978307205204	0.478391225195554	0.779344015169206
HUS1	-0.113108680258762	0.775517713221279	0.917659429049747
NOL3	-1.25713605917846	0.0849458580697504	0.614082175445539
SRGAP2	-0.310223708542473	0.417102733502009	0.75643635133228
WDR1	-0.604253904588631	0.389164863032855	0.75060035712492
ROCK2	0.0854345545405941	0.843388475513941	0.948278528915754
CPNE3	-0.666964098536635	0.270466660681916	0.701346162316267
CLUH	-0.851475650151841	0.0904436596918104	0.614082175445539
PPP6R2	-0.95404998705769	0.207619907776419	0.692505703780757
ANKRD17	0.82153043418635	0.549874680096334	0.820879789150383
GGCT	-1.31866818503313	0.0915356193620253	0.614082175445539
ZPR1	-0.579562172715899	0.377526508025465	0.747419024903632
PDCD6	-0.0826014252496314	0.900375946010747	0.974850560261629
TBCA	-0.310960775180774	0.767889976404007	0.917659429049747
ATP6V1G1	-0.240625986238129	0.621592474252002	0.852775334312327
VPS4B	-1.2651888487806	0.0624721795913188	0.596130635432815
SH3BGRL	-1.35406633508948	0.062536436465445	0.596130635432815
FLNB	-0.716573342387953	0.123226546225278	0.642241459543891
NCOR1	-0.342412397546031	0.622200440393108	0.852775334312327
CS	0.301803574499147	0.511523799788373	0.798673953697513
SPAG7	-0.151233074033108	0.792725916685316	0.924251074649723
SEC22B	0.674925267837338	0.23428213960235	0.696801347176919
VPS26A	-0.182390160566104	0.589689893426691	0.838981049444616
PSIP1	0.45708667202917	0.502455760131223	0.795001471453086
HSBP1	-0.359256403148557	0.461947731866953	0.771325688288059
BANF1	-1.24584417170297	0.0935407263640939	0.614378036085256
SF3B1	0.459299473428974	0.223351491026519	0.695406487537471
CSDE1	-2.89789448653239	0.00570629488062537	0.365232163793074
CRCP	0.162493814894425	0.823738538289246	0.939138529097269
NPM3	0.00298090833554454	0.995992045566883	0.998840845572707
LYPLA1	-0.425552769513256	0.380492246850754	0.747689875828869
SNRNP200	0.672073292951495	0.121906035266894	0.641320845841423
TIPRL	-0.892817895785022	0.204776719031749	0.691573636443444
TOM1L1	-1.87209391171229	0.00362726805021	0.278668239836042
RPS6KA4	-0.9020785214352	0.190313721419369	0.685634179466108
NUP155	-0.0399410418056618	0.927814563131631	0.981973100250578
WDHD1	-0.156777640034047	0.722086776756083	0.895248517442053
RNASEH2A	-0.951705799544285	0.115636716854405	0.640456800921767
CDC123	-1.13897821482592	0.140745927547864	0.655682150286243
POP7	0.978985554336973	0.261182160063738	0.701149087002738
RPP40	-0.112592771052213	0.80220445240056	0.928829327226806
EIF3G	-0.499444032295603	0.242738482009519	0.696801347176919
EIF3J	0.0665048882289518	0.932939076864436	0.983354452743027
PSMD10	-1.17781542665896	0.0194994529308652	0.533192871789224
IDH1	-1.18536706478926	0.147926990879326	0.658960985781253
DCTN3	0.318463064077907	0.461956581307685	0.771325688288059
DNAJC8	-0.290734975935202	0.40058710526483	0.753672221047862
TRIO	2.57751218834785	0.0574187817624105	0.591830229776505
MPDZ	-0.849652550677209	0.0975314447795482	0.622067370808441
GLRX3	-1.30270581412368	0.14899678300874	0.661408708022706
SNCG	-0.324064341257493	0.628014688539487	0.856072458417799
CIAO1	0.537277877182525	0.267741681895231	0.701149087002738
SRP72	0.191235342870883	0.630750381922956	0.857128070016347
DDAH1	-0.169354808499783	0.746753492027867	0.908907023703632
MTA2	0.0369786832083392	0.96337051023688	0.989011270096913
TOMM70	-0.449643496333636	0.598699779677746	0.844322688629747
DDHD2	0.290518706787946	0.593315483117489	0.840909576616618
SEC24D	0.0632543515745674	0.887444108882977	0.969248488734108
UBXN7	-0.706151841606804	0.145096490815465	0.658880256190409
PLPBP	-1.51534751301653	0.0314532541464365	0.562675200636541
FRYL	0.00215674595533244	0.997064482205245	0.998874975428445
USP19	-0.000605330109941349	0.998839571313231	0.999357104769869
AP2A2	1.16944201494056	0.0191881519767713	0.533192871789224
SEC31A	0.0579016749669492	0.87447249693928	0.964115394555859
HEXIM1	-0.19053359403253	0.654719083611327	0.865410835687151
CCNB2	0.187680318777318	0.719812840371259	0.893576724369592
UBR5	0.313059194662813	0.500605496319493	0.794305023330273
UBE4B	-0.44244206902674	0.283819872187988	0.712999729239602
ELP1	0.0248884368308708	0.977728948675778	0.99472845094464
GABARAP	-0.743230612846052	0.0744792495757713	0.614082175445539
ZRANB2	-0.164383636197979	0.833514161685147	0.943167797371239
SNX4	-0.0625924028621725	0.876053586205412	0.964456225901743
ZWINT	-0.0274869095205119	0.948306567760869	0.987177170311615
LUC7L3	0.271965842829104	0.747366049568107	0.909079585332923
KIF4A	0.15023804883295	0.806243791510167	0.929937802605723
SNAPIN	-0.118361767658442	0.775824002553956	0.917659429049747
MPZL1	-0.108494996923561	0.804042430142169	0.929236663770798
PGLS	-1.02178140491124	0.326609185943706	0.728264279763946
SMC2	0.117186276420366	0.788597707120815	0.923071559736269
ATG7	0.116710483355536	0.823899195696146	0.939138529097269
TRIM16	-0.399592344039718	0.630659176285154	0.857128070016347
IPO7	-0.132982412228294	0.904451912426912	0.976787831597521
TNFAIP8	0.354220745336324	0.501088294634934	0.79444661437474
BAG4	-0.849826988813497	0.175817932152111	0.685320332825264
AHSA1	-1.28061583548628	0.189724386512133	0.685634179466108
PARN	-0.996414366893006	0.0553015528783187	0.591830229776505
PSMG1	-0.399449279878787	0.588208736470369	0.838981049444616
FMNL1	0.425662138751118	0.256912726634606	0.700562946835249
SEC24A	0.0145462551168087	0.968779123833884	0.991687369084989
TDP2	-0.630911126763699	0.300898157008136	0.71961296191732
CNOT4	-0.0657714553422473	0.936770592014805	0.984783433438922
STAMBP	-0.224788332136477	0.727158357941674	0.89750239290196
EYA4	0.584352288956136	0.304311898408714	0.720450507262282
CEP43	-1.62871297649323	0.00343890328658322	0.278668239836042
SNAP29	0.695226918878319	0.137816046613677	0.651578095916984
OXSR1	-0.627809381535439	0.377298030519816	0.747419024903632
HSPA4L	-0.430643008707651	0.390442452992096	0.75060035712492
LSM8	-0.357719355655398	0.433533037580533	0.763373624091761
AP2A1	0.563791703475456	0.401988647013331	0.753672221047862
TTC4	-1.10194468762231	0.0318944644540223	0.562675200636541
BAG2	-0.492237952194017	0.182144450449895	0.685615855397166
BAG3	-0.446717426870439	0.36884963231995	0.7468469163573
CLIC3	0.105991964121429	0.822531760355357	0.938439485522124
EML2	-1.39573297324127	0.022073185230966	0.534259736438691
BPNT1	-0.239425167385122	0.814450766792508	0.93355490010869
DDAH2	0.246026934936946	0.758821868643782	0.915517043643326
TXNDC12	0.219791880879111	0.597258771721018	0.843677167661512
PTTG1	-0.781643033154481	0.169254192493749	0.679771472095822
ZBED1	0.26944898391006	0.646882106202255	0.863721776335677
MOCS2	-0.536146454630384	0.463478465042584	0.772062745044709
ACTL6A	-0.207534436721168	0.69737399170766	0.885048039086646
LDHA	-1.14040567752968	0.206530180122802	0.692505703780757
DHFR	-1.47468248458363	0.09957573581954	0.622097562852089
GSR	-0.631514015410335	0.391704645601965	0.751401850401865
SOD1	-1.03123147069643	0.222254459508861	0.695406487537471
PNP	-0.810532864945941	0.378434553879664	0.747419024903632
HPRT1	-1.10225996571784	0.313171033213604	0.720562223222902
PGK1	-1.52218234716434	0.196155811729704	0.688059713805737
AK1	-1.55433741493103	0.0929221625142826	0.614082175445539
ASS1	-1.15202558868608	0.272810290665707	0.701927609960665
NRAS	0.0849019393662367	0.892768034389378	0.972258643885358
HLA-B	-0.697632749433577	0.186622027113011	0.685634179466108
LMNA	-0.575150788867816	0.17330565367596	0.68087160593252
TFRC	0.319252605979472	0.466249538460223	0.775142366566242
FTL	1.622364782242	0.145918148494012	0.658880256190409
FTH1	0.47861081624189	0.619413793985301	0.852775334312327
CAT	-0.113629054942358	0.770535628125528	0.917659429049747
ALDOA	-1.653684857843	0.143085014947219	0.657498418703296
CSTB	-0.961002439039301	0.111866066543273	0.636974675032421
ANXA1	-0.251847400573347	0.814533358303032	0.93355490010869
NR3C1	-0.00826224768551498	0.984199021989533	0.996846740866398
KRT1	-0.703356498024043	0.267340168293058	0.701149087002738
GAPDH	-1.43547852481447	0.25913069216772	0.701149087002738
HLA-A	-0.0177334270561715	0.962542819207628	0.989011270096913
CAPNS1	-0.952144415434987	0.14546817372334	0.658880256190409
HSPB1	-1.31871451979819	0.170472518283746	0.68087160593252
TYMS	-0.643158689602625	0.498793231988963	0.793094741028085
GNAI2	1.64985053917741	0.0581628851134317	0.594246196582204
ATP1A1	0.450360781696588	0.397666602696561	0.75337218114396
ATP1B1	0.590721437124795	0.249844196970119	0.696801347176919
ALPL	0.203698197644261	0.648750888138593	0.864255236285355
ALPP	-0.934433474603988	0.380776203775098	0.747689875828869
EIF2S1	0.0288251010044185	0.94796677813666	0.987177170311615
RPLP1	-0.442296143112578	0.498973585148809	0.793094741028085
RPLP2	-0.449394317271611	0.5845429813913	0.838541153590634
RPLP0	-0.283249989236914	0.478549547134673	0.779344015169206
SSB	-0.545690163672177	0.33677528584677	0.732563525901754
ITGB1	1.03754476882592	0.0301754689206265	0.562675200636541
KRT18	-0.487770929555104	0.242548487507252	0.696801347176919
KRT8	0.00427805278453164	0.990927825055373	0.998339233865061
UROD	0.0909378416108382	0.903654516567399	0.976746079760228
CDK1	-0.749173690997388	0.526850706523203	0.805182995090071
ATP5F1B	0.694105193958933	0.181799572867625	0.685593534331282
EIF4E	-0.940993269300826	0.0347794899501394	0.562675200636541
ENO1	-1.70278699599175	0.176919826987775	0.685320332825264
PYGL	-1.43922963741982	0.0421006993166422	0.565682552495852
GPI	-1.32502220460167	0.313874653542928	0.720562223222902
POLB	0.503193742336297	0.249924016152892	0.696801347176919
NPM1	0.350748911925294	0.478987845913295	0.779344015169206
TPM3	-1.70673284578365	0.0510597419938041	0.5885479493218
ITGAV	1.03731218867396	0.0915106959583926	0.614082175445539
HEXA	0.643397425320156	0.262227744448652	0.701149087002738
DBI	-1.23927310230712	0.106637902960554	0.622108128751754
LDHB	-0.841687217913346	0.171137173940568	0.68087160593252
P4HB	0.227182588700629	0.489144259180308	0.787114637064312
CTSD	1.15642105893903	0.0818501189449479	0.614082175445539
ANXA2	-0.535689698915487	0.421630114173813	0.75840855535623
CAPN1	-0.738380366496223	0.367826924720395	0.746477973342178
TUBB	-0.921396198384912	0.371005654090716	0.747419024903632
PSAP	1.16527650589801	0.0919494444055625	0.614082175445539
HEXB	0.989692050081722	0.140527158325858	0.655453967940172
CTSL	0.705975562927051	0.21622829032108	0.695406487537471
PFN1	-1.62303411171959	0.235933455079122	0.696801347176919
APRT	-1.28885673860145	0.219795849294304	0.695406487537471
EPRS1	-0.458010195293987	0.444747855964836	0.768499778531428
CTSB	0.751400187817602	0.260817342384059	0.701149087002738
HSP90AA1	-0.955555137336926	0.244064765904918	0.696801347176919
HNRNPC	0.610701786015987	0.119759399034195	0.641320845841423
LYN	0.861868032444825	0.107027276538378	0.622588480803066
TPM2	-1.78409754854759	0.0361539218211361	0.562675200636541
FH	-0.473207044872822	0.452122464565366	0.768499778531428
SP1	-0.555598015556733	0.388491751205843	0.750399014746494
ANXA6	-0.799388178431286	0.14199551607062	0.657498418703296
CD55	0.419953184501072	0.399860835830691	0.753672221047862
SLC3A2	0.786767487094089	0.0593962122282997	0.595710464482412
PFKM	-2.10257225513755	0.0529717822988527	0.591830229776505
HSP90AB1	-1.12975857595772	0.203598982335078	0.691573636443444
ASNS	-0.857935390594008	0.29139120608578	0.714700318166115
SNRNP70	0.398106545132247	0.563419045908617	0.827748452614682
ITGA5	0.147969650511051	0.760428380736461	0.916210822957019
NFIC	1.03883015200149	0.0737234990107686	0.614082175445539
VIM	0.358461563459507	0.377526138232419	0.747419024903632
RPS17	-0.0439284367349515	0.923215533221418	0.978983632427544
KRT7	0.465055412905929	0.211690077444989	0.695344053829879
ANXA5	-1.35540551814772	0.274180039938075	0.704242320291895
RPSA	-0.060319767606817	0.880589879234031	0.965632674553971
SNRPA	0.522684402811912	0.234192890643254	0.696801347176919
GSTP1	-1.41356514710869	0.178001588145135	0.685593534331282
LGALS1	-0.426626480815564	0.602526304836127	0.845551086219885
QDPR	-1.29479641345709	0.131459827084171	0.648400832949001
HMGB1	-1.56744223818885	0.125685006150978	0.643919147581995
TPM1	-0.625714708506095	0.402415068653291	0.753672221047862
CLTB	0.45441280026246	0.504523065058155	0.795617834730337
ANXA4	-0.286925700263041	0.820168394199787	0.93694485671033
CNP	-0.100340117580824	0.813647334672779	0.93355490010869
HNRNPA1	-0.202215780532555	0.673646769474172	0.872150125279669
SNRPA1	0.00417311813901478	0.990389814914815	0.998339233865061
PARP1	1.40840711575422	0.0089930321801666	0.431695020223152
POLA1	-0.263877858271155	0.598325084082729	0.844257024014432
ALPI	0.527467222235458	0.21122916509503	0.694861188753839
LTA4H	-1.71895834193948	0.0976439549143555	0.622067370808441
ALDOC	-2.89092230812507	0.0123844442056969	0.459891572330783
H2AZ1	-0.135209171885549	0.909680074790849	0.976907679576941
RPS27A	1.20467354198561	0.275161251811414	0.705157766752277
TRAPPC2	0.382353133153703	0.413332521844732	0.75643635133228
SULT1A3	0.802335578143296	0.530338499280899	0.806047730902334
HSPA1A	-0.524105074530965	0.249118308919894	0.696801347176919
CALM1	-0.513198648683634	0.308432644908143	0.720450507262282
POLR1D	0.0669746716844024	0.877207467281003	0.964456225901743
RO60	0.0889660708153954	0.863367353919175	0.956476409345907
RRAS	-0.324252341071738	0.561455613593682	0.826664727296531
ARAF	0.0248279843603996	0.953814196398739	0.988567914558181
H1-4	5.65915945697208	2.91411929536803e-05	0.0187572145311855
PTPRF	1.05727737985779	0.331122838636363	0.731479600893477
TXN	-0.945175830271758	0.354331796091912	0.738831898205052
PRKAR1A	-0.464637970443203	0.436295376126746	0.763599440038201
ESD	-1.00556782962167	0.143508410209181	0.657498418703296
HSPD1	0.394592014670263	0.414510914130064	0.75643635133228
CLU	-0.142825414644911	0.687843630006891	0.879965188861793
HSPA5	0.0501320845042414	0.877322492592059	0.964456225901743
HSPA8	-0.743662606706089	0.198859925130559	0.688156185353367
SLC2A1	0.574605439124532	0.366509658635943	0.745371406873098
EPB41	-1.01623690489128	0.327152236874903	0.728264279763946
UMPS	-1.52425934339808	0.016248276862873	0.498022581304885
BCR	-0.340127324578386	0.537833389847259	0.811582551559153
TOP2A	2.12014014044847	0.0835465478429298	0.614082175445539
G6PD	-0.117063859305215	0.82546778279022	0.939724166863126
UBL4A	0.0375206381913458	0.942335468831292	0.986255998451006
DMD	1.17149686527911	0.243813293320581	0.696801347176919
MTHFD1	-0.759608320030811	0.178352688741124	0.685593534331282
ADH5	-0.895919450875301	0.321587368664632	0.72814678337831
CDK4	-0.973858703246457	0.120142332325694	0.641320845841423
PRPS2	-1.36794173299782	0.00905419384724891	0.431695020223152
PABPC1	-0.149594732511915	0.732808286888677	0.900599404922969
PCNA	-1.06673994498204	0.0481949882549183	0.578554581739985
HARS1	-0.980413821834283	0.308515006009764	0.720450507262282
COL6A1	-0.259503486912806	0.436766225542306	0.763599440038201
IMPDH2	-0.499894461063416	0.357815332757316	0.740539426780641
TPR	-0.233783506113991	0.475897302218817	0.778118281612647
CKB	-0.847811429410449	0.508815330595603	0.798668127876661
ANXA3	-0.962982300699903	0.313636538163447	0.720562223222902
ACTN1	-0.409606787766474	0.365452034751273	0.744180101598423
PEPD	-1.2882113789146	0.226993175885172	0.695406487537471
XRCC6	-0.357760636434818	0.485122355309562	0.783909010964656
XRCC5	-0.217768584209711	0.57241287127876	0.832443167598734
LAMP2	1.79401778537027	0.0111642046986292	0.453854300485325
RNH1	-0.705742902510849	0.248955262073623	0.696801347176919
EEF2	-1.58425944478482	0.129575484604403	0.64804309372352
KRT10	-2.59785483848275	0.16083820935696	0.674108591389704
PDIA4	0.0208313182668398	0.957566021510986	0.989011270096913
TPT1	-0.946105339072346	0.243856066622074	0.696801347176919
PLS3	-1.18783876974948	0.100619042357801	0.622097562852089
APEH	-0.805304956166268	0.238268384973487	0.696801347176919
GYS1	-0.727519865641366	0.0848272755799675	0.614082175445539
PRKAR2A	0.0505956795159612	0.898313125356748	0.974850560261629
ENO3	0.257955325990793	0.824360334966272	0.939138529097269
GTF2F2	0.650380396481602	0.201973273078165	0.690283876661834
MIF	-1.58671467909894	0.135903045530412	0.651578095916984
CD99	0.208535026783995	0.788811153036982	0.923071559736269
PRKCSH	-0.314753336844156	0.362646567616753	0.742810567366979
FDPS	-0.958218060791516	0.195880746376875	0.688059713805737
CPM	0.336371350002665	0.569144385306335	0.83102392160031
AKR1A1	-1.29624954905798	0.130714025264972	0.64804309372352
PKM	-1.4810162490832	0.191347652415489	0.685634179466108
ACYP2	0.0802905725013616	0.886520397183774	0.968876544403563
HSP90B1	0.00214407447806764	0.996254515055947	0.998840845572707
CCNB1	0.390013287776902	0.660543017790157	0.866835796199991
SNRPB	-0.121464446092496	0.753515470104781	0.912393323571525
IDE	-0.392332475479673	0.326097848941305	0.728264279763946
HNRNPL	0.785452907279215	0.301847677075157	0.71961296191732
DARS1	-1.36291963109611	0.116155802462791	0.640456800921767
JUP	1.61101281433829	0.00803449744202412	0.425057933165715
AKR1B1	0.461827998348365	0.611512179815105	0.848655194632534
ANPEP	1.45385454799473	0.0853456372418311	0.614082175445539
GSPT1	-1.9644667075761	0.0324882368362515	0.562675200636541
EZR	1.5126959653508	0.0511767050680562	0.5885479493218
UCHL3	-0.793492167064723	0.31097232205334	0.720562223222902
NME1	-1.05884041388642	0.244460319689374	0.696801347176919
NQO1	-1.28210196632445	0.164076866603433	0.678277879484695
GNS	0.945058543619531	0.0391857364659156	0.562675200636541
RPS2	-0.12195722993722	0.739668645699846	0.904846471236238
TCF3	-0.600755318219086	0.458076749962692	0.768673785285838
DSP	0.8819675073917	0.138806177612526	0.651578095916984
RPA2	-0.0548626430943493	0.908111914215994	0.976907679576941
CD44	-0.112278690382745	0.795331963149172	0.924984429501446
NQO2	-2.0389870391562	0.0492116399230673	0.578554581739985
CBR1	-1.12749492048778	0.229855558548098	0.695406487537471
NCK1	-0.702995594771398	0.166992992292611	0.679771472095822
H1-5	-0.742855231111726	0.244699849365733	0.696801347176919
POR	0.743576250464439	0.285441504166587	0.712999729239602
FAH	0.258875219721141	0.723912827754534	0.895787036458831
STMN1	-1.67326874169579	0.100703354990884	0.622097562852089
YBX3	-0.336413890118855	0.375000074855184	0.747419024903632
HSPA6	-0.144831989804779	0.709603259712395	0.891215541141226
HMGA1	-0.367989040690095	0.443475649622801	0.768499778531428
GOT1	-0.326150288041326	0.784103435863032	0.920575765025969
PRKCA	0.996581715828508	0.256359219472553	0.700562946835249
NPR3	0.51633215709596	0.524439447011751	0.803405451947394
PRKACA	-0.0479861489565785	0.913712794257501	0.976907679576941
CAPN2	-0.95016350500989	0.073717784063066	0.614082175445539
PTPN2	1.22678171061015	0.0567561641358357	0.591830229776505
CTPS1	-0.580508615849887	0.485671970642001	0.784412389197961
DDX5	-0.263229151327138	0.513233482473279	0.798673953697513
PFKL	0.376298633572109	0.633206553286542	0.857749459415162
LGALS3	0.17676610727294	0.783760838126673	0.920575765025969
PSMC3	-0.114666418080411	0.7963680031311	0.924984429501446
TCP1	-0.753438316034973	0.229068083004278	0.695406487537471
ERCC2	0.564321732666905	0.404218110716799	0.753672221047862
RPL35A	-0.0841940443875977	0.840498878533738	0.946151151846262
ARF4	-1.27977461734017	0.0499389808669397	0.582671734465622
RPL7	0.0403626769049765	0.921601140549881	0.978077385216719
VCL	-1.45394234682046	0.0577731736472663	0.591830229776505
NELFE	1.15920665876114	0.0201588131066775	0.533192871789224
RPL17	0.125001849121393	0.717893582753516	0.892338529045758
PGAM1	-1.30325656104763	0.150567788757273	0.663295961852487
RCC1	0.452734887454309	0.303347980839305	0.71961296191732
LIG1	-0.0656835881383486	0.900218547202441	0.974850560261629
PLCG1	0.152208734316826	0.831620045513032	0.942128664057298
NCL	0.889838712013738	0.062417889653073	0.596130635432815
HK1	-0.430071024929234	0.26886234185017	0.701149087002738
POLR2C	0.204242252747555	0.679301834748395	0.875877640884717
POLR2E	0.0406123447725051	0.930895577187146	0.983354452743027
EIF2AK2	0.833888453559705	0.0515503414246335	0.589016031307499
SRM	-1.05291995807023	0.208389949295483	0.692505703780757
CSNK2A2	-0.165538856662224	0.643441775082314	0.862238770079076
RXRA	-0.687916169141825	0.189733764524494	0.685634179466108
NFKB1	0.0813384695008956	0.857054492374717	0.954424581762156
EIF2S2	0.817160012926411	0.0835704472732351	0.614082175445539
ANXA7	0.917075266638463	0.314215615876853	0.720562223222902
BTF3	-0.906307993688344	0.223028506397949	0.695406487537471
RAB3A	0.26731401169134	0.590078748588272	0.838981049444616
RAB4A	-2.69017151861915	4.4061243972626e-05	0.0212705655277852
RAB5A	-0.0432026026174874	0.902246912175038	0.976317616929111
PSMB1	-1.02193658379529	0.0486279904426995	0.578554581739985
LMNB1	-0.132769365806617	0.731915385809923	0.900599404922969
BCL3	-0.303463282185913	0.610277854793387	0.848655194632534
CAST	-1.24181214560754	0.0546241978108706	0.591830229776505
IMPDH1	-0.700900720250708	0.212260335576585	0.695406487537471
PTMS	-1.33733112903395	0.180112145734236	0.685593534331282
CDK11B	0.250655776074865	0.595640273885864	0.842623713460516
GSTM3	-1.62737300352258	0.0883032497343562	0.614082175445539
ATP6V1B2	-0.0221660641935877	0.957785474459159	0.989011270096913
ATP6V1C1	-0.532140618492065	0.235872825167555	0.696801347176919
CSRP1	-0.0145299401470993	0.965519387322101	0.990131671226222
FLNA	-1.09174827831311	0.189157524592778	0.685634179466108
ACO1	-0.998331842137482	0.369702167806457	0.74714273786946
TGM2	-0.847290997559941	0.376522499312732	0.747419024903632
OSBP	0.461409350015327	0.319584255607041	0.726440336081791
PCMT1	-0.635517896387576	0.16853253860452	0.679771472095822
FBL	0.979500770454127	0.165411228263089	0.678277879484695
GART	-0.543174956108267	0.554885075495706	0.823809702681575
PAICS	-0.991808662615938	0.338212561124797	0.732563525901754
UBA1	-1.12418248011139	0.278826626875317	0.708906144168845
NME2	-1.14647926189547	0.300535138970163	0.71961296191732
HNRNPA2B1	0.190962012617945	0.610100617928254	0.848655194632534
RFX1	0.241817575031206	0.78132936582229	0.919127021262773
CBL	3.5008443771662	0.00018919100059169	0.0487103762856738
PRKACB	0.199122661438398	0.635598095511038	0.857979673143527
TCEA1	0.271802204498925	0.869312873741439	0.960807622684611
SFPQ	0.803762151934745	0.388029857127108	0.750399014746494
PPIB	-0.0619796209972598	0.856518117200581	0.95415826490483
WARS1	-1.05868039314969	0.221612762100263	0.695406487537471
RPS3	-0.65544250415309	0.0866391401361662	0.614082175445539
SP100	-1.77848416274335	0.0563111417282894	0.591830229776505
AHCY	-1.69202699805464	0.123212624975039	0.642241459543891
CFL1	-1.93675552853433	0.0441705045700485	0.574083108528203
EIF4B	-1.52198444374334	0.0110380578101335	0.453499779390803
F8A1	-1.44644519509142	0.00428245351617431	0.312053499612551
DTYMK	-0.936133035339893	0.227645948549984	0.695406487537471
RRM1	-0.962584866062901	0.0927345824151985	0.614082175445539
EEF1B2	-0.862504614867451	0.290617109006704	0.714700318166115
ACP1	-0.274800407569479	0.732765992785675	0.900599404922969
MYL9	-1.65454648076074	0.00113538385537472	0.141446853208295
POLR2A	0.0391988434190793	0.942842347561138	0.986255998451006
CDK2	-0.00379315118794565	0.992953326666727	0.998339233865061
GRK2	-2.85976768293888	0.00234586732019227	0.232301015143142
MCM3	-0.050621947847322	0.897847815627668	0.974835047499031
MPST	0.649364395795711	0.263542116696654	0.701149087002738
RPS12	-0.15338719123756	0.771685638651441	0.917659429049747
YY1	-1.45214994336428	0.0250692566408379	0.543918365993911
DNAJB1	-0.0902268258257699	0.87936703655319	0.96535403501092
DNAJB2	0.931940310592598	0.0559564226893686	0.591830229776505
PSMA1	-0.118237192881764	0.767286179484804	0.917659429049747
PSMA2	-0.576620785531471	0.146877111444209	0.658880256190409
PSMA3	-0.84852630418797	0.115174167427363	0.640456800921767
PSMA4	-0.365265589929503	0.431417052721864	0.763373624091761
ITGA3	0.070521034653396	0.880620994246267	0.965632674553971
MSN	-2.31036332059222	0.00945198913670287	0.439802193324656
DDX6	0.955401773461062	0.028034455510636	0.562675200636541
DNMT1	0.58240192638636	0.210983347434449	0.694861188753839
U2AF2	0.299066021316225	0.517267398817993	0.798742291879977
RPL13	-0.415268046439067	0.293548044571928	0.715969957845173
S100A4	-1.50422635127739	0.179723496046984	0.685593534331282
HMGB2	-0.804465266247803	0.0470213771773747	0.578554581739985
PTBP1	0.543464596288501	0.137634734943087	0.651578095916984
TARS1	-1.07765068370978	0.26957746486303	0.701149087002738
VARS1	-1.0455822608276	0.10352943674213	0.622097562852089
EEF1G	-0.213215709141849	0.740594431419354	0.905059011698087
STOM	0.709323522483817	0.274967340934108	0.705157766752277
YWHAQ	-0.898980584165802	0.154725610970266	0.665423507313102
MAPK3	-0.517207269164331	0.326338792012829	0.728264279763946
MARK3	0.73317481059081	0.154091865923124	0.664919314184473
ARNT	-1.0159906963648	0.0570275293060023	0.591830229776505
RPL10	-0.0362983106003263	0.930725653350875	0.983354452743027
RPA1	-0.131820733112953	0.799635866594884	0.92738550053737
APEX1	-0.502416589338821	0.404404291835604	0.753672221047862
CAD	-0.740417259117638	0.07323259374011	0.614082175445539
CALR	0.17734671291764	0.68923124273457	0.879965188861793
MAP4	-0.884110609321439	0.190815715275763	0.685634179466108
CANX	0.292856330503014	0.506015465877411	0.796670089367534
PSMB8	0.574458427525609	0.159598629945456	0.674108591389704
PSMA5	-0.471202998494256	0.340674285996776	0.732563525901754
PSMB4	-0.507974049496976	0.223332372740943	0.695406487537471
PSMB5	-0.762871232468733	0.0831157090547147	0.614082175445539
ITPRID2	0.0752606401710452	0.89516855205447	0.973568275988274
POLD1	0.303297815797681	0.587135351838928	0.838981049444616
MAPK1	-0.977506325450246	0.0700014676329594	0.609336539686903
ERCC5	0.855562220230933	0.237451900044772	0.696801347176919
LAP3	-0.115179458813159	0.826719087448318	0.939724166863126
GTF2E1	1.17468971352593	0.280522012634978	0.710572989209895
TPP2	-1.52606979860347	0.0157747288566064	0.491306474550112
IMPA1	-0.147984011758414	0.806411626340384	0.929937802605723
SHC1	0.301557792856116	0.59074310516686	0.838981049444616
CRABP2	-1.3090603311054	0.156739587038466	0.668132765058009
TKT	-1.3346679646426	0.207192064048768	0.692505703780757
RBMS1	-0.0249875771817401	0.956326175898526	0.989011270096913
PML	-0.949456019180285	0.0467161596180959	0.578554581739985
EEF1D	-0.41660793560937	0.401452345614488	0.753672221047862
MARCKS	-0.806636142045004	0.0825240369093581	0.614082175445539
ERP29	0.454754438634943	0.204744571654464	0.691573636443444
PRDX6	-1.47876185929495	0.194330697130383	0.686855185819235
BLVRB	-1.18264516040227	0.173544242705522	0.68087160593252
PRDX5	-0.0345128069182259	0.952194756508981	0.988567914558181
DDT	-1.03563954242879	0.359346602966965	0.741834346573047
PRDX3	0.641898329033509	0.145392752894857	0.658880256190409
RPL12	-0.375317947234699	0.330376393099118	0.731182596073806
CMPK1	-0.451446944044871	0.569131268789766	0.83102392160031
PEBP1	-1.43949392707078	0.211228352598969	0.694861188753839
PDIA3	0.317543176971142	0.371630187883393	0.747419024903632
PPP2R1A	-0.657731393854149	0.299815006687977	0.71961296191732
PPP2R1B	-0.562850247471768	0.49031030116949	0.788179290155689
CDC27	-0.834277138108369	0.0869813996199468	0.614082175445539
NMT1	-0.28014698449141	0.665925066535611	0.870687972913594
ADSS2	-1.57154156028923	0.0866247800116198	0.614082175445539
LRPAP1	0.083782431570576	0.803004382510843	0.929060193306434
ADSL	-1.01389668550588	0.166295687526885	0.679612640453787
CLIP1	-0.0130095944910913	0.986046378309615	0.997692265636806
SERPINB1	-1.22758704727294	0.0912002034010852	0.614082175445539
SLC7A1	0.452625416469896	0.453823383062216	0.768673785285838
POLR2B	-0.256832366652223	0.621667594173235	0.852775334312327
MAT2A	-1.30827441294296	0.151856166128645	0.663295961852487
PRKAR1B	1.05295580350308	0.0296605862670092	0.562675200636541
CPS1	0.711408381651822	0.119120606704948	0.641320845841423
RRM2	-0.573968617257655	0.257042386241727	0.700562946835249
DNAJA1	-0.427866114778407	0.338679378107979	0.732563525901754
ATIC	-1.87617136272937	0.0244669350011137	0.543270726429757
HNRNPH3	0.164310339762167	0.771186413818643	0.917659429049747
HNRNPH1	-0.339218290104132	0.458760297057781	0.769070268623056
YWHAB	-0.921719255745383	0.188545311205421	0.685634179466108
SFN	-0.257532241953925	0.786535370138227	0.922721628029718
STIP1	-0.807729602524841	0.300364940382159	0.71961296191732
S100A11	1.06624659075951	0.327737783073469	0.728264279763946
L1CAM	0.267338735252011	0.622077037297844	0.852775334312327
INPP5B	-0.441180287662938	0.344115246820675	0.73358072091716
PRDX2	-0.511002755786016	0.65596111195341	0.865410835687151
HPD	-0.665205649219249	0.173349777135062	0.68087160593252
CTH	-0.878316536559616	0.358219758167611	0.74060209102961
RPL9	-0.0217056929296255	0.960749622954623	0.989011270096913
ACSL1	0.380832138129236	0.344271281831959	0.73358072091716
KIF5B	-0.639655698643391	0.29844680110964	0.719342774677481
CSTF2	-0.0148025438138681	0.981465419888413	0.995121935313482
DUT	-0.921772933484796	0.314784951864849	0.720562223222902
TTK	0.151961098905556	0.886840648489538	0.968876544403563
MCM4	-0.144610309173164	0.753634050283057	0.912393323571525
MCM5	0.141950712067988	0.712998250336405	0.891633826092463
MCM7	0.113108458214164	0.795371941581332	0.924984429501446
HSPA1L	-0.567075233171792	0.272414891645526	0.701925953989103
HSPA4	-1.22208285719634	0.117132092391418	0.640786000367999
MPI	-1.45581643147948	0.0199423822143249	0.533192871789224
GPC1	0.585744000989262	0.319334902634121	0.726308241444626
PFN2	-1.91789599438762	0.00694806537280997	0.400498932384957
CTNNA1	0.734060283447665	0.509778853171755	0.798668127876661
CTNNB1	0.897175758120657	0.0850758752182215	0.614082175445539
SERPINB6	-0.516976414538579	0.483303299240775	0.782033107008123
RDX	-0.266836401620743	0.513223333101259	0.798673953697513
RPA3	0.383951888191696	0.540746621312112	0.81322564311035
RFC4	-0.571641508827295	0.348827707312736	0.734961497551179
RFC2	0.454075014753172	0.244623344399584	0.696801347176919
RPL22	-0.40674320766049	0.355115962036817	0.739729150693735
GTF2F1	-0.903191327118517	0.310533376922734	0.720562223222902
SPR	0.199450117112107	0.811124216980308	0.93355490010869
AGL	-1.90140447978947	0.0352082417189372	0.562675200636541
MYH9	-0.239009098367259	0.647281324949256	0.863721776335677
COPB2	0.292974036850982	0.490913915194393	0.788179290155689
ADD1	-1.02145948942943	0.0211488236656906	0.533192871789224
BSG	0.252905493525638	0.523320618917568	0.802646636322338
FUS	-0.264244358039779	0.705344591982286	0.888400202747427
NUP214	0.166180311052255	0.697547382407898	0.885048039086646
DEK	0.417521934441385	0.528443610220954	0.805741892113958
CHKA	-0.0990919905656824	0.85186161335924	0.951935633910123
PSMC2	-0.327614502132892	0.421108177989168	0.758261266077433
ARL2	-0.399814737222211	0.405143953559517	0.753672221047862
ARL3	-1.07652176654709	0.125905255277002	0.643919147581995
MAP2K2	0.613404185805795	0.239887034334654	0.696801347176919
ATP6V1E1	-0.80966043376301	0.140283628815676	0.655453967940172
RPL4	-0.148051940982118	0.746063603609389	0.908640062169492
PGM1	-1.60663631187433	0.12959079813064	0.64804309372352
PPP1CC	-0.696531634899177	0.16850364989925	0.679771472095822
SRP14	-0.460268537526819	0.492630991173391	0.788179290155689
NUP62	-0.293868076421784	0.455066648404582	0.768673785285838
HPCAL1	0.399176656687597	0.30042049153905	0.71961296191732
FDFT1	0.404515897799307	0.272446143197738	0.701925953989103
TAGLN2	-1.68302593573649	0.184467135342901	0.685634179466108
TALDO1	-1.98268639118705	0.05419578020846	0.591830229776505
SNCA	0.286095429370562	0.612840904275717	0.848655194632534
ETFB	0.626526557464231	0.26334232848656	0.701149087002738
ATP6V1A	-1.87372093727999	0.170880971058413	0.68087160593252
HSPA9	0.389284666409441	0.403073214611921	0.753672221047862
EIF4A3	-0.552847634518152	0.512180793699829	0.798673953697513
RPS19	-0.425079512362085	0.352175639957738	0.73637910738439
RPL3	0.384933462719406	0.346601571666974	0.734961497551179
FEN1	-0.0454474062486483	0.937787557289336	0.984982251896129
CAPG	-0.77940647533249	0.269099537959418	0.701149087002738
CAP2	-2.25896680642656	0.000207790392620487	0.0501554060187701
TXLNA	0.859490924589039	0.176169149932146	0.685320332825264
CCT6A	-0.961487487276404	0.298859024878262	0.719572041196913
NNMT	-0.940024139435405	0.168661016913778	0.679771472095822
RPL13A	-1.53058462237369	0.105475666015431	0.622097562852089
ARL1	-0.507498074408794	0.228780294776491	0.695406487537471
MLH1	0.167503840134941	0.66288176916362	0.868402100580021
STAT3	-0.90238296860576	0.193958837272709	0.686855185819235
PEX19	-0.412832069060453	0.287049788355497	0.712999729239602
MDH1	-0.862101278979424	0.204857648910228	0.691573636443444
RFC5	0.111871932231598	0.75780685322567	0.914864040999543
RFC3	0.533154575352075	0.472080509123463	0.77578306547539
EIF2S3	-0.980755375429034	0.0664709304700588	0.605553264048341
NAA10	-1.17516671632868	0.0142248454664068	0.470133170461824
PPP1R2	-0.281845015005661	0.506225794724226	0.7966764544519
CSK	0.733933462822108	0.352554368087451	0.73637910738439
GARS1	-0.715379573072987	0.479109320407973	0.779344015169206
IARS1	-0.842404777194535	0.237753716004344	0.696801347176919
PRKCI	-0.416510299809183	0.390712887644522	0.75060035712492
STAT1	-0.709187129197566	0.403838386200358	0.753672221047862
STAT6	-0.163718215672347	0.705009722480322	0.888400202747427
MTREX	0.148943124889133	0.826153964870813	0.939724166863126
AKR1C3	-0.400837641232346	0.527705329643194	0.80553279963716
MTOR	-0.527713913973002	0.281154920544696	0.710724859361415
EPS15	-0.144354915804136	0.711455883926981	0.891223685931236
RPS27	-0.323316414615284	0.446139481099568	0.768499778531428
RPL35	-0.383144625966711	0.332498379959087	0.731479600893477
CDKN2A	-0.951220017025218	0.194923170289457	0.686855185819235
PRCP	1.12772442222597	0.0424261109629549	0.565682552495852
HTT	-2.39734028488629	0.00944244067764242	0.439802193324656
PAFAH1B1	0.671063249449752	0.0664333293555277	0.605553264048341
MCAM	0.304701306835394	0.388311003707999	0.750399014746494
MATR3	0.448557142061553	0.457704911674919	0.768673785285838
MSH2	-0.308766716717095	0.550765864745661	0.821575036557645
MAGEA1	-0.671621421283472	0.245151672159123	0.696801347176919
MAGEA12	-0.995459975817219	0.136090912929149	0.651578095916984
RANBP1	-0.466367030066898	0.496930329692583	0.792404844851821
NAMPT	-0.58799381039708	0.364146383751425	0.742810567366979
PSMC4	-0.164487872544111	0.649430523134452	0.864564177988712
CBX5	0.487862968222863	0.470362632311608	0.775333835112331
USP5	-0.100286408939475	0.875868962378417	0.964456225901743
RANGAP1	0.605519083761102	0.371386955962645	0.747419024903632
RECQL	1.03749631383085	0.144149988075293	0.658880256190409
NOP2	0.190447568427704	0.634963735411571	0.85788344166895
CRK	-0.285026698258783	0.595465875191421	0.842623713460516
CRKL	-1.15368185703816	0.100968161393266	0.622097562852089
BAG6	0.498596025089515	0.277554397210709	0.708469981512068
MAP2K3	0.796791334800343	0.440641034049666	0.766556609684599
RPL27A	0.248691220700753	0.686420142403917	0.879255253719378
RPL5	-0.782232902714163	0.137782059717323	0.651578095916984
RPL21	-0.0825884787603854	0.848076287739196	0.951283945178268
RPL28	0.14239463378555	0.706308310967852	0.888679317744805
RPS9	0.0421123682657125	0.903313898358572	0.976651252928556
RPS5	-0.386204359143949	0.291595283830838	0.714700318166115
RPS10	0.153784185441403	0.778202574460917	0.917684990097118
GNPDA1	-1.18155170376077	0.144187282517822	0.658880256190409
YAP1	-0.725241427776531	0.0938508284087227	0.615060140138867
IQGAP1	-0.777794758235288	0.210803197810511	0.694861188753839
GYG1	-0.900811649113326	0.347613460218056	0.734961497551179
PLA2G4A	-0.985528582636782	0.230735621619923	0.695561719483939
CAPZA2	-1.95928100250033	0.0715638448286897	0.6101094232415
CAPZB	-0.99459199568658	0.105436157974807	0.622097562852089
QARS1	-0.427078978658241	0.400007967653068	0.753672221047862
RPL29	-0.743672459584104	0.138189630691984	0.651578095916984
LIMS1	-2.23544927196933	0.00102060585300479	0.135884113952739
PREP	-0.643156521203004	0.337926291197116	0.732563525901754
ME1	-0.762986194717246	0.368495207657322	0.7468469163573
PIP4K2A	0.00365359313047975	0.994495124664148	0.998372802561201
ARCN1	-0.0326844438913767	0.925274349416326	0.980090383281912
GCLM	-1.04211045481559	0.127919432474921	0.646928396835638
PSMD8	0.216405410571976	0.648519104674874	0.864244576347261
PRRC2A	-0.910183026208948	0.0803854157444986	0.614082175445539
GSS	-0.600503830834224	0.525608918620526	0.804558717285957
CCT5	-0.414874436947958	0.615669935334928	0.850449939613249
CSNK1A1	0.400005590949362	0.37251792590165	0.747419024903632
CSNK1D	0.435195224057587	0.324136117555764	0.728264279763946
PITPNB	-1.31230488959536	0.0545825172801718	0.591830229776505
ADGRE5	-0.228402754126964	0.547093502490261	0.818945345438308
POLD2	-0.218274483463894	0.651029159693097	0.864794105613559
MARCKSL1	-0.951701562197709	0.0328936456771524	0.562675200636541
PXN	0.914321184709312	0.0902080586730318	0.614082175445539
MAPKAPK2	0.780627370000516	0.21236214065859	0.695406487537471
ALDH9A1	-0.0168832417367177	0.973408267822926	0.993090038605227
RPL34	-0.0621700244908858	0.887683041080409	0.969248488734108
RPIA	-0.387326395515643	0.587997820790921	0.838981049444616
LMAN1	0.37452395799686	0.604247440370692	0.846605121132949
NASP	-0.501421949261768	0.531861582802888	0.80677511107021
FASN	-0.352483976203864	0.671719848456241	0.871282699265442
FNTA	-0.297885070555083	0.617069499523844	0.851115145414674
DHPS	-0.579475614582503	0.358492098899887	0.740768585313732
CCT3	-0.775911977941345	0.304918624414182	0.720450507262282
ALDH7A1	-0.16417787302624	0.775308874921072	0.917659429049747
CDC34	-0.160987688455982	0.840560487308266	0.946151151846262
SRP9	-0.283605584317744	0.456334629327821	0.768673785285838
PCYT1A	-0.125328654552192	0.77583806648006	0.917659429049747
AARS1	-0.751633599864501	0.427714473810862	0.761129185354188
CARS1	-0.603205094480479	0.444300137840924	0.768499778531428
SARS1	-1.44512051491893	0.239473848386589	0.696801347176919
PRIM1	-0.023310921980233	0.972590734008462	0.99290124629677
PRIM2	-0.33428778019719	0.501690655108528	0.794523873577233
PSMB3	-0.088577185151113	0.812303713075392	0.93355490010869
PSMB2	-0.325840745289042	0.451350718844101	0.768499778531428
MCM2	-0.081524506114917	0.858333097678331	0.954598574528481
TMED10	0.645618429692973	0.217167881260675	0.695406487537471
EIF2B2	-1.47305684205628	0.0614947042166978	0.596130635432815
HINT1	-1.1638988548246	0.231073455747772	0.695561719483939
RANBP2	1.46813462698446	0.0207524511888618	0.533192871789224
TSC2	0.939398359647125	0.29152887947282	0.714700318166115
GSK3A	-0.0229209943187527	0.94520130925123	0.986679026607525
NT5C2	-0.877686519672363	0.13326130629472	0.64950690283642
SEPHS1	0.883552133725967	0.318396306354934	0.725455182975077
GMPS	0.104221707416208	0.892436309165525	0.972239499576095
LIG4	0.270322157917366	0.612617691250689	0.848655194632534
MRE11	-0.0103422793975128	0.994203183181001	0.998339233865061
GDI2	-0.630998533771155	0.478111346373766	0.779344015169206
SERPINH1	0.0297416659659575	0.936090509709213	0.984783433438922
ST13	-1.11205184760905	0.161446755762856	0.674108591389704
PEX5	-3.15985882546989	0.012026594566666	0.456975827661209
VASP	-1.16817626383711	0.0382087767392209	0.562675200636541
DNM2	0.84473741118968	0.0489609534242836	0.578554581739985
METAP2	-0.523009063175131	0.143398298312357	0.657498418703296
CDK7	0.421379054727986	0.515206891120943	0.798673953697513
KNTC1	-3.12642046093848	0.011728228459032	0.456975827661209
CDK9	1.88698755920993	0.10144913598009	0.622097562852089
LRBA	-2.73171399695022	0.0152960966140164	0.484209222322388
RPL14	-0.315410368939691	0.520279958579964	0.800526374516263
CCT8	-0.524464356865224	0.465727514795106	0.774729824797825
CCT4	-0.673948240221527	0.344154094844016	0.73358072091716
ANXA11	-1.00598695146604	0.0429760682867103	0.56607193834741
PAPOLA	0.101550150979513	0.906451707896769	0.976907679576941
FXR1	0.467913695834671	0.383021394040723	0.747689875828869
FXR2	-0.76960826773584	0.116582374688763	0.640456800921767
RAB5C	-0.271729949057693	0.468805757402238	0.775333835112331
RAB7A	0.334778079790166	0.378878191719448	0.747419024903632
RAB9A	0.704171529381707	0.0871548435484559	0.614082175445539
RAB13	0.155349117689482	0.704853241867487	0.888400202747427
DUSP3	-0.203658941815057	0.760971164129544	0.916210822957019
HCFC1	0.47328679715563	0.420003271557543	0.758260924533811
IRAK1	-1.21669419606912	0.0384834743804018	0.562675200636541
PSMD7	-0.305050605413541	0.46359748983912	0.772062745044709
USP11	0.0450890742181613	0.916380667969057	0.976907679576941
RPS6KA3	-0.277275318521927	0.5275131511929	0.80553279963716
HDGF	-1.59056002539477	0.15141707147815	0.663295961852487
HNRNPA3	2.20944591068421	0.0154736948965131	0.485848859271004
PGD	-1.58761606771372	0.14993748981735	0.663295961852487
HNRNPM	0.497969639289437	0.472854663476112	0.77578306547539
KPNA2	-0.87459567688218	0.169119878617987	0.679771472095822
RAP1GDS1	-0.516747618208203	0.474870728358398	0.777427194964024
POLR2H	0.142575787203498	0.680203735100751	0.875940921960354
POLR2J	0.144012007049977	0.718139056917077	0.892338529045758
ARHGDIA	-0.956388094077901	0.203195591291215	0.691573636443444
SLC7A2	-0.972002394309229	0.150945330969514	0.663295961852487
AGFG1	0.0199249992613701	0.97723630585871	0.99472845094464
HNRNPF	0.21548463340303	0.617990455215279	0.851776994304571
STAT2	-0.145622515634585	0.856175680305229	0.95415826490483
MSH6	0.0329855756851885	0.932803044573503	0.983354452743027
KIF11	-1.06210117298583	0.200313929973975	0.689246110713938
RIDA	-0.383306269171598	0.296742526654153	0.718571996302632
SMS	0.026307474779582	0.970789910483804	0.991687369084989
HK2	-0.589419222938073	0.218319179752717	0.695406487537471
THOP1	-1.71650826135257	0.0759169155022267	0.614082175445539
CAPZA1	-0.799461376053017	0.250069048986849	0.696801347176919
CRIP2	1.73934200377121	0.0356532738725688	0.562675200636541
NUP98	0.0456521994501422	0.915710645970204	0.976907679576941
BLVRA	-1.15648723660696	0.0837633627482481	0.614082175445539
PPP5C	-0.847054465471327	0.264955608164932	0.701149087002738
PLK1	0.761265003432584	0.387218304434673	0.750399014746494
ARFIP2	0.470760845952086	0.311855424642735	0.720562223222902
ARFIP1	0.156733359561965	0.80198819965742	0.928829327226806
ACLY	-0.832446137643885	0.45369498701141	0.768673785285838
METAP1	-0.601155921801379	0.438852054009332	0.764822487628177
PGGT1B	1.14721026116299	0.458176146608267	0.768673785285838
RABGGTB	-0.89752137415617	0.207887640436036	0.692505703780757
COPB1	0.0183624687753721	0.956557690792624	0.989011270096913
COPA	0.081538507338017	0.811897332299973	0.93355490010869
CTSC	0.834175715248314	0.180086331667269	0.685593534331282
CLTCL1	0.169510037572522	0.795648436629207	0.924984429501446
AP2S1	-0.292558781607656	0.443212104635775	0.768499778531428
SLC16A1	0.39588085796332	0.626509801560039	0.855987023372926
IST1	0.337536632499585	0.496945762359169	0.792404844851821
SEC24C	0.391088276973637	0.411157799235146	0.755926800370045
SUB1	-1.07326536734718	0.1748142299425	0.684718616671334
CLNS1A	-1.73065657795397	0.057508815627839	0.591830229776505
RARS1	-0.746410034682917	0.39721678369509	0.75337218114396
ATN1	0.424824646673411	0.592982369644336	0.840909576616618
YARS1	-0.64589749595002	0.539841084418526	0.812514158313254
USP14	-1.14122920839353	0.14260301582731	0.657498418703296
PRKAG1	0.294365715925299	0.568072156823181	0.831020708201184
HSPA2	-0.0202608746000514	0.990655783446786	0.998339233865061
ATP1B3	0.789283290607873	0.0918636539032179	0.614082175445539
RAD23A	-0.823989188924614	0.148072780178308	0.658960985781253
RAD23B	-0.0921591787841862	0.850448116649406	0.951931750040608
PDE1A	0.0185752066231117	0.984914394824355	0.997309751654866
AK2	0.326178206134209	0.404909771941863	0.753672221047862
NAPA	0.202984514244626	0.577701805705259	0.835404259061408
EIF5	-0.462663965745875	0.362185896960186	0.742810567366979
PSMD4	-0.208720621782316	0.58099309679971	0.836924781738336
CSE1L	-1.29563777056195	0.243678584570609	0.696801347176919
VCP	-0.0387524857251478	0.919724814322605	0.976907679576941
MFAP1	0.543074919032719	0.376036429138592	0.747419024903632
NAP1L1	-1.6361359574982	0.0835493202293364	0.614082175445539
ADK	-0.768231540680691	0.347518566253554	0.734961497551179
ADAR	-0.133910286706136	0.714354774334387	0.891633826092463
TPD52	0.201001344630072	0.763757744358836	0.91733381763218
SEC13	-0.27577117001702	0.519205010960673	0.799828381463948
SNU13	0.383712371891932	0.381639774888737	0.747689875828869
NPEPPS	-1.88951309743209	0.0288965692688968	0.562675200636541
EIF3B	-0.123425235741927	0.764128143791487	0.91733381763218
MARS1	0.301843386303389	0.636875494279167	0.858800821083732
AP1S2	-0.924009104536715	0.210948377426732	0.694861188753839
EIF6	-0.0272870677813408	0.957148465564164	0.989011270096913
BCAR1	-0.609948761649324	0.518577319984703	0.799478930764759
GEMIN4	0.982466023729984	0.237770323580013	0.696801347176919
NUP107	0.248281146441212	0.654357244979701	0.865410835687151
EEFSEC	0.553603406552334	0.4460882015819	0.768499778531428
EPPK1	-0.594103292543988	0.377412446214898	0.747419024903632
MTPN	-1.69473966795125	0.0664999933377019	0.605553264048341
ARPC4	-0.597897300483467	0.289006853308904	0.712999729239602
TPI1	-1.19419854658194	0.346134179933153	0.734892909786607
EIF3E	-0.280537046206089	0.442804803771329	0.768499778531428
PPP4C	-0.111751302887821	0.803668378060847	0.929236663770798
MYL6	-1.1219990057938	0.0930701308057779	0.614082175445539
EIF4A1	-0.939809009557202	0.331421511875605	0.731479600893477
RPS20	-0.244195970629129	0.549277856942856	0.820305910097955
PRPS1	-0.0308971614886318	0.943258283364243	0.986414651226072
PSMA6	-0.851867066904788	0.0670630172156838	0.605553264048341
S100A10	-0.0888927360478355	0.861552314147875	0.955984214201196
CDC42	0.303988686012694	0.44455169696561	0.768499778531428
DSTN	-1.46229863232266	0.0772230431699978	0.614082175445539
RAB8A	-0.128616338594433	0.738822265656489	0.904168477959258
SRP54	0.303590354524687	0.471992390348767	0.77578306547539
RAB2A	0.225908163690029	0.627304657119119	0.856072458417799
RAB5B	0.254950580889002	0.529479299368391	0.805741892113958
RAB10	-0.0549693134582405	0.917754295860704	0.976907679576941
UBE2M	-1.48989503161201	0.0629073585018108	0.596130635432815
UBE2K	-0.908666122129546	0.329663712964894	0.730023657953222
UBE2N	-0.397923999329009	0.745435780459223	0.908161824647798
RAB14	0.391861145955168	0.56864413908647	0.83102392160031
ACTR3	-0.826896402411972	0.129398105214205	0.64804309372352
ACTR2	-1.0249176345881	0.151397230222412	0.663295961852487
ACTR1A	0.764722818437775	0.0795755422108657	0.614082175445539
COPS2	0.786888830453716	0.18112702125207	0.685593534331282
ARF3	-2.84232398811069	0.203920409940909	0.691573636443444
ABCE1	-0.11151050984164	0.748804303592926	0.909969232371264
RAP1B	-0.53899375928459	0.505846914752171	0.796670089367534
RAP2B	0.351709002150674	0.627371561648137	0.856072458417799
RPS3A	-0.216720341212447	0.554935068176682	0.823809702681575
RPL26	-0.620852242836268	0.20353812744851	0.691573636443444
PSME3	-0.592216126668127	0.229552982248023	0.695406487537471
RPL15	-0.242016620748146	0.610965582005603	0.848655194632534
RPL27	-0.404369035927694	0.288144804016147	0.712999729239602
PCBD1	-2.54569916518783	0.038076161255998	0.562675200636541
RPL37A	-0.660609301060219	0.0833212594402713	0.614082175445539
HSPE1	0.362439148387875	0.438196067756955	0.764024024233572
VBP1	-0.110360912141374	0.901289640110124	0.975555098123682
STXBP1	0.258123966680749	0.517529852961296	0.798742291879977
COPZ1	-0.215530961702875	0.518347871623424	0.799464648646031
UFM1	-0.167800354206271	0.802323831079395	0.928829327226806
DCAF7	-0.338520265734299	0.385909586083007	0.749141315887566
WDR5	0.0381659816524262	0.918038610864224	0.976907679576941
AP1S1	0.269725557206431	0.616629603901709	0.851115145414674
NUTF2	-1.05413919068272	0.237068306055505	0.696801347176919
HNRNPK	0.0528828297536066	0.925636633486882	0.980205286132805
YWHAG	-1.03682799945015	0.0849353768890216	0.614082175445539
RPS7	0.171175242901803	0.758344973487262	0.91522758987744
PPP1CA	0.255663116746668	0.629344903696659	0.856785952885467
PPP1CB	-0.0808062292234162	0.843432611813986	0.948278528915754
NCS1	0.789045295111382	0.109471399134644	0.630072344944853
PSMC1	-0.235465382078853	0.570531230129726	0.832096529743581
PSMC5	-0.466058803119477	0.236068864411596	0.696801347176919
RPS8	-0.414255782169306	0.335826968720481	0.732563525901754
RPS15A	-0.110280576127586	0.759740013401371	0.916052429521103
RPS16	0.0660259514439012	0.852537312840438	0.952415129357759
UBE2H	-0.117987404586238	0.861672980226401	0.955984214201196
YWHAE	-0.757309208372451	0.468944411861223	0.775333835112331
RPS14	-0.148033446454704	0.727390598079528	0.89750239290196
RPS23	-0.31157609084687	0.466885917589678	0.775333835112331
RPS18	-1.02987906303074	0.0484828677864611	0.578554581739985
RPS29	0.473620107481601	0.514263015191392	0.798673953697513
RPS13	0.0139451842237079	0.982129941109744	0.995534339256123
RPS11	-0.683054446410065	0.20042034757425	0.689246110713938
SNRPE	-0.104526375575784	0.830407477502343	0.94130721400471
SNRPF	-0.666530854716726	0.10561224418298	0.622097562852089
LSM3	-0.519966416381507	0.199212484522285	0.688156185353367
LSM6	-0.461393793137113	0.243020672603514	0.696801347176919
SNRPD1	-0.636978335973595	0.145197276620299	0.658880256190409
SNRPD2	-0.517342102246875	0.275767167215646	0.706241909672961
SNRPD3	1.94244664935771	0.0330488608825642	0.562675200636541
TMSB4X	-1.79606357770568	0.1944000973318	0.686855185819235
ARF6	-0.0864512302260323	0.8209791287177	0.93694485671033
PSMC6	0.0509060499149534	0.915604550282482	0.976907679576941
RPL7A	-0.472956971665226	0.274256978176854	0.704242320291895
POLR2G	-0.0780958895897328	0.905868182597813	0.976907679576941
ETF1	-0.916182785970602	0.260158765319712	0.701149087002738
RPS4X	-0.426983014930062	0.242268196777618	0.696801347176919
PPP2CA	-0.884881365212291	0.216398730592393	0.695406487537471
RPL23A	-0.286578074512342	0.476876502966023	0.779059936055709
RPS6	-0.21490017071774	0.556196531697502	0.823809702681575
H4C1	0.382594252292339	0.423069128596635	0.75869068736302
RAB1A	0.0501562975937375	0.892052222706551	0.972239499576095
RAN	-0.778396494948876	0.167715437290244	0.679771472095822
RPL23	-0.250702623950517	0.556692720314766	0.823809702681575
RPS15	-0.683657528332226	0.0883786709379979	0.614082175445539
RPS24	0.172346362019802	0.716744746455941	0.892338529045758
RPS25	-0.447072831534005	0.365731184058469	0.744180101598423
RPS26	-0.267540669722575	0.525975984940136	0.8048016061168
RPS28	0.124821400209445	0.791764629959521	0.924251074649723
FAU	0.0735725104811991	0.862798250125508	0.95631325681173
POLR2L	-0.7457407857483	0.302030129514345	0.71961296191732
RBX1	-0.151476824313956	0.714103918595225	0.891633826092463
RPL30	-0.322405290259535	0.384725819394584	0.748142555136899
RPL39	-0.724035009304718	0.0930418370774012	0.614082175445539
RPL31	-0.178468557336782	0.741973477480855	0.906230730560108
RPL10A	-0.356511329649958	0.349899698137678	0.735150697184343
RPL32	-0.381075261425746	0.36342804511105	0.742810567366979
RPL11	-0.131121558894066	0.754758196386516	0.912861917231475
RPL8	-0.466833710166707	0.230512246560664	0.695561719483939
PPIA	-0.97514563814001	0.337086735146811	0.732563525901754
FKBP1A	-0.842285217591655	0.268721211759855	0.701149087002738
GRB2	1.08109308397679	0.0601571934614554	0.595710464482412
RAC1	-1.16909693688514	0.217924245695193	0.695406487537471
AP2B1	-0.638067977312971	0.173194491846044	0.68087160593252
GNAS	0.318829109521509	0.450200227755661	0.768499778531428
PPP3R1	-0.590971735102585	0.192174809583093	0.685634179466108
YWHAZ	-1.4577769174717	0.158709695360189	0.673556970858298
PPP2R2A	-0.147662703673657	0.733165336374369	0.900599404922969
SUMO1	0.223730891400852	0.634567834620755	0.85788344166895
DYNLT1	-0.0762457217434225	0.876849377623965	0.964456225901743
RPL38	-0.30410680847741	0.472741007826102	0.77578306547539
SKP1	-0.875679027884374	0.258739288230024	0.701149087002738
RPS21	-0.158761186150613	0.720414465590505	0.894036203763024
EIF5A	-0.39391988549788	0.598808866948958	0.844322688629747
RACK1	-0.547953687797101	0.178562475240543	0.685593534331282
SUPT4H1	0.177375874087915	0.643379363505242	0.862238770079076
UBE2I	0.113049492821652	0.853590426219384	0.953123084312535
TMSB10	-2.57857223740547	0.124973923400401	0.643919147581995
YBX1	-0.542061638358941	0.209382232777026	0.693573961515468
TPM4	-1.29097763073435	0.138438546012293	0.651578095916984
UBE2L3	0.874232654699323	0.33622713667329	0.732563525901754
EEF1A1	-1.73419326512831	0.105910697715832	0.622097562852089
TUBA4A	-1.29235452045776	0.21455031668899	0.695406487537471
TUBB4B	-1.23548435645965	0.106540768063965	0.622108128751754
CSNK2A1	0.635962109385474	0.197834487392854	0.688156185353367
PAFAH1B2	-1.33954283760468	0.271716684346099	0.701571230702715
H3-3A	2.01437891778105	0.0276850500626594	0.562675200636541
IGBP1	0.0125181435329864	0.983013829149916	0.996168829225131
PSPH	-0.837014736756419	0.447945638831926	0.768499778531428
EIF4G2	0.67724381255028	0.0944756956309656	0.615286908139611
RPP38	-0.00370521200144935	0.995489203153291	0.998840845572707
RPP30	0.448745085620967	0.394655762725561	0.752106003063529
GTF2I	1.02223026556868	0.177586337002242	0.685593534331282
PIP4K2B	0.399147298880631	0.432576700264874	0.763373624091761
CCT2	-0.418283633724975	0.576799617244234	0.835404259061408
RAE1	-0.358432561148817	0.43361263430379	0.763373624091761
GSTO1	-1.44754009906189	0.188629578877642	0.685634179466108
PRKDC	0.319007284437657	0.653815158816463	0.865410835687151
BASP1	-0.69195466213705	0.0644907952637822	0.605553264048341
HMGN5	-1.0182920361536	0.0350420877048474	0.562675200636541
SARNP	-0.140767421952763	0.684457870881317	0.878766045391188
COG7	-0.865145943694461	0.151216730802066	0.663295961852487
RPL24	-0.0648425348346677	0.912935876153008	0.976907679576941
ARF1	0.937164397268788	0.669838334016849	0.871282699265442
ARF5	-0.152298517893311	0.777031833170801	0.917659429049747
RHOG	-0.188257320985045	0.64497671200314	0.862798774421935
RPL19	-0.337990821517415	0.671250206496303	0.871282699265442
SRSF3	0.453290805478872	0.241351277382132	0.696801347176919
FOXK1	0.270955464201077	0.514809011309008	0.798673953697513
CCZ1	-0.120593589476172	0.918644663231017	0.976907679576941
DAB2	-0.544827113632856	0.228810918695077	0.695406487537471
RBM3	-0.406797742200968	0.334445104525817	0.731479600893477
CYCS	-0.00584204427662272	0.99074626175451	0.998339233865061
PITPNA	-1.22798256544956	0.0474588274492977	0.578554581739985
HDLBP	-0.0481758492644566	0.937928679467382	0.984982251896129
GTF2B	-0.137934478307955	0.801631975804017	0.928829327226806
CDK6	-3.77514200604053	0.00367997934532318	0.278668239836042
CDK5	-0.808540423111353	0.278494507889231	0.708807852411331
PURA	0.357646365819889	0.447645594081173	0.768499778531428
CLTC	0.209206130590122	0.560231704938382	0.826122506480348
HSF1	-1.88379101295804	0.0133467052798092	0.468590689005665
NFKB2	-0.781053282845001	0.172610863891257	0.68087160593252
FKBP3	-1.08980906713567	0.0414639822474383	0.565682552495852
REEP5	0.636517242546301	0.397990933619844	0.75337218114396
SORD	-1.40369004833721	0.306774983328811	0.720450507262282
HNRNPU	-0.0733451640070264	0.856568281829375	0.95415826490483
SPTBN1	0.617594355202733	0.286018269991006	0.712999729239602
TIAL1	0.509824056900456	0.244896910935776	0.696801347176919
SET	-1.21242037614302	0.258419829012983	0.701149087002738
SRSF2	-0.228646967463721	0.577001421358703	0.835404259061408
FABP5	-0.895106898788143	0.218116070933878	0.695406487537471
CAP1	-0.838752983870585	0.327577058096786	0.728264279763946
HMGCS1	-0.541609470673656	0.66245618760592	0.868402100580021
IFITM3	0.513070173326263	0.308728390087006	0.720450507262282
SLC7A5	0.0829474761139011	0.886210250207132	0.968876544403563
EXOSC10	0.554421773266132	0.2499029508328	0.696801347176919
PFKP	-1.37768369447143	0.103409295299064	0.622097562852089
EWSR1	0.240622198584816	0.663754222459868	0.868955527844072
OCRL	0.329740092789116	0.448523528616347	0.768499778531428
PLCB3	-0.539858089693471	0.51284879590052	0.798673953697513
COL7A1	0.461016225404354	0.448567982156933	0.768499778531428
RPL18A	1.2885997779128	0.379789417564881	0.747689875828869
MAP2K1	-0.188213454613646	0.792672558814889	0.924251074649723
FKBP4	-1.27254701629701	0.0758039249012447	0.614082175445539
RPL6	-0.0461266090153671	0.912784406410475	0.976907679576941
AKAP12	-0.238454415468738	0.660690459022633	0.866835796199991
TNFAIP2	1.66208995731645	0.172759561753649	0.68087160593252
RELA	-0.718137168616202	0.329326038990891	0.72969429867058
UBXN1	-0.71661193940043	0.125864569698849	0.643919147581995
GBE1	0.0369822526224901	0.962782905271452	0.989011270096913
EIF4G1	-0.417981408119797	0.337203631427435	0.732563525901754
KRT17	-0.37411517376162	0.337377230050766	0.732563525901754
TLE3	-0.636239364097698	0.207586980346694	0.692505703780757
GLO1	-1.2831423903307	0.285298174126321	0.712999729239602
YWHAH	-0.550209565845847	0.327955383406109	0.728328746816787
PLP2	-0.138146899370991	0.814095035234476	0.93355490010869
CSTF1	-0.334680214234478	0.52925545638641	0.805741892113958
UBE3A	0.687182535290184	0.194287271819318	0.686855185819235
DNM1	0.37423271200354	0.345455336895988	0.73425894941789
EEF1A2	-1.36077361511029	0.0831077838036865	0.614082175445539
PRKCD	0.244287998567248	0.571723264917095	0.832301677555014
CALD1	-0.378816902127902	0.328797747896303	0.729360656160553
FPGS	-0.416838433355892	0.382547756606216	0.747689875828869
PTPN11	-0.481842646703715	0.32184012408772	0.72814678337831
PPAT	-0.774578876578158	0.281982917062492	0.710999447191385
GFPT1	-0.978480867172408	0.181047780321606	0.685593534331282
EXOSC9	0.275749198603336	0.647058921925531	0.863721776335677
PSME1	-0.517119099186743	0.582648794883407	0.837747448190513
GABPA	-0.312358870005497	0.46153378437467	0.771286661728678
PRDX1	-1.38683999331062	0.254276689039051	0.700277201990625
RPL18	-0.528681869506023	0.206845278152326	0.692505703780757
C1QBP	0.621227818885323	0.131219497486223	0.64804309372352
TJP1	2.05960641116278	0.00255559418657861	0.246742618714165
BAX	-0.30947225383688	0.457653664293028	0.768673785285838
POLE	0.527775210582764	0.381879451698847	0.747689875828869
KLC1	-1.02584126399548	0.0783611293849779	0.614082175445539
SRSF1	0.535699860920428	0.303146838670857	0.71961296191732
ARHGAP1	-0.312813052349131	0.532760678120334	0.807821648567228
TLE5	-0.364970325519348	0.424849105784359	0.759966302241405
PPP3CA	-0.814332890939045	0.110399624627961	0.632926393146348
DHX9	0.516979057671023	0.382074848656676	0.747689875828869
CRYZ	0.141820746606879	0.798416785900775	0.926806620724014
GOLGA3	-0.0325180807826939	0.935740369929366	0.984783433438922
GOLGA2	0.470765108289537	0.375793204706736	0.747419024903632
PPID	-1.70287997947423	0.121581490073242	0.641320845841423
SSRP1	-1.06853596112466	0.282483932968717	0.71164575937716
VAC14	-0.220763000132102	0.664128031795888	0.869134999428079
NSUN2	-0.549606069453823	0.374646391393442	0.747419024903632
RBBP4	-0.336210712742734	0.468438447538677	0.775333835112331
NCBP1	0.211585887428487	0.53768512741135	0.811582551559153
AHNAK	0.52677458260888	0.322264842052994	0.728264279763946
FCHO2	0.0215581192975378	0.960013620000005	0.989011270096913
HSPA14	0.472019018915034	0.40779832583482	0.754326499862293
GALNT2	0.595799809858406	0.317406296488167	0.724053819868459
AP1B1	1.12276604330975	0.385430192715759	0.74913508015514
CPSF1	0.309538415038013	0.780322175608712	0.918781781158795
BST2	-0.306127297657298	0.628200245250141	0.856072458417799
SCRN1	-1.08362711114222	0.411251607448636	0.755926800370045
WASHC5	0.540361600838352	0.176656944021717	0.685320332825264
NUP160	-0.161535857968257	0.705703713839866	0.888400202747427
TWF1	-1.09130407529476	0.072007366562587	0.612538435384826
TFCP2	-0.565258278452266	0.308963213299446	0.720450507262282
AKAP13	-0.842584606750098	0.433210319004515	0.763373624091761
GRSF1	-0.00541007719818509	0.993662998639889	0.998339233865061
SF3A3	0.972291256417758	0.0630461094896196	0.596130635432815
TP53BP1	-0.667924976545464	0.250021756483602	0.696801347176919
TRIM26	-0.603271418599526	0.42730799611396	0.760840701241177
AIMP1	-1.05624953194522	0.0385757937699865	0.562675200636541
ILF2	-0.0752435943821723	0.83499245781247	0.94373452504295
ILF3	0.179291379908928	0.660593945469963	0.866835796199991
TRAP1	1.15267394781275	0.513200254055783	0.798673953697513
MYO1E	-0.411762179094659	0.469353034377526	0.775333835112331
PPP1R8	-0.304418727589308	0.746383221925295	0.908742750023799
PTP4A2	-0.545064359101261	0.181299332374045	0.685593534331282
ABR	-1.31064979884664	0.0954760681498407	0.616574142355582
MLLT11	0.219650157983565	0.578867810705824	0.835828950623083
STRN3	-2.1323637004978	0.0755292084502211	0.614082175445539
CDC16	0.261889474771365	0.59489448574855	0.842185668607367
STK4	-0.159318064078693	0.72844574374435	0.897943652199387
FLII	-0.454317345462698	0.390848606467689	0.75060035712492
COASY	-0.460887107778234	0.585253373703953	0.838541153590634
ACACA	-0.570787794275166	0.159151704147262	0.673853064450835
GPS1	-0.502944510517072	0.245828253087549	0.696801347176919
CHAF1B	0.996917275870988	0.184349500870641	0.685634179466108
IK	0.320645061386038	0.534016533706983	0.808769404089849
MTAP	-1.12538525322899	0.284578590056106	0.712999729239602
PRKAA1	-0.0611027224721283	0.877550279083046	0.964456225901743
PPFIA1	1.46344584880015	0.0589542015011952	0.595710464482412
EIF2B5	0.572432083224175	0.670538684283502	0.871282699265442
TARDBP	0.279288081689792	0.515323121315526	0.798673953697513
HNRNPA0	0.0930176312891895	0.801420778996684	0.928829327226806
AIMP2	-0.366341342551571	0.579573979998174	0.835997766254066
PRDX4	-0.50860335388775	0.238684164684571	0.696801347176919
PAK2	-0.900968609826087	0.219733505313332	0.695406487537471
CBX3	-0.406000258677746	0.307970892466677	0.720450507262282
STX5	0.422755085656213	0.386015333665525	0.749141315887566
PSMD2	-0.851230248002125	0.0795568406093529	0.614082175445539
SELENBP1	-2.45951291623905	0.154677236520468	0.665423507313102
NME3	-0.830370463057807	0.0689571721425059	0.60768584175434
SRSF5	0.797912155008348	0.403393615033355	0.753672221047862
SRSF6	-2.49930697489621	1.72343115614219e-05	0.0133946530077436
MAD2L1	-0.544480438069556	0.334273289038277	0.731479600893477
TRIM28	-0.130947816891762	0.755093019557327	0.912861917231475
G3BP1	0.441988752285869	0.246781559736344	0.696801347176919
KCNAB2	0.325922920643315	0.573662329413312	0.832888690298576
SKP2	0.036609449500876	0.954267526015769	0.988567914558181
PABPC4	-0.378663315774617	0.327226944141766	0.728264279763946
IFIT5	0.229554216442391	0.826512216570473	0.939724166863126
EIF3I	-0.687276767466948	0.167902175543115	0.679771472095822
PPP2R5C	-0.0290083930605256	0.939380905834806	0.985036399221836
CTBP1	-0.0724273045669364	0.871547266741122	0.962515168474182
PDCL	-0.24697416547588	0.557411915558416	0.823851824679143
UBE2V1	-1.77605610108441	0.0427704053155848	0.565682552495852
DYNC1I2	0.392823256699408	0.463107044143646	0.772062745044709
ORC2	-0.262945006320869	0.46801836878368	0.775333835112331
ILK	-0.0016619541261349	0.997052143835667	0.998874975428445
SNTA1	0.440949612459413	0.323898778766137	0.728264279763946
SNTB2	0.810029970667131	0.187280757699887	0.685634179466108
XRCC4	-0.244157802681407	0.7525211088446	0.912156118677182
TCOF1	0.248404816949979	0.692196821043192	0.88141474177905
SF3B2	0.0299286833676078	0.943833011874205	0.986414651226072
GOLGA4	0.250097590641694	0.62776488064961	0.856072458417799
PDAP1	-0.556570965617489	0.298397190175863	0.719342774677481
FKBP5	-0.0189865588967777	0.963850072622005	0.989011270096913
MYO9B	-0.113131040798585	0.875372899168983	0.964456225901743
ROCK1	-0.303672462869237	0.506499999538178	0.796683547687555
GAB1	-0.547453168605504	0.235134599398081	0.696801347176919
PICALM	0.0269024300014742	0.938601290675039	0.984982251896129
SQSTM1	-0.651102800167745	0.168731269959971	0.679771472095822
TUBB3	-0.151003687297315	0.889198844454452	0.970625419570465
EIF4EBP1	-1.84092404129365	0.0283769866784935	0.562675200636541
RIPK1	-1.49795485965559	0.00822347087798013	0.429012871148726
HDAC1	-0.676620208413034	0.262039374245776	0.701149087002738
DCTN2	-0.563969961133552	0.331639076181198	0.731479600893477
NAE1	-1.55724576002552	0.0034583300586072	0.278668239836042
SNW1	-0.0574918624803473	0.905071932123711	0.976907679576941
IQGAP2	0.523565310872055	0.441017862243292	0.766866719488336
SNX1	0.246278910623655	0.6879515742435	0.879965188861793
PWP1	-0.677040782990346	0.145526557538048	0.658880256190409
MTMR2	0.037200254046553	0.931843754666449	0.983354452743027
CUL1	-0.186083584695083	0.680174596456965	0.875940921960354
CUL2	-0.0927900036864422	0.814349627745413	0.93355490010869
CUL3	-0.307076452591442	0.437652300007176	0.763953092597383
CUL4A	0.209674135823413	0.681749477450791	0.876178529755392
CUL4B	0.522520276930461	0.373283185809689	0.747419024903632
TP53BP2	-0.0481472911257868	0.948295201468941	0.987177170311615
GFUS	-0.995281143803961	0.152385187737818	0.663295961852487
RAB31	0.543727847625696	0.197242324398024	0.688156185353367
RAB32	0.714390117770918	0.122763082087345	0.642241459543891
FHL1	-0.60254092855147	0.294367330891275	0.715969957845173
FHL3	-0.57554456803404	0.186026246051975	0.685634179466108
RIN1	-1.10230748524948	0.0405605996543616	0.565682552495852
AAMP	-0.224308158940897	0.553003681332927	0.823748073838146
ALKBH1	1.6188062232792	0.112015898184459	0.636974675032421
ALCAM	0.418909988760745	0.583480627090364	0.838032183155708
SPTAN1	1.39715699192265	0.130184714376723	0.64804309372352
GNL2	0.361183079105864	0.71303084516745	0.891633826092463
DDX39B	0.0855827603136063	0.829770398180787	0.941110369212377
BLMH	-0.822283272987335	0.364481104391617	0.742810567366979
EXOSC2	-0.0671336722093407	0.864905957317594	0.957645300218047
TUBB2A	-0.902047578412038	0.448134087607044	0.768499778531428
BYSL	0.366145021785563	0.287576845738686	0.712999729239602
IDI1	-0.922070528092178	0.388800732394545	0.750399014746494
CBFB	-0.0409629460545702	0.953283545286401	0.988567914558181
CKAP5	0.940172838204077	0.182448111133566	0.685634179466108
CIRBP	0.948751218889193	0.0887796750854322	0.614082175445539
COTL1	-0.855434128629859	0.344976204730028	0.734172510953455
COX17	0.126391299666384	0.845041335549074	0.948982156990557
HNRNPD	-0.177597772736192	0.63754064061291	0.858800821083732
IL18	-0.403673576370814	0.626464770471224	0.855987023372926
DSG2	0.173707730830699	0.679128365721299	0.875877640884717
BOP1	0.540819167324429	0.238663362934127	0.696801347176919
UBE4A	0.274190255798914	0.486878131490771	0.784448620699774
SEPTIN6	0.650266416319411	0.289199434748337	0.712999729239602
SAFB2	0.92360407122511	0.377835351901715	0.747419024903632
EIF3A	0.512136364074458	0.234137261975291	0.696801347176919
UBAP2L	0.321381838252567	0.558697941685794	0.824880807276738
SCRIB	-0.0690421672570416	0.872746760287581	0.96328893633342
TTLL12	-0.237471879419346	0.757215605572833	0.914864040999543
POLA2	-1.92759464569716	0.0846808676423432	0.614082175445539
DPYSL3	-0.491589664366661	0.406054747216302	0.753672221047862
DCTN1	-0.955792447592255	0.288489588134067	0.712999729239602
DYNC1H1	-0.107084856077762	0.804449044195291	0.929236663770798
EIF2B1	-1.0140047380207	0.184686972217306	0.685634179466108
ELOA	0.865496513954522	0.31482616813997	0.720562223222902
MAP7	0.244058346157018	0.775721474580528	0.917659429049747
CTTN	-1.32172347442206	0.0348176672207969	0.562675200636541
TRIM25	0.212408878306341	0.585579036021632	0.838541153590634
FAM50A	-0.644207121186014	0.160108216588355	0.674108591389704
FRG1	0.402687792582206	0.586033731688934	0.838654536100993
GAMT	-1.36157125485731	0.105296578398993	0.622097562852089
GALE	0.277624689382439	0.686289472193754	0.879255253719378
PDE3A	-0.19836943344604	0.576020801000824	0.835404259061408
CAPRIN1	0.217848338232919	0.609708561149475	0.848655194632534
RBM39	0.348565918458331	0.338986999229862	0.732563525901754
PRPSAP1	-1.52816826177037	0.0234088480214286	0.541347132088366
MCM6	0.223797619008128	0.56932306413548	0.83102392160031
ITPR1	0.785294724895067	0.279304816239045	0.709188165887699
PLS1	-0.352511988894697	0.342381674140391	0.73358072091716
LAGE3	-0.85716741017832	0.128481118687969	0.646928396835638
TRIP12	-1.10019042184681	0.390767749773513	0.75060035712492
PUM1	0.611986425692557	0.536884212411501	0.811582551559153
CLINT1	0.472147249973492	0.526844857265997	0.805182995090071
SMC1A	0.257619474928074	0.701108631845716	0.888055603866236
USP10	0.369445612193402	0.435005592812411	0.763373624091761
GANAB	0.431719114666294	0.227066338054232	0.695406487537471
PPP2R5D	-0.0659231324108447	0.899520855432501	0.974850560261629
COG2	-0.0627055445220712	0.902541356086089	0.976362665883607
MVP	-0.613244659390261	0.178825897836265	0.685593534331282
CASP8	0.268148106369168	0.707949165555736	0.890006405395916
CHD4	0.550141328705031	0.394748541742562	0.752106003063529
LASP1	-1.74336916004884	0.0880310877981904	0.614082175445539
PTGR1	-0.971328779494637	0.250659987972243	0.697441551548128
DRAP1	-0.341910502021847	0.398144127839157	0.75337218114396
KPNB1	-0.352579649163697	0.565703174853389	0.829069729845844
NOLC1	0.553205010714198	0.291896043866835	0.714700318166115
NUMA1	-0.251044136768023	0.547149235193612	0.818945345438308
PSME4	-0.570027883143752	0.266102052371502	0.701149087002738
GAPVD1	-0.732282945298191	0.230966803853102	0.695561719483939
NCAPH	-0.0661205524312329	0.899643775933349	0.974850560261629
PSMD6	-0.377918450274546	0.287496265523164	0.712999729239602
MORF4L2	0.426002688602996	0.585497850938627	0.838541153590634
ABRAXAS2	-0.0653023909195767	0.860540419200002	0.955551207288789
SEPTIN2	0.0723677480069931	0.833818108464345	0.943235364642443
SART3	-0.198673008543935	0.735988347303147	0.902345078503096
NCAPD2	-0.198232494879946	0.605198359815861	0.846605121132949
SUZ12	-0.565057404139083	0.372978966645884	0.747419024903632
EXOSC7	-0.129404513590487	0.759665298686062	0.916052429521103
TNIP1	0.0314358224436333	0.948579616526775	0.987177170311615
EFTUD2	0.312959004969489	0.413918010347634	0.75643635133228
SNX17	-0.547551753841791	0.36054784373237	0.742632411997021
RAB3GAP1	-0.00373346475237568	0.992039494975913	0.998339233865061
KARS1	-1.08848954379414	0.120353883638798	0.641320845841423
SETDB1	0.704490505330348	0.235836052292782	0.696801347176919
LRRC14	0.440260505834321	0.36560702023871	0.744180101598423
POLD3	0.761633339428784	0.221029006544679	0.695406487537471
EIF4H	-0.983157471782892	0.191229919218289	0.685634179466108
EEA1	-0.227840291938069	0.744501492450793	0.907882779868949
PDIA6	0.223662268231937	0.516182870903674	0.798677182463937
PAFAH1B3	-1.15271320811951	0.227674091752257	0.695406487537471
PEA15	-0.676731786980877	0.407791092521795	0.754326499862293
PMVK	-0.516133563462478	0.400915561658977	0.753672221047862
PLCB4	1.24244712082204	0.0772513354169138	0.614082175445539
PLEC	0.580453702722384	0.30063816345414	0.71961296191732
PCM1	0.57739339034125	0.356896862779354	0.740539426780641
PPA1	-1.61108459045846	0.133365865859472	0.64950690283642
NONO	0.577748421267749	0.327137162913735	0.728264279763946
PTPA	-2.52629223478464	0.0204505325666951	0.533192871789224
RABEP1	-3.88431553404764	0.039582700426568	0.562675200636541
RAB35	0.624071804706855	0.21572210800482	0.695406487537471
RBBP5	-0.186784289787639	0.658829629293612	0.866835796199991
RCN1	-0.0569431918518362	0.891882170222687	0.972239499576095
LLGL1	-0.482744753435576	0.377732877507903	0.747419024903632
PCBP1	-0.488513287487464	0.565377982938631	0.828963466252465
PCBP2	-0.646616382731317	0.266048659043814	0.701149087002738
ELOC	-0.388867709728608	0.47020110758379	0.775333835112331
ELOB	-0.849663368498312	0.0766685408349964	0.614082175445539
RHEB	-0.423015603414957	0.437759760206631	0.763953092597383
UBE3C	0.0742296761541894	0.856372875400447	0.95415826490483
SF3B3	-0.0385965510640247	0.919203698699699	0.976907679576941
DLGAP5	-0.326354760449469	0.565171648923755	0.828963466252465
RSU1	-0.078904614658704	0.91449871016345	0.976907679576941
CNN3	-1.18883382469652	0.0397462067901415	0.562675200636541
RPS6KA1	-1.98305428323408	0.0564731736103329	0.591830229776505
SF3B4	-0.13656550514677	0.714009895800189	0.891633826092463
PPP1R7	-0.569678905566587	0.289097296881058	0.712999729239602
SEC23A	0.367446387166034	0.410543831949009	0.755729398945221
SEC23B	0.125846626276868	0.826821004402098	0.939724166863126
SF3A1	0.465702006490645	0.425159016527521	0.760022900713578
TAF7	-1.55551139423785	0.00117454771666936	0.141753227555533
TSN	-1.20685841322749	0.0702461096023473	0.609336539686903
SF1	-0.00734219476339959	0.987001993139371	0.997853847514202
TRIP10	-0.353091820439005	0.590892919339554	0.838981049444616
TRIP11	0.961691865967246	0.132241182520907	0.64950690283642
TRIP13	-1.096831263634	0.192245971044701	0.685634179466108
OASL	0.698066599592526	0.0874555578585207	0.614082175445539
TRIP6	-0.486517968573821	0.299279832797426	0.71961296191732
MAPRE1	-0.918173201811548	0.285683658425994	0.712999729239602
ELAVL1	0.423450382065226	0.433452137419521	0.763373624091761
TAB1	-0.00380771124541468	0.993691525234895	0.998339233865061
SLC1A5	0.690733324493323	0.120444236200496	0.641320845841423
MLF2	-0.19084199483401	0.766166818349109	0.917659429049747
TOMM34	-0.85399819995175	0.348830767739853	0.734961497551179
TBCE	-1.24814552830311	0.089914379117472	0.614082175445539
UBE2V2	0.477065736627829	0.518771154970607	0.799478930764759
STXBP2	-0.639167220882751	0.141935033962148	0.657498418703296
NEDD8	-1.02763169189586	0.0562300161048998	0.591830229776505
RAB11B	-0.21154773864761	0.715777115519188	0.892295422897064
ZYX	-0.470344067211819	0.416577582804099	0.75643635133228
SEPTIN7	0.475074195672875	0.449320767767099	0.768499778531428
ADRM1	-0.15786606216064	0.671871526741942	0.871282699265442
CCDC6	-0.815381403142595	0.118192362299968	0.641320845841423
UAP1	-0.881534397840433	0.249645826529453	0.696801347176919
PSMD5	-0.509303090647155	0.41434937425832	0.75643635133228
PKN2	-0.194722571953811	0.636967105332905	0.858800821083732
DDB1	-0.304796367068342	0.409077857060767	0.754585900997446
PPP2R5E	-0.299205385958796	0.480801170009312	0.780312462942461
CDC37	-0.866787418316981	0.189654837054297	0.685634179466108
DPYSL2	-0.867634408078558	0.179084279059258	0.685593534331282
RBBP7	-0.647396352067855	0.620359327639701	0.852775334312327
TAF9	0.285639016165071	0.56587980524952	0.829069729845844
MEA1	-0.206571338458438	0.776252318284608	0.917659429049747
SRSF7	0.506769803667879	0.24466230224937	0.696801347176919
CPSF6	0.869195008823134	0.105786017785007	0.622097562852089
DBN1	-0.117263527503081	0.760967123218283	0.916210822957019
NRF1	0.467736250013594	0.434270800692383	0.763373624091761
FSCN1	-1.67936443663255	0.105106067379474	0.622097562852089
NDUFA5	0.636916055145697	0.244408652372593	0.696801347176919
KYNU	-1.63981188661969	0.104364037088742	0.622097562852089
KYAT1	0.830136593171641	0.234614606575636	0.696801347176919
H2AC18	0.377088149356531	0.607057556476109	0.848505116467777
HADH	0.445599753459934	0.356071165990783	0.740520647849437
UGP2	-0.765212273603279	0.374218181472451	0.747419024903632
ATP6V1F	0.24291236560483	0.631010620243822	0.857180096863046
TXNRD1	-0.49120864526407	0.563659172946112	0.827748452614682
TPD52L1	-0.223971540213856	0.66676668305087	0.870832915097214
HNRNPUL2	0.408504665130927	0.534223394571	0.808769404089849
INF2	0.0613599699529992	0.874494103347793	0.964115394555859
PDS5A	-0.311077985776777	0.669528641655086	0.871282699265442
WASHC4	-1.08285305178	0.0759151675143119	0.614082175445539
ERCC6L	-1.48884939295688	0.0385087121260245	0.562675200636541
TSR1	0.141604242450292	0.69435896606951	0.882690693535367
TYSND1	-0.184081701674554	0.781672022868139	0.919250107282812
QRICH1	0.783605186476322	0.310355301984447	0.720562223222902
SMU1	0.176281034405683	0.81244093277859	0.93355490010869
ATG2A	-1.87656590060289	0.0463452207124352	0.578554581739985
LRRFIP1	-0.817940570920257	0.120283289633982	0.641320845841423
TRMT5	-0.0685481868754465	0.906635637120549	0.976907679576941
MAP7D1	-0.0964358896335824	0.863602599531118	0.956476409345907
LSM12	1.03172941653389	0.0653461755830852	0.605553264048341
RABL6	0.255260897531183	0.613035399416976	0.848655194632534
VPS26B	0.160970314466876	0.776432678977592	0.917659429049747
PREPL	-0.706046494410959	0.186279587034994	0.685634179466108
GRIPAP1	-0.877484414681199	0.40461496374233	0.753672221047862
FAM98B	1.22384908814367	0.085688067587232	0.614082175445539
PDCD4	-0.292850566978551	0.581392995439914	0.837188571360533
PHLDA2	0.157793161482999	0.784766269008999	0.920925958952524
PDLIM3	0.244969356806138	0.592285222728481	0.840340018434017
LACTB2	-0.966256030242349	0.0318377158840052	0.562675200636541
SOWAHC	-0.505773956539272	0.265335451335178	0.701149087002738
ACTBL2	-0.473982034277231	0.470580660151037	0.775333835112331
DCAF6	-1.25775529913821	0.122968442367149	0.642241459543891
ZC3H12A	-0.239060010122166	0.603048519983448	0.845976528941546
DNAJC21	-0.558319641424909	0.238514788178478	0.696801347176919
PPP6R3	-0.298591665447884	0.383344754759029	0.747689875828869
WDR44	0.911287854965444	0.207675117437276	0.692505703780757
PRRC2B	1.18596492963315	0.0808146252776962	0.614082175445539
RRP12	0.656569250308316	0.435819466067363	0.763599440038201
PCID2	0.343106352397022	0.579607845369051	0.835997766254066
SPECC1	0.252462573302111	0.647605956636521	0.863721776335677
PPP4R3B	-0.761428521377013	0.162731599388294	0.676245833163701
SNAP47	0.897724678351107	0.165231921402982	0.678277879484695
NUP188	-0.285691354829488	0.650959289682091	0.864794105613559
CEP170	0.460105996409581	0.451718923657664	0.768499778531428
CC2D1B	-0.266336855922681	0.547518612615668	0.818945345438308
CHCHD2	0.603701067747366	0.255648280458352	0.700562946835249
ARMH3	0.0580673486823358	0.917472252210742	0.976907679576941
HECTD3	-0.965480369809157	0.393577787713366	0.751729681577161
UBR4	-0.594870974727456	0.307805650743923	0.720450507262282
KANK4	-0.855582137093524	0.0811247179868724	0.614082175445539
RBM26	1.89162085873761	0.0781320087991488	0.614082175445539
INTS11	-0.459834484887111	0.405532701269968	0.753672221047862
DCAF8	2.12986486399626	0.0147138919558862	0.47978083341911
ATPAF1	1.41014665480614	0.0418583584957811	0.565682552495852
DDI2	0.0393348832158544	0.932095356903611	0.983354452743027
NT5DC1	-0.28805994071077	0.805080427762505	0.929512888495903
VPS53	1.06007598933654	0.173655756562282	0.68087160593252
STRIP1	-0.025456134012785	0.970462576580335	0.991687369084989
CDC42BPA	-0.443275119891332	0.398020279504269	0.75337218114396
RPRD2	1.7807924113557	0.067317804253688	0.605553264048341
RNF20	-0.296892565980922	0.681200652570731	0.876178529755392
ARHGEF16	-1.79989103550103	0.0747636108557008	0.614082175445539
BROX	-0.474937139594729	0.472835430556271	0.77578306547539
LYPLAL1	0.354772679985242	0.65969660292336	0.866835796199991
ECPAS	-0.55643697981629	0.281409644131345	0.710794012841893
DENND4C	-1.34720640111162	0.25172503586253	0.698894384256715
FHIP2A	-0.526945576946368	0.28666523402558	0.712999729239602
RNF213	0.774567159227367	0.214090196872704	0.695406487537471
KANK2	0.197554885427444	0.644547973868715	0.862798774421935
WASHC2A	0.0913600618725745	0.849544253376931	0.951824748053875
FAM91A1	-0.652615023300285	0.264618894943397	0.701149087002738
TBC1D9B	-0.00451675514162275	0.990565844331892	0.998339233865061
TNS3	-2.03943121504254	0.035360317552815	0.562675200636541
INTS3	-0.0630359114902959	0.954221295884126	0.988567914558181
ARHGAP17	0.490844141013035	0.347829549373511	0.734961497551179
CWF19L1	0.929436922470551	0.059205020457316	0.595710464482412
ATL3	1.16651564424525	0.0804791689427402	0.614082175445539
CIAPIN1	0.66997085198107	0.482700304793071	0.78195829576797
ELP2	-0.644945079212704	0.133288392387246	0.64950690283642
TWF2	1.15053599337389	0.30552099060863	0.720450507262282
DESI1	-0.328912651060477	0.39592630332274	0.752864295141517
PPP4R3A	0.109071165811443	0.844625415230533	0.948982156990557
RAB12	0.783501359726483	0.169176561791661	0.679771472095822
SDE2	0.59061896648241	0.249951920874005	0.696801347176919
KRT80	0.229532560408646	0.714936828169414	0.891823653226834
PDE12	-0.162693385631844	0.793068560107253	0.924251074649723
HIBCH	0.893479934736042	0.13822193208129	0.651578095916984
ARMC6	-1.35440830542388	0.200392187040291	0.689246110713938
TTI2	0.553371399743359	0.236746587979759	0.696801347176919
JMJD6	-0.632787759709231	0.296769118100129	0.718571996302632
CAVIN1	-0.110592565134628	0.802781182152101	0.929060193306434
ZCCHC8	1.75391703655708	0.311763728396259	0.720562223222902
CDC73	0.970556190116984	0.0336630357541572	0.562675200636541
PMF1	0.216121055991209	0.599622879349193	0.844540877192056
CC2D1A	1.10509903600915	0.15630647475216	0.667022768500378
METTL2B	-0.300984011754771	0.551502094514815	0.822355632824793
EDC4	0.433858915510534	0.301736150048461	0.71961296191732
PRMT9	0.30208806603131	0.600801943817378	0.845389236378712
PRPF8	-0.51926451744751	0.180147689663907	0.685593534331282
SCYL2	0.882682516257898	0.152791159712412	0.663295961852487
WDR73	-0.393675286397666	0.36366815710285	0.742810567366979
PDXDC1	-0.398517870014963	0.50303584330711	0.795001471453086
MEAK7	1.28833673625313	0.178627443551066	0.685593534331282
AAGAB	-0.359114541963251	0.556081423744727	0.823809702681575
TTC33	0.392733851497741	0.339618868729321	0.732563525901754
BRAT1	0.543556414076658	0.201780379238419	0.690283876661834
LARP1	-0.0517318956375377	0.908834307426939	0.976907679576941
BLOC1S3	-1.04041102007654	0.0286833381459065	0.562675200636541
NHS	0.571592310888111	0.280741720033962	0.710572989209895
FIP1L1	0.423010551799003	0.561421766995784	0.826664727296531
CRTC3	-0.491878572286517	0.36195226771218	0.742810567366979
SASS6	0.493194513752577	0.774550779292391	0.917659429049747
LRSAM1	-0.898189091803818	0.133988807295199	0.651578095916984
CWC27	0.173084017277915	0.761357638177566	0.916210822957019
WDR82	1.07870945791415	0.0740920857733402	0.614082175445539
RANBP10	0.175357671347491	0.771580797503906	0.917659429049747
NAPRT	-0.22204487476845	0.75520295845535	0.912861917231475
DNMBP	0.396442782369007	0.629389370361489	0.856785952885467
GIGYF2	-0.032186467240475	0.970888125973677	0.991687369084989
THADA	0.0753134436502094	0.884973277402664	0.967989091024621
HSDL2	0.177700119085689	0.637426110865777	0.858800821083732
KYAT3	-0.569617666610373	0.319769179528494	0.726440336081791
NBEAL2	0.253406036886005	0.647583352818364	0.863721776335677
RIPOR1	0.0853988137939439	0.938955745597179	0.984982251896129
NBEAL1	0.437946133614449	0.569515161809646	0.83102392160031
TOM1L2	0.391909250730151	0.489135343145936	0.787114637064312
PAXIP1	-0.712900361732753	0.510386571620818	0.798668127876661
STXBP4	-0.650523799767509	0.447844409607707	0.768499778531428
USP34	-0.976342861952681	0.235146284480799	0.696801347176919
RAPH1	-0.254922007162101	0.66019651373401	0.866835796199991
UNC13D	0.257290210690257	0.563433700083787	0.827748452614682
LARP4	0.967970068148873	0.217490934122703	0.695406487537471
SUPT6H	-0.0678009557021433	0.868113980216021	0.960096274797902
SND1	0.266197948722905	0.62142096960025	0.852775334312327
MARK2	-1.31373643524716	0.0213819882808051	0.533192871789224
DDX46	-0.111259878752229	0.783485878657078	0.920575765025969
BZW1	-0.22077859612709	0.643836139597273	0.862435977120318
KCTD9	-0.721947211118163	0.50110615034098	0.79444661437474
DHX30	0.887787639258832	0.32360518671535	0.728264279763946
EIF3M	-0.196380121246342	0.667956408528436	0.871282699265442
MEPCE	0.488418689427796	0.542001195548128	0.814478061169988
RRAGA	0.407944623971652	0.635029925825615	0.85788344166895
CYFIP1	-3.52858249795913	0.000145248171347718	0.0431498798265297
GET4	-0.394754002214452	0.267674657106658	0.701149087002738
COPS6	-0.367379304180499	0.348058183132406	0.734961497551179
MAEA	2.29783623624208	0.00520323917794829	0.346463960435108
TAOK1	0.862215819180804	0.214254108399839	0.695406487537471
MOB1A	0.168552032160818	0.813624279977498	0.93355490010869
KDM3B	0.863690872138093	0.0557927712091368	0.591830229776505
MICAL3	-0.647425657527428	0.553347394432206	0.823748073838146
DYM	0.368708445737596	0.298001931413775	0.71930216195
ZC3HAV1	0.779002921440743	0.161017542307087	0.674108591389704
TRAPPC11	0.284444271509727	0.432546271057947	0.763373624091761
NEGR1	0.387807298049754	0.287717477678578	0.712999729239602
NUP54	-0.152653724810243	0.670894304790637	0.871282699265442
ZFYVE16	0.161658200332425	0.725060348511943	0.895918131116367
MON2	0.713238261479752	0.233833387888139	0.696801347176919
NUFIP2	0.414952387476013	0.479948430464608	0.779835111580358
CLASP1	0.933835338916932	0.0612585112317852	0.596130635432815
DHX29	1.04551478657545	0.102347187247712	0.622097562852089
HEATR3	0.0212362608600287	0.949720105578022	0.988097803809893
HDGFL2	-0.562739817708305	0.262823230710582	0.701149087002738
DCXR	0.354824377997289	0.391272089017025	0.75104016291439
TSEN54	-1.20044273491555	0.00728945947309766	0.413998418898576
RABEPK	-0.719659695827442	0.247129770172364	0.696801347176919
HUWE1	-0.341145453580552	0.404546863657938	0.753672221047862
YTHDF3	0.336696330680127	0.591977483218368	0.840212069161829
TEDC1	0.150467811966287	0.772953479623276	0.917659429049747
PATL1	0.936802499253073	0.155912691893453	0.666464172790306
MYPN	-2.29382134607743	0.0916693342772336	0.614082175445539
PEG10	-0.582475126823343	0.204008499288025	0.691573636443444
DPP9	-1.58307964244923	0.0463054145949483	0.578554581739985
SETD3	0.809365080232055	0.166555513580192	0.679771472095822
RBM23	1.22970028289296	0.16158722307378	0.674108591389704
NOP9	0.601473877160945	0.242653228157807	0.696801347176919
PABPN1	0.427019460751723	0.547386720435047	0.818945345438308
LDB1	0.650125465212625	0.276703685096546	0.70723337646781
YRDC	-0.0335358697133614	0.919740114692324	0.976907679576941
PRPF39	0.50861563718842	0.322377786077721	0.728264279763946
MTDH	0.430132363842251	0.357061762811784	0.740539426780641
RIMS1	0.646395441455844	0.475671787956916	0.778078968695303
BCL9L	-1.23636414668122	0.107429886906963	0.623235490259027
USP48	1.343838800602	0.139799807538715	0.654432553593356
LUZP1	-0.816438324850623	0.310201941868545	0.720562223222902
ALYREF	0.403850457933814	0.3027290234165	0.71961296191732
TAX1BP1	-1.52614336837005	0.00411347409414981	0.305504556761665
CAND1	-0.780272766479932	0.325989010462006	0.728264279763946
HOOK3	0.0190159410066961	0.971826596193357	0.992383478185813
THOC6	0.98264805094416	0.0678500708573377	0.60614521426136
PPFIBP1	0.949561177581906	0.039674462448687	0.562675200636541
ZC3HC1	0.165355274414534	0.777436533892564	0.917659429049747
CARM1	-0.945261350594809	0.0890657565319031	0.614082175445539
COMMD2	0.648998612881009	0.245815912634047	0.696801347176919
HEATR5A	-0.408731669310779	0.501772068268998	0.794523873577233
DDX42	0.524243562213279	0.268839520510652	0.701149087002738
SPATS2	0.285158051177383	0.655309525490496	0.865410835687151
CACUL1	-0.639894415357389	0.257677268144197	0.700809584206261
DNAAF5	-0.401113613661042	0.617751310362349	0.851751360449622
PTOV1	-0.713927801519539	0.194615431036797	0.686855185819235
CPNE8	-2.15361146475612	0.000312015206054828	0.0669445958768747
HPS6	-2.22623956743577	0.262078920709719	0.701149087002738
IRF2BP1	0.424891091469913	0.333110354173184	0.731479600893477
PLD3	1.18023258366639	0.124551357385548	0.643919147581995
ERI1	-0.0303754790274553	0.952748070228234	0.988567914558181
NUDCD3	-1.70242536444314	0.0136214057511202	0.470133170461824
AHNAK2	0.107867201546284	0.879877568103759	0.965632674553971
MAP7D3	-0.519896755893242	0.283036378330019	0.712108464567123
FAM114A1	-0.244576516099674	0.76562953147711	0.917659429049747
GCC2	0.416967251332025	0.491393309257387	0.788179290155689
CHERP	0.689372467378696	0.311495669020105	0.720562223222902
ANKHD1	-2.33650266993525	0.143227712880715	0.657498418703296
NELFCD	-0.422026072657747	0.684954807088629	0.878766045391188
SIRT2	0.296097170904908	0.480876142362263	0.780312462942461
C9orf40	-0.296144168540792	0.681429641581756	0.876178529755392
GPALPP1	-0.592292539435753	0.16180700782451	0.674108591389704
GSPT2	1.49597606050562	0.0539658241897749	0.591830229776505
ANKRD13A	-0.490567697915871	0.231025840479909	0.695561719483939
PHACTR4	-0.648370152072843	0.262347811538846	0.701149087002738
TRMT2A	0.979772765123521	0.128421617850867	0.646928396835638
RPUSD2	-1.02968907046929	0.125149502502936	0.643919147581995
ALDH16A1	0.793336152320716	0.306115860908506	0.720450507262282
SCYL3	0.279066269238356	0.723516583082815	0.895644791832664
XRN1	-0.202134669616001	0.596137893878369	0.842710302400535
PELP1	0.0256392434449282	0.945434173743652	0.986679026607525
ABI1	-0.257717505150378	0.589002624882114	0.838981049444616
SPART	0.397921754117341	0.459264859193461	0.769338321762213
TTC5	2.12105547995885	0.0830746775037332	0.614082175445539
RPTOR	-0.474774046860109	0.544081115136436	0.816650317394837
CCAR2	0.269544232477614	0.516684677229362	0.798742291879977
VPS52	-0.668353915315699	0.145852605329016	0.658880256190409
NUP93	-0.569405077335436	0.263175000071575	0.701149087002738
CMTR1	0.523264868616359	0.290346615951983	0.714670892802139
LRRC47	-0.686085966593637	0.181960997589219	0.685593534331282
RUSC2	-0.126626617521804	0.836415060139295	0.944579183693281
GPD1L	-0.0235001219204243	0.944015678646183	0.986414651226072
ARHGAP18	-0.375409219044776	0.371721280244044	0.747419024903632
ASCC3	0.647944863611546	0.331865434709052	0.731479600893477
EHBP1L1	0.430077779995088	0.5028636800529	0.795001471453086
PALS1	0.35103701417388	0.455072408557619	0.768673785285838
FNBP4	-1.02071201253445	0.324038713591963	0.728264279763946
CARNMT1	-0.0912140438342277	0.897547297008627	0.974835047499031
OGFOD1	0.107652203768147	0.832636359887314	0.942726948661626
OXR1	-0.957969771878965	0.0625820991975774	0.596130635432815
RPP25L	0.276258043102878	0.554404580516212	0.823809702681575
COMMD1	-0.2004630949275	0.796315808013624	0.924984429501446
ARFGAP2	0.208010576517431	0.61570637782461	0.850449939613249
C1orf52	-0.838438813961108	0.164065193344021	0.678277879484695
METTL13	-2.10508527496386	0.0248258843267376	0.543918365993911
ARFGAP1	0.0276763740500989	0.943596039104441	0.986414651226072
PAF1	0.895626239679981	0.0991007469293095	0.622097562852089
UBR7	-1.24869858368874	0.207584205352342	0.692505703780757
ENAH	0.473766427158587	0.426651902834552	0.760022900713578
ASCC1	-0.345539076256188	0.634355470402994	0.85788344166895
LRRC57	-0.661933521552765	0.224241893492458	0.695406487537471
ANKRD52	-0.450236510232052	0.415289262741959	0.75643635133228
AFG2A	0.446423104136713	0.335314406911654	0.732563525901754
FANCB	-0.53728654466854	0.221085199170902	0.695406487537471
NHLRC2	-0.640928558518279	0.400043772265566	0.753672221047862
AVL9	0.309393095028231	0.732747099910852	0.900599404922969
SUMF2	0.775590948938707	0.0684306870579888	0.60614521426136
TXNDC5	0.396809485559345	0.364354202206587	0.742810567366979
SPC24	0.320917550598246	0.556471017089641	0.823809702681575
SERBP1	-0.856549369957417	0.0324588531735431	0.562675200636541
FAM98A	0.408601379684441	0.577990725067862	0.835404259061408
NFATC2IP	1.05413999810835	0.0424899014524018	0.565682552495852
NAXE	-0.434651609089201	0.456656846895879	0.768673785285838
RNF214	-2.54535296524303	0.00632376527474114	0.38765684906429
NPEPL1	0.174923853452025	0.654786871803527	0.865410835687151
EHBP1	-0.747282511658369	0.131711094439698	0.648753824080119
ABCF1	0.76604469885185	0.0708269369111468	0.609336539686903
PIK3C3	0.165196518665322	0.692386901908314	0.88141474177905
DDHD1	0.0431916958234275	0.939074223584035	0.984982251896129
SHCBP1	0.307851301947096	0.72837362650755	0.897943652199387
APPL2	1.03721362220886	0.235332524616498	0.696801347176919
VPS37A	-0.182914051393805	0.60525032093425	0.846605121132949
LPCAT1	1.54872153899609	0.032208150490914	0.562675200636541
ZMIZ2	-0.501825123184432	0.300506298510114	0.71961296191732
USP32	-0.111657538749427	0.834117378434907	0.943237477798196
FLAD1	0.341742606776119	0.491706745975871	0.788179290155689
NUP43	-0.46843234009096	0.239968158773561	0.696801347176919
NUP37	0.013220113120596	0.973744958869323	0.993090038605227
MOSPD2	0.700321642574973	0.208243423873307	0.692505703780757
NEDD1	2.37478300228241	0.0202023916950402	0.533192871789224
WDR36	0.317552630770681	0.609624034949007	0.848655194632534
WDR48	-0.52440888189863	0.523761286053971	0.803003607280841
CEP76	-1.4741298807305	0.00231528579233163	0.232301015143142
NPLOC4	0.067980815643466	0.890232271592629	0.971208201381564
FBXO30	0.154476568784265	0.734822063474297	0.901774009894419
ZCRB1	2.23344697010425	0.0193126049499635	0.533192871789224
TMEM167A	1.06679074121843	0.0964846467878524	0.619831001909807
PIP4K2C	0.574721496346225	0.338759757302906	0.732563525901754
TBC1D15	0.36883915200832	0.501420495497546	0.794523873577233
CIP2A	-0.618249760377203	0.303199876088565	0.71961296191732
BICD2	-0.383003891843565	0.253836499185417	0.700065264825006
NEK9	-0.114916364062374	0.769934333864251	0.917659429049747
BRIX1	0.562299149342039	0.688710178111984	0.879965188861793
GNPDA2	-0.134643974926533	0.923510056454998	0.979027130944058
DCAF11	-0.282066299932524	0.436339789986091	0.763599440038201
GEMIN5	-0.184168032210334	0.777943286045798	0.917659429049747
ARHGEF40	0.0955888924364068	0.859659750322307	0.954914857799663
PARD3	1.46149573324093	0.042165403399567	0.565682552495852
IPO4	-0.238542329843348	0.69634475662318	0.884341811929865
ABHD5	0.437848494674903	0.36430995158665	0.742810567366979
SETD7	-0.0561387957473727	0.936230282252266	0.984783433438922
SCARB1	0.77462272500998	0.11297971320487	0.636974675032421
COG1	0.472099003608626	0.267086648264531	0.701149087002738
SMAP2	0.532590429898228	0.22535705836673	0.695406487537471
ZC3H15	0.641782057501025	0.207403489345157	0.692505703780757
PPP1R13L	-0.232938158407471	0.55552370256711	0.823809702681575
TMEM263	-0.262268667258695	0.497936981463034	0.792676266451046
NUP133	0.657682289990305	0.145167759983678	0.658880256190409
PDCD6IP	-1.00638277395948	0.131867361963463	0.648753824080119
CHMP7	0.239566265069712	0.881842694349355	0.966160617533378
CHTF18	1.41412865908172	0.112419679341747	0.636974675032421
NUDCD2	-1.27405654934041	0.0480978566411302	0.578554581739985
SCFD1	0.582372097066898	0.454624925381586	0.768673785285838
PCNP	-1.31341623339564	0.122219612257713	0.641320845841423
LMO7	0.612656262616234	0.145565756948023	0.658880256190409
ATXN2L	0.710944458100855	0.285515168369454	0.712999729239602
PRPF31	-0.389187753479678	0.40249603912099	0.753672221047862
NELFB	1.19603230793065	0.0117746056618757	0.456975827661209
PALLD	-0.820637633557176	0.187697338681918	0.685634179466108
MADD	0.574648646737078	0.261433826687269	0.701149087002738
MYO3B	-0.77839556823848	0.199560029174405	0.688740690501833
DNAJC9	-0.245464058004988	0.777077360080851	0.917659429049747
CTNNBL1	1.12314473644214	0.0264669765733189	0.558554445498128
DDX1	0.764328499374301	0.121884022954401	0.641320845841423
SEC14L1	0.211299704425834	0.702599542058364	0.888400202747427
PSMF1	0.88419814776617	0.0599102754920806	0.595710464482412
GBF1	-0.427942143053361	0.344310646459969	0.73358072091716
RTF1	-1.07901641286789	0.247811627496364	0.696801347176919
IP6K1	0.406623256283041	0.499637365334368	0.793094741028085
AP3S1	-0.50812527730363	0.225949631232272	0.695406487537471
HSPH1	-0.672666942521651	0.213700611054952	0.695406487537471
CNOT9	0.425976989171168	0.34605534826161	0.734892909786607
MYO18A	-0.733054000749952	0.229493015970606	0.695406487537471
LARP4B	-0.267936927042321	0.576632382112026	0.835404259061408
GCN1	1.49255681398982	0.0376281193365809	0.562675200636541
DHX38	0.269106546988269	0.563691980936461	0.827748452614682
NUP205	0.325543601464421	0.377507008992206	0.747419024903632
ANP32B	0.237794108403989	0.854721358330021	0.95340828093244
PRCC	-0.71949160690497	0.38997235379742	0.75060035712492
TFG	-0.872305347979257	0.138130281306118	0.651578095916984
HDAC2	2.97854654294709	0.000697357205495801	0.110408579552632
STAM	-0.177293138637623	0.703325489546248	0.888400202747427
DDX17	0.708066867337628	0.27607329704212	0.706557371223769
RAD50	0.69970857354534	0.511970720869368	0.798673953697513
OSTF1	0.284904505412538	0.749444665250515	0.91023570507911
ARHGEF1	-1.05924642348901	0.0901116482872666	0.614082175445539
UFD1	-0.12847664676698	0.748149473293668	0.909745990510121
UPF1	0.0316520327801086	0.93144450353379	0.983354452743027
COPS5	-0.223058420868213	0.572535810188227	0.832443167598734
GPKOW	-0.574041267984892	0.332741320117302	0.731479600893477
SMARCC1	-0.392050384037482	0.362505946608884	0.742810567366979
BAD	0.601881775312613	0.43346899640078	0.763373624091761
KHSRP	0.452913034020703	0.342497183776005	0.73358072091716
TNPO1	-0.818160450702074	0.2880896133116	0.712999729239602
ARHGEF2	0.270040717630131	0.640442145627056	0.860496610428181
EMG1	0.499443608614307	0.282010728146236	0.710999447191385
CLP1	0.630130334053241	0.220152652645407	0.695406487537471
GLMN	-0.462163703042766	0.503319149929194	0.795001471453086
USP9X	-0.867365091007208	0.128211449304709	0.646928396835638
USP7	0.198149255964417	0.611437224483132	0.848655194632534
CUL5	1.06568911124657	0.0216363218849766	0.534259736438691
LPP	-0.858302899034385	0.036118668590858	0.562675200636541
RBPMS	-0.0589579895594738	0.90628913640138	0.976907679576941
HPS3	0.957109106486939	0.0444905310463712	0.574083108528203
RFK	-1.28424806439951	0.0820222499515376	0.614082175445539
MYDGF	0.10176908320069	0.791536766929513	0.924251074649723
BORCS5	0.0476422185114096	0.908508069227017	0.976907679576941
RAB24	0.900760558970504	0.285773377442394	0.712999729239602
ZNF622	0.0400561511410515	0.928867285950449	0.982709631344934
PSMG2	-0.128836706942121	0.786866408079834	0.922829659278566
SYAP1	0.0412531527836393	0.940740623914424	0.985391996082861
EXOC4	1.45804341490163	0.309145800621458	0.720450507262282
FERMT2	-0.553308873339979	0.376549329553602	0.747419024903632
FUBP1	0.49003410601329	0.305843980433361	0.720450507262282
VPS33A	0.658498391811996	0.265721033368532	0.701149087002738
AKT1S1	-1.05824524706861	0.167644514569174	0.679771472095822
OTULIN	-0.476606792767086	0.522892315938989	0.802308352863082
ATG2B	-0.109131345504991	0.862281244118776	0.95631325681173
EFHD2	-0.477585583969212	0.442621770330381	0.768499778531428
CUSTOS	0.19637982631841	0.770898614861016	0.917659429049747
CHMP4C	1.60697551594257	0.0244767235626043	0.543270726429757
ISOC1	-0.298284916775295	0.405524167401976	0.753672221047862
GCC1	-0.416543167364058	0.278257566985135	0.708807852411331
FLYWCH2	-0.605762504743893	0.297273823111855	0.719191024792903
CCDC124	-0.999790019704179	0.260726841443528	0.701149087002738
AP2M1	0.0791118393851704	0.82628594515788	0.939724166863126
NMD3	-0.369904624583853	0.457470041460855	0.768673785285838
REPS1	-0.207687941049919	0.689480751293575	0.879965188861793
CMBL	-0.804358423770836	0.224055809920293	0.695406487537471
MSI2	0.881432017597376	0.114215694783838	0.640204663650482
SNRNP40	1.06093186170969	0.0284672682955077	0.562675200636541
RMC1	0.296129077867249	0.667404496652496	0.871076771230801
SPDL1	-0.131295775397792	0.772970867113763	0.917659429049747
SIRT1	-0.24644428149443	0.671958615030096	0.871282699265442
SEH1L	0.0374326928338533	0.910570780518837	0.976907679576941
TCEAL4	-0.468918129047363	0.266063740663982	0.701149087002738
KIFBP	1.03018749252404	0.200938444394476	0.689788046401168
GNPNAT1	-0.145067460077442	0.867296963686831	0.960017447336928
KTI12	-0.000360281035455046	0.999681146856227	0.999681146856227
MOCOS	-1.48473146041673	0.0170839576188443	0.507524956338281
DAZAP1	0.669215515720147	0.123209558772279	0.642241459543891
SGTB	-1.24464850611096	0.0306681168969786	0.562675200636541
SAAL1	0.167520307842455	0.787195108665081	0.922934884536898
MVB12A	0.087346989982656	0.850992889210813	0.951931750040608
CYFIP2	0.0798796072481949	0.83886962796232	0.94584480988446
CCDC97	-0.0587686303340931	0.900386314980121	0.974850560261629
EDC3	0.257496254431413	0.520166512844454	0.800526374516263
S100A16	0.907615972524908	0.499069632012192	0.793094741028085
SIPA1	0.39781307195728	0.510300838097372	0.798668127876661
OTUB1	0.794752157641305	0.304472564910338	0.720450507262282
CHMP6	0.135144906576986	0.811294859162112	0.93355490010869
PGM2	-1.23387599180334	0.269576979066836	0.701149087002738
DUS3L	-0.409130952790125	0.65874406569712	0.866835796199991
OTUD5	-0.756650394983783	0.10895123792402	0.628953185145835
LTV1	-1.52386242594473	0.00104465837052365	0.135884113952739
DCUN1D1	0.319627142480076	0.57610081864691	0.835404259061408
FAHD2A	0.012406414281422	0.981041312839047	0.995121935313482
TOE1	0.881717443831057	0.313252583198888	0.720562223222902
MASTL	-1.04316813841081	0.0461387339762428	0.578554581739985
SNF8	0.486077300196182	0.347901691831054	0.734961497551179
PDLIM5	-0.397335263945795	0.334488082645749	0.731479600893477
ERO1A	0.0523521336161004	0.896485418289672	0.974451642396485
NAF1	-0.314124445263587	0.609489088888237	0.848655194632534
GMPPA	-0.450683944082627	0.343498350567029	0.73358072091716
ABHD14B	-0.645814259432576	0.355796599867714	0.740520647849437
NGLY1	0.693422808537768	0.270768287937223	0.701346162316267
PAWR	-0.401365095815784	0.426496912260412	0.760022900713578
ITCH	0.99228460831392	0.0952283154920239	0.616574142355582
COG3	-0.00987636805583492	0.986902070136256	0.997853847514202
VCPIP1	-2.23679958065897	8.15423556166642e-05	0.0286287797628688
ZFP91	0.408865492857355	0.577540737742775	0.835404259061408
BTF3L4	-0.818967941330005	0.293894503196501	0.715969957845173
USP47	-1.62735779757367	0.0472851089747402	0.578554581739985
PBK	-0.830059862342271	0.422478832136544	0.75840855535623
ARL5B	-0.0254463710797062	0.956055597766553	0.989011270096913
SCYL1	-0.0406543521622673	0.920467908704599	0.977328476543479
EXOC2	1.16308594841362	0.0577091150150096	0.591830229776505
CNDP2	0.314745534289088	0.779365332818543	0.918215044339601
ZFR	1.03765112296505	0.147232952121264	0.658880256190409
TRIM47	0.361511206176978	0.453552040149752	0.768673785285838
PRRC1	0.199392273506149	0.638984973597965	0.859920221170717
CCDC43	-1.55293424011383	0.0612870483077067	0.596130635432815
COG8	2.29083013140586	0.0682842659283484	0.60614521426136
DNAAF10	0.689903791950044	0.142970969220707	0.657498418703296
DOCK7	2.88554457162936	0.000392242427573037	0.0797284344887931
SAMD11	-0.684621665141275	0.348202469617565	0.734961497551179
NSUN5	1.36030822833103	0.0377851272871854	0.562675200636541
RPRD1A	0.282683573965244	0.515078834882124	0.798673953697513
AGAP3	0.081898486350763	0.867587100274871	0.960063433026233
ARAP1	0.0574807491937932	0.882744526167772	0.966588987825329
IPO9	-0.34367107759272	0.714369408386107	0.891633826092463
RBM14	0.219888195084042	0.713706644798057	0.891633826092463
NEDD4L	-0.113443350653519	0.777647495189934	0.917659429049747
FMNL2	0.406806478095781	0.295739820586103	0.717429137627844
PUS7	-2.16477166545193	0.0206714523289076	0.533192871789224
TRNT1	0.218868542802142	0.714107820213827	0.891633826092463
VPS35	0.100971279937259	0.788984779567432	0.923071559736269
SPAG5	0.189118930485382	0.842304711234285	0.947562130727296
NACC1	-0.870349993462149	0.41737881827633	0.75643635133228
SNX18	-0.315863463467718	0.766906464302961	0.917659429049747
TGS1	-1.72132502660267	0.00967444068779432	0.44064362577612
NUDCD1	-0.607549783241733	0.219326602252698	0.695406487537471
ERBIN	-0.579381353667625	0.577614438681943	0.835404259061408
WRNIP1	-0.187006409105063	0.781125758012087	0.919127021262773
RANBP9	0.490605237075172	0.298577542156396	0.719342774677481
UBL7	-1.00324704092743	0.178676726605679	0.685593534331282
PLEKHF1	0.0369293165222224	0.924174073268602	0.979462203886757
SRPK1	-0.145332989019916	0.788778970007198	0.923071559736269
IWS1	-0.344363867224644	0.622947544037738	0.852826449866623
OSBPL9	-0.00162787984594814	0.998218012368765	0.999252971427727
RUFY1	-0.148284995248158	0.763462910669426	0.91733381763218
MMS19	-0.0860307624840182	0.834308447477638	0.943237477798196
NIBAN2	-0.935929776686319	0.16053073790752	0.674108591389704
TCF12	-0.352335553861636	0.450951680272031	0.768499778531428
MYCBP	-0.343410001896892	0.483007458361054	0.782033107008123
TBCB	-0.496716955239688	0.352325600147859	0.73637910738439
PSMB7	-0.094830801087415	0.800092480275309	0.927636493192208
CNN2	-0.633485075546922	0.369923858257622	0.747199759723292
PSMD1	-0.651473634192364	0.243054478497497	0.696801347176919
PFDN5	-0.371129225932986	0.589631498016306	0.838981049444616
PARK7	-1.27365030452891	0.247733449224598	0.696801347176919
EYA3	0.103103292352355	0.867840344219865	0.960068579025241
VAT1	0.0869752122132716	0.844811481919853	0.948982156990557
PLIN2	-0.493301464811758	0.229458111818524	0.695406487537471
NUP88	-0.463239889226241	0.34776591888253	0.734961497551179
PIK3R4	0.428942931676215	0.341685533733688	0.733429552910115
POP1	0.528430629858196	0.463893217884797	0.772222244599607
S100A13	-1.26367269874134	0.165793453711433	0.678277879484695
TSNAX	-0.173509700614886	0.824345086528369	0.939138529097269
TTC1	-0.42501661234639	0.310538575151538	0.720562223222902
DNAJC7	-0.460085202769868	0.376867255893264	0.747419024903632
COPS8	-0.571273067859565	0.15136534660295	0.663295961852487
CHP1	0.764438064540204	0.103073998080536	0.622097562852089
KIF2C	1.05021435642709	0.0278272579681674	0.562675200636541
MGLL	1.26825187630874	0.00624696465004588	0.38765684906429
MTR	-0.580548573402151	0.438143054079008	0.764024024233572
HNRNPAB	0.102139406004945	0.791686914804176	0.924251074649723
NAP1L4	-1.18215795574336	0.180064654528687	0.685593534331282
OLFM1	-0.650843526218267	0.126178666693964	0.643919147581995
TSG101	0.163665938567011	0.688515378793735	0.879965188861793
CPNE1	-0.550538437898119	0.465800790569795	0.774729824797825
CCT7	-0.944334519914371	0.228365058757235	0.695406487537471
PRMT1	-0.479918057658651	0.327069022563784	0.728264279763946
BAG1	0.724050532750908	0.36313252376949	0.742810567366979
SH3GL1	0.991503222079828	0.294018695685719	0.715969957845173
SH3GL2	0.703101835301446	0.43977383062179	0.765392759739231
NCAPG	-0.12116097395247	0.804600570598019	0.929236663770798
ARPC5L	-0.273464029678568	0.599420624083003	0.844540877192056
ELAC2	-0.428052428519031	0.384148673648669	0.748142555136899
TRIR	0.337587489725415	0.491355800159444	0.788179290155689
GRWD1	-0.33122285094532	0.356356579220066	0.740539426780641
MACROD1	0.17105558261612	0.777859103544468	0.917659429049747
CMSS1	0.756286421379034	0.142479168327966	0.657498418703296
WDR77	0.013487669619046	0.9863385924825	0.997705511830125
KXD1	0.154556494255708	0.776614009591373	0.917659429049747
APOL2	0.114959556309238	0.839798511935218	0.94584480988446
MYBBP1A	1.24405314796937	0.142874101016103	0.657498418703296
NUDT12	-0.201458821648583	0.621188034003771	0.852775334312327
FERMT1	-0.663293328655321	0.229160012541846	0.695406487537471
FYCO1	0.253740605999866	0.689110171269269	0.879965188861793
VPS25	0.102525773887102	0.848800326295236	0.951543355631989
CHLSN	-0.505978916526814	0.255776450915533	0.700562946835249
PDCD2L	-0.0107151202158668	0.988778972272507	0.998339233865061
PAAF1	-0.687201353387451	0.248153138052536	0.696801347176919
PYM1	-0.832299711165266	0.105781895272122	0.622097562852089
PYGO2	0.386543453862942	0.586796439561015	0.838981049444616
AIFM2	0.198483949460304	0.580657109471923	0.836752894321107
RIOK1	0.10710214454706	0.788629912041166	0.923071559736269
MIEN1	-0.337230128317131	0.326449357922932	0.728264279763946
PELO	-0.08204815953858	0.919688492459064	0.976907679576941
ATG101	-1.24732915393548	0.0875456486568267	0.614082175445539
NTPCR	0.534525207488187	0.326970135964369	0.728264279763946
TUBGCP2	0.854227891075617	0.0674230718645226	0.605553264048341
ESYT1	0.764506476728254	0.15575781899457	0.666464172790306
UBAC1	-1.32323494730279	0.0183610968617649	0.525263378371379
TSEN34	-1.06195153410992	0.080942993630525	0.614082175445539
CNPY3	-0.370943789228924	0.305999105003745	0.720450507262282
PSMG3	-0.981815457771525	0.0394260571551849	0.562675200636541
COPS4	-0.589523910336073	0.291761218202146	0.714700318166115
RBM42	0.411831295140825	0.334401520083885	0.731479600893477
MCMBP	-1.2049883825424	0.055977897870791	0.591830229776505
AARSD1	-0.736333255450479	0.241735925965732	0.696801347176919
DCUN1D5	-0.810545780614117	0.179926294081862	0.685593534331282
ANP32E	-1.34521932731344	0.188034274362674	0.685634179466108
TBCD	-1.27337811291175	0.0234044518919699	0.541347132088366
HGH1	-0.296713611464291	0.588581148469424	0.838981049444616
DOHH	-3.44388891139186	0.000303851260180731	0.0669445958768747
TUBB6	-1.76905696629646	0.35158222489156	0.73637910738439
POLR3C	1.06351488702423	0.0142360976837102	0.470133170461824
HNRNPUL1	0.0634552079473529	0.907443374691686	0.976907679576941
PDCD10	-0.480207534216333	0.288809049004865	0.712999729239602
RPP25	0.522432022214435	0.447065046358702	0.768499778531428
EFHD1	0.288407345290235	0.660441944188028	0.866835796199991
DDX23	0.57726001495034	0.192058063697068	0.685634179466108
MRI1	-0.531190435820442	0.4703735761076	0.775333835112331
WDR18	0.266913892030274	0.642470956526379	0.861535706286415
NTMT1	-0.775748066141922	0.302225975136697	0.71961296191732
DSCC1	-0.451835728750627	0.49520572967037	0.790282862804532
TMED9	1.04436875554511	0.171404651715192	0.68087160593252
GNL3	1.03857888465182	0.111851082177309	0.636974675032421
AFG2B	0.837019757211742	0.0939875397042019	0.615060140138867
RIOK2	-0.428922676024094	0.454766902891813	0.768673785285838
NUP85	0.684928220653347	0.156003006784681	0.666464172790306
DDA1	-0.0132257335182331	0.977246925554884	0.99472845094464
YJU2	0.477558088717025	0.584945436835523	0.838541153590634
NUDT9	-0.0303864747666012	0.93663771626148	0.984783433438922
TARS2	1.07984593560789	0.0840045701852731	0.614082175445539
ACAT2	-0.334313339489796	0.659213247530158	0.866835796199991
RBM4	0.763187940832271	0.0828838155372843	0.614082175445539
RPAP1	-0.428177003962215	0.702912158887455	0.888400202747427
SLC4A1AP	0.200776220237394	0.562811339754391	0.827714163797204
SSBP3	1.12183898064018	0.0990619866333945	0.622097562852089
OSBPL10	1.11913561978477	0.0261620004076401	0.555151898759923
NAA15	-0.537236505367037	0.315198016802039	0.720562223222902
SRRT	0.500042008911016	0.343323896855998	0.73358072091716
AP1M1	1.21190665742317	0.00669206337803964	0.391587102514986
NUSAP1	0.228741951520291	0.660788343866591	0.866835796199991
FANCD2	-0.233088076959831	0.757769082755889	0.914864040999543
RTF2	-0.243626318945921	0.625664451533345	0.855833058780969
CHMP4A	-0.678762496622991	0.181566028217576	0.685593534331282
EIF2A	-0.349542993932747	0.52658090795175	0.805182995090071
NIFK	0.244557534876943	0.541228839890427	0.81363401310114
NLN	0.247568064505781	0.611862693640333	0.848655194632534
LDHAL6B	-1.10834428659376	0.297828054102281	0.71930216195
NUF2	-0.444034343579478	0.36286333285644	0.742810567366979
GTPBP4	0.612982588985574	0.448495048977308	0.768499778531428
ASPSCR1	-1.29122455711034	0.0122857841173228	0.459891572330783
TBL1XR1	-0.150117472705404	0.761493932622803	0.916210822957019
ULBP2	0.619710630240792	0.347413283604074	0.734961497551179
NIBAN1	1.75485091801877	0.0249533407388209	0.543918365993911
UBXN6	0.729486911490348	0.224099128893585	0.695406487537471
UCK2	-0.840992516885343	0.211736045392009	0.695344053829879
API5	0.856897441164818	0.0583936990073738	0.595030252154295
DPY30	0.023698299545444	0.953808928830494	0.988567914558181
TANGO6	0.261340316115749	0.455993028049148	0.768673785285838
TNKS1BP1	0.343038173204746	0.449145701390658	0.768499778531428
AMBRA1	0.319279719727383	0.723556824635457	0.895644791832664
UBE2O	0.360345632274512	0.386672690789506	0.750040146574119
XPO4	0.231937134066566	0.766849356068436	0.917659429049747
WDR12	-0.0404236463056833	0.9145708072763	0.976907679576941
ADISSP	-0.261813054771082	0.815527698977628	0.934035579315421
PITHD1	-0.532540022812061	0.444501484819555	0.768499778531428
COMMD5	0.17978919868057	0.663479811876461	0.868890821792775
DDX24	0.702652697439358	0.269440954635729	0.701149087002738
SKIC8	-1.43326352084454	0.146792716851456	0.658880256190409
NIF3L1	-0.370411855681645	0.517568406780684	0.798742291879977
EGLN1	-0.289555783153297	0.421147181702769	0.758261266077433
PSME3IP1	-0.666287058464647	0.121186000243255	0.641320845841423
NAA50	-0.429520672146861	0.267398526921469	0.701149087002738
UBA5	-0.702945864912515	0.27154643989357	0.701571230702715
PAIP1	-0.911085009394348	0.0549223041913659	0.591830229776505
COMMD4	0.35653143795864	0.436168182791976	0.763599440038201
KLC2	0.0711274301851645	0.942696317334076	0.986255998451006
XRN2	-0.0125037995430546	0.973371383707553	0.993090038605227
CSTF2T	0.00396776464420512	0.995347724769512	0.998840845572707
NT5C3A	-0.108922761365314	0.819809621837039	0.93694485671033
DDX47	0.715903656452905	0.140966871519433	0.655682150286243
RAB1B	-0.0396560121927827	0.913213990188188	0.976907679576941
TSPYL1	-0.394575922741495	0.423534230083878	0.759020508855656
ANAPC1	0.00425772540470604	0.992876827905865	0.998339233865061
POLR3F	0.332540963032049	0.590605390201594	0.838981049444616
ASCC2	0.40880713401404	0.450756189986358	0.768499778531428
ATG5	-0.628809409023528	0.268323128402055	0.701149087002738
EHD4	0.481902347068843	0.39495333386972	0.752125135801213
VPS16	-0.836959914234377	0.214343625689814	0.695406487537471
SLK	-0.542621873867198	0.353119432133064	0.737160673998861
PPIL3	-0.830747149111239	0.225408411869873	0.695406487537471
PDCL3	-0.0391589739141942	0.936844726684257	0.984783433438922
RAB3GAP2	0.00339358194288764	0.993403641422188	0.998339233865061
DHX36	0.693420485891536	0.269990086592239	0.701149087002738
PPA2	0.198728134846533	0.691092753507742	0.880858156451122
BOLA2	-1.04569021406508	0.220880660670708	0.695406487537471
TXNIP	1.05646952900108	0.123703681235261	0.643859322008866
NELFA	0.525130683381697	0.393150739334578	0.751401850401865
ACBD3	-1.02209758443346	0.0269074609413353	0.561711427867226
CDC42EP4	-0.261413213047376	0.503888055099893	0.795001471453086
PTPN23	-1.15335298343184	0.201125302498384	0.689788046401168
UNC45A	-0.761619269495764	0.248391547303909	0.696801347176919
DSN1	1.25712635437347	0.075476018846598	0.614082175445539
C1orf198	-0.564911807157454	0.405117568189063	0.753672221047862
CHMP4B	-0.752337832888525	0.146474276461509	0.658880256190409
WNK1	-0.000946191008132757	0.998009478183906	0.999252971427727
RNPEP	-0.685706732132871	0.413481371644778	0.75643635133228
GOLPH3	0.141748849699653	0.740779786633261	0.905059011698087
EPB41L1	0.873695381367178	0.264348815767029	0.701149087002738
SMARCAD1	-0.276934081868237	0.482484846911541	0.781937255045058
EHD1	-0.140304054023233	0.696120328609403	0.884341811929865
HEATR1	0.949676736481901	0.0981290979944696	0.622067370808441
RABEP2	-0.810089299918339	0.137204656534321	0.651578095916984
STEEP1	-0.344428279712211	0.51720438097995	0.798742291879977
CIAO2A	-0.470228675906448	0.19782955807819	0.688156185353367
HAUS4	-0.87381996585416	0.0462634422516467	0.578554581739985
TUT1	-0.0934809942475354	0.835550295529304	0.944088718939197
REEP4	0.363902551203115	0.60136403660586	0.845456100972636
YTHDC2	1.37542112954775	0.0246180963854723	0.543286218518252
EPS8L2	-1.0928267254252	0.0994587294691247	0.622097562852089
RPAP3	-0.561784466305301	0.136695271147084	0.651578095916984
WDR55	0.662521692788683	0.367355073928447	0.746403928117146
RANBP3	-0.339608327469723	0.5679467359754	0.831020708201184
DCTPP1	-0.356320108130518	0.679597435234268	0.875877640884717
SH2D4A	0.129338247093127	0.827539294844555	0.939962575371798
RPF2	1.95071921283884	0.0560335459657532	0.591830229776505
WDR26	0.285363111522944	0.503926359947477	0.795001471453086
C8orf33	0.212081256542596	0.669914746287941	0.871282699265442
PHAX	-0.742948362165095	0.125106104937065	0.643919147581995
UBE2Z	-1.16168832260919	0.0787012076379691	0.614082175445539
TUBA4B	-0.796121880204566	0.330697835967782	0.731474823887499
RMND5A	-0.0237899173235441	0.963638770902829	0.989011270096913
ANKZF1	0.271090831872414	0.613464268718806	0.848655194632534
GORASP2	0.119840269398118	0.764846487397078	0.917659429049747
CNOT10	1.54846195445835	0.0130087984654771	0.465184996978451
LRRC40	-0.282142632376825	0.804597931069775	0.929236663770798
VIPAS39	0.407491913142906	0.675676532021937	0.874154560692821
COG4	-0.0137936703179804	0.967948664298822	0.991306746624782
COPS7B	-0.91337812352133	0.0312040676916043	0.562675200636541
NHEJ1	0.853650439076667	0.261178573458327	0.701149087002738
ELP3	-0.558264565939229	0.477515582406903	0.779114989123557
JMJD4	-0.007201591633482	0.987603318533788	0.998200475314706
POLR1B	0.784495971125761	0.206690631957245	0.692505703780757
WDR41	0.605383811613766	0.13614099900016	0.651578095916984
XPO5	-0.651029135772234	0.184155791303961	0.685634179466108
CLSPN	-0.105714900443111	0.876349194387254	0.964456225901743
MYG1	-0.462240299765359	0.369237392228733	0.746985232471119
BCL2L12	0.0884870595746783	0.916263766203639	0.976907679576941
PLEKHA2	-1.5076121885118	0.073730708218208	0.614082175445539
CACYBP	-1.34759602962973	0.0935389239965627	0.614378036085256
PARVB	0.532842890520968	0.491863950645993	0.788179290155689
GLOD4	-1.56819815755197	0.0763153960667256	0.614082175445539
MOV10	0.038421351756547	0.953202602517219	0.988567914558181
RAVER2	0.068878143308158	0.920642412652817	0.977328476543479
GPN1	0.270312326300772	0.6989880127392	0.886241531582006
XAB2	-0.340018201333145	0.436600288937793	0.763599440038201
SRA1	-1.31021505238429	0.0789329592842492	0.614082175445539
GOPC	-0.248690168130913	0.512787843267695	0.798673953697513
MYO10	1.22417236962733	0.0345596255523378	0.562675200636541
WDR6	0.355036972018475	0.447035883399015	0.768499778531428
SH2D2A	0.918984427359725	0.280770166114526	0.710572989209895
ARFGAP3	0.846839486318711	0.208540687078462	0.692505703780757
RAB18	0.567482345372422	0.341836663707459	0.733429552910115
PALMD	-1.19661267967687	0.03744806025732	0.562675200636541
SSU72	-0.845911705046881	0.0744702390404415	0.614082175445539
VTA1	-0.129451720194016	0.779084366176939	0.918164120285425
MID1IP1	-0.346682464647717	0.455259727773308	0.768673785285838
EXOSC4	-0.0202986519814772	0.959571687062836	0.989011270096913
UBE2T	-0.994847315863982	0.190802821606299	0.685634179466108
OSGEP	1.30719780793949	0.261828371594781	0.701149087002738
DCP1A	0.463917687655261	0.384216589916125	0.748142555136899
ACOT13	0.371165045606418	0.368975638635352	0.7468469163573
RIC8A	0.020808232614467	0.977107160604027	0.99472845094464
LUC7L	0.430845993010955	0.404775830791264	0.753672221047862
LZTFL1	-0.0842342784003876	0.912154150824981	0.976907679576941
TIGAR	0.545434702439092	0.555350652739166	0.823809702681575
WASH6P	1.03757150128928	0.155719944172281	0.666464172790306
RTN4	0.395354046258852	0.499631696799483	0.793094741028085
HINT3	0.441043908579637	0.309572118392339	0.720450507262282
RPRD1B	-0.192175269686	0.620406584461934	0.852775334312327
PFDN4	-1.04076181616277	0.238869538393543	0.696801347176919
NIT2	-0.493416942672717	0.610274370764689	0.848655194632534
EXOSC5	1.64622674088704	0.0131439644422064	0.465706336475241
EXOSC3	-0.750081819087793	0.360901062449608	0.742810567366979
ANLN	1.57727974996498	0.00502512264796612	0.340474099411319
XPNPEP1	-0.753972979394185	0.294359840997441	0.715969957845173
GPHN	-0.502848426887486	0.308816625174577	0.720450507262282
BIN3	1.43777289858415	0.0368274110945988	0.562675200636541
STARD7	-0.0502872389636551	0.91126030553946	0.976907679576941
PDLIM7	-1.43086519608277	0.146499978208115	0.658880256190409
DDX21	1.2962817656802	0.0179264190850652	0.520540078996404
SAR1A	0.297123156218735	0.770096299022949	0.917659429049747
POLE4	-0.765987784387157	0.295141023234997	0.71702693277267
NANS	-0.923763365485506	0.313062375828634	0.720562223222902
SH3GLB2	0.539974420027136	0.260716544065126	0.701149087002738
EIF2B3	-0.332952258440535	0.57759583601734	0.835404259061408
POLE3	-0.222312321187307	0.716924544619034	0.892338529045758
CHRAC1	-0.835944672324107	0.102346961775341	0.622097562852089
STRN4	-0.0547600494669176	0.918767507737589	0.976907679576941
AASDHPPT	-1.30698488995434	0.0867955909034907	0.614082175445539
UBQLN4	0.214306015982523	0.56094177924951	0.826538401931174
HEBP1	-0.0807858481318924	0.838962218361867	0.94584480988446
VPS45	-0.737633480482533	0.305288114897287	0.720450507262282
PNO1	1.29207910639605	0.0910955053485989	0.614082175445539
PHPT1	-2.33887832201795	0.00295072409641751	0.261178404849063
ARHGAP35	-0.659868073488333	0.377523580907624	0.747419024903632
FAM114A2	0.554969511769279	0.18780728127141	0.685634179466108
LANCL2	-0.501675274349701	0.537777784000626	0.811582551559153
KIF15	-2.95946112031481	0.000559857403305258	0.102960442455472
FARSB	-0.37988462705475	0.349416543923722	0.735150697184343
SLX9	1.11960690685591	0.422603627945781	0.75840855535623
KLC4	0.586849384235926	0.415634178990588	0.75643635133228
ATG3	-0.886146467816598	0.220774346650634	0.695406487537471
SMC4	-0.0972018770655261	0.839690693692157	0.94584480988446
OLA1	-1.73132480978925	0.197522902175907	0.688156185353367
CUTC	-1.13414431425431	0.0459466582197802	0.578554581739985
ECHDC1	-0.243053397731838	0.530848798952356	0.806188777646087
RBM12	0.673786221148809	0.348574985217869	0.734961497551179
TCP11L1	0.150913712712626	0.765919296791672	0.917659429049747
STAU2	0.198489312205083	0.623637837243242	0.853468932471084
BLOC1S4	-1.02773074674841	0.0346650982741138	0.562675200636541
LIN7C	0.486361483004917	0.494905946292037	0.790130948565459
ABCF3	-1.14676603594388	0.100124719613247	0.622097562852089
CYRIB	-0.577060450673788	0.378574830628333	0.747419024903632
DDX19A	-0.743669146915888	0.280297898687875	0.710572989209895
TDP1	0.511300502791361	0.65320638370342	0.865410835687151
TBC1D23	0.302787120942611	0.461269753355218	0.771179128769633
DCAF13	1.12030512785569	0.0487118413501802	0.578554581739985
EXOC1	-0.754838069269891	0.620316313009637	0.852775334312327
PARVA	0.175877392831129	0.679381152639427	0.875877640884717
FANCI	0.232612977958389	0.717422098033998	0.892338529045758
INTS13	1.11689048848653	0.00857576907519085	0.429012871148726
ASF1B	0.356102192127935	0.320452709293573	0.726710724187774
PNPO	-1.82707612807721	0.0535950280482719	0.591830229776505
ARMC1	-1.20278247749739	0.0204246818792975	0.533192871789224
NLE1	0.377071219925053	0.509983875996265	0.798668127876661
POLR3B	0.268036647698874	0.585589200215935	0.838541153590634
RBM28	-0.0733955388893968	0.893248731756956	0.972258643885358
RBM22	0.436938860659385	0.580646200096527	0.836752894321107
BSDC1	-0.496434824463982	0.337338453447558	0.732563525901754
WDR70	-0.582178439591573	0.251544444744256	0.698894384256715
PIH1D1	-0.846565329192195	0.0830812792666222	0.614082175445539
HIF1AN	0.117620368040402	0.771611779625756	0.917659429049747
GID8	-0.0610126427161752	0.882550594361608	0.966588987825329
BABAM1	-2.13603586113558	0.000634317122671422	0.106690396052036
ASB6	-0.205876238887189	0.780953644964993	0.919127021262773
UCKL1	-0.650348964502342	0.253855816865942	0.700065264825006
COMMD8	0.963272141748327	0.0820913904738167	0.614082175445539
HYPK	-0.0147036201998105	0.980669887762504	0.995121935313482
THUMPD1	0.713989996060832	0.497458863007635	0.792562489021765
TRMT1	-0.244290641364277	0.678902802583636	0.875877640884717
GDAP2	0.0435764188038803	0.932582172247318	0.983354452743027
NDE1	0.495465472635633	0.349813664595781	0.735150697184343
BABAM2	0.433400125286369	0.256931175704656	0.700562946835249
PPP4R2	0.198857375416075	0.599674454121086	0.844540877192056
DPP3	-0.975838181191484	0.161343624448055	0.674108591389704
DDX56	1.5319272711817	0.0486595530028279	0.578554581739985
TERF2IP	-1.00562161953055	0.0483061677659536	0.578554581739985
ABI2	-0.214402828356775	0.751952090127048	0.912156118677182
UTP6	0.259662547946554	0.858446620750237	0.954598574528481
COA4	-0.195982939630959	0.647367696931676	0.863721776335677
TMOD3	-0.391849343431666	0.596612263710237	0.843072287760314
RRN3	0.407845633493505	0.456566894857499	0.768673785285838
UBAP1	-1.11869473479778	0.0683107649516212	0.60614521426136
ACTR10	0.155799250748348	0.676376311024995	0.874511320113334
C9orf78	-1.38043267587481	0.00438763239150379	0.313032132638204
FAM120A	1.47080828507213	0.0443622545364266	0.574083108528203
SPG21	0.116564691708	0.798949019828754	0.926990299270788
IGF2BP1	0.510854857453303	0.264707654564045	0.701149087002738
DTL	1.1050074577925	0.128923612194083	0.64804309372352
HSPBP1	-0.370850756916781	0.428618126817877	0.761418217925778
MAT2B	-1.01048433124771	0.252842086994724	0.700020256163013
MYOF	1.1812666656732	0.154027725139586	0.664919314184473
EHD2	0.134836159249172	0.74953691083951	0.91023570507911
NCKIPSD	-0.376035533916646	0.314926081825747	0.720562223222902
OGFR	0.00829728207374458	0.986067161557662	0.997692265636806
PALS2	0.286195172069505	0.515787152104516	0.798673953697513
COMMD9	-0.0664667525489762	0.917758554864856	0.976907679576941
NHSL3	0.326447561929395	0.656026291282444	0.865410835687151
RCC2	0.190934199894613	0.589123238948809	0.838981049444616
RELCH	1.55967198103663	0.0243845321375247	0.543270726429757
DIP2B	0.308743617917237	0.586102691076276	0.838654536100993
BCCIP	-0.888645167574872	0.231724037437462	0.696801347176919
STK26	-0.915426148650546	0.131152147467059	0.64804309372352
PTGFRN	1.79110967815751	0.082562533148694	0.614082175445539
CTTNBP2NL	-0.228327227890325	0.703437213416896	0.888400202747427
HEATR5B	-0.0110125792956417	0.991982013018238	0.998339233865061
RRBP1	2.90754708671256	0.00162348007740056	0.184408237027087
CPSF2	-0.0357730762451212	0.951117903501964	0.988567914558181
LARS1	-0.303340799786287	0.654366811175886	0.865410835687151
KLHL13	0.415879409472176	0.315502516693404	0.720562223222902
ANKFY1	-0.630206665762064	0.212214661498535	0.695406487537471
ATXN10	-0.375520602409583	0.524379502751683	0.803405451947394
EPS15L1	0.44117347638397	0.375871487692975	0.747419024903632
ORC3	1.16544881039925	0.0108220507451755	0.449406021267396
SAE1	-0.12069007902349	0.881379955762835	0.966160617533378
COPG2	0.367676810855141	0.404766106462321	0.753672221047862
PI4KB	-0.183528747918004	0.777061130050313	0.917659429049747
COMMD3	0.422133127091591	0.51538877280802	0.798673953697513
GNG12	1.06738489609666	0.0454513987644757	0.578554581739985
MTRR	-0.54103737786459	0.571749443436937	0.832301677555014
VPS29	-0.499520219608307	0.233686449473296	0.696801347176919
EIF3K	-0.644958922101456	0.268302878430488	0.701149087002738
GRHPR	-0.494639522151743	0.32737352454131	0.728264279763946
UBA2	0.0277548891552222	0.976746212577772	0.99472845094464
CTNNAL1	0.283262648966279	0.632480499668103	0.857534794917967
NXF1	1.75657509203804	0.0229588458923864	0.541347132088366
COPS7A	-0.40743136979059	0.271945140435517	0.701571230702715
DNAJB4	-0.974780025350483	0.0707944189416767	0.609336539686903
LRWD1	0.541242267464213	0.333132804112224	0.731479600893477
ABCF2	-0.217116590164817	0.672225652119785	0.871282699265442
TES	-0.939949533263182	0.0438622442824416	0.574083108528203
NDRG3	-0.0978052972541796	0.897791816971948	0.974835047499031
ARMCX3	0.196229440297955	0.707461056033015	0.889682383067243
SWAP70	-0.74476071126346	0.23657699536832	0.696801347176919
LIMA1	0.49879282852034	0.238832571580057	0.696801347176919
SRP68	0.882174122433028	0.0656059115990427	0.605553264048341
CHORDC1	-1.04978498449469	0.229941502999832	0.695406487537471
SEPTIN9	0.772818502954618	0.222954401756343	0.695406487537471
UBQLN2	0.547562376283459	0.314206737721845	0.720562223222902
DDX20	1.1461696078033	0.102414331603351	0.622097562852089
BAIAP2L1	0.171285959143937	0.851597922437156	0.951931750040608
SAP30BP	-0.441585486277283	0.484415585385556	0.783094596383012
PFDN2	-0.948127506875352	0.197604290594502	0.688156185353367
PUF60	-0.130705687127893	0.704726631155274	0.888400202747427
NRBP1	-0.252711609184029	0.492179249865474	0.788179290155689
ENOPH1	-1.90590161738979	0.107978547433278	0.62511939089359
EIF2B4	-1.28250509062837	0.018071977015199	0.520850561438049
ATP6V1H	0.0530695052886614	0.915821994893003	0.976907679576941
TRMT112	-0.664181024083163	0.324346154245799	0.728264279763946
XPO7	-0.697000573789353	0.248783876910452	0.696801347176919
CNOT7	0.759655316353932	0.311345545691733	0.720562223222902
TRMT6	0.336452333779782	0.677465283394937	0.875040442966972
DBNL	-0.815849626353259	0.226603665674013	0.695406487537471
DCTN4	-2.04129288034932	0.0949850037221545	0.616574142355582
CDC23	-0.218294992127248	0.655029069755071	0.865410835687151
ANAPC7	-0.0854422749248798	0.877868660073628	0.964531654396686
ANAPC5	0.626923037478168	0.177939874785838	0.685593534331282
ANAPC4	-0.521882005492532	0.326692079769082	0.728264279763946
ANAPC2	-0.901048121380274	0.110458930341957	0.632926393146348
VPS28	-0.486053403871601	0.270035660323602	0.701149087002738
LSM7	-0.15267879080988	0.790116618047684	0.923836021465382
FBXO3	-0.424287997489387	0.372714246568187	0.747419024903632
MRTO4	0.156648059954527	0.68738722985232	0.879910335329685
CPSF3	0.14791926341773	0.734041836282774	0.901389370977448
APPL1	-0.542733568514848	0.343861324443105	0.73358072091716
NUDT5	-1.21165372016872	0.107476653680091	0.623235490259027
RCOR1	0.561490196052322	0.321100668917242	0.727752807135204
GTF3C4	0.0536302767961132	0.914630206314855	0.976907679576941
PACSIN3	-0.560865338725542	0.397889275922136	0.75337218114396
ACIN1	0.450665474559724	0.374344122840242	0.747419024903632
AGO2	0.74364163600411	0.227420498971843	0.695406487537471
NUP50	0.507255049709322	0.383189370495835	0.747689875828869
CDV3	0.079268802033571	0.910145545919709	0.976907679576941
BAG5	0.260731088037868	0.488460123653112	0.786669306734078
RAB21	0.259029566359388	0.51372137792982	0.798673953697513
RAB22A	0.884629368390307	0.0959024739099784	0.617292257067228
TRAPPC2L	0.12371311333677	0.877328859838298	0.964456225901743
BLOC1S6	-0.489767376178857	0.293323384972626	0.715969957845173
PSME2	-0.334112598811334	0.631780997718691	0.857321930143916
MKLN1	2.789176397342	5.37060654033901e-05	0.0230458693986547
DNPEP	-0.708090526174672	0.112871325503535	0.636974675032421
MCTS1	-0.57602820200897	0.410057022688981	0.755553540851548
SLC39A10	-0.288627214807967	0.602317517349343	0.845551086219885
MRTFB	0.87912576514486	0.104793573205985	0.622097562852089
ANKRD50	-0.520386016663295	0.226321531698094	0.695406487537471
ISY1	-0.105386920359507	0.815019441857596	0.933730372131129
HECTD1	-0.370040369473127	0.381062043152685	0.747689875828869
CORO1C	0.715761514549129	0.560839798821389	0.826538401931174
NOB1	0.408004944573239	0.533438739602702	0.808215148036735
AKAP8L	-0.663128944209859	0.0886896529247535	0.614082175445539
MYO6	1.47547157073231	0.0558008399954009	0.591830229776505
DDX19B	0.623852887972923	0.604498832071605	0.846605121132949
PRPF19	0.410624788640437	0.359553809357574	0.741834346573047
UBQLN1	-0.291774298109633	0.415482050609091	0.75643635133228
NOL7	-1.4615965645748	0.00172362752901273	0.188997572305632
SNX12	-0.439380105058007	0.717801465433237	0.892338529045758
SYNRG	-0.106131165445099	0.924662422777845	0.979710912693563
VPS4A	0.564034877726201	0.455505668594188	0.768673785285838
G3BP2	1.19646522822802	0.0680143117641735	0.60614521426136
STUB1	-0.502537851484139	0.240569513526627	0.696801347176919
PACSIN2	0.0714762706848902	0.88677714451534	0.968876544403563
MAGED2	-1.06445688269493	0.0210570662308266	0.533192871789224
SNX7	0.401170454307945	0.503007929632172	0.795001471453086
SNX6	0.621269159077183	0.160419698975533	0.674108591389704
DUSP12	0.146209664322754	0.705722117352515	0.888400202747427
STX8	2.71431815641463	0.0503193232589327	0.585341043451802
PSMD13	-0.413261222289179	0.333692784533133	0.731479600893477
FAF1	-0.395954293388002	0.368449112662185	0.7468469163573
PROCR	0.893212025160192	0.246426882279543	0.696801347176919
PPIE	-0.243131168443647	0.810408139104771	0.933153319386591
TIMELESS	-1.38075117486648	0.417290761717933	0.75643635133228
COPS3	-0.152715904858542	0.752965744780647	0.912156118677182
MINPP1	0.00736367973550145	0.988945850735572	0.998339233865061
NSFL1C	-1.0449317136772	0.124051027195407	0.643919147581995
COG5	0.170469395381044	0.622502132274272	0.852775334312327
AP4E1	-0.14145854348622	0.828954304513408	0.940488109292239
PPP6R1	-0.172549100626075	0.686667163676895	0.879280035185733
TRIM33	0.331710434455626	0.609166806185771	0.848655194632534
EXOC7	0.988224269489937	0.0490004091215081	0.578554581739985
USP24	-0.566059655637286	0.282919745933795	0.712108464567123
SLC7A11	0.733689342684322	0.254904569158526	0.700562946835249
SRRM2	-0.0569810160272652	0.914222187503928	0.976907679576941
PA2G4	-0.476248361585561	0.225065547472696	0.695406487537471
BAIAP2	0.69061478532047	0.116563659011682	0.640456800921767
SMC3	1.34605390793189	0.314303847913197	0.720562223222902
CHMP2B	-0.665375068125222	0.15203586083597	0.663295961852487
GNE	0.0311050836366817	0.951695728821773	0.988567914558181
RTRAF	0.475838711300632	0.26911971216575	0.701149087002738
RUVBL2	-0.362461659697257	0.406108723977369	0.753672221047862
POMP	0.407108666773595	0.412416615231829	0.75643635133228
EIF3L	-0.0154069849676191	0.970615646781562	0.991687369084989
PLAA	-0.911466821579054	0.0953814625185057	0.616574142355582
RUVBL1	-0.381365102413067	0.510005236561786	0.798668127876661
NUDC	-1.3900899774344	0.0417878412538516	0.565682552495852
CFL2	-0.0691633378842482	0.952487918123055	0.988567914558181
FARSA	-0.578457710705031	0.263590721590178	0.701149087002738
ASF1A	-1.47853750514062	0.0388453030290146	0.562675200636541
DRG1	0.643666144869485	0.134546685158924	0.651578095916984
TRAPPC4	0.0917040123833175	0.804052878480755	0.929236663770798
NCKAP1	-0.316345347273572	0.588040805754212	0.838981049444616
CNPY2	-0.243334071494022	0.486655336340553	0.784416906906183
PALM2AKAP2	-0.771191323860521	0.401107931858017	0.753672221047862
DLGAP4	-0.0239406155224202	0.951492491432754	0.988567914558181
STK38L	-0.696809067338684	0.102875544506146	0.622097562852089
PIKFYVE	1.25930776463617	0.0316927657077903	0.562675200636541
DIS3	0.310084349703331	0.531678090143125	0.80677511107021
MRPS28	0.89215185263339	0.0709077594721979	0.609336539686903
AP3M1	-0.455229192719898	0.30229453803168	0.71961296191732
GDA	0.623415838371415	0.538393189304648	0.811582551559153
LEMD3	3.81409494667595	0.000781000966020887	0.116008681952795
COG6	0.00641596567243141	0.985791846163078	0.997692265636806
THRAP3	-0.657573300388343	0.412980088182851	0.75643635133228
WBP11	-0.804458573553038	0.0700256334424647	0.609336539686903
NOP58	1.5733254480507	0.1511648447807	0.663295961852487
ZNF281	0.0650392636927677	0.94580159412249	0.986679026607525
SUGT1	0.678333601328262	0.582393280657496	0.83769324926163
AAR2	0.105794384278813	0.830903796604612	0.941593445565437
NOSIP	0.454730167126105	0.309480519122936	0.720450507262282
DERA	-0.62838752545554	0.147927600147747	0.658960985781253
MEMO1	-0.660897505255523	0.116444477222691	0.640456800921767
LSM2	-0.717993708521441	0.0833256514030911	0.614082175445539
SH3GLB1	0.96613066737045	0.112337662977252	0.636974675032421
CAB39	-0.477789329570598	0.315353367295183	0.720562223222902
LUC7L2	-0.467410980174698	0.270616195837595	0.701346162316267
SBDS	-0.700859567758148	0.147984953351728	0.658960985781253
EXOSC1	-1.39176998363756	0.093114727989216	0.614082175445539
SF3B6	0.328784235454059	0.699567194794342	0.886684773973006
RRP15	-0.212554671012555	0.552168543384089	0.823031615032556
PPIL1	-0.475887629277928	0.326757503199024	0.728264279763946
UFC1	-0.418847749867361	0.413290022788765	0.75643635133228
FIS1	0.119503997484365	0.737229123717052	0.903538584897472
GOLT1B	1.07711257374107	0.0852043133136439	0.614082175445539
STRAP	-0.83487695840979	0.113212504833011	0.637356696304792
RTCB	0.226652707304172	0.635082537475797	0.85788344166895
FBXO7	0.224749889232605	0.61688720231954	0.851115145414674
RAP2C	0.490144772145666	0.308314208336229	0.720450507262282
RABGAP1	-0.790995199880427	0.176080761409588	0.685320332825264
R3HCC1	-0.00117238327465685	0.997788691185997	0.999252971427727
RPL36	0.00507039501360396	0.989181139864176	0.998339233865061
SAMHD1	-0.195859546969878	0.704687305293132	0.888400202747427
PKP3	0.772645664004045	0.119171940890786	0.641320845841423
HBS1L	-0.363388886702232	0.466897025993785	0.775333835112331
PRKAB1	-1.75183202703955	0.0149446281564202	0.48096794950079
WDR45	0.828460089955779	0.131123408080283	0.64804309372352
TLN1	-1.10155082103667	0.0984161479968817	0.622067370808441
DCAF1	0.442638149784933	0.40334135260626	0.753672221047862
TCAF1	-0.230834752425928	0.557193722909842	0.823851824679143
USP15	-0.121787048950676	0.763790510389071	0.91733381763218
FARP1	-0.0784360005311129	0.898888103951598	0.974850560261629
TLN2	0.6825445241791	0.579700160028065	0.835997766254066
HYOU1	0.557977422475766	0.195366694403967	0.68779049570476
TELO2	-0.452889141199357	0.389865353126623	0.75060035712492
LAS1L	0.174272719350206	0.761532040831702	0.916210822957019
ARIH1	-0.334962981278686	0.511599622939309	0.798673953697513
LSM5	0.0673343793166339	0.89898641765806	0.974850560261629
LSM4	-0.11468004514418	0.845326926805296	0.949026916081993
PRRC2C	0.167728470362484	0.816539388926635	0.934410131087409
POLR3H	0.45683704755713	0.482140862757114	0.78170781358857
IFT25	-0.0482688939770135	0.96699212196042	0.991115598463679
PPME1	-0.765131023942267	0.340532762544078	0.732563525901754
ASB3	0.273153419355804	0.633174910576357	0.857749459415162
RBM7	0.209635643008848	0.672838835548782	0.871509926864775
NUB1	0.981896857805932	0.0677928299100112	0.60614521426136
YTHDF2	0.584869139034254	0.428417643252216	0.761412304758425
CTDP1	0.15021536422762	0.754281602567794	0.912861917231475
SUPT16H	0.25459553319547	0.620019475333484	0.852775334312327
UCHL5	-0.600161362656216	0.1023750322545	0.622097562852089
CD2AP	0.0291622653760086	0.975079072112578	0.993865235286032
ATP6V1D	0.318198007154177	0.628646984811041	0.856379067139414
TNPO3	-0.915125324223759	0.0708518531746547	0.609336539686903
CERT1	-0.0889051077111276	0.814552172042794	0.93355490010869
GTF3C5	0.149704980872613	0.798079166687417	0.926693247668913
GTF3C3	0.975837283483081	0.222759328095515	0.695406487537471
TRAPPC1	0.518880365497125	0.320245573190642	0.726710724187774
CDC42BPB	0.113540978364082	0.768510697826396	0.917659429049747
SNX5	0.926064138371984	0.037251856358228	0.562675200636541
FLVCR1	0.0969715560848528	0.869287274264614	0.960807622684611
NUBP2	-0.474813180520417	0.513311981246666	0.798673953697513
MRFAP1	0.881316913496907	0.0883474675828178	0.614082175445539
PUS1	0.354682525928176	0.396558799993873	0.75337218114396
FHOD1	-0.268394129683678	0.538332482188406	0.811582551559153
PSAT1	-1.60324752487377	0.125040880443766	0.643919147581995
COPG1	0.580060732096072	0.130980116193571	0.64804309372352
CLIC4	-0.150144409796486	0.66660579221751	0.870832915097214
CFAP20	-1.08375104393138	0.0402779396921514	0.56564873851305
TACC3	-1.04708596096637	0.052755957542174	0.591830229776505
SAR1B	-1.24526551546073	0.303810590901603	0.719987509395532
ARFGEF2	-1.43306632785256	0.0599742022239587	0.595710464482412
MAD1L1	0.80972760399581	0.38467755569979	0.748142555136899
STK24	-0.414360598185112	0.404646839001186	0.753672221047862
BZW2	0.252767177534395	0.497660288937799	0.792562489021765
COMMD10	-0.042254041586169	0.907434056997605	0.976907679576941
DYNC1LI1	0.43089647732528	0.424059056195934	0.759266234403255
EPN1	0.410193785666721	0.374618256604547	0.747419024903632
IKBKG	-0.581610043772447	0.284708514046741	0.712999729239602
ROBO1	0.714851373646294	0.307492190922737	0.720450507262282
NCOA3	0.864767775736944	0.40518399925682	0.753672221047862
CAPN7	-0.303994300519911	0.372352227429929	0.747419024903632
WASF2	-0.379163956342861	0.326466088993048	0.728264279763946
SEC23IP	-0.144409820450139	0.690891490887103	0.880858156451122
RAMACL	0.0198600410565248	0.981366028411116	0.995121935313482
DNASE2	-0.375536949758278	0.649990999980643	0.864714172209867
AP4M1	-0.165875134237382	0.680818746577016	0.876148616887849
POLR2D	1.44981930593914	0.0546522404462501	0.591830229776505
THAP12	0.600433470417627	0.350253050963022	0.735150697184343
RNF40	0.62260978358794	0.3567974900797	0.740539426780641
MACROH2A1	0.559249200721624	0.49761012913372	0.792562489021765
CREG1	1.15434985799877	0.0318228374678525	0.562675200636541
ARL6IP5	0.176317757958117	0.773527777836869	0.917659429049747
RSL1D1	0.620694667507394	0.103371311211077	0.622097562852089
EPN2	-0.506855855973644	0.331622299526215	0.731479600893477
POP4	0.516880512220816	0.446330668506871	0.768499778531428
GLUD1	-0.311345181602753	0.490810125569757	0.788179290155689
TIMP1	0.403368167845784	0.343028303116262	0.73358072091716
SOD2	0.580355612690568	0.134595443265292	0.651578095916984
FYN	-0.815896108266198	0.161776902273976	0.674108591389704
GLA	0.382973384733127	0.418354428156147	0.757470605503534
PGK2	-0.2961620072324	0.71455377829005	0.891633826092463
GNAI3	-0.45071693749609	0.772420301473898	0.917659429049747
GAA	1.41685135199835	0.0737935630593468	0.614082175445539
RALA	0.88627362819788	0.211057676749097	0.694861188753839
P4HA1	0.198345541105297	0.710565960789395	0.891223685931236
CREB1	0.510221113392504	0.272630388292503	0.701927609960665
GLB1	0.418068722538624	0.360367301585524	0.742632411997021
XRCC1	-0.275450391121929	0.641943178157365	0.86128278879722
ATP2B1	0.237427858163439	0.640826131130614	0.860496610428181
RAB6A	0.574666650136869	0.451101019110872	0.768499778531428
FKBP2	0.277065650036697	0.490005274355925	0.788171749088955
CALML3	1.26842358986035	0.176889628114573	0.685320332825264
PSMB6	-0.328144251428508	0.416977040691306	0.75643635133228
PHB1	0.52041723251758	0.286654966199785	0.712999729239602
POLR2I	0.531617883689147	0.210153549234085	0.694861188753839
ANP32A	0.0525315579737793	0.945481423401142	0.986679026607525
PBX1	0.396166990826018	0.598224945696171	0.844257024014432
MDH2	1.10400571597834	0.0464135384578548	0.578554581739985
KDM5C	-0.38654306574086	0.357579008608014	0.740539426780641
NCAPD3	0.839203372554074	0.0442298584210822	0.574083108528203
PPT1	0.196941846919611	0.654908907489558	0.865410835687151
HSD17B4	-0.0461261116970348	0.915648229949636	0.976907679576941
KPNA1	-0.404661637798451	0.434695484070348	0.763373624091761
MANF	0.145220750642121	0.7206599587444	0.8940535691201
GNAI1	-0.508145841405792	0.655782812851819	0.865410835687151
CDK17	-0.300753032544598	0.533256165640065	0.808215148036735
TFAP4	2.56243761392638	0.0571552256790441	0.591830229776505
CDR2	1.49086532542388	0.0903209901847773	0.614082175445539
RING1	1.28272251740654	0.1148288090767	0.640456800921767
GTF3C1	-0.00479680124904291	0.992834045855004	0.998339233865061
CALCOCO2	-0.481736644962595	0.431367074567846	0.763373624091761
SRSF9	0.55011831239392	0.387610067878463	0.750399014746494
NFYC	0.429714698956893	0.312414457949977	0.720562223222902
DAG1	0.225956531966187	0.632089718627967	0.857439583189746
DHX34	0.349097648698528	0.553502395548935	0.823748073838146
HLTF	1.3957045860855	0.0871788473215751	0.614082175445539
SAFB	0.143603516306388	0.78397684507432	0.920575765025969
NCOA2	-0.311765399683448	0.374532994227946	0.747419024903632
NHERF2	0.805703708420932	0.342722374423653	0.73358072091716
CSRP2	0.0289234646870113	0.961939727042146	0.989011270096913
LARP7	0.0161634427700328	0.963908863664953	0.989011270096913
NCBP3	-0.0124799175385881	0.984009282198411	0.996846740866398
UBAP2	1.0471684074497	0.021399506765233	0.533192871789224
UTP25	-0.095520296042146	0.899737020713221	0.974850560261629
BLTP3A	2.08111990443456	0.00356149874024684	0.278668239836042
RINT1	0.812920262273213	0.151447207059405	0.663295961852487
RFWD3	0.361418257545083	0.521989620854708	0.801241619928809
FIGNL1	-0.416451237140524	0.447642018092049	0.768499778531428
ZC3H14	-0.843509328652321	0.164800123630642	0.678277879484695
BLOC1S2	-0.207332100831728	0.676632132106576	0.874549295246183
VPS13C	0.729725863229781	0.329263753261565	0.72969429867058
TUBA1A	-1.71961111710486	0.435090250646874	0.763373624091761
TRMT1L	0.188093877910958	0.666204805789661	0.870687972913594
WAPL	-0.0325307401428674	0.955784620597408	0.989011270096913
IRF2BP2	-1.10268407874354	0.224498988301428	0.695406487537471
SESTD1	-0.28852028152783	0.521973316664385	0.801241619928809
DHX40	1.02731639057201	0.0588683258704551	0.595710464482412
PHC2	0.228779302011027	0.680698709457059	0.876148616887849
IFT20	-0.099523534681083	0.808274278597354	0.931522110649966
RAVER1	0.7494981768623	0.154630261784679	0.665423507313102
MIER1	-0.542846701717846	0.446266621033865	0.768499778531428
PLCD3	0.771038092865961	0.238586341334177	0.696801347176919
NOPCHAP1	0.0083213766113488	0.989459504245095	0.998339233865061
SVIP	0.0896483919576099	0.831910384502304	0.942181203797038
DDX55	-0.314929607300812	0.452577613731504	0.768625657093698
SMCR8	-1.47438875431561	0.0198712004625945	0.533192871789224
PPIL4	0.311837446269521	0.717780675938229	0.892338529045758
DDB2	0.446661014414104	0.419946397545818	0.758260924533811
TBC1D5	0.441777727843487	0.468937060919944	0.775333835112331
DLG3	-2.02474925974202	0.0220756388303516	0.534259736438691
GGH	0.23946988234335	0.599838328880842	0.844540877192056
CAVIN3	0.500675326082355	0.434578960620255	0.763373624091761
ERGIC1	1.49310919126528	0.111991727528228	0.636974675032421
LRRC59	0.764656901086251	0.0798020042241239	0.614082175445539
FKBP10	0.408397578309561	0.471614843392036	0.77578306547539
HOOK2	0.443871080346568	0.474146382696606	0.777229766542569
USP28	0.997049741963629	0.247471570568948	0.696801347176919
LGMN	0.844634845169054	0.0383433193424915	0.562675200636541
NAPG	0.259423490349356	0.6139735767784	0.848663548145376
HTATIP2	-0.226677752232412	0.622689394811176	0.852775334312327
PRKD2	0.614030685664332	0.176594508770616	0.685320332825264
NAT10	0.791222745453787	0.326074338769714	0.728264279763946
TOLLIP	0.222310807048231	0.544555438313285	0.817044717469272
AP5M1	4.48207831607589	2.71990525635558e-06	0.00525213705002262
LDAH	0.943734699806747	0.102591187361542	0.622097562852089
CAAP1	0.0720596232173847	0.907702047941781	0.976907679576941
SCPEP1	0.883540683000188	0.164361528181301	0.678277879484695
SMURF1	3.28776072397798	6.10081252587083e-06	0.00785377932497104
MDN1	2.43571890332635	0.00049365180587492	0.0953241637144471
DDIT4	0.213884165880611	0.613528043349051	0.848655194632534
DPP7	0.618639382762357	0.307234620119414	0.720450507262282
CNOT11	0.280863482198463	0.709443457016431	0.891215541141226
EPDR1	0.487625969915594	0.492808749705673	0.788179290155689
NOC2L	0.325177424982289	0.641027640652997	0.860496610428181
SNX9	1.02738728068133	0.0834895867132062	0.614082175445539
AP4B1	-0.554201273244079	0.221435339997308	0.695406487537471
PGRMC1	0.523517056873061	0.256418121186217	0.700562946835249
GOLIM4	0.756385254245131	0.280245487145438	0.710572989209895
PLOD2	0.341994780582755	0.474607765255917	0.777427194964024
TNFRSF10B	0.603217257786074	0.337864808138631	0.732563525901754
MGST3	1.17088484008643	0.0161273622596232	0.498022581304885
CASK	0.18236931380919	0.668857427674301	0.871282699265442
PGRMC2	0.353397555698066	0.419192329045932	0.757567044817683
P4HA2	0.51710040011163	0.306121997881084	0.720450507262282
CYB5B	0.132777136361824	0.842296374259429	0.947562130727296
HTRA2	0.538436726499988	0.319308194466123	0.726308241444626
TIMM8A	0.283054879151024	0.548697797206534	0.820073874927102
FADS1	0.484232637352473	0.456533749924312	0.768673785285838
SELENOF	0.655186749684624	0.169326814126406	0.679771472095822
SLC16A7	0.445979344486481	0.583049576358409	0.838011709674795
H2BC12	0.309853248237886	0.558767812782206	0.824880807276738
TACC1	0.459006971925604	0.451117162950718	0.768499778531428
ECI2	0.213051539265745	0.689220025655674	0.879965188861793
ATP6AP2	0.436477275830825	0.425965662039796	0.760022900713578
STAM2	-0.248398846055821	0.61130050287527	0.848655194632534
RPP14	1.04092109561041	0.15282793377265	0.663295961852487
FKBP9	0.501069750045271	0.271841719264345	0.701571230702715
CD2BP2	1.31028380986487	0.0750442274788316	0.614082175445539
SEC24B	0.275577143395367	0.529906850091082	0.805741892113958
ACSL3	0.853842079327734	0.306566692984323	0.720450507262282
CYB5R3	0.1168003806442	0.816580578047645	0.934410131087409
GOT2	0.77017904812611	0.126216156064104	0.643919147581995
GBA1	0.597964339807209	0.193057998692318	0.686546952992387
RPN1	0.536133453969232	0.350224376271874	0.735150697184343
EPHX1	0.993400429852816	0.0990832081986472	0.622097562852089
ACAA1	0.493376106697969	0.356028152447466	0.740520647849437
NR2F1	0.148314199945304	0.84469240364894	0.948982156990557
CTSA	0.754401421926968	0.309398447747517	0.720450507262282
TFPI	0.878230099156198	0.0448981004881872	0.576067986994614
LAMC1	0.344457876749392	0.492069938935001	0.788179290155689
PDHB	0.651663288165363	0.118926050972115	0.641320845841423
ACADM	0.707092381902939	0.206521578660464	0.692505703780757
NAGA	1.06790018854635	0.215234571949928	0.695406487537471
UBTF	0.261254048709183	0.477823378480102	0.779287959328613
AGA	0.0220820798692785	0.958775625105072	0.989011270096913
VDAC1	0.502570233022102	0.285905186357718	0.712999729239602
SCP2	-0.589447377230538	0.136009925685273	0.651578095916984
ACAT1	0.926974558734049	0.110636792202486	0.633006357757039
ABCD3	0.962783311574086	0.0391255256027778	0.562675200636541
HMOX2	0.871697865799856	0.252297548654258	0.699980698924385
ABCD1	0.653264324872474	0.337849401276388	0.732563525901754
SHMT2	-0.000384363161408885	0.999241607634691	0.999500411469872
LIPA	0.52262824148459	0.406023595059884	0.753672221047862
DDOST	0.259299343592819	0.470155849143192	0.775333835112331
ECI1	0.332153379919877	0.392853648406521	0.751401850401865
SSR1	1.04137139722826	0.0757270251131138	0.614082175445539
PPIC	0.251215721196573	0.503524865010538	0.795001471453086
VDAC2	-0.0789109355090396	0.857821126724095	0.954598574528481
NSF	-0.0970890700850546	0.806397007896225	0.929937802605723
HSPA13	0.821822620883438	0.0855982520456732	0.614082175445539
TUFM	0.980776913121847	0.0664761660364121	0.605553264048341
VPS41	1.02286936546129	0.0770995339405339	0.614082175445539
RBM25	0.566067948333401	0.419177689420345	0.757567044817683
NUP153	1.15568349991489	0.339438362687172	0.732563525901754
CPT1A	0.260990169284941	0.689362702336762	0.879965188861793
SSR4	1.13999700931769	0.091829178359924	0.614082175445539
NAGLU	0.613609237276421	0.194051118336927	0.686855185819235
CTBP2	0.431779652091826	0.483353968521074	0.782033107008123
PRAME	-0.37290469345032	0.46981532079284	0.775333835112331
CDK16	1.23962317096623	0.114765151397783	0.640456800921767
PLOD1	0.734481944797881	0.12077758986065	0.641320845841423
NUCB1	0.772314083404122	0.0496846083218324	0.581460476784596
SSBP1	0.877490336024149	0.0886648026184517	0.614082175445539
FSTL1	0.843529684518472	0.0746126942469259	0.614082175445539
LMAN2	0.680770751301228	0.379567967950896	0.747689875828869
CSTF3	0.399871674797328	0.349508713940443	0.735150697184343
ECH1	0.549780105547519	0.157586354797959	0.670262667653875
TRIM32	0.480640329829676	0.401356066448274	0.753672221047862
TRA2A	0.273440535096782	0.604355992059895	0.846605121132949
BMS1	0.180101699476566	0.828359036973918	0.940158770993201
ACOX1	0.322763586565049	0.399268306446468	0.753672221047862
DHCR24	0.910108599733348	0.470546085178431	0.775333835112331
NSDHL	0.264151724815072	0.650963197645327	0.864794105613559
QSER1	-0.723590262006979	0.448223721697248	0.768499778531428
P3H1	0.0232124968110412	0.956982233173493	0.989011270096913
MIX23	0.718699694284755	0.237727905403016	0.696801347176919
COA6	0.797238004691856	0.250418132966561	0.697270965765579
TOR1AIP1	0.169705581881708	0.612671860112226	0.848655194632534
EXOSC6	-0.525465167448864	0.417547332087629	0.75643635133228
OGFOD2	-0.370150562163303	0.685788610265967	0.879029410171644
FBXO38	-0.818475225014055	0.188697458577688	0.685634179466108
POGLUT2	0.174236846350368	0.744465241243591	0.907882779868949
C15orf39	-0.255792082783216	0.568772759700861	0.83102392160031
SRGAP1	0.308177853268425	0.633812493631241	0.85788344166895
TRAPPC6B	1.02100816981701	0.22615520125347	0.695406487537471
KTN1	-0.91504224026777	0.181625725528345	0.685593534331282
ANKLE2	1.09239202782051	0.221990143145925	0.695406487537471
DNAJC10	0.34491527670184	0.416649915157984	0.75643635133228
CNPY4	0.255726106388423	0.508680037278261	0.798668127876661
STAG2	1.76651485353593	0.00355642318387784	0.278668239836042
COLGALT1	0.3912082829859	0.505912299059566	0.796670089367534
PCSK9	0.796089791410331	0.0826690448366532	0.614082175445539
SCCPDH	0.51387251944568	0.323489743263551	0.728264279763946
LSM14A	0.398870994774992	0.41141357795557	0.755926800370045
ATL2	-0.353979508800069	0.685128058693129	0.878766045391188
PLBD2	0.711095168045116	0.184898708119697	0.685634179466108
SMARCC2	-0.0990476767455846	0.880275536886539	0.965632674553971
RDH11	0.38703927257999	0.416818277770739	0.75643635133228
SPPL2A	1.45144244710564	0.0298830600235422	0.562675200636541
HM13	0.53923182818437	0.243133862091835	0.696801347176919
LEO1	1.79329807707856	0.0478204252783937	0.578554581739985
RUFY2	-0.404152122463515	0.341221192502147	0.73333124398625
TAF15	-0.623639717956468	0.30387872613017	0.719987509395532
POP5	0.798850869467358	0.257462888339654	0.700719996312715
IGSF8	0.192201986169298	0.632603995525968	0.857534794917967
RCN3	-0.14230558787191	0.711860956897381	0.891341166227396
RMDN1	0.252002274441836	0.654591346172704	0.865410835687151
BORCS6	0.309474604422054	0.514510161577462	0.798673953697513
INTS4	0.202832409250025	0.613192041953416	0.848655194632534
FUBP3	-0.835749978421251	0.0918906696110344	0.614082175445539
CLPTM1L	1.03918523083032	0.0409467462887468	0.565682552495852
SNX27	0.620369690283901	0.588310494372898	0.838981049444616
CIC	0.492560895752888	0.529801710978254	0.805741892113958
GFM1	1.15284124111788	0.0373943037232017	0.562675200636541
LYSMD1	0.693248791746505	0.112879743273774	0.636974675032421
CDC5L	1.10522343409158	0.0229911377217898	0.541347132088366
ATXN2	3.04761620890175	0.0205369216712477	0.533192871789224
HSD17B10	0.71153174889826	0.0997051402754433	0.622097562852089
MGST2	0.465803925701373	0.351725284331311	0.73637910738439
EBNA1BP2	0.459304772624193	0.333881982743496	0.731479600893477
VRK1	0.797867139767625	0.201836990501939	0.690283876661834
SDF4	-0.174620775025843	0.766405253300899	0.917659429049747
TMEM43	0.566349023954377	0.420291814130367	0.758260924533811
UTP14A	-0.00435118416485025	0.992711445024352	0.998339233865061
OSBPL11	0.548909262294156	0.517672697197199	0.798742291879977
TMX1	0.877998978030938	0.143519204289715	0.657498418703296
POFUT1	0.464963475455896	0.381057331016205	0.747689875828869
PTGES2	0.225954612405303	0.644035566549715	0.862435977120318
GNB4	1.04645618386947	0.275059216325987	0.705157766752277
GRPEL1	1.01882265966224	0.020982852038212	0.533192871789224
APMAP	-0.0313223302890471	0.937409899245818	0.984982251896129
DIABLO	0.41991486538279	0.463048959664156	0.772062745044709
MRGBP	1.62745883029763	0.0333767433719831	0.562675200636541
CDKN2AIP	0.345300399145472	0.430555803531724	0.763373624091761
UGGT1	0.345068900895765	0.412504663796441	0.75643635133228
TECR	0.393299927943428	0.616647800043719	0.851115145414674
CWC15	0.364038225067269	0.649381634315431	0.864564177988712
VAPA	0.403109924389931	0.556000732558067	0.823809702681575
DHCR7	1.22101844626714	0.0646309467835685	0.605553264048341
NUFIP1	-1.0254398075958	0.0208632289539091	0.533192871789224
NENF	-0.104327540495607	0.820287015656197	0.93694485671033
SSR3	1.06021028789286	0.221949299675726	0.695406487537471
DIMT1	-0.355015807932119	0.545233756697243	0.817427316911783
GSTK1	0.372237293069638	0.403859981118387	0.753672221047862
WASHC3	-0.649384867609875	0.651965239937917	0.865410835687151
RAD54L2	1.31176032236748	0.230923316682169	0.695561719483939
WASHC2C	-0.624182981612044	0.436530382986906	0.763599440038201
SLC30A1	2.35703446947044	0.0927126148488941	0.614082175445539
SNRPB2	-0.452115076768678	0.397796725591791	0.75337218114396
TIA1	0.227188833086192	0.718584366994383	0.892338529045758
NCBP2	-0.419714463306697	0.394598938020676	0.752106003063529
NDUFA9	0.51482590823387	0.339527655869207	0.732563525901754
FAHD1	1.49323409234984	0.0196916830868732	0.533192871789224
PRXL2C	-1.64629239214439	0.0349927902547962	0.562675200636541
KHDC4	0.58556324623332	0.340373203591201	0.732563525901754
FAM177A1	0.303737000388118	0.47917331880838	0.779344015169206
SYMPK	1.63323814177416	0.247085468905997	0.696801347176919
DDX27	0.374530749811992	0.378050838111128	0.747419024903632
MTMR9	0.287539338158673	0.549037185644822	0.820263679288318
PHB2	1.97217502555827	0.0668083392151612	0.605553264048341
ESYT2	1.19727191348526	0.0658611660512002	0.605553264048341
TRAPPC13	-0.145621533646121	0.772502315362605	0.917659429049747
SMCHD1	0.569068955754446	0.300151250439039	0.71961296191732
AGPS	0.279222657340583	0.451987638665698	0.768499778531428
PES1	-0.360948132618041	0.662877289758545	0.868402100580021
NOP56	-0.96774131740473	0.0895695320340493	0.614082175445539
STX16	0.522293989228984	0.18142301580347	0.685593534331282
U2SURP	-0.0300972014912233	0.963657963108535	0.989011270096913
SCAMP1	-0.217344459841271	0.582063611589876	0.83769324926163
RER1	0.377567587994797	0.394561210671828	0.752106003063529
SURF4	0.918544952292969	0.16004599185428	0.674108591389704
HDAC3	0.274598694798527	0.509050407887392	0.798668127876661
STX7	0.00349514425446529	0.993188897014916	0.998339233865061
RBFOX1	-0.869006962616456	0.435253423161589	0.763373624091761
B4GALT5	1.08364427565717	0.138618539834097	0.651578095916984
PRPF3	-0.153241432069539	0.672926618827229	0.871509926864775
B4GAT1	-0.27342676694018	0.607267773670879	0.848505116467777
STX6	0.225056998100275	0.601701227173816	0.845493503140894
SYNGR2	-0.446542339081386	0.378934865551867	0.747419024903632
ORC4	-0.958002645272856	0.172982037165179	0.68087160593252
PIP5K1C	-0.237318125641043	0.63746217065895	0.858800821083732
STX10	0.15686270154329	0.792008635348382	0.924251074649723
CCNT1	0.847173535420701	0.25565238826798	0.700562946835249
DPM1	0.12207032454598	0.794160245726958	0.924923663750758
DNAJC13	1.06644539611378	0.219288266016733	0.695406487537471
PRPF40A	-0.0157661560264195	0.981202355104474	0.995121935313482
RP2	0.960531826096116	0.232175087890213	0.696801347176919
ZMPSTE24	0.121363003343959	0.820637082858936	0.93694485671033
CPD	-0.0183947726399616	0.962239353855368	0.989011270096913
B3GAT3	1.09065545219223	0.258096547086365	0.700962633507415
TOX4	1.09645851378136	0.238854439534231	0.696801347176919
SUPT7L	-0.915408810861393	0.528785932341589	0.805741892113958
UFL1	0.0418432814738665	0.914026606956907	0.976907679576941
PRPF6	-0.970852485949173	0.0340801403553725	0.562675200636541
YIF1A	0.102986134532863	0.770430079676066	0.917659429049747
MBD4	0.29011849901147	0.47718964360985	0.779059936055709
MAP4K4	-0.0519290543435531	0.92927384093001	0.982709631344934
AIFM1	0.639765553906077	0.273711311658881	0.703777021056325
MBD3	1.84331383836267	0.0549293784083088	0.591830229776505
CLPTM1	0.0265134480125724	0.959001313462257	0.989011270096913
LDLR	0.567301384179036	0.314851498647967	0.720562223222902
OAT	0.532799881989821	0.282043281485552	0.710999447191385
RPN2	0.533690942791878	0.163506465953508	0.677534304197904
SLC25A5	0.947474562923091	0.059943257578674	0.595710464482412
POLR3D	-0.373235071560934	0.401246332661606	0.753672221047862
LPL	0.242766048466866	0.659938692607442	0.866835796199991
LAMB1	0.343928605961825	0.455661401019225	0.768673785285838
SRPRA	0.508524350508146	0.394461867573635	0.752106003063529
PDHA1	0.758182837454431	0.238635817155942	0.696801347176919
COL4A2	0.777090204953808	0.29439676153758	0.715969957845173
FGF2	-0.0200761719886557	0.973969889071437	0.993090038605227
HMOX1	0.515393421017539	0.537026485009955	0.811582551559153
DLD	0.95012783990472	0.0870414474507159	0.614082175445539
DLAT	0.668081834738661	0.189994045580325	0.685634179466108
NR2F6	-0.692086034645776	0.138852608218456	0.651578095916984
MGST1	0.15168704462247	0.693262361433397	0.881877219978847
RALB	2.19198328687748	0.05659377298073	0.591830229776505
LAMP1	1.29763075206826	0.134805247011023	0.651578095916984
PC	0.634126466792736	0.201292368797026	0.689788046401168
IGF2R	0.6528819624316	0.356541081715002	0.740539426780641
SLC25A6	0.517440477465428	0.196773475731797	0.688156185353367
SRC	-0.0665710068944456	0.916923488217487	0.976907679576941
ETFA	1.09839960411064	0.051204585958603	0.5885479493218
MTHFD2	1.0502778188722	0.198946335674286	0.688156185353367
B4GALT1	-0.122079853964689	0.780248415662563	0.918781781158795
ATP2A2	0.971970366255846	0.253327717144339	0.700065264825006
ITGA2	0.691423218267285	0.218774543070389	0.695406487537471
PTPN1	0.844078421542974	0.134274829708828	0.651578095916984
SON	1.17978491721821	0.200347729053189	0.689246110713938
M6PR	0.365652829538693	0.631683538251844	0.857321930143916
ME2	0.582422761978727	0.242059651943918	0.696801347176919
ATP5F1A	-0.015728576523216	0.980217745222812	0.995121935313482
COL8A1	0.520895351095081	0.46109273046421	0.771179128769633
ECHS1	0.872192357918102	0.117140061175507	0.640786000367999
ALDH1B1	1.05264018592674	0.0596706501976623	0.595710464482412
SDHA	0.889270848186154	0.185802049936575	0.685634179466108
HIBADH	0.410012622260503	0.284446102203602	0.712999729239602
RFC1	0.928368468599274	0.180505832183338	0.685593534331282
KRT9	-0.866569285534087	0.106202080594101	0.622108128751754
LONP1	1.09487807769085	0.0951765753817958	0.616574142355582
DLST	0.794677965719337	0.109159824581891	0.629216779903376
COIL	-0.0932512832131067	0.853911411631634	0.953123084312535
LRPPRC	0.845228637041913	0.126119380824186	0.643919147581995
ACAA2	0.840491718552151	0.132481650172969	0.64950690283642
SLC1A3	-0.0363623437752274	0.927400019219638	0.981803419469913
PTPN9	0.565050356167809	0.25517164645113	0.700562946835249
TSFM	1.29286275433605	0.163194497582771	0.676967937341206
MKI67	1.27732988199865	0.0671558022989982	0.605553264048341
ATRX	1.01053719256299	0.0291455879351817	0.562675200636541
UTRN	-0.985313056964351	0.190147962055398	0.685634179466108
LSS	0.504079612753934	0.249168908328657	0.696801347176919
IDH2	1.29860043853071	0.0233732585012968	0.541347132088366
ACADVL	0.333456745957083	0.412251010180191	0.75643635133228
LIG3	0.453778808612796	0.67587403372055	0.874154560692821
IDH3A	0.678608255264205	0.260687523292757	0.701149087002738
EMD	-0.0440990665118726	0.933236196252347	0.983399233267821
BCAP31	-0.242823726187108	0.561896904141729	0.826974604822569
VAMP7	-0.0925313005701369	0.806234192833905	0.929937802605723
ALDH18A1	2.97795753081797	0.00224270171751112	0.232301015143142
HNRNPH2	-1.74979125832446	0.0364470115603793	0.562675200636541
OXCT1	0.608931977115347	0.19065267621067	0.685634179466108
RRP1	-0.944638173389727	0.15919599522372	0.673853064450835
POLE2	-0.166889495961129	0.749730651956668	0.91023570507911
SIK1	0.351096529547092	0.46314271886678	0.772062745044709
TMEM33	0.563275614676069	0.649783827580927	0.864714172209867
SEC61G	1.23754198266905	0.024351424337267	0.543270726429757
SPCS3	0.0551411761102862	0.931951167056958	0.983354452743027
ATP6V0D1	0.707210458804742	0.227352222503259	0.695406487537471
RRAS2	0.0627677494093675	0.897012844249616	0.974750592147444
GNB2	-0.351341775135296	0.425712197766461	0.760022900713578
NOP14	-2.77265216107228	0.000857024366556399	0.122586226060771
TMF1	1.24703370065824	0.0274263851863097	0.562675200636541
ERH	-0.259200640551622	0.544992308793091	0.817382639440356
RBM10	0.446671023970307	0.519483562346992	0.799938404220129
ATP2C1	-0.0585273111115399	0.940435955896688	0.985391996082861
SLC25A3	0.807927480237804	0.453326041845913	0.768673785285838
U2AF1	0.114994113798076	0.869503532180921	0.960807622684611
ID3	0.37485295750918	0.512623650882568	0.798673953697513
TOP2B	0.426335754514927	0.494799159236641	0.790130948565459
MLLT1	-0.234590854245276	0.78984782804379	0.923801426985197
MECOM	-0.595785027129288	0.485840091911321	0.784412389197961
TAP1	-0.147703854939799	0.659055472518505	0.866835796199991
ATP7A	-0.164108580459196	0.690453882038407	0.880625129601165
NOTCH2	0.386840177999023	0.451143139433529	0.768499778531428
RAD51	-0.759358019191282	0.177392965130514	0.685593534331282
KHDRBS1	0.106200822621624	0.807227086006031	0.930600300344864
MGAT2	0.674662940418759	0.172026384784602	0.68087160593252
GALNT1	0.554100274691184	0.268017525551491	0.701149087002738
PMPCA	0.948478818446262	0.109762938457146	0.630810220716515
ST3GAL4	0.688150944825132	0.265934516735868	0.701149087002738
TBL3	0.419069463179369	0.271278717192827	0.701571230702715
DLG1	-0.036948423161526	0.945623868102269	0.986679026607525
STK3	-0.120574086480659	0.883826453269484	0.967499365795563
GPS2	1.00289854407648	0.169539343842568	0.679917908535821
MTA1	-0.0378509960216675	0.960569636617674	0.989011270096913
TMED1	1.58826711514012	0.168931062457259	0.679771472095822
MOGS	0.912617777657147	0.0986404293730117	0.622097562852089
FKBP8	0.655207553274948	0.297775152873174	0.71930216195
RASA3	-0.603923313487101	0.412243487471205	0.75643635133228
MDC1	0.815652173375398	0.104218730328433	0.622097562852089
GSE1	0.30279897244441	0.559603818604133	0.825511821027182
GOLGB1	-0.358723659197231	0.385708862104658	0.749141315887566
WTAP	0.460013424364689	0.381432123447802	0.747689875828869
MAD2L1BP	-0.849714958767979	0.0722031520892625	0.612673905479598
SLC39A14	-0.451309659032134	0.23962105643816	0.696801347176919
PCOLCE	0.59731275156345	0.425817463954754	0.760022900713578
EBP	0.914790730915442	0.0338814614780875	0.562675200636541
TMED2	0.735088230954421	0.382435208061861	0.747689875828869
PUM3	-0.299073234423116	0.479270335584377	0.779344015169206
SF3A2	-0.391736750509882	0.325070580143711	0.728264279763946
TGFBI	1.08280668095301	0.0853601443132717	0.614082175445539
ITSN1	0.0299123619784396	0.96391466096447	0.989011270096913
VAMP3	0.356995197416772	0.60203321505768	0.845493503140894
ATP6AP1	0.0855611431430816	0.862960046605096	0.95631325681173
SYPL1	0.565550370178425	0.38289812812978	0.747689875828869
IFI16	1.02610575051241	0.214681153867847	0.695406487537471
MAN2A1	-0.527462689129415	0.234435948915808	0.696801347176919
CYP51A1	0.585524723500768	0.404768040099897	0.753672221047862
HSD17B12	1.30883983765985	0.105711391012537	0.622097562852089
EAPP	-0.0980718887672793	0.876575656920911	0.964456225901743
WDR45B	-0.303957377058325	0.529264259344457	0.805741892113958
DNTTIP2	-1.5688692533302	0.106590437203251	0.622108128751754
FKBP15	0.540958642205855	0.452055455519252	0.768499778531428
DCAF12	-0.361456042199702	0.49850491067936	0.793094741028085
WLS	0.358713887363301	0.384686846069919	0.748142555136899
VPS13D	-1.54386040229844	0.0600523333740524	0.595710464482412
VIRMA	0.893850143321426	0.0982164874712372	0.622067370808441
RPL7L1	1.45349258151769	0.0613523092082462	0.596130635432815
VASN	0.154776096368291	0.712350935094135	0.891477417800891
LAMTOR1	1.22165493273587	0.113872748342989	0.640140544542393
PPP1R18	-0.491988757961586	0.357791130724666	0.740539426780641
PKN3	-0.540961508875462	0.226448456247718	0.695406487537471
CTR9	0.627618668335515	0.376627881328829	0.747419024903632
DARS2	1.53693719271161	0.026100026293706	0.555151898759923
MTHFD1L	1.83527754138504	0.0783475164166758	0.614082175445539
ATF7IP	-0.416078132965982	0.266535291180547	0.701149087002738
AEBP2	-0.0472483449708854	0.884101402294115	0.967526102482254
QSOX2	0.2854616566784	0.425721989422245	0.760022900713578
MMS22L	0.255166928735118	0.452133794689292	0.768499778531428
MED25	0.171326739383129	0.824225560253882	0.939138529097269
HS2ST1	0.303440009919868	0.627642267707864	0.856072458417799
SETX	0.655547992145937	0.125026743699346	0.643919147581995
ATG9A	-1.48068796727474	0.0138835116215909	0.470133170461824
TMED4	-0.979720217573163	0.0476724295037369	0.578554581739985
GATAD2A	-0.289649709985838	0.700389934856633	0.887436328220576
CCDC50	-0.135800004750244	0.771165544196713	0.917659429049747
MISP	-0.0311356458945085	0.948359197518414	0.987177170311615
MFN1	0.100119237864192	0.873447244243647	0.963511355975139
WDFY1	-0.869144381241828	0.0872851070284792	0.614082175445539
SUGP1	-0.449174147664451	0.509166704272498	0.798668127876661
CCAR1	0.38594511074745	0.388662084961134	0.750399014746494
KIAA0319L	-0.420328058499212	0.265293700513029	0.701149087002738
AFAP1	-0.184897526777991	0.647203864687156	0.863721776335677
ZGPAT	-0.429608912625575	0.301081818150975	0.71961296191732
CPSF7	-0.488946108536695	0.424579692576269	0.759836317298217
ANKRD13C	1.05983835831798	0.062538667161255	0.596130635432815
GOLM1	-0.250171886578016	0.550103560950966	0.820904154711217
POGLUT1	0.247246884064058	0.640733787125836	0.860496610428181
HSD17B11	0.125142276093193	0.85386847738502	0.953123084312535
RETREG2	0.935477298863827	0.261567598599094	0.701149087002738
NECAP1	-0.882610536662508	0.198325713679866	0.688156185353367
MTMR14	0.652961339902184	0.417550894555509	0.75643635133228
DAGLB	-0.233400039992397	0.738880299440554	0.904168477959258
CHST14	0.915859496411226	0.137913658317741	0.651578095916984
BOD1L1	0.234082512156412	0.793104107040182	0.924251074649723
MCFD2	-0.12486460898613	0.833473922477515	0.943167797371239
THOC2	0.607355167757561	0.332760197756309	0.731479600893477
ABHD4	0.272909402305988	0.566594414835703	0.82980190750682
SLC35B2	0.186930550331329	0.773015028952766	0.917659429049747
GOLGA5	1.05326309464575	0.249003621044885	0.696801347176919
GPX8	0.841349587392145	0.32172177501289	0.72814678337831
ARB2A	-0.0430200931052696	0.96925675433609	0.991687369084989
SNX33	-1.28158822431796	0.0712079859470695	0.609336539686903
TRAPPC12	0.643652931569168	0.415607090949867	0.75643635133228
SREK1	1.11419087276288	0.15043095327231	0.663295961852487
PSPC1	0.24590964321559	0.710576637492374	0.891223685931236
GATAD2B	0.137935189925511	0.858130435667641	0.954598574528481
FAM3C	0.111076488179535	0.764047157696711	0.91733381763218
FIG4	2.39717650064365	0.000108572895010212	0.0349423767107866
AKAP1	-0.845976274236428	0.0998905886537518	0.622097562852089
DPF2	0.545331209790572	0.537321073833899	0.811582551559153
GOLGA1	0.0649180540899685	0.859720083006067	0.954914857799663
APBB2	-0.0142175519028633	0.969572856971881	0.991687369084989
CELF1	0.284133746546956	0.672299959557488	0.871282699265442
ATP6V0A1	-0.659188108807868	0.180559978548651	0.685593534331282
PTP4A1	2.10807373212771	0.0119021901656046	0.456975827661209
YIPF5	0.237356465142117	0.64815494954032	0.864057443950541
AIDA	0.607956582828955	0.456739575874044	0.768673785285838
TRIM11	-0.746195797838102	0.169738695669385	0.680011247588345
THOC1	-0.0634258080286294	0.913259796294746	0.976907679576941
AURKB	-0.561842777342505	0.45817893674987	0.768673785285838
TONSL	-0.266601400316013	0.716584446055442	0.892338529045758
DDRGK1	-0.324402455600751	0.43521454024662	0.763373624091761
TENT5A	1.21891676634265	0.218202333465451	0.695406487537471
CDK5RAP3	0.496947463338916	0.305518918871066	0.720450507262282
ZNF830	0.893225046413207	0.133142066798815	0.64950690283642
ANKRD27	0.315952918580997	0.515973980962013	0.798673953697513
PURB	-0.135835613160758	0.799055076714773	0.926990299270788
ERGIC2	-0.726830251102495	0.121279127651129	0.641320845841423
RSF1	-0.604984339000836	0.439635609970003	0.765392759739231
PNKP	0.746971933727995	0.0918104150157661	0.614082175445539
UHRF1	0.355842733001918	0.710383807860813	0.891223685931236
COL12A1	0.940248831265691	0.521986681570335	0.801241619928809
ACO2	0.281969648513517	0.450898842094468	0.768499778531428
TM9SF2	0.571487453142133	0.554144760242289	0.823809702681575
TCF25	-1.3591172406949	0.00792407019436799	0.425038320703461
ERP44	0.0724921337489306	0.894274097697596	0.97286945501637
YIPF4	0.515691762476379	0.460421257688688	0.770427598437485
POLR3GL	-0.347891499402159	0.451534608933336	0.768499778531428
LRRC1	-0.3621986570761	0.571678412100494	0.832301677555014
PI4K2A	-0.0185299095032292	0.977600537061146	0.99472845094464
PHF23	-0.274505512382852	0.471464296916786	0.77578306547539
RUSC1	0.281833020153027	0.656116759940958	0.865410835687151
RTL8A	0.376531841431333	0.529928639557083	0.805741892113958
MFF	0.637857040656012	0.153858524763383	0.664919314184473
MAF1	-0.718096504155181	0.198852776933942	0.688156185353367
CLPB	0.396140576462216	0.474852790213494	0.777427194964024
LSG1	-1.09215701990088	0.190205255421161	0.685634179466108
LMAN2L	-0.000989679243293295	0.998778878945465	0.999357104769869
METTL9	0.481785768979623	0.444550664154263	0.768499778531428
IRF2BPL	0.0332623093165552	0.959299967786904	0.989011270096913
GOLPH3L	0.189889277992918	0.743922547095827	0.907764994894744
ST6GALNAC4	-0.734549224043942	0.185441114189453	0.685634179466108
ESF1	-1.67975365682522	0.216913433925115	0.695406487537471
NRDE2	-1.12587872233853	0.101301069877684	0.622097562852089
TMEM165	0.37174831268235	0.572869618772257	0.832443167598734
FBRSL1	-0.156659094471529	0.715589917919229	0.892295422897064
MRPL47	1.22645452323744	0.0408929177385235	0.565682552495852
TM9SF3	0.165003314683609	0.724436972166479	0.895861539067224
MBNL1	-1.29758296317284	0.0854094873658974	0.614082175445539
AAAS	-0.130197490253003	0.771676582395692	0.917659429049747
SERINC1	-0.578337029399556	0.253959460388357	0.700065264825006
FIRRM	0.294167205422792	0.578933827787868	0.835828950623083
ARL8B	0.386400795149378	0.517245307317677	0.798742291879977
DDX18	-0.0485599020540235	0.904366309163804	0.976787831597521
POLR3E	0.0534839066146269	0.93264303146348	0.983354452743027
BPNT2	-0.031113275589469	0.967795976570583	0.991306746624782
KCTD5	0.963812930677875	0.432608539787676	0.763373624091761
PODXL2	-1.76895878946245	0.162379576118708	0.675765003200917
SH3BP4	1.21613858748604	0.207095468403602	0.692505703780757
POGK	-0.219156174221119	0.62179950355175	0.852775334312327
ASH2L	-0.230723921433903	0.769371018568996	0.917659429049747
CTSZ	1.14478841688011	0.226689778298493	0.695406487537471
VTI1B	-0.305815090437306	0.439074249579716	0.764864570084287
BAZ1B	0.281317117003397	0.535509708297914	0.810399096178113
MAN1B1	0.217277335571438	0.642059334269082	0.86128278879722
RALY	0.300495211987432	0.48014321520281	0.779835111580358
TMCO1	0.610071035325142	0.364350836340872	0.742810567366979
SCAF8	0.597293264391059	0.200652094338771	0.689429171117735
MTMR6	0.00835441102091039	0.990496820968924	0.998339233865061
ERGIC3	0.0971057873162486	0.902818320537498	0.976388785750718
TRAPPC8	0.523489228032741	0.486518373429212	0.784416906906183
POLDIP2	1.43734006964699	0.0713154106521181	0.609336539686903
TMED5	0.73503903723131	0.334287969448954	0.731479600893477
TMED7	0.796271198842287	0.277385874085615	0.708469981512068
CHTOP	-0.143262791565572	0.79466021790146	0.924984429501446
ATP6V0A2	-0.249672826579467	0.728335973073307	0.897943652199387
LRRFIP2	0.411292263571699	0.515721829705291	0.798673953697513
NCOR2	0.713380909933189	0.190469070285934	0.685634179466108
ADGRG1	0.966942062293406	0.105991764981014	0.622097562852089
PRSS21	0.730551528639268	0.278604432926049	0.708807852411331
TOR1A	0.436060792312595	0.295415983676985	0.717093984261796
SLC27A2	-0.275137234157977	0.457751684333192	0.768673785285838
SPTLC1	0.33066930671756	0.470227296987139	0.775333835112331
BCAT2	0.598932890815604	0.357997698031967	0.740539426780641
IDH3B	1.02930340758608	0.0492864985480205	0.578554581739985
FLOT1	1.01695102755864	0.2295173482601	0.695406487537471
ATP5MG	1.37250927890717	0.147147625535149	0.658880256190409
CLPX	-0.00440212629887426	0.994133975454846	0.998339233865061
RAB3D	0.0365778065908877	0.91668485212296	0.976907679576941
EGFR	0.724257847084832	0.0884230787734701	0.614082175445539
COL3A1	-1.52603081219646	0.0354204374900279	0.562675200636541
ALB	-0.77250598885276	0.473571431556114	0.776616929371427
NDUFS1	0.449893586210244	0.302248472602372	0.71961296191732
PPIF	0.903997303251355	0.345330989325383	0.73425894941789
HADHA	1.31678595005696	0.0128326750519298	0.465184996978451
PPP3CC	0.840383958589527	0.075042770841238	0.614082175445539
DAP3	0.746390625082121	0.408508091599015	0.754326499862293
ALDH3A2	0.513565054964445	0.395754517062992	0.752864295141517
SEC61A1	-0.0251989063295142	0.958171329435667	0.989011270096913
RAP1A	0.695010195038684	0.096911216578023	0.619831001909807
SEC11A	0.434551254731026	0.28974944380318	0.713655836714209
CKAP4	-0.109162640479354	0.839325595388376	0.94584480988446
LGALS3BP	0.660045622787628	0.172698687421373	0.68087160593252
CLPP	1.05412833994983	0.185142348330418	0.685634179466108
NADK2	0.70648238952483	0.20762719147702	0.692505703780757
RETREG3	0.270507723591201	0.640865471573768	0.860496610428181
EMC1	1.51736967240533	0.0667552779835596	0.605553264048341
NUP35	-0.315002410520396	0.626586047404263	0.855987023372926
PNPT1	-0.0146554986730862	0.970220797506357	0.991687369084989
GLG1	0.17889400203218	0.724746825066999	0.895918131116367
TBRG4	2.77943922810817	0.00987979961170359	0.442378918605938
PTCD3	2.30549606298133	0.0573933907015397	0.591830229776505
YTHDC1	-1.12251358144131	0.0285458332237949	0.562675200636541
PPP1R9B	0.172686883052222	0.788062978837824	0.923071559736269
PIP5K1A	0.095615128826406	0.808509092412917	0.931522110649966
PAIP2	-1.20070899481428	0.0165351165504694	0.502823780456006
CCDC106	1.04035521683877	0.0350886190554974	0.562675200636541
CHID1	-2.13189981814574	0.00271109289530206	0.253358144591706
OSBPL8	0.963213933172348	0.185021022445012	0.685634179466108
CPVL	0.187654247783506	0.737501046430628	0.903538584897472
ANTXR1	-0.507806669500187	0.219855812894125	0.695406487537471
SFXN1	0.802115803674059	0.276701311160358	0.70723337646781
MCCC2	0.859891806576307	0.117072940869414	0.640786000367999
MRPL39	1.34360985968476	0.130076436104907	0.64804309372352
DNAJB11	-0.176506965846471	0.6399559413972	0.860496610428181
PCYOX1	0.826763617915383	0.116470042281382	0.640456800921767
GMEB2	-1.09438144506402	0.136225767493091	0.651578095916984
CSNK1G3	-0.383012244770224	0.309670596078557	0.720450507262282
FAM169A	-1.12605409863727	0.0920151476353557	0.614082175445539
HACL2	0.412608873428315	0.693972361188954	0.882489713174758
TPP1	0.922584279851883	0.199128553337342	0.688156185353367
LAMA5	1.01248111826002	0.138403484508677	0.651578095916984
SPTLC2	0.747688652150487	0.217761701476341	0.695406487537471
TIMM44	1.12112602648746	0.0564615869389152	0.591830229776505
PMPCB	0.891561295900502	0.162845319741647	0.676245833163701
MICAL2	-0.161629959913121	0.702207229671679	0.888400202747427
ERLIN2	1.15747735040897	0.291597832352581	0.714700318166115
GLS	1.11840577062714	0.0631324261760801	0.596130635432815
MFN2	0.228912758274262	0.747158169554391	0.909079585332923
STBD1	0.267788561619415	0.542601086588524	0.815062386777471
VAPB	-0.178100069886881	0.795797692702956	0.924984429501446
METTL18	-0.710949945432404	0.362404063238974	0.742810567366979
ETHE1	0.54547262250227	0.675803496320641	0.874154560692821
C3	0.551540014020691	0.392014664494954	0.751401850401865
KRAS	-0.566121551127381	0.640722360891288	0.860496610428181
TGFB1	0.915359136330299	0.155634535015093	0.666464172790306
COL1A1	-0.161808231193266	0.8720940886299	0.962843730785785
ALDH2	0.62224810671043	0.317633681251379	0.724144791613239
CLTA	-1.81930659681078	0.0271851229352643	0.562675200636541
ATXN1L	-0.182558957772557	0.729746837218214	0.898973615737398
IFI30	-0.599569779445947	0.540461802521148	0.813113938970267
SDC1	0.391300263994705	0.469090569807997	0.775333835112331
IVD	2.14136645501469	0.0352508851921471	0.562675200636541
AK4	0.925966050704005	0.165633394059794	0.678277879484695
PYCR1	-1.39280358638747	0.00275531902456024	0.253358144591706
SGSH	0.689033490168491	0.187636767348924	0.685634179466108
SUCLG1	1.03116489069461	0.126409630006406	0.64405539720942
SEC61B	-0.0894247460745916	0.839471776905265	0.94584480988446
TMEM258	0.601716712295506	0.209780658260912	0.694235563156505
DAD1	-0.12278467883808	0.769220973545551	0.917659429049747
MRPS35	-0.371413804667618	0.65948510913967	0.866835796199991
MRPS9	0.806861967914752	0.0927524391992458	0.614082175445539
OGDH	1.67099741350833	0.103542448047562	0.622097562852089
COL16A1	-0.0971713733817907	0.811882061498231	0.93355490010869
SPOCK1	0.744551194391256	0.125541540523879	0.643919147581995
ASPH	0.430641994036943	0.409141086662002	0.754585900997446
NID2	2.16035078922819	0.0372051535341428	0.562675200636541
MLEC	2.14884442282521	0.0258340022429505	0.554282870345972
SEMA3A	1.09871161981746	0.228006445218757	0.695406487537471
LBR	0.874300219901542	0.0575549623847693	0.591830229776505
TMEM41B	-1.24500941723383	0.0541639435668441	0.591830229776505
MEST	1.6719720195554	0.0152394767994002	0.484209222322388
AARS2	1.13916402128945	0.204141773436141	0.691573636443444
IKBIP	0.178722957806919	0.622591016339422	0.852775334312327
TRMT10C	1.37873415506144	0.0422657453800118	0.565682552495852
ZBTB33	-0.134935137793896	0.709403299606882	0.891215541141226
GPR180	-0.579435955538823	0.139353919171992	0.653136936701738
CBR4	-0.0468658805640416	0.934004163962761	0.983940011245003
CISD2	-0.189624367598338	0.619179373239628	0.852775334312327
ARL14EP	0.21824219604251	0.600878677850742	0.845389236378712
PHC3	-0.354708080798254	0.45028589194779	0.768499778531428
SPRYD4	1.29190995257936	0.0508926698838718	0.5885479493218
AHCTF1	1.0318798467449	0.0466811401852309	0.578554581739985
PXDN	0.808389206087032	0.164823136227806	0.678277879484695
P3H4	1.22576702447389	0.18776882157216	0.685634179466108
NCLN	0.0789495186207354	0.919206345621827	0.976907679576941
CCDC47	0.31332693688417	0.426561985013716	0.760022900713578
MARS2	0.944628561438432	0.0418804108724702	0.565682552495852
TMEM41A	0.626240020527725	0.271337059048726	0.701571230702715
SUCLG2	1.10778293540185	0.115491120003116	0.640456800921767
TMX3	1.74099985821069	0.0863463296644618	0.614082175445539
DNAJC1	1.27983087865436	0.167573165300452	0.679771472095822
B3GALT6	-0.285974285787372	0.452304504557726	0.768499778531428
PIGS	0.143551353173681	0.82842058459085	0.940158770993201
SDF2	-0.0725104033187272	0.911635523145839	0.976907679576941
NEU1	0.230782022857397	0.718344379017338	0.892338529045758
MRPL45	0.283904223447994	0.477280116185346	0.779059936055709
PRXL2A	1.05757282217767	0.0445947520866031	0.574083108528203
FUNDC2	0.0319846907481462	0.948220519213634	0.987177170311615
HDHD5	0.603877143487622	0.378392974452699	0.747419024903632
MRPL13	-0.197540758619567	0.63544429140981	0.857979673143527
SIL1	0.486989540982847	0.214624411251703	0.695406487537471
SMOC1	0.216564519752794	0.729332500495559	0.89874987776447
TFB2M	1.27651818713725	0.0543486245103872	0.591830229776505
CCDC134	0.12781684653536	0.809875490185646	0.932818116044427
NT5DC2	1.0218845682497	0.0408166532797097	0.565682552495852
TMT1A	0.460964596197421	0.362430607623316	0.742810567366979
L2HGDH	1.65710691280497	0.0385957757482824	0.562675200636541
CARS2	1.5701217288557	0.233046219595077	0.696801347176919
IARS2	0.897376198298609	0.0426791580598211	0.565682552495852
DECR2	0.168236154157981	0.816122091158543	0.934410131087409
ABHD10	1.37495294555608	0.0619764191424787	0.596130635432815
OXSM	1.31785263660825	0.152048444298233	0.663295961852487
CHCHD3	0.805766436026833	0.315183125713848	0.720562223222902
FKBP11	0.099184118649589	0.782340964396373	0.919756713698263
FASTKD2	0.56573105819086	0.511461305675878	0.798673953697513
HACD3	2.00145147549458	0.0289659558159989	0.562675200636541
SEC63	-0.247211187221836	0.583822377048229	0.838032183155708
MRPS17	1.23018895279516	0.0620127811624442	0.596130635432815
ACOT9	-0.135974543143774	0.849372885150705	0.951824748053875
MRPS2	1.08290270213871	0.0326953509482836	0.562675200636541
MRPS23	0.779206269126792	0.403692829842894	0.753672221047862
TMED3	-0.576887178378851	0.257876589997653	0.700858121443305
SRPRB	0.0143851247697491	0.980148861078532	0.995121935313482
ALG5	-0.00298485403853732	0.993932995729725	0.998339233865061
NDUFS3	0.794057857177748	0.136855405659725	0.651578095916984
UQCRC2	1.26254946204205	0.171613636748885	0.68087160593252
MRPS34	-0.494171962380623	0.373474848662522	0.747419024903632
ZNF460	-0.684138858055878	0.140419350525808	0.655453967940172
NCSTN	0.729589213206751	0.0619562202495392	0.596130635432815
MAK16	0.498562238165309	0.308921421929584	0.720450507262282
MRPL1	1.07123629950745	0.12782634877007	0.646928396835638
MRPL16	1.05484774750519	0.0881938853502908	0.614082175445539
SLC25A13	0.730755986383606	0.151913678807201	0.663295961852487
VDAC3	1.38414370384267	0.0615651516593893	0.596130635432815
VWA8	1.2144981066374	0.0941223570228043	0.615060140138867
NUDT19	0.307320046499061	0.400240485616519	0.753672221047862
SLC35A4	-0.201668009186676	0.653138967347906	0.865410835687151
HAX1	0.314348621396658	0.636904656824195	0.858800821083732
NDUFS8	1.11963973001223	0.0545566260743846	0.591830229776505
TNFRSF10A	1.32660630786926	0.165624235724292	0.678277879484695
MANBA	0.715108782138273	0.191457795991129	0.685634179466108
AGRN	0.238857833690201	0.704516795256339	0.888400202747427
BCL9	-0.831109472624721	0.176242976649923	0.685320332825264
RNASET2	0.903856371217145	0.424064543658162	0.759266234403255
CES2	0.968553360658959	0.0687833495151622	0.60768584175434
MAN2B1	1.8802768639168	0.0344165188087926	0.562675200636541
ASTN1	-0.642793490179045	0.382806000771937	0.747689875828869
NDUFAB1	0.68414469016404	0.396773010400271	0.75337218114396
TOR1B	-0.0951471083704654	0.850741418223033	0.951931750040608
ACOT8	0.64478181548165	0.107042659568419	0.622588480803066
PHYH	-0.276355645116883	0.601179976845298	0.845456100972636
UQCRQ	-0.598252417967988	0.267709508831361	0.701149087002738
RAB29	1.18117992055984	0.069076666113453	0.60768584175434
NPC1	2.06128350967046	0.0467779564501649	0.578554581739985
GNPAT	0.534323291708223	0.325581745314699	0.728264279763946
ACOX3	2.80334561963307	0.00161012221833017	0.184408237027087
TM9SF1	0.67518121520861	0.472351771703308	0.77578306547539
TAPBP	-0.959427333206683	0.0290703614624737	0.562675200636541
GPAA1	2.11508730072223	0.00872761404481225	0.429012871148726
TGOLN2	-0.379324972829991	0.382562485335608	0.747689875828869
TRIAP1	0.959217704878185	0.216121989254468	0.695406487537471
GATC	0.80779808626912	0.408609797439647	0.754326499862293
HYAL3	-0.988553438894733	0.132933953257866	0.64950690283642
TLL1	-1.00243944482514	0.129290413269332	0.64804309372352
OPA1	-0.0207741183673065	0.955247057521762	0.989011270096913
NRP2	-1.18596730869322	0.0179178313050282	0.520540078996404
B4GALT3	0.141518612631895	0.734316983709524	0.901440620179969
PRAF2	0.687583980665103	0.172832953170557	0.68087160593252
ABCB7	-0.0667539799589143	0.938811548245977	0.984982251896129
COQ9	1.31131432072658	0.0237560316341558	0.543270726429757
RTN2	-0.0172379410036108	0.979368605917082	0.995121935313482
NDUFS2	1.12006413749285	0.15588163461847	0.666464172790306
MPDU1	0.552097137026891	0.18941332380588	0.685634179466108
ENTPD5	0.597145688201401	0.390411837587904	0.75060035712492
LRCH4	-0.532468572711597	0.325386054173112	0.728264279763946
CRLF1	1.3525340698387	0.0170081822792281	0.507524956338281
CLN5	0.957751858985247	0.119654899849275	0.641320845841423
CRTAP	0.206553782091412	0.711346584732881	0.891223685931236
ATRN	0.393197380635982	0.58983854176333	0.838981049444616
DHRS3	-1.26715882171108	0.135370439990387	0.651578095916984
ATP5PD	0.903470367922647	0.108125259740269	0.62511939089359
PRKD3	0.675722529028725	0.249825034644836	0.696801347176919
LRIG2	-0.109602103563038	0.752749023797863	0.912156118677182
ENDOD1	-0.174674544283373	0.655141476628482	0.865410835687151
PRSS23	-0.147292203701245	0.744765581501393	0.907918142600498
UBL3	-0.185771664357965	0.733048276622643	0.900599404922969
RTN3	-0.00720419231877045	0.991632512547738	0.998339233865061
LETM1	1.1887625893661	0.10594372888171	0.622097562852089
SGPL1	0.303717692563538	0.622409624583925	0.852775334312327
CTDNEP1	0.947995600803452	0.189350194418244	0.685634179466108
H6PD	-0.0873362545931862	0.889446752941449	0.970625419570465
AGR2	0.323460970365982	0.610179544090467	0.848655194632534
TOMM40	1.09504084544414	0.023966886270189	0.543270726429757
CYB5A	0.471179104553986	0.406884291332761	0.754326499862293
MT-CO2	2.49620590081736	0.000714711157124752	0.110408579552632
CST3	-0.355766159270665	0.450506965180039	0.768499778531428
CGA	0.738243435762598	0.404612636526408	0.753672221047862
MBP	0.719156410992294	0.443181205036533	0.768499778531428
FUCA1	0.368318377990967	0.457436025045728	0.768673785285838
SLC4A2	-0.825133675213081	0.314265956490773	0.720562223222902
APP	0.00184873819735287	0.996556812273587	0.998874975428445
SERPINE1	-0.54748608893653	0.253036840394502	0.700020256163013
PCCB	-0.0503383168979887	0.956116202965524	0.989011270096913
COL5A2	0.261264874702313	0.768670063662554	0.917659429049747
BCHE	0.258937114538814	0.754988692247494	0.912861917231475
SERPINE2	0.803342572892461	0.115607187973678	0.640456800921767
THBS1	0.73223944587513	0.194757539762884	0.686855185819235
GUSB	0.559694378008366	0.226789317292917	0.695406487537471
MMP2	-0.43512544973667	0.301263224200708	0.71961296191732
CYC1	-0.179666730398729	0.774685993520317	0.917659429049747
MET	0.835316400536133	0.215986088860066	0.695406487537471
CFH	-0.0542382707696021	0.909216632588447	0.976907679576941
PRSS56	0.690121922669665	0.359584126562596	0.741834346573047
GATD3	-0.77644493040302	0.219025958141788	0.695406487537471
ACP2	0.961549741264584	0.368601194261407	0.7468469163573
COX4I1	1.05960299974694	0.183066556542805	0.685634179466108
BMP1	0.418343709421237	0.423153739145506	0.75869068736302
CYBA	0.238749117718278	0.567276414705925	0.830485789838622
COX7A2	-0.594212016918625	0.37469391961661	0.747419024903632
PVR	0.677895872242228	0.232938860786598	0.696801347176919
ARSA	1.0611029647259	0.103658597144305	0.622097562852089
ARSB	0.938092849165105	0.0316259153036135	0.562675200636541
TIMP2	1.02328286802764	0.433632588170158	0.763373624091761
CPE	-1.82858126382732	0.0391784118808119	0.562675200636541
SMPD1	0.57714125574909	0.429823021317253	0.763207590035509
ENG	0.395264896331142	0.408055735323342	0.754326499862293
PAM	-0.789701090838001	0.228108839537064	0.695406487537471
CDH2	0.57004536094918	0.510929847607213	0.798673953697513
NDUFV2	1.67352849247705	0.00753141487996316	0.415518918091682
IL11	0.593872278192656	0.249438756044541	0.696801347176919
C4BPB	-0.186398070932228	0.596027478121004	0.842710302400535
COL5A1	3.14626433821912	0.0979575784940954	0.622067370808441
BGN	0.957162731604711	0.254398993887324	0.700277201990625
COMT	0.823936615265215	0.192001872445785	0.685634179466108
MMUT	0.800092450626558	0.406526082970227	0.754084405586464
ENPP1	-0.929726956541998	0.0278056505541995	0.562675200636541
FGFR4	0.132291410075361	0.85130441634545	0.951931750040608
GAL	-0.459357359058966	0.269150966091241	0.701149087002738
CES1	-0.422252860207593	0.292623988427767	0.715261926144327
FBLN1	0.686329841274045	0.218681297012033	0.695406487537471
PTGS1	0.108330723343013	0.773772957522481	0.917659429049747
CPT2	1.87612561989029	0.0390754032683644	0.562675200636541
ATP5PB	-0.950855616839043	0.0557551902917467	0.591830229776505
CTSS	0.819475783683828	0.265670684026115	0.701149087002738
LOX	1.0557708249667	0.237193609500933	0.696801347176919
GRN	0.0345259674374141	0.95656508064163	0.989011270096913
PCSK6	-1.35808105578221	0.0252428056496974	0.544624108486768
EPHB2	0.635592508710843	0.334342609664792	0.731479600893477
COL4A5	-0.437624942871288	0.253774477411383	0.700065264825006
ATP5F1D	0.0318930035631908	0.948018404911315	0.987177170311615
CHRNA5	-0.324358851852089	0.39286054883723	0.751401850401865
UQCRC1	-0.662137438687363	0.159302912440086	0.673853064450835
ABCC1	-0.887000329144701	0.0648336661834251	0.605553264048341
GALNS	0.741143455023778	0.196448854124622	0.688156185353367
PTGS2	0.00414585966645475	0.991889420205918	0.998339233865061
FBN1	0.864960710350591	0.120135242670272	0.641320845841423
FBN2	-0.771498890398139	0.0418366976625576	0.565682552495852
HMGCL	0.682239236296084	0.191983822542863	0.685634179466108
ATP5F1C	0.567291482523039	0.74254356502865	0.906640293436816
CPOX	0.285452737630681	0.553433428413616	0.823748073838146
SREBF1	-0.218185007614814	0.76222076925153	0.916753849532672
GGCX	-0.160631035237842	0.72335261650772	0.895644791832664
COL18A1	-0.201061806355824	0.594519162682551	0.841962965265864
ECE1	1.12610158235731	0.0554745786673808	0.591830229776505
SLC1A4	0.129626981018284	0.730910372021898	0.899832915763013
BTD	-0.157762808347986	0.679701007180605	0.875877640884717
GPD2	1.69781384118167	0.259646897467708	0.701149087002738
UQCRFS1	0.486892829665006	0.199170794538655	0.688156185353367
ATP5PO	1.053686126094	0.242833099571668	0.696801347176919
MRPL19	0.694340559918157	0.246354961989506	0.696801347176919
CASP4	1.12686648168241	0.127464219647084	0.646868352532247
ACOT1	0.626014347026327	0.248102696087151	0.696801347176919
NDUFV1	1.2899279969644	0.00661290900681119	0.391587102514986
GNAQ	0.929176106952415	0.208504829310315	0.692505703780757
SLC26A2	0.19926115907057	0.76255806235905	0.916873984069319
BCAM	-0.694879755310389	0.117410979006527	0.641320845841423
SUOX	0.33514910471391	0.59750898193417	0.843722006665362
LUM	0.244241151665097	0.557376735974303	0.823851824679143
NDUFA8	-0.0372072036550577	0.961383488029306	0.989011270096913
MRPL12	1.26152031605833	0.178582138318724	0.685593534331282
HCCS	1.81184300419199	0.000635390758466297	0.106690396052036
CACNA2D1	0.538815374195028	0.373692606528119	0.747419024903632
EPHB4	0.664812103122262	0.18641408129357	0.685634179466108
GALC	0.880320933978652	0.333118088941767	0.731479600893477
SLC12A2	0.5679714008064	0.430506964980263	0.763373624091761
HADHB	1.00966969113739	0.227210008431425	0.695406487537471
LAMB2	0.73790869288689	0.343802213638271	0.73358072091716
GFER	-0.276934653707553	0.656982041014431	0.866256279411995
ATP5MF	2.32468780149054	0.0106898660721947	0.449406021267396
ITGA1	1.16841497638054	0.104652120052982	0.622097562852089
ATP5ME	0.350175268601706	0.578513296912893	0.835828950623083
CAV1	2.16845088139005	0.000173365857286042	0.0478242100599066
HSD17B7	0.988094705211395	0.208460374086616	0.692505703780757
CD81	-0.523445332419982	0.168948738501812	0.679771472095822
B2M	-0.269208098105743	0.556743481097595	0.823809702681575
TGFB2	-1.05693154310816	0.0399205087971031	0.562675200636541
NPC2	0.755915948898323	0.27915043655188	0.709188165887699
CXADR	0.19123826196137	0.848479989284321	0.951460429331024
GPC5	1.1000801111057	0.359929714376914	0.74215085794108
ADAM17	0.192029787330611	0.610693368396937	0.848655194632534
BLOC1S1	0.173168200359449	0.760858338700224	0.916210822957019
NUCB2	0.597385110259175	0.248287130069691	0.696801347176919
MRPS25	0.427727834742775	0.348009553876065	0.734961497551179
MXRA7	0.662262859341364	0.491195450250152	0.788179290155689
HSPG2	0.257476150079945	0.65033325303316	0.864794105613559
TFAM	0.248454769749383	0.515531938074709	0.798673953697513
CDC42EP1	0.158560815145371	0.725178684067779	0.895918131116367
NAAA	-2.05803257457666	0.198047888596862	0.688156185353367
ALDH6A1	0.698127594291414	0.131155835673728	0.64804309372352
SLC25A11	1.20544646474152	0.392949266298643	0.751401850401865
LMNB2	0.434342153711004	0.593339874748908	0.840909576616618
PLAUR	0.681038093677664	0.411434006830097	0.755926800370045
KDSR	0.219794199698118	0.6975883560279	0.885048039086646
LRP1	0.581642733085651	0.370173282659694	0.747312711778223
HYAL1	1.0399959879407	0.192334685977626	0.685634179466108
EFEMP1	0.150207353870844	0.712011263027322	0.891341166227396
STX4	-0.160943883351337	0.751539485354077	0.912145032192786
PTPRJ	0.193327749873678	0.703129090908536	0.888400202747427
BNIP1	0.765488144995043	0.252585104325427	0.700020256163013
DNAJC3	0.397749403551721	0.339292048996982	0.732563525901754
MRPL49	1.05379394146394	0.0142427708296306	0.470133170461824
MSLN	0.460028830660114	0.387531845813797	0.750399014746494
NNT	-0.0681187992032335	0.910519137502974	0.976907679576941
SLC39A6	-0.3111386602605	0.765673395341513	0.917659429049747
OS9	0.244111309551663	0.611339353310072	0.848655194632534
ADAM9	-0.0182313013121274	0.967916635092385	0.991306746624782
ADAM15	0.874291744879837	0.224264303985351	0.695406487537471
MTX1	0.0920128628308987	0.794085119075095	0.924923663750758
ASAH1	0.889170934008572	0.116580455203126	0.640456800921767
MTMR3	0.0398086657024344	0.940316531111055	0.985391996082861
LAMB3	0.0829946312636274	0.913986792243501	0.976907679576941
ARFRP1	-0.578386159252723	0.154002279672327	0.664919314184473
SCARB2	1.13449089642126	0.0928400974034542	0.614082175445539
FLOT2	3.70529116159721	0.165556079681327	0.678277879484695
RCN2	0.785986240180687	0.132605360731886	0.64950690283642
GNA13	1.21065169374889	0.119537373647603	0.641320845841423
FAT1	-0.781642604386757	0.434176507099557	0.763373624091761
SQLE	0.369920716792734	0.525475752663923	0.804558717285957
ITIH4	-0.33232503439325	0.611678681050874	0.848655194632534
BLTP2	-0.272496855631811	0.698364750737869	0.885742091083629
MESD	0.188353236760864	0.735410342941591	0.902209258081456
LTBP1	-0.234281749942173	0.603604397594797	0.846448868377308
SLMAP	-1.5572703629357	0.284337283548473	0.712999729239602
HERPUD1	1.9562389115796	0.0320737013465415	0.562675200636541
PON2	0.837677494211029	0.152434218750886	0.663295961852487
EPHA7	-0.275220381846211	0.571113267017642	0.832301677555014
RAB30	-1.21008422023291	0.00666313922227697	0.391587102514986
NPTX1	0.147866584695389	0.814624550327883	0.93355490010869
ECM1	0.270014542327978	0.668793009724214	0.871282699265442
DECR1	-1.10591885373673	0.118647064565861	0.641320845841423
TST	0.0758470131651947	0.854776536506972	0.95340828093244
LAMA3	-0.481042776959235	0.503821405415565	0.795001471453086
PCK2	1.60618015783572	0.0911201576702389	0.614082175445539
UGT8	1.29325229643567	0.23838637140136	0.696801347176919
IMMT	0.0468498447845427	0.909301168367171	0.976907679576941
ALG11	0.834196329185307	0.240698320404324	0.696801347176919
PGS1	0.407524084202201	0.426600505743084	0.760022900713578
HSDL1	0.727760679647627	0.25110438188945	0.698175034454325
TIMM50	2.10108506904261	0.0140650605534591	0.470133170461824
POFUT4	0.481700890263205	0.62580853391959	0.855833058780969
COX19	-0.871444081182084	0.0851379027154464	0.614082175445539
GXYLT1	0.581813791098924	0.410051849090939	0.755553540851548
SVEP1	-0.525902664162352	0.408361317235083	0.754326499862293
GPAT3	0.869060465572971	0.094348398149872	0.615286908139611
PIGG	0.883736153305463	0.189337484136317	0.685634179466108
MIA3	-0.0791478390350626	0.929063444039543	0.982709631344934
PITRM1	1.74105566223619	0.0672825921791491	0.605553264048341
EOGT	-0.138197211408908	0.794785162812888	0.924984429501446
PPP1R15B	0.509581391633567	0.458813541923232	0.769070268623056
ODR4	0.403932428796864	0.590615338213363	0.838981049444616
TPRG1L	0.881982371212651	0.19174247390395	0.685634179466108
THEM4	0.558768374061778	0.339371405125691	0.732563525901754
CERCAM	0.453730848240621	0.362246858590695	0.742810567366979
ZFYVE27	-0.245942347560479	0.638710890258602	0.859920221170717
MTARC1	0.400499111893652	0.361784796690438	0.742810567366979
CACHD1	0.208490588107011	0.711207451837824	0.891223685931236
CDKAL1	-0.740427472039361	0.0885764026795138	0.614082175445539
SNX30	-3.81309454135157	3.50369174050972e-05	0.0193303678597836
LPCAT4	0.34758913341723	0.419128188504168	0.757567044817683
OLFML2A	0.409287933697172	0.492323527961145	0.788179290155689
MBLAC2	1.51194439134718	0.00548605570919399	0.359104188964529
TTC19	0.845510401280428	0.38177988172393	0.747689875828869
MCTP2	1.47929250478905	0.131022114953738	0.64804309372352
DHRS7B	0.57102120521661	0.176174825623525	0.685320332825264
FSTL4	0.255021819310731	0.459371872082772	0.769338321762213
RETSAT	0.326654490998116	0.339011061101771	0.732563525901754
TMEM214	0.290729550429823	0.442335430269067	0.768499778531428
TCTN3	0.398180959387961	0.604743180414721	0.846605121132949
ERAP2	-0.33294238607688	0.381035588089821	0.747689875828869
SLC27A4	0.631011081447021	0.261848904126242	0.701149087002738
FDX2	-0.322431260039426	0.564552786100683	0.828697400197962
NCEH1	0.580420310053327	0.328691901456001	0.729360656160553
CNST	0.0832474415879148	0.912459990201084	0.976907679576941
TXNDC11	0.615052682256568	0.449737580011226	0.768499778531428
CYP20A1	1.03881252713803	0.224104943155391	0.695406487537471
TMEM205	0.185575829245693	0.706433326120288	0.888679317744805
LCLAT1	0.395125310375263	0.4501486163831	0.768499778531428
GLB1L	0.912709936193561	0.206450998090386	0.692505703780757
CES3	0.288153285142215	0.493071249356848	0.788179290155689
ARSK	-0.166161299718887	0.654392192673152	0.865410835687151
TMT1B	-1.04213090133556	0.0534207060431366	0.591830229776505
SEZ6L2	0.895843187179587	0.148416269569956	0.659589911483508
CRELD2	-0.149739580063905	0.784229483929424	0.920575765025969
B3GLCT	-0.0428301748680369	0.952799422037526	0.988567914558181
CD109	0.522607270754825	0.564926765535181	0.828931295021607
GK5	-0.568003224470427	0.609663406772113	0.848655194632534
ACAD11	-0.224230463247856	0.562094339114253	0.826974604822569
GDPD3	-0.169976573862996	0.795954715639864	0.924984429501446
LPCAT2	0.405338643073339	0.486604943604534	0.784416906906183
ERMP1	-0.402051996094649	0.609134911293554	0.848655194632534
MRPL21	0.22759618045859	0.81878404952532	0.936654028218835
POGLUT3	0.535644991169395	0.204767785461986	0.691573636443444
P4HA3	1.07474221019764	0.101779667767052	0.622097562852089
MEGF8	-2.27981912967059	0.00877576820837633	0.429012871148726
GALNT7	1.17985436420204	0.165173310186646	0.678277879484695
ADGRG6	0.0957768356671451	0.857643672294255	0.954598574528481
DHDDS	0.901098332972627	0.245191601007927	0.696801347176919
GALNT10	-0.978475678328238	0.293273610712367	0.715969957845173
GLRX5	0.495360749590109	0.2952026988888	0.71702693277267
OAF	0.558407204018927	0.196095803658829	0.688059713805737
GPAT4	0.710720771654195	0.344376449255	0.73358072091716
TRABD2A	0.2773494231622	0.432235274981784	0.763373624091761
LONP2	0.581905560792926	0.414499338818551	0.75643635133228
OSTM1	-0.148577514385167	0.854907528966608	0.95340828093244
TMEM126B	-0.224565444660016	0.630463103290007	0.857128070016347
P3H2	0.710104920939756	0.287802502151358	0.712999729239602
P3H3	1.3997133390397	0.149357738184755	0.662249810412771
FUNDC1	0.737228308466843	0.226837497358595	0.695406487537471
ITPRIP	-0.312834975244929	0.431431399719178	0.763373624091761
TEX2	0.648460991377235	0.340659657301281	0.732563525901754
FOXRED2	0.622625116213779	0.348760425669606	0.734961497551179
SULF2	0.0778173459285973	0.893460882224012	0.972258643885358
MSRB3	0.736572315695025	0.308336185343739	0.720450507262282
TMEM192	0.914011686530579	0.0554121707545858	0.591830229776505
THNSL1	0.0171599970510528	0.974061384318125	0.993090038605227
MICU2	1.20140101372617	0.0705169468072394	0.609336539686903
CHPF	0.70321636552093	0.374983254851388	0.747419024903632
ELMOD2	0.899983293741847	0.256817256601741	0.700562946835249
RDH10	0.537650790583371	0.204827584584421	0.691573636443444
VKORC1L1	0.464710843910542	0.376665952738621	0.747419024903632
GHDC	0.384525405618319	0.266565320152741	0.701149087002738
ABHD12	-0.315617170674361	0.469707306678428	0.775333835112331
SDR16C5	0.630145076598119	0.1251444249042	0.643919147581995
PTGR3	-0.0748618171470454	0.896444612433724	0.974451642396485
CHCHD4	-0.0442367733966194	0.963133098362727	0.989011270096913
DHRSX	0.245248378382183	0.692442342454075	0.88141474177905
ATPAF2	-1.44756450270377	0.0430929958244792	0.56607193834741
FAM241A	-0.253862993209051	0.477074166752087	0.779059936055709
GDPD1	0.855361756489344	0.428061261157249	0.761129185354188
ACOT4	-0.0322241243257686	0.941544466664034	0.985954319578083
XXYLT1	0.744156086940272	0.285338076632212	0.712999729239602
SUMF1	0.0470023705875491	0.898618370768314	0.974850560261629
UBAC2	-1.23642788650787	0.0652746893299191	0.605553264048341
PCYOX1L	0.395244045375748	0.571381898136996	0.832301677555014
TMEM87A	0.543046796816014	0.5839317982579	0.838032183155708
RDH13	1.07010770208982	0.255432598983291	0.700562946835249
TTC13	1.03969400415348	0.229649710695059	0.695406487537471
UXS1	-0.397050102225261	0.420972591697885	0.758261266077433
KCT2	0.0468342779893938	0.905880666554906	0.976907679576941
PLA2G15	0.460515932936218	0.39560575062961	0.752864295141517
PDPR	0.953532313222411	0.287348426104035	0.712999729239602
KREMEN2	-0.381962158543825	0.351285635888121	0.73637910738439
DIPK2A	0.563107955375976	0.407971934817559	0.754326499862293
PDZD8	0.909833040444511	0.225050639947478	0.695406487537471
ABHD11	0.300772061477531	0.681727478970023	0.876178529755392
GRPEL2	0.205725500601083	0.705196192772241	0.888400202747427
VANGL1	-0.0923552388403905	0.826802469783011	0.939724166863126
DNAJB14	-0.345348228149881	0.569580611205598	0.83102392160031
NUP210	0.271076913884141	0.7185652714667	0.892338529045758
USP33	0.3639275000933	0.572833463515063	0.832443167598734
ABHD3	0.183045204430051	0.583870331548492	0.838032183155708
TSKU	1.14032142888306	0.0817985720242522	0.614082175445539
CHPT1	-0.294798907374325	0.46943791702452	0.775333835112331
SLC38A5	0.843575039196669	0.233325312011863	0.696801347176919
THEM6	-0.0810947124087384	0.859243360848295	0.954914857799663
NUDT8	0.784647177641247	0.183371997233639	0.685634179466108
DCAKD	0.251865780079022	0.633736498696041	0.85788344166895
TFB1M	-3.80513062725735	1.7341601511838e-05	0.0133946530077436
FAR1	0.302618542277681	0.392165522829024	0.751401850401865
SLC44A1	0.908470529553483	0.175581870189247	0.685320332825264
SELENOM	0.157892242269416	0.705474612901715	0.888400202747427
BRI3BP	0.666223951219578	0.433479148892601	0.763373624091761
CHCHD10	-0.296876884043929	0.427991765722643	0.761129185354188
CCT6B	1.20226004754132	0.407841590137046	0.754326499862293
SNX19	0.0749313111248924	0.893199178692474	0.972258643885358
TM9SF4	1.06133110093973	0.0707223456262589	0.609336539686903
UBXN4	1.55040919776953	0.120633225651929	0.641320845841423
EDEM1	-0.372112382536201	0.417587338436153	0.75643635133228
PIGK	0.207947519955702	0.690420947285771	0.880625129601165
NECTIN2	0.499696400684606	0.381552329476025	0.747689875828869
GCDH	1.45829634612496	0.0101796822424221	0.44674923659357
PIGT	1.19238071243758	0.310904103610607	0.720562223222902
GTPBP3	0.597001585403429	0.331981184852589	0.731479600893477
FAM162A	0.179249103453394	0.726921071247285	0.897496540011834
ISOC2	1.02977315504458	0.186813650968924	0.685634179466108
PNPLA2	0.0401331351375163	0.951320638769144	0.988567914558181
TTC17	0.0540370147928506	0.891489907638752	0.972239499576095
ARL8A	-0.303720708319574	0.573190243228813	0.832516253986338
COA7	0.316999250126798	0.61383385940265	0.848663548145376
TIMCC	0.672909954390711	0.224126140552306	0.695406487537471
FAF2	1.19766105246351	0.173169804102767	0.68087160593252
FAM241B	-1.01843871667271	0.0724992166763791	0.612673905479598
RSPRY1	0.207174687510467	0.705751378050002	0.888400202747427
ERLEC1	0.559449323007684	0.512672866161108	0.798673953697513
NUS1	0.995720657893784	0.122129133375056	0.641320845841423
C1GALT1C1	-0.177726204830527	0.645996675698502	0.863721776335677
DNAJA3	-0.296368069580392	0.494895063366398	0.790130948565459
MMAB	0.733557783587599	0.11293520032821	0.636974675032421
ALG14	-0.170882149863679	0.658907046783124	0.866835796199991
CERS2	-0.443914829175228	0.367418933578207	0.746403928117146
REEP6	1.18470315033179	0.193453449464675	0.686855185819235
HPDL	0.778178118655251	0.288546315147074	0.712999729239602
ATP5MK	0.146362241958077	0.757379988508503	0.914864040999543
TXNDC15	0.498042177285647	0.217882908968498	0.695406487537471
SLC35E1	-0.297369266811369	0.669708436238479	0.871282699265442
DHRS1	0.641049473832652	0.320312448622228	0.726710724187774
TMEM68	0.544300316812894	0.327685154253932	0.728264279763946
MBOAT7	-0.102594750052805	0.859639312037835	0.954914857799663
MIA2	-0.251489796056394	0.546923982556126	0.818945345438308
TMEM237	0.12107804687054	0.861088236237825	0.955884670408301
SLC38A2	-0.205044690995368	0.724246172700406	0.895861539067224
FYTTD1	0.956427468844858	0.0297478574804759	0.562675200636541
VPS13A	0.274174807721359	0.530721496279939	0.806188777646087
CLCC1	0.537687415593474	0.420557975233408	0.758260924533811
CYP2S1	-0.019069367096531	0.981087125987623	0.995121935313482
CDK5RAP1	-0.114303805981201	0.870521993765918	0.961657877552625
YME1L1	1.11343859102079	0.181076249491036	0.685593534331282
PAFAH2	0.629787050854944	0.244076599314173	0.696801347176919
SERPINI1	0.316922580495635	0.582394193233422	0.83769324926163
PKMYT1	-0.217760800907755	0.594330334385552	0.841962965265864
OSMR	0.226833558349867	0.737904893528998	0.903547463160745
CGREF1	0.317711035182885	0.740709618982005	0.905059011698087
SIGMAR1	0.974359387290786	0.170427467556092	0.68087160593252
MIPEP	0.0377727260240981	0.950995567032835	0.988567914558181
SLC29A1	0.429378948924743	0.558962473496433	0.824880807276738
CIB1	0.497741770985861	0.278002104203752	0.708807852411331
RNF5	0.156286516174987	0.654224849783541	0.865410835687151
SEMA3C	-0.397201451916771	0.420553412723833	0.758260924533811
ADPGK	0.417594753931589	0.506642877555835	0.796683547687555
PRADC1	1.4933302645364	0.0562821714027954	0.591830229776505
CHCHD5	0.828551461923851	0.297397220764957	0.719191024792903
DESI2	-0.546601091627753	0.234230204842574	0.696801347176919
ALG1	-0.125772569393927	0.752879355123929	0.912156118677182
INPP5K	0.155244730531521	0.82078071047691	0.93694485671033
NDC1	-0.116516385661765	0.737663686737889	0.903538584897472
FUCA2	0.525917129774456	0.278369856060406	0.708807852411331
DHRS4	0.887093657153706	0.451541222720509	0.768499778531428
LMF2	1.90486216804922	0.0768010858538301	0.614082175445539
ISCA1	0.317979676351339	0.472862075641913	0.77578306547539
DERL1	0.202626144543942	0.587558825842726	0.838981049444616
ABHD6	0.495253768437564	0.507257278738733	0.797325034794052
EDEM2	0.716937732967317	0.352469948743614	0.73637910738439
TMEM109	1.21871825512523	0.0617559454241462	0.596130635432815
C1QTNF6	-0.13176129434181	0.836962704971105	0.944579183693281
BCL2L13	0.17867667369779	0.87324846880794	0.963511355975139
TMEM59	0.0978208937086471	0.851423824209192	0.951931750040608
PECR	0.428498750232919	0.484125392741522	0.782953210539262
MRPL20	0.305613749217933	0.453128452907763	0.768673785285838
MRPL37	-0.0405407556736144	0.979718796066931	0.995121935313482
EDEM3	0.297878387055416	0.515756959090199	0.798673953697513
SELENOI	0.610689520491302	0.188047717680245	0.685634179466108
LNPK	0.262325691127707	0.658983012599276	0.866835796199991
TTYH3	2.33052948981917	0.00996555306025806	0.442378918605938
SLIRP	1.06818298093071	0.1372874879819	0.651578095916984
SLC22A4	1.28035327620736	0.0206544820499533	0.533192871789224
MAGT1	-0.793419134061505	0.0804383136999025	0.614082175445539
UNC93B1	0.422795934417966	0.22516968034899	0.695406487537471
TMX4	0.552638483058242	0.451340903566629	0.768499778531428
SLC38A1	0.329938708553463	0.480178118937879	0.779835111580358
SPNS1	0.021470280245758	0.959567720489815	0.989011270096913
MRPL46	0.406296120491064	0.629649323665356	0.856837804085837
SNX25	0.870606609373887	0.338269875625015	0.732563525901754
TOR3A	0.179943277990112	0.772178514758693	0.917659429049747
TRABD	0.904294908231535	0.284603644785837	0.712999729239602
ALG2	-0.0431181894037778	0.916878042599651	0.976907679576941
POMK	0.356805282965226	0.695997555383288	0.884341811929865
RETREG1	-0.0386218852660285	0.922601762026068	0.978655491614854
NAA60	-0.293326646649703	0.666135086814138	0.870687972913594
ACAD9	0.951661277818246	0.0283214707393258	0.562675200636541
MRPL44	0.55026946796637	0.449495311797748	0.768499778531428
SIAE	0.464396036176772	0.539159684275947	0.812320876269325
ZFYVE1	0.953366744008243	0.214787821041906	0.695406487537471
RDH14	-0.797789155249436	0.117770177415321	0.641320845841423
GBA2	-0.470461422190045	0.463358876981316	0.772062745044709
SDF2L1	0.23347119328271	0.752525491712629	0.912156118677182
PREB	0.30694276162491	0.651170704071525	0.864794105613559
TXNRD2	0.99158398234303	0.215271530327116	0.695406487537471
ABCB6	0.79284702944835	0.26988340446728	0.701149087002738
ALG13	-0.115852237790456	0.774180347643722	0.917659429049747
PNPLA8	0.383242110705922	0.639039625779378	0.859920221170717
SARS2	0.146560315648784	0.881852971725831	0.966160617533378
CD320	1.20383155607598	0.0923659928600015	0.614082175445539
ACP6	0.495998098961145	0.255403747737932	0.700562946835249
GPR108	0.0204435173283919	0.960598215253779	0.989011270096913
MIEF1	0.261202916869735	0.745432163983552	0.908161824647798
SDR39U1	0.590186797769153	0.612425945139274	0.848655194632534
DUSP22	0.179959974325385	0.748617816788512	0.909969232371264
GLRX2	-0.0577653734999082	0.911439080236336	0.976907679576941
TOMM22	-0.105361196307538	0.878759948112784	0.964961876488931
SACM1L	0.349833731112572	0.521560280099448	0.801241619928809
TMEM106B	0.581876210221246	0.430727535023612	0.763373624091761
UFSP2	0.686043604835906	0.288624096309517	0.712999729239602
SPTLC3	1.14463552085488	0.24322557212021	0.696801347176919
TYW1	0.118014368161308	0.827760931859007	0.939962575371798
TMEM30A	-1.13260390166093	0.0488639543685639	0.578554581739985
ATAD3A	0.0239772412473513	0.965393010785419	0.990131671226222
FKBP14	0.599523824173527	0.340262064531487	0.732563525901754
MRPL22	0.263441272529263	0.547106872556864	0.818945345438308
SDHAF2	0.996030163449117	0.0397935529764245	0.562675200636541
P4HTM	0.417842771200338	0.421862885287649	0.75840855535623
TOR4A	0.904602032033342	0.0984147946648258	0.622067370808441
QPCTL	0.148061635290166	0.735673610566697	0.902245628456203
DNAJB12	0.2488898459954	0.555759663723422	0.823809702681575
SLC39A1	0.521480683592344	0.296631029187978	0.718571996302632
MTMR4	0.72382415485999	0.397205474461159	0.75337218114396
UGGT2	0.854805070514164	0.171361939318681	0.68087160593252
ERAP1	0.686987901719995	0.119784162738529	0.641320845841423
PLA2G3	1.12481859737978	0.0396380200172082	0.562675200636541
GDE1	0.0317888644592941	0.935583645081914	0.984783433438922
MTCH1	1.76490254988769	0.0129918462130163	0.465184996978451
C1RL	0.185126687148308	0.81380406097052	0.93355490010869
NDUFAF4	2.23869310680301	0.010714949948569	0.449406021267396
NDUFA13	0.45758904213718	0.203931392627681	0.691573636443444
PDP1	0.453822124860562	0.415610437966171	0.75643635133228
TMEM14C	0.899088095987636	0.0707405558948747	0.609336539686903
CHPF2	0.749555426885916	0.430063425168992	0.763283523898276
TXNDC16	0.564907194034895	0.267017522577053	0.701149087002738
STX18	0.304450552805747	0.388101823874273	0.750399014746494
DPM3	-1.34100677657367	0.198619580498412	0.688156185353367
MRC2	1.56594070501654	0.0355444504808532	0.562675200636541
TNFRSF10D	-0.425005628780575	0.390120593318112	0.75060035712492
DNAJB9	-1.17956413282458	0.0672919973373407	0.605553264048341
FBLN5	0.107229260345704	0.792312157708007	0.924251074649723
EGFL7	-0.344760979210882	0.543640746569241	0.816306595353969
AMACR	0.423179432952061	0.408323811661859	0.754326499862293
ADGRE2	-0.189142360666082	0.644805065317755	0.862798774421935
RABAC1	0.425847840784201	0.548483506798232	0.820070965255428
CPA4	-0.540268524747475	0.270147550870035	0.701149087002738
AK3	1.37851950160939	0.096938872385687	0.619831001909807
PLXNA1	-0.192245178520412	0.669366886144906	0.871282699265442
HACL1	0.410174504734428	0.312867876694045	0.720562223222902
STOML2	-0.652387351261115	0.588187419201107	0.838981049444616
CROT	-0.0371905413962459	0.946457958157141	0.987097119741528
CES1P1	0.951542340760792	0.195802234384214	0.688059713805737
RAB23	0.478560575186069	0.354493916979275	0.738831898205052
ICAM5	-0.0371636040958983	0.932612531051271	0.983354452743027
PPT2	0.262587253142783	0.52902625457654	0.805741892113958
NFU1	0.602639495509276	0.152856915082526	0.663295961852487
HIGD1A	-0.22662704895065	0.539303657885694	0.812320876269325
HPSE	0.229701711160079	0.704989630276165	0.888400202747427
PRELID1	0.132316031864463	0.851300493770131	0.951931750040608
SLC5A6	-0.086982063362079	0.847998759196829	0.951283945178268
MAN2B2	-1.18477344150739	0.0931776682576608	0.614082175445539
POFUT2	0.251466899018308	0.692347352094207	0.88141474177905
YARS2	1.59619848717625	0.0104986683317257	0.449406021267396
DHRS7	0.445358207170788	0.586546008243157	0.838978031050027
PRELID3B	0.222685684236271	0.670630409240576	0.871282699265442
MRPL11	1.12966004174572	0.0711188106328559	0.609336539686903
LOXL2	0.19066322858156	0.792691876599475	0.924251074649723
TIMM10B	-0.172022972124449	0.792859504906814	0.924251074649723
TIMM8B	0.0262989619089566	0.970662812875549	0.991687369084989
TIMM13	0.0891011330492546	0.88502575877989	0.967989091024621
FADS3	-0.129606756611661	0.78804265630833	0.923071559736269
IER3IP1	0.804751242663201	0.153302085104873	0.664481091666688
SNX14	1.18310773566176	0.176771146741995	0.685320332825264
SNX13	0.886703565393177	0.291942596826118	0.714700318166115
AUP1	0.539170848201824	0.352317412503209	0.73637910738439
FKBP7	0.208945679816051	0.693113715398449	0.881877219978847
MTCH2	0.58086623692607	0.313764216673387	0.720562223222902
TEX264	0.789852508405698	0.444495027775823	0.768499778531428
SLC4A7	2.279401650053	0.00445799256734884	0.313032132638204
COX11	0.392176689100651	0.539852752519888	0.812514158313254
LAMC3	0.863032453965179	0.136818955076416	0.651578095916984
MMP24OS	0.995424039527652	0.0348925630514873	0.562675200636541
RAB27B	1.05215708604035	0.0780540410366899	0.614082175445539
LGALS8	0.202446500396114	0.627616035849243	0.856072458417799
PDHX	0.254674610452774	0.555996296423302	0.823809702681575
ADAM10	-0.7149357865624	0.102137435115236	0.622097562852089
CLGN	-0.120630707041538	0.769445802213585	0.917659429049747
LRP5	0.194814432300944	0.76717098694189	0.917659429049747
APBA3	1.07654481760124	0.0314363704247606	0.562675200636541
CFB	-1.25101886790194	0.100556944439061	0.622097562852089
ICAM1	-0.193941988127516	0.766644145741931	0.917659429049747
YES1	0.527749485321742	0.229107456421858	0.695406487537471
STS	1.36646547460685	0.142738871458944	0.657498418703296
C4A	0.0156422580833038	0.969094004758434	0.991687369084989
RAP2A	0.259042160053745	0.652661601814483	0.865410835687151
COX6B1	0.585388564932671	0.314217167608294	0.720562223222902
ACADS	1.38393959945518	0.0664033276197071	0.605553264048341
CD36	-1.45135958201554	0.00740123058233874	0.414254384188293
PTPRA	1.06091174117733	0.381692247460628	0.747689875828869
NT5E	0.629922701160101	0.117913766733364	0.641320845841423
SDHB	-0.570402314429142	0.437565179088472	0.763953092597383
FECH	2.24819755564693	0.00326237823962434	0.278668239836042
GCSH	0.388398245977658	0.413729676948342	0.75643635133228
CTNNA2	-1.68530390500905	0.00862157608798581	0.429012871148726
PTPRM	0.983674596307903	0.13499633834671	0.651578095916984
IDUA	-2.46242101969046	0.0655792511003602	0.605553264048341
KRT2	-2.12873548606191	0.00846323725482018	0.429012871148726
COL15A1	-0.010128651210799	0.97658687261146	0.99472845094464
ACADSB	0.551045232718302	0.193979658912867	0.686855185819235
GLIPR1	0.357143468528733	0.367597170191303	0.746403928117146
CD151	0.465135807061209	0.371069191454003	0.747419024903632
HARS2	0.350232262647864	0.393211584583679	0.751401850401865
IDH3G	0.372986059879221	0.301985748613742	0.71961296191732
ALDH5A1	1.13762994843949	0.0418012201130782	0.565682552495852
CLDN12	0.0510615703641761	0.938174733706325	0.984982251896129
CTBS	0.264203271585512	0.602047419377903	0.845493503140894
ROR2	-0.268108834466531	0.538352824956762	0.811582551559153
BCL2L1	-0.0504093844529905	0.904227320611935	0.976787831597521
SEMA3B	1.531560008452	0.141085413487278	0.655682150286243
EFR3A	-0.542680087806563	0.345034465919348	0.734172510953455
ENDOG	0.292724399960029	0.590307486954568	0.838981049444616
NFE2L1	0.902149275870293	0.10202832635679	0.622097562852089
FXN	0.728673397913155	0.361176451019247	0.742810567366979
SLC27A3	0.290344563392502	0.558533632934647	0.824880807276738
RARS2	1.73528704750717	0.00576881460159957	0.365232163793074
CD276	-0.935400242602821	0.183031734960357	0.685634179466108
REEP3	-0.039193990744316	0.954190128036257	0.988567914558181
GOLM2	-0.645444000208077	0.30323809437328	0.71961296191732
SLITRK4	0.907784800223553	0.158169379553746	0.672002358456067
KIAA2013	1.08329362739001	0.116214499426398	0.640456800921767
TMEM123	-0.6309043144933	0.252919894384751	0.700020256163013
GLMP	0.490454322470367	0.238543464631416	0.696801347176919
MAIP1	-0.158982947296522	0.685509950051808	0.878963953220479
MRPS27	-0.671301631992527	0.29248702459246	0.715261926144327
RAB8B	0.557645275310964	0.203858191464643	0.691573636443444
GFM2	1.15930250359276	0.0221340129026905	0.534259736438691
YIPF6	-0.204057547900874	0.612415065394535	0.848655194632534
AGMAT	1.94404791409215	0.00105554723422635	0.135884113952739
TACO1	1.03197918259167	0.0514050831254559	0.589016031307499
NDUFAF3	-0.922844811739587	0.160942769809572	0.674108591389704
CNTNAP3	-0.733228297989168	0.486237862700583	0.784416906906183
TMEM126A	0.247968803547188	0.664341408159422	0.869134999428079
CHST12	-1.23008030613988	0.0363991692246894	0.562675200636541
OTULINL	-0.263226942280667	0.504747352920672	0.795646643665158
RAB20	-1.1078879097989	0.0620164061759033	0.596130635432815
SUCLA2	1.37158131853372	0.0119027665966057	0.456975827661209
LAMTOR3	0.522120399661105	0.247523274098599	0.696801347176919
NOCT	-0.0660976291892474	0.922652678656054	0.978655491614854
PLXND1	0.822067174693803	0.0968970149322065	0.619831001909807
SLC12A7	-0.766754439576495	0.257453366933625	0.700719996312715
NFS1	-0.199133871537594	0.608003377194792	0.848655194632534
NBAS	1.08772915513724	0.0372393296364307	0.562675200636541
ECEL1	0.611120890591582	0.339574528521036	0.732563525901754
SDC4	1.23860311225713	0.190567722663079	0.685634179466108
COL4A4	-1.4775326557071	0.00471439282316906	0.325124733626409
EPHA5	1.02914870627313	0.100220133583998	0.622097562852089
TCIRG1	1.18425230029979	0.00969826726850601	0.44064362577612
GOLGA7	-0.410692601717646	0.372408159918204	0.747419024903632
SCFD2	0.0488097432607333	0.961121001535955	0.989011270096913
CANT1	-0.270332858129212	0.44659089788606	0.768499778531428
CLEC2B	-0.159095676151967	0.710232601474481	0.891223685931236
SLC7A6	0.825839148630596	0.169296688414192	0.679771472095822
BSCL2	1.04404002028718	0.0222909258125439	0.534705313590339
CFD	0.994386585082829	0.0927132308021619	0.614082175445539
STX17	-0.133553436309079	0.743934802910892	0.907764994894744
RASSF1	0.317140317860893	0.521252791729073	0.801241619928809
TPST1	-0.889516650772741	0.0593966201023525	0.595710464482412
TMEM179B	-1.12512750235019	0.0483975385057279	0.578554581739985
CCNY	-0.142503591507477	0.772144815287487	0.917659429049747
SCAMP4	-0.847919456241762	0.0321957180437008	0.562675200636541
S100PBP	-1.51852284545393	0.00768836074098823	0.41820350960136
MCL1	-1.49704653592213	0.00297562139134095	0.261178404849063
H3-7	-4.6487523277203	3.79803368414678e-07	0.00146680060881749
GNAT3	-2.66498449676935	7.38111735017726e-05	0.0285058752063846
BMP5	-1.10384823675233	0.0106781650855568	0.449406021267396
WDFY2	-1.29137847823046	0.0228166094929621	0.541347132088366
GNPTG	-0.289963750609324	0.414927082666263	0.75643635133228
BORCS7	-0.0676251598929625	0.94492329622042	0.986679026607525
PNPLA3	-1.01148460994702	0.0140066154802078	0.470133170461824
