gene	logFC	P_Value	BH
RBM47	0.173269062148751	0.577118709661887	0.83852251477254
UBA6	-0.655494428203653	0.01739130555439	0.245051282360235
BLTP3B	0.226408459312758	0.317958914919379	0.662170218167823
SHTN1	-0.00106082682179931	0.994698906601855	0.998927985138191
SH3PXD2B	-0.777224742665485	0.537366782449069	0.816375700564489
TYW5	0.296954195926386	0.431413617497704	0.751233834405561
SBNO1	-0.120470778179666	0.634312007410948	0.859274751675268
WDR91	-0.621496455654203	0.0511054596779776	0.341554131552474
VPS37C	-0.0729395439155276	0.803589625600291	0.932143155468031
CNOT1	1.21214847540738	0.0646092481777615	0.367669167271917
MAP1LC3B	0.704614146698045	0.0313059445027221	0.294461400981247
FAM83G	0.313667099668141	0.35836666537456	0.692353302965165
PGP	-1.3094441771325	0.00259306719179461	0.103611157900094
RIMOC1	0.526009989718354	0.0754028240027223	0.389703607780412
RCCD1	-0.613320601944356	0.0311545130247671	0.294461400981247
EEF2KMT	-0.274045982531476	0.491155377764394	0.789417553534814
CASTOR2	-0.458886001552433	0.261411426401344	0.613233442446262
UNC119B	0.356474018693753	0.0750148823595965	0.388957454855169
CCDC85C	0.861905666687509	0.423767999882681	0.743521270913832
SAC3D1	0.0110034181262151	0.968633448292294	0.987430045991209
RTL8C	-0.0118412075758876	0.964329611014474	0.98717598747377
ZSWIM8	-0.222842184412904	0.312659493113112	0.659388579119366
DDX11L8	1.68547567562853	0.0405780464433338	0.312558008228831
SNRPG	-1.46746714386269	0.0905986976763346	0.410476431802504
EIF3C	0.508869104357114	0.0421359712223699	0.317600951444882
UMAD1	-0.390952562424722	0.141788089430404	0.48560787126579
NACA	-0.0396282110794388	0.840154780454314	0.941081088950612
RSMC	-0.125009768321135	0.494863729370313	0.790725978890123
ASDURF	1.16111811810222	0.129688956638541	0.468342237967753
KIF2A	0.203986735858706	0.394864641229106	0.719978904223433
DDX39A	0.881236093774216	0.0971096858424265	0.418615432376514
PDLIM1	1.08557051544633	0.028225462051284	0.293381725138372
ACOT7	-0.195919348003905	0.487152582843203	0.787069129497975
MYO1C	0.48739533736272	0.0721425789047165	0.380950675846088
SNAP23	-0.351163962129547	0.176253999184257	0.527124599428205
AIP	0.406431645303016	0.120679698166594	0.459519739076342
GTPBP1	-0.0390099043771919	0.879403672642637	0.956384012214971
STXBP3	-0.490372067369442	0.19017568812151	0.541527093532207
SMAP	-0.040040515800797	0.83442985015265	0.938804220672951
AP3B1	-0.0856259857250521	0.79784747619101	0.931406459033123
NFKBIE	0.782050183524973	0.313678931253875	0.660788496904421
PSMD11	0.364419421935519	0.151132261377713	0.496558340653917
PSMD12	0.0197173981839853	0.910799121060343	0.963603251787753
PSMD9	-0.961507940769696	0.173419393138052	0.523923955204065
SUPT5H	-0.132512492226741	0.641837836603378	0.862281055971856
DFFA	0.263068106922148	0.263098481762601	0.613318067309252
CLIC1	-0.0701364199313552	0.763082080898936	0.918739644077283
EIF3F	-0.292136292644418	0.179652170926779	0.530252158192146
PIK3CD	0.15654860484144	0.450737169626283	0.761545608331443
WASL	-0.429439688272367	0.0831608557455552	0.402739789976593
PDE2A	-0.275506324180498	0.73536509325744	0.907846075264002
IPO5	0.382300113954752	0.036173866888121	0.308348189861288
EEF2K	0.304298290288479	0.53623734510468	0.815705184437897
IGF2BP3	0.605491715111079	0.0129939326801225	0.223543767774701
DNM1L	-0.0346232751439572	0.825465793933192	0.937008271963804
RTCA	-0.347012789064998	0.180871488239759	0.530741581729846
PIK3C2A	0.390017318993017	0.25559340957678	0.610009704551905
IFRD1	0.299434742346357	0.428360059934573	0.748019728720336
PIK3R2	-0.14809356341852	0.61992889228496	0.851834551993267
EXOC5	1.16563946314847	0.136766978008654	0.478577365545046
PSMD14	-0.525563266069945	0.0260604049360414	0.284017961186721
ZNF593	0.679203176996825	0.0302836789268671	0.293381725138372
BIN1	0.145072781516369	0.49838677571628	0.794170351012734
KPNA3	-1.25025629999367	0.383228859701541	0.709555776109081
VWA5A	0.267396579408228	0.137106272044687	0.4792915399041
SDCBP	0.375138598680586	0.0839995111186585	0.402798439694622
PITPNM1	-0.474332041845493	0.243668356732215	0.604011641197652
DDX3X	0.353659117727762	0.0644669786553763	0.367669167271917
PIR	-0.00300495120366406	0.990787448383496	0.998580460589388
PEX7	0.278638456130011	0.501100096413593	0.795449532437991
KPNA4	0.578116492044295	0.247017232618182	0.606285360904336
PPP6C	-0.0325449255104431	0.878386410547517	0.95608784463813
UBE2C	0.332331977385422	0.352099818664537	0.688191070213492
PDXK	-0.286815635705086	0.445481427924338	0.757277669792699
TXNDC9	-0.0921078571732892	0.671492875296886	0.879544421784712
TRAFD1	-0.415806863882921	0.115436772063627	0.452334738038928
UBFD1	0.103870676870816	0.596622855329178	0.845039119449074
COPE	-0.0931748114282058	0.865137901645936	0.951827447324279
RFXANK	-0.763766913964854	0.0210382986961262	0.263226659780488
EIF1AX	0.0408093671916632	0.895373014583123	0.959995334843398
AP3D1	0.186001560945133	0.401727155257112	0.725020936831194
CCS	-0.122484395815178	0.496865323827654	0.792765797914797
ABLIM1	-0.178829011000467	0.534009896348101	0.815275585386009
DVL1	-0.618871022294638	0.191818986078997	0.544608431181323
DVL2	0.816727375344492	0.0579574122383888	0.353233115450472
CHD1	-0.769722516826498	0.121696147737485	0.460981534141176
GOSR2	-1.35992038683736	0.16007822679828	0.509573942764618
TRDMT1	-0.0672360381039887	0.727871394746919	0.906424297211646
APAF1	-0.251628139057484	0.43111830510303	0.751125797736374
RIOK3	-0.448194744625148	0.093515686860821	0.415023837245628
IMPA2	-0.305706854333508	0.161919110286474	0.510773695946125
MAP2K7	0.282768419794241	0.252353405465	0.609857977117476
PDCD5	-0.179624497945021	0.575275447860916	0.838323748558612
PRMT5	-0.228452994096962	0.228442274257872	0.584416778477985
NHERF1	-0.215225634040507	0.441049467470813	0.754846279509156
CHEK1	0.163527234697462	0.434124907600934	0.752261849077477
TCERG1	0.226270672304143	0.690339303991546	0.888262068432335
NDC80	0.258865453206564	0.235697916553536	0.593174529711704
TNPO2	-0.104462723209174	0.805498193252036	0.932143155468031
UNC13B	-1.02644878659095	0.111342607816123	0.445130000918193
POLR3A	0.716107426693	0.154147325652319	0.500573825931251
CPLX1	-0.621273104051816	0.0486544345930221	0.333040416463227
TSPAN4	-0.582314585838308	0.00905084911581412	0.197688712403879
PSMA7	-0.056620774403811	0.77261451423322	0.922478087907616
SCAMP3	0.067449435436739	0.710653250337169	0.898532656772004
OPLAH	-0.66107516588778	0.208927570455031	0.567110921702626
IFIT3	0.327804366036876	0.282261480409076	0.633568853734942
GEMIN2	0.979035778730925	0.0323548951430382	0.295680538358866
TAX1BP3	0.0969325139055073	0.723480797531653	0.905273666204356
GIPC1	-0.162343583422988	0.645305801202161	0.863506070315891
PCDH17	-0.291842162520748	0.216309854101672	0.574771994032907
IKBKB	-0.604855646228046	0.178568992346825	0.527893695752429
HAT1	-0.548447488295871	0.00758263602641514	0.184163891987965
MYL12A	0.958808174671052	0.400179234983681	0.724278154158772
HGS	-0.362078463017717	0.302907625892399	0.653372639962484
AURKA	0.000202488484262631	0.999261427497175	0.999530407693001
PPP1R12A	-0.0411123952165013	0.842525264951698	0.941916469990268
GAK	0.125856911045684	0.674608748306891	0.879903864060514
HNRNPDL	-0.446309891525882	0.65964735100729	0.872054447717943
XPO1	-0.912455064380765	0.0186898307249026	0.249825219329993
BTAF1	-0.378144973917049	0.435185662674811	0.752393761014703
ARHGEF10	-0.726912241020251	0.00986977293450236	0.20572138868299
SPTBN2	0.778561945634269	0.0594424420972311	0.35589792320013
SEC16A	0.162831539328117	0.362768398214433	0.695107360096682
PLXNB2	-0.185268827468747	0.773009456472459	0.922478087907616
SYNJ2	-0.0772010360378061	0.777610820191621	0.923785744191836
KIF3B	-0.683959713911442	0.117883798862951	0.456151259905081
PFAS	-0.150419618683237	0.599180766163892	0.845039119449074
MCF2L	0.199672974302686	0.373403226479641	0.701170672903169
ANKRD28	0.00361589525150663	0.987976576163877	0.998126766214507
ARHGEF11	-0.0135210400278858	0.964088579370336	0.98717598747377
CHUK	-0.033541697720743	0.880202723836169	0.956384012214971
LSM1	-0.470532673875461	0.127253469876496	0.46699677417892
ARPC1B	0.0798361487439436	0.659288484787855	0.872054447717943
ARPC2	0.168040210514526	0.308202546574032	0.657423745950413
ARPC3	-0.0460726136762801	0.896185095955799	0.959995334843398
POLR1C	0.272680842676628	0.277216502008382	0.630052918326084
TRIM24	1.63528366778677	0.00241999928491182	0.0999190815859146
RGL2	0.366277861718658	0.30792012277616	0.657423745950413
PFDN6	0.638620548012224	0.0259424611839232	0.284017961186721
OGT	-0.0890805702937456	0.680492659059991	0.882153084278901
PMM2	-0.303110683799098	0.174253285162983	0.525102877314921
POLR3G	-0.318641143703069	0.161696413260807	0.510773695946125
MID1	-0.221472567779891	0.358501581011501	0.692353302965165
HMGB3	-0.365945058612105	0.102571750368891	0.430199350305642
PPM1G	0.141705111347228	0.618221417074601	0.85022604953709
INPPL1	-0.0959405209440689	0.670962446464381	0.87946964764079
FANCA	0.455847868257965	0.254900351353284	0.609857977117476
EIF3D	0.542863503712852	0.0542814436100365	0.347508633521068
EIF3H	0.2057831678691	0.212584012426276	0.57107176817932
IPO8	0.10118991597712	0.675857879346296	0.880605848404921
SLC16A3	0.108999078901746	0.617885339566316	0.85022604953709
MAGEB2	0.732379130995433	0.000720465139380161	0.0469714665182583
YKT6	-0.0299419517470803	0.882564290727895	0.95733870251955
ARPC5	-0.677015893623647	0.0449096640741046	0.327221991939852
PDPK1	0.457488075495938	0.178093840758838	0.527723969636035
RNF113A	1.9158990780287	0.0231488690078915	0.272218978586471
DHX15	0.0838415086218447	0.697592095389461	0.892029736669867
RNMT	-0.35498738929294	0.140359040067743	0.484734380010904
ZZEF1	0.459421447000715	0.39400038136376	0.719108751054879
TTI1	0.352652217335915	0.446971684843788	0.758132442118539
PJA2	-0.762227142287024	0.0357040680898905	0.307880579016713
PRPF4	-0.203004129716824	0.531693926745926	0.813745729731409
PHGDH	0.016961012355047	0.927133521466365	0.970882514815817
DYNC1LI2	-0.0966328259972649	0.70359713723555	0.893563555012749
PSMD3	0.0896969789880693	0.605819632249095	0.845244446102142
PAPSS1	-0.187310693789531	0.561437348315269	0.832262576275
ZW10	0.76559308197357	0.00525411318349955	0.149040340380797
AP5Z1	0.455321210964001	0.254912331491182	0.609857977117476
PPIP5K2	0.2392820129783	0.289008211707036	0.642317293482863
MAP3K7	0.269804296177689	0.188360705929731	0.540853257645424
EEF1E1	-0.032357627047368	0.856003339486912	0.948392489425571
RIPK2	0.0211854195133121	0.937404679369753	0.975871090878186
WDR62	0.52637566665846	0.508618940767427	0.80052011177118
HNRNPR	-0.261459634389016	0.414896584736189	0.736624801184748
TXNL1	0.0489887073891175	0.841679278486726	0.941505177259685
TPD52L2	-0.699262479762591	0.00148474141474864	0.0773089217091562
FIBP	-0.0607988841631659	0.738415585295217	0.908324322629472
EIF4G3	0.606308857470371	0.221866451122394	0.577927047398166
PPIH	-0.301408204982497	0.218867766234894	0.575682571912356
AKR7A2	-0.163057594935271	0.414056163086389	0.736187895707665
EPB41L2	-0.0474018309159909	0.826137565352048	0.937008271963804
LAMTOR5	-0.943497148998823	0.268265341136162	0.618882470808275
WIPF1	0.607367010934929	0.0161192698402623	0.239596826905658
AKAP10	1.22173812958146	0.326579637407066	0.666432000018152
DENR	-0.243573455051806	0.503767706754425	0.798294583496564
XPOT	-0.31192055216956	0.231300399404489	0.588304095952828
DNPH1	-0.348115036173091	0.309658179297607	0.657537025297089
TRAPPC3	0.480067661600327	0.0366618393110779	0.308348189861288
CHMP2A	0.898709699148611	0.286335952835082	0.639053694135234
RGS10	-1.80267902850705	0.170403982961583	0.519706523610732
ZNF207	0.405129800210545	0.336772038655911	0.675361519506403
GET3	0.140337401644562	0.596270016285022	0.845039119449074
BUB1	0.0787400203836768	0.730202906434731	0.906523517016731
BUB3	0.221428642858175	0.269832636420827	0.620097759393813
ACTN4	0.330878070015743	0.1874424394405	0.540193984909346
GSTZ1	0.541892983652193	0.326759715832366	0.666432000018152
BUD23	-0.0847631599172765	0.66690854533134	0.877871822334842
HTATSF1	0.77852110851935	0.471832843774988	0.777875265070033
TRAF3IP2	-0.584223481255528	0.0814402693424987	0.401500664301746
AP1G1	-0.383816762635576	0.543153772126505	0.819544302209799
SGTA	0.0468571351312725	0.789306095383691	0.930126649897797
ENSA	-0.371704468706056	0.260095469815676	0.613233442446262
NARS1	-0.229672397970884	0.271666034755483	0.622386550648196
MYO1B	0.774446643089735	0.0284740773093661	0.293381725138372
SSNA1	-0.0993970901535839	0.680606268199034	0.882153084278901
NUDT21	-0.16518981981967	0.678347221808606	0.881704435672958
LANCL1	0.0110992506720997	0.958075165981793	0.986134848738751
STRN	0.0967438799928182	0.605955966410543	0.845244446102142
RRP9	0.738091838288831	0.381615096245187	0.707616640032554
AKAP8	0.223453601148165	0.608381399828847	0.846123896549862
NRDC	-0.134813383410496	0.565283703348832	0.8338800303628
CALU	1.45470866124438	0.0393134461667981	0.312109020465815
AHCYL1	0.19513257662036	0.488371604307035	0.787553464819832
PDE6D	-0.157023341935776	0.632511072806923	0.859242148320523
PEX1	0.308402090693765	0.198022132386101	0.552081409889759
DHX16	0.26893678675566	0.367458207915171	0.698095450211031
ZNRD2	0.266521419750983	0.193839443733708	0.547762260771452
PRPSAP2	0.392124000597789	0.12487699116985	0.463116665855452
SMARCA5	0.426576565309052	0.165964886428368	0.516088299554657
SPAG9	-0.348338773193056	0.291327078529344	0.64352631855923
LCMT2	0.187503378528014	0.484893576665829	0.785709473098362
AQR	-0.270666955370636	0.302270980228127	0.653372639962484
MAST3	0.170640100934992	0.789385197106191	0.930126649897797
KIF1B	-0.675730320325741	0.0357829286791811	0.307880579016713
KDM1A	0.0495493299613159	0.882240876127155	0.95733870251955
TBC1D4	-0.379984875018149	0.10156603340779	0.427913129414227
GSDME	0.998119296646696	0.0522348120503097	0.344213362076465
ACSL4	-0.206734648217349	0.458317931797463	0.767512138152038
SNX3	-0.492395217706214	0.217197837600408	0.574771994032907
OGA	0.0974079538183155	0.628899876399218	0.857706465586216
SORBS3	-1.31890472281192	0.0640558126084082	0.366247325155811
SYNCRIP	0.137123037866075	0.479195700432196	0.78203391427582
RANBP6	-0.706985561241439	0.380459295807378	0.707616640032554
NEMF	0.200121910675392	0.396206255025157	0.720916187556152
GMDS	-0.0228034837370643	0.94589767468531	0.979558713312012
BUB1B	0.125657589305835	0.574486087640905	0.838078967353152
PLOD3	0.839990384225278	0.0372524995934998	0.311079299976282
EIF4E2	0.401952212827311	0.731099224398553	0.906523517016731
DIAPH1	0.272015956562932	0.222465792420896	0.578099919325909
EXOC3	0.155568820329883	0.584170650591094	0.842078920096075
PLIN3	-0.427709277584878	0.0363796266475332	0.308348189861288
RAD1	-0.115631458767961	0.652188150700161	0.867016647326485
PRMT3	-0.457614381634052	0.0322316842805487	0.295680538358866
KPNA6	0.0231341661169253	0.910904501415942	0.963603251787753
UGDH	-0.645510925290473	0.0234264340860403	0.273096109371889
CTNND1	0.530331951465609	0.0455984767985333	0.327236208588746
EIF1	0.297951435279245	0.127076100255501	0.46699677417892
SNX2	-0.230142508004484	0.244295096389407	0.604429794405507
USO1	-0.00849757655792871	0.980974026347819	0.994896146809087
TOM1	0.269111219203012	0.285152091699206	0.638328417321838
H2BC11	-0.580459626999971	0.680472640103038	0.882153084278901
PFKFB2	0.308778216442242	0.134127230654798	0.476042778522666
CCDC22	1.4109546820699	0.114810174813408	0.452334738038928
DKC1	0.464425641103848	0.0672255137878687	0.372295095731327
EIF5B	0.24888150236136	0.314150225858783	0.661196718509019
EDF1	0.833467653530381	0.00653686837291369	0.168687519956578
DNAJA2	0.229915063914977	0.214969119559347	0.573623333396389
CUTA	-0.0358813514816774	0.879075060275022	0.956384012214971
HUS1	-0.0690339284046964	0.738853160899559	0.908324322629472
PFDN1	1.28435288293004	0.0590684134012283	0.35589792320013
PPP1R11	-0.0497964825875776	0.868602853757978	0.952934779865635
NOL3	-0.729690848414524	0.0814670346834006	0.401500664301746
MITF	0.480433670193982	0.184787909389398	0.537722686993737
SRGAP2	0.111093387511907	0.681613015678461	0.882534483017827
WDR1	-0.261972687403237	0.217250727944053	0.574771994032907
ROCK2	0.394909315231125	0.668248478906311	0.878080391660486
CLASP2	-0.494252601954443	0.413680457217968	0.735871986128276
COBL	0.580733787207873	0.218871426702619	0.575682571912356
CPNE3	-0.227309413305655	0.218340366161992	0.575682571912356
ATG13	0.849459968600623	0.0765071707154987	0.391739047454995
CLUH	-0.173104078801813	0.462299467120932	0.770706514051765
PPP6R2	0.559121200482693	0.0306585570858909	0.29362679930714
CNOT3	0.116969427056866	0.749114908210416	0.912392985548969
ANKRD17	-0.178850427660507	0.619331212186791	0.851437212166525
DNAJB6	0.149769715377282	0.524925551085467	0.81103853475136
XYLB	-0.89980198581582	0.0125410655995245	0.22049779030352
GGCT	-0.359024597343723	0.0682988840044408	0.373585272873631
ZPR1	0.555874143086019	0.0229725403061253	0.271003046912894
HMMR	0.426741996896041	0.0844096169744529	0.403169841487233
PDCD6	0.145397347785572	0.353637447083604	0.68910160113407
TBCA	-0.665450228945062	0.0244399438442716	0.279442557924041
ATP6V1G1	0.0142722972646148	0.935067060547576	0.974896421835677
VPS4B	0.185544952066891	0.416051200823767	0.736914329009112
SH3BGRL	-0.119949550501786	0.471498117003402	0.777668443313201
FLNB	0.270808406193368	0.293500176793583	0.64503867863997
NCOR1	0.427294056838097	0.186867722253757	0.540193984909346
TRIM3	0.565970203087861	0.364683648454259	0.696101300016998
CS	-1.51351702823591	0.143187724031238	0.487724299203841
SPAG7	-0.119919463541891	0.527941208677079	0.81103853475136
SEC22B	0.722994007994227	0.0480953336988543	0.331517000027093
CDC45	0.962408276843895	0.152695569616287	0.498608731717154
VPS26A	-0.0375891307996454	0.831937031375551	0.938804220672951
PSIP1	-0.385567098678813	0.0798909096445131	0.398105889162872
GMNN	-0.167690746130425	0.559778076741242	0.831389022050541
HSBP1	0.137551070131828	0.578255881677719	0.839382987723769
BANF1	-0.178365087566682	0.805298564286893	0.932143155468031
SF3B1	-0.53626790302939	0.117450501237749	0.455105383315405
CSDE1	-0.253380287917516	0.236145821024102	0.593174529711704
PRKRA	0.805885724116543	0.0340717036978362	0.302687907224122
CRCP	0.34536592177264	0.176358348206651	0.527124599428205
RPS6KA5	-0.299080927122475	0.652882283947039	0.867016647326485
MYCBP2	-0.261422060266828	0.681356270225686	0.882534483017827
NPM3	-0.132849882750897	0.61123791050482	0.847855192508429
LYPLA1	-0.114388998784822	0.51822056985218	0.806072682114148
SNRNP200	0.0378846054385633	0.815150819219299	0.934619081832433
TIPRL	-0.183236268240581	0.37285117272331	0.701170672903169
OFD1	-0.468312233305429	0.352028689865891	0.688191070213492
TOM1L1	-0.638938455307635	0.27776198293722	0.630084045905335
RPS6KA4	-0.190230570229424	0.462947748598913	0.771095398383488
PPM1B	0.105556808710226	0.602033533050045	0.845039119449074
NUP155	0.0991625356050498	0.703114921287283	0.893256426496938
WDHD1	0.816419736372051	0.118982414661218	0.457227148791197
RNASEH2A	-0.191723592597597	0.471399507112242	0.777668443313201
CDC123	-0.0237696632473146	0.91678548960952	0.96728417927001
BCAR3	0.0674703837155413	0.841038066154145	0.941298973774768
POP7	0.723151676126975	0.0237270316594657	0.273818787722281
RPP40	0.551864769841352	0.0636279007967694	0.365919645525907
EIF3G	0.238861975334007	0.190337050291676	0.541571576480756
EIF3J	0.493965736450036	0.0579271366505777	0.353233115450472
CBR3	-0.491032991525877	0.122504457066405	0.461101688648206
PSMD10	-0.452091372932252	0.0533333543085904	0.345795956288518
AP1G2	0.0917632188667987	0.795421447383493	0.930895041204312
IDH1	0.322832183018825	0.130920764779902	0.471416242172592
TUSC2	0.570569986161061	0.128823760188759	0.467804853257233
DCTN3	0.430486899811708	0.0707822380557042	0.377912064102007
DNAJC8	-0.263551854853837	0.439441218844263	0.754846279509156
TRIO	0.0923042704172126	0.643681759262375	0.862914779461791
MPDZ	-0.973548805223224	0.0682855423295756	0.373585272873631
GLRX3	-0.073934880786414	0.715456679527482	0.900635014670186
SNCG	-0.391045314141628	0.0871190948414791	0.407369169133068
CIAO1	1.06391173363343	0.000382301530283111	0.0338245830126676
DFFB	0.857716818147008	0.0104347981920064	0.208299648972072
SRP72	0.0869924996303233	0.657408686541211	0.870619478124597
DDAH1	0.0697097854870847	0.695518736077696	0.891623767206097
RECQL4	0.115236033835661	0.819438619575411	0.935878780384821
URI1	0.685262102093713	0.109866558965627	0.444571393386725
STK17B	-0.59940678353659	0.149565740335685	0.49447178922367
MTA2	-1.28442179815291	0.038637697278514	0.312109020465815
STK10	0.826376912557649	0.0383459627916703	0.312109020465815
GFPT2	-0.078376210507507	0.743621726751471	0.910660278655962
LTN1	-0.0126490898958131	0.981981115120146	0.995102760781692
TOMM70	0.658656422716891	0.419337851533188	0.739563102181929
IPO13	0.18679179951604	0.479038679427754	0.78203391427582
DDHD2	0.0725278133310923	0.800953508783244	0.931406459033123
SEC24D	-0.203560611309108	0.379601216658109	0.707499357234292
FCHSD2	-0.0603395852764237	0.837714926480639	0.939582519828357
UBXN7	0.0104222175924633	0.956102527483216	0.984995007520829
KLHL18	-0.14259670017152	0.58218056881394	0.84135336182034
PLPBP	-0.434819095883718	0.129950421678648	0.468830841706655
FRYL	-0.00666709759219941	0.989531487280475	0.998126766214507
HAUS5	0.463270944030135	0.127623524908026	0.46699677417892
FBXO21	0.23445485946684	0.481744656285097	0.78413696130076
USP19	0.703969494798553	0.26232340457749	0.613318067309252
WDR47	0.10951928902454	0.688806918817462	0.887211961984641
AP2A2	0.140121609081245	0.600797799114847	0.845039119449074
SEC31A	-0.26135456308883	0.420135704217598	0.739821379987961
FAM13A	0.535192934697527	0.222210616565376	0.577927047398166
HEXIM1	0.108928878655718	0.696923298239785	0.892029736669867
CCNB2	0.310321433920159	0.462842606893969	0.771095398383488
UBR5	-0.198258543749052	0.510277863603951	0.80143387200012
AGFG2	-0.466737200720722	0.0806894045709564	0.399789103180899
UBE4B	0.292780920627003	0.13742006102093	0.479904876817491
ELP1	-0.00659495127045773	0.973034508814393	0.990042968172394
GABARAP	-0.830891927450168	0.175981173328848	0.527124599428205
ZRANB2	-0.33464067535952	0.0874168043998957	0.407369169133068
SNX4	0.0069445910707131	0.967925925828973	0.987430045991209
ZWINT	-0.127213759665686	0.601871347313011	0.845039119449074
LUC7L3	0.877251302990427	0.0404799854246767	0.312558008228831
KIF4A	0.899384931167081	0.110897045574633	0.444571393386725
SBF1	1.68678834614305	0.00787030887772978	0.186989672066776
ATE1	0.159944650673346	0.604898473174917	0.845244446102142
CCNDBP1	-0.0478570527250177	0.808604163208871	0.932143155468031
SNAPIN	0.286150473637832	0.146354177336755	0.489956867552596
PGLS	-0.293982568827072	0.15240480941549	0.498096984861883
PAPSS2	-0.162585637580989	0.544476717144509	0.819906797309786
SMC2	0.167279346918527	0.53527042980769	0.815705184437897
ATG7	-0.168067072340392	0.434753744242153	0.752393761014703
TACC2	0.547214281642983	0.0884803308938199	0.407931649629572
TRIM16	0.318577028916312	0.273403092468128	0.624359224799209
LYPLA2	0.0886232269429676	0.797085836956306	0.930895041204312
IPO7	0.384894821717797	0.100988480554418	0.427418216105032
ARIH2	-0.290294397786113	0.164408243609417	0.514693372580112
TNFAIP8	0.294771684612474	0.293530787292839	0.64503867863997
PGM3	-0.228565279516957	0.342986688081808	0.680977644998667
MOCS3	-0.476993085864834	0.0283419223116488	0.293381725138372
BAG4	-0.146165956856663	0.562407574948544	0.833296071973202
AHSA1	0.435369178401405	0.103397787395255	0.431230278294914
PARN	0.079115659081598	0.905946130687733	0.96295647071957
PSMG1	-0.0264525553776593	0.890364242937856	0.95889364572275
FMNL1	0.437849885099389	0.0366765069748895	0.308348189861288
SEC24A	-0.167009215660457	0.454968579064506	0.764659990865538
TDP2	-0.345092097004006	0.292250297344901	0.644129362356851
POLR1A	0.819817002922711	0.501268303186103	0.795449532437991
PCNT	0.0032813666611986	0.994697403920132	0.998927985138191
CNOT4	-0.821808495474059	0.36300226914253	0.695107360096682
STAMBP	-0.155421978520721	0.597455033705357	0.845039119449074
ASMTL	-0.139511142085581	0.601195705357884	0.845039119449074
EYA4	-0.0242563548134598	0.90531822556411	0.96295647071957
CEP43	0.261357421282291	0.747214830204929	0.910974510840392
HERC2	-0.734764418606808	0.104079522503408	0.432133525835381
SNAP29	0.238040718047909	0.440518129231876	0.754846279509156
OXSR1	0.412138927069925	0.106197924249462	0.438479429456666
GGPS1	-0.282309900072132	0.512644558885005	0.802974635155132
LDOC1	0.0288704708228629	0.884722097925457	0.95766856512537
HSPA4L	-0.278091745446087	0.511390282992044	0.802163905275828
PTBP3	0.10482833733311	0.765498108036487	0.919071433805645
LSM8	-0.111834154041382	0.570513781212786	0.836314374813894
AP2A1	0.0885637929223577	0.651056918031044	0.866521313539885
STAU1	-0.43555827590772	0.540087481569074	0.818338095635231
TTC4	-0.140007551866319	0.475225671702098	0.779948070599703
BAG2	0.142165947878389	0.600606778997199	0.845039119449074
BAG3	-0.496699003978801	0.0431422931247769	0.321921207332673
CLIC3	0.263663614799697	0.258168387084797	0.610292300209118
EML2	-0.192416672632199	0.265080617152122	0.615649733335803
BPNT1	-0.362522756568609	0.0948108503891413	0.415263762443959
DDAH2	-0.41544207294713	0.0248684444944743	0.280884923226342
TXNDC12	0.453897025754944	0.354448603112747	0.689597386998412
ECD	0.289041840311704	0.184630598017587	0.537722686993737
NUDT3	-0.249726640799626	0.263581526774186	0.613318067309252
PTTG1	-0.448263639249824	0.104755828920238	0.433488485821387
BCL10	-0.376474756308838	0.0945503997965627	0.415023837245628
ZBED1	0.211187134031711	0.474904849791771	0.779948070599703
MOCS2	0.0178262235015723	0.923462572660062	0.969374836159545
PAK4	-0.205940468778387	0.344524091349252	0.680977644998667
CHEK2	0.950662385457051	0.110593309566405	0.444571393386725
ACTL6A	0.0636900360166059	0.788092053527089	0.930126649897797
LDHA	-0.101473018163926	0.557804404270223	0.830116606434982
DHFR	0.0533094517648287	0.746304728264253	0.910839472436957
GSR	-0.376328133361511	0.144403226490003	0.487724299203841
SOD1	-0.23207818900654	0.256078229400669	0.61007767297736
PNP	-0.120354309911161	0.636600643712138	0.860452564410892
HPRT1	0.0528851143218532	0.901338926351091	0.962318323350734
ABL1	0.0566000575226582	0.897809443298926	0.960499985528037
PGK1	-0.161867226720744	0.442517033607907	0.755695448937033
AK1	-0.276840737624845	0.18028641763437	0.530741581729846
ADA	-0.754953876688116	0.408907510427813	0.731936564908359
ASS1	0.147324472878701	0.717824809938111	0.902075412150835
NRAS	0.577782836363802	0.201884909704373	0.556944561589792
LMNA	0.583227052166595	0.433342343293042	0.751967401889286
TFRC	-0.647830101251273	0.0630584275537575	0.365561804664217
FTL	0.344538697347268	0.282248801201782	0.633568853734942
FTH1	-0.354993977635207	0.476059158334732	0.779948070599703
CAT	-0.892139775342951	0.180177886628656	0.530741581729846
RAF1	-0.0138384636974997	0.957679941922562	0.986073334492724
ALDOA	-0.09605096571876	0.699804091620371	0.892524839346287
CSTB	0.158162736442435	0.505261753961865	0.798555124715028
ANXA1	-0.0448826048214244	0.837620966484659	0.939582519828357
NR3C1	0.0532448798240353	0.801571005378883	0.931406459033123
TK1	-0.140997551936643	0.463967864886553	0.771833077440334
KRT1	-0.329707015847582	0.755173296498605	0.9165116279241
TUBB4A	2.88750227463906	0.428852751361641	0.748528334457426
GAPDH	0.0498397785233919	0.789269097867778	0.930126649897797
ASL	-0.931335881585312	0.0208904432177086	0.263226659780488
HLA-A	0.25983950056203	0.578765556594904	0.839786336707014
CAPNS1	-0.683606883849279	0.144273895234704	0.487724299203841
HSPB1	0.177227544763575	0.353409522272042	0.689018774796909
TYMS	0.0621930398689692	0.793821329634646	0.930895041204312
GNAI2	-0.270125368152883	0.344703700280542	0.680977644998667
ATP1A1	-0.269318602828996	0.261597265386173	0.613233442446262
ATP1B1	-0.212571752215659	0.443432787944181	0.756216723267819
ISG15	0.599834164070877	0.0385907980101156	0.312109020465815
ALPL	0.262826233585553	0.36826579793204	0.699272204964466
EIF2S1	0.336354662474818	0.187817714882367	0.540193984909346
RPLP1	0.299613968394659	0.276250227076458	0.628241030487221
RPLP2	-0.0184339034918608	0.935543767563516	0.974896421835677
RPLP0	0.152999159495558	0.512363927127047	0.802974635155132
FABP3	0.202976628077369	0.598251121271492	0.845039119449074
SSB	0.314434156849014	0.189643650698361	0.541256379412525
ITGB1	0.299207282581555	0.371940537644387	0.701170672903169
KRT18	0.295896957150163	0.1877706446187	0.540193984909346
KRT8	0.117580736212496	0.583015313963233	0.84135336182034
UROD	0.0736145912490542	0.712949253417305	0.89990469622918
GSN	-0.325350654493693	0.330538552843005	0.669363085757279
PTMA	-0.509458474675281	0.058290332902075	0.353932805660312
CDK1	-1.06761148312235	0.252695525798522	0.609857977117476
ATP5F1B	-0.37622836562727	0.266913890466347	0.618535355190174
S100A6	0.810707335102446	0.640213545490665	0.861072347621126
EIF4E	-0.0881129971300432	0.632638998332872	0.859242148320523
ENO1	-0.189882739227379	0.398590414536577	0.723033038610853
PYGL	0.0269054827456472	0.894508426296463	0.959995334843398
GPI	0.0484519424099652	0.877537419361226	0.955723637264454
POLB	0.233851545589332	0.448477139744942	0.759590269504195
NPM1	0.499103423841273	0.044864328470553	0.327221991939852
TPM3	-0.157942467214024	0.590693663983933	0.843890031360338
ITGAV	0.757458164828268	0.415446713014095	0.736897367809248
HEXA	1.11463408851499	0.0526040426557052	0.344213362076465
DBI	0.292480267337098	0.404126021639915	0.727583476944731
LDHB	-0.524153986892507	0.0195843350891919	0.254956883421085
GPX1	0.320472940943656	0.366500800622962	0.697493849802339
P4HB	1.61250705431152	0.00860721163042633	0.193864204180586
ACYP1	-0.12086477816889	0.655874591784731	0.869643889888582
CTSD	1.08588916740373	0.056262059891487	0.349634290033474
ANXA2	0.297756859259675	0.352850599432158	0.689013571986284
CAPN1	-0.463634653603798	0.0255810856103962	0.284017961186721
TUBB	0.325079970025925	0.198535067927786	0.552956832613858
PSAP	0.301194804509905	0.572954973506518	0.837169338906695
HEXB	2.97304825844241	5.9019465872789e-06	0.00156654525130917
CTSL	1.182239772764	9.82329594687612e-05	0.0140397568225353
PFN1	0.0423903480323702	0.866013042384828	0.951827447324279
BPGM	-0.159757133204053	0.540206697567589	0.818338095635231
APRT	-0.0636280182870443	0.698535418387977	0.892029736669867
EPRS1	-0.0976924534412618	0.634587893663537	0.859274751675268
CTSB	3.43133802471694	0.000151646631480113	0.0181780284703259
HSP90AA1	-0.0546479100696189	0.808661860721853	0.932143155468031
HNRNPC	-0.174241144050661	0.59268742259513	0.845039119449074
LYN	-0.72167422671415	0.433656120088466	0.751967401889286
TPM2	-0.552915088847598	0.186291445913318	0.539983629496015
FH	-0.251976278765028	0.19743522666828	0.55170549040575
ERCC1	-1.44582667514204	0.127625755042475	0.46699677417892
SP1	-0.544287316817172	0.0905295926955991	0.410476431802504
ANXA6	0.248543124441834	0.552787210755399	0.826290134821827
RHOC	-1.26315163045971	0.0313796326126409	0.294461400981247
CD55	-0.267948399855516	0.344403718265503	0.680977644998667
SLC3A2	0.323797234624021	0.189522283072357	0.541256379412525
PFKM	-0.49623861645691	0.0568979721702521	0.350660979159059
HSP90AB1	0.0373964238274738	0.904087226069772	0.962632702600364
ASNS	0.0797134510249222	0.730514567505727	0.906523517016731
HMBS	0.19976705169347	0.358700565855701	0.692353302965165
SNRNP70	-0.202271262062887	0.20653613132716	0.564359170440234
ITGA5	0.00958399407872079	0.975685581905507	0.991155719617513
NFIC	0.0551853314782313	0.810947824826472	0.932389268890833
VIM	-0.292980694295657	0.416770724683983	0.737837071427195
RPS17	0.242670147352296	0.288769570204306	0.642317293482863
KRT7	1.00143059635803	0.0108726080105535	0.213276306922275
ANXA5	0.00584937453264089	0.980848894204381	0.994896146809087
RPSA	0.483745240127796	0.0328752889446254	0.298690889286621
SNRPA	-0.504141515602349	0.0602782877720144	0.357572329113375
GSTP1	0.148075633417228	0.445823659015876	0.757512902104708
LGALS1	-0.221115288657884	0.267399392968195	0.618714909258913
QDPR	-0.241709536861787	0.326747379235676	0.666432000018152
HMGB1	-0.0756541624520253	0.743915208742929	0.910660278655962
TPM1	-0.124309740004499	0.647021735498579	0.864246142743608
CLTB	-0.0102133364228649	0.967632401137605	0.987430045991209
ANXA4	-0.209629467487233	0.61748798410486	0.850197875880845
CNP	-0.492676354126285	0.0685552602412633	0.373585272873631
HNRNPA1	-0.659466505036242	0.0656227939001272	0.370027196473672
SNRPA1	0.355916899000647	0.253753864927044	0.609857977117476
PARP1	0.462477218681055	0.215185932926417	0.573623333396389
POLA1	-0.490174739353684	0.0257848895496649	0.284017961186721
IFIT2	-0.788026952610629	0.451006313040517	0.761545608331443
IFIT1	0.241433021217418	0.379643088892675	0.707499357234292
ALPI	0.200037572059092	0.343743673783542	0.680977644998667
LTA4H	0.0893020653357901	0.762535577552118	0.918739644077283
ALDOC	-0.480338952943761	0.0570815795390037	0.350660979159059
H2AZ1	-0.0962762555024597	0.773599360869382	0.922478087907616
FBXO45	0.0138940396487968	0.961483814168861	0.986600483483486
POLR2M	-0.00146788168147083	0.993775609538041	0.998927985138191
GSTT2	-0.207643030625242	0.193631998690114	0.547592471181478
TRAPPC2	0.339109354193454	0.118574664929851	0.457078272696395
RAB34	1.16562719192839	0.00707514920271511	0.176451372062345
SULT1A3	0.0886095864650116	0.595707422761952	0.845039119449074
HSPA1A	-0.0506104338051614	0.780697072160362	0.925676553971891
CALM1	-0.101773317031764	0.724024040893258	0.905273666204356
ERCC6	0.51036953120007	0.0590441511037503	0.35589792320013
POLR1D	-0.169962820976682	0.532846692700962	0.814503624054617
EEF1AKMT4	0.169105292914189	0.548125702544037	0.822631304787416
RO60	0.258050744662167	0.291836215578279	0.643598443376194
HLA-C	0.0322366212408838	0.949026609860039	0.980968812862282
ARAF	-0.426271077837917	0.131810211812592	0.472971587203637
PTPRF	0.00239380001388412	0.998575781162134	0.999382602423509
TXN	0.000304251073735884	0.998848128986707	0.999386011662521
MAPT	-0.445321826657633	0.465289589775488	0.77326302129057
PRKAR1A	0.176316369083487	0.3324987565552	0.671138174556829
UROS	0.0311154502088478	0.895076394656424	0.959995334843398
ESD	0.0123600061559159	0.952154573894036	0.982835110163955
HSPD1	0.546535897195533	0.352244191481717	0.688191070213492
CLU	1.17601916192095	0.0302298741671592	0.293381725138372
HSPA5	1.38875683871222	0.0845610105730023	0.403374474055554
HSPA8	0.204616963542691	0.290357898638303	0.643198418066862
SLC2A1	0.148779976788216	0.485275655791767	0.785744809116429
EPB41	-0.0673194747192767	0.725599575532622	0.906424297211646
UMPS	-0.325931091443266	0.172584929826887	0.522872044496041
PYGB	0.110635859908722	0.60612014055851	0.845244446102142
BCR	0.0878302026594966	0.914423529563905	0.9661637292748
TOP2A	-0.917737730339095	0.0349419878955507	0.30479912445978
G6PD	-0.0359712377617427	0.873629928100745	0.954096872167745
UBL4A	0.302626762463564	0.120525257618183	0.459519739076342
DMD	-0.195194583664971	0.590361542750499	0.843890031360338
MTHFD1	0.0693110221101847	0.736433159552979	0.907958069309512
ADH5	-0.166139024449649	0.398679950514972	0.723033038610853
CDK4	-0.11354458725269	0.629767859495136	0.858480324975762
PRPS2	-0.0927891930357561	0.774847030391816	0.922566986522265
PABPC1	-0.222386448892454	0.236919210308601	0.594056535429664
PCNA	0.161017092148267	0.338308324181224	0.676252680289096
HARS1	-0.0520894822440177	0.755517797412672	0.916586397383444
COL6A1	-0.00310102739517859	0.984216946160181	0.996506870680186
IMPDH2	0.189924330433904	0.362645913058269	0.695107360096682
TPR	-0.0925146768196043	0.701129888387013	0.892524839346287
CKB	0.200371564176425	0.286000731173614	0.639053694135234
ANXA3	0.487666893370932	0.0626831356908079	0.363953956604753
ACTN1	0.334415442021019	0.115580519443582	0.452334738038928
PEPD	-0.0897430502720233	0.694434055232489	0.891062482473733
XRCC6	-0.374993413251438	0.191990593338948	0.544608431181323
XRCC5	-0.369655225265205	0.0774191802416086	0.394095443531257
UNG	-0.201223665083756	0.225663100760345	0.581071592208388
LAMP2	0.712886541800202	0.160270047050339	0.509573942764618
RNH1	-0.196314456059177	0.213031919259748	0.57107176817932
EEF2	-0.266440709515081	0.198042120393716	0.552081409889759
KRT10	-0.224825434056786	0.639003723530621	0.861072347621126
PDIA4	2.25127457695258	0.141637371530146	0.485539181370869
TPT1	0.0751032467377186	0.735252270295233	0.907846075264002
PLS3	0.158547605516961	0.515241098461602	0.804807028954734
APEH	-0.0626563473206332	0.807829711809504	0.932143155468031
GYS1	0.368091208236628	0.0835614047832452	0.402739789976593
PRKAR2A	0.261007417081995	0.16320187472469	0.513461640372166
ANXA8	1.71870108877563	0.0741879956737126	0.385570058634288
ENO3	0.106271332084596	0.526856811531205	0.81103853475136
GTF2F2	-0.0747811801153695	0.734473662570884	0.907846075264002
MIF	0.0699280437496839	0.823981027601294	0.937008271963804
CD99	0.563372214937637	0.31699019747423	0.662170218167823
PRKCSH	2.27382266815426	0.0335978307840454	0.301568935250031
FDPS	-0.29149621408062	0.300687688934426	0.652470514528047
CPM	0.140859115410972	0.546245865541182	0.821136584284398
AKR1A1	0.185636166487484	0.318617474437302	0.662170218167823
PKM	-0.104889425667913	0.52439822755818	0.81103853475136
ACYP2	-1.51242670364175	0.0823413170958512	0.402592018746094
HSP90B1	0.76826846123479	0.579387271591236	0.840360304930927
CCNB1	0.799163553081858	0.00429526077667145	0.141249460585054
MYL6B	-0.236113650027779	0.66217963366491	0.874124162948066
SNRPB	0.000832417294748922	0.996393711190868	0.998927985138191
IDE	-0.428371969667381	0.0988409935826085	0.424126018652394
HNRNPL	0.27483429832288	0.294827305279146	0.645597092762115
DARS1	0.19636531092463	0.511373169107499	0.802163905275828
JUP	0.361092707491853	0.506058102097849	0.799197580703615
ETS2	0.0130639729352815	0.94809471024527	0.980551055739333
AKR1B1	0.0152473213989524	0.932110529205511	0.972955822058336
ANPEP	-0.345018218778662	0.158562184328852	0.507945756005185
GSPT1	0.207101010329666	0.219511870141391	0.575991577817274
EZR	-0.774616239629758	0.377332781740405	0.705616005152844
UCHL3	0.318260981036765	0.0767604660419847	0.39186308142312
NME1	-0.061385276253354	0.768586525481015	0.920421375664664
NQO1	-0.503659576752639	0.0558080876266261	0.349634290033474
GNS	2.04982939915321	0.00238301506355829	0.0994975727660969
PHKG2	0.0641365052763376	0.846456983183636	0.943441556541809
RPS2	0.148608821776559	0.412164472209583	0.734888370628109
TCF3	0.0497196206691797	0.860481800494606	0.949109638064101
DSP	0.418103601906516	0.0791188358671753	0.398105889162872
RPA2	-0.593002056950876	0.0258419984072825	0.284017961186721
CD44	-0.468378204114984	0.0417888573153887	0.316156851478855
NQO2	-0.0831827034980464	0.674263864523995	0.879903864060514
CBR1	0.116735091159349	0.45281310470918	0.763108161949802
PPP3CB	-0.786806049753867	0.163462088417727	0.513461640372166
NCK1	-0.231069441275515	0.204150266183941	0.561148484280875
GCFC2	0.377398186550487	0.477095449648787	0.780663448214395
H1-5	-0.96385217496611	0.0491181752232385	0.335520476341092
POR	-0.60172703831724	0.566728226047665	0.834374836764312
FAH	-0.103649622371854	0.525422837039297	0.81103853475136
STMN1	-0.526784099820176	0.0293255709757686	0.293381725138372
YBX3	0.348576064192581	0.173147043545317	0.523923955204065
HSPA6	-0.479900918577826	0.123843240598472	0.461851553637421
HMGA1	-1.17520728467586	8.43825178323795e-05	0.0125426174506049
GOT1	-0.00928871116183316	0.957644035090869	0.986073334492724
PRKCA	0.211538747009904	0.58960765932202	0.843890031360338
NPR3	1.01122841154672	0.0717627789281193	0.38041438872595
JUND	-0.49258046819574	0.119923977070095	0.458946960651361
PRKACA	0.0507641127929297	0.834350082535564	0.938804220672951
CAPN2	-0.102059475173085	0.624405064303224	0.855148902648446
PTPN2	0.492245069193203	0.481247069811522	0.78413696130076
AMD1	-0.521027479935118	0.161822496236851	0.510773695946125
CTPS1	0.0831944950250332	0.604256029578741	0.845244446102142
DDX5	-1.09039705423634	0.00727638046260741	0.179066422510259
PFKL	0.994887148691603	0.0260630045114832	0.284017961186721
LGALS3	0.53402434215813	0.0248019918375246	0.280884923226342
PSMC3	0.668355695833434	0.0112524414752497	0.213337104704225
TCP1	-0.522107553028672	0.0835798229839746	0.402739789976593
ERCC2	0.454490779789335	0.223006120875197	0.578290820078319
RPL35A	0.241387177721467	0.355477339620439	0.689931949725626
ARF4	-0.431594624246287	0.0544314655641679	0.347508633521068
RPL7	0.310932113447969	0.256420742295293	0.61007767297736
VCL	0.176916595024785	0.286582491251162	0.639220010497791
NAT1	0.0499842354719355	0.898207063969302	0.960499985528037
NELFE	0.34307968939855	0.151559165473633	0.496892270725014
RPL17	0.608745304927233	0.0298818010203576	0.293381725138372
PGAM1	1.00608549321635	0.161676332219058	0.510773695946125
RCC1	-0.749477273569774	0.052311637489206	0.344213362076465
LIG1	-0.261986041708127	0.136728945748398	0.478577365545046
PLCG1	0.344331824724279	0.247880893306781	0.607565322736021
NCL	0.316478625584679	0.138024005920275	0.480631875704012
HK1	-0.475796930701922	0.0217270991585448	0.266714219511266
POLR2C	0.185604364152766	0.491592873306256	0.78977912546738
POLR2E	-0.20357395272589	0.255193432456491	0.609857977117476
TRIM21	1.02401305220501	0.136371215756037	0.478577365545046
TFEB	-0.317989591542389	0.412486766542595	0.734888370628109
EIF2AK2	0.3160077469363	0.0906812017778754	0.410476431802504
SRM	-0.607634813775299	0.0260326563772888	0.284017961186721
CSNK2A2	-0.031251219212507	0.903156786875293	0.962318323350734
RXRA	-0.304267608654119	0.280611451366608	0.631588221246707
NFKB1	-0.00866816126370651	0.967201443902323	0.987430045991209
TYMP	-2.51270543530315	0.00586263790587898	0.15901870407479
EIF2S2	-0.152289355658571	0.739174583323876	0.908324322629472
ANXA7	-0.514156247896054	0.021415353071545	0.265264840046204
BTF3	0.184376077364114	0.547205596871752	0.821914307993302
RAB3A	-0.0943596313597048	0.620724033702008	0.852091063626399
RAB4A	0.230898883227965	0.658792876981967	0.871821342900637
RAB5A	0.0348628141470755	0.884245770743066	0.95766856512537
PSMB1	-0.484820788539434	0.0801557073102246	0.398105889162872
LMNB1	-1.05849594996277	0.154885980295623	0.501355664441234
BCL3	0.265569993963652	0.267082917567999	0.618535355190174
CAST	-0.418112113331038	0.041498200727318	0.314708803883089
IMPDH1	0.622478214041131	0.0287928784676007	0.293381725138372
RASA1	2.01089047586013	0.0312883792468007	0.294461400981247
PTMS	-0.440843436164794	0.116011580663093	0.452334738038928
GSTM3	-0.168478788127729	0.385991755522614	0.710892136864905
ATP6V1B2	-0.284137533305021	0.108311822418353	0.443267326108589
ATP6V1C1	-0.441081930606618	0.0351983820629893	0.306316598936928
CSRP1	-0.428896874107288	0.117201039911456	0.454612801994751
FLNA	0.223597662039811	0.340468115286337	0.678744375753235
NF1	0.892920911939672	0.300775562805852	0.652470514528047
ACO1	-0.758202599672469	0.219073700459802	0.575682571912356
TGM2	-0.117110546127584	0.47638907102567	0.779948070599703
OSBP	-0.332334771957406	0.241584677578275	0.600889331914905
PCMT1	-0.38559859802357	0.139332934106201	0.482712909933901
FBL	-0.596058917290875	0.290875512132589	0.64338893040756
GART	-0.226363640870094	0.460421577981499	0.769993962096872
PAICS	0.194702499481657	0.401652001065859	0.725020936831194
UBA1	-0.0451877001486878	0.862385576915398	0.950645150939668
NME2	0.0889607804608836	0.654530620390199	0.868655637632136
HNRNPA2B1	-0.449580090242172	0.142093210567552	0.485757470532681
CBL	-1.58708657360659	0.00523404627844407	0.149040340380797
PRKACB	0.0188920648861028	0.922790363744049	0.969325063728934
NR4A1	2.05839127812373	0.000146740207549457	0.0181762203751261
XPA	-0.922959568777685	0.0447504061866095	0.327221991939852
TCEA1	0.37697417999857	0.100728777420654	0.427292393715924
SFPQ	0.338192885413058	0.476211361725415	0.779948070599703
TUBG1	0.412219491827649	0.364722613329681	0.696101300016998
PPIB	0.557618678711933	0.289387202771985	0.642606942946783
WARS1	-0.0787971776331062	0.698083461696684	0.892029736669867
RPS3	0.284703985223615	0.166591611031618	0.516314857564326
RPS6KB1	-0.108837929513264	0.644631708230875	0.862914779461791
SP100	0.00356672136079439	0.989287723237603	0.998126766214507
AHCY	-0.486091331527099	0.0403118919695057	0.312558008228831
CFL1	0.0221224326638776	0.959633271416954	0.986134848738751
EIF4B	-0.0823818749202587	0.667990630333736	0.878080391660486
F8A1	-0.110427530062502	0.68866688062967	0.887211961984641
DGKA	-0.40040498388948	0.392560992462597	0.718518686903529
DTYMK	-0.287297728181606	0.195137513135547	0.549341665766435
RRM1	-0.0589207257376678	0.727474499296173	0.906424297211646
CHM	-0.0959361774246119	0.638758438331329	0.861072347621126
EEF1B2	0.316620764390422	0.201257319409982	0.556533733756032
ACP1	-0.0299774897545717	0.868959850365982	0.952934779865635
MYL9	-0.0375194060498814	0.885898031600051	0.95766856512537
POLR2A	-0.421193378996069	0.148905537446888	0.492727495238322
CDK2	0.501215238949388	0.0498679482302955	0.33753970058976
GRK2	0.112449038343623	0.587533792476124	0.843163633804186
MCM3	0.153386091075962	0.517744193158337	0.806072682114148
MPST	0.0683480365854834	0.760110165947758	0.918724669092621
RPS12	0.317178245468881	0.242265277355175	0.601776584660315
YY1	-0.806575935891434	0.15727961375547	0.506895962459087
DNAJB1	-0.127659171044328	0.620078703751826	0.851834551993267
DNAJB2	-1.15722874039625	0.365694011022933	0.697239068733309
PSMA1	0.430172182077577	0.175125696727456	0.526326418466197
PSMA2	0.111929707852951	0.671218830844176	0.879495477932637
PSMA3	0.137587744136042	0.476178362975927	0.779948070599703
PSMA4	0.0826823163798736	0.738304382188715	0.908324322629472
S100P	0.129897073764962	0.716310142948574	0.901086151386899
NFKBIA	0.467554594065334	0.213091019444187	0.57107176817932
ITGA3	0.171308315994217	0.80825090976198	0.932143155468031
MSN	0.702788561163871	0.446307100927447	0.757973508724399
DDX6	0.381500254549014	0.172290503765814	0.522637968974501
DNMT1	0.860341139796212	0.131752687076503	0.472971587203637
U2AF2	0.0654356362689263	0.840061944318562	0.941081088950612
RPL13	0.0481159229552865	0.869088563902807	0.952934779865635
S100A4	0.292917650155015	0.206338366962436	0.564359170440234
HMGB2	-1.43215459272392	0.12600056359558	0.465888651065847
PTBP1	-0.334675018812135	0.136765916043028	0.478577365545046
TARS1	-0.345423598966832	0.160441741936115	0.509573942764618
VARS1	-0.0470713304559887	0.767325626408378	0.919800654107591
EEF1G	0.254388663495504	0.317797234837312	0.662170218167823
STOM	-0.742486706229002	0.00265465550352442	0.1049436154372
YWHAQ	0.00972518267263922	0.963928270816533	0.98717598747377
MAPK3	0.194448223786516	0.44480768460246	0.756478423790729
MARK3	-1.69318611628077	0.0912664607903663	0.412130657817159
ARNT	-0.109723831390426	0.722447783487975	0.904825063512408
RPL10	0.25523040395122	0.294599066695508	0.645477672075772
RPA1	-0.116391895518369	0.582874943143297	0.84135336182034
APEX1	-0.0431626886273122	0.836106235010956	0.939513386543911
DCK	0.24682539064932	0.313427231554722	0.660632780747219
CAD	-0.0296074306254681	0.91091567707737	0.963603251787753
CALR	1.77248384013261	0.00800200808344464	0.187015484516228
MAP4	0.297708037905558	0.0899212100800317	0.410476431802504
CANX	1.28801235985649	0.155486041479686	0.502422721859575
PSMB8	-0.574828860898343	0.345836328134322	0.681765408672223
PSMB9	1.33113303246703	0.315866013068302	0.661272171584119
PSMA5	-0.0206415146839412	0.909309641706597	0.963603251787753
PSMB4	-0.29956731404198	0.0985338931409313	0.423297048452833
PSMB5	-0.139014849388591	0.574656945321806	0.838078967353152
TMOD1	-0.158057349548461	0.505067543839667	0.798555124715028
ITPRID2	0.363367346539178	0.608980340035384	0.846123896549862
POLD1	0.18941339644698	0.338891195910724	0.67677332397559
MAPK1	-0.0449009560305811	0.799937158101962	0.931406459033123
GCA	-0.0384019817086632	0.844452215301152	0.942337667285009
ERCC5	-0.250645321645408	0.630990230686446	0.858738495860702
LAP3	-0.159730870423857	0.425035295021526	0.745366284237843
GTF2E1	0.347507805546734	0.29993814134762	0.651975921477279
GTF2E2	0.208229379493091	0.640242975370606	0.861072347621126
TPP2	0.178407019829447	0.549595131456259	0.823506253423976
IMPA1	0.148539962911833	0.603812795660129	0.845244446102142
SHC1	-0.346652033986949	0.108284682948297	0.443267326108589
MPG	-0.522033880096515	0.140883662206162	0.485539181370869
CRABP2	-0.555572358207151	0.0865779189858384	0.407362375134145
TKT	-0.353750571817315	0.0502537025549135	0.33830209908344
CASP1	0.478516809514918	0.188597468855221	0.540853257645424
RBMS1	0.600345403311579	0.16659351835835	0.516314857564326
PML	0.0800880817809393	0.682969062073443	0.883674454966892
EEF1D	0.313945496913497	0.206394782499191	0.564359170440234
MARCKS	-0.197927364102874	0.377417923339528	0.705616005152844
ERP29	1.8142633746198	0.0102662457967986	0.208299648972072
PRDX6	0.37348139975299	0.10914327861758	0.444571393386725
BLVRB	-0.0234732010044496	0.916780820457411	0.96728417927001
PRDX5	0.0120219892736806	0.941673627335048	0.977523132848938
DDT	0.37266530047944	0.0751537816431678	0.388957454855169
GCHFR	-0.252458558332272	0.378309691840732	0.706431565266413
PRDX3	-0.612248785036208	0.363079490298079	0.695107360096682
RPL12	0.109701131888318	0.570211859931729	0.836314374813894
CMPK1	-0.390696771876257	0.0562599794790627	0.349634290033474
PEBP1	0.166660726734932	0.527995362083651	0.81103853475136
PDIA3	1.71207698433499	0.0235909179516621	0.273096109371889
PPP2R1A	0.471491397592636	0.0343932203748816	0.302687907224122
PPP2R1B	-0.133173739673662	0.522231689931891	0.810615271423102
CDC27	-0.0165117692120234	0.927007885452351	0.970882514815817
WEE1	0.351569073596785	0.122846882763024	0.461110117522622
CDC25C	0.122360756764024	0.639656996382705	0.861072347621126
NMT1	0.793026763023082	0.00236742722571148	0.0994975727660969
ADSS2	-0.412910778030074	0.0655751091915799	0.370027196473672
LRPAP1	0.016962600888494	0.989065849590053	0.998126766214507
ADSL	-0.255399456306733	0.200815929929707	0.556474269663529
CLIP1	0.118907872977431	0.576876818621777	0.83852251477254
SRI	0.133006607255794	0.692063023593472	0.889248338752885
GSTT1	0.139011195537392	0.686676422662844	0.886283822684506
SERPINB1	0.216887355250236	0.273441502639142	0.624359224799209
SLC7A1	-0.0149755590641512	0.959822740654278	0.986134848738751
ALDH3A1	-0.451964764065863	0.0369121540507941	0.30945006184388
POLR2B	-0.263218043407605	0.433283298964468	0.751967401889286
GDI1	-0.171919122824896	0.449217150662234	0.759804702713183
MAT2A	0.0642955524621485	0.79346679964372	0.930895041204312
PRKAR1B	-0.0683224634562052	0.751282738416646	0.914134464949659
CPS1	0.0656406953376845	0.828624496113777	0.937445604587308
RRM2	0.127021464520599	0.528915772448104	0.81103853475136
DNAJA1	0.407066521299793	0.0559289428438238	0.349634290033474
AKT1	0.195749019489082	0.657416107539725	0.870619478124597
AKT2	0.265980152273997	0.54069772396568	0.818424742263327
ATIC	-0.282843533506565	0.122079826341656	0.461025035249586
HNRNPH3	-1.05765542280875	0.118837458804141	0.457142853950506
HNRNPH1	-0.353023974495493	0.197275682927432	0.55170549040575
YWHAB	-0.011747738947534	0.959622647712439	0.986134848738751
SFN	-0.158287941267879	0.475353063194837	0.779948070599703
STIP1	-0.405944482093474	0.0802425487037113	0.398105889162872
S100A11	0.854883657981553	0.26073365938101	0.613233442446262
L1CAM	-0.020124261819582	0.924180293693695	0.969580454931047
INPP5B	-1.31321884256435	0.188810949894569	0.540853257645424
PRDX2	-0.274791538142431	0.36016788585246	0.692757588508038
DCTD	-0.178030271426188	0.458067374499566	0.767438396591699
HPD	0.305947346543594	0.262511641715942	0.613318067309252
CTH	-0.291969048580881	0.141494777379398	0.485539181370869
RPL9	0.328346155423215	0.096643897832372	0.41848781878013
ACSL1	0.0266547584149706	0.869269136738283	0.952934779865635
KIF5B	-0.0625959698317651	0.773779386439193	0.922478087907616
CSTF2	-2.17423391181505	0.0405964885098626	0.312558008228831
DUT	-0.328008716105085	0.32217189711827	0.663999317632551
CKS2	2.27587185951833	0.0822419665576446	0.402592018746094
TTK	0.0926835120373468	0.756164567757809	0.91659195824267
MCM4	0.021791002508543	0.90312413697944	0.962318323350734
MCM5	0.0589945760936423	0.818378414827375	0.93584302393407
MCM7	-0.182449630993702	0.372710528336933	0.701170672903169
SHMT1	-0.301942956233638	0.15464137934744	0.501000318792579
HSPA1L	0.0177699728000533	0.933808296093873	0.974454262365861
HSPA4	-0.0195799122058489	0.904913358230862	0.96295647071957
MPI	0.17748256837011	0.434338449766802	0.752261849077477
PFN2	-0.11500760092261	0.550887116211408	0.824444834410629
CTNNA1	0.270263288496025	0.132807918232947	0.474532907840031
CTNNB1	-0.0827017449073821	0.713427054670806	0.899964195107399
SERPINB6	-0.236499548028021	0.368705760886085	0.699750054878802
NF2	0.457414970314339	0.348324426949777	0.684129794157173
RDX	-0.0100395490626752	0.981351300486405	0.995007212171209
RPA3	0.0567188627840167	0.809403944784935	0.932143155468031
RFC4	0.135536393790794	0.729196582495616	0.906523517016731
RFC2	0.431917492539782	0.111632301023886	0.445569957685027
RPL22	0.236411178493533	0.370890646755248	0.701118511377112
GTF2F1	0.107566269629402	0.679097770077411	0.881899909770801
SPR	0.198007535221311	0.330453485293417	0.669363085757279
CBS	-0.439885731041624	0.0570838865959159	0.350660979159059
AGL	0.0560443899792276	0.819554453419604	0.935878780384821
MYH9	0.43246595169051	0.147029357415351	0.490704922072043
COPB2	0.0680543857469118	0.765387381548259	0.919071433805645
ADD1	0.094834702814552	0.712612980202933	0.899785876464186
BSG	0.063124346463006	0.79692463245031	0.930895041204312
FUS	0.442386908799186	0.0854684216714075	0.405102876187436
NUP214	-0.0485718885843198	0.816048331849541	0.935071107355195
DEK	-0.190648113080364	0.674535417303439	0.879903864060514
GLRX	1.1729759022712	0.00515746624902748	0.149040340380797
CHKA	-0.299875848799697	0.330371000987503	0.669363085757279
PPM1A	-0.0577642779477756	0.849707369230492	0.945080091008832
PSMC2	-0.184862934864839	0.43347258887984	0.751967401889286
ARL2	-0.168790135616671	0.539830269297884	0.818338095635231
ARL3	0.271392646629018	0.29451517705447	0.645477672075772
TRIM23	4.86898537279973	8.12018107859809e-09	7.54364822201763e-06
MAP2K2	-0.827003276916596	0.0245863692451251	0.280254442070199
ATP6V1E1	0.381721633222867	0.139384002249482	0.482712909933901
RPL4	1.07966452953493	0.000938135038212071	0.0581018300332676
NUDT1	0.00699015573645312	0.974311665870576	0.990572407763354
PGM1	-0.0875881078816256	0.715791549505615	0.900738705710418
PPP1CC	-0.384499269503468	0.0408557667882852	0.312558008228831
GNL1	-0.0165771017108653	0.951674238772567	0.982612245423411
SERPINB5	-0.0463134963244016	0.851686729317299	0.946714892654228
SRP14	0.835112935903751	0.00774926750521074	0.186988818502358
NUP62	0.0628721348111512	0.760650225053228	0.918724669092621
HPCAL1	0.111475964724917	0.729244843786137	0.906523517016731
FDFT1	1.15512044736071	0.0842682477533108	0.403012623746851
TAGLN2	0.307381358435279	0.161720476513637	0.510773695946125
TALDO1	0.148901442684988	0.457526526665381	0.767438396591699
SNCA	0.13216504017015	0.696317575624544	0.891939369534921
ETFB	-0.0232349652594408	0.913860532233324	0.965843497661841
ATP6V1A	-0.406892001703024	0.0950836943130858	0.415487960806579
HSPA9	-0.45311395982732	0.309385051987689	0.657537025297089
EIF4A3	0.411763919024324	0.121976421516595	0.461025035249586
IGHMBP2	0.680025608355365	0.0666578028293775	0.371932613856934
RPS19	0.864595044870043	0.000666335346066071	0.0469714665182583
RPL3	0.193241100308228	0.365894918623117	0.697264368001796
FEN1	0.19841165203221	0.495759375976379	0.791681066234734
CAPG	0.1982192552451	0.308799469050292	0.657537025297089
CAP2	-0.561719684939209	0.0162334250051979	0.240332300076954
TXLNA	0.418767218456367	0.115452606755284	0.452334738038928
CCT6A	-0.214124891816226	0.47385063600152	0.779472759354426
NNMT	-0.196152515904338	0.536486402251405	0.815705184437897
PSMB10	0.318396646716014	0.236421216230022	0.593208129311791
ARL1	-0.092215861533063	0.789453672491894	0.930126649897797
MLH1	0.231902382609892	0.303663991183931	0.654077211839812
STAT3	-0.039728924184093	0.863975429320374	0.951509914084917
USP8	-0.332259277206532	0.145542778628563	0.489002681178789
PEX19	-0.264279412473485	0.204163818823397	0.561148484280875
MDH1	0.156567337831909	0.505436397559135	0.798555124715028
RFC5	-0.153677865812785	0.523379369314232	0.810732019070627
RFC3	-0.0629606224885322	0.807429764833326	0.932143155468031
EIF2S3	-0.101530398246577	0.582028701304455	0.84135336182034
ETV3	-0.0883398716998727	0.757368596027331	0.917334322958788
CETN2	0.635848450655548	0.254461431819528	0.609857977117476
EIF2D	0.0788740058755799	0.809252686149862	0.932143155468031
NAA10	0.532687939362674	0.0144049966446642	0.231559201532651
PPP1R2	5.99654721833674	8.93313705011398e-10	1.18633050463397e-06
CSK	-0.640614057012979	0.0871328367936487	0.407369169133068
GARS1	-0.253193312309307	0.354212077338386	0.689597386998412
IARS1	-0.0317878954470352	0.861674675208235	0.950143351060475
PRKCI	0.365458582201043	0.0954882975701715	0.415487960806579
TMPO	0.0437245655516527	0.869335011771933	0.952934779865635
STAT1	-0.000652231591857344	0.996962359375753	0.999113302977427
STAT6	-0.0624328992426442	0.792380966218176	0.930895041204312
MTREX	0.481559858437151	0.151520418214466	0.496892270725014
AKR1C3	0.22082384491716	0.444182508022841	0.756478423790729
PIK3CA	-1.22825574265364	0.00147597996788562	0.0773089217091562
MTOR	0.239911846756634	0.216568257674047	0.574771994032907
EPS15	-0.202921067850134	0.74270848453948	0.910660278655962
CASP3	-0.547890737785846	0.115109170550083	0.452334738038928
CASP2	0.576818105283195	0.37354771684929	0.701170672903169
RPS27	0.154589671126971	0.474133464172217	0.779592899497327
ABL2	-0.343801256686753	0.266553341262497	0.61829726350277
RPL35	0.832263245358707	0.244708245677579	0.604429794405507
CDKN2A	-0.275302952849891	0.207481889058355	0.565275670945567
CDKN2C	-2.73850286681573	0.00835480830282617	0.191774190416327
PRCP	0.736366426243077	0.0618349693199277	0.362427044152762
HTT	0.0801043749815449	0.697329616104892	0.892029736669867
MTHFR	-0.210004527959033	0.3056651925493	0.655803611728174
PAFAH1B1	0.0239355781314501	0.886072140391713	0.95766856512537
MCAM	-0.227950347994664	0.276233101780983	0.628241030487221
MATR3	-0.373368195715642	0.174145656527568	0.525102877314921
MSH2	0.171504377212969	0.506979319428095	0.799972463267432
MAGEA1	-0.130537808207315	0.726197836540441	0.906424297211646
MAGEA12	-0.788519584917132	0.067740481298835	0.373477193629779
RANBP1	-0.403787189874027	0.18096059850692	0.530741581729846
NAMPT	-0.114235724103441	0.53638245772514	0.815705184437897
PSMC4	0.257339097872617	0.181566110490022	0.532097528849308
CBX5	-0.195474911482233	0.542836875547067	0.819544302209799
USP5	0.0556365485909964	0.833463487721211	0.938804220672951
MAPK8	-0.619380289768301	0.0143526172774132	0.231559201532651
MAPK9	0.223464468643758	0.718463160161348	0.902414374811248
PHKA2	0.0392469977031276	0.829462512840065	0.937719104871823
PHKA1	-2.14089593005905	0.00923340470410604	0.197688712403879
RANGAP1	0.433574572310203	0.0667852855527898	0.371932613856934
RECQL	0.247287513270631	0.518056332793721	0.806072682114148
NOP2	1.38117712646772	0.0135060193513623	0.226558874075616
CRK	-0.379168870498809	0.123487602185697	0.461185859017136
CRKL	-0.74530685056844	0.0191631917286865	0.253417866419214
BAG6	0.212872555811646	0.447766795592484	0.758996523944965
MAP2K3	0.441787229980374	0.285703585695966	0.63879333600855
RPL27A	-0.176926973487365	0.566692233795373	0.834374836764312
RPL5	0.0329879941013296	0.887803773846218	0.958198903169488
RPL21	0.370752343332583	0.334595351117074	0.673176136844097
RPL28	0.0514720962912776	0.9210402388871	0.969325063728934
RPS9	0.450368154309668	0.0552993081560516	0.349634290033474
RPS5	2.31377962723015	0.0793341432887446	0.398105889162872
RPS10	1.80601684594562	0.00925668351944967	0.197688712403879
GNPDA1	0.18008019366124	0.361868373285154	0.69493688637087
NEDD4	0.313662609301492	0.298953056653443	0.650453665546175
YAP1	-0.105557765332797	0.686893813060112	0.886283822684506
IQGAP1	-0.130814625623728	0.616920208671756	0.850197875880845
GYG1	0.159071673759165	0.570528700979636	0.836314374813894
RABIF	-0.868499839572763	0.127610839166047	0.46699677417892
PLA2G4A	-0.795593417308332	0.0703200029248674	0.376492598098046
CAPZA2	0.0819637271709652	0.727759139898706	0.906424297211646
CAPZB	-0.116762663898559	0.69559130816213	0.891623767206097
QARS1	-0.155582365225676	0.482826894832674	0.784857717059588
RPL29	0.0534163679638588	0.844068966608499	0.942337667285009
LIMS1	1.04639016805255	0.0137959716473268	0.229891617226307
PREP	0.144989981763338	0.499412979121267	0.795449532437991
ME1	-0.135589296650622	0.414369334476464	0.736378270353372
IREB2	-0.434534743382549	0.1168318964392	0.454587320825752
PIP4K2A	0.266699774101113	0.195046248410597	0.549341665766435
SOX9	-0.319855431955247	0.170492016002518	0.519706523610732
ARCN1	0.0950063823147218	0.686080757287285	0.886283822684506
GCLC	-0.272315544992971	0.30125126524656	0.652740350819951
GCLM	-0.174850285174045	0.292768289691717	0.644826290296623
PSMD8	0.122227203493651	0.5279778912872	0.81103853475136
PRRC2A	-0.174883986474711	0.330064267890008	0.669363085757279
GSS	-1.72336188443525	0.00228054185939514	0.0974079718334753
CCT5	0.0263355833381063	0.886473958236565	0.95766856512537
CSNK1A1	-0.0572503578519985	0.823762909245013	0.937008271963804
CSNK1D	0.571192260184375	0.0393846888388495	0.312109020465815
PITPNB	0.0534073840605878	0.922901120489772	0.969325063728934
ADGRE5	-2.31123660310311	0.00168641967442091	0.080663832988337
POLD2	-0.228341758351398	0.267607009762953	0.618809986483593
MARCKSL1	-0.410523442587341	0.135272572332658	0.477348592805442
PXN	0.162107595399007	0.584197916040818	0.842078920096075
MAPKAPK2	0.856683728156163	0.384028530303812	0.709949608425643
ALDH9A1	-0.466827018859242	0.0389244030887351	0.312109020465815
RPL34	-0.0856963490583524	0.852964822906921	0.947463910120636
RPIA	-0.450089378588334	0.0418593032636158	0.316156851478855
LMAN1	1.5522160243415	0.0444467661131366	0.327221991939852
NASP	0.050028835538285	0.908793322651945	0.963603251787753
FASN	-0.433444192969045	0.129566506216569	0.468342237967753
FNTA	0.0851546559886103	0.677433853842751	0.881704435672958
FNTB	-0.257040988841993	0.308133317303704	0.657423745950413
DHPS	0.517356978990392	0.0196912339994218	0.254956883421085
CCT3	0.0236073092947358	0.90798724204069	0.963315701114031
ALDH7A1	-0.137717725260188	0.433516453576202	0.751967401889286
CDC34	-0.403084116624946	0.0407895577053397	0.312558008228831
INPP1	-0.281281778183057	0.225798541213378	0.581071592208388
SRP9	0.0296702708627947	0.883407118242484	0.957625685936135
PCYT1A	0.464156271395339	0.0225614457658032	0.26928974966489
AARS1	-0.0995458231376922	0.633463952964801	0.859274751675268
CARS1	-0.062818597417845	0.789186741891462	0.930126649897797
SARS1	-0.374770434185109	0.262738243296317	0.613318067309252
PPM1F	0.219845026118286	0.213614035998185	0.57107176817932
PRIM1	0.608591466349221	0.400469603896351	0.724278154158772
PRIM2	0.00129032430598386	0.994151319664393	0.998927985138191
CSNK1E	0.83888786429269	0.359169168190541	0.692353302965165
PSMB3	-0.0945946435316571	0.732532625889912	0.906759239775787
PSMB2	-0.010898620356901	0.96243992266621	0.986600483483486
MCM2	0.0350981469135512	0.869011292757357	0.952934779865635
TMED10	0.636512476819085	0.111227969631731	0.445130000918193
EIF2B2	0.111515960199618	0.590904699031109	0.843890031360338
HINT1	0.0367960731454318	0.860189845249547	0.949069318571056
RANBP2	0.228880533835156	0.381137203396189	0.707616640032554
TSC2	0.331241402738577	0.131361087901607	0.47254385541372
GSK3A	-0.0390631543190878	0.818798625621586	0.93584302393407
GSK3B	-0.776089526869924	0.0138831420420148	0.230311409946995
NT5C2	-0.259457291132762	0.110903574184471	0.444571393386725
SEPHS1	-0.0590817599581079	0.866019536976154	0.951827447324279
MTHFS	-0.100480006714488	0.72634918190389	0.906424297211646
GMPS	-0.180944614918147	0.364183746427726	0.696101300016998
LIG4	0.0998442192251652	0.752774942872435	0.915650306944016
CDKN1C	-0.323653910987403	0.492186247274779	0.790390706513863
MRE11	0.480869163338387	0.0477205015813312	0.329608520216035
SULT1A1	-0.0744597622580159	0.806354191024037	0.932143155468031
GDI2	-0.00226042714913532	0.992117966460585	0.998892684846046
SERPINB8	0.594310519930222	0.136075148811398	0.478577365545046
SERPINH1	1.2245210880465	0.0287170733708434	0.293381725138372
ST13	0.0205900379004511	0.914826373674744	0.966272921045688
PEX5	-1.32666799243968	0.15421246194731	0.500573825931251
ERF	0.0303368869395584	0.915865054215656	0.966862085643573
VASP	0.260380462125706	0.24088503545859	0.599773139047094
DNM2	0.0527815000932357	0.804283277750646	0.932143155468031
METAP2	-0.205828852866119	0.405013265405329	0.727770451763154
NUDT2	0.0931475127718144	0.731610341101501	0.906523517016731
CDK7	-0.123583167138094	0.582316697098582	0.84135336182034
KNTC1	0.0631403210852568	0.730047748668031	0.906523517016731
CDK9	0.884796372216886	0.200594383316169	0.556275170449914
LRBA	-0.0866262394223938	0.674886097999136	0.879956750935014
RPL14	0.230189748447582	0.342321391599266	0.680916313498427
CCT8	0.247578465803542	0.34932200245187	0.685364604599339
CCT4	0.201884815345085	0.215135239337365	0.573623333396389
ANXA11	-0.159274770486533	0.350416770631977	0.686398611074831
PAPOLA	0.477544566719253	0.393069501788649	0.718518686903529
FXR1	0.0248273144183209	0.936732196919671	0.975861184119287
RAB5C	-0.118368637291244	0.537343533574676	0.816375700564489
RAB7A	-0.0809800352954113	0.625333544969694	0.855148902648446
RAB9A	0.622074310375197	0.00389421355314517	0.132368670631615
RAB13	0.254284571321669	0.750810273227575	0.913858819296976
RAB28	0.622517741406391	0.0118746985033704	0.21595639414436
DAP	-0.397162058818996	0.230170390931141	0.586634549177038
DUSP3	-0.0526838317600671	0.826769953465173	0.937008271963804
GALK1	0.00759995633105959	0.96058973541867	0.986465776486828
TPMT	-0.39436523324774	0.343362857333257	0.680977644998667
HCFC1	-0.0840998967011792	0.662457599295593	0.874180553615917
IRAK1	-0.288513567143998	0.436108269435993	0.752985494382681
PSMD7	0.394285658929377	0.118763284413252	0.457142853950506
STAT5B	-0.255911836298441	0.186580564717793	0.540193984909346
USP11	0.472135441801694	0.605253315044203	0.845244446102142
RPS6KA3	-0.0799249513812299	0.674082828947411	0.879903864060514
HDGF	-0.301522863893723	0.092046282914454	0.412622201101802
HNRNPA3	-0.777932337043346	0.0305251188569716	0.293602433100043
PGD	-0.378939796373878	0.0797549377469985	0.398105889162872
HNRNPM	0.227506698055613	0.318259119356526	0.662170218167823
KPNA2	-0.0293596443829713	0.8857290572241	0.95766856512537
RAP1GDS1	-0.0520011045020112	0.786133275250302	0.929408999038369
POLR2H	-0.0195631960276756	0.931054961234122	0.972673667682316
POLR2J	-0.369152025448667	0.0929490444693992	0.413663855308091
MAP2K6	-0.349208152362532	0.144613210852373	0.487724299203841
ARHGDIA	0.21973198295057	0.292913557056163	0.644826290296623
SLC7A2	1.47253502713408	0.362478501329745	0.695107360096682
AGFG1	0.513451095101345	0.104056321818163	0.432133525835381
HNRNPF	0.133342484212758	0.587468610418784	0.843163633804186
STAT2	-0.0208206959729438	0.91838827211147	0.967876012242264
GTF2A1	0.168442759545925	0.570838699226784	0.836314374813894
MSH6	-0.0305855564473063	0.902308697686472	0.962318323350734
KIF11	0.407782098654319	0.0465843562176428	0.327236208588746
VAV2	-0.0310840605980616	0.886920769771376	0.95766856512537
RIDA	-0.343313568603381	0.233024483935861	0.59003312848532
SMS	-0.586094201781115	0.0928429187876818	0.413663855308091
HK2	0.0614135134562801	0.810012695084369	0.932143155468031
THOP1	-0.589800607902419	0.0756746007201627	0.390565022605729
AKR1C2	-0.142343105429283	0.597097472881788	0.845039119449074
CAPZA1	0.300304960853403	0.227766276263231	0.583962595981248
CRIP2	0.534556855903606	0.0456394218823004	0.327236208588746
NUP98	-0.11267491644918	0.626403214966502	0.855777333388059
BLVRA	-0.00472429547151521	0.981873984829279	0.995102760781692
PPP5C	-0.432814638377469	0.110177270528574	0.444571393386725
PLK1	0.166203814812977	0.572485787563765	0.836883236265519
ARFIP2	-0.962038036640237	0.00511791469185811	0.149040340380797
ARFIP1	-0.518101744902204	0.189801907164424	0.54127231305657
NUBP1	-0.0279555102769251	0.974598274148276	0.990592775365152
ACLY	-0.4484532722918	0.0564155015034706	0.349634290033474
METAP1	0.137058406344089	0.528188076519049	0.81103853475136
MVD	-0.394287191232355	0.496727475396779	0.792765797914797
PGGT1B	-0.306610297121185	0.418180964344911	0.738925565147737
RABGGTB	-0.805749707937132	0.0119364980113288	0.21595639414436
COPB1	0.0770739114586405	0.776142216326784	0.922936485045813
COPA	0.321330242027994	0.230878507879304	0.587633243342119
CTSC	1.11569002696774	0.0696650815642968	0.374638846733613
LIMK1	-0.091419033056038	0.798411350201622	0.931406459033123
AP2S1	0.292110991027126	0.484311711380019	0.785553173063357
PLAAT3	0.0862291831588706	0.715466782375239	0.900635014670186
SLC16A1	-0.284199670646409	0.507366249638908	0.800049996439374
IST1	-0.23859386312224	0.219809428077808	0.576030913072731
SEC24C	-0.196964575967876	0.452136651911076	0.762659917613054
SUB1	0.109325492123677	0.549823281585106	0.823516047710702
CLNS1A	-0.120469297839968	0.484702856296612	0.785709473098362
RARS1	0.105943891320212	0.613775502265094	0.849114609480805
ATXN3	-0.137034965882723	0.460127586350044	0.769848766716237
ATN1	-0.557712993617997	0.0562676713282727	0.349634290033474
YARS1	0.219593836546547	0.371313571149127	0.701118511377112
USP14	-0.153726632773317	0.431721163417502	0.75141725679599
PRKAG1	-0.240993520945221	0.383973937336422	0.709949608425643
PRKAA2	0.367551702946663	0.372689720316753	0.701170672903169
HSPA2	0.411724002439737	0.0880615190672	0.407530902552361
ATP1B3	0.173176561857751	0.597446827280494	0.845039119449074
RAD23A	-0.18676114745276	0.404876972378663	0.727770451763154
RAD23B	-0.803100346034149	0.0172053047843965	0.245051282360235
PDE1A	0.683910267826207	0.0133956357676138	0.226264465965694
AK2	0.108432434982696	0.582375290017198	0.84135336182034
NAPA	-0.18619825077716	0.419322845841525	0.739563102181929
EIF5	-0.121666056194165	0.524566781773314	0.81103853475136
PSMD4	0.00915227591376322	0.960715727961741	0.986465776486828
DRG2	0.158222361648054	0.60122932597374	0.845039119449074
CSE1L	0.227746602265746	0.552684144380148	0.826290134821827
VCP	0.0375185990050291	0.824591427454763	0.937008271963804
MFAP1	0.0534816340833011	0.81356480315885	0.933664857485574
NAP1L1	-0.0535344243410805	0.821626834750763	0.93684115309415
CASP7	-0.276488798559299	0.508042175975783	0.800049996439374
CASP9	-0.423048860260437	0.154422880942049	0.500728992653277
CASP6	-0.312510622774958	0.355548892283254	0.689931949725626
ADK	-0.0603759980787792	0.746263087092255	0.910839472436957
ADAR	0.164241242266208	0.613814499463795	0.849114609480805
CDKN2D	-0.501222454747484	0.337511575132437	0.675899265876843
TPD52	-0.859727246044713	0.0221705523446019	0.267782157528643
SEC13	0.308042810104965	0.204942859450523	0.562873367123536
SNU13	0.189740055150374	0.427034738632875	0.746758159416359
NPEPPS	-0.175913942620291	0.418071489716027	0.738925565147737
EIF3B	0.10876876548534	0.501704919332003	0.795704430319131
BID	-0.0290401845291797	0.858059915751778	0.94847577605191
MARS1	0.0314926655448389	0.889199342223454	0.958853260840995
ARPP19	-0.168119626977656	0.401145122222647	0.725020936831194
HDAC4	0.404532213781778	0.059708107742398	0.355924045784887
EIF6	0.0691334044147602	0.742736042901301	0.910660278655962
BCAR1	-0.152346122330961	0.437400098352255	0.753187565095913
CFAP298	0.407401035961431	0.0863009103861003	0.407362375134145
WDR4	-0.787108986122412	0.0171870415056088	0.245051282360235
GEMIN4	2.40846514838206	0.029603348965848	0.293381725138372
NUP107	-0.157602136539765	0.522793094006962	0.810732019070627
EEFSEC	0.131046829000827	0.605982999674876	0.845244446102142
SESN2	0.366778732223686	0.193345440155658	0.547592471181478
EPPK1	0.184004284676725	0.275648127525583	0.627639976645262
MTPN	-0.220545523992062	0.320775871941998	0.66334991609121
ARPC4	-0.147316895815344	0.559555433195424	0.831389022050541
TPI1	-0.020682881596116	0.943642127922463	0.978556736018749
EIF3E	-0.0227596354925907	0.923140291299823	0.969325063728934
PTEN	-0.240719074328396	0.268603065658489	0.619080636771033
PPP4C	-0.269353832085045	0.257180229539424	0.61007767297736
GABARAPL2	-0.44567298663025	0.421328275522838	0.740963498269222
MYL6	-0.151025090156789	0.403007993084751	0.726493552276161
ACTB	0.0395194874672029	0.871075565720712	0.953998468086698
EIF4A1	-0.270408092751538	0.210757432522996	0.570213691144516
RPS20	0.504325373236046	0.0715697426538148	0.379999393194694
PRPS1	-0.255603706791547	0.726739032398283	0.906424297211646
PSMA6	0.0128736287996674	0.947460065269633	0.980167484003885
S100A10	0.601328247812006	0.112624753964945	0.448290433445894
CDC42	0.352877650938751	0.18709060337516	0.540193984909346
DSTN	-0.0627114555802173	0.854072043843109	0.94749870503564
GMFB	-0.0252082263545965	0.903711674800221	0.962508622401152
RAB8A	0.0996937678853627	0.660860576665007	0.872692929242063
SRP54	0.537974808645366	0.0270622844001523	0.29182370446788
RAB2A	-0.0434264108392952	0.818843806390071	0.93584302393407
RAB5B	-0.34381389567524	0.14520931934281	0.488719833365174
RAB10	-0.165955459878646	0.457942308427744	0.767438396591699
UBE2D2	-0.828500938211949	0.0685099364712651	0.373585272873631
UBE2M	0.164645572301751	0.596873068403423	0.845039119449074
UBE2K	0.202024743562653	0.406595377748592	0.729388336620706
UBE2N	-0.537216503771464	0.208141356588617	0.566217628904319
RAB14	-0.294404987881755	0.209118087425947	0.567213732025416
ACTR3	-1.63180116124191	0.00112398424892725	0.062797094771303
ACTR2	-0.216549071198429	0.306508489120246	0.656503331494254
ACTR1A	-0.0602389182460499	0.792455728699665	0.930895041204312
COPS2	0.434887973545958	0.0273290229157218	0.29182370446788
ARF3	-0.2736965549887	0.253567197020329	0.609857977117476
ABCE1	0.295996315429058	0.176978825477466	0.527388384502215
RAP1B	0.934459042107669	0.0651609394590228	0.36855106701633
RAP2B	-0.0924363857167663	0.835692937637606	0.939433073484683
RPS3A	-0.0839735568878659	0.642682768261209	0.862792329067432
RPL26	0.404166457430048	0.167492938254715	0.517272777325017
PSME3	0.189220439742723	0.501330141272813	0.795449532437991
RPL15	0.160556606095568	0.71240050949476	0.899785876464186
MAGOH	-0.498244892375109	0.263456757364628	0.613318067309252
RPL27	0.422768436019098	0.015730466060201	0.238774510373443
PCBD1	0.445504313616539	0.113553442456912	0.448700725363254
RPL37A	-0.209055394710052	0.345513916098731	0.681722353094915
NAA20	0.418206727290087	0.117057787888174	0.454587320825752
HSPE1	0.483467145925495	0.106134102019694	0.438479429456666
VBP1	0.186369424923488	0.438360763928506	0.754492171726877
STXBP1	0.0505888617823409	0.770067469200169	0.92160087457257
COPZ1	0.167110300647821	0.400228035347053	0.724278154158772
SUMO2	1.37415197066895	0.381506368745727	0.707616640032554
UFM1	0.156607027200899	0.553633441287549	0.826557600572331
DCAF7	-0.143081744014101	0.571910174636256	0.836700082263122
WDR5	0.205628002905325	0.473664043994218	0.779472759354426
AP1S1	0.321864783100033	0.27025471713155	0.620300511958517
NUTF2	-0.377291706033532	0.109162448154255	0.444571393386725
HNRNPK	0.245150551537204	0.221236324935106	0.577927047398166
YWHAG	0.54924522198187	0.017158947942858	0.245051282360235
RPS7	0.276258531008537	0.188827891930944	0.540853257645424
PPP1CA	0.153174423522316	0.464747246014927	0.772707277938018
PPP1CB	-0.768703590484073	0.00705220694089434	0.176451372062345
PSMC1	-0.0100763924207037	0.954614756778129	0.984280920140824
PSMC5	-0.132640359041964	0.500340367748494	0.795449532437991
RPS8	0.293124869364195	0.379044390369916	0.707092848702112
RPS15A	0.0189027761988925	0.915046934650101	0.966272921045688
RPS16	0.0648810378811646	0.730866936839849	0.906523517016731
UBE2H	0.0306532384996103	0.860162649060295	0.949069318571056
YWHAE	-0.506505564803859	0.336491579785553	0.675163450584836
RPS14	0.0302629787046698	0.881344250447429	0.957104537848055
RPS23	1.14887609903646	0.0167029650411806	0.244148194827794
RPS18	-0.105068689922479	0.682010275870151	0.882741269638969
RPS29	-1.52260050968575	0.160394122786951	0.509573942764618
RPS13	0.508782920030924	0.165318988235205	0.515615958259582
RPS11	0.0687962824111814	0.756203302334485	0.91659195824267
SNRPE	0.31656887208063	0.228162270414132	0.584321844837295
SNRPF	-1.75134734908501	0.000560287141367586	0.0421726848801987
LSM3	0.0927292461841276	0.656721653499756	0.870320137091688
LSM6	-0.576169843989334	0.100571915725466	0.427292393715924
SNRPD1	-0.0813862002226102	0.668495610179813	0.878094622632798
SNRPD2	-0.302611365298979	0.36436883033435	0.696101300016998
SNRPD3	-0.729532380749529	0.0458398937421542	0.327236208588746
TMSB4X	-0.71237478981346	0.0397761078985055	0.312558008228831
ARF6	-0.0935996590418	0.726996369242523	0.906424297211646
PSMC6	0.516138655976963	0.0290154709994296	0.293381725138372
TBPL1	-0.913687419947721	0.211089606422646	0.57047925633931
RPL7A	-0.446013482102913	0.0413926193350865	0.314550047953336
POLR2G	0.567107248818655	0.327327587402807	0.667223979587949
ETF1	-0.0173323585571588	0.935369269016266	0.974896421835677
YPEL5	0.0768244054175931	0.877223451006989	0.955661783624149
RPS4X	-0.209730400041689	0.447004354327696	0.758132442118539
PPP2CA	1.33670711514261	0.302628363271543	0.653372639962484
RPL23A	0.63715922937206	0.00359148032775497	0.127104199027976
RPS6	-0.182065539436692	0.490403850637301	0.78889208180442
H4C1	-0.360615598455826	0.597167083109874	0.845039119449074
RAB1A	-0.405415377313133	0.0992618564237792	0.425440667209646
RAN	0.0118872500232143	0.944988968211581	0.979246794722319
RPL23	0.352746271364651	0.169368474004567	0.519501740403941
RPS15	-0.0275284137020257	0.92910408952792	0.971454923096722
RPS24	0.453146970811432	0.109978099314403	0.444571393386725
RPS25	0.448304991675624	0.0640637140342511	0.366247325155811
RPS26	0.374827635795157	0.0580800413186864	0.353233115450472
RPS28	0.492029354119584	0.0882806560078741	0.407698570442607
FAU	0.217635061004643	0.441364282717843	0.754846279509156
GNB1	0.402507218532584	0.698548582806596	0.892029736669867
POLR2L	-0.393890051184975	0.245795017719605	0.605284483662064
RBX1	-0.256324196411597	0.264159729875962	0.614278821163376
RPL30	-0.0372412415570338	0.83446456966705	0.938804220672951
RPL39	0.159256979991053	0.535071559089003	0.815705184437897
RPL31	0.761471191792126	0.0133895152815913	0.226264465965694
RPL10A	0.0950059263671861	0.701407970174808	0.892524839346287
RPL32	0.0527622777092311	0.873732953710128	0.954096872167745
RPL11	0.17958265600279	0.358324454154858	0.692353302965165
RPL8	0.191901752065633	0.441032487444477	0.754846279509156
PPIA	-0.47115612602455	0.165110103685742	0.515615958259582
FKBP1A	0.131733767541299	0.525273918386104	0.81103853475136
GRB2	-0.846209384283263	0.000992372427832844	0.0604533760955221
RAC1	-0.814722051632017	0.295979803390178	0.647357827779813
AP2B1	0.248395530677456	0.158859801934498	0.508460830308867
GNAS	0.286944051290259	0.293780763188895	0.645206451542514
PPP3R1	-0.386731245585082	0.116008647160138	0.452334738038928
YWHAZ	0.153475890838273	0.356013778622607	0.690113302744709
UBE2B	-0.886786672328988	0.0319439219586668	0.295680538358866
PPP2R2A	-0.396476403607622	0.0796012127278271	0.398105889162872
SUMO1	-0.00383167003061757	0.987677379580391	0.998126766214507
DYNLT1	0.562122241815061	0.0348606953861927	0.30479912445978
RPL38	-0.147561959616951	0.576039126850219	0.838449430229304
SKP1	-0.801223985782595	0.0125424720655807	0.22049779030352
RPS21	-0.244341379015129	0.176659245095649	0.527124599428205
EIF5A	-0.132573947278253	0.547957565303182	0.822631304787416
RACK1	0.15572333765946	0.4428664412051	0.755944738409808
ACTG2	-0.220107008138772	0.758656144811072	0.917996168713104
SUPT4H1	-0.0927745590625371	0.637461725515491	0.860758638087052
UBE2I	-0.153162548238477	0.512771477185987	0.802974635155132
TMSB10	-0.0141440852597157	0.961985129838563	0.986600483483486
YBX1	0.187370439215094	0.410045912877924	0.732915157409507
TPM4	0.06576362214253	0.765727976066275	0.919071433805645
UBE2L3	0.257878324442071	0.191969680430077	0.544608431181323
EEF1A1	0.110207779468233	0.666551376819407	0.877871822334842
TUBA1B	7.08553020893982	0.00913040283619588	0.197688712403879
TUBA4A	-0.291266637393974	0.259528029427579	0.612710392219113
TUBB4B	-0.405271008168544	0.596759584381517	0.845039119449074
CSNK2A1	-0.500941783543329	0.0280818185081176	0.293381725138372
PAFAH1B2	0.546355065274668	0.0183392632617019	0.248717891534614
H3-3A	1.60993897812864	0.00169105235160749	0.080663832988337
IGBP1	0.150511400189409	0.59714425742226	0.845039119449074
PSPH	0.368557293107003	0.0869256255973399	0.407369169133068
EIF4G2	0.399051342409628	0.252394539650267	0.609857977117476
RPP38	-0.273837182976155	0.253808025193166	0.609857977117476
RPP30	0.188229625043007	0.400526318865432	0.724278154158772
GTF2I	0.15803384621454	0.613985725423822	0.849114609480805
PIP4K2B	0.0174084913032644	0.965435350806444	0.987430045991209
SRPK2	-0.0670236700816105	0.746858953852371	0.910839472436957
CCT2	0.0338192883208208	0.870468833654421	0.953615031208675
RAE1	0.128830100081583	0.468904924944309	0.776839367406622
GSTO1	-0.126975842038167	0.625415857761902	0.855148902648446
PRKDC	-0.368937320675016	0.396794869611955	0.721374625967723
CRADD	0.0823651939912011	0.864104092041938	0.951509914084917
IFI35	-0.00517297066524591	0.988757203295425	0.998126766214507
BASP1	0.0299051247898348	0.887054682766825	0.95766856512537
GPSM2	-3.6681695015793	0.0127692794738674	0.221726437780384
HMGN5	-0.443951673030391	0.197117725852746	0.55170549040575
SARNP	-0.450097367036879	0.151915697771387	0.497373332967818
COG7	0.778995483108531	0.263352869225614	0.613318067309252
RPL24	0.260896750868195	0.488091733633543	0.787553464819832
ARF1	0.580387285577551	0.213508261534	0.57107176817932
ARF5	-0.12756914803057	0.48167959502697	0.78413696130076
RHOG	0.426428525723409	0.120740300351074	0.459519739076342
RPL19	-0.0671032233311557	0.840287151005956	0.941081088950612
SRSF3	0.134978522702458	0.607735921800662	0.846123896549862
FOXK1	0.239141092203305	0.613416716079612	0.849114609480805
CCZ1	-0.642493335500845	0.226496809727056	0.582083622808374
DAB2	0.0234443776087048	0.92118620194425	0.969325063728934
RBM3	0.320735271990188	0.221776791651652	0.577927047398166
CYCS	0.27644553652539	0.6255615462628	0.855148902648446
MPP1	0.438637199229262	0.443389918109731	0.756216723267819
PITPNA	-0.31372181660101	0.167371366614742	0.517272777325017
HDLBP	0.428143330145236	0.0590213097787679	0.35589792320013
GTF2B	-0.0496859800045257	0.79958842743215	0.931406459033123
CDK6	-0.123434143610652	0.44014285660002	0.754846279509156
CDK5	0.331625251706768	0.135394353287658	0.477348592805442
PURA	0.456398090129792	0.0449475279569161	0.327221991939852
CLTC	-0.576869646617666	0.0509501646535101	0.341554131552474
HSF1	-0.343030087331858	0.109948968931274	0.444571393386725
NFKB2	0.595811729297896	0.0299598663380099	0.293381725138372
FKBP3	0.336170356276735	0.178367425059924	0.527723969636035
REEP5	1.12222266822733	0.0120714815078576	0.21595639414436
SORD	-0.162851966838574	0.52882748084941	0.81103853475136
HNRNPU	-0.0571564798851512	0.81779107990791	0.935625508909419
SPTBN1	0.0687754255145023	0.759097015404686	0.918230634519471
TIAL1	-0.538385760969192	0.0727712069740645	0.381844741989866
SET	0.227527737573279	0.472749883190782	0.778354283712507
SRSF2	-0.0554771409262962	0.856548849328584	0.94847577605191
GALK2	-0.10395904791821	0.709485053363542	0.898407213723721
AMPD2	-0.0252043752960986	0.89951679111341	0.961347252164921
FABP5	0.0999679805176399	0.615243748346434	0.849229472933652
CAP1	0.0691496372825142	0.817026162970525	0.935462265807556
HMGCS1	-0.329108744744293	0.137691112779444	0.479981402521964
IFITM3	-0.464337796063784	0.246416054445004	0.605943479336353
SLC7A5	0.0589651683194141	0.80942638854391	0.932143155468031
DR1	0.290145771440073	0.24479731985476	0.604429794405507
EXOSC10	0.38790183746838	0.393257034721625	0.718518686903529
OTUD4	-0.0707726755748332	0.830348756165314	0.938435516396078
PFKP	-0.254937548039965	0.235890192610287	0.593174529711704
EWSR1	0.299523715382193	0.360089235101288	0.692757588508038
OCRL	-0.0791902624802248	0.81977541177411	0.935878780384821
PLCB3	-1.7292633568393	0.0294277705536368	0.293381725138372
TAGLN	0.881856610613042	0.0195975092775787	0.254956883421085
COL7A1	-0.618058608320226	0.0389057380517742	0.312109020465815
RPL18A	0.120524324827741	0.611249747236297	0.847855192508429
MAP2K1	0.239394818301601	0.35725261557416	0.691792975233756
FKBP4	-0.128169008391545	0.454688792975932	0.764572150642429
RASSF7	0.73344583006503	0.110712326701076	0.444571393386725
RPL6	0.162369788053947	0.577198168685409	0.83852251477254
AKAP12	-0.251871601266327	0.254015643078609	0.609857977117476
DST	0.569607480606056	0.0267105459089378	0.290223358472552
GSTM4	-0.392827566396626	0.231955525661662	0.588359544954768
ACY1	0.048878782922479	0.832396377048284	0.938804220672951
TNFAIP2	-0.264666014465366	0.31110749183043	0.658388768552817
MVK	-0.120357783323708	0.608930384450166	0.846123896549862
RELA	-0.187521919627088	0.446502693917575	0.757973508724399
UBXN1	-0.701819644799475	0.110658427835881	0.444571393386725
GBE1	-0.034529613539739	0.910888490521006	0.963603251787753
EIF4G1	0.172270304758399	0.512210016531449	0.802974635155132
KRT17	0.354233050883114	0.0670599707438498	0.371932613856934
TLE3	0.054424569093495	0.787226444926801	0.929858064001269
GLO1	-0.182735283931422	0.500305135952201	0.795449532437991
REL	-0.547670207775511	0.541674514400238	0.819235854908947
YWHAH	0.238224318161812	0.186048846772216	0.539701416553905
PLP2	-0.452443655514962	0.0922681772898818	0.413069423408671
CSTF1	-0.624780958970568	0.071386623112083	0.379999393194694
UBE3A	3.08153424612217	0.00835886662543512	0.191774190416327
DNM1	2.63603360422516	0.000200259042756493	0.0218871353789156
PTPN12	-0.0613627688237415	0.73812224662297	0.908324322629472
PTK2	-0.229008445227716	0.483791859568155	0.785395609504266
PRKCZ	-0.766839508063796	0.00978540532050793	0.205438226954844
EEF1A2	-0.425069389274682	0.0272821857544427	0.29182370446788
PRKCD	-0.0498984554930466	0.766749714922728	0.919406886302956
CALD1	0.0374995400281222	0.879607855619506	0.956384012214971
FPGS	-0.361940469735067	0.133951254244666	0.476042778522666
PTPN11	-0.237444468430066	0.255365719158986	0.609857977117476
PPAT	-0.348511089607399	0.0796972141194086	0.398105889162872
GFPT1	0.142873879895511	0.376295253416794	0.704920173256733
EXOSC9	-0.52329779927171	0.160981155313642	0.510520198679104
PSME1	0.13924153109112	0.509424903211208	0.800771125352306
GABPA	-0.134875524662519	0.544118305059023	0.819906797309786
PRDX1	-0.40537846429136	0.0462349450276725	0.327236208588746
RPL18	0.0582157693216629	0.732490748128467	0.906759239775787
C1QBP	0.0558854741512747	0.923938184866398	0.969580454931047
TJP1	0.418024098822077	0.0700031126046757	0.375912668264415
ZFP36L1	1.81746156492594	0.00184168123173477	0.0855460932140802
BAX	-0.0383816854684937	0.882835964742559	0.95733870251955
POLE	0.370835732327979	0.363511012397237	0.695397727572846
KLC1	-0.0565063278174129	0.745221195374992	0.910839472436957
SRSF1	-0.109135279717222	0.763720872054555	0.918739644077283
ARHGAP1	0.0850615149180811	0.581957079737218	0.84135336182034
TLE5	-0.121942922820867	0.737243642502472	0.908324322629472
PPP3CA	-0.335715384625487	0.138254616365234	0.480631875704012
DHX9	-0.0759929904829697	0.927552591024257	0.970882514815817
CRYZ	-0.00386599586443026	0.983869729853356	0.996473130590098
GOLGA3	0.306960372975919	0.187762286170687	0.540193984909346
GOLGA2	0.341946939147068	0.426899036516815	0.746758159416359
PDE4D	-0.276604254932685	0.644444971610433	0.862914779461791
PUDP	0.0276159758033216	0.922323745937446	0.969325063728934
PPID	-0.698399431462555	0.00891999384028218	0.197688712403879
SSRP1	0.248688341129274	0.796123566271938	0.930895041204312
CAMSAP2	0.294539011192253	0.378183616814028	0.706431565266413
VAC14	0.457365491508963	0.613016676337213	0.849114609480805
NSUN2	-0.240197190134896	0.311831063684865	0.658388768552817
RBBP4	-0.738483236614094	0.0221396601502211	0.267782157528643
NCBP1	0.0813293845124861	0.710510317880186	0.898532656772004
AHNAK	-0.226588591966038	0.534874949374164	0.815705184437897
ELP6	-0.288285555266892	0.326276341599632	0.666432000018152
HSPA14	0.377773740020466	0.0835428387126017	0.402739789976593
SCRN3	-0.0492065358727132	0.820429597307061	0.936337955648968
GALNT2	0.197459910693741	0.559057702106465	0.830983368411049
AP1B1	0.207229459569504	0.35340499967104	0.689018774796909
CPSF1	-2.0568406926306	0.206455843743652	0.564359170440234
BST2	-1.85559965438795	0.00190768734791961	0.087518101047769
SCRN1	0.73850229479498	0.0015292277243661	0.0778439756677321
WASHC5	0.062759607024379	0.811990345824396	0.932776904317485
NUP160	-0.322658508259707	0.126638747936806	0.46699677417892
TWF1	-0.0788876466773516	0.688574017799721	0.887211961984641
TFCP2	-0.141170900381091	0.560502610997804	0.832132521960783
AKAP13	0.473884584619682	0.239911349446354	0.598695331717084
CDC20	0.190595720665854	0.307284769548331	0.657002418666052
GRSF1	0.319397791681432	0.688519042507555	0.887211961984641
MAP4K2	-0.255799845319917	0.465712467986217	0.77361981718229
SF3A3	-0.0416272074854795	0.801170675624852	0.931406459033123
DPYD	0.102595299916587	0.757217019971103	0.917334322958788
TP53BP1	-3.02179293070192	0.00330461583819183	0.12144013763804
IFRD2	0.0330489782751506	0.905880654321072	0.96295647071957
TRIM26	-0.0015534289491157	0.993247704657195	0.998892684846046
AIMP1	0.0182069198917496	0.931823375852055	0.972929380350164
ILF2	-0.229057524227574	0.376323439514995	0.704920173256733
ILF3	-0.153400782605775	0.488309682740417	0.787553464819832
TRAP1	-0.216727814167371	0.254855956347843	0.609857977117476
TRAF2	-0.162542557457229	0.602029399625226	0.845039119449074
MYO1E	-0.0278333774880153	0.908098735468904	0.963315701114031
PPP1R8	-0.375734279906577	0.44033091468898	0.754846279509156
PTP4A2	-0.416984661925667	0.0658202305891004	0.370027196473672
ABR	-0.46646454198212	0.345322717552334	0.681722353094915
NPRL3	-0.0929434263241262	0.775450265631011	0.922693943991302
MLLT11	0.635652901444477	0.0120570272143701	0.21595639414436
ARHGAP5	-0.472933428429084	0.0635350855419163	0.365919645525907
STRN3	-0.171903664229937	0.56664013910819	0.834374836764312
CDC16	0.816552182629714	0.00287420895209387	0.1112558381873
STK4	-0.064121759855464	0.731503533760057	0.906523517016731
FLII	0.1053541192225	0.64395593366851	0.862914779461791
COASY	0.0182905433249623	0.920767206598077	0.969325063728934
ACACA	0.0678710585152444	0.719425848103683	0.902779462359453
GPS1	0.114771685250901	0.77199991430059	0.922478087907616
USP4	-0.551324367010427	0.0887509583978156	0.408166536393914
CHAF1B	1.19729173156165	0.00722638520273891	0.179021649422519
IK	-0.445165637779855	0.511307490395568	0.802163905275828
MTAP	-0.257931736617142	0.160101149190343	0.509573942764618
PRKAA1	0.0412620314643242	0.871834171486179	0.954096872167745
PPFIA1	0.260226954437993	0.164944174317724	0.515615958259582
EIF2B5	-0.806825582618465	0.136773186816157	0.478577365545046
TARDBP	0.215090858375909	0.371258308378629	0.701118511377112
HNRNPA0	-0.308546446987492	0.124148385040711	0.462259918648579
PAK1	-0.227481816675642	0.342914647609744	0.680977644998667
AIMP2	0.489036226839467	0.107410160600833	0.441034427395243
FADD	0.0219994212905483	0.889832695552105	0.958853260840995
PRDX4	1.20850715719874	0.0213489258845748	0.265264840046204
MAP2K5	-1.00373146811513	0.248900705010667	0.608579430898545
MAPK7	-1.42016805567494	0.000263661029136951	0.0257832732703398
PAK2	0.162048078145862	0.421967182831311	0.741736069726183
CBX3	-0.290033777227883	0.197211552619015	0.55170549040575
STX5	0.245392365563809	0.504952143735119	0.798555124715028
PSMD2	-0.176981919245243	0.375560212523821	0.704483467813487
SELENBP1	-2.22738505589068	7.38000839906657e-05	0.0119235266134484
SRSF6	0.552324098470638	0.043083671096065	0.321921207332673
MAD2L1	0.0536353605931303	0.833851750204319	0.938804220672951
TRIM28	-0.169366465054317	0.493749784668313	0.790607294223536
G3BP1	0.44117320773551	0.106997416837708	0.439838243080396
NMI	-0.216898941939416	0.252439003799618	0.609857977117476
KCNAB2	-0.123829412573091	0.639499903473406	0.861072347621126
SKP2	0.0680767568043628	0.877004138498892	0.955661783624149
PABPC4	-0.39644739397967	0.18094919571825	0.530741581729846
IFIT5	-0.0599279173798948	0.781369020502729	0.926177760825564
EIF3I	-0.351438948391124	0.109972699092739	0.444571393386725
PPP2R5C	0.0608543537681498	0.815784072172275	0.935056635469517
CTBP1	0.166663991211518	0.544545203380127	0.819906797309786
PDCL	-0.136453051416083	0.538236009974995	0.816867824970859
TARBP1	-0.610958055518282	0.354693548961553	0.689712835134029
UBE2V1	0.167069713218382	0.343833117580501	0.680977644998667
DYNC1I2	0.0323038527724009	0.886867512480282	0.95766856512537
ORC2	2.23364072985908	4.45555894174675e-06	0.00137973808562758
ILK	0.197949987154935	0.328478659128112	0.668127833660871
SNTA1	0.288372582659303	0.305112205462624	0.655753010699312
SNTB2	0.102471215911098	0.727178506289846	0.906424297211646
XRCC4	0.253651632912778	0.412929741084901	0.734888370628109
TCOF1	0.329943226137186	0.366189238159511	0.697467559713348
SF3B2	0.0343690057852157	0.85978352206102	0.949069318571056
GOLGA4	-0.339858389385409	0.540420260142319	0.818338095635231
PDAP1	0.000583280529312447	0.998190593178024	0.999266229593086
FKBP5	-0.434476497457794	0.115787112878116	0.452334738038928
MYO9B	0.0351420746310502	0.895770374497731	0.959995334843398
ROCK1	-0.131197060031734	0.607157524215057	0.845968263960687
TNK1	-0.402336524407833	0.27396114509554	0.624947584515057
GAB1	0.640348367949144	0.30045197724957	0.652470514528047
BIRC2	-0.00733196036277306	0.985243309456749	0.996777603577805
PICALM	0.82866125318202	0.0131070698191236	0.224451020497066
SQSTM1	-0.0320066096501996	0.891895683773473	0.959271884486896
TUBB3	-0.271730806941143	0.796450651324762	0.930895041204312
PIN1	0.336925598037958	0.0968270803156628	0.41848781878013
EIF4EBP1	-0.800221880073	0.0407053229569164	0.312558008228831
RIPK1	-0.54837408679132	0.0645870193400722	0.367669167271917
HDAC1	0.14532191702299	0.605764269378411	0.845244446102142
CAMK2G	1.07760806554591	0.112788577592779	0.448290433445894
CAMK2D	0.0799693333284353	0.673590686925201	0.879903864060514
DCTN2	0.174234791859142	0.402318058169513	0.725734904931024
NAE1	1.12549279233031	0.0898150577561981	0.410476431802504
TDG	-0.390792263209821	0.154240320422842	0.500573825931251
ITPK1	0.180586393456352	0.38834778014765	0.714406114370627
SNW1	-0.203015450936345	0.392429854882479	0.718518686903529
IQGAP2	-1.13471791465848	0.0828184173823564	0.402592018746094
SNX1	-0.501184580401276	0.11536292854794	0.452334738038928
PWP1	-0.286314238682554	0.378749611655792	0.706897818640343
MTMR1	-0.219240329565775	0.291780130658461	0.643598443376194
MTMR2	-0.352937347786629	0.317812584162095	0.662170218167823
CUL1	-0.151891840065947	0.463999948545567	0.771833077440334
CUL2	0.0213732937902336	0.921392730090299	0.969325063728934
CUL3	0.100172017431085	0.714415596699808	0.900437426340256
CUL4A	0.0753226807853125	0.667818809039234	0.878080391660486
CUL4B	0.15310526067314	0.686503159151525	0.886283822684506
TP53BP2	-0.144066322433609	0.649512865389954	0.866402480393838
GFUS	0.151402424243507	0.355735252605749	0.689933297851233
RAB31	0.279976329187654	0.217252669682264	0.574771994032907
RAB32	1.80169275753376	0.00418893768863914	0.138982968312349
FHL1	-0.169551527425476	0.488984595841628	0.787631884762674
PMS2P11	-0.408351175819078	0.437362773938347	0.753187565095913
RIN1	0.197800021705344	0.315226193151119	0.661196718509019
AAMP	0.381248105158438	0.0859922406138825	0.407066453657563
ALKBH1	0.0397754390466361	0.889958260667544	0.958853260840995
ALCAM	0.63900218722754	0.403129629922886	0.726493552276161
SPTAN1	0.613868258691124	0.0173712090995289	0.245051282360235
GNL2	0.598858789443341	0.177770211722999	0.527723969636035
DDX39B	-1.82279626069176	0.147392246149087	0.490704922072043
BLMH	-0.0764524729330489	0.796379946180688	0.930895041204312
EXOSC2	0.22813867832955	0.48938019892486	0.787927564646785
PTK6	0.529589807860475	0.30283042656452	0.653372639962484
TUBB2A	-0.0942452077958258	0.643023400242207	0.862914779461791
KLF5	0.323305321402675	0.670376370562177	0.879269355026091
BYSL	0.483660617668754	0.0461007058411212	0.327236208588746
IDI1	-0.0233969811759316	0.907379470543571	0.963315701114031
CBFB	0.146953948450204	0.461716293047887	0.77042557025862
CKAP5	0.338070623871044	0.10192205046221	0.428372587154352
CIRBP	1.04347467622157	0.15104963164041	0.496558340653917
COTL1	-0.791447679167582	0.00491210632801174	0.147204734797513
COX17	0.9952073656331	0.0839571690816164	0.402798439694622
HNRNPD	0.202294103697781	0.469125847330417	0.77685070892909
IL18	-0.15507091588259	0.562881742026378	0.833342395630398
DSG2	-1.22759298385562	0.0883200616809199	0.407698570442607
BOP1	-0.878135728518057	0.188920217552142	0.540853257645424
UBE4A	0.057745080507889	0.858667658851405	0.948798400324656
SEPTIN6	-0.747769212840208	0.263541811424192	0.613318067309252
EIF3A	0.613533483414955	0.0443546795609082	0.327221991939852
ARHGEF7	0.38357527784056	0.369358179657108	0.699915857014692
UBAP2L	0.207517792438992	0.340760945940558	0.678874369629011
SCRIB	-0.0618859158076717	0.941493997385913	0.977523132848938
GIT2	-0.107269222849542	0.795706725472273	0.930895041204312
TTLL12	-0.0536999425337896	0.80872868492466	0.932143155468031
POLA2	0.702446435396649	0.14194077631034	0.485683171979028
DPYSL3	-0.452896336835426	0.0380919988805189	0.312109020465815
DCTN1	0.167441667272861	0.426340723018078	0.746246880233245
DYNC1H1	0.562321180256035	0.0825012199155695	0.402592018746094
EIF2B1	-0.145544602405611	0.494948500241772	0.790725978890123
EIF4A2	-0.386818377889206	0.220976118346559	0.577865767611409
ELOA	0.299256003189321	0.549393511226668	0.823506253423976
MAP7	2.26940703221637	0.221470788479147	0.577927047398166
CTTN	0.21348991974061	0.196840312514586	0.55170549040575
TRIM25	0.266999387014252	0.179378437722136	0.529865083128345
PTK2B	0.12942869480273	0.544169349828538	0.819906797309786
FAM50A	-0.481970818676253	0.0335303686502619	0.301568935250031
FRG1	-0.382725403277071	0.0826512720950701	0.402592018746094
GAMT	0.059841535662013	0.825993056283743	0.937008271963804
GALE	-0.222150986546144	0.319585302007148	0.662170218167823
PDE3A	0.388062494816246	0.0685657428968956	0.373585272873631
CAPRIN1	0.0660085981108693	0.800728971362534	0.931406459033123
BECN1	2.2807736983365	4.11697731927969e-06	0.00137973808562758
RBM39	0.493009806364189	0.0676002720577741	0.37341115571069
PRPSAP1	0.499008071216117	0.0177984477635509	0.246787432422967
MCM6	-0.0534805269852825	0.793956980915907	0.930895041204312
PLS1	-0.209525010149509	0.523255156737633	0.810732019070627
LAGE3	0.385525307642901	0.636950343633562	0.860452564410892
TRIP12	0.306528786981534	0.0939770926965736	0.415023837245628
PUM1	-0.359892695160269	0.285655371586406	0.63879333600855
ESPL1	0.548256414737327	0.507652010481894	0.800049996439374
CLINT1	0.174420061983756	0.430308812850621	0.750717158945027
SMC1A	0.30844399008771	0.32754525029268	0.667301617372587
GINS1	-0.31189024012436	0.1416254334065	0.485539181370869
LPIN1	0.124387555215943	0.800167354311436	0.931406459033123
USP10	0.130316863993492	0.564426073877153	0.833657796359292
GANAB	0.945812895554127	0.110495279457285	0.444571393386725
PPP2R5D	0.0776535015676032	0.733500315538434	0.907352587397077
COG2	-0.123550354116976	0.552616584687818	0.826290134821827
MVP	-0.121995476354741	0.484140103650026	0.785553173063357
CASP8	-0.225651923646083	0.412824193850828	0.734888370628109
NAA30	0.776051671950228	0.0141327570517742	0.231559201532651
CHD4	1.49232422519327	0.0323454073417639	0.295680538358866
LASP1	-0.448008933652616	0.080081545997866	0.398105889162872
PTGR1	-0.0944046627517885	0.701833933351025	0.892524839346287
DRAP1	2.98565486377149	0.000503042393711525	0.0406370768485223
KPNB1	0.230044500517497	0.243815248061485	0.604011641197652
NOLC1	0.213372101599901	0.265647733384224	0.616581497349018
NUMA1	-0.851581670829443	0.0604372747551628	0.357572329113375
PSME4	-0.123543618425465	0.622802715812471	0.854127195449403
GAPVD1	-0.197828392973733	0.384730052134343	0.710212058485454
NAA25	0.244144803529494	0.222858508263786	0.578290820078319
NCAPH	0.372800402449869	0.104316532371541	0.432634190058758
PCLAF	0.40202759450121	0.482539706931623	0.78473415796845
PSMD6	0.249732130368095	0.189940553343856	0.54127231305657
MORF4L2	-0.157249827995965	0.795194077173492	0.930895041204312
ABRAXAS2	-0.116951640541103	0.597936160884225	0.845039119449074
SEPTIN2	-0.0241732949536626	0.909524851643913	0.963603251787753
SART3	0.548007564976377	0.372863806943047	0.701170672903169
NCAPD2	0.282007279093065	0.223394413672499	0.578490342304534
SUZ12	-1.97989672854212	0.00248629812128824	0.101528393612166
EXOSC7	-0.339194704078654	0.344702983347772	0.680977644998667
TNIP1	0.950720893427068	0.0523787910930707	0.344213362076465
EFTUD2	-0.433862462769824	0.582348110643082	0.84135336182034
SNX17	-0.373656945041532	0.0665308292770689	0.371932613856934
RAB3GAP1	-0.16203888212895	0.541663748521733	0.819235854908947
KARS1	0.00764848684835329	0.963428352898956	0.987069136854844
SETDB1	-0.104299292599904	0.690264742279872	0.888262068432335
LRRC14	-0.218856328158129	0.238075499421922	0.595348960869355
POLD3	-0.467521666687173	0.134077516798639	0.476042778522666
EIF4H	-0.445613088316968	0.0943136826252078	0.415023837245628
ACAP2	-0.510363203198651	0.201376329003811	0.556533733756032
KIF14	0.376955579176748	0.434433242228274	0.752261849077477
EEA1	0.591596054422823	0.165396722886281	0.515615958259582
PDIA6	1.46110956555914	0.0688883302173416	0.3737066205659
PAFAH1B3	0.387593024749322	0.113520105500664	0.448700725363254
PEA15	-0.52131371267339	0.0312953560186213	0.294461400981247
PMVK	0.224817875629636	0.208704119824606	0.566918500927073
PLCB4	0.326766988809453	0.129122196632839	0.467804853257233
PLEC	0.144718816977417	0.545817695170622	0.821136584284398
PCM1	0.650964452217025	0.104630739920742	0.433453544643787
TCEAL1	-0.361702547426816	0.317008257425922	0.662170218167823
PPP2R5A	-1.32702096797156	0.000182237766323426	0.0211623606143078
PPA1	0.0693309097010655	0.76491841840328	0.919071433805645
PTGES3	-0.0687519229891222	0.808434983847968	0.932143155468031
STK38	0.0375183574561149	0.873370758692102	0.954096872167745
NONO	-0.328597401593782	0.152342438182037	0.498096984861883
PTPA	0.0134405448486916	0.955433482381141	0.984578707855885
QPRT	-0.265136646309145	0.302949692856663	0.653372639962484
RABEP1	-1.25189786014997	0.0548941321104935	0.349292114593483
RAB35	0.520395614522499	0.381417929739349	0.707616640032554
RBBP5	-1.14079516034947	0.180534368831002	0.530741581729846
RCN1	1.08384394045629	0.0474401439272641	0.329011803400948
RALBP1	-0.698557827289257	0.497546868476284	0.793506888716814
E2F5	0.189857982282948	0.592268636721369	0.845039119449074
LLGL1	0.035443131632281	0.855376404650978	0.947980530773347
LRRC41	0.109052362331141	0.678090583842653	0.881704435672958
PCBP1	-0.0145047556966169	0.959255656415042	0.986134848738751
PCBP2	0.115217698840048	0.561264240562783	0.832262576275
ELOC	0.751459738185773	0.0543025753414332	0.347508633521068
ELOB	-0.0861494025567282	0.640844525545309	0.861257959105378
RHEB	-0.0316522126962653	0.874741774604754	0.954917114856196
UBE3C	0.249309041801283	0.279294702979154	0.630308805973117
SF3B3	0.109886351401205	0.528220105753207	0.81103853475136
DLGAP5	-0.401324077241522	0.0732136677095414	0.381844741989866
RSU1	0.267671997207906	0.193501553999951	0.547592471181478
CNN3	-0.0690374886753915	0.743661275893567	0.910660278655962
RPS6KA1	-0.551879148202932	0.0290694673600862	0.293381725138372
SF3B4	0.0129681449178349	0.950253899360195	0.981703832922895
PPP1R7	0.136524843543032	0.506463536265231	0.799498088683772
SEC23A	0.385912297842026	0.108747936724044	0.444073992161041
SEC23B	-0.78639022920175	0.0941684776108636	0.415023837245628
CYTH1	-0.169844271424282	0.863377843308983	0.951456721748571
SF3A1	-0.22170040154878	0.325611494068363	0.666432000018152
STIL	-1.03423628266502	0.155895489849131	0.503308114925603
SKIC2	0.0817258960052243	0.745907612189117	0.910839472436957
SURF2	0.389223073138524	0.184775590739459	0.537722686993737
TAF7	0.73091667648584	0.00181773378344764	0.0855025156872332
MAPRE2	-0.54573745845401	0.0605255637815697	0.357572329113375
TRADD	0.104196995614423	0.649380975702777	0.866402480393838
TSN	0.0729559972439802	0.701691809928856	0.892524839346287
TARBP2	-0.05152956069578	0.792031217908536	0.930895041204312
SF1	0.314099744963009	0.121206896904591	0.459596764181084
TRIP10	0.141707344665335	0.572208542485181	0.836807140446648
TRIP11	-0.488347167721365	0.240974514692495	0.599773139047094
TRIP13	-0.220551537216043	0.291440185092072	0.64352631855923
OASL	0.892445750911499	0.174374852154632	0.525102877314921
NFKBIB	0.211113909939186	0.235545846113952	0.593174529711704
TRIP6	0.0856676297685155	0.757892609759328	0.917669904811229
MAPRE1	-0.148715071125245	0.588141609852167	0.843184499309665
TSC22D1	0.641105961358399	0.120912986838591	0.459519739076342
ELAVL1	0.171247279854192	0.458958842985224	0.768239216456348
NAB2	-0.195924994263052	0.472363511146664	0.778354283712507
TAB1	0.166824367833268	0.620672212904261	0.852091063626399
HERC1	-0.140564412116706	0.600140610763708	0.845039119449074
SLC1A5	0.451746802379837	0.102954206065365	0.430914634139834
MLF2	-0.0406343687759261	0.870291315353381	0.953615031208675
TOMM34	0.214162565549962	0.392958706839129	0.718518686903529
TBCE	-0.246413638980965	0.194213855415018	0.548313057845427
TBCC	-0.0713978934106372	0.785781809361801	0.92933329203961
UBE2V2	-0.132982133622129	0.457920041930902	0.767438396591699
STXBP2	-0.267210081637764	0.225650520335193	0.581071592208388
NEDD8	-0.15823200882366	0.585979372942325	0.842359516384403
RAB11B	-0.0441163905851525	0.817144917871724	0.935462265807556
ZYX	-0.276658503684921	0.346777887064017	0.68223925820888
SEPTIN7	0.420801995809342	0.320785737140986	0.66334991609121
ADRM1	0.172955225461045	0.578261692296245	0.839382987723769
CCDC6	-0.2428667240696	0.217733373186151	0.575460323442202
UAP1	0.137925497806286	0.707165500113496	0.897481898368085
E2F4	-0.814881127060847	0.0634346771000073	0.365919645525907
PDCD2	0.405509467251136	0.0687654269767394	0.373585272873631
PSMD5	0.11445553385218	0.677357427292318	0.881704435672958
PKN2	-0.203980144392602	0.357821072830178	0.692353302965165
DDB1	-0.297385488167876	0.166332398972198	0.516314857564326
PPP2R5E	0.44624570308633	0.0945977368533496	0.415023837245628
MAPK14	0.215046261046506	0.351805239823232	0.688191070213492
CDC37	-0.33402937374386	0.145327076390882	0.488719833365174
DPYSL2	0.131561482462498	0.500779995262191	0.795449532437991
CAMK4	-0.748228764638803	0.0155949115589109	0.238774510373443
RBBP7	-0.286534908131657	0.160337752900207	0.509573942764618
TAF9	-0.331713614970813	0.598451236501951	0.845039119449074
MEA1	0.128148065724719	0.706427676493414	0.896851809309711
SRSF7	0.413541907128707	0.0914983295745845	0.412130657817159
CPSF6	-0.224807730290745	0.229647060281964	0.585853274398273
SMN1	0.439432638467022	0.207430678177667	0.565275670945567
DBN1	-0.318447368514345	0.22529062836268	0.581071592208388
MAPKAPK3	1.14284142967071	0.123298627901606	0.461185859017136
NRF1	0.103429564827852	0.670573022643687	0.879269355026091
FSCN1	-0.626128426550935	0.0308343462498146	0.294461400981247
NDUFA5	-0.050072919283366	0.928034093817487	0.970882514815817
KYNU	-0.404730402371239	0.100686816445587	0.427292393715924
UBE2S	-0.0881008765468003	0.673180819698163	0.879903864060514
KYAT1	-0.385349073474565	0.278697173329188	0.630262723266166
GUK1	-0.314957250292004	0.425962201714891	0.745935693483758
HAGH	-0.189674180978084	0.58565505155496	0.842219106647922
H2AC18	0.197471853365414	0.833399081205252	0.938804220672951
HADH	-0.300596665626578	0.483201042517649	0.785122463487357
UGP2	0.426931666642169	0.0938678714826355	0.415023837245628
ATP6V1F	-0.361445968843874	0.0727726741175419	0.381844741989866
TXNRD1	-0.0220841209641414	0.926011704555928	0.970679688047906
TPD52L1	-0.276649836680225	0.249597531558435	0.608598705558493
HNRNPUL2	-0.814428333563825	0.0320389153382644	0.295680538358866
INF2	0.609671978364762	0.035958065471812	0.307880579016713
PDS5A	-0.00216592058312415	0.997273283950991	0.999140057597898
CLEC16A	-0.701982153228613	0.149950503944671	0.495303175696354
AAK1	-0.503715328164219	0.0514551473480066	0.34205246430267
WASHC4	0.461255608441245	0.565072887253213	0.8338800303628
SHROOM1	0.00441015196398098	0.98273623870731	0.995596473019728
ERCC6L	0.0355697927116196	0.867260761906144	0.952909814087294
TSR1	0.0469277113148721	0.796573430223176	0.930895041204312
TYSND1	0.898560567960292	0.103168296268133	0.430914634139834
IAH1	0.233744682475212	0.354340731712191	0.689597386998412
QRICH1	-0.0619965383947658	0.917545140621988	0.967536249305139
SMU1	-0.746882018659115	0.101764908417038	0.428265458298657
ATG2A	-0.608155419440397	0.049570201731505	0.337270146406928
AP5B1	3.19067627287684	0.00358968234717234	0.127104199027976
CTU2	-0.349498655578245	0.153623402121119	0.500573825931251
LRRFIP1	-0.0307675905800764	0.905548826842843	0.96295647071957
TRMT5	-0.519103083330844	0.0528789832410549	0.344213362076465
EML3	-0.0423618673297881	0.876962907962302	0.955661783624149
EDRF1	0.151950189183687	0.409513889281158	0.732669047938749
MAP7D1	0.155701151586616	0.646642792845012	0.864246128618466
UAP1L1	-0.674732178285435	0.0156868484482589	0.238774510373443
TKFC	-0.0381033827834045	0.850718220846761	0.945921277279044
LSM12	-0.719194035588576	0.0849099255430488	0.404001643172816
TBC1D25	0.184832086125802	0.606009097753112	0.845244446102142
CCDC88A	-0.860218282159416	0.380945229502822	0.707616640032554
RABL6	0.14539069000746	0.55591156278299	0.828627102808499
LGALSL	0.552203794011213	0.773038785667327	0.922478087907616
C5orf22	-0.351677671193396	0.127933992495732	0.46699677417892
VPS26B	0.343125776766435	0.415739133277672	0.736914329009112
PREPL	-0.0541231840832239	0.761882520045059	0.918739644077283
TBC1D10B	0.148675260230959	0.714582876823846	0.900437426340256
GRIPAP1	0.736182747577686	0.0209885309209307	0.263226659780488
FAM98B	0.410221194544292	0.189393022017894	0.541256379412525
PDCD4	0.111591393153688	0.618106931384143	0.85022604953709
CEP55	1.68484652940811	0.0170879696508447	0.245051282360235
TP53I3	0.0411816955034503	0.873617434504564	0.954096872167745
HIKESHI	-0.271313237955447	0.158357090143647	0.507945756005185
PHLDA2	0.898704197747406	0.0166638694614866	0.244148194827794
PDLIM3	-0.0559675836284335	0.803010290615777	0.932143155468031
SETMAR	-0.380815373388529	0.14023436672948	0.484734380010904
LACTB2	-0.201460547980602	0.604183739151695	0.845244446102142
PYCR3	0.131602497619088	0.502670685147211	0.79689601792109
KLHL26	1.01721948299006	0.248029223517369	0.607565322736021
SMUG1	-0.0172004240326871	0.966492582664526	0.987430045991209
SOWAHC	0.0493728154573745	0.830679838813124	0.938524256925986
HS1BP3	-0.391878483854601	0.563300633719555	0.833342395630398
WDR81	0.150207822693375	0.652661820315339	0.867016647326485
ACTBL2	0.0471067437656671	0.83351527048162	0.938804220672951
CCDC93	0.1167769727865	0.658757876286447	0.871821342900637
DCAF6	1.58476209655105	0.0126388668823062	0.22049779030352
ZC3H12A	0.0807093884162953	0.672077930441065	0.879690591588235
RILPL1	-0.462869581535955	0.233271304311865	0.590085886196658
PDZD11	-0.0152577519801866	0.961118768046556	0.986600483483486
DNAJC21	0.325982240353497	0.141064849362312	0.485539181370869
HERC4	0.139076688483744	0.74569066536478	0.910839472436957
PPP6R3	-0.540450388941231	0.734430856723256	0.907846075264002
DDX60L	0.120852862286441	0.702809260329285	0.89317346490548
EEF1AKMT2	-1.24924357647625	0.000524694423220536	0.0414843505678194
PSMG4	0.376560769948725	0.167557273353052	0.517272777325017
WDR44	-0.46681973872375	0.183638782325797	0.536479335788257
PRRC2B	0.13034441477167	0.55330052961175	0.826490830764627
TJAP1	0.303160987353671	0.26782834445854	0.618882470808275
RRP12	1.52781430270074	0.146114550521532	0.489956867552596
PCID2	-0.360505391206949	0.0711040472122344	0.379085565911999
SAMD9	0.391901915497282	0.135006694052726	0.477340509134092
SPECC1	-0.0524072200133077	0.940736848242503	0.97729329831399
PPP4R3B	-0.792188636013393	0.0452615995309698	0.327221991939852
SAMD4B	0.611677076187298	0.2552312875273	0.609857977117476
RABGAP1L	-0.140257811066007	0.525132549053451	0.81103853475136
TTC38	0.182454234254706	0.612440937216745	0.849114609480805
SNAP47	-0.0987495204565469	0.583738945113026	0.842070621133542
NUP188	-0.657312485949841	0.108255908465092	0.443267326108589
PHYHD1	0.0268540850766676	0.971753825314647	0.989195227030775
HP1BP3	-0.263316655928506	0.390858592792873	0.717604017202725
CEP170	0.553202417251846	0.132257119202734	0.473411557191922
HYI	-0.921274124359019	0.355044773681141	0.68975319498366
CC2D1B	-0.225766313537687	0.275356696853304	0.627360812695818
FNBP1L	-0.118657677379353	0.829100313721581	0.937594876990078
CHCHD2	0.229449940034588	0.306283000011524	0.656503331494254
DDX59	-0.769449109335572	0.0154177709485878	0.238718486853968
ARMH3	0.558003424348485	0.147634042754721	0.490704922072043
HECTD3	-0.00311733346415011	0.994121362104207	0.998927985138191
UBR4	0.752733837558711	0.0579082566172359	0.353233115450472
STXBP5	0.107335937125551	0.565528134758153	0.8338800303628
ARHGAP21	0.799974006701134	0.0770060143887868	0.392529971836395
CAMSAP1	-0.174094001952316	0.567983966065464	0.835561527276035
QNG1	-0.403982250645324	0.218918838896637	0.575682571912356
KANK4	0.511245157493512	0.0525006174289673	0.344213362076465
TSTD2	-0.0590584103696159	0.827283351270238	0.937008271963804
EEIG2	0.841149771232882	0.290443203852582	0.643198418066862
HENMT1	-0.126631048833303	0.571125657302683	0.836314374813894
RBM26	0.146934180864221	0.634332563041336	0.859274751675268
INTS11	-0.0224481318275309	0.889225651102118	0.958853260840995
CPTP	1.21662339531013	0.0580096758248001	0.353233115450472
DCAF8	1.15372727547409	0.25110027629158	0.609463505355657
RNASEH2B	-1.53193585440037	0.00488921180613177	0.147204734797513
DDI2	-0.129747822574963	0.568448371416261	0.835597358968032
NT5DC1	-0.424662662177262	0.0880644011704913	0.407530902552361
PXDC1	1.12296826793209	0.000285953704574668	0.0271161190152581
VPS53	0.493802547760108	0.0721714951010888	0.380950675846088
STRIP1	-1.71001716697853	0.000428438592583677	0.0353795068897988
RPRD2	0.197824324020168	0.554384307682625	0.827014085647786
RNF220	0.602838780188666	0.0875909489067066	0.407369169133068
RNF20	-0.55596834601679	0.436877482747325	0.752985494382681
PDE4DIP	1.59751774514108	0.249425853944694	0.608579430898545
ARHGEF16	0.0468984194805948	0.805194318175901	0.932143155468031
BROX	0.0277028476737549	0.879888412373445	0.956384012214971
FOCAD	0.891701750869856	0.0345370486176071	0.302687907224122
LYPLAL1	-0.0201863942132974	0.930418889156436	0.972282506216343
ECPAS	0.141440225077918	0.441455044240349	0.754846279509156
TUT7	0.487698126109454	0.220346362070351	0.57698225123742
DENND4C	-1.08483450300882	0.133730936602911	0.476042778522666
NAA35	-1.04015411866878	0.0496466012068325	0.337270146406928
CARMIL1	0.539963975167201	0.0390890692699192	0.312109020465815
FHIP2A	-0.166143579502737	0.381991114075701	0.707616640032554
RNF123	0.418878884158453	0.24005813892854	0.598695331717084
RNF213	0.619130614785064	0.273535203975541	0.624359224799209
TNS2	-0.15765809381146	0.516476006058171	0.806058311008888
KANK2	0.901049274623368	0.0142559311749638	0.231559201532651
WASHC2A	-0.75936901141219	0.462174404736659	0.770706514051765
FAM91A1	-0.145690267993835	0.449203366934968	0.759804702713183
TBC1D9B	-0.0168861329966319	0.958342836479737	0.986134848738751
MAP1S	-1.43740569413567	0.055888186762763	0.349634290033474
PPP2R2D	-0.603399587748132	0.381850378947225	0.707616640032554
ARL6IP4	-0.120504786784164	0.589901941223629	0.843890031360338
ATG16L1	0.143381936333157	0.746619510274693	0.910839472436957
TNS3	-2.22355270773766	0.0380651901250606	0.312109020465815
HAUS3	-0.0521422261341797	0.90263847198471	0.962318323350734
INTS3	-1.30630101607829	0.161182046376743	0.510615928675171
ARHGAP17	0.203819463750786	0.26830453726376	0.618882470808275
CWF19L1	0.0787889467977081	0.743703770408018	0.910660278655962
HEATR6	-0.0771204993186174	0.74678296638939	0.910839472436957
WWC2	-0.00234189158157605	0.99221978610378	0.998892684846046
ATL3	0.356304725511144	0.497756877717679	0.793506888716814
NXN	0.0106127558456564	0.94890836318942	0.980968812862282
IQSEC1	0.831229075770157	0.051445885413186	0.34205246430267
CIAPIN1	0.115613086530278	0.814738039678306	0.934619081832433
SMYD5	-0.328866001825197	0.270029065348529	0.620165640812814
PTRHD1	0.510576804254018	0.0160444698041359	0.239596826905658
OTUD7B	0.0616771280609925	0.897704644525785	0.960499985528037
NADSYN1	-0.138815067435093	0.518177417109827	0.806072682114148
ELP2	0.0660196588070932	0.831428850115408	0.938799637504969
TWF2	0.17227593144181	0.342473786310161	0.680916313498427
DESI1	-0.157007534900938	0.534531175151594	0.815705184437897
PPP4R3A	-0.475841342967637	0.100151447515951	0.427292393715924
RAB12	-0.126548169220598	0.536398947440307	0.815705184437897
SDE2	-0.483436669618918	0.369168548498316	0.699915857014692
KRT80	0.619994468799344	0.00640620341309594	0.167576069084892
PDE12	0.123289328049587	0.599899261257214	0.845039119449074
PRR5L	0.711032197816948	0.0952909400474822	0.415487960806579
NAA16	0.400749639446573	0.318091274033219	0.662170218167823
ALKBH2	-1.26132261169274	0.0840066713571937	0.402798439694622
HIBCH	-0.0644667863199793	0.754875082982842	0.9165116279241
RWDD4	-0.363652249452446	0.139329955763818	0.482712909933901
ARMC6	0.566847118330308	0.0686029233580623	0.373585272873631
TTI2	0.0303580338424787	0.891863623919036	0.959271884486896
ANKRD54	-0.237682436208292	0.481986268409324	0.784177308848095
JMJD6	-0.170639252464053	0.386054987134924	0.710892136864905
CAVIN1	-0.0951824837560409	0.630381657378074	0.858687037689488
ZCCHC8	1.32936189549399	0.011692150783024	0.21595639414436
MAST2	-0.891824280543645	0.26905684294543	0.619080636771033
DHX57	1.02785632094839	0.0251459082680406	0.28237105922956
CDC73	0.728087566040767	0.0217476879741425	0.266714219511266
PMF1	-0.144069613094722	0.631751665671829	0.858978847287419
FAM117B	-0.70946443588916	0.157471344445153	0.507074103949904
CC2D1A	0.476747614455704	0.055901799764423	0.349634290033474
TATDN1	-0.144436933040094	0.58877182097495	0.843762470784
METTL2B	-0.65152736637091	0.0291314112362501	0.293381725138372
DUS1L	-0.259930597497647	0.211624252847938	0.571015617954144
MED27	-0.0302952287990905	0.898081676078755	0.960499985528037
EDC4	-0.200230913435522	0.34718382189103	0.682611154575169
CEP85	-0.0553932895059646	0.785488037332456	0.92933329203961
PRMT9	-0.358279727590638	0.29719236804921	0.647722486610478
PRPF8	1.29730325789619	0.0185409538720922	0.249825219329993
NEK5	-0.555724270875828	0.0472164029095353	0.329011803400948
FBXO42	0.0372731888150497	0.968089613699105	0.987430045991209
SCYL2	-0.554708557641778	0.0248026847009984	0.280884923226342
TTC27	-0.131357272517814	0.494813531954096	0.790725978890123
WDR73	-1.09023347120661	0.0104204534543824	0.208299648972072
RPL22L1	0.361316454695135	0.674015866179645	0.879903864060514
PDXDC1	0.114735299684039	0.679539704766111	0.882001237481967
MEAK7	-0.151319533473849	0.847646294844764	0.943635000492253
PGM2L1	0.00405391302360769	0.987892119636727	0.998126766214507
AAGAB	0.731576623565733	0.0209331630207073	0.263226659780488
PSRC1	0.311892453148378	0.249149738122448	0.608579430898545
SKIC3	0.100980537775069	0.615439981326783	0.849229472933652
ULK3	0.321664747546251	0.52778004683101	0.81103853475136
INO80C	-0.0441724573944029	0.947337858475947	0.980167484003885
TTC33	-0.112961477507604	0.636954599736613	0.860452564410892
TRIM65	1.81686170431854	0.0691616238595619	0.374486695080728
BRAT1	0.353409246432662	0.127606351270735	0.46699677417892
LARP1	0.121648130655096	0.883817014903698	0.95766856512537
TRAF7	-0.939033818883306	0.325656760943358	0.666432000018152
BLOC1S3	-0.0380607081158182	0.896076918613374	0.959995334843398
RICTOR	0.507170632026728	0.144012386981768	0.487724299203841
WDR74	0.759026893564766	0.00515142582953643	0.149040340380797
FAM111B	-0.649317585796936	0.0111516985613386	0.213337104704225
NHS	-0.611689440214146	0.509816387466953	0.801047651512557
AFTPH	0.91130580915409	0.00439405502143142	0.141985290953384
FIP1L1	-1.40478598499817	0.0405193985638136	0.312558008228831
CRTC3	0.411188797177303	0.632003516463584	0.859006974096078
CRTC1	0.145106713540244	0.529239069790311	0.81103853475136
SASS6	-0.0418476037873035	0.909996236918843	0.963603251787753
LRSAM1	0.12389150328087	0.667866852076595	0.878080391660486
CWC27	-0.063782373979187	0.77464038906619	0.922566986522265
WDR82	0.916105269780523	0.0465980697816594	0.327236208588746
DPP8	0.349721713452858	0.231799467131622	0.588359544954768
RANBP10	0.030631490405689	0.858001409130994	0.94847577605191
PACS1	0.36863485145139	0.0638094537946146	0.365919645525907
MPRIP	1.74310077405739	0.0213636747124853	0.265264840046204
NAPRT	-0.165648662018814	0.570465116660849	0.836314374813894
DNMBP	-1.40625270902821	0.0310545972472526	0.294461400981247
GIGYF2	0.0471979543407528	0.917403672594025	0.967536249305139
THADA	0.366363310867179	0.289484397872151	0.642606942946783
HSDL2	0.422250664283986	0.194329466410772	0.548313057845427
KYAT3	-0.0663258105847291	0.783044901076116	0.927572474465683
NBEAL2	-0.150868080037693	0.349817188346435	0.685612168721178
GDPGP1	-0.20197651650264	0.422780842430533	0.742463899088782
RIPOR1	-0.292228180909728	0.133147781124581	0.474980825078756
NBEAL1	0.969931141722661	0.0436546659080908	0.325042697157667
ARHGEF18	0.109881473445917	0.865261871229018	0.951827447324279
TOM1L2	1.61873691270225	0.143918351882287	0.487724299203841
SYDE1	0.385590859532805	0.337585855077347	0.675899265876843
ANKS3	0.842347061111354	0.582523623120337	0.84135336182034
STXBP4	0.253877507784264	0.481750452812066	0.78413696130076
USP34	0.605060071622056	0.0570909290611492	0.350660979159059
RAPH1	0.490762734611845	0.106935670854588	0.439838243080396
UNC13D	-0.078033852357752	0.761446717022052	0.918739644077283
UBE2R2	-0.116642411170481	0.778131142143964	0.923960136890907
LARP4	0.396341942108279	0.071972265099108	0.380950675846088
MTSS2	-0.360439413987603	0.268958544211304	0.619080636771033
SUPT6H	0.10732896290753	0.712541214899046	0.899785876464186
SND1	0.481040664165551	0.0205544672737278	0.263226659780488
MARK2	-0.361442562852698	0.202933376595108	0.559006988456206
DDX46	0.126008770438212	0.708761450715627	0.898280201520897
RUFY3	-0.145237821807648	0.753713690157493	0.916192369193733
BZW1	-0.53185826092551	0.307188276270335	0.657002418666052
CYB5R4	-0.160300915276103	0.516721333002005	0.806072682114148
ASRGL1	-0.167974805186834	0.608493813221377	0.846123896549862
KCTD9	0.338390409268339	0.254652290827482	0.609857977117476
DHX30	1.91111318753527	0.0528893740559796	0.344213362076465
EIF3M	-0.292629132275479	0.142717668482541	0.486996194748505
MEPCE	-0.318805713374044	0.261296437410876	0.613233442446262
RRAGA	-0.930088246209614	0.0430389572570642	0.321921207332673
CYFIP1	0.137937777733939	0.927898292560246	0.970882514815817
GET4	-0.232111832306884	0.213216995926393	0.57107176817932
COPS6	-0.0861917787991402	0.64398211085278	0.862914779461791
ENOSF1	0.00437934536541462	0.986174342576316	0.997447974146323
MAEA	-0.471443595542503	0.107000476788126	0.439838243080396
TAOK1	0.795733044263891	0.0104766707749422	0.208299648972072
DPH6	1.17362016671352	0.29415985868666	0.645477672075772
MOB1A	-0.184595564227287	0.324646347958833	0.666432000018152
KDM3B	0.0719354354250257	0.753149844739968	0.915806552046375
RRM2B	0.471239682277577	0.524538719448027	0.81103853475136
STRADA	0.0957720057838074	0.85404523886368	0.94749870503564
MICAL3	-1.9490146393257	0.135136993009887	0.477347020936065
DYM	-0.0599935961698641	0.81270483050747	0.933254372733547
ZC3HAV1	0.240970718830667	0.218006289331056	0.575682571912356
EFL1	0.24062723907867	0.228729758003077	0.584566561719006
TRAPPC11	0.433902445025559	0.605100997779727	0.845244446102142
NEGR1	0.307206470314547	0.788446837226106	0.930126649897797
NUP54	-0.202386914511283	0.652980497484811	0.867016647326485
CCDC186	1.33921821893663	0.00898618614643149	0.197688712403879
ARMC9	0.520255625126996	0.0395595663722817	0.312109020465815
ZFYVE16	0.158700796880201	0.592749457357896	0.845039119449074
MON2	0.0891528188649673	0.700373329859263	0.892524839346287
DENND4A	-0.154699446832527	0.723725104317427	0.905273666204356
NUFIP2	0.22212219823443	0.577217597628675	0.83852251477254
SZRD1	-0.128022275831199	0.609090802817783	0.846123896549862
CLASP1	0.641698385772592	0.176136657062979	0.527124599428205
DHX29	-0.0684081554549678	0.835781953966728	0.939433073484683
COMMD6	0.299379069689877	0.384315488975786	0.709949608425643
TRMT11	0.220428422375303	0.257580482667815	0.610292300209118
HDDC2	-0.0764785149016838	0.937509541282503	0.975871090878186
HAUS6	0.689371049788409	0.0366531924063488	0.308348189861288
HEATR3	0.433228100124587	0.281616680364147	0.633173012186171
KIF21A	-0.296976745857176	0.141574207587291	0.485539181370869
HDGFL2	0.518331357468174	0.0612829906399285	0.360083223694969
DCXR	-0.492940830138927	0.257253679038726	0.61007767297736
BRAP	-1.55144183969516	0.101382919573137	0.427913129414227
R3HCC1L	0.107611043566145	0.569523459651524	0.836314374813894
CCDC91	1.50774630446427	0.160205651968847	0.509573942764618
TSEN54	1.02512558264679	0.170085984302179	0.519706523610732
PTAR1	0.487402321229059	0.46138377698325	0.770216583679136
ARPIN	-0.18275832871068	0.297064415121612	0.647722486610478
RABEPK	-0.702251287023515	0.068763240773734	0.373585272873631
HUWE1	0.125201571444435	0.599958463688539	0.845039119449074
YTHDF3	1.57426244745315	0.00498190660914843	0.148102119676765
CTU1	-0.128977962806665	0.845763614355255	0.943334739598919
UBE2Q1	-0.0983138171578943	0.631732747544505	0.858978847287419
PHLDB2	0.0984193031508767	0.724796593287472	0.905934793358979
TEDC1	-0.38338005964868	0.198034762372742	0.552081409889759
PATL1	-0.0508230342482214	0.832801117737825	0.938804220672951
MYPN	-0.288040292565444	0.304862107280213	0.655594670516939
PEG10	-0.0417307106043978	0.833472442904735	0.938804220672951
DPP9	-0.0521527473825287	0.800711421861195	0.931406459033123
TRPT1	0.69457336504842	0.0182703560623202	0.248717891534614
PRUNE1	-0.0743242036017158	0.783951790447703	0.92805506635988
SETD3	-0.131271049961498	0.564383384246643	0.833657796359292
RBM23	0.189952736443423	0.532070594058364	0.813986960692006
ISCA2	-0.384127907137461	0.26136948033775	0.613233442446262
PABPN1	2.65823918724051	4.82195868419331e-07	0.000255977121006605
METTL3	-0.971365595748086	0.0177922521859389	0.246787432422967
LDB1	-0.509706369217632	0.320301869023317	0.663087323281698
YRDC	-0.341366378328196	0.0662825432350085	0.371932613856934
PRPF39	-0.165438866499333	0.606410574087274	0.845244446102142
SAPCD2	0.922988018463101	0.00219670925010308	0.0971782330164647
RIMS1	0.333784985210318	0.170193956732031	0.519706523610732
SMG6	-0.111705649359365	0.812038020846896	0.932776904317485
BCL9L	-0.530777831257254	0.189110780054803	0.540982031319207
PHLDB1	-0.18660930657915	0.771932315958613	0.922478087907616
USP48	-0.176256709532836	0.477876207072399	0.781596824595525
NAA40	0.153627566816315	0.855153534985391	0.947980530773347
AACS	-0.460656583929392	0.0967320336549422	0.41848781878013
LUZP1	1.17873411777805	0.144066823782144	0.487724299203841
ALYREF	0.227414102217587	0.330799696334103	0.669527054236125
MDP1	0.813000215499816	0.0216649894030369	0.266714219511266
IQGAP3	0.139810714537433	0.533130130769884	0.814601795205957
VPS36	0.316435289623403	0.165750021349673	0.515851825239015
TAX1BP1	0.811120500299346	0.236248198055253	0.593174529711704
CAND1	0.207274893950427	0.314776920797363	0.661196718509019
GLCCI1	-0.0367617371358691	0.847616493345614	0.943635000492253
HOOK3	-0.634933465386435	0.260882544056884	0.613233442446262
THOC6	-0.601822496037475	0.054317553633096	0.347508633521068
METTL16	0.462195914961622	0.100571794410881	0.427292393715924
PARG	0.404888562815618	0.068303011728741	0.373585272873631
PPFIBP1	0.307553708795112	0.393309363927146	0.718518686903529
ZC3HC1	0.725933299365714	0.0254257827748952	0.283730356731263
NR2C2AP	-0.2738557068487	0.251322664129911	0.609605104377775
CCDC25	-0.399479219922181	0.178369565625097	0.527723969636035
RALGAPB	0.164881174807668	0.892999882415535	0.959995334843398
CARM1	0.119805311974989	0.460893676506169	0.770216583679136
NIT1	-0.0655230566215899	0.673616601656569	0.879903864060514
COMMD2	0.128002595563181	0.748252381814089	0.911940259370664
HEATR5A	0.730664764175959	0.073368446119689	0.381844741989866
SFR1	-0.0955235696241594	0.735024235644401	0.907846075264002
DDX42	1.89145030013843	0.00603114276221894	0.162403815249316
SPATS2	0.155127928267053	0.603183953273969	0.845244446102142
CACUL1	-0.331623198207119	0.359466266534659	0.692471045330633
DNAAF5	0.012232711312663	0.955247071898662	0.984578707855885
PTRH1	0.825960700151953	0.166771374053504	0.516435354985684
PTOV1	-0.839514549044722	0.0189616942515211	0.25164877085233
HOMER1	-0.612141350484862	0.314786366889228	0.661196718509019
CPNE8	-0.442650840870833	0.0729160274647952	0.381844741989866
GPSM1	-1.19091754870996	0.0390448094691634	0.312109020465815
HPS6	-0.675777447903499	0.0649827037014219	0.36855106701633
IRF2BP1	-0.454827718091963	0.571205035966223	0.836314374813894
CAMK1D	-0.33370741450474	0.262758306371482	0.613318067309252
ERC1	0.0352463395289924	0.882706239326901	0.95733870251955
ZNG1B	0.409910294359335	0.0763697927699944	0.391739047454995
CRLF3	-0.427367199838361	0.0765345932325959	0.391739047454995
ARMC8	0.104486099988591	0.745581342906076	0.910839472436957
PLD3	1.83068143106697	0.00836044640673978	0.191774190416327
ANKMY2	-0.0276810892906454	0.907244571300424	0.963315701114031
ERI1	-0.619548036941787	0.0511963539490656	0.341554131552474
LYSMD2	-1.41288839776984	0.0251519969335265	0.28237105922956
LIX1L	0.63952010944416	0.194550493445074	0.54852020761904
NUDCD3	-0.317248519553544	0.16943921134811	0.519501740403941
AHNAK2	0.396501199340886	0.113624161078262	0.448700725363254
KSR1	0.0390974229248222	0.873178558756206	0.954096872167745
CEP97	0.00170783959242726	0.996241248480737	0.998927985138191
NAXD	0.00146244205049584	0.993247539197385	0.998892684846046
MAP7D3	0.729605568064734	0.0300396893377703	0.293381725138372
CCDC117	0.331126388416394	0.472751781038517	0.778354283712507
FAM114A1	-0.169898616707744	0.666682097939592	0.877871822334842
GCC2	0.242551848227041	0.790950541007813	0.930895041204312
ZBTB8OS	0.0175955002024146	0.939549869234673	0.977152900665
UBR1	-0.186340084645256	0.553366304344024	0.826490830764627
UBR2	-0.429673870196506	0.650350037320665	0.866402480393838
CHERP	-0.220472337365532	0.766578828838212	0.919406886302956
CDAN1	0.174904078614407	0.392679651867703	0.718518686903529
ANKHD1	0.392080828111407	0.322057279327905	0.663999317632551
WWC1	-0.301735280004394	0.282343924054107	0.633568853734942
UEVLD	-0.445040810707408	0.392157684580753	0.718518686903529
NELFCD	0.162959706550193	0.348884617102541	0.684868059774454
SIRT2	-0.303469738854048	0.264884584552913	0.615579184614524
C9orf40	-0.237307272061383	0.801093506881145	0.931406459033123
GPALPP1	0.106545575396932	0.64583383294775	0.863901556239683
RPAP2	0.325576758806807	0.157902016442546	0.507164003871426
CMIP	0.322271679474916	0.280478448158261	0.631588221246707
AMN1	-0.15211068489635	0.631112710493966	0.858738495860702
MB21D2	0.327041656296345	0.25357588740446	0.609857977117476
DIS3L2	0.407817270243466	0.23393835874862	0.591370708238007
GSPT2	-0.217210068356316	0.479082152466738	0.78203391427582
EXOC8	-0.6572301685976	0.59357388784514	0.845039119449074
TRMT44	1.17804974420602	0.131861831093371	0.472971587203637
PM20D2	-0.792418654471682	0.0206850849851912	0.263226659780488
CMTR2	0.0719688927835769	0.804385726674529	0.932143155468031
ANKRD13A	0.0546626823058602	0.774458330417088	0.922566986522265
PHACTR4	0.657986685996903	0.0188167637741666	0.250620409264527
TRMT2A	0.222885570049652	0.493299368538053	0.790607294223536
RPUSD2	0.321130862222176	0.311105737944792	0.658388768552817
ALDH16A1	0.200549469175137	0.428201745300647	0.748019728720336
SCYL3	-0.170667183520408	0.638430241856703	0.861072347621126
XRN1	0.929548781528947	0.0715822323025527	0.379999393194694
PELP1	-0.108909728694179	0.576270323223527	0.838457525880434
ABI1	-0.00404617906235671	0.988361925903151	0.998126766214507
FCSK	0.202390438728965	0.53372172332212	0.815170540018495
SPART	0.0736369559625381	0.793901686167932	0.930895041204312
SPICE1	1.91674655471598	0.0176283786379546	0.246267124130223
TTC5	0.707699100441378	0.0920516159078025	0.412622201101802
RPTOR	-0.045374896574252	0.973258063168395	0.990042968172394
ADSS1	-0.0688038488843148	0.721596862598679	0.904368951573927
CCAR2	-0.0667331405692302	0.758527741877255	0.917996168713104
VPS52	0.618918600877024	0.021949651834256	0.267782157528643
NUP93	0.218099654343902	0.216852597218391	0.574771994032907
CMTR1	-0.294676051476195	0.163426582578775	0.513461640372166
LRRC47	-0.155384885088832	0.470060200149356	0.777021220531587
CA13	-0.166603346189156	0.369784867206894	0.700367261233852
RUSC2	-0.997870697305508	0.0601109517491621	0.357395674719818
GPD1L	-0.360468474543197	0.0820851454497795	0.402592018746094
ARHGAP18	0.201176428156582	0.228513880282162	0.584416778477985
ASCC3	0.289837031979673	0.461372971133314	0.770216583679136
EHBP1L1	0.474407459630349	0.0967535417204144	0.41848781878013
PALS1	-0.42335588844545	0.0575097748034855	0.352650698299921
FNBP4	0.155459033752891	0.719599775971124	0.902779462359453
MINK1	-0.617779787002902	0.470012273054365	0.777021220531587
CARNMT1	0.361380624272407	0.493084488954068	0.790607294223536
OGFOD1	-0.115173745482551	0.598682519019239	0.845039119449074
OXR1	-0.755898021839066	0.0221950765658832	0.267782157528643
TTC39C	0.068440038176977	0.791627424390721	0.930895041204312
WDTC1	0.201807433438301	0.614543916536806	0.849163583163809
RPP25L	0.576671084756818	0.033512230217956	0.301568935250031
TTC9C	-0.10448378458349	0.821151909352485	0.93684115309415
CAMKK1	0.0518288146371191	0.823525737159208	0.937008271963804
NGEF	0.100752942585245	0.902735633563117	0.962318323350734
RFLNB	0.496527372663085	0.167911430270887	0.517433335814691
COMMD1	0.266125333378838	0.527554574347231	0.81103853475136
ARFGAP2	0.159189045904725	0.524685428669113	0.81103853475136
OTUD6B	0.00922091954091897	0.969868671648916	0.987989632111547
C1orf52	-0.101070159267323	0.514371187539177	0.804801403324455
METTL13	1.79042491457741	0.0511340398753329	0.341554131552474
ARFGAP1	-0.161301877784869	0.564805242777948	0.833856290092513
PAF1	-0.42071323936392	0.527226357882293	0.81103853475136
UBR7	0.510733181093116	0.0568462535479943	0.350660979159059
CGAS	1.39988489034184	0.148724459750719	0.492727495238322
ANKRD44	0.105649783978034	0.662811971451088	0.874337694679533
PTGR2	-0.0421573226467871	0.889442872800662	0.958853260840995
ENAH	1.19642547210304	0.0458654335047716	0.327236208588746
ABTB2	0.698471522650983	0.0195633169495927	0.254956883421085
RLIG1	0.377391465280589	0.690615074178185	0.888309316596101
TMEM102	-0.177219387253167	0.847215991857546	0.943635000492253
ASCC1	1.43246037745917	0.119448194969404	0.457925547765484
LRRC57	-0.731425704231363	0.0144154763349239	0.231559201532651
EIF1AD	0.235390511655453	0.170185914922869	0.519706523610732
USP38	-1.00930996139893	0.00644870233561344	0.167576069084892
MLKL	-0.0592362622074596	0.795997967999838	0.930895041204312
ANKRD52	0.0376242325003631	0.88288475068205	0.95733870251955
AFG2A	-0.0215894096501152	0.925451304713592	0.970365984287728
NHLRC2	-0.467370642453535	0.319680670450235	0.662170218167823
AVL9	0.0992070362502631	0.76626335481959	0.919406886302956
SUMF2	1.90168643315031	0.063771543219559	0.365919645525907
TXNDC5	1.46351766233738	0.020207992284098	0.259837021895184
SPC24	-0.609415725892156	0.234934130476549	0.593011462066356
SERBP1	-0.0810130437749379	0.745124761168319	0.910839472436957
FAM98A	-0.513636130770283	0.154002258054901	0.500573825931251
TSEN2	0.342011281925124	0.544224975919236	0.819906797309786
NFATC2IP	-0.394168046655011	0.393150382265582	0.718518686903529
NAXE	0.295030112767122	0.125583369031677	0.464808565061465
SMG8	0.534426068190925	0.23506616889767	0.593011462066356
RNF214	-1.09822095841364	0.00860807149886884	0.193864204180586
MAPK1IP1L	0.346346424402686	0.480386627662042	0.783289472747762
NPEPL1	0.0893226505781648	0.780493508459395	0.925676553971891
EHBP1	-0.498434446608115	0.0147730454405293	0.232542794392372
ABCF1	0.164562265709979	0.514963204005441	0.804807028954734
PIK3C3	1.11505964176001	0.0866028730774959	0.407362375134145
GSTCD	-0.302666118661115	0.346811076091651	0.68223925820888
DDHD1	-0.819952266116061	0.0112045301660604	0.213337104704225
SHCBP1	-0.0160858653319238	0.940478724925065	0.97729329831399
APPL2	-0.205032741149907	0.726091301466292	0.906424297211646
NAV1	0.80262246836385	0.0343756364576414	0.302687907224122
VPS37A	-0.0769914044238149	0.76481089665099	0.919071433805645
FBXO22	-0.0536540086763715	0.795628826007266	0.930895041204312
LPCAT1	0.288046973745406	0.468729536402768	0.776839367406622
ZMIZ2	-0.499117635764129	0.027004705747318	0.29182370446788
USP32	0.439382418129721	0.127265499020655	0.46699677417892
FLAD1	0.484805039318552	0.176345922605528	0.527124599428205
NUP43	0.339436665009465	0.261894906663675	0.613233442446262
NUP37	-0.177469409973231	0.800164376600777	0.931406459033123
IPMK	0.493368457126287	0.470717144454551	0.777668443313201
CMAS	-1.7582764398027	0.0412815054769031	0.314348513016746
FBH1	-0.0435648534687658	0.901513112155977	0.962318323350734
HELB	0.511256021400584	0.130457229307437	0.470202777988785
KNL1	-1.74777541366382	0.0528917733438271	0.344213362076465
TTL	0.169541507640961	0.337870025605346	0.676080047035985
MOSPD2	-0.297048586164454	0.333284984902446	0.671995118772375
NEDD1	0.323490129768683	0.444231961397603	0.756478423790729
CDC26	-0.0870416228687283	0.78576264766143	0.92933329203961
WDR36	-0.00356619608808018	0.996049812759914	0.998927985138191
JOSD2	0.196682789234409	0.60978942712244	0.846777844240279
WDR48	0.147366582436945	0.606188851299992	0.845244446102142
CEP76	-0.424556012529713	0.113037711555114	0.448290433445894
PPP1R35	0.944964775557672	0.008892554669656	0.197688712403879
NPLOC4	0.0987176187099621	0.615779994638601	0.849383244275071
CXorf38	0.284429863846931	0.471452160428268	0.777668443313201
FBXO30	0.160211612020049	0.543201726679961	0.819544302209799
SHKBP1	1.79798220598039	0.124822998729631	0.463116665855452
ZCRB1	0.186442219623697	0.444409833626893	0.756478423790729
RAB3IL1	-0.0749934381736601	0.773450995563055	0.922478087907616
TMEM167A	1.158245484167	0.0462153490745662	0.327236208588746
PIP4K2C	-0.0673934813308072	0.778533010593285	0.923960136890907
TRMT10A	0.530072792243146	0.197461868202273	0.55170549040575
TBC1D15	-0.197365081425435	0.494900031808545	0.790725978890123
IFI44	-0.473268463663473	0.111402287635608	0.445130000918193
NT5C	-0.454657821461552	0.0406285483098916	0.312558008228831
CIP2A	-0.0326609426442701	0.87622339695139	0.955543778582473
ALMS1	0.797653152703077	0.0167539800002927	0.244148194827794
URGCP	-0.670446033186629	0.0225230105441291	0.26928974966489
BICD2	0.312047017053018	0.763506678579565	0.918739644077283
NEK9	0.0383316642510607	0.962060643672129	0.986600483483486
BRIX1	0.280462081506453	0.406698771118973	0.729388336620706
RNASEH2C	-1.42075515853622	0.0668969596517843	0.371932613856934
GNPDA2	-0.0861897068490194	0.723699415121172	0.905273666204356
NEK7	0.627272306313152	0.0186252691580892	0.249825219329993
MICAL1	0.0458049594942551	0.965812209162742	0.987430045991209
ELP5	-0.252408170416118	0.335518160955075	0.673938100599492
SSH3	-1.01023350508005	0.00990961479393304	0.20572138868299
NSUN6	-0.107464245611659	0.900722771759606	0.962318323350734
DTD1	-0.421776653912289	0.0647600415851841	0.367963783685847
DCAF11	-0.131147879714533	0.669485619793396	0.878773777164345
TRPC4AP	-0.149528953370694	0.363605431828321	0.695397727572846
CEP192	0.433448655446377	0.671872195020138	0.879690591588235
GEMIN5	0.540462324816637	0.0174094560126754	0.245051282360235
ARHGEF40	0.917467735502662	0.0223423510973037	0.2686866559145
RAPGEF6	-0.850694698299456	0.435204832781854	0.752393761014703
PARD3	-0.115035993639957	0.738556525929694	0.908324322629472
IPO4	-0.0771910056458438	0.721493040497966	0.904368951573927
PPP4R1	-0.193198523748805	0.844325276631488	0.942337667285009
DYNLRB1	0.566841597464201	0.0316084100330621	0.295117717796128
DIS3L	-0.0293457079804611	0.934573590439546	0.974705434205263
GIPC3	0.0675234338622168	0.827496302493026	0.937008271963804
ABHD5	0.215817456859099	0.439947823200644	0.754846279509156
SETD7	0.150850159953784	0.485927593927954	0.786115341330552
SCARB1	0.028265111063277	0.897270404966801	0.960499985528037
COG1	0.174721936436619	0.809557575058578	0.932143155468031
PYROXD1	0.539612023170029	0.0456968916798229	0.327236208588746
SMAP2	0.590572008536569	0.0158939385556637	0.239596826905658
ZC3H15	-0.138773201523609	0.500223650823541	0.795449532437991
TBC1D22A	-1.22767878565428	0.263499156439935	0.613318067309252
CCDC12	-0.492733450420989	0.254055040156692	0.609857977117476
PPP1R13L	-0.0411255294038639	0.858120441088946	0.94847577605191
CHURC1	-0.353257835575175	0.239484237622621	0.598066819224234
TMEM263	-0.0270359375351603	0.907899985056515	0.963315701114031
HDAC7	0.281780715957023	0.244738365891605	0.604429794405507
STYX	-0.0305781922241088	0.885698207954364	0.95766856512537
NUP133	-0.582465819376289	0.409953336535183	0.732915157409507
PDCD6IP	0.185553833772254	0.39954093256906	0.724241027037378
C15orf40	0.238722433786073	0.365594324750866	0.697239068733309
CHAC2	0.427446596451311	0.170624854360897	0.519706523610732
CHMP7	-0.125979632555794	0.644185192840155	0.862914779461791
LTO1	-0.35026628567503	0.257033576502718	0.61007767297736
CHTF18	0.806939867160828	0.100573026116377	0.427292393715924
NUDCD2	0.217139194068807	0.249388690105588	0.608579430898545
SNRNP27	1.27040559159359	0.515834161673133	0.805394850746792
SKA2	0.136722948213357	0.575275984613687	0.838323748558612
ANKRD49	-0.229079899069252	0.734821041734779	0.907846075264002
SCFD1	0.273914602412248	0.852879217689321	0.947463910120636
UBLCP1	-0.0240392047189744	0.931765402876683	0.972929380350164
PCNP	-0.588234047812332	0.0704049089778747	0.376492598098046
DNAJA4	0.0332899677544702	0.847331866349086	0.943635000492253
TRUB1	0.291784887701368	0.255026631887505	0.609857977117476
LMO7	-0.0381404017379552	0.873533586090328	0.954096872167745
SPIRE2	-0.630922734734281	0.389690572837183	0.716167244640441
ATXN2L	0.838021645283945	0.0894153572404906	0.410206750006991
ARAP3	0.158256462879464	0.774792062339309	0.922566986522265
PRPF31	0.13197084302854	0.530685631379616	0.812537208985023
NELFB	-0.0517792735771714	0.80348605755986	0.932143155468031
PALLD	0.0303199903591533	0.864194284186382	0.951509914084917
GEMIN6	0.707713781466381	0.14577395021201	0.489336945788463
CASKIN2	0.651174131368126	0.172182543340438	0.522637968974501
MADD	0.0653456584608243	0.782433714557025	0.927144031662598
MYO3B	0.324694540547764	0.168346852260485	0.517433335814691
DNAJC9	0.19031145527207	0.673937363062206	0.879903864060514
CTNNBL1	0.627869841221141	0.0836692997475591	0.402739789976593
ATG4A	0.0847375144283937	0.721896997241467	0.904440068020664
LZIC	-0.700872789298604	0.0597250499042376	0.355924045784887
IRGQ	-0.227968643154082	0.411517808837287	0.734133546634354
DDX1	0.115826688587912	0.624612356440721	0.855148902648446
SEC14L1	-0.0686939422913397	0.807727849241249	0.932143155468031
PSMF1	0.0137232369490299	0.96730255519257	0.987430045991209
GBF1	0.389704279808598	0.196956187896411	0.55170549040575
RTF1	0.19708026899977	0.311808383523127	0.658388768552817
RGP1	-0.348211529860329	0.408109729771248	0.731212997025052
IP6K1	-1.1782895099052	0.0226237148944742	0.26928974966489
AP3S1	-0.127147146156069	0.478893618523894	0.78203391427582
TSC1	0.417621829537268	0.222243743469316	0.577927047398166
NDRG1	0.272043575025137	0.24558270019913	0.605284483662064
HSPH1	-0.314160062955878	0.101124793171103	0.427508226875791
CNOT9	0.594223840249533	0.0146123185888679	0.232048614855696
MYO18A	-0.383451539918738	0.093596063042782	0.415023837245628
LARP4B	0.151484540329232	0.587739531492506	0.843163633804186
GCN1	0.333993160442454	0.205839688790683	0.564359170440234
ARHGAP45	0.880896388920558	0.229000168015368	0.584855411921037
DHX38	1.39310859075484	0.0014304991278108	0.0770396341876077
NUP205	0.020374013400918	0.918202517086976	0.967876012242264
ANKS1A	-0.340298056318016	0.379933065195497	0.707616640032554
ANP32B	0.0406392303471179	0.823679214365193	0.937008271963804
RABGGTA	0.099949008715484	0.643854363382045	0.862914779461791
PRCC	0.873856814911996	0.029372185117341	0.293381725138372
TFG	0.118933119821914	0.587823863650485	0.843163633804186
ARPC1A	-0.123351752123074	0.597944104389654	0.845039119449074
HDAC2	1.74662946574319	0.0196516366802311	0.254956883421085
STAM	-1.20567875452391	0.160202367399939	0.509573942764618
DDX17	-0.149106504975634	0.538223988516447	0.816867824970859
KIFAP3	0.554531356056657	0.182661955274629	0.534887175571726
PMM1	-0.43080911780433	0.731574962812205	0.906523517016731
RAD50	-0.757687333500883	0.23462678491544	0.592707772090943
OSTF1	0.0727515892358248	0.796751346022127	0.930895041204312
ARHGEF1	-0.092824597063391	0.614645468913042	0.849163583163809
ERCC4	-1.00151318676748	0.207652059031047	0.565300403926278
UFD1	0.57943882045414	0.053617449119777	0.345795956288518
UPF1	0.388719761120282	0.0392603021063496	0.312109020465815
COPS5	0.113304879636733	0.576013446912716	0.838449430229304
GPKOW	-0.85976750942784	0.225296601332504	0.581071592208388
SMARCC1	-0.773025641339011	0.0377397686076534	0.312109020465815
BAD	-0.141904219881692	0.811566859451454	0.932776904317485
KHSRP	0.190511071267977	0.655977347512835	0.869643889888582
TNPO1	0.134328910311751	0.684026291364501	0.884426478326543
ARHGEF2	0.457264996439392	0.34042447057194	0.678744375753235
EMG1	0.532636863105072	0.233091666473749	0.59003312848532
CLP1	-0.0393913143844351	0.841241628607644	0.941298973774768
GLMN	-0.0776661128895668	0.741124745288532	0.909818154440761
USP13	-0.319937018352078	0.398581287380666	0.723033038610853
USP9X	-0.131039364241353	0.659993999144979	0.872063950624946
USP7	-0.345269381881067	0.222086643045259	0.577927047398166
NAA80	0.336973882723701	0.090655166931504	0.410476431802504
CUL5	0.362922852302713	0.318057069073688	0.662170218167823
LPP	-0.271354182659429	0.27341886273872	0.624359224799209
RBPMS	0.448397228758502	0.138265736040794	0.480631875704012
PHKB	-0.650587620844053	0.0445664483039681	0.327221991939852
TSR2	0.43549674722723	0.0971566462319881	0.418615432376514
HPS3	-0.0915464789792679	0.650501324084717	0.866402480393838
RFK	-0.560611347777787	0.0460690271994443	0.327236208588746
MYDGF	1.33847168378887	0.0160976546765402	0.239596826905658
BORCS5	-0.0932601882407553	0.80996785756483	0.932143155468031
RNF34	-0.314230337850514	0.333079578491593	0.671945555740913
LSM10	-0.942689511727387	0.110335909976708	0.444571393386725
RAB24	-1.2860028839097	0.0281110104489826	0.293381725138372
NEIL2	0.0882022507129996	0.61751454978536	0.850197875880845
ZNF622	0.215058298258629	0.514925254913015	0.804807028954734
WBP2	-0.318036479968548	0.710596898814669	0.898532656772004
FBXW5	-0.0028142673780458	0.992826737225937	0.998892684846046
PSMG2	-0.0960754258093317	0.693657656500471	0.890659973683773
MRTFA	-0.290956683259356	0.100948336206306	0.427418216105032
SYAP1	0.231426040112808	0.420666273628618	0.740149560986716
EXOC4	-0.0164992766124641	0.951028064919156	0.982217979221674
MAGOHB	-0.251338063765765	0.430641631222504	0.750945237739477
FERMT2	0.546376939686148	0.0972188154308213	0.418615432376514
FUBP1	0.638499262669846	0.0142299935432529	0.231559201532651
KIAA1143	0.139312414496697	0.633835107468611	0.859274751675268
RPE	-0.362734738195613	0.258175321832275	0.610292300209118
VPS33A	-0.346005714108401	0.18775284019617	0.540193984909346
TTC28	0.115816324870707	0.633124476910202	0.859274751675268
ISG20	0.35037289955072	0.423783114046151	0.743521270913832
ARK2N	0.0346172307412722	0.846107289311948	0.943334739598919
AKT1S1	-0.568724019872356	0.122057205536607	0.461025035249586
LENG9	0.179714275184093	0.439223597013742	0.754846279509156
SH3KBP1	0.400422869555857	0.0823255850590872	0.402592018746094
RNF25	-0.140203908600427	0.857936657461173	0.94847577605191
OTULIN	-0.0230745685677931	0.9225480443731	0.969325063728934
PPWD1	0.127251043793301	0.776682790732819	0.923273592566588
SGK3	1.28757053082554	0.250969519154013	0.609463505355657
UPRT	0.302712204915753	0.268249541271701	0.618882470808275
ATG2B	0.227579963147086	0.306698004164162	0.656503331494254
ARMC5	1.15850749225272	0.0291415193662453	0.293381725138372
EFHD2	0.683416157072973	0.063432774283451	0.365919645525907
GALM	-0.0205114665153197	0.937613088556179	0.975871090878186
CUSTOS	-0.257137459661255	0.546178428053619	0.821136584284398
DCPS	0.223069391118301	0.245603645154589	0.605284483662064
PPP1R14B	-0.341233643953501	0.385657621334021	0.710892136864905
BIRC7	-0.423914356518665	0.760701652562685	0.918724669092621
CHMP4C	-0.164145489348755	0.52755863452389	0.81103853475136
ISOC1	-0.45460526333164	0.18567730426438	0.539044423942528
GCC1	1.15060038745358	0.147284151640139	0.490704922072043
FLYWCH2	0.0934472375263624	0.736126477884075	0.907881178830807
HAUS1	3.055209228612	0.0322416175354055	0.295680538358866
CCDC124	0.470234787631867	0.0182325741008158	0.248717891534614
OPTN	0.584574321868935	0.0359229210182903	0.307880579016713
AP2M1	0.59074121293483	0.0782232543284639	0.395479745693295
TUBGCP3	0.93293288848287	0.0979912235180807	0.421452993742115
NMD3	-0.0382549239838852	0.907183209324878	0.963315701114031
REPS1	0.0404724609124401	0.868227877702051	0.952934779865635
NUDT16	-0.538039131968418	0.056453329930055	0.349634290033474
CMBL	-0.645390486251905	0.0281491718611592	0.293381725138372
MSI2	0.367740889796636	0.246716976082537	0.605948633921156
SNRNP40	-0.176349964550894	0.792846315303928	0.930895041204312
RMC1	0.330518966904858	0.258049129508576	0.610292300209118
ITPKC	-0.125324579460141	0.697765016014848	0.892029736669867
ASB9	1.21537635340929	0.247403044168075	0.60683149315417
SPDL1	0.148954612753748	0.637003499648644	0.860452564410892
SIRT1	-0.0497829713522684	0.789456257744255	0.930126649897797
SEH1L	0.333801400809946	0.127674398796093	0.46699677417892
TCEAL4	-0.137753891382356	0.689112521041118	0.887298034715452
KIFBP	-0.502807631007204	0.054400072358377	0.347508633521068
GNPNAT1	0.206301474385356	0.565718933408132	0.8338800303628
FAM120B	-0.593361639981318	0.0359183837862066	0.307880579016713
KTI12	-0.0827677762198107	0.762789071938196	0.918739644077283
L3HYPDH	-0.398504653702215	0.373605471568427	0.701170672903169
MOCOS	0.00424436744705758	0.984439376282821	0.996506870680186
RNF31	-0.430473152429258	0.338040023517992	0.676080047035985
DAZAP1	-0.384830781660558	0.309515796776805	0.657537025297089
SGTB	-0.454398606325345	0.0484972892566143	0.333040416463227
SAAL1	0.105265592274954	0.742850106127377	0.910660278655962
DYNC2I2	-0.45510837632397	0.522788116990841	0.810732019070627
MVB12A	-0.020844020874442	0.924653533583413	0.969803141630246
CYFIP2	0.236652627667386	0.488547937550621	0.787553464819832
SAT2	-1.01212778028068	0.00571179177544638	0.15901870407479
CCDC97	0.57290649247588	0.408715504280471	0.731936564908359
EDC3	0.0640583518861746	0.810232075393364	0.932143155468031
S100A16	0.0163506534928786	0.95260072178675	0.983022572107626
SIPA1	0.103547537456116	0.504494460052731	0.798424792826214
SCRN2	-0.202424047877969	0.599013089204454	0.845039119449074
OTUB1	-0.165969433173501	0.361663072569143	0.69493688637087
TRMT61A	0.198659103992846	0.600786872814453	0.845039119449074
HMCES	0.602813171678889	0.509393125075251	0.800771125352306
CHMP6	0.700150200290459	0.0340123483241299	0.302687907224122
PGM2	-0.739031987177	0.00375418484435636	0.131608970581398
CFAP36	-0.129422494923126	0.683276592851676	0.883764642894824
DUS3L	-0.356946827220987	0.132366686739076	0.473411557191922
OTUD5	-0.312618878950502	0.129033576392043	0.467804853257233
LTV1	-0.0942808991340627	0.668081679784245	0.878080391660486
PDXP	-0.267456944187053	0.267155340441396	0.618535355190174
DCUN1D1	0.222949837352036	0.27142569328422	0.622219541174682
FAHD2A	-0.636843799918577	0.0430746700249227	0.321921207332673
TOE1	0.263808158887748	0.411248202768451	0.734004957486823
ATXN7L3B	-0.0975994843438528	0.633131656129576	0.859274751675268
MASTL	-0.079572300908314	0.708173292313869	0.897840994281248
APIP	0.0747604972741911	0.745226874887928	0.910839472436957
ZC2HC1A	0.258778871842512	0.695163507445229	0.891623767206097
SNF8	0.000918759218471621	0.996508622418535	0.998927985138191
PDLIM5	-0.0464271010569348	0.82514670834353	0.937008271963804
ERO1A	1.63862206286439	0.0526464186856833	0.344213362076465
AHCYL2	0.508635538739512	0.255786537817572	0.61007767297736
NAF1	0.370785880976502	0.161014443716876	0.510520198679104
SCLY	0.715043908150076	0.155105871162136	0.501630476273714
AJUBA	-0.174891059810999	0.50038553269574	0.795449532437991
LRCH3	-0.795178162172242	0.0472878982888134	0.329011803400948
GMPPA	-0.0920853718226908	0.603519922463132	0.845244446102142
ABHD14B	-0.279404175938321	0.326275325360143	0.666432000018152
NGLY1	0.645043566415708	0.0917673946463178	0.412622201101802
PAWR	-0.551518937759205	0.0235544695550391	0.273096109371889
ITCH	0.240720497056913	0.31929806443358	0.662170218167823
COG3	0.622495405753284	0.0780445673937289	0.39526595851365
VPS50	-0.56506126931404	0.132053346984101	0.473201771835024
VCPIP1	-1.32949692701913	0.134006310423162	0.476042778522666
ELMO2	1.0510609151111	0.0120680697015047	0.21595639414436
ZFP91	-0.595169904423866	0.323167473992221	0.66457683085506
PDLIM2	-0.0887659307904514	0.772135080935704	0.922478087907616
BTF3L4	-0.708208286751201	0.0323848167685841	0.295680538358866
ZFYVE19	0.231219714403107	0.183297677447162	0.535904145864402
USP47	-0.80477290745592	0.2729560420048	0.624359224799209
PBK	0.00648987807115731	0.978547536120665	0.993519848148741
SCYL1	-0.265807382984029	0.212421581731121	0.57107176817932
EXOC2	0.827417066590481	0.0273071497159579	0.29182370446788
CNDP2	-0.396945588278708	0.0951732307783429	0.415487960806579
PPP1R13B	2.44231683300968	0.000401374277777052	0.0338978821868074
ZFR	-3.85634666701389	0.0591361953274468	0.35589792320013
TRIM47	-0.107659206063261	0.732372425749052	0.906759239775787
PRRC1	0.157750588115757	0.415097606826044	0.736629754997889
FBXL18	1.24807980006018	0.0920110792395	0.412622201101802
CCDC43	0.262556531308299	0.114724512242074	0.452334738038928
COG8	0.149618072831341	0.579971567114235	0.840637075186829
DNAAF10	0.662984285267363	0.168186173463294	0.517433335814691
DOCK7	-0.615699884545158	0.163112066067034	0.513461640372166
RILP	0.44499905413501	0.16826522862755	0.517433335814691
ZMAT2	0.461323372512432	0.0150470217647261	0.234935852427405
NAP1L5	-0.426719379736682	0.0594759446467387	0.35589792320013
SAMD11	-0.140585170811644	0.696720655632037	0.892029736669867
NSUN5	0.30367431673816	0.278144511390231	0.630084045905335
RPRD1A	0.171830850501347	0.504332348261251	0.798424792826214
AGAP3	1.52966114802968	0.0128286286659802	0.221726437780384
ARAP1	0.259552245393301	0.36926979406495	0.699915857014692
ACAP3	0.279605251715331	0.412890510651363	0.734888370628109
IPO9	0.0704941827287406	0.702058693597738	0.892524839346287
INPP4A	0.19375919847101	0.417324978442362	0.738211002621471
RBM14	0.0869791723131712	0.655134287783664	0.869146381079649
NEDD4L	-0.444704327817519	0.128540707569701	0.467804853257233
PUS7	-0.232972498781862	0.43590761398203	0.752985494382681
TRNT1	-0.463404165213177	0.0334651690053331	0.301568935250031
SMG1	0.786117446372707	0.0279697377181162	0.293381725138372
ALKBH3	1.30632532125179	0.0999613419344409	0.427292393715924
RAB3IP	0.791331782253312	0.0159266550272007	0.239596826905658
VPS35	0.302767904397399	0.223208924146371	0.578413083771211
XPO6	0.0677210602502782	0.75947735741205	0.918391754032925
SPAG5	0.815509740012082	0.0166001896506309	0.244148194827794
NACC1	-0.133856680097008	0.691546168303296	0.888891581257367
SNX18	1.0094992102529	0.175707917741444	0.527124599428205
PASK	0.242045087455065	0.444724810822725	0.756478423790729
CAMKK2	1.73472941120641	0.0551320332803393	0.349634290033474
TGS1	0.252656894435958	0.229706195047977	0.585853274398273
NUDCD1	-0.294159945987754	0.329918154282658	0.669363085757279
FNBP1	0.275589449439948	0.420102101643655	0.739821379987961
METTL26	-0.957809061898836	0.125394909466063	0.464573762289024
TP53RK	0.0919935871452324	0.627223213367354	0.856582675807824
WRNIP1	-0.184310696760416	0.486273104332224	0.786331965055937
RANBP9	-0.402202783996398	0.0929071172521673	0.413663855308091
UBL7	-0.158431826208144	0.564099128413041	0.833657796359292
PLEKHF1	0.0986268339048024	0.590545017161467	0.843890031360338
SRPK1	0.105728615176993	0.70136276699388	0.892524839346287
CDK5RAP2	4.86915166617661	8.87242467817944e-10	1.18633050463397e-06
IWS1	-0.384974518873847	0.314518018610247	0.661196718509019
OSBPL9	-0.0868081910083589	0.650026400386028	0.866402480393838
ADO	0.401448267077473	0.123473237465801	0.461185859017136
RUFY1	0.314778790040883	0.373107137605969	0.701170672903169
MMS19	0.158321956903482	0.425782814883629	0.745935693483758
NIBAN2	0.486719855432398	0.0874315476314589	0.407369169133068
TCF12	-0.433312691087387	0.170241486782716	0.519706523610732
MYCBP	-0.508675099980167	0.174249844620287	0.525102877314921
TBCB	-0.430144929936745	0.0824673813208425	0.402592018746094
PSMB7	-0.17252540662944	0.350587880468253	0.686398611074831
CNN2	0.10252173683206	0.693880684557191	0.890659973683773
PCYT2	-0.433711536639823	0.373257008645268	0.701170672903169
PSMD1	-0.283991124158621	0.213476040232103	0.57107176817932
PFDN5	0.209247354078126	0.331811065183179	0.670338600670358
PARK7	0.288679547501069	0.20749085445903	0.565275670945567
GAS2L1	-0.0703171560607885	0.864560621486136	0.951631300190308
EYA3	-0.687610945252391	0.0376163569808222	0.312109020465815
VAT1	0.0504221401674805	0.777488638380427	0.923785744191836
PLIN2	-0.506493251121647	0.21083789333492	0.570213691144516
DNAJC2	0.179591788964327	0.568458052602579	0.835597358968032
NUP88	-0.53835883734892	0.124737247902396	0.463116665855452
PIK3R4	-0.426117745015912	0.227864845041122	0.583962595981248
POP1	-0.0194261721376066	0.942408419554299	0.977930641734195
S100A13	0.406047860847835	0.118182910738163	0.456515276822261
TSNAX	0.256777665569246	0.22777649126244	0.583962595981248
TTC1	-0.101427232626893	0.646084932900003	0.863926452197341
DNAJC7	0.256499438879189	0.196781003176838	0.55170549040575
C12orf57	0.015813720283159	0.968829372358436	0.987430045991209
COPS8	0.199400658277341	0.33347547531894	0.672014569568969
RAD9A	-1.22588776906974	0.0400371763772691	0.312558008228831
CHP1	0.188295381834063	0.669324496087321	0.878773777164345
KIF2C	0.522233877507958	0.0492334392385961	0.335690752680042
MGLL	0.346253419302396	0.0871900205053131	0.407369169133068
MTR	-0.461725569219258	0.127096123508344	0.46699677417892
HNRNPAB	0.164248161666038	0.536210609815571	0.815705184437897
NAP1L4	-0.00102263809405301	0.996407030130814	0.998927985138191
OLFM1	0.438710672089346	0.454203754211019	0.764411753010935
TSG101	0.440894670865539	0.0318390192392613	0.295680538358866
CPNE1	0.395363401976393	0.283410314393718	0.635577989310233
CCT7	-0.5132971820812	0.0388717798610831	0.312109020465815
HAUS7	0.70799757934936	0.0467210299453873	0.327236208588746
PRMT1	0.352502127500166	0.165637942827803	0.515851825239015
BAG1	0.0897576277422871	0.660149594485461	0.872063950624946
DUSP9	-0.371164630212455	0.471430791004199	0.777668443313201
SH3GL1	-0.11635894377563	0.625073534518858	0.855148902648446
SH3GL2	-0.250835455154487	0.441613512285497	0.754846279509156
AKAP9	-1.23661420677896	0.224536592816718	0.580638816219154
NCAPG	0.509384773151691	0.0696158977143252	0.374638846733613
ARPC5L	0.12361550505732	0.469782183247706	0.777021220531587
C7orf25	-0.409385488609033	0.289903721420163	0.643153569431238
FAM118B	0.262200598416868	0.321599586888333	0.663999317632551
RBM4B	0.232229840847911	0.280549500239396	0.631588221246707
ELAC2	-0.60604613720211	0.0119805422416526	0.21595639414436
TRIR	-0.0646861448799108	0.800329156621513	0.931406459033123
GRWD1	0.181996190168103	0.326346629178025	0.666432000018152
MACROD1	-0.118716769184584	0.602169964558974	0.845039119449074
CMSS1	0.169527943839185	0.539829086043778	0.818338095635231
WDR77	0.619389532272972	0.1331889181195	0.474980825078756
DPH2	1.11815689247274	0.0408726533836963	0.312558008228831
APOL2	0.326824826974704	0.117965920551341	0.456151259905081
MYBBP1A	-0.729962729014478	0.065090116317602	0.36855106701633
NUDT12	-0.506311347831389	0.224211093397536	0.580200851716742
AIF1L	-0.268868743118421	0.624755778607832	0.855148902648446
FERMT1	0.190736254592771	0.385993506513888	0.710892136864905
FYCO1	-0.00871722104149342	0.979405994206186	0.994100900441772
ACBD6	0.202573260113297	0.390078796112125	0.716526350149608
CORO1B	0.0957544697582691	0.754772303652782	0.9165116279241
NAA38	-0.375447412471807	0.286258974137504	0.639053694135234
TXNDC17	0.341720871763354	0.25018881044891	0.609463505355657
CPPED1	-0.206729678299869	0.410765306781233	0.733659952564664
VPS25	0.151595873931445	0.55023693870181	0.823803571400454
CHLSN	0.348479912378366	0.167992357047194	0.517433335814691
PDCD2L	0.150486153054139	0.730893556805499	0.906523517016731
PAAF1	-0.333447155691516	0.0626822700194323	0.363953956604753
PYM1	-0.103332399694843	0.679865730600133	0.88211629012224
PYGO2	-0.166817737088287	0.673972816460927	0.879903864060514
NUDT22	-0.21217946402556	0.640593794634664	0.861232467750511
AIFM2	-0.948339038202846	0.152953780031513	0.499013385950047
RIOK1	0.18651175989779	0.337351194109662	0.675899265876843
MIEN1	-0.269223679423035	0.171227127807322	0.520607517478782
LLPH	-0.342456567561097	0.118526765127405	0.457078272696395
ZNG1A	-0.570092248461698	0.219211743610329	0.575682571912356
GINS4	0.452484093991874	0.120531059464469	0.459519739076342
PELO	0.039285203564269	0.884272660257345	0.95766856512537
GINS3	-0.321197486468503	0.257800534305802	0.610292300209118
ATG101	-0.884335076685776	0.0096497675338774	0.203741682703912
NTPCR	-0.146170820047779	0.599365536581798	0.845039119449074
TUBGCP2	0.770332074383813	0.0186574507388087	0.249825219329993
ESYT1	0.194413770077123	0.597704179029461	0.845039119449074
UBAC1	0.55012040452921	0.0100447095463017	0.206221771679873
TSEN34	0.0431943775959063	0.891773927580757	0.959271884486896
CNPY3	-0.688517632748336	0.310230966281299	0.658377082068136
HAUS8	0.0948624030876424	0.718580230104005	0.902414374811248
PSMG3	-0.321783157122045	0.115786067559602	0.452334738038928
COPS4	0.223377126604628	0.293219831159113	0.64503867863997
RBM42	0.139590583727767	0.653062323968469	0.867016647326485
MCMBP	-0.585518683355271	0.109482452217262	0.444571393386725
AARSD1	-0.350422593225005	0.448794900935265	0.759782164863529
DCUN1D5	0.659375463059121	0.0687634906580279	0.373585272873631
PAGR1	-1.0785177257534	0.0877117453022229	0.407421056928825
URM1	-0.0406432574436764	0.895960014910967	0.959995334843398
ANP32E	0.0897941862011322	0.677345297566381	0.881704435672958
FSD1	-0.864170910238581	0.0733312924763385	0.381844741989866
TBCD	-0.405585471151934	0.0375876666766718	0.312109020465815
TTPAL	0.197039339877055	0.325867945947758	0.666432000018152
HGH1	-0.150590310481192	0.522143064789277	0.810615271423102
THTPA	-0.406229400798914	0.0943459710676385	0.415023837245628
DOHH	-0.505660702365631	0.256791352101041	0.61007767297736
MKNK1	0.257560311746357	0.237920052031495	0.595348960869355
TUBB6	0.34591667115911	0.0626065752840635	0.363953956604753
POLR3C	0.233425296681084	0.349751516324874	0.685612168721178
HNRNPUL1	-0.337277872349372	0.150599565664705	0.496558340653917
PDCD10	0.208388320363948	0.245652022165802	0.605284483662064
RPP25	0.539209856313793	0.235570625966186	0.593174529711704
EFHD1	-0.48505221892211	0.00997643484067184	0.20595795482187
DDX23	-0.0913133000213762	0.692334836145593	0.889290097171456
WRAP53	0.00535954780050929	0.971892296525662	0.989195227030775
BDH2	-0.689499775326237	0.0527938452676482	0.344213362076465
BBLN	-0.632004235188106	0.303536723833056	0.654077211839812
C1orf50	-0.996842770195208	0.301225549537452	0.652740350819951
MRI1	-0.522478944031477	0.157857761311953	0.507164003871426
CCDC32	0.413555240535072	0.564446452002147	0.833657796359292
WDR18	0.720346602350915	0.361850258592147	0.69493688637087
THUMPD3	-0.149830164718697	0.415911342161201	0.736914329009112
ADI1	-1.07104767363483	0.0005674473207777	0.0421726848801987
CEP250	1.16828086204209	0.00319225161903956	0.121044969554602
NTMT1	-0.06180769600088	0.871339125280348	0.954005948598048
KATNB1	0.633941264698574	0.385623811588339	0.710892136864905
DSCC1	-0.625740586929442	0.366953841863179	0.697493849802339
MLST8	-0.00919267892254894	0.966897597307316	0.987430045991209
KIFC3	0.311788250335926	0.584518260385584	0.842213980454762
DUSP23	-0.288189434400046	0.099874503321821	0.427292393715924
TMED9	1.03403745240967	0.00642804693479515	0.167576069084892
SELENOO	-1.7137188820104	0.0109622644300739	0.213276306922275
DPCD	-0.393779882140567	0.0783866183627922	0.395767219886054
GNL3	0.353579704142827	0.108618952880599	0.444035235318267
AFG2B	-0.184017112497024	0.393483726547008	0.718518686903529
RIOK2	0.49075840713645	0.41842886587364	0.739012198472646
TIPIN	-0.0136669450348137	0.940615318587887	0.97729329831399
NUP85	-0.243995997478955	0.316578985969569	0.662018858673561
DDA1	0.0863054029428625	0.801978534475054	0.931588694626227
IFT27	0.128412342472757	0.593236103252698	0.845039119449074
YJU2	-0.555569163165455	0.200162534305415	0.555907307532827
NUDT9	-0.416810555884581	0.231730695894429	0.588359544954768
ACAT2	0.290582543261618	0.371079944407231	0.701118511377112
REPIN1	0.0927011546757512	0.590341094439049	0.843890031360338
RBM4	0.440423758290979	0.254280041126549	0.609857977117476
SSBP4	0.252268808440611	0.71532565190975	0.900635014670186
SCNM1	-1.23025115364138	0.112997148658453	0.448290433445894
RPAP1	-0.0148561098526692	0.967227873314678	0.987430045991209
CYREN	0.543644720107338	0.216708625136797	0.574771994032907
SLC4A1AP	-0.0734265807183547	0.827160051931416	0.937008271963804
SSBP3	-0.24179705099602	0.73917033980657	0.908324322629472
OSBPL10	0.0229982115896661	0.942666189099001	0.977930641734195
NAA15	0.1788456677345	0.452706256382411	0.763108161949802
SRRT	0.491647498392489	0.457478583932497	0.767438396591699
QTRT1	0.0675551871598614	0.821526806260833	0.93684115309415
AP1M1	-0.0662229423691514	0.886922145318332	0.95766856512537
NUSAP1	0.498456678120071	0.144398602996361	0.487724299203841
GON7	-0.478843110708546	0.185641697057038	0.539044423942528
FANCD2	0.915402918642194	0.0477167155481621	0.329608520216035
ITPA	-0.563224625117172	0.023532091590733	0.273096109371889
RTF2	-0.0092188782560676	0.968724579754966	0.987430045991209
CHMP4A	-0.117164972336198	0.557279991145033	0.830116606434982
EIF2A	-0.10784068949236	0.529178549383347	0.81103853475136
GNB1L	-0.036309581875642	0.891048040861587	0.959193082225277
NIFK	0.506119626397108	0.10396486394494	0.432133525835381
YTHDF1	0.0462489965941195	0.901826509070269	0.962318323350734
SRXN1	0.385370465005924	0.144680441371947	0.487724299203841
NLN	-0.131000873852969	0.464013750000459	0.771833077440334
CEP41	0.0534969815465089	0.823203511061737	0.937008271963804
TBC1D2	-0.116007476253237	0.598837550361616	0.845039119449074
POTEKP	0.204370377543405	0.808992974950343	0.932143155468031
LDHAL6B	0.888891007341797	0.355085538752352	0.68975319498366
PANK2	0.0928638232147136	0.59546636400136	0.845039119449074
NUF2	-0.147817466524479	0.665541458503599	0.877626706813121
PUS3	-0.210147505669728	0.404759876589856	0.727770451763154
GTPBP4	0.47953435235047	0.302750135303487	0.653372639962484
ASPSCR1	-0.37213715073252	0.061997845312054	0.362809438078099
DPH1	-0.2067780453437	0.453244757909848	0.763282502235611
WDR11	-0.255454322064569	0.84609820114241	0.943334739598919
TBL1XR1	0.0595813924677238	0.824751226454219	0.937008271963804
NIBAN1	-0.164571399644789	0.701009633535858	0.892524839346287
UBXN6	-0.900378380571986	0.119533848582486	0.457925547765484
UCK2	-0.229868889303589	0.306692880327535	0.656503331494254
API5	1.81114935381001	0.0179279535319177	0.247659016076602
DPY30	0.20324026788029	0.461225551118148	0.770216583679136
TRIM2	0.403645728742923	0.184717731038156	0.537722686993737
FTO	0.0403994088772848	0.83793769394811	0.939582519828357
TANGO6	0.563330438120367	0.0913646665370081	0.412130657817159
TNKS1BP1	0.196482321798097	0.388838386736278	0.714954698224645
AMBRA1	0.330288932659698	0.175206076330109	0.526326418466197
UBE2O	1.23926978838155	0.0079002633246727	0.186989672066776
ZYG11B	-0.156634542376612	0.384396827812808	0.709949608425643
XPO4	0.225746962754741	0.518084147857144	0.806072682114148
CEP44	0.152052940139122	0.557401080252407	0.830116606434982
MTMR12	0.362524479713471	0.419902929973042	0.739821379987961
WDR12	-0.243447403974685	0.305607592250701	0.655803611728174
ACTR6	-1.18321283316973	0.0486654860440077	0.333040416463227
ADISSP	-0.408382935422495	0.039224157996668	0.312109020465815
PITHD1	-0.234611989871755	0.323150176742637	0.66457683085506
IMUP	0.295106219756825	0.205478536255316	0.563927799649006
COMMD5	0.454377090193312	0.0597676546204977	0.355924045784887
DDX24	0.124473602163562	0.525644839323385	0.81103853475136
SKIC8	0.157680152449331	0.536261544417811	0.815705184437897
NIF3L1	1.02726867478069	0.0284553343886049	0.293381725138372
EGLN1	0.797882322870592	0.0452093069436928	0.327221991939852
PSME3IP1	0.470858376218523	0.0865924667052509	0.407362375134145
NAA50	-0.335559752620703	0.128942832677669	0.467804853257233
UBA5	0.0833839721997514	0.764012869614327	0.918793470384091
LHPP	-0.821101870021646	0.00124647428336687	0.0681161534851662
PAIP1	0.10632349490502	0.49487581673656	0.790725978890123
FAM107B	-0.718292129159835	0.0536932903063711	0.345795956288518
COMMD4	0.159558038249418	0.538350189277081	0.816867824970859
KLC2	0.0875960991467153	0.600504369319542	0.845039119449074
ILKAP	0.0384651754516838	0.895071638238893	0.959995334843398
XRN2	-0.0741504243222835	0.754860084704729	0.9165116279241
SHARPIN	0.461709996984247	0.242248945272666	0.601776584660315
TKTL2	-1.34238239007434	0.0457198708088591	0.327236208588746
SIK2	-1.55253865969955	0.000683454937080327	0.0469714665182583
PUS7L	-0.524236887620241	0.00669868397997982	0.17167110116969
CSTF2T	0.390209435888533	0.257263647350787	0.61007767297736
PCBD2	0.04132764852055	0.809702435201341	0.932143155468031
NT5C3A	0.0881355126118102	0.646789150615703	0.864246128618466
HDHD2	-0.161566901964534	0.31151765783113	0.658388768552817
GABARAPL1	-0.0633740950564032	0.876343702209115	0.955543778582473
DDX47	-0.433581124474845	0.261724223096955	0.613233442446262
RAB1B	-0.199732303917724	0.403674902701529	0.727123576557869
TSPYL1	0.148126046558581	0.400535954466167	0.724278154158772
SMG9	-0.307227178113493	0.341815897044312	0.68033630070523
BKGD	-0.351815775233376	0.436754562139674	0.752985494382681
ANAPC1	-0.0561587912822503	0.761843990092694	0.918739644077283
POLR3F	0.0421251661814139	0.869094097163783	0.952934779865635
NUCKS1	-0.533844200094489	0.288970262339351	0.642317293482863
KIF13A	-0.827176623716348	0.311019652479919	0.658388768552817
ASCC2	-0.0247451104060126	0.937792159721745	0.975871090878186
RBSN	0.341318416384361	0.678361943377014	0.881704435672958
OSBPL2	-0.164488102351875	0.827813050191092	0.937008271963804
ATG5	0.0730792155707256	0.733265869578719	0.907352587397077
EHD4	-0.66816341678139	0.036193003711632	0.308348189861288
VPS33B	0.538622720840564	0.197210075153564	0.55170549040575
VPS16	0.820112089861176	0.0502284611229349	0.33830209908344
SH3BGRL3	-0.39061745001894	0.298970629911966	0.650453665546175
GAN	0.332146632128314	0.162858039611444	0.513299809326655
SLK	0.0715623958737659	0.709586967782325	0.898407213723721
PPIL3	-0.194112477852983	0.493177054460889	0.790607294223536
PDCL3	0.963232639893082	0.0151588930257757	0.235692244702019
RAB3GAP2	-0.674048980697094	0.173280508912056	0.523923955204065
DPH5	0.276872050348665	0.321946808707767	0.663999317632551
DHX36	0.96671306496302	0.0481752368177154	0.331517000027093
PPA2	-0.523067322099529	0.232392433853362	0.589065678171278
EPB41L4B	-0.976766160351957	0.0032333087664334	0.121363387637035
TRIT1	0.103738098852222	0.927924717254662	0.970882514815817
C11orf68	-0.0622805656363923	0.756262363824549	0.91659195824267
BOLA2	-0.849746942080333	0.00476109804785438	0.146923278460663
TXNIP	0.683792026736608	0.571421474072249	0.836314374813894
NELFA	-0.188827726129595	0.587900154786503	0.843163633804186
ACBD3	0.140393571075624	0.598906010129164	0.845039119449074
CDC42EP4	0.335849460733705	0.217318259315456	0.574771994032907
PTPN23	-0.131729984585409	0.547058332941161	0.821914307993302
UNC45A	-0.0382307020207229	0.881380981839624	0.957104537848055
DSN1	-0.0980707137517669	0.818988566693648	0.93584302393407
C1orf198	0.232408743768048	0.383776851753382	0.709949608425643
CHMP4B	-0.0635977229624949	0.730240078229795	0.906523517016731
RWDD1	0.0375593587948337	0.872649342470463	0.954096872167745
CUEDC2	-0.709584503206003	0.0173242188725163	0.245051282360235
TOR1AIP2	-0.307960937499374	0.290317886089168	0.643198418066862
WNK1	-0.406239795804577	0.0626057391402688	0.363953956604753
RNPEP	-0.275880494720514	0.246421718988538	0.605943479336353
GOLPH3	0.881469764804937	0.0828159138925091	0.402592018746094
EPB41L1	-0.410966199756004	0.122717011469638	0.461101688648206
FAM83D	0.453346045183977	0.0303871842538985	0.293381725138372
SMARCAD1	-2.251781660727	0.0474570308457772	0.329011803400948
EHD1	-0.0396403653495092	0.80547474299408	0.932143155468031
PCIF1	-0.0771721275332204	0.834138111884041	0.938804220672951
HEATR1	0.670877073003481	0.548942693752306	0.823192514117664
RABEP2	-0.0414462401650191	0.876061521639243	0.955543778582473
STEEP1	0.0801290539143089	0.719565215097326	0.902779462359453
CIAO2A	-0.248905307005373	0.284761407904798	0.637838090279824
BICC1	-0.682786363723938	0.0899951263074287	0.410476431802504
HAUS4	0.383006679703612	0.0767697317750354	0.39186308142312
TUT1	-0.450810019828229	0.638501738683154	0.861072347621126
REEP4	0.0501001846196907	0.878199837434051	0.95608784463813
CIAO3	0.871659814045294	0.0901608440641501	0.410476431802504
YTHDC2	-0.0281773710070539	0.907214124724404	0.963315701114031
EPS8L2	0.254689320246509	0.508104949299495	0.800049996439374
ESRP2	-1.18216122865568	0.120678564697274	0.459519739076342
RPAP3	0.389159966526258	0.0431067366864072	0.321921207332673
WDR55	0.365147099576717	0.256614371242332	0.61007767297736
RANBP3	0.075636701249838	0.792406896457288	0.930895041204312
DCTPP1	-0.830817370102576	0.00556432868258086	0.156644283215685
SH2D4A	0.570943745349968	0.216151185822832	0.574771994032907
RPF2	-0.242621211074908	0.485670923209791	0.786042312999818
SYNC	0.146211031329727	0.587755035787211	0.843163633804186
DOCK5	0.46264951141093	0.135967935324215	0.478577365545046
WDR26	0.604251010589984	0.176719337842934	0.527124599428205
C8orf33	0.326146816039167	0.180787072456634	0.530741581729846
PLEKHG2	0.448056933256357	0.467281723848177	0.775187002598137
PHAX	0.546141197337924	0.0219814062017713	0.267782157528643
UBE2Z	-0.561395760025189	0.0321071794176293	0.295680538358866
TUBA4B	-0.258299538265149	0.268789661361301	0.619080636771033
VCPKMT	-0.242529666012686	0.422701596961793	0.742463899088782
RMND5A	0.164836267673973	0.836499408826994	0.939582519828357
MINDY3	-0.186706272926742	0.483424220182987	0.785141784178314
AKTIP	-1.15349747215376	0.0295579851216104	0.293381725138372
ANKZF1	-0.377244706728156	0.151060853807141	0.496558340653917
GORASP2	0.0621060270762328	0.809701454301496	0.932143155468031
ZWILCH	-0.099978385492836	0.627663184830548	0.856868624111064
JPT2	0.230589133032005	0.405899027214129	0.728657384119663
QTRT2	-0.849263297969149	0.00484317206256185	0.147204734797513
WDR54	-0.52768032148343	0.0676280160907681	0.37341115571069
ACTR8	-0.496377718693211	0.137540014480793	0.479904876817491
MARCHF7	0.0133977327037265	0.969910166292498	0.987989632111547
DCPH1	0.622971458676979	0.0226823712715583	0.26928974966489
PANK3	-0.112436408533824	0.651678526807904	0.866808962836994
CNOT10	-0.169404021304153	0.640095436191007	0.861072347621126
LRRC40	0.112350241714484	0.778690110904681	0.923960136890907
VIPAS39	-0.085894572037283	0.67921436271569	0.881899909770801
COG4	0.867672623217139	0.128656255017067	0.467804853257233
ACTR5	-0.104820494300682	0.598832145313507	0.845039119449074
VPS37B	0.323529933421653	0.678311139469771	0.881704435672958
COPS7B	-1.0387637863768	0.0559984276622331	0.349634290033474
NHEJ1	0.180212827905542	0.521838813101115	0.810615271423102
ELP3	0.409134454848349	0.0923737058268584	0.413069423408671
JMJD4	-0.466221594392959	0.0613381810007845	0.360083223694969
GPN2	1.09454094486122	0.240617731054164	0.599688456470337
POLR1B	-0.201230467384015	0.359028288537383	0.692353302965165
UCK1	-0.013676343031797	0.940514495860289	0.97729329831399
FN3KRP	0.532742524416324	0.2613386050454	0.613233442446262
PPCS	-0.325037841976194	0.331922234992857	0.670338600670358
WDR41	0.0755295781140823	0.767843989496486	0.9200729460836
C17orf75	1.21399024220866	0.0437355620502781	0.325042697157667
PLEKHA5	0.391295866009866	0.296459298233986	0.647722486610478
UPF2	-0.0689849419003323	0.80076480497369	0.931406459033123
XPO5	-0.365119053582784	0.148670050557757	0.492727495238322
CLSPN	-0.228744060373725	0.45762165619296	0.767438396591699
MYG1	-0.17392231059311	0.468427514782037	0.776741028527466
BCL2L12	-0.153782938417102	0.580030533040643	0.840637075186829
PLEKHA2	-0.0643568447918419	0.793496857598065	0.930895041204312
CACYBP	-0.513398412327074	0.103185905915526	0.430914634139834
FANCE	0.458989387862413	0.216121090979585	0.574771994032907
PARVB	0.0461778650286497	0.831181909715975	0.938799637504969
NMRAL1	-0.828622992589221	0.0181685053931511	0.248717891534614
SPC25	-0.000640433299139431	0.998074454663751	0.999266229593086
ETNK1	-0.63287093038744	0.0467095803864616	0.327236208588746
EML4	-1.12449827450001	0.0174959711455644	0.24533973123365
GLOD4	-0.0189190388687308	0.91350671473238	0.965744225304559
TANC2	2.52227829035867	0.00213875735936072	0.0957544861130655
MOV10	0.283021490278355	0.356811964701855	0.691299927441134
GPN1	0.0783855363292503	0.679224311561903	0.881899909770801
XAB2	1.39152970812778	0.0609459949212031	0.358914924131839
SRA1	-0.337310880945822	0.178037137819941	0.527723969636035
GOPC	-0.192450234520635	0.322556838146885	0.66432600711399
SEPSECS	-0.622812314819502	0.0366391274627363	0.308348189861288
CHMP1A	-0.102242076097163	0.712023410499057	0.899785876464186
MYO10	0.290776742041068	0.249412645566492	0.608579430898545
WDR6	-0.130545319680721	0.585631645566446	0.842219106647922
TUFT1	1.07163662428115	0.0252504519733408	0.282622528713658
SH2D2A	0.912695164943486	0.0280660669482079	0.293381725138372
ARFGAP3	0.232684331320471	0.650412477463231	0.866402480393838
RAB18	0.42130648433648	0.225481215093702	0.581071592208388
PALMD	0.237751747250094	0.529270303221757	0.81103853475136
SSU72	0.118791268821941	0.557706247686305	0.830116606434982
VTA1	0.101551939413064	0.625384764695653	0.855148902648446
MID1IP1	-0.381953891647406	0.0586924697516678	0.355793177156929
ENY2	0.434778395436688	0.391427691284175	0.718293975709627
EXOSC4	-0.294039816694124	0.171340956371515	0.520607517478782
UBE2T	-0.133054256963423	0.488723974670219	0.787553464819832
NOP10	-0.317273341324373	0.353238564241475	0.689018774796909
OSGEP	-0.143206273479962	0.561486081464323	0.832262576275
DCP1A	-0.150656043946348	0.601053601022922	0.845039119449074
ACOT13	-0.667344909345992	0.0111665884433337	0.213337104704225
MED4	0.0783851509709272	0.842553914490756	0.941916469990268
RIC8A	1.86016520048417	0.00169315903473904	0.080663832988337
LUC7L	0.0649887111564027	0.854431690143818	0.94749870503564
LZTFL1	0.603943591387043	0.0117199839044119	0.21595639414436
TIGAR	-1.81693364679825	0.0408781463937599	0.312558008228831
WASH6P	2.34943613021147	0.0775683624017752	0.394314684931596
JADE2	0.418885975345674	0.29085873646085	0.64338893040756
RTN4	0.797761866575925	0.0391581684413406	0.312109020465815
HINT3	0.301677975048964	0.709251295313825	0.898407213723721
RPRD1B	0.058081643226231	0.72674317254824	0.906424297211646
PFDN4	-0.289372183985797	0.294489210522586	0.645477672075772
NIT2	-0.791156322254619	0.0195655878401058	0.254956883421085
AVEN	0.369065141174982	0.178264380451245	0.527723969636035
EXOSC5	-0.444863892341623	0.438796840023659	0.754543756375713
EXOSC3	0.630885697598309	0.0086001656814769	0.193864204180586
KIF13B	-0.847973108934404	0.0929660995886209	0.413663855308091
XPNPEP1	-0.482581330054234	0.127788135846857	0.46699677417892
GPHN	-0.0939777255716194	0.666597569982801	0.877871822334842
BIN3	0.87827553624011	0.00333138460710512	0.12144013763804
STARD7	0.890057244682843	0.123240368081524	0.461185859017136
BIRC6	-0.436673196646311	0.0344928900996249	0.302687907224122
PDLIM7	0.531505972593621	0.0394915134360219	0.312109020465815
ACSS2	-0.992532762731358	0.0808768338925759	0.40018417409429
DDX21	-0.415950578681411	0.184989013324627	0.537886677241248
SAR1A	0.606647628323156	0.360174289827107	0.692757588508038
POLE4	-0.514469018525247	0.0285914639526105	0.293381725138372
NANS	-0.0948999054422757	0.650160372122171	0.866402480393838
SH3GLB2	0.211167142635173	0.442392951697509	0.755695448937033
EIF2B3	-0.129591667867082	0.6228968513638	0.854127195449403
SH2B1	-1.91985331385295	0.00732785432105418	0.179146754322614
CTPS2	0.0689938655508371	0.771183741442416	0.922478087907616
POLE3	-0.738551956057059	0.0305770025860379	0.293602433100043
CHRAC1	-0.465841877594173	0.0390428739308078	0.312109020465815
PRTFDC1	-0.0237090407102265	0.903274034404564	0.962318323350734
SMYD2	-2.43232878590443	0.0126040769208717	0.22049779030352
YAE1	-0.382983086831004	0.0810873078045281	0.400692068885142
STRN4	-0.202363652933975	0.492858761573279	0.790607294223536
AASDHPPT	-0.46723894610615	0.11176148862257	0.445606965366384
METTL5	0.136035673283878	0.478537846207342	0.78203391427582
UBQLN4	0.344626838007013	0.230336311907846	0.586655061720052
SNX15	-0.0831467768124057	0.728876735955896	0.906523517016731
HEBP1	-0.115850155044104	0.630894392237312	0.858738495860702
VPS45	0.960149656482468	0.128999636874687	0.467804853257233
PNO1	-0.397059874078327	0.144471481120904	0.487724299203841
PHPT1	-0.306341405995063	0.322687955554562	0.66432600711399
ARHGAP35	0.344396800983908	0.304205440174854	0.654561329293432
FAM114A2	-0.431584280336512	0.272908115459487	0.624359224799209
LANCL2	-0.652193234252742	0.19865375983302	0.552956832613858
KIF15	0.401219805089681	0.122720551688126	0.461101688648206
HOMER3	-0.183367353958701	0.432046696801601	0.751631800240988
FARSB	0.2618625206863	0.296973854821222	0.647722486610478
SLX9	0.00226684530693433	0.991909901708217	0.998892684846046
KLC4	0.359879013408669	0.0930632354783542	0.413663855308091
DIAPH3	-0.141515496529848	0.50416402046152	0.798424792826214
ATG3	-0.149821501708193	0.529035480732939	0.81103853475136
SMC4	-1.71189440033255	0.00208882339681981	0.0946593627144196
OLA1	-0.750620670106112	0.0133598727773435	0.226264465965694
CUTC	-0.0186431024498326	0.922997124311741	0.969325063728934
ECHDC1	0.21337713250022	0.22536400827288	0.581071592208388
RBM12	0.98831187722627	0.0758383139530365	0.3908670938273
PDRG1	1.49121314972843	2.39546246412266e-05	0.00468502027193675
TCP11L1	0.500573832703893	0.213374260248111	0.57107176817932
STAU2	-0.312720279367511	0.326480665586398	0.666432000018152
BLOC1S4	-0.229269088704505	0.395699535176865	0.720793859175112
LIN7C	-0.590677682692906	0.573311447031826	0.837169338906695
TXLNG	0.0509021739811288	0.899079037622741	0.961155841140997
SPATS2L	0.162804979829609	0.56333587131958	0.833342395630398
ABCF3	0.0328589087289544	0.903012942693619	0.962318323350734
CYRIB	0.293317808761472	0.16759860707732	0.517272777325017
AP5S1	0.933928224978562	0.317942874431346	0.662170218167823
DDX19A	0.223505376552779	0.226505091114346	0.582083622808374
TDP1	0.0673310534442173	0.803982994412683	0.932143155468031
TBC1D23	0.575163437376613	0.170981957689555	0.520367694327918
DCAF13	0.614592386632573	0.248300051782423	0.607828058249988
NUDT15	-0.162396088705123	0.54839601635204	0.822704722149448
EXOC1	1.01328395569096	0.203936968763669	0.561148484280875
INTS9	0.148699786872143	0.714029356571219	0.900350556165135
SEPTIN11	0.167834195324179	0.669992721477807	0.879128867588817
PARVA	0.187944269734508	0.331668644647307	0.670338600670358
PANK4	-0.100094514977354	0.707459729166926	0.897548772135301
TBC1D13	0.411122565459866	0.163782940203003	0.513601186324353
INTS7	-0.363371159316653	0.24278705207351	0.602267480310524
FANCI	0.149164549032648	0.493810422468468	0.790607294223536
PRMT7	-0.285819563588952	0.201878440257777	0.556944561589792
DNAJC17	0.20431750762399	0.508862574985112	0.800564491382166
INTS13	0.191365320282713	0.37319600933298	0.701170672903169
RIC8B	0.390163260907197	0.0968513251213434	0.41848781878013
GNL3L	0.741843945611866	0.0364330631356637	0.308348189861288
ASF1B	-0.0165717736609921	0.927673732242005	0.970882514815817
FAIM	-0.262390731113353	0.141373945320593	0.485539181370869
KLHL11	0.974610108823576	0.169313021371288	0.519501740403941
DNAAF2	-0.468314485361706	0.0850371313097973	0.404089488423538
PNPO	0.0414633124606922	0.853125469123694	0.947463910120636
ARMC1	0.438335586179839	0.0467606100001679	0.327236208588746
HAUS2	0.912947972087171	0.1161268407129	0.452334738038928
NLE1	-0.151863818029113	0.57335736477867	0.837169338906695
KBTBD4	-0.26527964855303	0.407760299887677	0.730939350884036
NECAP2	-0.682092268723878	0.129413179242448	0.468256449917172
POLR3B	-0.302124327810777	0.554237536471558	0.827014085647786
RBM28	0.179954228767333	0.847946490669583	0.943686480781123
RBM22	-0.0345441957106516	0.895525689608609	0.959995334843398
BSDC1	-0.617715134250282	0.0315818691796751	0.295117717796128
GPATCH2	-0.179251778901399	0.398607864506399	0.723033038610853
WDR70	0.18010577213045	0.366660017639608	0.697493849802339
ASNSD1	-1.38333912866571	0.00113224040626407	0.062797094771303
CUEDC1	0.117832193392903	0.827531640869083	0.937008271963804
C14orf119	-0.469068186234121	0.106794685196021	0.439838243080396
PIH1D1	0.0784555897415018	0.681403988577141	0.882534483017827
HIF1AN	0.288255262218541	0.184223727879087	0.537722686993737
GID8	-0.506148551221369	0.0955980103578109	0.415487960806579
BABAM1	-0.195561928220869	0.396342003627665	0.720916187556152
ASB6	-0.0621086981196903	0.71348076393606	0.899964195107399
HPF1	-0.0374954714307414	0.827555169488674	0.937008271963804
IRAK4	-0.0870310024424334	0.738004429801198	0.908324322629472
UCKL1	-0.320593500841937	0.315474107081941	0.661196718509019
TXNL4B	-0.342860410873868	0.55501317055075	0.827619960580492
COMMD8	-0.127532795554743	0.687533990025696	0.886801911466673
ADPRS	0.088632780737413	0.639784750352011	0.861072347621126
HYPK	-0.192730958931445	0.376970419558205	0.705616005152844
DUS2	-0.186417966061658	0.451066168982106	0.761545608331443
SIRT5	0.390603433500949	0.113287786199288	0.448700725363254
MIOS	0.35751463137904	0.584781299707624	0.842219106647922
DCAF16	0.299320112765614	0.325047882572507	0.666432000018152
THUMPD1	-0.46638163907771	0.187201723611355	0.540193984909346
TRMT1	0.116560630135407	0.617261108915731	0.850197875880845
FBXL12	-0.864996198182745	0.0157426682027701	0.238774510373443
GDAP2	0.0654888437136947	0.742352119843474	0.910660278655962
NDE1	-0.295940129316207	0.748774708475181	0.912277644817631
BABAM2	-0.340514253234247	0.180603395004917	0.530741581729846
GAR1	0.742175843223134	0.0114855511965578	0.215372444560801
PPP4R2	-0.389150820736262	0.542033490895708	0.81944526125649
DPP3	-0.303386081213091	0.103206142191726	0.430914634139834
DDX56	-0.640952146143889	0.466497407595865	0.774577464980445
SPHK1	-0.0419482334774521	0.828716041730169	0.937445604587308
TERF2IP	0.0468150925662876	0.762721628665134	0.918739644077283
ABI2	0.334386674269929	0.314515083774324	0.661196718509019
UTP6	-0.452446331032469	0.25212151171926	0.609857977117476
COA4	-0.172270764542901	0.410857470744636	0.733659952564664
TAB2	0.0157834506863495	0.989447689645683	0.998126766214507
MAP3K20	0.0308929085005936	0.890511832989561	0.95889364572275
TMOD3	0.43356255353568	0.143749861176617	0.487724299203841
NKIRAS2	-0.311297684499632	0.0847181318941786	0.403605869383035
RRN3	-0.721380414064669	0.0722940850791275	0.381056482487997
GTSE1	1.0484239822882	0.395622428324106	0.720793859175112
UBAP1	-0.0384523528501859	0.837265679484292	0.939582519828357
ACTR10	0.0392643219881883	0.857995660836365	0.94847577605191
C9orf78	0.0504453080733356	0.805385783948989	0.932143155468031
FAM120A	-0.308388498521509	0.2914571566564	0.64352631855923
GLTP	-0.684669404278598	0.0198684187612117	0.256357792071745
SPG21	-0.420789771533663	0.318955984898934	0.662170218167823
UBP1	-0.0703324379912438	0.844150366869934	0.942337667285009
IGF2BP1	0.528699470783494	0.0551996213495182	0.349634290033474
DTL	-0.420921216156991	0.214233350437837	0.572315693908701
HSPBP1	0.600231990294695	0.0275522029291587	0.292525674527868
MAT2B	-0.072222258206267	0.675657876237244	0.880605848404921
MYOF	0.345470069678434	0.691234021656378	0.888797793936022
EHD2	0.108174022918842	0.614991162775429	0.849229472933652
NCKIPSD	-0.469846982899899	0.0695245915668661	0.374638846733613
OGFR	0.0373995769448356	0.824600411807197	0.937008271963804
PALS2	0.055877700166814	0.841070952948008	0.941298973774768
CHMP5	-0.695516774175523	0.0664793736079424	0.371932613856934
COMMD9	-0.645129633140975	0.0534210772132038	0.345795956288518
THYN1	0.708476134054287	0.211288159979017	0.570600873896821
CCDC59	-0.670475935458835	0.0732138695239532	0.381844741989866
KCMF1	-0.434918751244037	0.213516104640994	0.57107176817932
RAI14	0.373813776340832	0.699957239329559	0.892524839346287
MARK1	-0.280643057469877	0.77215899609623	0.922478087907616
RNF181	-0.365489634278294	0.284145736791449	0.636842917923416
GMIP	1.62726451102206	0.0144568715703916	0.231559201532651
ABRACL	0.313328630545954	0.542630945644908	0.819544302209799
CALCOCO1	0.237014274080085	0.73608895230505	0.907881178830807
NHSL3	-0.0937681012508449	0.798661648442994	0.931406459033123
ARHGAP23	0.0645701442286182	0.84415198272085	0.942337667285009
NYAP2	1.12801200889233	0.142465313360107	0.486581897468893
RCC2	-0.0936500584219786	0.602128728724997	0.845039119449074
RELCH	0.268916310787748	0.517962023469971	0.806072682114148
DIP2B	0.315539633067043	0.139976502746878	0.484313486226627
SLAIN2	-0.0860157467607472	0.762690998846262	0.918739644077283
BCCIP	0.0734255311685317	0.723929493847228	0.905273666204356
STK26	-0.0148246169870916	0.938094612089583	0.975912535981213
PTGFRN	-0.176728036208065	0.763613535056327	0.918739644077283
CTTNBP2NL	1.09055777482236	0.0114944569394912	0.215372444560801
IBTK	-0.616938576403122	0.0412598159585987	0.314348513016746
HEATR5B	-1.39216991682486	0.134570330597107	0.476586977752956
ZNFX1	-0.221178971690748	0.614706684260131	0.849163583163809
RRBP1	0.350884566408862	0.274443423041639	0.625663656455664
CPSF2	-0.151819393040924	0.650161979934966	0.866402480393838
LARS1	-0.0340172536617729	0.837847924597241	0.939582519828357
KLHL42	0.35828855715803	0.122422718583273	0.461101688648206
EIF2AK4	-0.265354403565603	0.29506943940795	0.645746782591251
KLHL13	-0.0349773607567059	0.85417876700367	0.94749870503564
ANKFY1	-0.882547268848846	0.398347097088922	0.723033038610853
GMPR2	-0.365886211420456	0.0878457763891805	0.407530902552361
IMPACT	0.744709057431475	0.447922329658587	0.758996523944965
ATXN10	0.321939609809892	0.333902108010035	0.672165295491977
NCDN	0.0726231460344344	0.710370258433326	0.898532656772004
EPS15L1	-0.257322640384896	0.436495815114469	0.752985494382681
ORC3	2.62218321954521	0.0692336812487783	0.374486695080728
SAE1	-0.266070119274694	0.183105198894006	0.535762928417421
COPG2	-0.366932258455844	0.187499532406144	0.540193984909346
PI4KB	-1.19668750005057	0.000894663292017041	0.0563486236124632
COMMD3	-0.179172737204187	0.560737827246507	0.832149267591062
GNG12	-0.697453798895936	0.0763952414008002	0.391739047454995
MTRR	0.258147954005718	0.252108106846621	0.609857977117476
UXT	0.747801791007387	0.0865582612693431	0.407362375134145
SPAST	-0.00855177901729931	0.970455905737796	0.988274635714346
METTL1	0.0899045036060322	0.639789380725213	0.861072347621126
GULP1	2.24348639644161	0.00313880461655338	0.120245339743426
VPS29	0.188810823171249	0.625713096421185	0.855148902648446
EIF3K	0.111536687034828	0.603937225515229	0.845244446102142
GRHPR	-0.0738263099256784	0.717417777446628	0.901868897493799
RPS6KB2	0.227032071606491	0.278247556332254	0.630084045905335
RNF14	-0.538593067259519	0.0536479175026612	0.345795956288518
UBA2	-0.470895893080424	0.0554283576461684	0.349634290033474
CTNNAL1	0.268929157972181	0.348313395525484	0.684129794157173
NXF1	0.101775383852988	0.744016309472417	0.910660278655962
PEF1	0.113042805225614	0.585333400569761	0.842219106647922
COPS7A	-0.225454783740005	0.281656347993472	0.633173012186171
DNAJB4	-0.345851692786127	0.178250053610234	0.527723969636035
MALT1	-1.62244852235309	0.00391834062687772	0.132368670631615
STK17A	-0.0601265784543159	0.86004339497844	0.949069318571056
FTSJ1	-0.293319513511189	0.43361301246834	0.751967401889286
ADD3	0.279077705024207	0.258489813967663	0.610647265545986
CNOT8	1.34999572737087	0.0906892224192291	0.410476431802504
CGGBP1	1.00017682796974	0.000720498813654662	0.0469714665182583
ABCF2	0.266866253754152	0.201257010834612	0.556533733756032
TES	-1.16400288397668	0.102020920245318	0.428372587154352
TUBGCP4	1.27953341679384	0.033026004642967	0.299328373788452
ZC3H7B	0.425792591426582	0.14378535483625	0.487724299203841
NDRG3	0.312817057962256	0.278677109439482	0.630262723266166
ARMCX3	0.0648564556918885	0.786508929314615	0.929408999038369
SWAP70	-0.290585613792995	0.201436456378327	0.556533733756032
NDOR1	-0.291021058320123	0.517204870080236	0.806072682114148
LIMA1	-0.723537284344221	0.0111154378792862	0.213337104704225
SRP68	0.644827945873338	0.236151526997905	0.593174529711704
CHORDC1	-0.25547294585558	0.303804431548847	0.654077211839812
TBK1	0.842378029775901	0.0474173890396949	0.329011803400948
SEPTIN9	-0.153790050290471	0.501039855286073	0.795449532437991
UBQLN2	0.544630252963842	0.0530395500399388	0.344571622287435
DDX20	0.126889533578726	0.739131209884632	0.908324322629472
SHPK	-1.00550391902896	0.013535002703118	0.226558874075616
USP25	-0.77441173155875	0.0834141652882067	0.402739789976593
BAIAP2L1	-0.993547549947571	0.344693244208134	0.680977644998667
SAP30BP	0.213793276145633	0.380761810966356	0.707616640032554
ZNHIT2	0.193290155346553	0.420280660160007	0.739821379987961
PFDN2	0.361043185407546	0.143958770601792	0.487724299203841
PUF60	-0.471073571903531	0.0694861953190468	0.374638846733613
NRBP1	0.235096694076482	0.308948713572946	0.657537025297089
ENOPH1	0.176266505735786	0.453327363410655	0.763282502235611
EIF2B4	0.207339252752195	0.340898701218443	0.678874369629011
ATP6V1H	-0.698611348657217	0.0464387856291405	0.327236208588746
IPO11	0.141392651976432	0.486636647339564	0.78657754741793
TRMT112	-0.137657063505436	0.532789746331809	0.814503624054617
XPO7	-0.482515195069681	0.0182928467035914	0.248717891534614
LCMT1	-0.0234130798620775	0.905435546720403	0.96295647071957
VPS51	0.585881460033491	0.129162481012358	0.467804853257233
FKBPL	-0.251159259696635	0.300021212520492	0.651975921477279
CNOT7	0.0414083280838398	0.857045545252463	0.94847577605191
RABGEF1	0.403524648369334	0.307822738882568	0.657423745950413
NAGK	1.21759861317278	0.0438506952102996	0.325247871060825
TRMT6	-0.996619268707683	0.211749063923792	0.571015617954144
HOOK1	-0.809187239657522	0.218914228317592	0.575682571912356
SH3BGRL2	-0.00571485477143341	0.985205486213087	0.996777603577805
RASAL2	-0.150878320647756	0.59008294131662	0.843890031360338
TSR3	0.0854360545682127	0.778752192880065	0.923960136890907
TUBE1	-0.200930315910838	0.611047230605952	0.847855192508429
DBNL	0.204561764044026	0.334885114613527	0.673394527004256
DCTN4	-0.67226205016194	0.100167068974081	0.427292393715924
CDC23	0.203748364387831	0.46724850126433	0.775187002598137
ANAPC7	0.107597531439136	0.574092677276034	0.837913742638547
ANAPC5	-0.1377429556957	0.720481188372825	0.903580187645433
ANAPC4	-0.617006433988159	0.0900436244828165	0.410476431802504
ANAPC2	0.475412429399665	0.252246413060742	0.609857977117476
GGA2	-0.760898750276958	0.0462216167985099	0.327236208588746
GGA1	-0.240987568471226	0.474849676831647	0.779948070599703
VPS28	0.0825067804108528	0.73609669943338	0.907881178830807
LSM7	-2.05939167182156	0.0301436432613874	0.293381725138372
DBR1	-0.371237443847164	0.519528254682298	0.807768616903523
JPT1	-0.745559256147828	0.301487267648502	0.652871029476592
FBXO3	-0.288521652518277	0.0828802191444462	0.402592018746094
AKAP11	-0.814285302171342	0.14733854008846	0.490704922072043
DNAJC12	0.727433196382741	0.208308428635515	0.566257586546872
MRTO4	0.254086263206808	0.344356058762575	0.680977644998667
CPSF3	0.360236152515725	0.253492680628853	0.609857977117476
APPL1	0.126431737498031	0.630226096236135	0.858687037689488
TLK1	0.315357581732563	0.147948205933625	0.491309681187981
PARP4	0.90903710310225	0.305465893401661	0.655803611728174
NUDT5	-0.405608736462078	0.08903422730672	0.40896315039774
RCOR1	0.818065574566376	0.176748452876088	0.527124599428205
GTF3C4	0.648767933049324	0.0357850001446871	0.307880579016713
PACSIN3	0.467484259004728	0.0450763517195256	0.327221991939852
FBXO4	-0.305746578622617	0.451825575724562	0.76248130762601
ACIN1	-0.0242270636873165	0.945795861841502	0.979558713312012
AGO2	0.758240622036517	0.441063713285933	0.754846279509156
NUP50	-0.266143349670706	0.5903407859419	0.843890031360338
CDV3	-0.492373392672608	0.0562871864688725	0.349634290033474
BAG5	-0.263663861349738	0.278835284458982	0.630262723266166
RAB21	-0.95792549613784	0.0622496798015346	0.363710393305822
RAB22A	-0.196875050902165	0.454710563218452	0.764572150642429
TRAPPC2L	-0.678667994922101	0.00676267438462396	0.17212395899495
BLOC1S6	0.452978847965966	0.219639414899644	0.575991577817274
PSME2	0.0477303827077904	0.910962923447356	0.963603251787753
MKLN1	-0.576252237903208	0.357930661529742	0.692353302965165
DNPEP	-0.320119894583566	0.0727742398241724	0.381844741989866
MCTS1	-0.113807455529521	0.776150838473673	0.922936485045813
MRTFB	0.418513130745811	0.127874895766506	0.46699677417892
ANKRD50	-0.831065966971266	0.0297265069784318	0.293381725138372
TBC1D24	-1.62088712640602	0.000108687697465329	0.0144993677016125
ISY1	0.858346031043947	0.039403434296542	0.312109020465815
HECTD1	-0.0413865892641567	0.826945359488472	0.937008271963804
MYO5B	0.18627688918442	0.269668837659762	0.620097759393813
NOB1	-0.0104210236288367	0.95986268780626	0.986134848738751
AKAP8L	-0.0210841944026434	0.944662534433505	0.979181583808899
MYO6	-0.12899022847677	0.628969353800441	0.857706465586216
DDX19B	-0.102287715869917	0.608115107061331	0.846123896549862
PRPF19	-0.233357558891583	0.326404188873621	0.666432000018152
UBQLN1	0.221279098165915	0.288921805679475	0.642317293482863
SUFU	-1.10981673639589	0.165308988306805	0.515615958259582
NOL7	0.852002320193034	0.0392613781873795	0.312109020465815
SNX12	-0.148333977412108	0.441373780438329	0.754846279509156
SYNRG	0.154313947049829	0.6510201881709	0.866521313539885
NDRG2	-0.222821854045904	0.394362149875989	0.719415684309856
VPS4A	0.0699013811102063	0.815118802949664	0.934619081832433
G3BP2	-0.218566050884448	0.331214750342952	0.670002184145024
STUB1	-0.731856457910233	0.0667939168289345	0.371932613856934
PACSIN2	0.363749324701175	0.286877714526286	0.639494653377132
MAGED2	-0.22004618062747	0.343897469893432	0.680977644998667
SNX7	-0.0946647300512709	0.922345887780311	0.969325063728934
SNX6	-0.411031215749638	0.209450977296349	0.567702284196378
DUSP12	-0.214129794603981	0.377493169602759	0.705616005152844
PSMD13	0.124390490293163	0.521631520180445	0.810615271423102
FAF1	-0.101466255321792	0.571142102852318	0.836314374813894
PROCR	-0.0694169042695663	0.928494577378775	0.971090866743464
PPIE	-0.199154685820456	0.386981235683429	0.712244810202884
TIMELESS	-0.2331836629196	0.237407414526282	0.594879266607999
COPS3	0.062810115262387	0.797122718275598	0.930895041204312
MINPP1	1.17520971910102	0.00059815414207009	0.0435831527829893
NSFL1C	-0.229961077869621	0.270765245872728	0.621088675100654
COG5	-0.0525238398545191	0.810497109675717	0.932159473709366
AP4E1	-1.30197677708059	0.0450920614323227	0.327221991939852
MACF1	-0.323437926136943	0.121119244797304	0.459596764181084
CEP131	0.539106919364571	0.0303278093295571	0.293381725138372
PPP6R1	0.0265764199833427	0.912392953412662	0.964841267752263
TRIM33	0.252597579173397	0.582965239052188	0.84135336182034
LIMCH1	-0.597362024555345	0.0209391459690224	0.263226659780488
EXOC7	0.464138113934574	0.0886955071953613	0.408166536393914
USP24	0.111940017575119	0.628917305269341	0.857706465586216
TBC1D2B	0.620830030325749	0.0402582366830278	0.312558008228831
AGTPBP1	0.0316557772492558	0.946080791732188	0.979558713312012
DICER1	0.604760293478883	0.14756172040288	0.490704922072043
HPS5	-0.317822684039495	0.768047975982596	0.9200729460836
SHOC2	0.323841373206555	0.164263639735251	0.514674270873687
SRRM2	-0.364296738133337	0.613106169736219	0.849114609480805
PA2G4	0.363513982852911	0.0603497511959911	0.357572329113375
BAIAP2	0.492536346293306	0.170028329473897	0.519706523610732
SMC3	-1.23252041580333	0.00945479081589229	0.200765729553461
CHMP2B	-0.400023867278861	0.297903890233793	0.648892647191545
GNE	-0.561693329103299	0.0301083466521595	0.293381725138372
RTRAF	0.000135830497967504	0.999538334278532	0.999538334278532
RUVBL2	-0.077749045042161	0.635976220926803	0.860315848912996
PIN4	0.649749149941616	0.0208864219902107	0.263226659780488
POMP	0.4624930477672	0.0506895434903617	0.340619066202864
GINS2	0.0835061808911277	0.729395925331898	0.906523517016731
EIF3L	0.321196173378556	0.178012457059881	0.527723969636035
PLAA	-0.0126743363321395	0.95977568477838	0.986134848738751
RUVBL1	0.366543798032694	0.172649084660022	0.522872044496041
NUDC	-0.446818391201166	0.0779320178011672	0.39526595851365
CFL2	-0.251688269775528	0.242644512076888	0.602267480310524
FARSA	0.215891644935237	0.221830862893851	0.577927047398166
ASF1A	-0.0483905162130398	0.78659615230777	0.929408999038369
DRG1	0.2634315929553	0.329040379803509	0.66851506361391
TRAPPC4	-0.0810236147616585	0.686547513867731	0.886283822684506
NCKAP1	0.874437859157581	0.00472506531343151	0.146923278460663
CNPY2	1.05005922834759	0.040274614300597	0.312558008228831
EXOC6B	0.495391252931654	0.0523035726533469	0.344213362076465
PALM2AKAP2	-0.70670349673393	0.346129303786431	0.681981173314092
DLGAP4	-0.00122423585368026	0.996072155786946	0.998927985138191
STK38L	0.141096379497988	0.51317596146355	0.803269533613543
NISCH	0.167917175297124	0.567782574778705	0.835561527276035
PIKFYVE	0.550605096749319	0.144768541986501	0.487724299203841
AMOTL2	-0.469582331256831	0.435319318132834	0.752393761014703
DIS3	-0.168645569556809	0.319053618809232	0.662170218167823
MRPS28	-0.438897630622783	0.333912038610923	0.672165295491977
AP3M1	-0.161080883045916	0.558244573419102	0.830295492163121
GDA	-0.123426995313743	0.635651871071042	0.860190223197375
MAP3K2	-0.0342627853398056	0.842822759119964	0.941933645981891
LEMD3	-0.639610787733481	0.396348700532083	0.720916187556152
KLHDC2	-0.51886241498817	0.362433424830656	0.695107360096682
CARHSP1	-0.210703585154313	0.543145191770874	0.819544302209799
COG6	-0.144979003178182	0.515064067052431	0.804807028954734
THRAP3	0.61665923655567	0.202287269439838	0.557640573619021
WBP11	0.174241642352669	0.849091579114669	0.944677936523985
NOP58	-0.220659011253051	0.450101569269956	0.760954245408169
GIT1	-0.577253187594792	0.404494277098286	0.727770451763154
ZNF281	0.490499425461877	0.308960627101017	0.657537025297089
SUGT1	0.0975811957427624	0.608154568332763	0.846123896549862
AMDHD2	-0.0775080272937458	0.731162220932022	0.906523517016731
AAR2	-0.581940103943015	0.0275304850006574	0.292525674527868
NOSIP	-0.0167741110536248	0.953485959092253	0.983389903965254
DERA	-0.149338063678865	0.595753486583624	0.845039119449074
MEMO1	0.0254733128226654	0.894751316086928	0.959995334843398
LSM2	-0.0699238404038738	0.755209527638212	0.9165116279241
SNX24	0.590861616386135	0.0948759241966957	0.415263762443959
SH3GLB1	-0.171473544726272	0.508005445213208	0.800049996439374
CAB39	-0.0809185467744626	0.796804895367128	0.930895041204312
LUC7L2	-0.277032529113299	0.246551813981853	0.605943479336353
MOB4	0.446948000128543	0.10377472980063	0.432133525835381
SBDS	-0.066756459375604	0.761943933341014	0.918739644077283
EXOSC1	-2.26003088081912	0.00149791236896104	0.0773089217091562
SF3B6	-0.357526664791997	0.237635622941943	0.595049848283195
REXO2	-0.227614517477551	0.238417844886283	0.595804110018446
RRP15	0.272055898643288	0.216931676885531	0.574771994032907
NOP16	0.292889039728713	0.417379256326079	0.738211002621471
TPRKB	-0.279449412814238	0.328490191630358	0.668127833660871
PPIL1	0.510236726474357	0.0344148862310921	0.302687907224122
UFC1	-0.0310646273901973	0.871983230563912	0.954096872167745
FIS1	0.143642363856742	0.546232463432319	0.821136584284398
AK6	-0.969248603410094	0.0441402010021184	0.326743001840382
GOLT1B	0.44740671023553	0.31572689919172	0.661272171584119
CHMP3	-0.0359354860541714	0.874998055997133	0.954917114856196
STRAP	-0.365467822182246	0.146337470123488	0.489956867552596
RTCB	0.00102245933277345	0.995698854507084	0.998927985138191
FBXO7	-0.332503975490734	0.0942931138072139	0.415023837245628
RAP2C	-0.547969915257518	0.148834272388417	0.492727495238322
RABGAP1	-0.278233631135187	0.346659957106347	0.68223925820888
TSC22D4	-0.209521983639547	0.469329882009098	0.77685070892909
R3HCC1	-0.0986852656538346	0.558371484100011	0.830295492163121
RPL36	-0.114849918858123	0.783659133971664	0.928004251701307
CCDC9	0.950321863148979	0.0325572623016538	0.296526438021925
SAMHD1	-0.0111355930817432	0.97358615835791	0.990105682665023
FAM32A	-0.26183671159724	0.250576878037622	0.609463505355657
PKP3	0.535494251487567	0.157908706264596	0.507164003871426
KNSTRN	-0.0614420717195259	0.821979235693958	0.936955472343174
HBS1L	-0.262408275170635	0.151635047094232	0.496892270725014
PRKAB1	0.438419867017281	0.0297112636090871	0.293381725138372
WDR45	-0.255548474959667	0.717307207253397	0.901868897493799
DMXL1	0.933108740489448	0.0545203265185099	0.347508633521068
TLN1	0.206500034866696	0.371071876433459	0.701118511377112
KIF3A	0.00769541105866267	0.975209964264508	0.990943458355732
MTCL1	0.37513868417053	0.116064473859052	0.452334738038928
DCAF1	0.0458966604132272	0.894302628020845	0.959995334843398
TCAF1	-0.230362751066394	0.288716855567096	0.642317293482863
WDR7	-0.210921154389062	0.772991956324624	0.922478087907616
USP15	-0.702529047326372	0.00904782345834091	0.197688712403879
FARP1	2.01460437019038	0.0750775376461912	0.388957454855169
CEP170B	0.791622367044138	0.0120879790048512	0.21595639414436
TLN2	0.258172723956548	0.376362116184434	0.704920173256733
IRS2	0.39821541275046	0.338933034423728	0.67677332397559
TRAF6	1.25741143196169	0.117072138328914	0.454587320825752
HYOU1	0.423458767559033	0.431149442026826	0.751125797736374
ATG4B	-0.153104749508294	0.634744131686924	0.859274751675268
TELO2	-0.215944093224518	0.27754605410882	0.630084045905335
MMACHC	-0.555624356214356	0.198832028593707	0.553038786118424
LAS1L	-0.391402434407926	0.261868418914982	0.613233442446262
ARIH1	-0.160451628672305	0.328681296144282	0.668150818639032
LSM5	0.0776941797102211	0.791191089025214	0.930895041204312
LSM4	0.485295545026979	0.134394107611154	0.476534831949473
RNF114	0.374663390230673	0.094488526042932	0.415023837245628
PRRC2C	0.459423769731337	0.119367673157649	0.457925547765484
POLR3H	-1.14282505276423	0.0515528636756652	0.342090073962093
IFT25	-0.268490270716725	0.37296051717758	0.701170672903169
PPME1	0.24383244564633	0.218439305962119	0.575682571912356
ASB3	-0.399838669845295	0.582733223463368	0.84135336182034
RBM7	0.399483881788555	0.335109109428276	0.673480503318266
AP4S1	0.230756905568022	0.65173957001253	0.866808962836994
KCTD3	-0.740315139928903	0.436278651780561	0.752985494382681
NUB1	-0.0109595525136541	0.963042456703402	0.986945882269676
YTHDF2	-0.460785543063963	0.12391442383652	0.461851553637421
CTDP1	1.02990274580938	0.206546951506652	0.564359170440234
NME7	-0.25876934096182	0.163758783834747	0.513601186324353
SUPT16H	-0.10510589365958	0.666115270997383	0.877871822334842
UCHL5	0.140875817631223	0.523397770115833	0.810732019070627
CD2AP	0.488319050203884	0.210354086047994	0.569734536264101
ATP6V1D	-0.367297131148149	0.321075856657188	0.663580580277036
TNPO3	-0.531208567756998	0.050195487730474	0.33830209908344
HEMK2	0.324584786991586	0.0704150580404042	0.376492598098046
CERT1	-0.150372280775393	0.80891775020087	0.932143155468031
GMPPB	-0.454557290274078	0.0271408261406591	0.29182370446788
GTF3C5	0.530668793262024	0.0670165299886558	0.371932613856934
GTF3C3	0.583845784699825	0.479844644353427	0.782749209138425
TRAPPC1	-0.172579783301337	0.41895514690196	0.739563102181929
CDC42BPB	1.25629238345193	0.178098064413469	0.527723969636035
USP16	0.571835994573291	0.0387019268074361	0.312109020465815
SNX5	-0.464363550008233	0.0825039027469895	0.402592018746094
FLVCR1	-1.05078593407109	0.140562024152915	0.484984662722592
NUBP2	-0.185317577784719	0.311241993072068	0.658388768552817
HEBP2	0.469631476742762	0.0780745999862806	0.39526595851365
MRFAP1	-0.0534623491741257	0.94641089635204	0.979627546196151
PUS1	-0.331195368998792	0.21205117076289	0.57107176817932
FHOD1	-0.000881531958675907	0.997526806697578	0.999140057597898
PSAT1	-0.481769755815449	0.0385679915642593	0.312109020465815
KPTN	-0.351649052604635	0.308366412591919	0.657423745950413
COPG1	-0.186019468840229	0.296612198893098	0.647722486610478
CLIC4	0.183570777240998	0.370975250646596	0.701118511377112
CFAP20	-0.172316740699944	0.427491950424152	0.747206061983137
TACC3	-0.0548214261055691	0.813183675521341	0.933515767141582
SAR1B	-1.38251458736823	0.151106565634799	0.496558340653917
ARFGEF2	-0.313851277967153	0.212843010019884	0.57107176817932
ARFGEF1	-0.0828621253459474	0.659673049659618	0.872054447717943
MAD1L1	-0.599247779514588	0.0875452425048366	0.407369169133068
STK24	0.149649320652173	0.634629426810857	0.859274751675268
BZW2	-0.190054772002988	0.622727442969663	0.854127195449403
COMMD10	-0.985238068741197	0.0107036587868952	0.211568064106928
DYNC1LI1	0.285035606691668	0.27953415291811	0.630308805973117
EPN1	0.36130403968172	0.110491114874531	0.444571393386725
OAS3	0.325171097848816	0.19237473952284	0.545281870379003
IKBKG	-0.430942010597285	0.0834760976519195	0.402739789976593
NCOA3	0.18023639522481	0.485042392703886	0.785709473098362
NUMBL	-0.468218738882129	0.0852699269871293	0.404678223096006
DDX49	-0.532690725190442	0.345631031547584	0.681722353094915
CAPN7	0.0214206707072719	0.897043207047662	0.960499985528037
WASF2	1.72700669981493	0.000260487646549033	0.0257832732703398
IVNS1ABP	-0.363815959026532	0.0344192136886203	0.302687907224122
SEC23IP	0.192249927506705	0.38172563676756	0.707616640032554
PRAMEF18	0.337856308674453	0.146878192825953	0.490704922072043
AP4M1	0.344596275780194	0.260403700847844	0.613233442446262
EML1	0.859363766310093	0.0292450251260403	0.293381725138372
THAP12	-2.35786451069285	0.000257585125491865	0.0257832732703398
FOXO3	1.35935525521674	0.000194943763783196	0.0218871353789156
EVI5	-0.0848712314490605	0.816733557395207	0.935462265807556
N4BP1	-0.33687553848965	0.493583334090332	0.790607294223536
RNF40	-0.320985507358785	0.150709459554161	0.496558340653917
ULK1	-0.212797597643366	0.279384048818593	0.630308805973117
ARL6IP5	1.38977316943042	0.000682745771177287	0.0469714665182583
RSL1D1	-0.0495875665414616	0.865609735425821	0.951827447324279
PHF14	-0.216635908010907	0.563122054820049	0.833342395630398
TOX	-1.22407505973284	0.00333339452074275	0.12144013763804
POP4	-0.00231318773552758	0.992917608297896	0.998892684846046
NUDT14	-0.259451465912775	0.613474526519689	0.849114609480805
GLUD1	1.09587560960983	0.0147270883040431	0.232542794392372
PGK2	-0.579495140666427	0.527514399203878	0.81103853475136
JMJD7	-2.53015602661198	0.00477892094717805	0.146923278460663
UBB	0.674899265327475	0.750060254974955	0.913245054877763
GAA	1.25106313982807	0.00575001799674774	0.15901870407479
IFITM1	0.293999198264153	0.443949065564021	0.756478423790729
ALAD	-0.0386004509544833	0.929683161468036	0.971786955841131
CREB1	0.00238976617131215	0.990430923989579	0.998491946159868
XRCC1	0.00302162777006032	0.992684029301541	0.998892684846046
ATP2B1	-1.38253992833397	0.227823394486289	0.583962595981248
RAB6A	-0.931779913294974	0.432909425555695	0.751967401889286
CDK11A	0.16547638660434	0.405741759671348	0.728657384119663
FKBP2	2.41317332281474	0.00478410029433267	0.146923278460663
PSMB6	-0.804325085471568	0.112908505764044	0.448290433445894
S100A2	-0.404024178924992	0.174646589434155	0.52549532496949
ARRB2	-0.0314869345936941	0.923154305849488	0.969325063728934
GBP1	0.542926030587338	0.146915914561875	0.490704922072043
PHB1	-0.698849277127476	0.0593571087516485	0.35589792320013
ANP32A	0.259220467994318	0.827362792363671	0.937008271963804
MDH2	-0.00946243340289499	0.988257730745645	0.998126766214507
KDM5C	0.297434456370098	0.699127018711198	0.89215522030591
NCAPD3	-0.352613468625918	0.64239175285153	0.862713318972275
MAP2K4	0.0544245590227632	0.889609278337429	0.958853260840995
MAP1A	1.33809414261416	0.00104507657380505	0.0616429293374533
HNMT	-1.0092985421699	0.0591915027939771	0.35589792320013
HLCS	0.333655973173649	0.366781000309737	0.697493849802339
HSD17B4	1.22751978605807	0.122313299551175	0.461101688648206
CCNH	0.672513415548131	0.12326036280185	0.461185859017136
KPNA1	-0.827635633319865	0.251097072346318	0.609463505355657
ZNF143	2.89634845826134	0.00447914515818098	0.143487098343108
PMS1	-0.615004383183354	0.087005144155379	0.407369169133068
BTG1	-1.09478571309689	0.00269233419616734	0.105312777610082
GNAI1	-0.28565237299177	0.327851435272892	0.667559415602229
XIAP	-0.479752675284338	0.244724339182569	0.604429794405507
TFAP4	-0.189750935076312	0.697977995440294	0.892029736669867
CALCOCO2	0.695139930904407	0.310516188235995	0.658388768552817
SRSF9	-1.20062047036188	0.00618384367800576	0.165317720197622
NFYC	-0.548772235448059	0.139261462030568	0.482712909933901
DAG1	0.0458979225198775	0.943796378334552	0.978556736018749
KEAP1	-1.14301145351113	0.0896559770364927	0.410476431802504
DHX34	1.66780418176958	0.00253048597414475	0.102209629129586
TFDP1	-0.71178257018585	0.438669425216644	0.754543756375713
HLTF	0.52054309261796	0.206951047098697	0.565047825877119
IRF3	-1.02171110326078	0.0730389465316591	0.381844741989866
SAFB	-0.736434876696485	0.0148311739157675	0.232542794392372
NCOA2	-0.3438950330914	0.261847290177552	0.613233442446262
NHERF2	0.918398596128508	0.195763333514792	0.550686258395886
TRIP4	0.631553467530033	0.22048299159234	0.57698225123742
PKN1	-1.2248542657293	0.302269714935994	0.653372639962484
CSRP2	-0.0033036743081567	0.990348487288148	0.998491946159868
PUS10	0.184450193531642	0.769650199553956	0.921398241476321
LARP7	-0.243017085738003	0.457218528917291	0.767438396591699
CEP78	-0.0255468396448464	0.965222883665308	0.987430045991209
LDLRAP1	0.243751741064926	0.40155039930986	0.725020936831194
TMCO4	-0.449561687019113	0.101492348025513	0.427913129414227
FBXW9	-0.0101455193214903	0.967693373565095	0.987430045991209
BLTP3A	1.0080466579217	0.0608106446400402	0.358686278543475
RINT1	-0.0917057854803858	0.801440307047686	0.931406459033123
MZT2A	0.162060901811873	0.701689246391843	0.892524839346287
RFWD3	-0.214005687695476	0.311620590369942	0.658388768552817
CCDC174	1.00002227786189	0.000795100244811562	0.0509412501675822
FIGNL1	-0.280744322357783	0.685549586283663	0.88608774352351
ZC3H14	0.505000570946905	0.616207838311605	0.849658006369545
BLOC1S2	-0.868674140934502	0.0239220375429426	0.275214524797445
DHRS11	-0.880149721240905	0.095515166588752	0.415487960806579
VPS13C	0.0207102903823326	0.962222855190135	0.986600483483486
TUBA1A	-2.90048078725012	0.339911223660108	0.67836203389955
SH3BP5L	0.654478370141689	0.325365537338816	0.666432000018152
TRMT1L	0.0624352954820608	0.89444277277043	0.959995334843398
PABIR2	-1.07942330295222	0.0244129066777902	0.279442557924041
WAPL	1.57493635353614	0.00797883282168989	0.187015484516228
IRF2BP2	0.222681648924315	0.312115215653133	0.658614503899513
BCDIN3D	-0.0226882224385143	0.880186626140717	0.956384012214971
PACS2	2.65806206299168	0.00385486702994431	0.132368670631615
SESTD1	-0.835936468229185	0.0557600035057752	0.349634290033474
RALGPS2	0.663171267172068	0.324963924304242	0.666432000018152
NCAPG2	0.0235978077615222	0.941747259310871	0.977523132848938
MIB1	-0.334333943072568	0.335964177283408	0.674469412633789
RAVER1	0.13610976967399	0.597013824752617	0.845039119449074
MIER1	0.257472889264932	0.41455956447235	0.736378270353372
KDM8	0.2209201828556	0.794246834560298	0.930895041204312
MICALL1	0.440442595258631	0.568694568303742	0.835614478377503
METTL25	-0.472674604296973	0.120939263944204	0.459519739076342
SPRYD3	-0.674827161983444	0.0842389194588507	0.403012623746851
DDX55	0.814423643700557	0.0104822482125343	0.208299648972072
NANP	-0.229218001632574	0.606005254327809	0.845244446102142
SMCR8	-3.06920289344923	0.00224534383288367	0.0971938995614655
PPIL4	0.728854296640215	0.00521925735472572	0.149040340380797
HNRNPLL	-0.0593784739988159	0.853761015784779	0.94749870503564
DDB2	0.083188446622863	0.857734723101338	0.94847577605191
TBC1D5	-0.307447552392944	0.696103040335885	0.891939369534921
NSMAF	-0.320915025230448	0.278218408285497	0.630084045905335
DLG3	1.01088952931902	0.0369741193376434	0.30945006184388
GGH	3.36497256234733	7.01853738169157e-06	0.00173872566069106
DVL3	0.0854556853966315	0.827825122943263	0.937008271963804
SNX21	0.909078780174951	0.0309599414375031	0.294461400981247
NT5C3B	-2.79641839488935	0.0760277156132133	0.391300541854156
LRRC59	1.01032479664714	0.0303961152255849	0.293381725138372
ACD	0.82739241653104	0.00691634867523265	0.174837766511323
ELP4	-0.0604990866271962	0.953137383832994	0.983303308807164
HOOK2	0.612049108358907	0.124300547797629	0.462363198814805
C8orf76	-0.559976542561106	0.0791308059897019	0.398105889162872
PRMT6	1.60159513558604	0.191377006233745	0.544113967226165
NEK1	0.257525313975748	0.2971154220679	0.647722486610478
USP28	0.149653035237851	0.817446236295652	0.935519006490497
FIZ1	0.0588296318119959	0.834949191351592	0.939065131677517
CRBN	0.573722970757327	0.109467002008214	0.444571393386725
SMAD5	-0.0805362153336517	0.765141510700905	0.919071433805645
NAPG	-0.971398872959707	0.0384308533434018	0.312109020465815
MYD88	-0.00728511454046199	0.979654870133953	0.994100900441772
EIF2AK1	0.133744407161977	0.740039268769686	0.909086255453934
PHAF1	-0.00810544085697984	0.977622295637598	0.992851721942966
MSTO1	-0.218555879179789	0.591139688184556	0.843901298998774
HTATIP2	-0.589718307894326	0.315320102912424	0.661196718509019
KATNAL1	3.20601974282537	5.3905181040806e-05	0.00910507512489251
CARD14	0.324590982848385	0.250956519909328	0.609463505355657
FRMD8	1.17481020025609	0.0658176276818049	0.370027196473672
TOLLIP	-0.247990780503333	0.698886838982129	0.892155099160973
ILRUN	0.793262468518144	0.014546285766228	0.231991407327482
WDCP	3.19960132796696	0.0914671705987433	0.412130657817159
LDAH	0.653566251734063	0.0278515711102525	0.293381725138372
GEMIN7	-0.0643429141884688	0.884993956938583	0.95766856512537
CAAP1	0.307975932392687	0.585448854548615	0.842219106647922
IPPK	-1.43234563995282	0.00024906512865974	0.0257832732703398
DDIT4	1.05986453166575	0.00104013300534327	0.0616429293374533
HOXC10	-0.578789409461706	0.0796856650507925	0.398105889162872
ARHGEF12	-0.329800848250031	0.256897420467855	0.61007767297736
TBC1D7	-2.21263675975337	7.56525068021907e-06	0.00175702947048088
RPUSD1	0.755299873998304	0.250374067268393	0.609463505355657
CNOT11	-0.548067544622736	0.15409501705237	0.500573825931251
PPM1H	0.72326931404352	0.136690126838469	0.478577365545046
RCL1	-0.0188418536930435	0.966108336030806	0.987430045991209
ZNF330	0.690400300087855	0.318447586669139	0.662170218167823
NOC2L	2.37233157292752	0.00167798756496599	0.080663832988337
SNX9	1.11045283048571	0.0173319133714113	0.245051282360235
SNX8	0.806229211490606	0.0796343881482295	0.398105889162872
GOLIM4	1.67334807297754	0.0256867627113368	0.284017961186721
SOCS2	1.11556028834775	0.00784730746275564	0.186989672066776
OIP5	1.2088109103766	0.00438848749708008	0.141985290953384
SLC16A7	-0.328667055699967	0.475529630030423	0.779948070599703
RBBP9	-0.861612070709306	0.0109391682855133	0.213276306922275
STAM2	-0.122817292054869	0.740399952429258	0.909228758502024
RPP14	0.968527968474088	0.200380407702467	0.55609678493082
CD2BP2	0.0605218314160147	0.708003595627942	0.897840994281248
SEC24B	-0.948629629054491	0.00386594289064985	0.132368670631615
CDC25B	-0.674933164228605	0.0143084820585111	0.231559201532651
SHMT2	0.0653639442401328	0.859294223340198	0.949069318571056
GPX4	-0.91558589786634	0.0359521837616384	0.307880579016713
TUFM	0.375266219337384	0.476448363902402	0.779948070599703
NUP153	1.35809570544342	0.0449549559747796	0.327221991939852
CTBP2	0.951777646558007	0.00583929474781173	0.15901870407479
CDK16	-0.503282108706053	0.380744074094188	0.707616640032554
RELB	-0.28902850283292	0.15709473213479	0.50673960469868
SPIRE1	0.046468654528752	0.893989997225423	0.959995334843398
DMWD	0.305036563942576	0.231569929660435	0.588359544954768
ATCAY	-0.385608854125046	0.279221101786388	0.630308805973117
CBLB	0.0398211994453419	0.934492383752586	0.974705434205263
TRA2A	0.357551902677784	0.488608438334136	0.787553464819832
BMS1	0.478056944850088	0.0637827008609552	0.365919645525907
ANKRD40	0.164997100947176	0.490627104041773	0.788909700830475
ZYG11A	-1.61007498541328	0.0339807487897988	0.302687907224122
MOB3B	-0.308681297401115	0.321969410645106	0.663999317632551
FCHSD1	0.27933507647499	0.575888850038972	0.838449430229304
LSM14A	-0.978490153580168	0.134665319332778	0.476586977752956
TAF15	-1.12760540191162	0.00160250820886926	0.0804718987048404
ARHGEF17	1.27975594019819	0.319365592991296	0.662170218167823
LYSMD1	-0.0563442336016671	0.840138257732212	0.941081088950612
CDC5L	2.46514540072654	0.00406688230270137	0.136148960692237
ATXN2	1.11144617636732	0.0011046114141265	0.062797094771303
EBNA1BP2	-0.197075374154746	0.775241282580922	0.922693943991302
CCDC28B	-0.474263341630717	0.222914341981519	0.578290820078319
OSBPL11	0.832502790111022	0.188146948348219	0.540722397573071
OSBPL1A	0.547001379222891	0.425805376767082	0.745935693483758
PLEKHF2	-1.29525624177938	0.000377630750152692	0.0338245830126676
NCKAP5L	0.314513906439021	0.309452272442397	0.657537025297089
LIMD1	-0.720525791158906	0.0344088625935595	0.302687907224122
FBXO9	-0.0259473687596561	0.920033089315997	0.969325063728934
DIMT1	-0.342289183042837	0.159505049809504	0.509573942764618
WASHC3	-0.187017360564798	0.490082615945636	0.788716760872231
TBP	0.701676405201358	0.315412770574661	0.661196718509019
KIF23	-0.578012139525278	0.330215621663539	0.669363085757279
HSP90AA2P	-1.83099813733765	0.0123584386847106	0.219731857188443
PRR27	-0.97954300849792	0.00337412139701808	0.121730437973973
UBA3	-1.67746298587507	0.000291885027074899	0.0271161190152581
LPIN2	0.707578883377288	0.359218828879666	0.692353302965165
EME1	0.72956881838736	0.0497430499719978	0.337308711123985
DDX27	0.0751254903686132	0.823920549988699	0.937008271963804
MTMR9	0.464247798526586	0.166569827677904	0.516314857564326
SIKE1	-0.541283031321431	0.529942878280721	0.81173443350831
BCAS3	-0.467570108979679	0.277786291338373	0.630084045905335
SIK3	0.886969017224409	0.023560039974869	0.273096109371889
KATNA1	-3.97816876095251	1.43831919063232e-08	1.06895882247794e-05
BUD31	0.898666099725482	0.158559260451759	0.507945756005185
DNA2	1.42395215562768	0.0156902950366053	0.238774510373443
SMARCA4	-1.09403903830967	0.00224937442472714	0.0971938995614655
ATP6V0D1	-2.4529813798671	2.32139840480268e-05	0.00468502027193675
VASN	-1.81985000772698	0.00462213551393153	0.146802184357005
CCDC50	-0.121890449335467	0.76074160570452	0.918724669092621
FHIP1B	-1.99165326853622	0.000561527490142357	0.0421726848801987
CPSF7	-0.783161008255895	0.0800883388395492	0.398105889162872
NECAP1	-2.97454255428708	0.00579524397535732	0.15901870407479
NCOA7	-1.80848184657702	0.0229476253200823	0.271003046912894
TRAPPC12	-0.91868870796911	0.0115336696629708	0.215372444560801
PSPC1	-1.6195317004801	5.33189999604859e-06	0.00152410310656281
UHRF1	-2.59946857786158	1.76805934145547e-06	0.000729271531399891
CINP	0.328058823279477	0.199515669124179	0.554525225479021
HYCC1	-1.43360498455972	0.000109252501519147	0.0144993677016125
DOCK9	0.112235161405025	0.836782236528186	0.939582519828357
MAF1	-3.57963149282507	1.96251757642597e-06	0.000729271531399891
WDR13	-0.799089713890382	0.0101654844134972	0.207554615827228
DROSHA	-2.40368749989752	0.00107570153241759	0.0624579202259964
NARF	-1.07461089118996	0.00623539432286942	0.165505180741306
AGO1	-1.17912810734185	4.64455973355956e-05	0.00821865903328921
IFI44L	-0.609325269185774	0.00924794593802671	0.197688712403879
GMEB2	-1.32259893474177	2.82511026684103e-05	0.00524905487579064
ETHE1	-1.25007797756776	1.52606391036197e-05	0.00333579617112064
CDC42EP1	-4.14398535344306	9.57747985441851e-10	1.18633050463397e-06
GTF3C6	-3.15577853496257	1.03540334428827e-06	0.000480944853421903
THOC3	-4.02830739556857	1.28530229190221e-07	7.96030552784767e-05
AHR	-0.918537008787744	0.000705005933244779	0.0469714665182583
ACTMAP	-0.375742361920622	0.316076068248848	0.661339340998153
PFKFB3	-1.08282188639576	0.000395810162745624	0.0338978821868074
MOB2	-1.28778700978191	0.000130868357982383	0.0167692006297426
COPRS	0.0635173271609233	0.910601304934823	0.963603251787753
RTKN	-1.58891271409286	8.39107331302407e-05	0.0125426174506049
TBCEL	-0.0492331433662372	0.950266062169982	0.981703832922895
