gene	logFC	P_Value	BH
RBM47	0.0348737670882144	0.883948247376994	0.975391169519441
CNOT1	-0.246376125390015	0.609823489635931	0.893088907655773
MAP1LC3B	0.104567575997212	0.679129986292879	0.913526069811124
SAC3D1	0.220788642790399	0.544298329200046	0.864284306039704
RTL8C	-0.445868607951819	0.350930031211015	0.793103918679239
SNRPG	-0.202149207396875	0.489323570323721	0.834370563962296
EIF3C	0.491425566605802	0.197238566647068	0.713787623458385
NACA	0.360240002752292	0.799590103665812	0.953385858472243
RSMC	-0.61682729812226	0.0669765282178482	0.668228404907692
ASDURF	-0.536121730236385	0.150341615508151	0.693601160209687
KIF2A	0.191270298998887	0.540777579498723	0.864284306039704
DDX39A	-2.09438280975905	0.148078983700138	0.693601160209687
MYO1C	-1.64285777649788	0.138222914327895	0.693601160209687
GTPBP1	-1.15669238840481	0.172269814045561	0.698392748518766
STXBP3	0.238724534710816	0.518161926144726	0.851773029279001
SMAP	-0.803308792187849	0.0599274477550585	0.668228404907692
AP3B1	0.163297371082344	0.66925720018762	0.910683078922913
PSMD11	-0.237471926096216	0.535797723177473	0.862306478206829
PSMD12	-0.0547099627813203	0.859891270227768	0.968445792589059
SUPT5H	-0.0394974891839048	0.882097320189361	0.974749268928675
CLIC1	-0.149565247420028	0.889652042831731	0.976555293627211
EIF3F	-0.270286883756228	0.558550495999765	0.870095957027351
IPO5	0.0933224913177142	0.909920122894168	0.981166392886356
IGF2BP3	-0.421782920056682	0.353092472141986	0.793103918679239
PIK3C2A	-0.264992517533667	0.567751055149772	0.875567892279167
IFRD1	-0.0344669869349765	0.917501621074159	0.982735051673858
EXOC5	-0.21985332356244	0.488821541000148	0.834370563962296
PSMD14	-0.245145608474086	0.510252144526898	0.84813134348868
ZNF593	-0.515157623258791	0.0936518226541033	0.669028276623117
KPNA3	-0.164092515106045	0.740388304325746	0.932250976365957
SDCBP	-0.0728553219818551	0.829365505654655	0.960514198940482
DDX3X	-0.143254784557755	0.60722376138352	0.892702620104409
KPNA4	-0.011770730626484	0.970695583213833	0.993746210683294
NFIB	-0.0426601611219795	0.878835649359911	0.973087558612091
PPP6C	-0.173492213859461	0.776863701845707	0.946510704717999
SCD	0.371260955908987	0.196305194155096	0.713787623458385
COPE	-0.360576929225587	0.504947888571343	0.845332384151847
RFXANK	-0.519909083007963	0.402037897189289	0.803490758235587
EIF1AX	-0.503967824738357	0.510522082529257	0.84813134348868
AP3D1	-0.257529797282121	0.459132064083751	0.8261795342463
ABLIM1	0.296452715064881	0.375318740796351	0.794738994801308
CHD1	0.117679360642942	0.720448722096552	0.923637887551022
GOSR2	0.013743265809218	0.958125474301855	0.992368905556983
PRMT5	-0.18668767658993	0.607117904227598	0.892702620104409
NHERF1	-0.429236193164979	0.648419621171873	0.903082984446629
TCERG1	-0.294139397494675	0.510645746392143	0.84813134348868
NDC80	-0.258928523875323	0.632484436912049	0.900868040705589
POLR3A	-0.125287398713319	0.699259685728446	0.917823650318806
PSMA7	-0.598450072339329	0.13835762463913	0.693601160209687
GEMIN2	0.116771416085019	0.654215779380147	0.905619535984053
GIPC1	0.00488673830058772	0.987886095411735	0.997713580821814
MYL12A	-0.468860083622914	0.214875240831207	0.727855229724882
AURKA	-0.11405523776957	0.648855717210482	0.903082984446629
PPP1R12A	-0.0991077989067719	0.689313632375239	0.91527121311235
GAK	-0.0547463840237405	0.920108264887688	0.983825499517749
HNRNPDL	-0.104453794107886	0.825549005190133	0.95936634399561
XPO1	-0.0485952907753529	0.921104117806586	0.983825499517749
BTAF1	0.157255380268296	0.600716779782029	0.890361397044108
SPTBN2	-0.428786263692466	0.466032260650821	0.828912774020311
SEC16A	-0.226631223035067	0.610793173802765	0.893088907655773
PFAS	0.197306740731904	0.800198599441677	0.953385858472243
ARPC1B	-0.285043717375217	0.538740789623674	0.864284306039704
ARPC2	-0.43155794949319	0.361453152501541	0.794430406577175
ARPC3	0.261931530023553	0.304727695394842	0.767332404690031
ZBTB7B	-0.0941258582089048	0.793888103602414	0.951882927937483
POLR1C	0.653048096029284	0.0448903818536662	0.665013352883304
TRIM24	0.699501664138872	0.0273865210202294	0.621312825036621
PFDN6	-1.65435023154993	0.000881731251229996	0.172595519238992
OGT	0.048569937605297	0.86101092083977	0.968445792589059
POLR3G	-0.295379562046612	0.271429457992909	0.756378170314058
MID1	-0.846540532743234	0.185727374940392	0.705683314611436
HMGB3	-1.06013144404268	0.264147661525233	0.752678386560297
PPM1G	-0.444725744346627	0.604805476310878	0.891194562177196
FANCA	0.564503894745204	0.11772293008135	0.69066559364804
EIF3D	-0.116076032550826	0.827515635115088	0.959728190529127
EIF3H	-0.199908461247109	0.671696353824134	0.911096431891443
SLC16A3	0.401698648153111	0.513525816447315	0.848876080567236
MAGEB2	-0.929373276044014	0.014866685862357	0.543695940109057
RNF113A	-1.49757910886967	0.0521858358209982	0.668228404907692
DHX15	0.00948037880176855	0.976143574768404	0.995735936695154
RNMT	0.433827826148118	0.150652427236074	0.693651463533002
PRPF4	0.508564285038435	0.136706654450574	0.693601160209687
PHGDH	-0.828534148694061	0.317547439758118	0.77045283196629
DYNC1LI2	-0.147271397711879	0.760215859150605	0.941383069699556
PSMD3	0.0593341025939615	0.91274130680036	0.981497232739676
ZW10	-0.494761106103503	0.583258381466267	0.888173941731018
PPIP5K2	-0.323485982633247	0.480219183736866	0.833151796199134
EEF1E1	0.269429219834212	0.369137017246105	0.794430406577175
HNRNPR	0.300509264180693	0.23519823964114	0.731811948713344
TXNL1	-1.25113796580396	0.0431073221388056	0.665013352883304
FIBP	-0.488847806197992	0.0911831593955815	0.669028276623117
EIF4G3	-0.458375067144839	0.218095025862557	0.727855229724882
PPIH	0.208884745961019	0.467739585770581	0.828912774020311
EPB41L2	0.448552351095596	0.356765801381569	0.794430406577175
DENR	-0.870799780174309	0.399628256064872	0.801769003854762
ZNF207	-0.106170105188593	0.780374760673376	0.947452628401354
BUB3	-0.363697920657458	0.165300832564014	0.694040253432706
ACTN4	-0.467335955809549	0.366096241937522	0.794430406577175
BUD23	-0.0974203631243071	0.737196099120205	0.931501487535895
HTATSF1	0.096183242616199	0.80399024520569	0.953687880035384
AP1G1	0.157002633027982	0.817752540412908	0.955996904838615
NARS1	-0.660685472432938	0.331104730583103	0.776396046556236
MYO1B	0.531213343995731	0.131948393417919	0.693601160209687
NUDT21	-0.134372120912502	0.678055795305405	0.913526069811124
STRN	-0.247833933762514	0.602360709641903	0.890391588461668
RRP9	0.0439983673878181	0.883140696887005	0.974780188573181
AKAP8	0.515986340442616	0.189216513363213	0.705683314611436
CALU	0.551317853834281	0.355331033771647	0.794430406577175
AHCYL1	-0.140177018910755	0.743181195564461	0.932924416792262
ORC5	0.169806000320254	0.587603557760358	0.8887285486026
PEX1	0.149010725989122	0.590217433742595	0.888978810846891
DHX16	-0.476487728665383	0.113588361727155	0.69066559364804
PCDH7	0.262923103821247	0.431746805626298	0.813126196670359
SMARCA5	0.0590567644129791	0.7891261597339	0.950396872293332
AQR	-0.0529450069848565	0.815584902345975	0.955092590682206
KDM1A	0.0703603609276051	0.79130465495678	0.95105160407951
ACSL4	-1.43197510394622	0.0858065405340661	0.669028276623117
SYNCRIP	0.0886926096321936	0.725534187985418	0.926029844923914
NEMF	0.550679977365082	0.527666896805207	0.858974781849206
PLOD3	0.0788739462152819	0.759889654554959	0.941383069699556
EIF4E2	-0.546125167618072	0.160093763994416	0.694040253432706
DIAPH1	-1.4979258483808	0.334912083567	0.778959661355105
PLIN3	-0.800582592617459	0.249825070279915	0.738536265997625
KPNA6	-0.145069714718776	0.587500393684416	0.8887285486026
CTNND1	-0.0383130117681318	0.890470358435328	0.976555293627211
EIF1	-0.470994640140653	0.144156546582664	0.693601160209687
DKC1	0.206599649965163	0.426529173496119	0.812143726931275
EIF5B	-0.438855597679328	0.291818222414489	0.763844760063907
EDF1	-0.630870104395164	0.280585541000035	0.760444127698393
DNAJA2	-0.471419992662327	0.317059151386555	0.77045283196629
SRGAP2	0.107262424753628	0.772937921853342	0.94555005413088
WDR1	-0.508705349498253	0.285829491657427	0.760627337466751
ROCK2	-2.5571217906878	0.00681667823516045	0.399195643174278
CLASP2	-0.649693526360299	0.550613785133576	0.868319069779439
COBL	-0.0956912956538432	0.709100615879559	0.919051873817947
CLUH	-0.927480930920989	0.0414771098068681	0.665013352883304
CNOT3	-0.0244602238337315	0.929252753546413	0.987123114917429
ANKRD17	-0.879216667782597	0.036620796895215	0.658540633066152
DNAJB6	0.595796228376283	0.514595994876435	0.849547988102111
HMMR	-1.07735907378878	0.0097474437062166	0.450966070263515
PDCD6	-0.88744009951596	0.269839294112725	0.754777888594609
FLNB	-0.648750663055193	0.28469177831035	0.760444127698393
NCOR1	-1.07265432003897	0.260495472317775	0.750414563916172
CS	-0.886092452105149	0.112201917687483	0.69066559364804
SEC22B	0.133687853638062	0.652668133089455	0.905619535984053
VPS26A	-1.79954636601532	0.0678934441064595	0.668228404907692
PSIP1	-0.32302505381465	0.279554498306131	0.760444127698393
BANF1	0.478031589777206	0.119413820436348	0.69066559364804
SF3B1	0.248822445471593	0.477934336994203	0.832755281228898
CSDE1	-0.801873295711115	0.195339613913291	0.713787623458385
PRKRA	-0.18888398375179	0.544108318895943	0.864284306039704
MYCBP2	-1.20136046780513	0.0479748542060575	0.668228404907692
NPM3	-0.12767290491092	0.663159277736764	0.907830450748983
SNRNP200	0.438070930236442	0.160361602405803	0.694040253432706
OFD1	1.27275964966483	0.0704667917554234	0.668228404907692
RPS6KA4	-0.614315106467508	0.389474739095373	0.801051408103921
NUP155	0.233763357330737	0.544061051597591	0.864284306039704
WDHD1	0.468471972207297	0.196498188591922	0.713787623458385
CDC123	-0.811526364424338	0.163020577157114	0.694040253432706
POP7	0.0838039810419566	0.738884098070716	0.931994758529474
RPP40	0.50109302831828	0.11777917706604	0.69066559364804
EIF3G	-0.427635065043397	0.25861879116457	0.74781337204213
EIF3J	-0.60144309718126	0.39895974445984	0.801769003854762
BCAS2	0.00956665332813955	0.966142140904362	0.992368905556983
DCTN3	-0.337106099841048	0.28045396074583	0.760444127698393
DNAJC8	-0.206611360898773	0.554388976443785	0.870095957027351
TRIO	-0.0203523005761355	0.94255345732265	0.990859820701164
MPDZ	-0.327878453359734	0.486784518687127	0.834370563962296
SRP72	-0.256767288335865	0.369608287544329	0.794430406577175
RECQL4	0.0302400203924087	0.92829844920941	0.987123114917429
URI1	-0.466402362351939	0.0851587147103865	0.669028276623117
MTA2	-0.100174277196349	0.725091383805481	0.926029844923914
TOMM70	0.126509901104363	0.697260104800928	0.916614397208973
SEC24D	-0.368945243879235	0.416778592758957	0.809503345703562
UBXN7	-1.01261052306425	0.00211990438998746	0.216470780361112
USP19	-0.480899498656285	0.302640902748794	0.767332404690031
AP2A2	-0.358987139529095	0.196341442594792	0.713787623458385
SEC31A	-0.0288254228064027	0.959955669675149	0.992368905556983
HEXIM1	-0.45984770823955	0.173407644696353	0.699459407178565
CCNB2	-0.42825114794395	0.38469734203869	0.79893877416364
UBR5	-0.496787479419353	0.0976774731128573	0.669028276623117
ELP1	-1.11565003275647	0.0677655489553829	0.668228404907692
ZRANB2	-1.40606721224529	0.0353264958776678	0.64911258953428
LUC7L3	-0.162465545035626	0.466944947427558	0.828912774020311
KIF4A	-0.490299404637618	0.165970947933129	0.694040253432706
SMC2	-0.419798639369326	0.151509792160259	0.694040253432706
IPO7	-0.527179929304062	0.292697934862014	0.763844760063907
BAG4	-1.82729437058572	0.0318271532574001	0.64911258953428
AHSA1	-1.65550411441135	0.126160787377066	0.693601160209687
PARN	-0.00580977880247957	0.978424010045222	0.995735936695154
SEC24A	-0.173016736494279	0.801633644088236	0.953687880035384
POLR1A	0.0964917518023753	0.746302032416847	0.934398371203355
EYA4	0.115555662851929	0.734409145318108	0.930503266256726
CEP43	-0.210984104003998	0.594519405838067	0.888978810846891
HERC2	0.0417204119405881	0.866997699224386	0.968656143445343
LDOC1	-1.30497925515921	0.0989131688378505	0.669028276623117
HSPA4L	-0.366739104485013	0.323697946369674	0.772339378094587
PTBP3	-0.100047970480823	0.696422508386998	0.916614397208973
LSM8	-0.683081696579134	0.0521923610498813	0.668228404907692
AP2A1	0.376427940815898	0.24917136296488	0.738285519895942
STAU1	-0.515585264907216	0.176150583283267	0.700103721722211
BAG2	0.252040382308962	0.505878598640871	0.845332384151847
BAG3	-0.343960268458495	0.391536999834431	0.801769003854762
ECD	-0.322846344034566	0.642772546862198	0.902331957173243
ZBED1	-0.875550081462364	0.0249017184046684	0.618304822733489
ACTL6A	0.0521409471763938	0.866604401252195	0.968498515951231
LDHA	-0.833595630104867	0.520618513886083	0.853574240158557
GSR	0.994530940905076	0.297122971431301	0.764493179054904
PGK1	-3.23024374969656	0.0130558070619814	0.516848444515554
ASS1	-2.04321626680496	0.0261047510649256	0.621312825036621
LMNA	-0.00653738583993402	0.977626527224617	0.995735936695154
TFRC	-0.431753245007265	0.595511780543556	0.888978810846891
CAT	-1.03124909807546	0.274283709081681	0.759941900246872
ALDOA	-0.757942672121896	0.437471981708019	0.81505850985609
ANXA1	-2.29739180911098	0.133800873123308	0.693601160209687
KRT1	0.0408652046702329	0.960124564382357	0.992368905556983
GAPDH	-1.50460452122104	0.117154180343383	0.69066559364804
HLA-A	0.127611900827773	0.745869393614554	0.934161275759911
HSPB1	-0.968845598765036	0.108538401231272	0.685505691986981
GNAI2	-0.0495791517568378	0.939076824869818	0.990541531842519
ATP1A1	0.218326008435476	0.542839485962569	0.864284306039704
ATP1B1	0.96452520287631	0.0139423204794246	0.53241133723806
ALPL	-0.420029708876434	0.21177322200609	0.727855229724882
EIF2S1	-0.286394303439018	0.498353162252887	0.841003833400288
RPLP1	-0.506972741526454	0.2528235998819	0.741206697275412
RPLP2	-0.814668398480979	0.0983937779320792	0.669028276623117
RPLP0	-0.338072032233402	0.228352988553036	0.730039879717083
SSB	-0.142772482448052	0.663821981062748	0.907830450748983
ITGB1	0.101596536388286	0.78840341873607	0.95024140864611
KRT18	0.392457193837146	0.273138827342889	0.758389802600646
KRT8	0.502964786353239	0.16110769772582	0.694040253432706
CDK1	-1.76431134645356	0.0170507591662148	0.556803003543998
ATP5F1B	0.0628995493583062	0.874439067814823	0.971700990960836
EIF4E	-1.36954473577448	0.00150013143564013	0.189534716004204
ENO1	-1.05159063479877	0.369153238658508	0.794430406577175
GPI	-2.74803531303883	0.0628897756130745	0.668228404907692
POLB	-0.559238077475907	0.0489082549903344	0.668228404907692
NPM1	0.0443231852933508	0.880828759496977	0.973907986313963
TPM3	-1.53817966579062	0.142041365082865	0.693601160209687
ITGAV	-0.0660345163602827	0.920168441649102	0.983825499517749
LDHB	-0.181476910403973	0.713804230453506	0.920350166303094
P4HB	0.127344431013473	0.683346547367709	0.913765912458948
CTSD	-0.428054945315392	0.559662045748532	0.870095957027351
ANXA2	-0.155241557859597	0.766836454309801	0.943108113884522
TUBB	-0.490615821293364	0.596322035977726	0.888978810846891
PFN1	-2.61292837131631	0.147386197082606	0.693601160209687
EPRS1	0.112716120279185	0.657970667305221	0.907025812383507
CTSB	-0.151544774120293	0.751358377274274	0.937062737490488
HSP90AA1	-1.13744254004069	0.139312490707802	0.693601160209687
HNRNPC	0.320671662581724	0.385302414535395	0.79958988696998
TPM2	-0.360037787009617	0.381381127782992	0.797625738101884
FH	-0.355799779765142	0.47419026568336	0.830274816742798
ERCC1	-0.0949384069052428	0.87754613099439	0.972600120409319
SP1	-0.196614367191035	0.680924912411713	0.913526069811124
SLC3A2	-0.0322798148754195	0.953487234456585	0.992368905556983
PFKM	-0.507163573056211	0.464167988934727	0.828912774020311
HSP90AB1	-0.904449178853611	0.156793337225891	0.694040253432706
SNRNP70	-0.120224615454994	0.640435906787491	0.902207122243715
NFIC	-0.0702757590007081	0.752333533795371	0.937372525002671
VIM	0.708037127574318	0.145689179854297	0.693601160209687
RPS17	-0.286452318299926	0.474126892347771	0.830274816742798
KRT7	0.527243681110463	0.0575420159182279	0.668228404907692
RPSA	-0.635689535246776	0.0556220452899815	0.668228404907692
SNRPA	-0.358084815948796	0.155658317522308	0.694040253432706
HMGB1	-1.54266314535833	0.161435865251362	0.694040253432706
TPM1	-1.71302986977717	0.0684004589173616	0.668228404907692
CLTB	-1.18345547512432	0.0701303275476024	0.668228404907692
CNP	0.172174687376582	0.488951982577473	0.834370563962296
HNRNPA1	-0.654858155659262	0.247924890763105	0.738008977155288
SNRPA1	-0.608534010733798	0.0608640339975518	0.668228404907692
PARP1	-0.115202549109554	0.720196634628637	0.923637887551022
POLA1	0.24694020226017	0.594200107890343	0.888978810846891
ALPI	-0.428017417982044	0.21797183250604	0.727855229724882
H2AZ1	-0.206128124766391	0.592016723944217	0.888978810846891
FBXO45	-0.0575728483243232	0.874367385628432	0.971700990960836
HSPA1A	-1.12735266074241	0.0644601328977111	0.668228404907692
CALM1	0.35323584891643	0.381746196842365	0.797625738101884
POLR1D	-0.178252659761053	0.504902287226492	0.845332384151847
RO60	-0.209347742017378	0.824611707454189	0.95936634399561
H1-4	0.0288244383836087	0.935030428470641	0.989751053663873
PTPRF	-0.755819008884515	0.0499366269175363	0.668228404907692
TXN	0.058281555404772	0.856924850710249	0.968412000273321
HSPD1	0.0420544340060829	0.860698180549733	0.968445792589059
CLU	-0.392197171826027	0.383463084625326	0.79893877416364
HSPA5	-0.104968681940608	0.717136190781906	0.922873405014513
HSPA8	-0.557172314295659	0.0891993249150413	0.669028276623117
SLC2A1	0.00835478334128226	0.985847720207478	0.997451969632727
EPB41	-0.422777014028775	0.34924935799437	0.792815283279912
TOP2A	0.383250416450004	0.320606889720544	0.772011097410908
DMD	0.29136786772726	0.397571269127967	0.801769003854762
MTHFD1	-0.937679825776783	0.147391040431508	0.693601160209687
PABPC1	-0.286247106407817	0.329735348943816	0.776396046556236
PCNA	-0.371937632330223	0.426062061087497	0.812143726931275
HARS1	-0.95891572672582	0.105029871085751	0.675569020049049
IMPDH2	-0.101669808588809	0.782288303890382	0.94792902711867
TPR	-0.197603171953443	0.609649896030947	0.893088907655773
CKB	-1.15147180338024	0.283444786367736	0.760444127698393
ACTN1	-0.0549850706724087	0.854897921747957	0.968094373197333
XRCC6	-0.0332038901082896	0.903954856226212	0.979730919533913
XRCC5	0.351420476643728	0.1716038401565	0.698049519280677
UNG	-0.902509349999935	0.170058275333989	0.696712028172973
LAMP2	0.20115761849042	0.720085466934612	0.923637887551022
EEF2	0.374588951160824	0.617285521827784	0.89554091896645
KRT10	0.145788052883503	0.840689107628684	0.965002052705775
PDIA4	0.170470225572359	0.685138086237313	0.913765912458948
PLS3	-0.801726204424639	0.383936567621381	0.79893877416364
PRKAR2A	-0.360407255136739	0.330024597598367	0.776396046556236
GTF2F2	-0.394585322695132	0.311052459523966	0.769121560098937
PRKCSH	-1.04385041744339	0.128343873328547	0.693601160209687
CPM	0.649106191685874	0.620688311765028	0.89654172577279
PKM	-0.389970485441317	0.737045301200638	0.931501487535895
HSP90B1	-0.831014698751069	0.365189991905632	0.794430406577175
CCNB1	-0.649664428865428	0.1872648730642	0.705683314611436
HNRNPL	-0.156711881143107	0.710352494008877	0.919051873817947
DARS1	-0.143574541317506	0.682914804568086	0.9137388564736
JUP	-0.33857362961086	0.356458263755904	0.794430406577175
ANPEP	0.554997998918029	0.594451370341727	0.888978810846891
EZR	-0.523633753629056	0.643119343393209	0.902331957173243
NME1	-1.15478084850305	0.154626117340422	0.694040253432706
NQO1	-0.689824458998579	0.384665227260224	0.79893877416364
RPS2	-0.339423332627184	0.282007960799457	0.760444127698393
DSP	-0.985185002703833	0.132601799356209	0.693601160209687
RPA2	-0.0770516920512065	0.865083211439966	0.968445792589059
CD44	-0.0461752699761639	0.9502218511248	0.992368905556983
GCFC2	0.514667865588628	0.200780753762509	0.716541884769178
H1-5	0.0571002269376564	0.860402572339252	0.968445792589059
POR	-0.0188602025817843	0.964931930671997	0.992368905556983
YBX3	-0.381152956069464	0.3749887858764	0.794738994801308
HSPA6	0.765409980200666	0.429363754596681	0.812670762478543
HMGA1	-0.11472820297984	0.691056182747764	0.916614397208973
JUND	-0.0359854197786689	0.898061619899834	0.978036477712808
PRKACA	-0.433381841684948	0.268536007980204	0.753758272734607
PTPN2	-0.172924289225797	0.864279104681586	0.968445792589059
DDX5	0.17858313167612	0.562615140421538	0.873094815473872
PSMC3	-0.379346271882056	0.221719648738261	0.727855229724882
TCP1	-0.153610717283346	0.765819956683475	0.943108113884522
ERCC2	0.249693082461935	0.281793711036965	0.760444127698393
RPL35A	-0.0794503391408021	0.765678930542077	0.943108113884522
ARF4	-0.304926893697562	0.71715076806924	0.922873405014513
RPL7	-0.081719478691813	0.786676276243897	0.949650078835764
VCL	-0.645220459710949	0.431051537631418	0.813126196670359
NELFE	-0.833459364207197	0.0444073507792867	0.665013352883304
RPL17	-0.526386975596139	0.308232320078488	0.767332404690031
PGAM1	0.185774911075519	0.806414613311825	0.953687880035384
RCC1	-0.084715385667554	0.754682072813046	0.939377361297276
NCL	0.193554423962308	0.370173107854821	0.794430406577175
POLR2C	0.216162296926555	0.430292708818953	0.813066580809455
POLR2E	-0.477143590889774	0.0767434771936993	0.669028276623117
EIF2AK2	-0.412531088675472	0.347481541753635	0.791417034599026
CSNK2A2	-0.242006329852973	0.408120603250787	0.807546275633276
RXRA	-0.0122172675246937	0.97267144467199	0.994424480175836
NFKB1	0.0258564074607683	0.943123084547592	0.990859820701164
EIF2S2	-0.151898121297165	0.58230211460575	0.887669757874586
BTF3	-1.53553647890428	0.0386150591937478	0.664623573632817
RAB5A	-1.44127062963041	0.00139049573264003	0.189534716004204
PSMB1	-0.448001480706964	0.199232985236737	0.7156356566209
LMNB1	-0.605461940131505	0.121276762968852	0.690678136514353
IMPDH1	-0.731326738604352	0.141857595090885	0.693601160209687
CDK11B	-0.245091482236724	0.386611750531664	0.79958988696998
ATP6V1B2	-0.644490054881473	0.467930115740117	0.828912774020311
CSRP1	-0.952177292745457	0.382600568420176	0.798470751485585
FLNA	-1.02001996227657	0.113305783286482	0.69066559364804
NF1	-0.747711963301811	0.129243516846348	0.693601160209687
ACO1	-1.07448085257448	0.238293656079311	0.732038111475644
TGM2	0.576167949578661	0.525790248659549	0.857376978328859
OSBP	0.0767883428209082	0.795515022835743	0.951882927937483
FBL	-0.0599737116370704	0.885727808373893	0.975672628845596
PAICS	-2.32586723595348	0.0602844626304768	0.668228404907692
UBA1	-1.47889767247682	0.0776473196133948	0.669028276623117
HNRNPA2B1	-0.142895201373996	0.687692254886899	0.914699777889052
RFX1	0.103672277521294	0.749012842683805	0.935850800050275
PRKACB	-0.738626572367817	0.133967377994209	0.693601160209687
NR4A1	-1.91195259672624	0.00161557856542246	0.189534716004204
TCEA1	-0.0862402257013422	0.929328977757764	0.987123114917429
SFPQ	-0.0206982567152352	0.942403320327676	0.990859820701164
TUBG1	-4.56139085653292	0.000311532880312281	0.0920220200307044
PPIB	0.107921417481691	0.644086430888505	0.902331957173243
RPS3	-0.589562614094461	0.0616218265771259	0.668228404907692
SP100	-1.0629504517417	0.18902280422438	0.705683314611436
CFL1	-1.20417905796817	0.121431500658938	0.690678136514353
EIF4B	-1.13743848344702	0.268556573350672	0.753758272734607
RRM1	-0.894105218945729	0.250887054792996	0.739023515816364
EEF1B2	-1.43098913910791	0.104265369261662	0.672848525048852
POLR2A	-0.00864159251675645	0.988328920369473	0.997713580821814
CDK2	-0.445192346383632	0.236087856252307	0.731811948713344
MCM3	0.0366771251707014	0.894938186482235	0.977329674613758
NFYB	1.039662609679	0.172051625214898	0.698392748518766
RPS12	-0.525590004195319	0.206970390607608	0.721431575619871
YY1	-0.952754698316333	0.0275682885326272	0.621312825036621
DNAJB1	-0.196517684879147	0.587414179176271	0.8887285486026
PSMA1	-0.884257560575413	0.549556392955095	0.867918009958398
PSMA2	-0.331777977191557	0.283985846284267	0.760444127698393
PSMA3	-0.572419227396924	0.187777613172169	0.705683314611436
PSMA4	-0.703547278556776	0.0854450919804828	0.669028276623117
MSN	-0.265555844896468	0.815808254541051	0.955092590682206
DDX6	0.0802015898876576	0.781057286555746	0.947521203366496
DNMT1	0.049950536904511	0.874874353906241	0.971700990960836
U2AF2	-0.193574082169928	0.390415556444217	0.801572208975318
RPL13	-0.819111115115412	0.0981697715570018	0.669028276623117
HMGB2	-1.48880205160707	0.146931656128115	0.693601160209687
PTBP1	-0.211320947334436	0.409203293322272	0.809135245292238
TARS1	-0.371172129467862	0.370644198912464	0.794430406577175
VARS1	-0.455614013070619	0.548700319292764	0.867081986042886
EEF1G	-0.909254410139415	0.228647530372165	0.730039879717083
STOM	-0.378244533381817	0.234659555989019	0.731811948713344
YWHAQ	-0.736596639519547	0.335254127946526	0.779283202974976
MARK3	0.142005544640003	0.617052347784053	0.89554091896645
ARNT	0.180317018681791	0.736882829964271	0.931501487535895
RPL10	-0.641939110081715	0.113908098790578	0.69066559364804
RPA1	0.0398188398350143	0.928438567346015	0.987123114917429
APEX1	-0.837459692541479	0.145934792229082	0.693601160209687
CAD	-0.61186585725423	0.351142611558901	0.793103918679239
CALR	-0.699470001858206	0.367157617800161	0.794430406577175
MAP4	-1.43320942796794	0.149670827828126	0.693601160209687
CANX	-0.089169123689544	0.897713671613043	0.97796597110331
PSMA5	-0.425896508615224	0.368214581893915	0.794430406577175
PSMB4	-0.503982277826296	0.334845967170884	0.778959661355105
PSMB5	-0.662318725811652	0.0432279979970087	0.665013352883304
TMOD1	-0.324452886088984	0.712262470954791	0.919357273434083
ITPRID2	-0.180565177611332	0.461488733716312	0.827318738314957
POLD1	0.658836989200715	0.170418784143199	0.696712028172973
SMARCA1	-0.0128325475412865	0.968262761726062	0.992936285410086
ERCC5	-0.162852653403725	0.604549051010083	0.891194562177196
GTF2E1	-0.122158848029237	0.703093593671899	0.918280321265075
TPP2	-0.916692787266964	0.349041115621877	0.792815283279912
SHC1	0.236551874718629	0.441353707859676	0.818157937057195
MPG	-0.215337771730169	0.354709065281432	0.794217382321107
TKT	-1.21137263038239	0.17241570979057	0.698392748518766
EEF1D	-0.901482030303221	0.26127838104827	0.751382092005028
MARCKS	-1.246544292617	0.113071537433953	0.69066559364804
ERP29	-0.722664722836718	0.153773066703129	0.694040253432706
PRDX6	-0.684186354901687	0.608073662389614	0.893088907655773
PRDX5	-0.726253161359804	0.516638931406223	0.850726199228085
PRDX3	-0.0178803556733129	0.960235801574339	0.992368905556983
RPL12	-0.856767237736179	0.0650817630993043	0.668228404907692
PDIA3	-0.445192286085398	0.313455785583376	0.770102505847832
PPP2R1A	0.0404929851024853	0.875052899688253	0.971700990960836
PPP2R1B	0.516423693094346	0.095410419755447	0.669028276623117
CDC27	0.025696609592174	0.923705251446508	0.98501198710208
NMT1	-0.958967586276309	0.143592909021735	0.693601160209687
LRPAP1	-0.32202989053313	0.352623981128277	0.793103918679239
CLIP1	-0.382741159429937	0.249832971232009	0.738536265997625
POLR2B	-0.00202054591044032	0.993418326271066	0.997713580821814
MAT2A	-0.199371443791108	0.659483848585006	0.907830450748983
CPS1	0.362174508514794	0.618936995710566	0.896066231162989
DNAJA1	-0.560905839876561	0.250941758416412	0.739023515816364
HNRNPH3	0.615405359328371	0.128444725419637	0.693601160209687
HNRNPH1	-0.219399284336433	0.471567552935042	0.830230885395289
YWHAB	-0.560884605684581	0.404979587640338	0.80517838165559
STIP1	-1.1434396901689	0.0536902011861522	0.668228404907692
S100A11	-1.28224336349432	0.156098797320688	0.694040253432706
L1CAM	-2.9711954180795	0.000132511963133714	0.0508845938433463
RPL9	-0.406145563028247	0.276831374238836	0.760444127698393
KIF5B	-0.451938511537698	0.159090523660047	0.694040253432706
CSTF2	0.150281862168534	0.633048465378566	0.900875501314384
TTK	-1.13050400184787	0.311253881352538	0.769121560098937
MCM4	-0.215380089074529	0.601663186360448	0.890391588461668
MCM5	0.204193693090588	0.467285912246074	0.828912774020311
MCM7	0.0021360423018848	0.992214746584797	0.997713580821814
HSPA4	-0.64038685353907	0.180664144706894	0.704876352547669
GPC1	0.579446834134018	0.101884683214863	0.669369806358073
CTNNA1	-0.483592801116803	0.360566109290598	0.794430406577175
CTNNB1	-0.306462649162473	0.283886533866085	0.760444127698393
RDX	-0.460973119176529	0.274489431156878	0.759941900246872
RPA3	-0.799283101535458	0.0948810586681118	0.669028276623117
RFC4	0.110570966173263	0.700318566519298	0.917823650318806
RFC2	-0.248803989000631	0.33130845060242	0.776396046556236
RPL22	-0.422123294331332	0.158983514245221	0.694040253432706
GTF2F1	-0.664237532762957	0.123212987718455	0.692188141865802
MYH9	-0.610028857355964	0.139382992705891	0.693601160209687
COPB2	-0.357856344493861	0.574417304826282	0.88111997480206
ADD1	0.0605152410618288	0.835526588014867	0.963779224134613
BSG	-0.251195605963833	0.701501480670968	0.918265851752692
FUS	-0.194115198854185	0.640579824459072	0.902207122243715
NUP214	0.304657596285345	0.411775859496687	0.809503345703562
DEK	0.106934898704829	0.730461273320435	0.928490992899857
PSMC2	-0.244130336835003	0.545646546158034	0.864390568171142
RPL4	-0.205864547428259	0.523720627453023	0.8551072553077
PPP1CC	0.0387117577732852	0.902152879004441	0.978686375276366
SRP14	-0.51220075593351	0.207035832378411	0.721431575619871
NUP62	0.00350497855475851	0.992541072846694	0.997713580821814
FDFT1	0.948952588905421	0.0707162146035978	0.668228404907692
ETFB	-0.492426772297868	0.426571946185583	0.812143726931275
RBMX	1.4132762042698	0.169108782144821	0.696712028172973
ATP6V1A	-0.116695894601751	0.840254460197314	0.965002052705775
HSPA9	-0.119253939291585	0.765363507715709	0.943108113884522
EIF4A3	-0.28643864353068	0.26390540808701	0.752678386560297
IGHMBP2	-0.855330687773773	0.0927434705233739	0.669028276623117
RPS19	-0.777739530657843	0.0396409038847558	0.664623573632817
RPL3	-0.263098367189723	0.474380976024401	0.830274816742798
FEN1	-1.17065516848062	0.0432239364028917	0.665013352883304
TXLNA	-1.0139084037253	0.0569826477559024	0.668228404907692
CCT6A	-2.39319976349244	0.00227518767686161	0.218418016978714
PBX2	-1.18814647272274	0.161215859380409	0.694040253432706
MLH1	-0.240024164116491	0.501591131810177	0.843113361913717
USP8	1.21708005608467	0.228781175498952	0.730039879717083
RFC5	-0.161776657220472	0.50015413722175	0.842069217740115
RFC3	-0.226553836429357	0.34088760914835	0.785719339213483
EIF2S3	-0.455242187296619	0.213932912837321	0.727855229724882
CETN2	0.306854880227782	0.364824794348615	0.794430406577175
EIF2D	-0.741609786211804	0.0573999631609782	0.668228404907692
NAA10	-1.81541376226955	0.0236107781986087	0.616771348861616
GARS1	-1.21610134301689	0.449506149655527	0.822579804075298
IARS1	0.431722086682363	0.182093057741481	0.704876352547669
PRKCI	-0.368582178003276	0.392976602827274	0.801769003854762
MTREX	0.0166822094305985	0.94923723755997	0.992368905556983
MTOR	-0.136456600916922	0.717392887017052	0.922873405014513
EPS15	-0.187793160788974	0.630298927484955	0.900868040705589
RPS27	-0.0389710863492674	0.898903407154402	0.978389891157056
RPL35	0.0026390384048085	0.992293424655856	0.997713580821814
PAFAH1B1	-0.195463808448043	0.505168962228008	0.845332384151847
MCAM	0.18111871959476	0.711182394341516	0.919051873817947
MATR3	0.579804603575809	0.0994721021131018	0.669028276623117
MSH2	-0.419205426255346	0.347975542751213	0.791593847231171
MAGEA1	-0.0550389897288532	0.923133753988107	0.984949601365471
PSMC4	-3.36169633185432	0.0125173796954961	0.50650710517187
CBX5	0.0210290406339446	0.936487486312615	0.990541531842519
RANGAP1	-0.0134862188583824	0.9653134506973	0.992368905556983
RECQL	-0.259521384492029	0.474992416403629	0.830966231886075
NOP2	0.555600394726618	0.0985912056270565	0.669028276623117
BAG6	-0.854620031838799	0.531955114817861	0.86044972236756
RPL27A	-0.325131002794102	0.398387393461632	0.801769003854762
RPL5	-0.451269001888342	0.202918874608705	0.720130457123122
RPL21	-0.441934845366522	0.216514198592903	0.727855229724882
RPL28	-0.207983893337797	0.404844251557318	0.80517838165559
RPS9	-0.218385760957091	0.362172546338545	0.794430406577175
RPS5	-0.0720988638381996	0.829373224463964	0.960514198940482
RPS10	-0.443159516871013	0.398217181049396	0.801769003854762
YAP1	0.633129601081752	0.0688310885636274	0.668228404907692
IQGAP1	-0.760902256612816	0.187688739199493	0.705683314611436
CAPZA2	0.285329831577961	0.306939260189341	0.767332404690031
CAPZB	-0.321920083047271	0.166921813981873	0.694040253432706
QARS1	0.378620377998821	0.144837563979261	0.693601160209687
RPL29	-1.2005948387147	0.0300508443844422	0.647650592931829
LIMS1	-2.12991574585491	0.0123433185100266	0.50650710517187
PIP4K2A	0.448607147581313	0.42736858902576	0.812423456365801
ARCN1	0.101313295072721	0.9018279905434	0.978686375276366
PSMD8	-0.187579220629033	0.605834889647168	0.892026831382333
PRRC2A	0.408607590545476	0.599055589965372	0.889205050431785
CCT5	-0.61881693561196	0.331571780439068	0.776396046556236
CSNK1A1	0.106922864233361	0.760807629520413	0.94165426297145
CSNK1D	-0.943167041948701	0.255857554309243	0.744518854588065
ADGRE5	-0.332964416822033	0.461207014224845	0.827199876050166
POLD2	-0.190534368728482	0.499134021637867	0.841384830153384
RPL34	-0.72391112515702	0.0228113524030657	0.608302730748419
LMAN1	-0.242692993178302	0.702657057539732	0.918280321265075
FASN	-0.718506286890321	0.32027874776068	0.772011097410908
CCT3	-0.458236774686988	0.328195858123982	0.776396046556236
SRP9	-0.654878183043401	0.0251442038854969	0.618304822733489
CARS1	-1.06132218159898	0.147293654282371	0.693601160209687
SARS1	-3.55751210508854	0.000986865001567944	0.172595519238992
PRIM2	-0.0718589285781484	0.809432120796943	0.953743135410994
CSNK1E	0.76439989757003	0.461911143977205	0.827689590701105
PSMB3	-0.420596742667627	0.188625179861977	0.705683314611436
PSMB2	-0.312401488467511	0.445190411456834	0.820312466407986
MCM2	0.455836631323489	0.11160507060168	0.69066559364804
TMED10	0.173339923479507	0.616924695156221	0.89554091896645
NUMB	0.716828464290202	0.286441957717557	0.761283269596332
EIF2B2	-0.0512210674992701	0.937598153185253	0.990541531842519
RANBP2	0.344791086730591	0.222482436795167	0.727855229724882
GSK3B	-0.470612914780158	0.452718131271552	0.823010102691975
TAF6	0.240869360396733	0.432608546822277	0.813126196670359
LIG4	-0.448206295084013	0.308405508471172	0.767332404690031
MRE11	-0.083407727625282	0.814758429985919	0.955060373434315
SERPINH1	-0.010106945067097	0.972257798535958	0.994424480175836
VASP	-1.29747071152504	0.0463891176558557	0.665013352883304
DNM2	-0.37738826214715	0.471761686568128	0.830230885395289
METAP2	-0.636596721657895	0.410378074841352	0.809374323261834
CDK7	0.0551599202926489	0.841175178708373	0.965002052705775
CDK9	-0.376467507352949	0.229088035171637	0.730039879717083
RPL14	-0.619100416674215	0.0955799479701912	0.669028276623117
CCT8	-0.587943803251985	0.233954448375027	0.731811948713344
CCT4	-0.679117230704509	0.26761582345496	0.753758272734607
FXR1	-0.0254528316427489	0.915903218226965	0.982695825088446
FXR2	0.0376876366862113	0.889445606274471	0.976555293627211
RAB5C	-0.209573488494826	0.6405041985664	0.902207122243715
RAB7A	-0.414053158734518	0.53793695880112	0.864284306039704
RAB9A	0.575624797263995	0.449722102787609	0.822579804075298
RAB13	0.239693980794232	0.329765981338459	0.776396046556236
HCFC1	0.0610111250379255	0.807157710967447	0.953687880035384
PSMD7	-0.475992969348951	0.24060378091044	0.733471010548386
RPS6KA3	-0.568144983523482	0.280522411656804	0.760444127698393
HDGF	-1.0421585706599	0.248953385668028	0.738285519895942
HNRNPA3	0.168046119341419	0.678919541865099	0.913526069811124
HNRNPM	0.285379114692237	0.426653832581607	0.812143726931275
KPNA2	0.0829527338581357	0.79649333258852	0.951882927937483
POLR2H	0.104200229280629	0.770324940661109	0.943755357596512
POLR2J	0.303140460925626	0.371031584948434	0.794430406577175
SLC7A2	-0.271950953944518	0.675033628295885	0.913526069811124
AGFG1	-0.930204219791907	0.0551548740358741	0.668228404907692
HNRNPF	0.221807049253396	0.542781010035633	0.864284306039704
MSH6	-0.729797831895993	0.0837044604728028	0.669028276623117
RIDA	0.111696959997449	0.860085501447719	0.968445792589059
HK2	-0.579223741759847	0.523753193875966	0.8551072553077
CAPZA1	-0.0347003804969752	0.9108304314471	0.981166392886356
NUP98	-0.156706143175484	0.627237452193938	0.899399483355013
PLK1	0.372010118480979	0.164193993397601	0.694040253432706
ACLY	-1.03500392652012	0.18089568142285	0.704876352547669
METAP1	-0.909741683613994	0.0347887150694524	0.64911258953428
COPB1	-0.820613379304376	0.291763624584672	0.763844760063907
COPA	-0.299347201727734	0.559143037539854	0.870095957027351
CTSC	0.030322689946761	0.966214132069282	0.992368905556983
AP2S1	-0.496298687621906	0.115168024453505	0.69066559364804
SLC16A1	-0.0770319494812313	0.857093669688365	0.968412000273321
IST1	-0.82512924300071	0.0357810370470738	0.64911258953428
SEC24C	-0.201739557217408	0.586029654110942	0.888173941731018
SUB1	-0.0320111339460709	0.934734521078276	0.989751053663873
CLNS1A	-3.86586152165412	0.000933695788745047	0.172595519238992
RARS1	-0.187433520607588	0.505257529621429	0.845332384151847
YARS1	-1.11861765467606	0.0426615215300832	0.665013352883304
HSPA2	0.76972494876722	0.068283193562917	0.668228404907692
ATP1B3	0.370747033109907	0.26788812323914	0.753758272734607
RAD23B	0.499784204103157	0.141160842554814	0.693601160209687
AK2	-0.0126408178167523	0.979698520025197	0.995735936695154
NAPA	-0.0188233466809358	0.949700935147707	0.992368905556983
EIF5	0.158579701460777	0.82595446178372	0.95936634399561
PSMD4	-0.388950590499523	0.466817346054687	0.828912774020311
CSE1L	-0.83224254989409	0.379733842698262	0.797557042097205
VCP	-0.376649235494899	0.292774986821	0.763844760063907
MFAP1	-0.416963494024966	0.258454898839244	0.74781337204213
NAP1L1	-0.409711362375091	0.330008244062783	0.776396046556236
ADAR	0.490542656878976	0.162687077485569	0.694040253432706
SEC13	-0.493262231208714	0.170110988440797	0.696712028172973
SNU13	-0.460517814254931	0.0911253414876557	0.669028276623117
EIF3B	-0.0446531592694441	0.89271394494836	0.976876342068481
MARS1	0.0827121177491748	0.726792946823768	0.926864948214582
EIF6	-0.0127777098203588	0.976780088952174	0.995735936695154
GEMIN4	-0.0980400338575542	0.685534558828257	0.913765912458948
NUP107	0.170009599426791	0.495960948358368	0.83972224060676
EEFSEC	-0.374923165556169	0.176452832512863	0.700103721722211
EPPK1	0.216158799005679	0.6970882778706	0.916614397208973
ARPC4	-0.500360448112037	0.344101771756965	0.790415840856532
TPI1	-0.860224362072508	0.428894353465098	0.812670762478543
EIF3E	-0.765635168608632	0.120518537443208	0.69066559364804
PPP4C	-0.585422134778788	0.134388814988614	0.693601160209687
MYL6	-0.940547904551991	0.110734662959202	0.69066559364804
ACTB	-0.00295132215673277	0.992917466371516	0.997713580821814
EIF4A1	-0.83660643969991	0.23684935835548	0.731811948713344
RPS20	-0.764367992654883	0.0479244170408401	0.668228404907692
PRPS1	-0.653340876808798	0.120660032139715	0.69066559364804
PSMA6	-0.424045803402933	0.276069396790768	0.760444127698393
S100A10	-0.352261946323917	0.186013214939117	0.705683314611436
CDC42	0.00565376659787731	0.992588779722844	0.997713580821814
DSTN	-0.0133357620496213	0.982321672167618	0.995735936695154
RAB8A	0.105261412347911	0.746589887457105	0.934454096426103
SRP54	-0.64429210419469	0.138043524157771	0.693601160209687
RAB2A	-0.403696913862539	0.301564068356657	0.767332404690031
RAB10	0.425809195992528	0.63305687155962	0.900875501314384
RAB14	-1.02360165874941	0.425533591139179	0.812143726931275
ACTR3	0.607372534603009	0.24900489372442	0.738285519895942
ACTR2	-0.891045436271291	0.122698831604606	0.692188141865802
ACTR1A	-0.452333887652131	0.180096902423334	0.704876352547669
COPS2	-0.440478814616377	0.308831358587446	0.767358622016749
ABCE1	-0.533184905395725	0.419174794371303	0.809837307594738
RAP1B	-0.0985389529791014	0.806860540866777	0.953687880035384
RPS3A	-0.46209615452177	0.115939083695134	0.69066559364804
RPL26	-0.765258454409512	0.0388719577195006	0.664623573632817
PSME3	-0.172186866036768	0.662774345648881	0.907830450748983
RPL15	0.0302266486100606	0.956466590215053	0.992368905556983
MAGOH	-0.486054484288267	0.727366926789949	0.926864948214582
RPL27	-0.701158897447382	0.103563238903435	0.669499726244426
RPL37A	-1.14504867159599	0.0138980894844438	0.53241133723806
NAA20	-1.01192023215988	0.00810140453450105	0.404059377716012
HSPE1	-0.487501949970564	0.418432927537805	0.809503345703562
COPZ1	-0.761680032311169	0.333800601398967	0.77873287325154
UFM1	-0.57034883674503	0.468210212655613	0.828919878560421
DCAF7	0.0839687322626901	0.713990402452322	0.920350166303094
WDR5	0.195336418086317	0.493091402478924	0.837078242935044
AP1S1	-0.349354766148949	0.139840554364813	0.693601160209687
HNRNPK	-0.379915114804607	0.182017723651169	0.704876352547669
YWHAG	-0.952223509007787	0.192955063182597	0.712065836318419
RPS7	-0.200624317556894	0.593247392824434	0.888978810846891
PPP1CA	-0.0316652742960137	0.901338963879462	0.978686375276366
PPP1CB	-0.503825514184598	0.0604138719468452	0.668228404907692
PSMC1	-0.390157755150852	0.2329417229479	0.731811948713344
PSMC5	-0.400716296133893	0.334882133965836	0.778959661355105
RPS8	-0.963827947031447	0.0473775896037177	0.668228404907692
RPS15A	-0.960567922437193	0.051758160171683	0.668228404907692
RPS16	-0.54384160333759	0.0785731252428487	0.669028276623117
YWHAE	-2.04808879468307	0.0578721015051182	0.668228404907692
RPS14	-0.534235622702312	0.142553129399353	0.693601160209687
RPS23	-1.01069237727015	0.0069651323158012	0.399195643174278
RPS18	-0.62778567147857	0.12917329238216	0.693601160209687
RPS29	-0.42503519944632	0.641133012760389	0.902207122243715
RPS13	-0.731725887396223	0.0991956657860879	0.669028276623117
RPS11	-0.423839019145326	0.185438379239933	0.705683314611436
SNRPE	0.00644992937351674	0.982943647314131	0.995911241605875
SNRPF	-0.164712631141029	0.6173168782563	0.89554091896645
LSM3	-0.652214265440165	0.0402691069099166	0.665013352883304
LSM6	-0.578733003843951	0.0384489999600284	0.664623573632817
SNRPD1	0.00315768669601724	0.991514586891877	0.997713580821814
SNRPD2	-0.216908304687024	0.528363728337412	0.858974781849206
SNRPD3	0.345899663646463	0.224419484167489	0.730039879717083
ARF6	-1.16342628771062	0.144514070544983	0.693601160209687
PSMC6	-0.568721887963967	0.13557542053337	0.693601160209687
RPL7A	-0.0368501088218203	0.911610521445465	0.981262589302963
POLR2G	0.266786548936334	0.370230375452868	0.794430406577175
ETF1	-0.907076734312398	0.104431698158624	0.672848525048852
YPEL5	0.0310777266094959	0.917509444919369	0.982735051673858
RPS4X	-0.547624749294339	0.0743681173430734	0.669028276623117
RPL23A	-0.7131518320484	0.0878349869830506	0.669028276623117
RPS6	-0.531455856650553	0.270091606297916	0.75484117043959
H4C1	0.0463116810314901	0.824133359364106	0.95936634399561
RAB1A	-0.689017057593642	0.455925551333388	0.823884290409511
RAN	-0.431305630373952	0.202398467510434	0.720130457123122
RPL23	-0.752939065175756	0.135469023145608	0.693601160209687
RPS15	-1.29617315967436	0.021707806081806	0.595074355263617
RPS24	-0.926970745364997	0.0641511541480551	0.668228404907692
RPS25	-0.766525152291287	0.0313708293407012	0.64911258953428
RPS26	-0.38272509954621	0.244305581716048	0.734094804262758
RPS28	-0.704331411832424	0.0793996857284229	0.669028276623117
POLR2L	-0.279945061802628	0.480283154074904	0.833151796199134
RBX1	0.134100117468826	0.584498829954792	0.888173941731018
RPL30	0.228747001910744	0.476740106573992	0.832755281228898
RPL39	-0.978034305769008	0.0695271662221332	0.668228404907692
RPL31	-0.738111030308609	0.112171466195234	0.69066559364804
RPL10A	0.295366550801877	0.321450986150538	0.772011097410908
RPL32	-0.475082122439126	0.162817739175803	0.694040253432706
RPL11	-0.526810339401663	0.199880938797072	0.715991422556675
RPL8	-0.867145137030256	0.0556571491669484	0.668228404907692
PPIA	-1.18252925703793	0.421695501585781	0.810226396370071
RAC1	0.271695964309423	0.531898229082297	0.86044972236756
AP2B1	-0.143065853535365	0.533478592979663	0.861100377066795
GNAS	-0.190105232540606	0.593340095450276	0.888978810846891
YWHAZ	-0.0538819037511686	0.961124601629816	0.992368905556983
PPP2R2A	-0.304726289295726	0.661144579527656	0.907830450748983
SUMO1	-0.0998394592142482	0.742438597027481	0.932641774989303
DYNLT1	0.0814721737426396	0.84732479835491	0.968079734170583
RPL38	-0.380581807731595	0.214822965367925	0.727855229724882
SKP1	-0.386893528175161	0.276980824097217	0.760444127698393
RPS21	-1.03594597779408	0.0217358384589943	0.595074355263617
EIF5A	-0.913940225467449	0.239381539395912	0.732526733781031
RACK1	-0.692502167482928	0.0434245740000132	0.665013352883304
SUPT4H1	-0.0497824720124669	0.875318657219438	0.971700990960836
UBE2I	-0.510984721920209	0.17703549696576	0.700103721722211
YBX1	-0.594352103539517	0.304210283628223	0.767332404690031
CSNK2B	-0.307298914216272	0.386204646618713	0.79958988696998
TPM4	-1.41021223931958	0.0821930712058038	0.669028276623117
TUBA1B	2.04888508235727	0.183002475879686	0.70564183318548
TUBA4A	-0.0713718935600411	0.928173284266352	0.987123114917429
TUBB4B	-0.62481212906253	0.508282355141989	0.846402534147978
CSNK2A1	-0.301620229994409	0.304605957800996	0.767332404690031
EIF4G2	-0.423864781779685	0.405459586125848	0.80517838165559
RPP38	-0.190318899531714	0.519735498706255	0.85356080002628
RPP30	0.0392005954539734	0.866290293262169	0.968445792589059
GTF2I	-0.431808703428779	0.160809835308981	0.694040253432706
PIP4K2B	0.788725280166553	0.307541499370936	0.767332404690031
SRPK2	-0.0125620616086408	0.961253831142269	0.992368905556983
CCT2	-0.695225607336489	0.242988704657127	0.734094804262758
RAE1	-0.129644630250109	0.578620196369682	0.885219742653218
PRKDC	0.116412917049772	0.598558203150424	0.889205050431785
BASP1	-1.22701258968298	0.0459667275003385	0.665013352883304
HMGN5	-0.179701447741007	0.71116098733345	0.919051873817947
SARNP	-0.609128944212699	0.0850003464770687	0.669028276623117
RPL24	-0.280162490195082	0.357270957954931	0.794430406577175
RHOG	-0.354026356432726	0.517240417870095	0.850986805750284
RPL19	0.0298009409080251	0.93664301532452	0.990541531842519
SRSF3	0.255539756864895	0.529844208381749	0.858974781849206
FOXK1	-0.82773663125737	0.115587114544383	0.69066559364804
CCZ1	0.23984543186797	0.537798403591177	0.864284306039704
DAB2	-0.841784136483607	0.136122234239027	0.693601160209687
RBM3	-0.53835052456057	0.0590379618442484	0.668228404907692
CYCS	-0.989062096965405	0.0227703536348257	0.608302730748419
HDLBP	-0.521099919505367	0.189739921283501	0.706009009426982
GTF2B	-0.337172701797488	0.556499103934695	0.870095957027351
CDK5	-0.828251874487989	0.131776035184535	0.693601160209687
PURA	-0.220035532375011	0.356223378756419	0.794430406577175
CLTC	-0.194804959501131	0.718110868276918	0.922873405014513
HSF1	-0.712815706342223	0.169284101434278	0.696712028172973
NFKB2	-0.788861073646331	0.416571568484316	0.809503345703562
FKBP3	-1.55167191878738	0.0452045238582043	0.665013352883304
REEP5	-0.435112456347433	0.552959760962536	0.870095957027351
HNRNPU	0.197593309221947	0.414804183783516	0.809503345703562
SPTBN1	0.144728680514731	0.569849070617808	0.876763651740904
TIAL1	0.141335539665324	0.604621001824191	0.891194562177196
SET	-0.923476673969496	0.112720198118604	0.69066559364804
SRSF2	-0.606596298440927	0.0823553801835476	0.669028276623117
CAP1	-1.33401794045727	0.121676155499979	0.690678136514353
IFITM3	-0.338663099564769	0.61348028088411	0.895047218311164
SLC7A5	0.132457567341959	0.840555450386099	0.965002052705775
EXOSC10	0.0775725911127978	0.763734412501337	0.943108113884522
OTUD4	-1.23820577899744	0.0430577231931007	0.665013352883304
EWSR1	-1.14513405934352	0.0168409332684376	0.556803003543998
OCRL	-0.125220329757173	0.743136744920067	0.932924416792262
PLCB3	-1.36395218900385	0.000441252287430788	0.113038261265257
COL7A1	0.118038406683823	0.647582023940614	0.903082984446629
RPL18A	-0.277764245402839	0.315146142951474	0.77045283196629
RPL6	-0.356732658014931	0.40165284654277	0.803490758235587
DST	-0.432394464459538	0.351085161127245	0.793103918679239
TNFAIP2	-1.55052556935006	0.0775296588769511	0.669028276623117
EIF4G1	-0.897411089883676	0.167338982464565	0.694040253432706
KRT17	0.699833310269238	0.0276935831986698	0.621312825036621
TLE3	-0.372480049126402	0.584657955564565	0.888173941731018
YWHAH	-0.647484457661498	0.28956212855319	0.763844760063907
PLP2	-0.831682686958928	0.334197842473089	0.778959661355105
CSTF1	0.203134792617575	0.497851087579968	0.841003833400288
EEF1A2	-1.77041120755687	0.0206096715356677	0.586230657014548
CALD1	-1.02387611370544	0.261073907547851	0.751382092005028
PTPN11	-0.643414259642984	0.211168244056821	0.727855229724882
EXOSC9	-0.156207590885565	0.638627967552933	0.902207122243715
GABPA	-0.722712499587303	0.175189831938253	0.700103721722211
PRDX1	-1.84143491509429	0.0449418222840498	0.665013352883304
RPL18	-0.566520813557915	0.12582422081185	0.693601160209687
C1QBP	0.235254650400272	0.362894505761615	0.794430406577175
TJP1	0.123354226352291	0.622249557249693	0.897273112969891
POLE	-0.0200426210010534	0.958957133970945	0.992368905556983
KLC1	-0.9833844572155	0.0421762478580684	0.665013352883304
SRSF1	0.0283538342299821	0.945335831135948	0.991333853886215
DHX9	0.280147998836505	0.468779838564388	0.828942636584482
CRYZ	-0.926686018163849	0.460050470243366	0.826769618448503
GOLGA3	-1.01188728052117	0.212516470874502	0.727855229724882
GOLGA2	0.0854589153562841	0.760205301947013	0.941383069699556
SSRP1	-0.345962485077152	0.217312066508441	0.727855229724882
NSUN2	-0.231819686588054	0.411438085853322	0.809503345703562
RBBP4	-1.01051007550108	0.141894875251849	0.693601160209687
NCBP1	-0.441062999633253	0.181317283047194	0.704876352547669
AHNAK	-0.867319550598403	0.0160505787891542	0.556803003543998
FCHO2	-1.16003232139584	0.151050460932131	0.694040253432706
HSPA14	-1.02743311185743	0.164611859351809	0.694040253432706
GALNT2	0.15095091092515	0.545597794043322	0.864390568171142
AP1B1	-0.421639056602594	0.278977837394196	0.760444127698393
CPSF1	-0.063983262817402	0.796010509763288	0.951882927937483
WASHC5	-1.0288664855873	0.00309447962467669	0.244620431445667
NUP160	-0.0296398380351341	0.909452211444623	0.981166392886356
TWF1	-0.260266825289765	0.523593762910878	0.8551072553077
TFCP2	0.166343029893646	0.597173620387484	0.888978810846891
CDC20	-0.203401708471674	0.42912378859516	0.812670762478543
GRSF1	0.180433100248322	0.6940639704552	0.916614397208973
SF3A3	0.302238330331004	0.358423450160505	0.794430406577175
TP53BP1	0.323139389338706	0.327800413954799	0.776396046556236
IFRD2	-0.453137961322337	0.408027093718496	0.807546275633276
TRIM26	0.342323204146986	0.192476763626595	0.712065836318419
AIMP1	-0.343290112475593	0.166509463316462	0.694040253432706
ILF2	0.407546735817888	0.239893645201154	0.733007296503063
ILF3	0.375904898399728	0.218139572994127	0.727855229724882
TRAP1	-1.23248699982545	0.111197529088301	0.69066559364804
MYO1E	-0.48188628752164	0.267994588078502	0.753758272734607
PPP1R8	0.0639609282577567	0.89651051245533	0.977733702876588
STRN3	-0.577354118522781	0.638039026861128	0.902207122243715
CDC16	-0.176666054372106	0.41261155845592	0.809503345703562
FLII	-0.804948331787532	0.139869229692169	0.693601160209687
GPS1	-0.286924720101965	0.303157368396443	0.767332404690031
CHAF1B	0.387757545745828	0.165279836690835	0.694040253432706
IK	0.343354755572285	0.306294267385267	0.767332404690031
PRKAA1	0.0981489209827657	0.752534909022325	0.937372525002671
PPFIA1	-0.590287156588936	0.242220196553348	0.734094804262758
TARDBP	-0.177872012980323	0.639803869098736	0.902207122243715
HNRNPA0	0.253270474200235	0.414897469295332	0.809503345703562
AIMP2	-0.509034435207649	0.0686945168000643	0.668228404907692
PRDX4	-0.228263188509818	0.409822174335293	0.809374323261834
CBX3	-0.251986920441077	0.478112836255516	0.832755281228898
STX5	0.0506436556746337	0.889389967674862	0.976555293627211
PSMD2	-0.837542093708848	0.0393261455810989	0.664623573632817
SRSF5	-0.120235563901716	0.709725242743084	0.919051873817947
SRSF6	0.14758401187737	0.67641095368891	0.913526069811124
MAD2L1	-0.590773882397322	0.150412383638275	0.693601160209687
TRIM28	0.169137713068309	0.585240633518323	0.888173941731018
G3BP1	-0.45518226282892	0.161820903590298	0.694040253432706
KCNAB2	0.0985234411410083	0.859976345452347	0.968445792589059
SKP2	-0.804602191799688	0.296052114439565	0.763844760063907
PABPC4	-0.383693310857094	0.290162638897304	0.763844760063907
EIF3I	-0.294693512656416	0.533029758039334	0.860737708524408
PPP2R5C	-0.325478011551397	0.243728411187133	0.734094804262758
CTBP1	-0.294658862431156	0.228435318152981	0.730039879717083
DYNC1I2	-0.0840964650074518	0.818177439539741	0.955996904838615
ORC2	0.0479591391050747	0.864415869747312	0.968445792589059
ILK	-0.976238107337647	0.136497264292132	0.693601160209687
SNTB2	0.197504752284978	0.467024283729982	0.828912774020311
XRCC4	-1.93238216476267	0.000745034516918143	0.168290149703863
TCOF1	-0.0971235535022004	0.720047941272848	0.923637887551022
SF3B2	0.13276880752403	0.737628729540342	0.93174155310359
GOLGA4	-0.384597679079601	0.376024793536025	0.794738994801308
PDAP1	-0.413018948444197	0.591087577601066	0.888978810846891
FKBP5	-0.0394084055295174	0.868002407187618	0.969342703580986
PICALM	-0.198968427100638	0.604355000906485	0.891194562177196
SQSTM1	-0.701469439224716	0.0957433610384046	0.669028276623117
HDAC1	0.0932262777675064	0.804682238485539	0.953687880035384
CAMK2G	-3.62432700477687	0.00137200195015239	0.189534716004204
CAMK2D	-1.03561291065133	0.181125764236859	0.704876352547669
DCTN2	-0.226667699551193	0.482479723476761	0.834370563962296
SNW1	-0.35167777269621	0.296188762431031	0.763844760063907
PWP1	0.0169733910715237	0.963386202163646	0.992368905556983
CUL1	-0.245824376412855	0.415631792750562	0.809503345703562
CUL2	0.201170913655076	0.430459468433756	0.813066580809455
CUL3	-1.35634306020592	0.045828146117141	0.665013352883304
CUL4A	0.315188047685172	0.170018787283938	0.696712028172973
CUL4B	0.388352984211842	0.340733538100734	0.785719339213483
TP53BP2	-0.0192426012034872	0.976371931302506	0.995735936695154
RAB31	0.587055394012751	0.432338948428265	0.813126196670359
ALKBH1	0.127909750519827	0.811439452012401	0.954265967002149
SPTAN1	-0.0051277799770908	0.986282585597777	0.997451969632727
GNL2	0.185535033630494	0.482151127136686	0.834366979812922
DDX39B	0.212423648989056	0.419259522786026	0.809837307594738
EXOSC2	0.0800426508522705	0.751277931710412	0.937062737490488
KLF5	-0.391068744418231	0.232460641577194	0.731811948713344
BYSL	0.0337983598252443	0.892231323763754	0.976876342068481
CBFB	-0.0705471137236984	0.806256308946271	0.953687880035384
CKAP5	-0.415630157972586	0.291802716521432	0.763844760063907
CIRBP	-0.963840518270072	0.33601357376714	0.780104064852369
HNRNPD	-0.20479920251779	0.531800440566507	0.86044972236756
DSG2	-0.845816222830919	0.263413321026732	0.752678386560297
BOP1	0.326268088680251	0.241350799950951	0.734094804262758
SEPTIN6	-0.87520948519666	0.131219811032174	0.693601160209687
SAFB2	0.224261007606486	0.582176579956289	0.887669757874586
EIF3A	-0.0950758280605157	0.861895554212101	0.968445792589059
UBAP2L	-0.593108608610127	0.0536404433640097	0.668228404907692
SCRIB	-0.995715678452029	0.11903915263527	0.69066559364804
POLA2	-0.17639063965111	0.563782917226295	0.873094815473872
DCTN1	-0.447374536061627	0.255655856205228	0.744518854588065
DYNC1H1	-0.157331736091447	0.697670009105011	0.916614397208973
EIF4A2	-0.211393576129058	0.616927014879166	0.89554091896645
ELOA	0.194761927798972	0.631163124789791	0.900868040705589
CTTN	-0.633843498348046	0.0904906224306633	0.669028276623117
TRIM25	-0.550744519389596	0.180934918959199	0.704876352547669
FAM50A	-0.292254828999639	0.455543683504544	0.823581800686181
FRG1	-0.766729209652219	0.0433671586586292	0.665013352883304
PDE3A	0.103549566161977	0.720870507549586	0.923637887551022
CAPRIN1	-0.404433797295905	0.31063720943887	0.769082452769349
RBM39	0.055029662836688	0.809072629984504	0.953743135410994
MCM6	-0.0223276633762168	0.938829870206714	0.990541531842519
ITPR1	0.690276913785475	0.385563435606092	0.79958988696998
PLS1	0.237672890076034	0.562923608394671	0.873094815473872
TRIP12	0.191838704845896	0.512015904090844	0.848176543132585
PUM1	-0.00344827218334132	0.993914856915204	0.997713580821814
CLINT1	-0.146509442772189	0.829868638771617	0.960514198940482
SMC1A	0.151102901132802	0.621083766262145	0.89654172577279
USP10	-0.216515486143535	0.442671956586863	0.818327397525892
GANAB	-0.741901795531973	0.27898809950222	0.760444127698393
MVP	-0.148693781416544	0.805796364929088	0.953687880035384
CHD4	0.496475257251895	0.210680729206726	0.727855229724882
DRAP1	-0.480464656137354	0.388871875039123	0.800679892841947
KPNB1	0.263387766245099	0.466619882893585	0.828912774020311
NOLC1	-0.252279650125104	0.387250777611062	0.79958988696998
NUMA1	0.226743528863089	0.307157678188519	0.767332404690031
PSME4	-0.0685856539355996	0.810749080548513	0.954265967002149
NAA25	-1.51073581604886	0.0140035273596469	0.53241133723806
NCAPH	0.214620721658036	0.380293475020829	0.797557042097205
PSMD6	-0.165462183040095	0.563625917337928	0.873094815473872
MORF4L2	-0.335432077988219	0.372897463983654	0.794738994801308
SEPTIN2	-1.06443370553311	0.101280507761392	0.669369806358073
SART3	0.448831696848924	0.379054228758515	0.797557042097205
NCAPD2	-0.348430523073286	0.44160576840544	0.818157937057195
SUZ12	0.511599012523661	0.112053026927022	0.69066559364804
EXOSC7	-0.357470153713678	0.338693167200566	0.783266297074251
EFTUD2	0.189811940140569	0.387301351501084	0.79958988696998
KARS1	-0.373020116154624	0.216841259591475	0.727855229724882
SETDB1	0.536316194179374	0.0911139019976401	0.669028276623117
POLD3	0.708104328086925	0.179582831467881	0.704876352547669
EIF4H	-1.35492877998641	0.164999180442212	0.694040253432706
KIF14	-0.545474640139478	0.134511745199781	0.693601160209687
PDIA6	-0.606775443335973	0.283288627674746	0.760444127698393
PLCB4	0.229514326704244	0.417647265451885	0.809503345703562
PLEC	0.0468336437079344	0.882969526897796	0.974780188573181
PCM1	0.0616461132162911	0.817984977445463	0.955996904838615
PTGES3	-1.17276187365575	0.0592062242132528	0.668228404907692
NONO	0.233555839764101	0.541348390975263	0.864284306039704
RAB35	0.179795381088653	0.558908420875164	0.870095957027351
RBBP5	0.253194019843711	0.458977827216474	0.8261795342463
RCN1	0.113984978294859	0.794935131399723	0.951882927937483
LRRC41	-1.62198030785221	0.00160867974612942	0.189534716004204
PCBP1	-0.158320729000636	0.725743476654973	0.926029844923914
PCBP2	0.122201297878725	0.767994550030443	0.943108113884522
ELOC	-0.43362617685197	0.181658633226976	0.704876352547669
ELOB	-0.47938512143287	0.0923653730552461	0.669028276623117
UBE3C	-1.10104892997827	0.0089863082970221	0.431342798257061
SF3B3	0.460114020319551	0.0839588058628618	0.669028276623117
DLGAP5	-2.64244549427435	0.000291889331113334	0.0920220200307044
SF3B4	-0.495550673914572	0.0701680285577988	0.668228404907692
SEC23A	-0.495563642285259	0.28463170638656	0.760444127698393
SEC23B	-1.61645960441675	0.00214215876399017	0.216470780361112
SF3A1	-0.377329203099922	0.14857278622119	0.693601160209687
SKIC2	-1.20690322684337	0.219810619088775	0.727855229724882
TAF7	0.199687976017913	0.442167435589891	0.818276121766353
TSN	-0.046142524339551	0.942006610778441	0.990859820701164
TARBP2	0.335118053197064	0.337987037815038	0.782792656941945
SF1	-0.212887273634799	0.61086590471525	0.893088907655773
TRIP13	-0.0936304564877659	0.899707102932118	0.978406216162546
OASL	-0.0862363619853284	0.773889009414102	0.945565024959012
TRIP6	-1.01323803738958	0.00711228856651837	0.401635119050449
MAPRE1	-1.31289278561853	0.075639464704254	0.669028276623117
ELAVL1	0.220437753597711	0.457596233773449	0.825349712395511
SLC1A5	-0.395102394487406	0.511261846235803	0.848176543132585
MLF2	0.29334992749466	0.465514554576055	0.828912774020311
SMAD1	-0.650495390908908	0.331585811550059	0.776396046556236
NEDD8	0.202291254139737	0.511397270711119	0.848176543132585
RAB11B	-0.914450282523262	0.393235592012013	0.801769003854762
SEPTIN7	-0.613039432741239	0.487156712220009	0.834370563962296
ADRM1	-0.109806691259774	0.776146239752885	0.94645968899685
PDCD2	-0.0174967932273624	0.98140775548641	0.995735936695154
PSMD5	-0.734933150472749	0.465458009063403	0.828912774020311
PKN2	-0.515515581291055	0.313402399106929	0.770102505847832
DDB1	0.101709305362398	0.706903393286616	0.918439084135689
PPP2R5E	0.704888789711905	0.18872764631159	0.705683314611436
CDC37	-3.80307517127404	2.06586003047194e-05	0.0118094318497733
RBBP7	1.29082709435494	0.184435923035468	0.705683314611436
TAF9	-1.26372580005051	0.0297096022015925	0.647650592931829
SRSF7	0.276683215297524	0.437984165298994	0.81505850985609
CPSF6	0.151135016392288	0.49288784332097	0.837078242935044
SMN1	-0.0281822581177629	0.932707988923607	0.989344915170597
DBN1	0.845168871557803	0.0534183552888272	0.668228404907692
NRF1	0.0283936809668361	0.908696723011474	0.981166392886356
FSCN1	-1.25998942671844	0.0768669664080025	0.669028276623117
NDUFA5	0.159972619000051	0.618455561631141	0.89583906324541
H2AC18	-0.197185237335574	0.839323595952982	0.965002052705775
HADH	0.119193875900169	0.767224251421295	0.943108113884522
HNRNPUL2	0.422955918878476	0.144574185507063	0.693601160209687
INF2	-0.38863090842894	0.478400559997643	0.832755281228898
PDS5A	0.0804155402027433	0.769317468614776	0.943525736020677
TSR1	-0.434711639211471	0.275653784834118	0.760444127698393
SMU1	0.388764012378854	0.237062766519387	0.731811948713344
LRRFIP1	-0.578005851798999	0.369384118431453	0.794430406577175
EDRF1	-0.500645070137306	0.073865669919095	0.669028276623117
MAP7D1	-0.969821972018053	0.00765109871094653	0.402031674752103
LSM12	-0.92748372958669	0.0252796503044682	0.618304822733489
PARP14	-1.17675963370262	0.361032043922754	0.794430406577175
ZBED5	0.108619407885932	0.889206921873608	0.976555293627211
TBC1D10B	0.0189182202960616	0.982389158005577	0.995735936695154
FAM98B	-0.616613721162516	0.0863838149551933	0.669028276623117
PDCD4	-1.78077689967215	0.0103344308574665	0.458652951568405
SETMAR	0.232053174122548	0.553649356474846	0.870095957027351
ACTBL2	0.144377775777222	0.558826202631639	0.870095957027351
DNAJC21	-0.0593951462985416	0.891633108639573	0.976833298169361
PPP6R3	-1.8999322500508	0.235247030191974	0.731811948713344
PRRC2B	0.477897024464927	0.410274472889601	0.809374323261834
RRP12	-0.63415913972743	0.116561868374462	0.69066559364804
PCID2	-0.192819297834202	0.488945474259612	0.834370563962296
SPECC1	-0.077145140139482	0.802019705996971	0.953687880035384
SAMD4B	0.244322109294444	0.790662062034853	0.95105160407951
NUP188	0.24213674026792	0.434420751633383	0.813982482370782
HP1BP3	0.44891889858615	0.101974306437363	0.669369806358073
CEP170	-1.43809123586943	0.0604744332105728	0.668228404907692
CHCHD2	-0.495807246550086	0.125944040877007	0.693601160209687
ARHGAP21	0.0462554288058143	0.85459140670351	0.968094373197333
EEIG2	0.353209899470279	0.68603831396332	0.913765912458948
RBM26	-0.0847387051094159	0.703903670907581	0.918410128955493
INTS11	0.152534615968925	0.632413593036942	0.900868040705589
CDC42BPA	-0.894263209597465	0.107929281125266	0.683782321852863
RPRD2	0.102760722301312	0.671480325424653	0.911096431891443
RNF20	-0.214785275094329	0.484697934502256	0.834370563962296
ECPAS	-0.157624718078996	0.809208031142548	0.953743135410994
TUT7	0.452332603535041	0.506174441918446	0.84545883295643
RNF213	-0.660518512477587	0.289629461240532	0.763844760063907
KANK2	-0.024287869132376	0.962762117491434	0.992368905556983
FAM91A1	0.860117178308975	0.214543543235015	0.727855229724882
ARL6IP4	0.397084231011977	0.269611794708492	0.754777888594609
INTS3	-0.204457962684703	0.679146665434196	0.913526069811124
ARHGAP17	-3.11003726386492	0.00116662839211868	0.189534716004204
CWF19L1	0.864535346480316	0.02337438172299	0.614778259015629
ATL3	-0.244099935227709	0.633887134206146	0.900875501314384
RALGAPA1	1.11153821266215	0.306211422198469	0.767332404690031
TWF2	0.670758210479804	0.516415442568935	0.850722994193354
PPP4R3A	-0.53852295567604	0.121049327332406	0.690678136514353
RAB12	-0.0349185937297989	0.892664320928239	0.976876342068481
SDE2	0.0976354523454219	0.675804991129035	0.913526069811124
KRT80	0.28081842583131	0.351111433931448	0.793103918679239
PDE12	0.0156676985710931	0.958927744503032	0.992368905556983
ALKBH2	-0.0783512341626285	0.774528654405823	0.945688404743516
HIBCH	-0.367634181670461	0.570750135985944	0.87711583845712
JMJD6	-1.18905918139757	0.0607867365322975	0.668228404907692
CAVIN1	0.0502735884138339	0.809439812058445	0.953743135410994
ZCCHC8	-0.531819755969657	0.0835566623195263	0.669028276623117
DHX57	0.251682734435452	0.639416973487048	0.902207122243715
CDC73	-0.234681405694307	0.47420970736215	0.830274816742798
PMF1	0.174947495519291	0.472626227988047	0.830230885395289
CC2D1A	-0.629097448461557	0.221100282485903	0.727855229724882
TATDN1	0.306953059228885	0.390798893581804	0.801638756065239
MED27	0.276585706324653	0.346647128562651	0.790923929697314
EDC4	0.184068086156934	0.554027267682185	0.870095957027351
PRPF8	0.209544886689692	0.466044156943147	0.828912774020311
SCYL2	-1.18163218627272	0.0709992680214423	0.668228404907692
SKIC3	-1.56999739272695	0.0215664746548369	0.595074355263617
LARP1	-0.228553910001381	0.584233632959254	0.888173941731018
RICTOR	-1.5862687228959	0.070995744942854	0.668228404907692
WDR74	0.270763278265374	0.270387306767661	0.755118005809322
FAM111B	-0.358824009014537	0.212015907550564	0.727855229724882
NHS	-0.261242209745305	0.436243736645591	0.813982482370782
FIP1L1	0.0844190943083873	0.747066355514327	0.934745782070713
CWC27	-0.153696889577891	0.657270918859578	0.907025812383507
WDR82	-0.102335998466991	0.711307856507015	0.919051873817947
RANBP10	0.151170799090632	0.806607569343287	0.953687880035384
MPRIP	0.314754115169841	0.159690659657352	0.694040253432706
GIGYF2	0.0581557860400679	0.903068027946552	0.979322571961243
HSDL2	0.0877946168068569	0.722585209744194	0.924909068472568
PAXIP1	0.115787644138102	0.834825634063987	0.963549875204602
LARP4	-0.600264277502625	0.122191837000283	0.691040727659922
RPS27L	-0.247450864119333	0.394636526805654	0.801769003854762
SUPT6H	0.982210052767694	0.143121733489537	0.693601160209687
SND1	-0.485166230280097	0.272430879776519	0.757519607778301
MARK2	0.169784171794621	0.581479375027903	0.887472496068024
DDX46	-0.13798092379804	0.539183466992967	0.864284306039704
BZW1	-0.453575678246185	0.462733518574104	0.828296749976645
DHX30	0.919031120606178	0.149543501150682	0.693601160209687
EIF3M	-0.144763844641972	0.791225688471011	0.95105160407951
MEPCE	-0.45303554447036	0.0807400747573537	0.669028276623117
CYFIP1	-0.837252521873275	0.0305311618603169	0.647650592931829
COPS6	-0.756173252223228	0.0239438891407494	0.617077411412601
MAEA	-0.624268348335885	0.303009146798557	0.767332404690031
TAOK1	-0.352845548357621	0.170549298563176	0.696712028172973
KDM3B	0.105985039427974	0.730450747262217	0.928490992899857
ZC3HAV1	-0.0709750392506585	0.779396837971394	0.947414959737308
NUP54	0.0186214488992036	0.939466734106889	0.990541531842519
NUFIP2	-0.344110552191648	0.243040582003021	0.734094804262758
CLASP1	-0.201598382186603	0.645394372746303	0.902869065878176
DHX29	-0.128275582828635	0.711967257344832	0.919285228044437
HEATR3	-0.48485494879445	0.205825841546557	0.721431575619871
HDGFL2	-0.528356012966313	0.0719245924426458	0.669028276623117
DCXR	0.557405527567937	0.0621215337385549	0.668228404907692
BRAP	-0.725968317412892	0.412105589972992	0.809503345703562
HUWE1	-0.80515334991146	0.655344565312747	0.906855182270611
YTHDF3	-0.0809601199835441	0.814315501714595	0.955060373434315
PHLDB2	0.21388990368267	0.519916331057674	0.85356080002628
TEDC1	-0.293057224927026	0.811348790894071	0.954265967002149
PATL1	0.793199657579049	0.0736976668330786	0.669028276623117
PEG10	-0.418580626448843	0.292323465120052	0.763844760063907
SETD3	-1.94712570589015	0.00748061110623546	0.402031674752103
NOP9	0.252572944534993	0.353409258894971	0.793103918679239
PABPN1	0.311006892285771	0.306207260743294	0.767332404690031
METTL3	-0.589356468736927	0.134821985018865	0.693601160209687
LDB1	-0.0109629521394048	0.969883392587845	0.993690562309852
MTDH	-0.382931273935498	0.352093838695726	0.793103918679239
RIMS1	-0.482388436311311	0.120686618056728	0.69066559364804
USP48	-0.277545334220218	0.52221299785682	0.854045107227508
NAA40	-0.261676707208764	0.26190364023211	0.751651702908298
LUZP1	-0.363318948632347	0.155967328516331	0.694040253432706
ALYREF	-0.175479496249867	0.501696362492928	0.843113361913717
CAND1	-0.704936276752179	0.376259242851244	0.794738994801308
HOOK3	-0.203928677473289	0.559256995074215	0.870095957027351
THOC6	0.617303529414659	0.115819210305014	0.69066559364804
METTL16	-0.218266472939483	0.662987251906779	0.907830450748983
PPFIBP1	0.0121751072664757	0.971242967005156	0.994022652798454
ZC3HC1	-1.40766935329999	0.0176900954250958	0.556803003543998
DDX42	0.0733358638256618	0.747904043263689	0.935489096460118
SPATS2	-0.596566274637599	0.0565350887260043	0.668228404907692
CACUL1	-0.132994794024736	0.775384594832549	0.945931512973054
PTRH1	-0.0874676568921124	0.802452025567355	0.953687880035384
IRF2BP1	-1.6982791151184	0.0317946592606889	0.64911258953428
ERC1	-0.0427100237854106	0.907616104488671	0.981166392886356
PLD3	-0.17179092455023	0.657312343810815	0.907025812383507
ERI1	-0.150205282722318	0.661838313417223	0.907830450748983
AHNAK2	0.114968864758143	0.824532518686508	0.95936634399561
MAP7D3	0.154920399793141	0.595028951823933	0.888978810846891
CHERP	-0.160312123588156	0.640266135126746	0.902207122243715
ANKHD1	-0.48311231183304	0.262997169510551	0.752540336006346
NELFCD	0.22997506605569	0.519206048572996	0.853124187642407
GPALPP1	0.0411267389235306	0.880600340463582	0.973907986313963
DDX60	0.295812288015942	0.642618408415994	0.902331957173243
TRMT2A	0.575912425197711	0.0598258437716019	0.668228404907692
XRN1	0.0489773177054111	0.876087095725957	0.971700990960836
PELP1	0.283910099413511	0.365672328739771	0.794430406577175
ABI1	-0.452012419259802	0.0783037091107846	0.669028276623117
TTC5	-1.05434259189693	0.100758860769467	0.669369806358073
CCAR2	0.78825430633453	0.0152876878241895	0.548642254625119
NUP93	0.162955261524203	0.584721820276885	0.888173941731018
CMTR1	-0.274074976818099	0.367120458081727	0.794430406577175
LRRC47	-1.23483091511059	0.0163265904942916	0.556803003543998
ASCC3	-1.28983484894643	0.0125170402240886	0.50650710517187
PALS1	0.06983693186152	0.864565831733213	0.968445792589059
FNBP4	0.368316186166936	0.215250493237799	0.727855229724882
CARNMT1	-1.16345699439591	0.00256216046920551	0.228806888412771
RPP25L	-0.0927060594951357	0.74013029266915	0.932250976365957
RFLNB	-0.535661052276424	0.12379207265348	0.692188141865802
ARFGAP2	0.354142223130754	0.429615012456105	0.812670762478543
C1orf52	-0.132251097614589	0.667971579644827	0.909695106293864
METTL13	-1.17179264394516	0.225411956431212	0.730039879717083
PAF1	0.0222012144986294	0.922683611729961	0.984742931918579
CGAS	0.0950029314354559	0.800762977489053	0.953477051224321
ENAH	-2.49987848261445	0.0238709839129619	0.617077411412601
ASCC1	0.440422826075306	0.365753027669769	0.794430406577175
EIF1AD	1.00926883016797	0.440864108763912	0.818157937057195
AFG2A	-0.916191144620853	0.083416724194056	0.669028276623117
FANCB	0.0617989572493656	0.913420223704326	0.981759866318753
TXNDC5	-0.425938515144729	0.51143927795429	0.848176543132585
SERBP1	-0.222430987151441	0.598153149820221	0.889205050431785
FAM98A	-0.1234021527046	0.696754195573395	0.916614397208973
TENT4B	-0.468175944327204	0.255928356264647	0.744518854588065
ABCF1	-0.807661178167947	0.0968294988518254	0.669028276623117
SHCBP1	0.00791946710388203	0.980747733479927	0.995735936695154
NAV1	-0.771343777405953	0.097287210885761	0.669028276623117
LPCAT1	0.185841256057937	0.642454323512199	0.902331957173243
NUP43	0.441909771685115	0.08851945012508	0.669028276623117
NUP37	0.151767640853791	0.673066398914568	0.911988345741687
CMAS	-0.657878011073159	0.202902627642503	0.720130457123122
KNL1	-0.259931639711098	0.851472539158033	0.968094373197333
MOSPD2	0.43769750610414	0.176912453432415	0.700103721722211
RASSF8	0.371477711900255	0.145955608426746	0.693601160209687
NEDD1	-1.03570877739929	0.0524109640966677	0.668228404907692
CDC26	-0.00261626829738759	0.99613721684767	0.99821683525445
WDR36	0.399073323460446	0.230557120839726	0.731811948713344
WDR48	0.199497482216067	0.691896224734589	0.916614397208973
NPLOC4	-0.857971768356308	0.0434693246040522	0.665013352883304
SHKBP1	-0.564702547860858	0.209824148047472	0.7262888272125
ZCRB1	0.321665303124995	0.322890069148185	0.772339378094587
TMEM167A	0.320179909574119	0.341319360340416	0.786242557712775
PIP4K2C	-0.0218904603792858	0.962865735830231	0.992368905556983
BICD2	-0.314122191928607	0.244698268087586	0.734094804262758
BRIX1	0.465541994878556	0.149733640953818	0.693601160209687
DTD1	-1.06476501570316	0.0128532424060147	0.514129696240588
UTP15	-0.183699643882214	0.794987475110526	0.951882927937483
GEMIN5	-0.638169411810878	0.182791372985111	0.70564183318548
PARD3	0.276544735085039	0.471138473658316	0.830230885395289
IPO4	-0.340513109892694	0.564158644143923	0.873094815473872
SCARB1	-0.269842146634844	0.549907426622079	0.867918009958398
ZC3H15	-0.728784658046358	0.137794601404235	0.693601160209687
GTF3C2	0.364581734415243	0.349537928328379	0.792815283279912
CCDC12	1.33058767118182	0.233065994469469	0.731811948713344
NUP133	0.26126614073749	0.28556261253674	0.760444127698393
PDCD6IP	-2.07639238970166	0.0784746347519876	0.669028276623117
CHTF18	-0.591624927580792	0.148554563110903	0.693601160209687
SNRNP27	0.146760152712631	0.68858002661453	0.91514598281148
SCFD1	0.0218824032753702	0.938265103632026	0.990541531842519
PCNP	-0.896898368419606	0.116685165635488	0.69066559364804
LMO7	0.100814785959976	0.72067958041368	0.923637887551022
ATXN2L	-0.459103459484503	0.0618516811463921	0.668228404907692
PRPF31	-0.0822912018904098	0.741037897036776	0.932250976365957
NELFB	-0.336082398594453	0.169001003189957	0.696712028172973
PALLD	-3.61317184551673	0.00162881396566113	0.189534716004204
GEMIN6	-2.28727188384013	0.00225193047219653	0.218418016978714
MYO3B	0.789558355897043	0.0902250385757166	0.669028276623117
DNAJC9	0.0215468801969649	0.951807592742183	0.992368905556983
CTNNBL1	-0.0504579611130609	0.862730632343083	0.968445792589059
DDX1	-0.072916858966213	0.735182814029012	0.930615015877083
AP3S1	-0.200797639803284	0.705309183833715	0.918410128955493
HSPH1	-0.210785431714392	0.610494142655051	0.893088907655773
CNOT9	-0.327641369073731	0.408189406511508	0.807546275633276
MYO18A	0.206605670454511	0.66762981709152	0.909695106293864
LARP4B	-0.63719402838786	0.0325145961668492	0.64911258953428
GCN1	-0.599883745514322	0.431291707496303	0.813126196670359
DHX38	-0.274609825620995	0.370502095570443	0.794430406577175
NUP205	0.584312122987246	0.0570443821616865	0.668228404907692
ANP32B	-1.52299320020672	0.101410938384749	0.669369806358073
PRCC	-0.303692863289402	0.331051759278451	0.776396046556236
HDAC2	-0.0479776292744063	0.933887291185399	0.989751053663873
DDX17	-0.384896865385883	0.400183049105088	0.802455826926129
RAD50	0.0792701410226897	0.767354830817329	0.943108113884522
ERCC4	0.418995205459868	0.416492376164671	0.809503345703562
UFD1	-0.399878134480396	0.159418519279535	0.694040253432706
UPF1	-0.124910111875042	0.711927878711927	0.919285228044437
COPS5	-0.294357761575533	0.268793386692606	0.753758272734607
GPKOW	-0.044385487907654	0.869294174607269	0.969806136384814
SMARCC1	0.162627043971717	0.563222287319255	0.873094815473872
KHSRP	-0.575350739268668	0.0864140662002522	0.669028276623117
TNPO1	-0.233585568065795	0.705439955408229	0.918410128955493
ARHGEF2	-0.409878631672793	0.269872406520937	0.754777888594609
EMG1	0.0831716091741015	0.739042718677669	0.931994758529474
CLP1	-0.324472319949397	0.328974180759914	0.776396046556236
USP7	-0.117159206336883	0.676476942268897	0.913526069811124
LSM10	-0.496825256638935	0.157440163871651	0.694040253432706
ZNF622	-0.60295781364411	0.0444114394792304	0.665013352883304
EXOC4	-0.475548238558439	0.186580068455741	0.705683314611436
MAGOHB	0.324449182251712	0.422169018099486	0.810226396370071
FERMT2	-1.14413269711529	0.222344123906126	0.727855229724882
FUBP1	-0.641010618710894	0.155795782922032	0.694040253432706
VPS33A	-0.987635906888876	0.052689755749998	0.668228404907692
PPWD1	0.134235267666245	0.544797889016253	0.864284306039704
CUSTOS	-0.0337654230416256	0.879326517808322	0.973087558612091
GRAMD1A	0.41169935641404	0.332784111428026	0.777591084741015
CCDC124	-0.723691199162264	0.109849044737618	0.690376975110396
AP2M1	0.00369781266513414	0.989139545771317	0.997713580821814
TUBGCP3	-0.881165186604626	0.206647571359417	0.721431575619871
NMD3	-0.300569110595724	0.389678132900553	0.801051408103921
REPS1	0.523547369757885	0.277121743986264	0.760444127698393
MSI2	-0.180559298283594	0.432977468417777	0.813421467086234
SNRNP40	-0.0500376728348328	0.861373022229977	0.968445792589059
RMC1	0.0309562945443531	0.948173637256294	0.992368905556983
SPDL1	0.561135121854559	0.323241742493473	0.772339378094587
SEH1L	0.445768132134575	0.099831719095433	0.669028276623117
KIFBP	0.587987265481694	0.472238142494945	0.830230885395289
FAM120B	-0.502084774905285	0.289024916741697	0.763844760063907
DAZAP1	-0.274482405898564	0.251770543187097	0.739708405385198
CYFIP2	-0.950251151582851	0.128451153948874	0.693601160209687
CCDC97	-0.671390542505542	0.0211097355072477	0.595074355263617
EDC3	-0.582896702976683	0.256554733472628	0.744949939940151
SIPA1	-0.471944431908284	0.585703342233931	0.888173941731018
TRMT61A	-0.119211133234245	0.681342579715133	0.913526069811124
CHMP6	1.37329796459212	0.0338205720374625	0.64911258953428
LTV1	-0.964774058837602	0.133916372774001	0.693601160209687
TOE1	-0.602114894473697	0.0322657073491672	0.64911258953428
PDLIM5	-0.725291027435937	0.258372288052733	0.74781337204213
NAF1	0.347446321299245	0.454412322797308	0.823010102691975
LRCH3	-1.30763524210548	0.118504154856583	0.69066559364804
PAWR	-1.02811127999205	0.0595843175589396	0.668228404907692
ITCH	-0.580052552802655	0.152019953355468	0.694040253432706
ELMO2	-1.08430805908254	0.14323749656149	0.693601160209687
ZFP91	0.800368946642621	0.288900281966519	0.763844760063907
SCYL1	-1.21573881069831	0.089704283424917	0.669028276623117
EXOC2	-0.61836862289519	0.271078804820336	0.755949608213572
ZFR	0.131202470416525	0.643473368171392	0.902331957173243
DNAAF10	-0.897847253267809	0.00810223231357629	0.404059377716012
DOCK7	0.0548965991217827	0.884698710115527	0.975596774684474
NSUN5	-0.04825755968481	0.87812620246331	0.972600120409319
RPRD1A	-0.215725644019226	0.480981985656084	0.833470588862529
RBM14	-0.0558720649926201	0.876006129252255	0.971700990960836
SMG1	-1.80276640435213	0.00521873853456113	0.351578174959908
VPS35	-0.756394155356517	0.349540696508565	0.792815283279912
SPAG5	-1.26669516046393	0.348177606243085	0.791593847231171
NACC1	-0.991613430395734	0.0104188849261472	0.458652951568405
TGS1	-0.0650432235962342	0.897415578414359	0.97796597110331
ERBIN	1.02460024630727	0.0840006733449102	0.669028276623117
WRNIP1	-0.465978934514467	0.264417485278604	0.752678386560297
RANBP9	0.682927861545373	0.0548435239130709	0.668228404907692
SRPK1	-0.00426118633757611	0.987318288977238	0.997713580821814
CDK5RAP2	-0.179580478635593	0.618187348508509	0.895788459725537
IWS1	0.0734797414380459	0.856315662874224	0.968412000273321
OSBPL9	-0.709240756480376	0.317811793186094	0.77045283196629
SPEN	0.355224648628305	0.291354393208442	0.763844760063907
NIBAN2	1.06153142397545	0.268588955183182	0.753758272734607
TCF12	-0.705544575745751	0.123189410251412	0.692188141865802
PSMB7	-0.215611565148759	0.440543481292753	0.818157937057195
PSMD1	-0.239431367948171	0.388593605689689	0.800536183395067
GAS2L1	0.165798765643252	0.629762792572609	0.900868040705589
EYA3	-3.47461112505357	0.00145134586429713	0.189534716004204
DNAJC2	-1.03544084605273	0.116246409259803	0.69066559364804
NUP88	0.293741493757992	0.185343592948676	0.705683314611436
PIK3R4	0.0290545237244189	0.937920416198574	0.990541531842519
POP1	0.291642255922241	0.22074952530928	0.727855229724882
DNAJC7	-0.342669614324244	0.531479931412358	0.86044972236756
COPS8	-0.944489804153157	0.0580976619580323	0.668228404907692
CHP1	0.426010002899012	0.208660641889344	0.723809272678482
KIF2C	-0.268558289337172	0.40156331850258	0.803490758235587
HNRNPAB	0.0240530410234854	0.943938762522021	0.99117441839884
NAP1L4	-0.662372184242027	0.490965509824332	0.834945774014807
OLFM1	0.281229027503827	0.30794442701968	0.767332404690031
TSG101	0.173275310999706	0.776685622835082	0.946510704717999
CCT7	-0.552165343823059	0.35659307427527	0.794430406577175
PRMT1	-1.3613057481809	0.252859576414268	0.741206697275412
BAG1	-0.614717368513428	0.0311126635103671	0.64911258953428
AKAP9	-0.440443550088467	0.422692709387554	0.810226396370071
NCAPG	-0.519788395068765	0.222231122928627	0.727855229724882
ARPC5L	-0.861387312992683	0.0187091497941028	0.561274493823085
RBM4B	1.02640304787473	0.247278134361598	0.737226735984889
ELAC2	0.656361894447151	0.0407915853570326	0.665013352883304
TRIR	-0.798189724137515	0.0302662600449202	0.647650592931829
GRWD1	0.388502291788107	0.199721233779996	0.715991422556675
MACROD1	-0.603643096018629	0.160261831289411	0.694040253432706
CMSS1	-0.107806797548282	0.67868918909778	0.913526069811124
WDR77	-1.16226220889336	0.186331612224805	0.705683314611436
MYBBP1A	0.492138416700666	0.0552786162147603	0.668228404907692
CORO1B	-0.589995258212657	0.240670175336189	0.733471010548386
CHLSN	-0.242411342306365	0.39697867555913	0.801769003854762
PDCD2L	0.252932962445527	0.405200835550712	0.80517838165559
PYM1	1.34147862060061	0.00313796302143369	0.244620431445667
AIFM2	0.777068267577398	0.0509922636403745	0.668228404907692
RIOK1	-0.486734366612261	0.302394970934417	0.767332404690031
PELO	-0.635789340618174	0.089391022361055	0.669028276623117
GINS3	0.521224701024849	0.213286126534459	0.727855229724882
NTPCR	-0.650350588996574	0.0455484318295926	0.665013352883304
TUBGCP2	-0.223781605298303	0.74377580507194	0.933288681002048
ESYT1	0.0677790990393987	0.840053440045424	0.965002052705775
TSEN34	-0.655696551958542	0.195584847779315	0.713787623458385
CNPY3	-0.86938986612773	0.297758062092652	0.765321926663845
COPS4	-0.58658555216725	0.155519100402318	0.694040253432706
RBM42	0.0788337791964651	0.757726899536401	0.941032113266423
DCUN1D5	-0.704110882498597	0.39454111268157	0.801769003854762
PAGR1	0.372902030475949	0.549738592898683	0.867918009958398
ANP32E	-1.17570623025853	0.157967393644465	0.694040253432706
MED18	0.477107774835925	0.321470246031261	0.772011097410908
POLR3C	-0.0108118866059677	0.962896429476569	0.992368905556983
HNRNPUL1	-0.0158007254268782	0.959654308292835	0.992368905556983
PDCD10	0.230837665205744	0.81554517556041	0.955092590682206
RPP25	0.324743765649593	0.32075768797468	0.772011097410908
EFHD1	-0.681706950011357	0.356920847222031	0.794430406577175
DDX23	0.0470790062809172	0.874740552105718	0.971700990960836
WRAP53	-0.205976646921346	0.509311393590623	0.847748483479841
WDR18	0.474191360492945	0.168647224490182	0.696712028172973
NTMT1	-0.570475131705706	0.427009943925585	0.812143726931275
DSCC1	-0.0922976944836265	0.799750815009389	0.953385858472243
KIFC3	0.109141215793841	0.733779820318146	0.930245793998574
TMED9	-0.225784455295866	0.546059479704221	0.864551332505908
GNL3	0.0719888031933635	0.807085129546648	0.953687880035384
AFG2B	-0.75935557866238	0.083461574842202	0.669028276623117
NUP85	0.0398450873543794	0.853525632372934	0.968094373197333
TARS2	0.388862183258944	0.175671928908057	0.700103721722211
RBM4	-0.568282683195058	0.125546203140131	0.693601160209687
SSBP4	-1.3324644911164	0.115681689342484	0.69066559364804
SLC4A1AP	-0.312918407018813	0.299439502150226	0.766996917765233
SSBP3	-0.266250957329301	0.633604218374103	0.900875501314384
OSBPL10	0.604390326198601	0.295388663380227	0.763844760063907
NAA15	-4.17560613969722	0.000441555708067409	0.113038261265257
SRRT	-0.0582287059230602	0.829442760101731	0.960514198940482
AP1M1	0.298014661611141	0.479125094126464	0.833151796199134
NUSAP1	0.00618779265456482	0.982433734083246	0.995735936695154
FANCD2	0.153249237815018	0.606317786370868	0.892130639577598
RTF2	-0.320058029131545	0.542928423162617	0.864284306039704
EIF2A	-0.642906759462676	0.160668303738391	0.694040253432706
NIFK	-0.0680792669242862	0.763180326499186	0.943108113884522
YTHDF1	-0.179275111726241	0.516381317880717	0.850722994193354
NUF2	0.0315812638941573	0.908481782108364	0.981166392886356
GTPBP4	0.165197166798947	0.582280489195791	0.887669757874586
WDR11	-0.384748161149503	0.422945167210018	0.810226396370071
TBL1XR1	-0.388943567853694	0.138421661779779	0.693601160209687
API5	-0.0597326557757398	0.814831185749589	0.955060373434315
DPY30	-1.16488022813041	0.136262946911896	0.693601160209687
TNKS1BP1	-0.0538047196982667	0.854802270272148	0.968094373197333
TANC1	-0.188909776428929	0.471219785366502	0.830230885395289
WDR12	0.0702080929040712	0.784974832681268	0.948490672591589
ACTR6	0.470918553176794	0.32542763949309	0.774731640206737
IMUP	-0.259451496057572	0.443260673659858	0.818327397525892
DDX24	0.00183552842595702	0.994631759893859	0.997713580821814
SKIC8	-0.250259296552013	0.323973684552187	0.772339378094587
EGLN1	-1.41429586829582	0.00195710018675804	0.208757353254191
MKRN2	1.4081028649067	0.00185420668712351	0.203432962244408
PAIP1	-0.297440959037608	0.452650768951651	0.823010102691975
KLC2	0.213311335522214	0.768845933651179	0.94324868537397
XRN2	0.739947724638466	0.066122463987254	0.668228404907692
CSTF2T	-0.489719397459279	0.309129953679412	0.767358622016749
NT5C3A	0.188063083520902	0.552660161111151	0.870095957027351
DDX47	0.367072470762285	0.264346341265809	0.752678386560297
RAB1B	0.939964303511857	0.356743249436918	0.794430406577175
TSPYL1	0.516161336733518	0.377696951651853	0.796899062825887
SMG9	-1.17724291065209	0.0422765919059996	0.665013352883304
ANAPC1	-0.316049749114981	0.432384780931007	0.813126196670359
POLR3F	0.0445678979153925	0.870932353102596	0.970792521310295
ASCC2	-0.874437777318722	0.208890701652929	0.723953334248417
EHD4	-0.491640285165996	0.433682402218681	0.813722058733033
VPS16	1.05938247797187	0.126818497663272	0.693601160209687
PPIL3	-0.119717959230815	0.636341442354083	0.902207122243715
DHX36	0.295177530425349	0.226827444302297	0.730039879717083
PPA2	0.491988055471356	0.384535492773922	0.79893877416364
EPB41L4B	0.63178033366129	0.248890962393922	0.738285519895942
TXNIP	0.32468827651342	0.49800417412578	0.841003833400288
NELFA	-0.354632680249793	0.193036597814447	0.712065836318419
CENPH	0.286493217129923	0.460667199601851	0.826769618448503
UNC45A	-0.00964410538695049	0.989282189599716	0.997713580821814
DSN1	-0.948146251775047	0.195863607578865	0.713787623458385
CHMP4B	-1.03204557405039	0.156423746485549	0.694040253432706
GOLPH3	0.074899407456936	0.766951047832879	0.943108113884522
EPB41L1	2.11064128671801	0.0084699871848571	0.416983984485273
FAM83D	-0.199890190266736	0.562272740716692	0.873094815473872
SMARCAD1	-0.398615058025598	0.317803571264488	0.77045283196629
HEATR1	-0.328169256247193	0.565506128443371	0.873860576749515
STEEP1	-0.48530015470476	0.161964770472161	0.694040253432706
TUT1	-0.398971074027052	0.167249852720496	0.694040253432706
REEP4	0.0467165544369479	0.882439798666567	0.974780188573181
YTHDC2	-0.348126670414587	0.447335088982443	0.821112209222076
RPAP3	-0.62582577078588	0.0821412969857105	0.669028276623117
WDR55	-0.410836761482038	0.533739247203997	0.861159121539222
RPF2	-0.0381521912637943	0.913789617489801	0.981799700940357
DOCK5	-0.29106765827412	0.778629190520966	0.946987841085863
WDR26	-0.173778239805117	0.530148498172557	0.858974781849206
C8orf33	-0.800505707672151	0.206442915165543	0.721431575619871
PHAX	-0.316410606026864	0.295780039200896	0.763844760063907
TUBA4B	-0.624027228977823	0.295227246433026	0.763844760063907
RMND5A	-2.01836627870127	0.00748073224696403	0.402031674752103
ANKZF1	-0.188698825264844	0.745246134418968	0.933702159991266
ACTR8	0.994724414393129	0.120619210294748	0.69066559364804
CNOT10	-0.12409861787873	0.685213638727916	0.913765912458948
ACTR5	0.439236850091838	0.17456489451623	0.700103721722211
COPS7B	-1.87573128550941	0.214061447365733	0.727855229724882
ELP3	0.0428095969688087	0.952741803271556	0.992368905556983
POLR1B	0.618690045285323	0.232231629602258	0.731811948713344
C17orf75	-1.22850546955332	0.0306375567247624	0.647650592931829
PLEKHA5	-1.61399114953385	0.0245880748211696	0.618304822733489
UPF2	-0.723661875915521	0.276420616842057	0.760444127698393
CLSPN	-0.529696414256829	0.237362838612343	0.731811948713344
CACYBP	-1.24273423834184	0.0158845788426473	0.556803003543998
FANCE	0.496538366783582	0.129275612603642	0.693601160209687
PARVB	-0.893734752286363	0.227205535737511	0.730039879717083
SPC25	-1.68134616592218	0.0185846519493107	0.561274493823085
MOV10	-0.0652127098615765	0.860579592900011	0.968445792589059
RAVER2	-0.340071056617447	0.563966118276588	0.873094815473872
XAB2	0.158153671860113	0.526036500245519	0.857376978328859
WDR6	-0.812613840074579	0.155096967980628	0.694040253432706
RAB18	-0.515109744285574	0.198083546936733	0.713852333490231
VTA1	-0.496362639164765	0.34559162391733	0.790865218022972
ENY2	0.336570688891022	0.281707634807015	0.760444127698393
EXOSC4	0.340108937266308	0.233885393069073	0.731811948713344
NOP10	0.0631792168148166	0.851817764410484	0.968094373197333
DCP1A	-0.233583461407086	0.559671097358739	0.870095957027351
ACOT13	-0.0687078838770034	0.808917316969352	0.953743135410994
MED4	0.386237988943051	0.345888632279173	0.790923929697314
LUC7L	-0.566344433431674	0.30336190893172	0.767332404690031
JADE2	0.905268144496382	0.0726448702086912	0.669028276623117
RTN4	-1.05239339321798	0.155517476262457	0.694040253432706
RPRD1B	-0.0710218148796393	0.803248215462928	0.953687880035384
EXOSC5	0.41734156535631	0.153215862672246	0.694040253432706
EXOSC3	-0.132242814189183	0.593142614316426	0.888978810846891
ANLN	-1.04661245297574	0.0553534782030271	0.668228404907692
PDLIM7	-0.347031047423883	0.368555307341297	0.794430406577175
DDX21	0.13552605166289	0.633645895825497	0.900875501314384
SPHK2	-0.323998522215632	0.330804773488206	0.776396046556236
POLE3	-0.157230228643677	0.653538058147722	0.905619535984053
CHRAC1	-0.367563430576279	0.157415767054374	0.694040253432706
UBQLN4	-0.183072653376897	0.630627501906036	0.900868040705589
VPS45	-0.300750026640962	0.399631737858858	0.801769003854762
PNO1	-0.0529165092366135	0.869692687264629	0.969806136384814
LANCL2	-0.127357761105891	0.863016152376851	0.968445792589059
HOMER3	-0.323638072036495	0.395860397711531	0.801769003854762
FARSB	-0.963286404147894	0.0319997592345799	0.64911258953428
SLX9	0.633726916235965	0.119347309229514	0.69066559364804
DIAPH3	-1.72351108153298	0.138825606101234	0.693601160209687
SMC4	1.96655311371707	0.0883336987908941	0.669028276623117
CUTC	0.0403061763584631	0.896409149744981	0.977733702876588
STAU2	-0.791167027399027	0.195758655816136	0.713787623458385
TXLNG	-1.19323839539006	0.126334106285816	0.693601160209687
SPATS2L	-0.260868513917121	0.417288101899651	0.809503345703562
ABCF3	-0.219596969561355	0.528202451608551	0.858974781849206
DDX19A	-0.72945375112899	0.228193127459145	0.730039879717083
TDP1	-0.407030784363403	0.416384148089631	0.809503345703562
DCAF13	-0.827400342365333	0.0717724502404511	0.669028276623117
EXOC1	-0.741776398788016	0.234688700047897	0.731811948713344
INTS9	0.427861741330709	0.268631400590011	0.753758272734607
SEPTIN11	-0.759325451701603	0.26741421399036	0.753758272734607
PARVA	-0.75465353260206	0.176570517322176	0.700103721722211
INTS7	0.138272775791055	0.64400862360878	0.902331957173243
FANCI	-0.255603360281071	0.472176363344854	0.830230885395289
DNAJC17	-2.53775502586706	0.0656101903121078	0.668228404907692
INTS13	0.360365332847156	0.215434834368891	0.727855229724882
GNL3L	-0.0942681389670099	0.729733349490956	0.928490992899857
ARMC1	-0.435044648350274	0.155750549567145	0.694040253432706
SDAD1	0.377035845523306	0.22541014240197	0.730039879717083
NLE1	0.164285072672246	0.547186745189973	0.865402430613466
POLR3B	-0.027850700657492	0.954071454462767	0.992368905556983
RBM28	0.309877787446879	0.416218585988686	0.809503345703562
RBM22	0.366170966791444	0.600981258977438	0.890361397044108
GPATCH2	-1.12817884872147	0.00763913566691905	0.402031674752103
WDR70	0.202945016954921	0.789274902537353	0.950396872293332
PIH1D1	-0.71555968413502	0.0581284244705768	0.668228404907692
GID8	-0.119595894329841	0.73348720194782	0.930181920567909
BABAM1	-0.508030143246557	0.115338981117553	0.69066559364804
HYPK	-2.17861080574864	0.00344657095894592	0.252313387228697
DUS2	0.736014687460546	0.02489128540019	0.618304822733489
MIOS	0.225733597805394	0.647490392905199	0.903082984446629
TRMT1	-0.61640427516727	0.365145473551738	0.794430406577175
BABAM2	-0.174938167090811	0.546423459372875	0.864551332505908
GAR1	-0.0446690579202809	0.869132850469868	0.969806136384814
PPP4R2	-0.57365122192811	0.103405892643619	0.669499726244426
DDX56	0.14120466020487	0.63038456145774	0.900868040705589
TERF2IP	-0.0673357240515458	0.845358273221493	0.96737075587662
ABI2	0.028850877911399	0.93422284457892	0.989751053663873
BCLAF1	-0.0632040127062155	0.841147184329513	0.965002052705775
UTP6	-0.196877686517578	0.449526662655506	0.822579804075298
MAP3K20	-0.226840632455939	0.827156601968318	0.959728190529127
TMOD3	-0.143833815674157	0.688980999038539	0.91514598281148
NKIRAS2	0.23921605855249	0.625763425185749	0.898599710865089
RRN3	-0.707015341682023	0.302965166980364	0.767332404690031
ACTR10	0.071283784661837	0.756696304358541	0.940360455901876
C9orf78	-1.9095674243716	0.00348245039664608	0.252313387228697
FAM120A	-0.0332732409032275	0.888644204625639	0.976555293627211
UBP1	-0.0942148474096065	0.767028318974716	0.943108113884522
IGF2BP1	0.244786887790596	0.483157066111914	0.834370563962296
HSPBP1	0.693354068601074	0.26518564344445	0.753417985809287
MAT2B	-0.212046207988237	0.715236969673246	0.921245404113779
MYOF	-1.0235337685012	0.0782229591752423	0.669028276623117
EHD2	0.0551708593292695	0.9022265022079	0.978686375276366
PALS2	0.653959135065957	0.078233920744227	0.669028276623117
CCDC59	1.06201453347978	0.0862647520939729	0.669028276623117
RAI14	0.267476398587522	0.450738264506699	0.822579804075298
MARK1	1.4107367778921	0.226540401363442	0.730039879717083
NHSL3	-0.0961328479902548	0.853076282625372	0.968094373197333
ARHGAP23	2.41729107735359	0.0646122041914182	0.668228404907692
RCC2	-1.36167696826031	0.0389117070369384	0.664623573632817
DIP2B	-0.148400190917386	0.632005198312474	0.900868040705589
SLAIN2	-1.38121835648346	0.0580432287004159	0.668228404907692
BCCIP	0.163620600312967	0.588685608136871	0.888844959100771
IBTK	3.00616459033976	2.44354080858064e-07	0.000469159835247482
RRBP1	-0.0591747214892173	0.835777295929235	0.963779224134613
CPSF2	0.0708900354998931	0.836838333846851	0.963952909931359
LARS1	-0.057669859296265	0.816314253721922	0.955393701399628
KLHL13	-1.11444835588562	0.184295531122763	0.705683314611436
ATXN10	-0.311026952000816	0.326555100564786	0.775972516193551
NCDN	0.0268963584537474	0.961073842290578	0.992368905556983
EPS15L1	0.0247565372701963	0.91523373658888	0.982251969955645
ORC3	0.106418903924848	0.686637517139435	0.913930005481952
UXT	-0.721414432389025	0.029570961789571	0.647650592931829
SPAST	-0.803878253430206	0.270593060506111	0.755143424668218
GULP1	-0.397840935095601	0.195759646873252	0.713787623458385
VPS29	-0.800828398899476	0.445617394725119	0.820509598724946
EIF3K	-0.125798146026078	0.724946072942064	0.926029844923914
CTNNAL1	0.0890418133875279	0.85114378060598	0.968094373197333
NXF1	0.395121077582591	0.211863007185995	0.727855229724882
COPS7A	-0.289150841273983	0.440936956627236	0.818157937057195
DNAJB4	-0.508632273440615	0.121553294712355	0.690678136514353
ADD3	0.144188635891499	0.782277516085682	0.94792902711867
LRWD1	-0.327503010553496	0.138524483106375	0.693601160209687
CNOT8	1.05550786852736	0.165530506624012	0.694040253432706
ABCF2	-0.511153551074081	0.0674897366649276	0.668228404907692
PARP2	-0.197091117507846	0.708338382247078	0.919051873817947
ZC3H7B	0.299768210374758	0.314227329234604	0.77045283196629
ARMCX3	0.222306986645794	0.358486169435028	0.794430406577175
LIMA1	0.286987953039375	0.393427730791297	0.801769003854762
SRP68	-0.491520464373931	0.410866582529146	0.809503345703562
SEPTIN9	-0.935934071520599	0.198315772966869	0.713852333490231
DDX20	-0.477116447355023	0.123209252381404	0.692188141865802
BAIAP2L1	0.0609237963609104	0.888173665752286	0.976555293627211
SAP30BP	0.323880884912953	0.314621280289745	0.77045283196629
PFDN2	-2.44403782946971	0.00119418797543171	0.189534716004204
PUF60	-0.0872938849426177	0.703685822811496	0.918410128955493
EIF2B4	-2.13632102466666	0.00324886510513777	0.244620431445667
TRMT112	-0.554209670682617	0.173620301901655	0.699582328753781
CNOT7	0.113515886060668	0.677825141852567	0.913526069811124
RABGEF1	0.455599497498923	0.157952917236823	0.694040253432706
TRMT6	0.180737488437881	0.483146355545234	0.834370563962296
TSR3	-1.81537979649483	6.20234573074219e-05	0.0265693922208857
DCTN4	-0.0554405588997611	0.845326060424468	0.96737075587662
CDC23	0.495106539187805	0.183025850482484	0.70564183318548
ANAPC7	-0.140215116916622	0.630161297497937	0.900868040705589
ANAPC5	0.0356974788487889	0.939156954320246	0.990541531842519
ANAPC4	0.0215150717653749	0.94286970901537	0.990859820701164
ANAPC2	0.316926316586496	0.356281494520163	0.794430406577175
LSM7	0.945420285989556	0.157189014575624	0.694040253432706
MRTO4	0.188133913116388	0.495482399727049	0.83968242083009
CPSF3	0.107295445035128	0.682702585628622	0.9137388564736
TLK1	-0.484187041407203	0.089483441901743	0.669028276623117
RCOR1	0.21351831078146	0.387020296943576	0.79958988696998
GTF3C4	0.043063654087053	0.873286833869698	0.971700990960836
PACSIN3	-0.265146236679875	0.375278796619654	0.794738994801308
ACIN1	0.349125267369978	0.398154084358245	0.801769003854762
AGO2	-0.172239425340969	0.568954661871604	0.876327418827659
NUP50	-0.198758555182401	0.592709338072167	0.888978810846891
BAG5	-0.31661612424557	0.243858750657785	0.734094804262758
RAB21	-0.657220642253055	0.22066968270468	0.727855229724882
MKLN1	0.554585139439009	0.206041618350438	0.721431575619871
MCTS1	-1.43309980630343	0.0840988392830575	0.669028276623117
CNOT6	0.347108923938485	0.380261089330924	0.797557042097205
ISY1	-0.0101246149364442	0.981310019365987	0.995735936695154
CORO1C	-0.212865045273229	0.483709008290446	0.834370563962296
NOB1	0.0901805903353718	0.841361164702847	0.965002052705775
AKAP8L	0.192118586549558	0.564328471876602	0.873094815473872
MYO6	-0.295354776507732	0.674916333091461	0.913526069811124
DDX19B	-0.502472002043277	0.281393893337466	0.760444127698393
PRPF19	0.181059150339234	0.481250533167209	0.833559786811945
NOL7	0.0300292283593606	0.920257847192268	0.983825499517749
G3BP2	-0.089200906665063	0.848907965920017	0.968087344376161
STUB1	-0.141552248182126	0.671295681874849	0.911096431891443
MAGED2	-0.898869595851369	0.0176204608093427	0.556803003543998
SNX6	-0.653635429110235	0.362328342612529	0.794430406577175
DUSP12	-0.381233842984148	0.221699792747687	0.727855229724882
STX8	0.458946580123722	0.597520109984561	0.888978810846891
PSMD13	-0.33181454550655	0.37202201362079	0.794738994801308
FAF1	-1.08679308533146	0.0269780877074605	0.621312825036621
PPIE	-0.164606433602046	0.544951610247161	0.864284306039704
TIMELESS	0.384263279169616	0.262252839765655	0.752091788424283
COPS3	-0.576173873387706	0.0593843604237197	0.668228404907692
MACF1	-0.334370624176522	0.63987949109522	0.902207122243715
CEP131	0.0450720286487325	0.852645951565144	0.968094373197333
TRIM33	0.11764004046298	0.642980342898495	0.902331957173243
AGAP1	0.0684319997615432	0.861127659612724	0.968445792589059
EXOC7	0.0687610637645051	0.826912756248966	0.959728190529127
DICER1	-0.664026665364396	0.0871429161980035	0.669028276623117
SLC7A11	0.346042661501336	0.277817505642895	0.760444127698393
SHOC2	-0.370321250120075	0.527199831630291	0.858908508044259
SRRM2	-0.317000004647451	0.592793050762917	0.888978810846891
PA2G4	-0.658029898387465	0.193004952337404	0.712065836318419
BAIAP2	-0.0112620233108416	0.962823733929365	0.992368905556983
SMC3	-0.11716729237672	0.652804555031693	0.905619535984053
RTRAF	-0.252218290404581	0.369622302028331	0.794430406577175
RUVBL2	-0.124309711982889	0.601092031907988	0.890361397044108
PIN4	-0.17581991180316	0.791216519392254	0.95105160407951
EIF3L	-0.128563669375733	0.780103305112039	0.947452628401354
RUVBL1	0.0967916617431044	0.657823371287015	0.907025812383507
FARSA	-0.827634787657143	0.175246551228904	0.700103721722211
ASF1A	-0.112992151521418	0.762851894972605	0.943108113884522
DRG1	-0.469369446655769	0.330642714205016	0.776396046556236
NCKAP1	-0.214175664137056	0.391645166214718	0.801769003854762
EXOC6B	-0.0252289407830446	0.968051959696412	0.992936285410086
PALM2AKAP2	0.10793429610748	0.757989299399725	0.941053640379872
DIS3	-0.605675738871923	0.0203383994024592	0.585125027045664
MRPS28	0.453642154460336	0.107741089566495	0.683782321852863
AP3M1	-0.154712455488834	0.58834530768497	0.888844959100771
LEMD3	0.281118878534212	0.365635150497115	0.794430406577175
THRAP3	0.293694989846138	0.335674735568696	0.779788859397333
WBP11	0.0140072359393244	0.970714071946103	0.993746210683294
NOP58	0.672246482186846	0.039694662562832	0.664623573632817
ZNF281	-0.00754785838070404	0.985342363865995	0.997451969632727
SUGT1	-1.01538843482226	0.0648728891644331	0.668228404907692
AAR2	-0.0177602136386064	0.947842012645288	0.992368905556983
NOSIP	0.446774228779162	0.430224447009547	0.813066580809455
LSM2	-0.256040981317469	0.311175554355249	0.769121560098937
CAB39	-0.531818240549516	0.449893156960672	0.822579804075298
LUC7L2	-0.404596182777262	0.176969177001065	0.700103721722211
SBDS	-0.625578796850405	0.417911437316308	0.809503345703562
EXOSC1	0.00927623157982183	0.975145290664728	0.995735936695154
SF3B6	0.0643375496340362	0.884540886704106	0.975596774684474
RRP15	0.476700533397302	0.233787064429301	0.731811948713344
NOP16	-0.0181187219894881	0.964961156782954	0.992368905556983
PPIL1	-0.846494231080193	0.0107496785523845	0.458652951568405
GOLT1B	-0.0583655792725928	0.863963159100228	0.968445792589059
STRAP	-0.735756242322299	0.149011482475941	0.693601160209687
RTCB	-0.164317727917442	0.543218812244401	0.864284306039704
RPL36	-0.787816908319996	0.0616576678322298	0.668228404907692
CCDC9	0.869315517152589	0.139965912185061	0.693601160209687
PKP3	-0.145968427829775	0.515407606919936	0.85015687739371
HBS1L	-0.652489630565459	0.346554199768958	0.790923929697314
TLN1	-1.43752859461138	0.042794311362262	0.665013352883304
MTCL1	-0.384316242283042	0.372790906274522	0.794738994801308
DCAF1	-0.329820072046878	0.423884363319467	0.811019409639637
TCAF1	-0.213883167961377	0.415365536975067	0.809503345703562
FARP1	0.463941667411014	0.490916332740113	0.834945774014807
HYOU1	0.310192027806359	0.490518435998666	0.834945774014807
LAS1L	1.46872758666067	0.0415425354022946	0.665013352883304
LSM5	-0.156721283197641	0.458598663414817	0.82601993587414
LSM4	0.171184899639613	0.69144174312135	0.916614397208973
PRRC2C	-0.0176222158663712	0.965896964108898	0.992368905556983
POLR3H	0.70842011076855	0.564789701597693	0.873456485757205
ASB3	-0.138225722766578	0.686014797731164	0.913765912458948
RBM7	-2.15550340631915	1.62041132402561e-05	0.0118094318497733
YTHDF2	-0.226101804003509	0.487963678223136	0.834370563962296
SUPT16H	-0.198757931722295	0.601822148102627	0.890391588461668
UCHL5	-0.654643023735161	0.0617291588115331	0.668228404907692
CD2AP	-1.40351083710436	0.153128625698209	0.694040253432706
GTF3C5	0.319874852878808	0.413349650920259	0.809503345703562
GTF3C3	0.449304418994082	0.130250596979764	0.693601160209687
CDC42BPB	-0.198072413874435	0.894026936814384	0.977203302934599
RBM8A	0.287069685439842	0.219400324099116	0.727855229724882
MRFAP1	-0.135843307964944	0.728210429717027	0.927164472849266
PUS1	0.40890548648564	0.169298859691617	0.696712028172973
COPG1	-0.394063095315722	0.466939341836742	0.828912774020311
CLIC4	-1.25961428584866	0.0277813634721758	0.621312825036621
CFAP20	0.146815359125508	0.679616945926048	0.913526069811124
MAD1L1	-0.128630006699403	0.830129794008034	0.960514198940482
BZW2	-0.921589484725558	0.160421590090722	0.694040253432706
DYNC1LI1	0.0206236100973882	0.952354007489118	0.992368905556983
EPN1	-0.75149850916161	0.0276829044010941	0.621312825036621
OAS3	-0.855715376845158	0.0341608532201128	0.64911258953428
ROBO1	-1.09497900275847	0.0156695118069027	0.556803003543998
NUMBL	1.10083250445492	0.336410622039698	0.780553950835311
DDX49	-0.0482933506706473	0.874389262184484	0.971700990960836
WASF2	0.0372705400687643	0.92139267332529	0.983825499517749
FANCG	0.24061500776115	0.361946765970721	0.794430406577175
POLR2D	0.223803311899246	0.626253825673303	0.898660198275592
THAP12	-0.130432446706973	0.847094767871721	0.968079734170583
KIN	-0.349457583388471	0.344487263654535	0.790415840856532
RNGTT	-0.678547112848278	0.119536504056546	0.69066559364804
RNF40	-0.060642728313546	0.815034594725065	0.955060373434315
KDM4A	0.277751049871874	0.520484106191194	0.853574240158557
MACROH2A1	-0.129195748877905	0.717926533669844	0.922873405014513
CREG1	0.820089524170371	0.151469409636087	0.694040253432706
CCNK	-0.102185804076612	0.705523581046606	0.918410128955493
ARL6IP5	0.640853012614976	0.0689468735704801	0.668228404907692
SMNDC1	0.147386559784039	0.741430854641051	0.932250976365957
RSL1D1	0.523080657262003	0.177332608494639	0.700103721722211
PHF14	0.382601837701344	0.32142603569717	0.772011097410908
EPN2	-0.348110358744279	0.464347600852404	0.828912774020311
POP4	0.464845332533578	0.187478552935442	0.705683314611436
GLUD1	0.377618331317318	0.273477684994555	0.758782016169864
FYN	0.885167383093886	0.15484863017726	0.694040253432706
GNAI3	2.45036812471308	0.128794016888821	0.693601160209687
SNRPC	-0.626552047678498	0.145549737134364	0.693601160209687
RALA	0.055860704286907	0.944203393309675	0.991181254868549
P4HA1	-0.0658922726815305	0.777174023952044	0.946510704717999
CREB1	-0.126686200682951	0.585925793897653	0.888173941731018
GLB1	-0.38804139678388	0.659080747653222	0.907830450748983
XRCC1	0.165864770501649	0.585347737591976	0.888173941731018
ATP2B1	-0.402624384720276	0.373362463750091	0.794738994801308
RAB6A	0.156004880936027	0.686550468754378	0.913930005481952
APC	-2.74248780244725	0.00555503701534122	0.367781761015695
FKBP2	0.548964200153797	0.436073416064472	0.813982482370782
PSMB6	-0.486266712091112	0.13915564512082	0.693601160209687
RXRB	-0.0622120702494726	0.825355186609609	0.95936634399561
ARRB2	-0.319734022557078	0.453774040342605	0.823010102691975
PHB1	-0.505938173168875	0.103211949536342	0.669499726244426
POLR2I	0.39805348274535	0.239080210565156	0.732526733781031
PBX1	0.0881559054795602	0.820407173661531	0.957266346660674
MDH2	-0.139386926817899	0.822657095218988	0.959308607847225
NCAPD3	0.215203611642664	0.412942903717573	0.809503345703562
PPT1	-0.0161962103625335	0.960322819341755	0.992368905556983
HSD17B4	-0.0628596243062098	0.789157608190112	0.950396872293332
CCNH	0.00869835932233798	0.978000646118507	0.995735936695154
KPNA1	0.803444223486096	0.439778634030082	0.817796588220589
PMS1	0.353039852123231	0.490957850959635	0.834945774014807
MANF	-0.793060898276316	0.0179753675965518	0.560705299274634
MAX	-0.194196621999975	0.541023305455717	0.864284306039704
GNAI1	-0.297503521511512	0.602405559068597	0.890391588461668
CDK17	1.32773046585502	0.00298507349809677	0.243886856014715
TFAP4	0.642358376121194	0.0699719294850924	0.668228404907692
RING1	0.317096801293086	0.369026992544924	0.794430406577175
GTF3C1	0.40828919689848	0.167760955999768	0.694932115468293
SRSF9	0.399753237154222	0.343719775352101	0.79034966308507
NFYC	-0.239139884538719	0.347478455669477	0.791417034599026
DHX34	0.562493333568593	0.079405948475307	0.669028276623117
TFDP1	-0.112193885820147	0.832842406337939	0.962602041975296
HLTF	-0.0990777835914436	0.655776178418044	0.907025812383507
SAFB	0.388007784159537	0.355667248243443	0.794430406577175
RBMS2	0.0372465081036601	0.90908365268695	0.981166392886356
NHERF2	-0.308784584626896	0.363377512127801	0.794430406577175
TRIP4	0.441597733690454	0.181254854401163	0.704876352547669
CSRP2	-0.890578360472475	0.0689286951297067	0.668228404907692
CPEB4	-0.0187607507985845	0.955865974347635	0.992368905556983
LARP7	0.141032138298172	0.558590403709074	0.870095957027351
NCBP3	0.258480381571442	0.525461801265247	0.857376978328859
NOL9	0.303297471153311	0.366903824436978	0.794430406577175
UBAP2	-0.655796996977529	0.0834165354124476	0.669028276623117
UTP25	-0.516355483252305	0.149502079817365	0.693601160209687
RFWD3	-0.436435805523743	0.10331231993455	0.669499726244426
ZC3H14	-0.00527110700658895	0.984343132037289	0.99706611105861
TRMT1L	0.0322333602510696	0.908953490134564	0.981166392886356
WAPL	-0.314433976116732	0.193699456507932	0.713787623458385
TAF8	-1.16767838353648	0.0649734209467777	0.668228404907692
ZNF598	0.280779540990224	0.692587189083751	0.916614397208973
NCAPG2	0.069554138110238	0.767893100933342	0.943108113884522
MIB1	-0.0792117998884123	0.869316023145259	0.969806136384814
WDR75	0.263007829584058	0.304708902669	0.767332404690031
DHX40	0.0178597604946837	0.948406506910567	0.992368905556983
PHC2	0.462307838355187	0.177051753574574	0.700103721722211
RAVER1	-0.299247610023997	0.366764580802374	0.794430406577175
ASPM	0.258062571455653	0.299394866928966	0.766996917765233
MIER1	-0.153508731871071	0.652597683356644	0.905619535984053
PLCD3	-0.0831892543168067	0.732492915988728	0.929796189541673
NOPCHAP1	-0.410259394488225	0.488856830164835	0.834370563962296
SPRYD3	-0.197756459802761	0.734467552089619	0.930503266256726
DDX55	-0.291056688732777	0.324221634762623	0.772339378094587
PPIL4	-0.0763947190147221	0.803984613935859	0.953687880035384
HNRNPLL	0.127292171468291	0.667107387706753	0.909695106293864
DDB2	-0.190120484504874	0.419963157419237	0.810226396370071
DLG3	-0.166097144239458	0.657572593709816	0.907025812383507
GGH	0.0173931576313073	0.938321353196623	0.990541531842519
CORO2A	0.179717494802254	0.46900756992483	0.828942636584482
SMARCE1	0.0374711430428007	0.894344909767871	0.977203302934599
ERGIC1	0.426444974059415	0.327777747314851	0.776396046556236
UTP4	0.290497458998455	0.408129818688671	0.807546275633276
LRRC59	-0.617869506993401	0.134782659944537	0.693601160209687
ACD	2.76346455020246	0.0329748022769162	0.64911258953428
FKBP10	-0.675930469954551	0.161240852333596	0.694040253432706
ESS2	-0.342682379792485	0.33447596785079	0.778959661355105
USP28	0.171048694382918	0.500489900408457	0.842191594026501
LGMN	0.439540601102365	0.0841786851033499	0.669028276623117
NAT10	0.0594403926415943	0.859826030107247	0.968445792589059
SENP3	0.236670749592811	0.320740060330447	0.772011097410908
CAAP1	0.611203374935943	0.208128895783273	0.723131819039397
IPPK	-0.0620444204662292	0.856342793042486	0.968412000273321
ZCCHC17	0.00279260356285249	0.989793680277951	0.997713580821814
APOBEC3C	-0.0979127451980517	0.679049213699966	0.913526069811124
BMP2K	0.0567214799650344	0.848900923006872	0.968087344376161
MDN1	-0.367468484877872	0.668804244432305	0.910389329535644
HOXC10	-1.00083221840687	0.155033578034215	0.694040253432706
TFIP11	-0.305649500704746	0.555507135515873	0.870095957027351
HERC5	-0.0322209643858145	0.900439470812093	0.978406216162546
CNOT11	0.128589485096349	0.57456365023551	0.88111997480206
EPDR1	2.82241632562183	0.000568997302383952	0.136559352572148
RCL1	0.293772256326235	0.452538324103157	0.823010102691975
NOC2L	-0.0970788621334933	0.759850342046563	0.941383069699556
SNX9	-0.233371286213703	0.544710401564067	0.864284306039704
SNX8	1.46782833101578	0.00891223828974729	0.431342798257061
UBXN8	1.30179595039252	0.132822013510945	0.693601160209687
PGRMC1	-0.472942767129823	0.366282355205116	0.794430406577175
CDC7	-0.576341613827779	0.315763718987113	0.77045283196629
GOLIM4	-0.043919845462284	0.858394369810116	0.968445792589059
PLOD2	0.464129822689863	0.0772957983130957	0.669028276623117
MGST3	0.209394407076683	0.39264586742835	0.801769003854762
CASK	0.458745944231445	0.245611402449724	0.735684700005415
PGRMC2	0.29338477948383	0.39525127348439	0.801769003854762
P4HA2	-0.0139489774217481	0.967619695793951	0.992936285410086
CYB5B	0.558021744033475	0.46996931121442	0.829200052855712
HTRA2	0.981938907601119	0.149858986785226	0.693601160209687
OIP5	-0.215584154523064	0.50969383170467	0.848017466960976
PLRG1	0.243267114365104	0.384600016912763	0.79893877416364
TIMM8A	0.302457582088437	0.234980811973769	0.731811948713344
FADS1	0.186230649540356	0.699910034894213	0.917823650318806
CDC40	0.0927642074300969	0.683910980521604	0.913765912458948
SLC16A7	0.456298796054234	0.277227211989126	0.760444127698393
TACC1	-1.69332808766021	0.441754412677705	0.818157937057195
ECI2	0.0190793841294727	0.94267234947496	0.990859820701164
ATP6AP2	0.0406271719287012	0.935998304325139	0.990419809481547
RPP14	0.511199521666011	0.0975775865312185	0.669028276623117
KIF20A	-0.244505772739959	0.417061024547321	0.809503345703562
CD2BP2	0.148391916182611	0.529966438758098	0.858974781849206
SEC24B	-0.121760807657111	0.872903628332761	0.971700990960836
ACSL3	0.0514617157570854	0.838527438477342	0.964997777485622
CYB5R3	-0.54647376817033	0.238226079359782	0.732038111475644
GOT2	-0.406528864921043	0.502822271413726	0.844508938048484
GBA1	-0.255306302889743	0.589333559862385	0.888844959100771
RPN1	-0.491093266739277	0.0484636794354398	0.668228404907692
JUN	-0.0553506329898212	0.894275964908065	0.977203302934599
ACAA1	-0.294963488804264	0.393406525124466	0.801769003854762
CTSA	-0.966120722657511	0.0248791290460535	0.618304822733489
TFPI	1.1653587803854	0.364445548198655	0.794430406577175
LAMC1	0.428364292430501	0.0920720674078271	0.669028276623117
PDHB	-0.252541310252397	0.673516549200337	0.912276384102043
ACADM	-0.0240759941578226	0.963632382670191	0.992368905556983
UBTF	-0.118874229133969	0.750005967445005	0.936288333871528
VDAC1	-0.1352293344295	0.730960048750978	0.928817533819906
ACAT1	-0.830405844207394	0.0306959395608315	0.647650592931829
ABCD3	0.695164427961306	0.0404948123645405	0.665013352883304
HMOX2	1.26788059784127	0.0398081827957156	0.664623573632817
ABCD1	-0.0220007852980402	0.957797886266853	0.992368905556983
SHMT2	0.615532298056731	0.15004446098813	0.693601160209687
DDOST	-0.141929703518162	0.53485164053104	0.861371299455088
ECI1	-0.687972376714768	0.505832470100052	0.845332384151847
SSR1	-0.0239303485274505	0.916806925030825	0.982735051673858
PPIC	-0.383476594549151	0.253273340251245	0.74178684093785
VDAC2	-0.53696441398305	0.158637268445711	0.694040253432706
NSF	-0.090473713948743	0.72345474794622	0.925621294019273
TUFM	0.107694576179473	0.780405341727517	0.947452628401354
RBM25	0.32077222717707	0.253743032554266	0.742096911659087
NUP153	0.316053929502417	0.265532078984281	0.753616543458713
CPT1A	-0.181698414412985	0.497681504654736	0.841003833400288
SSR4	-0.194188163522544	0.534278805950592	0.861308719256413
CTBP2	-0.302402679245318	0.414448450085189	0.809503345703562
DENND2B	0.328212925847804	0.223648716677293	0.730039879717083
PLOD1	0.116858503027036	0.624400354440154	0.898103313829332
SSBP1	0.142524242169056	0.695135009369717	0.916614397208973
LMAN2	-0.190437294619898	0.52929310246312	0.858974781849206
CSTF3	0.384518215413472	0.332545452458711	0.777591084741015
ECH1	0.0427851847154592	0.854415895024258	0.968094373197333
TRIM32	-0.457568746270628	0.137812911220314	0.693601160209687
REST	0.699843286457785	0.117533847174995	0.69066559364804
TRA2A	0.272665164378513	0.456236521909613	0.82388766884122
ZMYM3	0.633923798201042	0.183620075182651	0.705683314611436
RRP1B	-0.161217058108868	0.492599527805343	0.836983268483414
BMS1	0.473109090950814	0.234815056025053	0.731811948713344
ACOX1	-0.264337134707475	0.498625855448133	0.841003833400288
DHCR24	0.290071250192572	0.408063040498205	0.807546275633276
NSDHL	-0.493588873572325	0.306031948593568	0.767332404690031
QSER1	-0.051002032438447	0.863526111164969	0.968445792589059
P3H1	0.259543737772837	0.555886542476648	0.870095957027351
TOR1AIP1	0.456091184360908	0.197971872411775	0.713852333490231
EXOSC6	0.556457917647641	0.0706617141271874	0.668228404907692
GPATCH4	0.21781599529201	0.454774149887288	0.823010102691975
CDCA2	2.2573119745761	0.016708734989251	0.556803003543998
ALKBH5	0.344001308813567	0.30593880737021	0.767332404690031
FBXO38	0.573540618774764	0.0516352363142511	0.668228404907692
POGLUT2	0.186336792966756	0.446069589899447	0.820509598724946
GTF2H5	0.146078263028677	0.619437996329341	0.89622756159251
KTN1	-0.106620224125752	0.672760719921752	0.911895928167853
CHD1L	0.0833352023364817	0.853657387073886	0.968094373197333
ANKLE2	-0.297868230262338	0.362103455301937	0.794430406577175
RIOX2	0.0204535356951787	0.925927146391123	0.986559445655359
DNAJC10	-0.0984117764824006	0.775466771572701	0.945931512973054
STAG2	-0.0405477879126082	0.886119240693416	0.975823884216437
FBXL6	0.0244617931686655	0.912350158986771	0.981497232739676
KRI1	-0.123913577610342	0.665343009575643	0.90916520205408
COLGALT1	0.63223024397778	0.122087153860605	0.691040727659922
SCCPDH	0.145708372799184	0.667539003502691	0.909695106293864
SMARCC2	0.240180184826695	0.580999472215867	0.887258313476887
RDH11	0.0582224748168549	0.836833983534338	0.963952909931359
HM13	-0.11990800312741	0.880604933421623	0.973907986313963
NSMCE1	0.259288786940203	0.523670993054047	0.8551072553077
LEO1	0.178380078655827	0.589205563363258	0.888844959100771
SEPTIN8	-0.85451806046115	0.227524498206617	0.730039879717083
TAF15	-0.0111163801117939	0.969350086312838	0.993674407752615
POP5	0.186552636572475	0.589292872382266	0.888844959100771
IGSF8	0.101181431193289	0.780783195563313	0.947521203366496
RCN3	0.111916927210189	0.758292708021927	0.941126050033678
INTS4	0.299416161036522	0.227765896031229	0.730039879717083
FUBP3	-0.365984263469784	0.250135206276507	0.738860917001376
CLPTM1L	0.476625285797351	0.0707151021007365	0.668228404907692
LRR1	0.784396456952713	0.0465855708139606	0.665013352883304
SNX27	-1.05786338141898	0.050658771829031	0.668228404907692
ARHGEF17	1.03379282207091	0.101889296655721	0.669369806358073
CIC	-0.222152139567125	0.495718762505681	0.83968242083009
GFM1	1.21026782660091	0.420301995079813	0.810226396370071
CDC5L	0.0750328438042729	0.788376391418286	0.95024140864611
SCAF11	0.22581205682571	0.388429258479631	0.800536183395067
ATXN2	-0.867962196953265	0.00377670113375665	0.268565413956028
HSD17B10	-0.0994501767823515	0.752583201714384	0.937372525002671
MGST2	0.116904946272498	0.767385595307386	0.943108113884522
EBNA1BP2	0.124156419250227	0.630191685667768	0.900868040705589
VRK1	-0.220739007578025	0.375642562701352	0.794738994801308
MAPKAP1	0.000356954557666711	0.99941936735841	0.999758251878509
SDF4	-0.654037023125696	0.272647352754905	0.757572962792211
TRIM56	1.04347078890901	0.0325230145690885	0.64911258953428
TMEM43	0.109237577711095	0.670131965083455	0.910827049984523
UTP14A	0.249022062375129	0.484830292689459	0.834370563962296
RACGAP1	0.224068627452315	0.317714245219982	0.77045283196629
PNN	0.420710503120951	0.26526591583702	0.753417985809287
TMX1	-0.0316633788644509	0.917731222735014	0.982735051673858
CCDC86	0.27018692407918	0.395838705177291	0.801769003854762
PTGES2	0.0744129106554894	0.91090057047913	0.981166392886356
GRPEL1	-0.337829860751935	0.554615747912535	0.870095957027351
APMAP	0.0911921203154193	0.84757397559414	0.968079734170583
RAD18	-0.0247630043745701	0.932574176716514	0.989344915170597
MRGBP	0.0837285652964574	0.794073934672948	0.951882927937483
SLTM	0.378062832411914	0.222526572837763	0.727855229724882
GEMIN8	-0.224933647003049	0.386544682635668	0.79958988696998
MED29	0.484081491380518	0.403701971330943	0.80517838165559
CDKN2AIP	0.216472366781254	0.469159744810885	0.828942636584482
UGGT1	-0.0613711494020244	0.908931435065605	0.981166392886356
TECR	0.528685913062574	0.390557709112714	0.801572208975318
CNOT2	-0.266690371086487	0.362795816806364	0.794430406577175
CWC15	-0.223905401827693	0.616150737828577	0.89554091896645
VAPA	0.983692670906049	0.0627340793411163	0.668228404907692
SEPTIN10	-1.14487537757709	0.0654878047061334	0.668228404907692
DHCR7	0.123148569016507	0.749991093378016	0.936288333871528
NUFIP1	1.06413767496867	0.200446324756837	0.716541884769178
SSR3	0.360873935648243	0.221946339617072	0.727855229724882
DIMT1	0.0769195050470337	0.742056440899468	0.932641774989303
NIP7	0.125022083094443	0.725872352401297	0.926029844923914
SSX2IP	-0.00743388399048328	0.989744264516592	0.997713580821814
GSTK1	-0.889891433446728	0.177578391915998	0.700103721722211
TSSC4	-0.018329583177298	0.95396730365947	0.992368905556983
SNRPB2	-0.902537302879004	0.188713386612659	0.705683314611436
TIA1	-0.0902578469806059	0.851953151582792	0.968094373197333
NCBP2	-1.19800110994261	0.0261635795335906	0.621312825036621
SYNJ2BP	-0.0915190268459796	0.849896049313959	0.968087344376161
CENPE	-0.657123303365609	0.217977499765546	0.727855229724882
KIF23	0.184342495819102	0.534280564913743	0.861308719256413
NDUFA9	0.396332771123244	0.242448270035154	0.734094804262758
ZMYM1	0.811634904722311	0.0185037201567927	0.561274493823085
LIN9	0.169816258595272	0.624612040195802	0.898103313829332
INO80E	0.510170248379357	0.0875455285905431	0.669028276623117
SYMPK	0.152805200857966	0.568369850421049	0.875818710119112
EME1	0.344490062934891	0.279452224055862	0.760444127698393
DDX27	0.289059577534069	0.346490799988667	0.790923929697314
PHB2	-0.582293452017801	0.11517442689933	0.69066559364804
ESYT2	0.337147143128369	0.309807150895113	0.768017727202862
MED19	0.574450467667866	0.164057466211574	0.694040253432706
SMCHD1	0.0610608749858237	0.78575163189005	0.949040760602317
AGPS	0.286245565617495	0.251050158214529	0.739023515816364
MEN1	0.0808447955695222	0.783440969136109	0.948138971209346
TAF4	0.460034509325656	0.281654743520482	0.760444127698393
HIP1	0.382194437913189	0.596996224194219	0.888978810846891
MEIS1	-0.316372461724917	0.31334018562292	0.770102505847832
KRIT1	-0.024249574752524	0.970328561737926	0.993746210683294
PES1	0.228040246001843	0.528763986585848	0.858974781849206
NOP56	-0.158148297360871	0.707006753308619	0.918439084135689
E2F3	-0.953144273757818	0.00972787950313185	0.450966070263515
ARID1A	0.702075460555243	0.0886882200628078	0.669028276623117
CIT	-0.0946147143085092	0.705682180286225	0.918410128955493
STX16	0.256535233394501	0.703139768618429	0.918280321265075
KMT2D	0.490818693342401	0.106464906394938	0.680440196760459
VPS26C	0.0577007961381497	0.946369538964473	0.99182833777936
U2SURP	0.561664945015423	0.0969385671884511	0.669028276623117
SETD1A	0.216317680949381	0.42953327832796	0.812670762478543
CEP290	-1.13911203859868	0.189313312125165	0.705683314611436
NKRF	-0.491670621806296	0.13974637067995	0.693601160209687
CASC3	0.370952512245012	0.297075498729413	0.764493179054904
RER1	0.293447856173625	0.204391268089971	0.721380946199897
SURF4	0.536113943824034	0.436186872225387	0.813982482370782
HDAC3	0.0438047398084933	0.8762160339924	0.971700990960836
NVL	0.576361944630637	0.111648619503241	0.69066559364804
YY2	0.086717365001217	0.738257744601331	0.931922991212726
STX7	0.0278366234710319	0.956135326001266	0.992368905556983
POLR1G	-0.0890391692152086	0.748240084977652	0.935604665032297
OGG1	0.555458201073467	0.134229539719922	0.693601160209687
RBFOX1	-0.269165631451841	0.237308476852023	0.731811948713344
B4GALT5	0.542450136160404	0.109115409403233	0.688018345005606
SART1	0.319760517131677	0.415261981370317	0.809503345703562
DAPK3	0.43624674868564	0.234033878198963	0.731811948713344
PRPF3	-0.342122821163009	0.215010929673468	0.727855229724882
SYNJ1	0.531102575505848	0.639985890051304	0.902207122243715
B4GAT1	0.284331546847039	0.434786558175298	0.813982482370782
PRC1	-0.044311279651307	0.839068296335468	0.965002052705775
STX6	-0.17403312480355	0.621275399031613	0.89654172577279
KIF1C	0.728778438623319	0.219326074227181	0.727855229724882
ORC4	0.00804096146071842	0.972561316829071	0.994424480175836
RAD21	0.670235878630105	0.142017312487767	0.693601160209687
PPP1R12B	0.182286269945276	0.521176503576642	0.853574240158557
MED14	0.272379278962681	0.604263496058579	0.891194562177196
URB1	0.118908762505118	0.670548976642252	0.910827049984523
ZFC3H1	0.412123980902699	0.0831163650687257	0.669028276623117
PPL	0.109602999292939	0.732896195977121	0.929796189541673
STX10	0.146208055435828	0.555822046021287	0.870095957027351
CCNT1	-1.57656608280243	0.101152330589792	0.669369806358073
DPM1	0.699779188414595	0.0198663780077133	0.577930996588023
PQBP1	0.158941819971044	0.540909723859084	0.864284306039704
BRD4	0.00689160576929027	0.980186715407755	0.995735936695154
NBN	-0.048642888928935	0.82463991420945	0.95936634399561
HIP1R	-0.498900878994295	0.398873966809385	0.801769003854762
ZC3H11A	0.620921944528146	0.130512060188989	0.693601160209687
DNAJC13	-0.14636778027274	0.800771742239176	0.953477051224321
ZNF217	0.645519594907192	0.153091614062152	0.694040253432706
PRPF40A	0.132264063859207	0.659365152212778	0.907830450748983
SAP30	0.175442625409897	0.614535208589938	0.89554091896645
MED24	0.23120894928341	0.384003008233589	0.79893877416364
SRSF10	-0.0398806994323699	0.897742200036241	0.97796597110331
TADA3	0.424556824426759	0.346874148372465	0.790971929780442
EED	-0.205618314175389	0.529865470136643	0.858974781849206
PIAS1	-0.278773634599862	0.239406523670623	0.732526733781031
PIAS2	-0.299229653859243	0.812270714250968	0.954325694237405
RAD17	-0.524261895411986	0.409936333299865	0.809374323261834
RECQL5	0.167783538285946	0.603916390836919	0.891194562177196
B3GAT3	0.120190484381645	0.638600853613243	0.902207122243715
USP1	-1.17794739776825	0.0737122871406114	0.669028276623117
TOX4	-0.250000571521664	0.528318314343814	0.858974781849206
SUPT7L	0.785841045385251	0.0999919868658389	0.669028276623117
UFL1	0.347975099259035	0.164364520009749	0.694040253432706
SORBS2	-0.244913556020357	0.543160560233145	0.864284306039704
PRPF6	0.605619291134833	0.187269143927549	0.705683314611436
PCF11	0.0264200160440318	0.914400300265444	0.981906362701148
MBD4	0.227774632415272	0.480579014253572	0.833151796199134
KAT7	0.5438884925209	0.12925765259214	0.693601160209687
ZBTB7A	0.101714138480112	0.805273438195226	0.953687880035384
SLU7	0.727641885820137	0.116684878515968	0.69066559364804
YEATS4	0.526130431044976	0.386229263757019	0.79958988696998
WIZ	0.352482682941712	0.460316212283469	0.826769618448503
MAP4K4	0.0489971529062814	0.834166269198646	0.963549875204602
AIFM1	-0.131813843065611	0.736167660461653	0.931427946020674
SYF2	-0.0467008057370109	0.928958098222856	0.987123114917429
MBD3	-0.187616597337684	0.55676165141525	0.870095957027351
TOP3B	0.351818360060491	0.351060405471059	0.793103918679239
CLPTM1	-0.378799194485598	0.482758918036564	0.834370563962296
LDLR	-0.988157969628087	0.0944636511283746	0.669028276623117
OAT	0.0242435296222077	0.964063140359243	0.992368905556983
RPN2	0.222819225152097	0.405361781106377	0.80517838165559
SLC25A5	-0.161118437161186	0.670522343107543	0.910827049984523
POLR3D	-0.0174601510942551	0.962935493508428	0.992368905556983
LPL	0.609592540866313	0.0456492810389431	0.665013352883304
LAMB1	0.0944708743355882	0.710801384702725	0.919051873817947
SRPRA	0.0239775721029076	0.914677194595835	0.981929110217503
PDHA1	-0.231646067897056	0.765262544246845	0.943108113884522
COL4A2	0.64635433636284	0.0474226868162287	0.668228404907692
FGF2	0.670107280218041	0.172662910453563	0.69865708760978
SRP19	-1.93077002125916	0.00140665224834096	0.189534716004204
HMOX1	-0.0938848898558966	0.803092145893718	0.953687880035384
DLD	-0.831607397313803	0.226825884323571	0.730039879717083
MYBL2	-0.123594363473025	0.863304891344239	0.968445792589059
DLAT	0.0434964247405212	0.950466240215655	0.992368905556983
NR2F6	-0.67404476776996	0.205944941569372	0.721431575619871
MGST1	0.0808229307794122	0.787810430323651	0.950123132048625
ESRRA	0.0514715637616057	0.823711243830751	0.95936634399561
IGF2R	0.313110006623141	0.396829102971356	0.801769003854762
SLC25A6	0.366844319811687	0.179326603658649	0.704876352547669
NR2C1	-0.225963456548527	0.568145207753322	0.875818710119112
ETFA	0.365106913252731	0.5406372194174	0.864284306039704
MTHFD2	-0.979161948684371	0.160677501971169	0.694040253432706
B4GALT1	0.189412319152694	0.494235477574915	0.838649683556197
ATP2A2	0.2397936174529	0.443084571546498	0.818327397525892
CEBPB	0.135299565682157	0.677924844583329	0.913526069811124
PTPN1	-0.00217065409493955	0.994373812027039	0.997713580821814
SON	0.143569388554049	0.640602521427219	0.902207122243715
ATF1	0.674989009828423	0.0802352982751405	0.669028276623117
ERCC3	-0.0998895311201835	0.705046780777462	0.918410128955493
CCNA2	0.525239592873756	0.149525400212526	0.693601160209687
MSH3	-0.162805023870213	0.604459651264152	0.891194562177196
ME2	0.766150012935245	0.025096940458562	0.618304822733489
CCNC	0.151922017755947	0.567067168019005	0.874991929496827
BRD2	-0.586969009438491	0.115128041790288	0.69066559364804
ATP5F1A	-0.0444325750407586	0.913496875613778	0.981759866318753
COL8A1	0.5271499884165	0.266565967228233	0.753758272734607
TEAD1	-0.0614636284651056	0.86979487857013	0.969806136384814
ECHS1	-0.52845601517522	0.443753949207161	0.818529055166769
ALDH1B1	-0.897585262094161	0.274293215176467	0.759941900246872
SDHA	0.270117814049495	0.487047850031539	0.834370563962296
ELF1	-0.425394462645141	0.300598496990138	0.767332404690031
GTF2H1	0.20051726164548	0.434640116473878	0.813982482370782
BMI1	0.33129525459379	0.358479664060941	0.794430406577175
RFC1	0.062090560966702	0.811895160383979	0.954293668770885
KRT9	-0.416695460726263	0.5215024397698	0.853574240158557
ACTN2	0.357035216697504	0.706310426325552	0.918439084135689
LONP1	-0.103855966312846	0.646538881776683	0.903082984446629
DLST	-1.05017903845178	0.237436190187507	0.731811948713344
ZEB1	0.510648079018019	0.247734453156911	0.738008977155288
COIL	0.140601064498863	0.588477774423772	0.888844959100771
CUX1	0.580462079223643	0.110514494968905	0.69066559364804
PBX3	-0.233096159030339	0.574432019942787	0.88111997480206
BUD31	0.59061098092635	0.118106083391113	0.69066559364804
ACTR1B	-1.13734830621443	0.166338041328143	0.694040253432706
PI4KA	0.0313596948434025	0.943121696211354	0.990859820701164
HELZ	0.426051726618393	0.192859058113909	0.712065836318419
RBM34	0.484424629686103	0.138096382497598	0.693601160209687
LRPPRC	-0.00462076281261403	0.991702259349252	0.997713580821814
ACAA2	0.0343987021743715	0.879296274468915	0.973087558612091
SLC1A3	0.541289977333292	0.0982733782018909	0.669028276623117
TSFM	0.183006602015247	0.808729572372548	0.953743135410994
MKI67	0.0132690524521415	0.96265685969467	0.992368905556983
ATRX	-0.159248047045978	0.520961099946192	0.853574240158557
BRCC3	-0.0948035626360095	0.780414756154553	0.947452628401354
RFX3	0.352000245108052	0.416211612025372	0.809503345703562
RFX5	-0.260339670772389	0.662248703113664	0.907830450748983
IDH2	0.549459525431775	0.44762161007707	0.821245572238866
CDK8	0.134280152670918	0.667876894542678	0.909695106293864
CENPF	0.342972141296812	0.399557673569216	0.801769003854762
ACADVL	0.273459086244948	0.291471166837602	0.763844760063907
YLPM1	0.40059829029655	0.298006181821851	0.765447316519002
WHR1	-0.388907121121225	0.41858693018409	0.809503345703562
LIG3	-0.079614657545946	0.821283355922968	0.957997596216342
IDH3A	0.158372305694044	0.836315322235234	0.963952909931359
EMD	0.143458671927576	0.675493608965572	0.913526069811124
SMARCA4	0.319817692519539	0.191814788877112	0.710973734834082
BCAP31	0.120522138245171	0.628015556806473	0.899843185871961
VAMP7	-0.364835074344555	0.555333429881199	0.870095957027351
MNAT1	0.822303964129016	0.379820967026166	0.797557042097205
RBM5	0.571519067393616	0.0779517208905593	0.669028276623117
PMS2	-0.00863248097778779	0.978607870564307	0.995735936695154
ALDH18A1	0.230289311411973	0.52046669153299	0.853574240158557
ELL	0.270156197266729	0.448590831255903	0.822238086884328
PKNOX1	-0.184449136119909	0.708119270650276	0.919051873817947
HNRNPH2	0.419494098481433	0.139478814451422	0.693601160209687
OXCT1	0.299484511196919	0.463528767973386	0.828654780734544
RRP1	0.692479724703652	0.0146112931393026	0.539493900528095
MAZ	-0.045623559861653	0.940262313112442	0.990859820701164
POLE2	0.113407747267665	0.68264480597634	0.9137388564736
TMEM33	1.00696621257806	0.0937885204660266	0.669028276623117
ANAPC15	0.0257081054034103	0.964036824254177	0.992368905556983
SEC61G	0.870485031402559	0.0357377796659715	0.64911258953428
SPCS3	0.427335137856069	0.29285785893314	0.763844760063907
ATP6V0D1	-0.301148265039252	0.636616819929518	0.902207122243715
GNB2	0.502274697572702	0.319933222982121	0.772011097410908
TRA2B	0.169153702831458	0.638461663432469	0.902207122243715
FAM193A	-0.758150522971004	0.206265082241999	0.721431575619871
NOP14	0.170995952594073	0.624696341468267	0.898103313829332
NTHL1	-0.0372660491907482	0.910729802393622	0.981166392886356
LSM11	-0.359058530418373	0.532621161350219	0.860575889243115
TXNL4A	-0.421408447606197	0.171305592174144	0.698049519280677
ERH	-0.0139822863302861	0.968371455432492	0.992936285410086
RBM10	0.217551782784323	0.441890510795995	0.818157937057195
SLC25A3	-7.89851877662784e-05	0.999838126406378	0.999838126406378
U2AF1	0.782424715647721	0.245918555877343	0.736030595922835
FOXK2	-0.910285986386157	0.213954135121724	0.727855229724882
MEF2A	-2.77806001075528	0.027739934316741	0.621312825036621
SP3	1.41584635863025	0.105708064656817	0.678794261341432
TOP2B	0.287767287880971	0.312457221481943	0.770102505847832
MLLT1	-0.433078174556375	0.0943379995550046	0.669028276623117
MECOM	0.20049881330004	0.478639497154382	0.832793687844508
TAP1	0.0322934931946648	0.966267535905614	0.992368905556983
NOTCH2	0.0589013631533923	0.885150823698101	0.975596774684474
SRSF11	0.0289257644164564	0.900033372740942	0.978406216162546
RBPJ	0.0571953063131012	0.863233052329876	0.968445792589059
FMR1	0.365532534740947	0.197452185000803	0.713787623458385
KHDRBS1	0.515842917454844	0.115292647335325	0.69066559364804
SLFN5	1.98954518397843	0.0350329121071478	0.64911258953428
EP300	-0.132818180972858	0.70578861733012	0.918410128955493
FAAP100	-0.78016453949423	0.446365768681357	0.820509598724946
NEXN	0.676947459278754	0.103107413839801	0.669499726244426
MGAT2	0.739594659814941	0.0533347416856211	0.668228404907692
GALNT1	0.232532970499452	0.395209308361194	0.801769003854762
PMPCA	0.207834958351118	0.67786311685805	0.913526069811124
ST3GAL4	0.61183927145694	0.166102974107392	0.694040253432706
TBL3	0.00763170029491178	0.978688135505967	0.995735936695154
SMARCB1	-0.0809179530005864	0.82012863534043	0.957232206597949
BPTF	-0.369845893351702	0.326203502191839	0.775616995923629
NFIA	-0.295117261145762	0.467030528767176	0.828912774020311
SFSWAP	0.137849979222558	0.64558927817016	0.902869065878176
CHD3	0.312138056152833	0.293778237348929	0.763844760063907
EPS8	-0.543321275255494	0.212863269008712	0.727855229724882
DLG1	0.366217040765378	0.479763596922479	0.833151796199134
CHAF1A	0.505967061995502	0.181569535723339	0.704876352547669
STK3	-1.18257356122081	0.0980055093646019	0.669028276623117
GPS2	0.226013561736213	0.671265254909533	0.911096431891443
ATM	-0.0748878355958205	0.871653227793914	0.971284431411511
MTA1	0.553993471780799	0.0647429802551559	0.668228404907692
PPIL2	0.0748474413194167	0.807998071735238	0.953743135410994
TMED1	-0.562283595127198	0.256658533995005	0.744949939940151
TOP3A	0.269936298497484	0.333539834664805	0.778597547181064
NAB1	-2.43484258239482	0.0100301318445426	0.458520312893374
ATR	0.0227123180591668	0.974292982875368	0.995552169835394
MOGS	0.13520414085615	0.643751948779863	0.902331957173243
RUNX3	0.213114487663411	0.809360332072292	0.953743135410994
THOC5	0.127526643615077	0.814340521150293	0.955060373434315
MORC3	0.627739841289777	0.134642770749612	0.693601160209687
WRN	-0.430616600272614	0.231201999144264	0.731811948713344
BTG3	1.42743958777425	0.139742850239836	0.693601160209687
FKBP8	0.247711526122558	0.357231965292976	0.794430406577175
DHX8	0.168269629020937	0.559552195855472	0.870095957027351
RASA3	0.730646744196381	0.0690017177791435	0.668228404907692
MDC1	0.404487518565912	0.185456674470495	0.705683314611436
MELK	0.180138770558699	0.758920453221677	0.941148056859905
GSE1	-0.062822556694929	0.829572271050933	0.960514198940482
PDCD11	0.55819581434071	0.135982677004242	0.693601160209687
CBX2	0.265816929752447	0.494498073697607	0.838724647967673
GOLGB1	-0.555384125877119	0.175249883990894	0.700103721722211
KIF22	-0.136964739074894	0.567149716801459	0.874991929496827
NFIX	0.0465053537298914	0.945044344847292	0.991333853886215
ZNF638	0.302681447719838	0.206706256122048	0.721431575619871
SHPRH	-0.645888571705026	0.466349777000269	0.828912774020311
WTAP	-0.326405018403694	0.293586429148975	0.763844760063907
RRS1	-0.0447205425175596	0.905031063620627	0.980015333189916
BRD3	-0.175172531758392	0.603122160516938	0.891107770829181
WDR43	0.215864123807727	0.512261414435045	0.848176543132585
PCOLCE	-0.181057763237668	0.662929689180427	0.907830450748983
EBP	1.07676284236905	0.0379804230800993	0.664623573632817
PWP2	0.434034247030709	0.173870551775699	0.69985630903426
RNPS1	-0.0970622314948741	0.767864196155819	0.943108113884522
TMED2	0.546838155229985	0.145751511887097	0.693601160209687
PUM3	0.273421673351049	0.421008761408845	0.810226396370071
SF3A2	-0.537257294594937	0.170339186392276	0.696712028172973
TERF2	0.238668951782021	0.383689743588575	0.79893877416364
TAF1C	-0.312959846621116	0.378050245814738	0.79705732820207
TGFBI	0.761343300783004	0.0195268459300339	0.576792987471772
MED1	0.00218314074028925	0.993766281826633	0.997713580821814
HMGN3	0.9782901786986	0.249037593048965	0.738285519895942
JMJD1C	0.23663538756383	0.633897292851944	0.900875501314384
ITSN1	-2.38448628371253	0.00171828845112499	0.194065519185881
ATP6AP1	-0.234636529405247	0.492076870730064	0.836465331387094
VPS72	0.26080903229812	0.505441532865485	0.845332384151847
EZH2	0.130543774177266	0.569156401707339	0.876327418827659
NFIL3	0.212151425730742	0.70102660037113	0.918247870755285
IFI16	0.331741174778301	0.259212146807111	0.748965119442668
MAN2A1	0.0610764374266743	0.823915296078745	0.95936634399561
CYP51A1	-0.470255262649431	0.236164088138444	0.731811948713344
KNOP1	-0.110370622624668	0.702090765819246	0.918265851752692
MTHFSD	-0.0678749889344203	0.947755361599032	0.992368905556983
ASTE1	-0.648674595319328	0.139094078000265	0.693601160209687
CWF19L2	0.103810506566859	0.756018864063729	0.939822738104474
CHD9	0.0250547101842109	0.925408109497085	0.986280083394062
GON4L	0.120655195733018	0.805416905614543	0.953687880035384
TPRN	0.324901899569685	0.480581049109657	0.833151796199134
ARID4B	0.926191917126058	0.17499118333943	0.700103721722211
KLHL12	-0.329711144509552	0.580644896494156	0.887258313476887
HSD17B12	0.429613791873745	0.183333721282393	0.705683314611436
GLE1	0.204456508211216	0.616606725077103	0.89554091896645
USP39	0.406744088237879	0.180556844741262	0.704876352547669
ESCO2	-0.0168346635213688	0.961888333569675	0.992368905556983
EAPP	-0.22536307905661	0.48440807651784	0.834370563962296
ODF2	0.179073836384312	0.661738647682902	0.907830450748983
SH3D19	-0.826121952472548	0.44504802054187	0.820312466407986
C3orf38	0.568657733145649	0.344461787498293	0.790415840856532
AMER1	0.673518308123761	0.351159161618934	0.793103918679239
DNTTIP2	0.132686671972561	0.623793462802716	0.898103313829332
SNAPC4	0.118711557532738	0.873350886238191	0.971700990960836
FKBP15	-1.3053302851991	0.117141388213694	0.69066559364804
SPOUT1	0.271907765246297	0.450242372640466	0.822579804075298
PHF19	0.355326087356065	0.393121926291945	0.801769003854762
GORAB	0.312830246058382	0.32338193671921	0.772339378094587
WLS	-0.266522129375467	0.296630893993878	0.76447156572919
RC3H1	0.21827346407181	0.641229878534241	0.902207122243715
RIF1	0.0520091864839287	0.889441106608496	0.976555293627211
PRPF38B	-0.0911014996621375	0.744484519626558	0.933340044193922
ZMYM4	0.31392119357799	0.223948176606636	0.730039879717083
OBI1	0.244253005546927	0.436029863171897	0.813982482370782
ICE2	0.296864537303378	0.450919397806901	0.822579804075298
ARID2	0.227572690564873	0.353217515838078	0.793103918679239
SPTY2D1	0.545124872788239	0.278083364832125	0.760444127698393
VIRMA	-0.129062744018896	0.738106044840794	0.931922991212726
SPECC1L	-0.023749846834491	0.943008766685903	0.990859820701164
RPL7L1	0.466303100631229	0.14347699383113	0.693601160209687
LAMTOR1	-0.204696678280516	0.730047259247403	0.928490992899857
NCAPH2	0.340582475691356	0.539120313669374	0.864284306039704
NIPBL	0.499015331148989	0.153122450647145	0.694040253432706
LIN54	0.0489331704735889	0.917662143427263	0.982735051673858
HMBOX1	0.28040941534686	0.241893647960322	0.734094804262758
PPP1R18	-0.113640528981605	0.737187984135635	0.931501487535895
RPUSD3	0.27744300095052	0.28786191421827	0.763308624078494
TAF2	0.566821047477092	0.100354241493468	0.669028276623117
NFRKB	0.622099326755222	0.262893520024691	0.752540336006346
PKN3	-0.734482362303968	0.00969671253161111	0.450966070263515
INTS5	0.107856644923125	0.684541401623074	0.913765912458948
RSBN1L	0.111429698963828	0.700042498779005	0.917823650318806
CTR9	-0.0536133265676852	0.834811715617201	0.963549875204602
DARS2	0.338434359995279	0.235755391944038	0.731811948713344
WDR59	-1.01453833276416	0.381019620792738	0.797625738101884
CCDC137	0.0359903386184968	0.949114711119382	0.992368905556983
MTHFD1L	-0.044434124511362	0.854052283387496	0.968094373197333
ABRAXAS1	0.0676283554774564	0.891401242731924	0.976833298169361
ATF7IP	-0.48107651107966	0.415367733991977	0.809503345703562
AEBP2	0.169971991356128	0.656723322391599	0.907025812383507
QSOX2	0.256577608279017	0.46075181861453	0.826769618448503
MMS22L	-0.929742207477666	0.309141611526018	0.767358622016749
SRCAP	0.274887370448631	0.338481497381002	0.783266297074251
FAM83H	0.262148558482721	0.768765923119622	0.94324868537397
TPGS1	0.630928285153956	0.18946861910531	0.705683314611436
CRACD	-0.213894674820679	0.452546183546851	0.823010102691975
MED25	0.0531460881042349	0.876302221796191	0.971700990960836
INTS8	0.30121973175908	0.453401235724139	0.823010102691975
ASXL2	0.576208973744155	0.0198083175915698	0.577930996588023
RSRC2	-0.408672171812345	0.167013269984845	0.694040253432706
HS2ST1	-0.220958111032211	0.418472686605873	0.809503345703562
APTX	-0.0337198263589897	0.905748546221618	0.980015333189916
SETX	-0.457973989163087	0.300746890179383	0.767332404690031
EMSY	0.361087063902346	0.293706511126293	0.763844760063907
RBBP6	0.451583350878238	0.228937175656134	0.730039879717083
TMED4	-0.467714549776225	0.631659362766653	0.900868040705589
PBRM1	0.0960071253537649	0.741284156363358	0.932250976365957
CENATAC	-0.41062432741839	0.398350915121026	0.801769003854762
FAM83A	0.574088193040367	0.197508760685593	0.713787623458385
ERICH1	-0.313800585747614	0.429193602439117	0.812670762478543
VRK2	0.458075252322928	0.106815393807176	0.681028788709752
GATAD2A	-0.111583435917812	0.793415110768533	0.951882927937483
DCP2	0.0876390734786447	0.834534149877938	0.963549875204602
FOXP4	-1.23434958023656	0.000941847546506019	0.172595519238992
CCDC50	-0.0408617460349703	0.894497294222686	0.977203302934599
MISP	0.546677407715961	0.134968810398763	0.693601160209687
MFN1	-0.00317942667168225	0.995285915032868	0.997713580821814
ZC3H7A	0.713706879857455	0.038954149730372	0.664623573632817
PHF6	0.492650971880899	0.0680324256804446	0.668228404907692
SUGP1	0.0927082531689685	0.776955248996465	0.946510704717999
CCAR1	0.137730513191194	0.636064243293497	0.902207122243715
PARP9	-0.322386933159557	0.280035937677521	0.760444127698393
RBM12B	0.273169831355862	0.469302419774652	0.828942636584482
SMC5	-0.321276093749983	0.306817382908663	0.767332404690031
DHX37	-0.166922771175237	0.62658178002383	0.898794932869446
FTSJ3	0.0965569103299835	0.741112648516971	0.932250976365957
SRRM1	-0.500405690351919	0.0687232177875938	0.668228404907692
SUPV3L1	0.331478544937283	0.260027447343718	0.749628677026933
FANCM	0.319061727359617	0.250370577955467	0.738987716640273
RNF168	-0.0302333989680648	0.958240624031711	0.992368905556983
RCOR2	0.901026487831899	0.0983827931080811	0.669028276623117
INTS1	-0.0354110322642391	0.891869151922338	0.976833298169361
PIAS4	0.188111270796881	0.557640917208713	0.870095957027351
AGGF1	-1.45320371403263	0.0850698595298172	0.669028276623117
SYNPO	0.224664806182655	0.423047897063019	0.810226396370071
RYBP	-0.717006176720741	0.0610603053538164	0.668228404907692
AFAP1	0.302210852185993	0.29526671463661	0.763844760063907
ZGPAT	-0.0324458214586265	0.904921236694029	0.980015333189916
SRBD1	0.260877257337548	0.373977690267368	0.794738994801308
CPSF7	0.664561970994974	0.0746421508812592	0.669028276623117
SIRT6	-0.329905228809828	0.481687461722252	0.833940420655296
GPATCH11	0.116854544120674	0.635363746687957	0.902207122243715
CEP120	0.595535625979576	0.189218519809427	0.705683314611436
BANP	0.557063555820282	0.143927372511646	0.693601160209687
SCAI	-0.106854148754088	0.842598990340089	0.966133210781111
PRPF38A	0.368228201636057	0.339007444202449	0.783266297074251
KDM1B	0.82099627103289	0.0263589262127782	0.621312825036621
GOLM1	0.148005749324014	0.596080785878708	0.888978810846891
POGLUT1	0.187133853356894	0.467990336998967	0.828912774020311
HSD17B11	-0.478637678577478	0.283053432672124	0.760444127698393
POC1A	-0.740637896662715	0.0655724086589872	0.668228404907692
CHST14	0.0256624232306422	0.923637492498131	0.98501198710208
SRFBP1	-0.255320617832943	0.346327413704189	0.790923929697314
NGDN	-0.008472044285881	0.980974283286613	0.995735936695154
BOD1L1	0.0304839806661583	0.911756489227337	0.981262589302963
ARID1B	-0.058336373412363	0.84594557245669	0.96737075587662
COP1	-0.261719382195974	0.84132789783819	0.965002052705775
THOC2	0.335276049290531	0.196725132796037	0.713787623458385
PUM2	0.0920714276417591	0.715205092745858	0.921245404113779
GOLGA5	0.418474167309387	0.682924614083133	0.9137388564736
DLG5	-0.102814794375352	0.800018824758427	0.953385858472243
GPX8	-0.342221494962651	0.282286332434024	0.760444127698393
PHF10	0.297065782754007	0.254895065229808	0.744332357781341
ARB2A	0.0729018701147019	0.806112009213582	0.953687880035384
CACTIN	0.518482142305565	0.150015468798323	0.693601160209687
GATAD1	0.0809461381417051	0.868117072295576	0.969342703580986
BCL7C	-1.00502126661184	0.151699587325675	0.694040253432706
MITD1	0.645823747391255	0.687129486309231	0.914267923571535
STAG1	0.0833333722108662	0.825223452808746	0.95936634399561
CKAP2	-0.269934081066673	0.280923993188253	0.760444127698393
SREK1	0.186684054984784	0.454508544319799	0.823010102691975
ATRIP	-0.466250785155918	0.304382822958368	0.767332404690031
PSPC1	-0.20012010846672	0.462897089960906	0.828296749976645
GATAD2B	-0.0684373933474731	0.752433946246598	0.937372525002671
PIBF1	0.384666396882459	0.595432154514225	0.888978810846891
BBX	0.546386317854534	0.0628244782657224	0.668228404907692
FAM3C	0.29360890815337	0.372834120153064	0.794738994801308
H1-10	0.105252849586027	0.767116670739943	0.943108113884522
TOPBP1	0.0151588898098431	0.982511318785921	0.995735936695154
BAP1	0.452588197887586	0.287108369386085	0.7624454622701
PHF3	0.119894877537444	0.749168062331912	0.935850800050275
AKAP1	0.181633470927313	0.677499074272533	0.913526069811124
CENPI	0.0306480037918675	0.924538186022615	0.985626494815891
GTF2H4	0.308711324703939	0.42279066573694	0.810226396370071
RREB1	0.657456763006717	0.0722383503974189	0.669028276623117
DPF2	0.212115747041903	0.428505728668389	0.812670762478543
CREBBP	-0.00348739486223693	0.989978623793482	0.997713580821814
CELF1	-0.480397813983139	0.171573166196776	0.698049519280677
SMARCD2	-0.00948339090739481	0.975957429509821	0.995735936695154
KAT5	0.443102988439215	0.293808571097095	0.763844760063907
SECISBP2L	0.0610770954952358	0.916476472844404	0.982735051673858
MED12	0.457078966196114	0.203455437733661	0.720203918895447
PTP4A1	0.245788060567456	0.441520109198527	0.818157937057195
L3MBTL2	0.076336261246702	0.791910791080324	0.951482302174106
RAD51AP1	-1.49651673618463	0.00598845585917667	0.37298608633293
EXOSC8	0.348368664881981	0.304884896662265	0.767332404690031
NACC2	-2.66558016792798	0.0796721397954721	0.669028276623117
PINX1	1.42472552995938	0.237791274483672	0.731811948713344
TADA1	0.275509511998823	0.389221820604357	0.800970949153662
ENTR1	-0.372675458338996	0.224212682946844	0.730039879717083
INTS12	-0.0199178697178048	0.934356171957865	0.989751053663873
THAP11	0.0989610968311183	0.8556147245725	0.968334966801768
SGF29	-0.790065242202719	0.0940944598200536	0.669028276623117
RBM33	-0.232032730471467	0.36381470221038	0.794430406577175
MCRS1	0.285000916899854	0.416598362522545	0.809503345703562
WDR89	1.40310037366406	0.0297735168775545	0.647650592931829
THOC1	0.411347693057376	0.200967606743855	0.716541884769178
BICD1	0.265514594390702	0.470095967465335	0.829200052855712
AURKB	-0.27776174862224	0.418291506610874	0.809503345703562
SMARCD1	0.052656623604733	0.866029775682578	0.968445792589059
LIN37	-0.792436786769045	0.00647963736584838	0.394949325156473
TONSL	0.380801667170743	0.319676001171694	0.772011097410908
DOCK6	0.480811648757427	0.175779561719387	0.700103721722211
DDRGK1	0.749188841530245	0.0484989406002505	0.668228404907692
RBM17	0.0131951824751724	0.967784526811027	0.992936285410086
TENT5A	0.260882158312292	0.661867713540423	0.907830450748983
NSL1	0.153548615823723	0.645645430963925	0.902869065878176
CDK5RAP3	-0.0162334062607101	0.978335252601326	0.995735936695154
VPS39	-0.167351868373412	0.68880972569731	0.91514598281148
EAF1	0.226299336518547	0.696835545713894	0.916614397208973
CHAMP1	0.561293751408385	0.1547759753099	0.694040253432706
CNOT6L	0.252114435495734	0.435980020999701	0.813982482370782
CCDC138	-0.821862156779424	0.0704682229987709	0.668228404907692
NSMCE2	-0.24894847881745	0.718851783739019	0.92351651039071
NSMCE3	-0.35802614646105	0.54303574791564	0.864284306039704
TCEANC2	0.542497611652831	0.0952569569059131	0.669028276623117
ZNF830	-0.065062368912038	0.814405089960263	0.955060373434315
MUS81	0.465253937084579	0.094006275582335	0.669028276623117
UHRF2	0.543685124159708	0.113411655491513	0.69066559364804
PPP1R10	-0.251118524441711	0.431469203213628	0.813126196670359
PURB	-0.191760489521787	0.617260541161408	0.89554091896645
UIMC1	-0.533557720123163	0.103234530510342	0.669499726244426
MED15	-0.824075946375874	0.133352833881277	0.693601160209687
WDR24	0.215396365404793	0.592170578812092	0.888978810846891
SMC6	0.200571256391818	0.586114213970991	0.888173941731018
STRBP	0.580884215612031	0.0321875711851421	0.64911258953428
SIN3A	0.200304673285316	0.452007393644506	0.823010102691975
INTS14	0.640681303719241	0.0698174816275628	0.668228404907692
RSF1	0.0452855229046207	0.885535648725263	0.975672628845596
RBM15	0.523631475744747	0.221390748666125	0.727855229724882
PNKP	-0.0544167340501929	0.827323503129704	0.959728190529127
UHRF1	0.684389818073193	0.106495361166284	0.680440196760459
COL12A1	0.585528860317574	0.0352737464147057	0.64911258953428
CDC6	-0.174362256444869	0.437070775863965	0.814733873455158
ACO2	0.0516566109262051	0.890075499499677	0.976555293627211
ARID3A	-0.178118339033418	0.740624831487757	0.932250976365957
ZFYVE21	-0.0484082836632034	0.95314631030385	0.992368905556983
TCF25	0.375155025062153	0.507267235828401	0.846209112747326
CCDC77	-0.962262914757943	0.395232704740075	0.801769003854762
NUDT16L1	-0.435704046950402	0.119994908997013	0.69066559364804
UTP23	-0.285437767534624	0.315892501147427	0.77045283196629
CENPK	0.597707476213429	0.314969663058605	0.77045283196629
ERP44	-0.189930679753267	0.625745734039749	0.898599710865089
TINF2	0.848524084674104	0.146576301382202	0.693601160209687
POLR3GL	0.0718955028661519	0.90029688138307	0.978406216162546
WAC	-0.735792242674144	0.0418204374862218	0.665013352883304
DIDO1	-0.122424798262792	0.65662403451588	0.907025812383507
MTA3	0.089248206078107	0.703297506468902	0.918280321265075
DCTN5	1.85975511775302	0.0073632343575925	0.402031674752103
PI4K2A	-0.244669844485831	0.606370044087899	0.892130639577598
SPINDOC	0.13510671511246	0.808185592854416	0.953743135410994
PHF23	-0.526470584241636	0.120055675412828	0.69066559364804
C2orf49	-0.213281789618037	0.43328412249774	0.813599525863726
NOC4L	0.529194085485067	0.114918783814946	0.69066559364804
KIFC1	-0.56559987238877	0.332537877948037	0.777591084741015
SF3B5	-0.843462978319391	0.0080525193307306	0.404059377716012
PAPOLG	0.953175720213157	0.244695826908315	0.734094804262758
BRIP1	-0.0224310732928252	0.958309432909551	0.992368905556983
SCAPER	0.291262911148319	0.359198803470945	0.794430406577175
POLDIP3	-0.217820486315794	0.450744664554472	0.822579804075298
KIAA1671	0.78677156427517	0.157795565211269	0.694040253432706
HELZ2	0.218533660205971	0.401378578819266	0.803490758235587
DOCK9	0.687501366212814	0.0739088575838099	0.669028276623117
UPF3B	0.901986626274869	0.25518629094288	0.744518854588065
CRNKL1	0.223232144626188	0.668043839837173	0.909695106293864
WDR33	0.465669918734957	0.140830179326722	0.693601160209687
SENP6	0.379994649148692	0.372703308892271	0.794738994801308
REXO4	-0.228979770789785	0.486391044561263	0.834370563962296
POLR1E	-0.0872239767241965	0.795680743674987	0.951882927937483
MFF	0.597838264155968	0.278466159566292	0.760444127698393
CLPB	0.090747037669491	0.724105824800494	0.925621294019273
MIS12	0.692847474506422	0.0125307747373249	0.50650710517187
LSG1	-0.837259969046567	0.0218503864823359	0.595074355263617
BRD8	0.414621045979171	0.165970825593926	0.694040253432706
PARP12	0.601323738644115	0.0358364242138717	0.64911258953428
METTL9	1.5602977052477	0.0194470079368774	0.576792987471772
CDT1	-0.431142782489253	0.414951903369534	0.809503345703562
TRIOBP	-0.312280375163848	0.241173282537723	0.734094804262758
TAOK3	-0.151994747810821	0.774181364185191	0.945565024959012
ADNP	0.193900842476907	0.517578785503741	0.851178816417288
FOXP1	-1.74304626520117	2.15276101428159e-05	0.0118094318497733
GGNBP2	0.4388816331867	0.643967327527301	0.902331957173243
ST6GALNAC4	0.826749965015349	0.0357536891812153	0.64911258953428
ESF1	0.244367965903329	0.381166328574763	0.797625738101884
DHX35	0.15838707563832	0.595575046860227	0.888978810846891
DHX33	0.462868465471328	0.0777200593523373	0.669028276623117
NOL6	-0.0517853767295264	0.889034097498354	0.976555293627211
PEAK1	-1.39322655313568	0.101784156306753	0.669369806358073
TDRD3	-0.660508774061562	0.165019842025188	0.694040253432706
SUDS3	0.304102347675947	0.417483504663332	0.809503345703562
NRDE2	-0.247476110450823	0.490478036647388	0.834945774014807
KAT8	-0.123515874406404	0.778798854726342	0.946987841085863
NOL11	0.108921683046827	0.680547871558776	0.913526069811124
DDX31	0.945362815445698	0.118409245344418	0.69066559364804
ECT2	-0.0526065443314643	0.940714681994398	0.990859820701164
RMI1	0.524932541652937	0.203968881226389	0.721215933618172
EHMT1	0.17372386827585	0.623272932154745	0.897737456666999
AGO3	0.75672699541995	0.0490375715343004	0.668228404907692
ISG20L2	-0.0658965855175495	0.84069314821415	0.965002052705775
MEAF6	0.247749511275501	0.426655967200502	0.812143726931275
FBRS	0.310373224693492	0.468722694729702	0.828942636584482
RC3H2	-1.2186274117363	0.0510292411489701	0.668228404907692
NCOA5	0.0759827701715778	0.814538450136971	0.955060373434315
CWC22	0.320302925267644	0.432220343398507	0.813126196670359
CHD8	0.319486192195289	0.316343397043293	0.77045283196629
MRPL47	0.224556318750896	0.532444586122154	0.860575889243115
TM9SF3	-0.163664378627711	0.6948922316327	0.916614397208973
HMG20A	0.161971191975837	0.581107983956867	0.887258313476887
DMAP1	-0.46521408278641	0.063106799467956	0.668228404907692
PPAN	-0.143790857598859	0.571941583801044	0.878151012313478
PRDM11	-1.1034102527	0.00276697472291771	0.236115176355645
PRDM10	0.653439441473189	0.0752906156109904	0.669028276623117
AAAS	0.203066166362404	0.61120772117692	0.893088907655773
BAZ1A	-0.337772304224821	0.394746904363536	0.801769003854762
DROSHA	-0.277850611030345	0.322226006417561	0.772339378094587
HELLS	0.4161524993408	0.525837226854459	0.857376978328859
CENPM	-0.0168674540690041	0.979719346605728	0.995735936695154
PDS5B	-0.0956007976683004	0.662371983935868	0.907830450748983
IMP3	0.354376331637518	0.271847454154511	0.756591772895033
MED17	0.100326547362712	0.732940902537147	0.929796189541673
FBXO28	0.06716624605885	0.811623085476307	0.954265967002149
ARL8B	-0.0563236297762302	0.887612021421332	0.976555293627211
DDX18	0.456765594097895	0.123836784755679	0.692188141865802
INTS10	0.00793479654120688	0.977776005844592	0.995735936695154
POLR3E	0.200009736252479	0.873665639021931	0.971700990960836
RLIM	0.313150526951141	0.608868681748762	0.893088907655773
FANCL	-1.35511688929565	0.139319402992418	0.693601160209687
ARGLU1	0.0247511170706609	0.955325560415694	0.992368905556983
PAK1IP1	0.0847466362316887	0.706057813854369	0.918439084135689
FAM120C	0.096645190949701	0.845615887718234	0.96737075587662
LYAR	0.0360079802837419	0.901492414377591	0.978686375276366
BPNT2	-0.57620164058552	0.261614025263209	0.751382092005028
TEX10	0.291882924580726	0.330794562845173	0.776396046556236
NSMCE4A	0.297670822495704	0.403859552717723	0.80517838165559
RTEL1	0.867186569073386	0.0300064687504343	0.647650592931829
ITSN2	-0.365302089401709	0.40516639788608	0.80517838165559
NOP53	-0.224639361646467	0.529206766360851	0.858974781849206
SENP1	-0.0104944899599957	0.961826563944665	0.992368905556983
SH3BP4	0.351639667652321	0.607849770710978	0.893088907655773
HMG20B	-0.444127330680168	0.218234991205227	0.727855229724882
CEP72	0.108900325623814	0.764330890247036	0.943108113884522
POGK	-0.610606953352654	0.322963672215454	0.772339378094587
RCOR3	0.535615455861425	0.100938645319048	0.669369806358073
RBM27	0.292367799473404	0.64689873284218	0.903082984446629
MBD2	0.0471550774298812	0.878058975156696	0.972600120409319
ASH2L	0.0524907402954895	0.832023258126129	0.962050379766436
MORF4L1	-0.263338622232084	0.268112083005121	0.753758272734607
ZMYM2	-0.233303464310275	0.425217421463662	0.812143726931275
TJP2	3.46190007522571	0.0171199390016023	0.556803003543998
VTI1B	0.874707321321033	0.30853157105245	0.767332404690031
KDM5B	0.304402535818568	0.285195565377369	0.760444127698393
AFF4	0.0185406179877567	0.950950521594886	0.992368905556983
TRPS1	0.0895015977416875	0.76092530677094	0.94165426297145
BAZ1B	0.292988185619507	0.305133093489996	0.767332404690031
SIX4	0.657909140781797	0.371561721409533	0.794430406577175
DDX41	-0.0187910182151896	0.951038116292152	0.992368905556983
PTBP2	0.00183633950836537	0.994714551728839	0.997713580821814
MAN1B1	-0.0797825425544616	0.769657267195404	0.943641093879422
RALY	0.115469979053834	0.750779281207607	0.936949119219113
ZHX1	0.112823209470228	0.836932031695612	0.963952909931359
INTS6	0.28826372989872	0.371148612241575	0.794430406577175
AGO1	0.23162319041527	0.718026328692074	0.922873405014513
TAOK2	-0.397556287208698	0.323908863369867	0.772339378094587
MED23	0.00565679609800895	0.980773473226604	0.995735936695154
YEATS2	-0.0393624158742298	0.890598082886066	0.976555293627211
CIZ1	0.437684543277467	0.425698336558154	0.812143726931275
TPX2	-0.278868718781709	0.29977254286388	0.766996917765233
TMCO1	0.0743567319783089	0.755822793332858	0.939822738104474
FZR1	-0.27252864576154	0.56524955285683	0.873815733884955
ANAPC10	0.518334278166964	0.283124704917602	0.760444127698393
L1RE1	-0.359639438595924	0.639867868274948	0.902207122243715
WDR3	0.0877198961857779	0.787256880819477	0.949872548954445
TTF2	0.212047608381901	0.485503123221295	0.834370563962296
SCAF8	-0.141788970605404	0.514197970862615	0.849486058569526
PHF8	-0.235153271142998	0.378187096870878	0.79705732820207
ZC3H4	0.227212803604047	0.381419495788352	0.797625738101884
EXO1	-0.575286890584884	0.075694188748944	0.669028276623117
ZNF148	0.0150240362710896	0.958366757269831	0.992368905556983
CDYL	0.482148977463673	0.299807909782712	0.766996917765233
ERGIC3	-0.0679730995808647	0.857195934616932	0.968412000273321
KDM2A	1.22220036285383	0.0417918570189316	0.665013352883304
POLDIP2	0.108964924401764	0.64817345023119	0.903082984446629
FCF1	-0.0419054190896162	0.928894469590515	0.987123114917429
TMED5	-0.125189803887377	0.773468636666807	0.945565024959012
TMED7	-0.860347520107013	0.190875049352883	0.708858984057128
MED31	-0.201538284341897	0.67975851616298	0.913526069811124
CHTOP	-0.0589892885428362	0.90490062011262	0.980015333189916
TRRAP	-0.0640235131631748	0.849406307742902	0.968087344376161
MARF1	-1.82641099268452	0.162896206247604	0.694040253432706
UTP18	0.0519566540060339	0.855458349417132	0.968334966801768
HCFC2	1.29114534909293	0.0272995253710333	0.621312825036621
LRRFIP2	-0.0334110445369653	0.945744387965034	0.991443748235253
NCOR2	0.138288159900284	0.697988343009747	0.916646797933457
ADGRG1	0.689920705121921	0.0107257452066667	0.458652951568405
SPIN1	0.488138515176747	0.110959427065619	0.69066559364804
USP3	-0.265916546153552	0.256589214169991	0.744949939940151
TAF6L	-0.252184735081816	0.412739357160796	0.809503345703562
PRSS21	-0.152395961429658	0.598959183285801	0.889205050431785
IGF2BP2	-0.58196352126987	0.508205162482087	0.846402534147978
PIAS3	-0.395187241267244	0.540334703469039	0.864284306039704
MAU2	0.750827036381065	0.0978193377365416	0.669028276623117
ZHX2	0.126725595035616	0.621099850727114	0.89654172577279
MORC2	-0.455664618264155	0.153897108409722	0.694040253432706
RFXAP	1.92706354217216	0.0544824710271087	0.668228404907692
SLC27A2	-0.0380260399657466	0.895376509190417	0.977329674613758
ZNF609	0.345125204730785	0.50019788689198	0.842069217740115
SPTLC1	-0.261965159390328	0.254835730618475	0.744332357781341
BCAT2	-0.887716308572003	0.238604740893606	0.732407837754953
ZBTB43	0.317021051028846	0.400469390341804	0.802610886697562
SUPT3H	1.22060834392316	0.0892968989249773	0.669028276623117
KHDRBS3	0.356333270275222	0.218998023624575	0.727855229724882
TAF5L	0.213552232372024	0.498688991836577	0.841003833400288
ATP5MG	0.282760202489374	0.267377190860959	0.753758272734607
CLPX	0.486978127744905	0.107781889119296	0.683782321852863
GOSR1	0.433298878578888	0.448382391748275	0.822238086884328
NSD2	1.82588422325874	0.159148649901262	0.694040253432706
EGFR	3.60510566020349	6.22720130177008e-05	0.0265693922208857
COL3A1	-0.275197318547171	0.594286196740671	0.888978810846891
ALB	0.320716122610094	0.577789273337428	0.88430084081934
TOP1	0.170172605140401	0.532705439773668	0.860575889243115
FOSL2	0.580311243050836	0.0984551628647527	0.669028276623117
MGAT1	0.108928666710565	0.660618048276874	0.907830450748983
NDUFS1	0.40606961291639	0.144481351189507	0.693601160209687
PPIF	0.00724011933596458	0.978029046661455	0.995735936695154
HADHA	0.0277564758159023	0.895943417437691	0.977670566342919
CTCF	0.551670075880537	0.251344976993795	0.739023515816364
CLK3	-0.860868295608697	0.146750669597591	0.693601160209687
DAP3	0.131392757629921	0.610446842046877	0.893088907655773
ALDH3A2	0.103126004458904	0.689605755259256	0.915342585618923
SEC61A1	0.140362442913691	0.783826875875945	0.948138971209346
RAP1A	0.499748646975942	0.146500685756324	0.693601160209687
SEC11A	0.695335238372138	0.249685577951692	0.738536265997625
CKAP4	0.0303650845980954	0.921567792126391	0.983825499517749
LGALS3BP	-0.14420590191083	0.638679540043918	0.902207122243715
PRP4K	0.0789764516620792	0.725470841775707	0.926029844923914
GTF2H3	0.192375332186465	0.649191562644065	0.903184739129804
ARID5B	-0.767181592752404	0.0895594308135418	0.669028276623117
PDK3	0.608604042777568	0.170168387474708	0.696712028172973
MED22	0.114430738408036	0.654209353653174	0.905619535984053
CLPP	0.884430318502094	0.265101536167884	0.753417985809287
FLYWCH1	0.598320666845467	0.0526962438133237	0.668228404907692
SGO2	0.343823289905373	0.391893614553985	0.801769003854762
SAMD1	0.568349896876381	0.3759051639232	0.794738994801308
RAB11FIP1	-0.0272702686034663	0.93510854757618	0.989751053663873
ZC3H18	-0.243047818770208	0.486884609223179	0.834370563962296
SUGP2	0.359206345969678	0.219535278290967	0.727855229724882
HOMEZ	-0.380935342914285	0.501607025954618	0.843113361913717
KLHL7	1.71645709230918	0.0139409200784317	0.53241133723806
ZNF687	0.546072391449467	0.196273862248846	0.713787623458385
CLASRP	1.03363379505728	0.0702057852338515	0.668228404907692
NKAP	0.315656098526343	0.382957035848336	0.798780563638029
EMC1	0.366587616564033	0.151769621449075	0.694040253432706
NUP35	-0.376651181874863	0.472512084248886	0.830230885395289
PNPT1	-0.00236478554766251	0.993518995107844	0.997713580821814
PNISR	0.147818151342115	0.630521662219787	0.900868040705589
GLG1	0.0692639180955332	0.784306625594492	0.948280051096615
TBRG4	0.808745111627253	0.458235645358856	0.82601993587414
PTCD3	0.0705436954737628	0.85030601630858	0.968087344376161
CDCA5	0.562476532143808	0.244399983618666	0.734094804262758
IMP4	0.029323585443656	0.933676980959603	0.989751053663873
RSRC1	0.411827116970862	0.323537083371539	0.772339378094587
EP400	0.822368746922663	0.48752800638192	0.834370563962296
YTHDC1	0.126591932836892	0.778441442817282	0.946987841085863
LENG8	0.31217710668621	0.236455262272251	0.731811948713344
CCNL2	0.405208605722329	0.40495592969807	0.80517838165559
PPP1R9B	0.604855605746653	0.306813012019762	0.767332404690031
RNF2	0.228752647932922	0.360101890342933	0.794430406577175
MPHOSPH6	0.00097336658869196	0.996970459830119	0.998758968393702
PIP5K1A	0.0615341123587143	0.835359497814068	0.963779224134613
DDX50	0.559770808387391	0.216672195025561	0.727855229724882
SRSF8	0.692762560389077	0.220320256461632	0.727855229724882
CCDC106	0.225156960714077	0.496379790916319	0.840060994763626
CHID1	0.428089693614563	0.0940531462631354	0.669028276623117
NSD3	0.0116611463052365	0.956892516999633	0.992368905556983
OSBPL8	0.37664261720402	0.251283274337284	0.739023515816364
INTS2	-0.214020865637661	0.467358045286644	0.828912774020311
CPVL	-0.125385586562171	0.649806920612017	0.903424538432348
ACTL8	1.03422287833504	0.246658611560904	0.736523381332716
ZCCHC4	0.639821700867508	0.411479564588628	0.809503345703562
ANTXR1	0.320976975218127	0.262815347770903	0.752540336006346
MED20	-0.00127991743462275	0.995375189616763	0.997713580821814
SFXN1	-0.274823513991507	0.521702797305243	0.853574240158557
MCCC2	0.510204976770439	0.39800190679409	0.801769003854762
CWC25	0.193938250551021	0.586324106536783	0.888173941731018
MRPL39	-0.207193129476725	0.575217931471254	0.881771200339167
CDK12	-0.316944694180037	0.337082872009129	0.781169721493696
DNAJB11	-0.546380215339017	0.216980189515677	0.727855229724882
DAXX	0.509951152379038	0.143195545567281	0.693601160209687
PCYOX1	0.664823574457518	0.219120616725592	0.727855229724882
MED13	-0.0660238132993172	0.838593120695188	0.964997777485622
GPATCH8	-0.274874659210433	0.611775120497899	0.893577962233523
ZMYND8	0.414906355168569	0.227734366507251	0.730039879717083
MED16	0.210392454178002	0.446360664722458	0.820509598724946
CSNK1G3	0.175018194707793	0.702777723906527	0.918280321265075
HACL2	0.892364311944753	0.404227647897373	0.80517838165559
GTPBP10	-0.043504370324559	0.865437824439906	0.968445792589059
DCTN6	-0.693972156192004	0.118131118027591	0.69066559364804
ELL2	-0.860691996118103	0.378881086892045	0.797557042097205
MPHOSPH10	0.0350440105921805	0.91031705317945	0.981166392886356
ZNF195	1.37289838223986	0.140824141473321	0.693601160209687
LIN7A	-1.85645292940752	0.0540277629719309	0.668228404907692
LAMA5	-0.0148621301535314	0.956363600739526	0.992368905556983
SPTLC2	-0.0819529505853254	0.78288867030918	0.948138971209346
RRP8	-0.0257397703717643	0.921046430760232	0.983825499517749
SIPA1L1	1.34495362056833	0.207340845149914	0.721839388373229
TIMM44	0.0599800302479885	0.823999913815057	0.95936634399561
GTPBP6	-0.0940362903846221	0.811469842255362	0.954265967002149
CCNT2	-0.299324446555019	0.552606117093787	0.870095957027351
PMPCB	0.119178779480713	0.61293005356585	0.894584342718687
MED6	-0.021786343975144	0.960685350052753	0.992368905556983
ERAL1	0.103568698219878	0.664041212455681	0.907830450748983
MICAL2	0.985712949687937	0.00581454828613206	0.37298608633293
ERLIN2	0.0985815352859873	0.844653542478636	0.967333612620925
SCAF4	-1.17886756754151	0.150307898658435	0.693601160209687
MFN2	0.167590267155116	0.558318295962995	0.870095957027351
VAPB	-1.72973366052614	0.0762967712135867	0.669028276623117
CPSF4	0.310159964967912	0.516242659670879	0.850722994193354
C3	0.304846193184858	0.593430509377832	0.888978810846891
KRAS	0.16968633796095	0.798701138909825	0.953080290060201
TGFB1	0.635690433013121	0.0540270825891201	0.668228404907692
COL1A1	0.00810438107889411	0.981614432684443	0.995735936695154
CENPB	0.286283561421282	0.363557167635298	0.794430406577175
TRIM27	0.376554777428986	0.213590673693009	0.727855229724882
HIVEP1	0.698770497412152	0.280967532153612	0.760444127698393
ATF7	-1.12750576241974	0.0518775297512469	0.668228404907692
SDC1	1.66183749719465	0.032333111801695	0.64911258953428
PYCR1	0.312924952577259	0.345189417999064	0.790415840856532
BRCA1	1.18646975479464	0.1355303341837	0.693601160209687
NR2C2	0.337383618746923	0.427718968786631	0.812670762478543
ZNF131	-0.0241208480330926	0.929540933213912	0.987123114917429
SUCLG1	0.04285790585757	0.909905619843947	0.981166392886356
BLM	0.69882203729048	0.0494556154544975	0.668228404907692
SEC61B	0.0297181088657865	0.928478020742805	0.987123114917429
TMEM258	0.151046643142543	0.528251708358242	0.858974781849206
DAD1	-0.0077283598952782	0.973861856441831	0.995376504854041
RBM6	0.810398033393934	0.044238801705506	0.665013352883304
ADARB1	0.275112900293635	0.286472480355911	0.761283269596332
MRPS35	-0.414988785519711	0.320205180941345	0.772011097410908
MRPS9	0.166124351360708	0.476240856453539	0.832755281228898
OGDH	0.00929621855006246	0.981335285854581	0.995735936695154
KMT2A	0.383580566146396	0.327016738302088	0.776396046556236
CEBPZ	0.261109049681728	0.364939556735809	0.794430406577175
CTDSPL2	-0.0433718579745666	0.860186179180995	0.968445792589059
COL16A1	0.240796924380472	0.666709006866756	0.909695106293864
SPOCK1	0.784594928476878	0.113132102662845	0.69066559364804
ASPH	0.427641961052554	0.237568191910436	0.731811948713344
DDX10	0.145846266046814	0.701120509649608	0.918247870755285
ORC1	-0.571739051456319	0.458613151896788	0.82601993587414
MED21	-0.826135573854504	0.477466712505962	0.832755281228898
KRR1	0.102314395560033	0.743957461600851	0.933288681002048
C1D	0.278282322680461	0.591361200416075	0.888978810846891
CDK13	0.213881998970813	0.694481073423888	0.916614397208973
NID2	0.570282174445712	0.21467042390874	0.727855229724882
URB2	0.45597811661338	0.10035190028175	0.669028276623117
MLEC	-0.147270923134048	0.631817663595743	0.900868040705589
SEMA3A	0.568886684222271	0.157615980078487	0.694040253432706
LBR	0.286815767494616	0.422617564711886	0.810226396370071
ATXN7L3	0.696834853703912	0.512020085355549	0.848176543132585
ZFHX3	1.06428290714743	0.141025562683548	0.693601160209687
RFX7	-0.621444672305124	0.426954845965483	0.812143726931275
POLR1F	0.827789479879989	0.199408893902178	0.7156356566209
GLYR1	0.389831947792139	0.268605221942758	0.753758272734607
TMEM41B	0.719699492647088	0.367776547476372	0.794430406577175
NOM1	0.108400620387457	0.700111650536344	0.917823650318806
MEST	0.194004887984274	0.555422130134593	0.870095957027351
AARS2	-0.300814321193918	0.324156899473644	0.772339378094587
ZC3H13	0.209298400321597	0.625977663167738	0.898599710865089
MPP7	-0.865676921198801	0.277818936735146	0.760444127698393
LRIF1	0.364176194556791	0.282661373228564	0.760444127698393
IBA57	0.325899732159186	0.369551887975695	0.794430406577175
ACBD5	0.394829497046615	0.285351071790396	0.760444127698393
PRR14L	-1.85314054858971	0.136921799500186	0.693601160209687
RSBN1	0.682866766659512	0.0168105848943431	0.556803003543998
THOC7	0.455507485205249	0.234926881141432	0.731811948713344
MIDEAS	-0.292535048921962	0.239368916323965	0.732526733781031
SMARCD3	0.59911258816436	0.0995239047284348	0.669028276623117
BCOR	0.245517716837892	0.413350699079431	0.809503345703562
IKBIP	-0.0548327665329502	0.799612639590337	0.953385858472243
CBLL1	0.236945731949824	0.685381789311674	0.913765912458948
NOL8	0.160490924204904	0.619657337507321	0.89622756159251
TRMT10C	-0.184013232947272	0.715404634132106	0.921245404113779
PHF5A	0.296077604841877	0.363436795616266	0.794430406577175
POGZ	0.405866851694157	0.102317865597532	0.669499726244426
CENPV	0.374552999132501	0.245265173333563	0.735221128494053
ZBTB33	1.03666044896487	0.0581506475128747	0.668228404907692
GPR180	0.0482745786716414	0.861481737021274	0.968445792589059
MGA	-0.796614330909495	0.291532146724954	0.763844760063907
ZZZ3	-0.00296505613874487	0.991892024557896	0.997713580821814
CCNQ	0.0597396578375964	0.850332321447607	0.968087344376161
CBR4	0.550892817831947	0.142317333003052	0.693601160209687
MMGT1	-0.690726842264556	0.125714938226932	0.693601160209687
CISD2	0.301901879564127	0.413954986776921	0.809503345703562
DDX51	0.197906884604663	0.394053501743701	0.801769003854762
C19orf47	1.49105516372698	0.100155862228589	0.669028276623117
RNF169	-0.169524951973493	0.860255709866117	0.968445792589059
RBM15B	0.213523225754955	0.418665011606061	0.809503345703562
PHC3	0.479111521984514	0.61729486442352	0.89554091896645
KDM2B	0.806066057594354	0.0168209349427827	0.556803003543998
SNIP1	-0.314257624694953	0.630765972990538	0.900868040705589
ZCCHC10	0.406846203784955	0.587625464818229	0.8887285486026
DDX54	0.345335801778429	0.261476789521264	0.751382092005028
SPRYD4	0.706986480139559	0.128484200983786	0.693601160209687
AHCTF1	0.181902438077415	0.575897218020691	0.882108223852992
DGCR8	0.0760539809617278	0.863402137854958	0.968445792589059
PXDN	0.012610350523012	0.960249395080754	0.992368905556983
P3H4	0.214689875400353	0.369168160055897	0.794430406577175
NCLN	-0.0196215172056853	0.964614328907503	0.992368905556983
CCDC47	-0.057171279488216	0.797371081498661	0.952084873431237
MRPL24	0.8765715716278	0.166879765077645	0.694040253432706
PYCR2	0.216034092546469	0.354271687671323	0.794110714364648
MRRF	-0.864364068928595	0.237734345461578	0.731811948713344
MARS2	0.0892495076377351	0.783686534721906	0.948138971209346
TMX3	-0.422636245347139	0.59629027224977	0.888978810846891
DNAJC1	-0.0757553845563059	0.804646281058303	0.953687880035384
EHMT2	0.402731402047035	0.197322968921812	0.713787623458385
B3GALT6	0.38532923084977	0.187181748578835	0.705683314611436
ATAD5	0.0382235175073582	0.959332277560758	0.992368905556983
PIGS	0.280601549430742	0.316933378050704	0.77045283196629
BARD1	0.350824939535883	0.241914269225394	0.734094804262758
BUD13	-0.0240886267580294	0.965554684652248	0.992368905556983
MRPL45	-0.329603306853215	0.24641102844711	0.736356692013154
GPATCH1	0.106100199078238	0.688388649837142	0.91514598281148
PRXL2A	-0.509560159083762	0.432537548084375	0.813126196670359
PCGF1	0.448650611044052	0.240136244531472	0.733007296503063
MMTAG2	0.00565094246766762	0.984788853957376	0.997254535653039
PHF20	0.737286253514807	0.198968617824515	0.715392783189268
FUNDC2	0.396854267863258	0.64868813837384	0.903082984446629
HDHD5	-0.533913978259783	0.0857880619090042	0.669028276623117
MRPL13	-0.224454694526834	0.463117424961166	0.828305035794541
SETD2	0.117309467007949	0.787355292531771	0.949872548954445
DNTTIP1	-0.307404531792734	0.26607999089305	0.753758272734607
ZNF106	0.832757337029108	0.0552353567641317	0.668228404907692
SMOC1	0.307213457684618	0.601225807951919	0.890361397044108
TFB2M	-0.302455658350205	0.283171312533319	0.760444127698393
CCDC134	0.188187680247491	0.60899152782423	0.893088907655773
RIOX1	0.305325225771245	0.294615065174983	0.763844760063907
SCAF1	-0.365069580557314	0.377692920711126	0.796899062825887
NT5DC2	0.0948151470452743	0.865483924453057	0.968445792589059
TMT1A	0.0963913944442254	0.818684105073638	0.955996904838615
BRD9	0.00339113976054151	0.990131016187561	0.997713580821814
WDR76	0.630511858932948	0.278268569612147	0.760444127698393
L2HGDH	0.533007617041623	0.368050411939585	0.794430406577175
CARS2	0.254785651304189	0.616169584120826	0.89554091896645
BRMS1	0.29861968290804	0.559096383539868	0.870095957027351
MRPS30	-0.247117261592511	0.366348371646711	0.794430406577175
UTP3	0.470632754043141	0.15019861449763	0.693601160209687
ASH1L	0.183920479854159	0.488049378559934	0.834370563962296
IARS2	0.293909269287141	0.544787662050763	0.864284306039704
DECR2	-0.000236904966108398	0.999497898167082	0.999758251878509
ABHD10	1.3123902976276	0.150460876680903	0.693601160209687
ZNHIT6	0.21158071858045	0.64084122422986	0.902207122243715
OXSM	0.202569174029009	0.892988785289534	0.976876342068481
CHCHD3	0.155766976282464	0.658066123255325	0.907025812383507
MCM9	-0.0172072793531157	0.979184678446202	0.995735936695154
ING3	0.0875564145883594	0.7950363655272	0.951882927937483
AATF	0.0476885529775508	0.871879540384239	0.971284431411511
FKBP11	0.309850404590879	0.232601309840174	0.731811948713344
FASTKD2	0.260069580612935	0.279311814083021	0.760444127698393
HACD3	-0.133754724923907	0.678835568410259	0.913526069811124
USP36	-0.399750819555855	0.325969371871409	0.775540513002608
CHD7	0.119309480122514	0.597260710688065	0.888978810846891
XPR1	1.44459514961599	0.0651894793219229	0.668228404907692
SEC63	0.0851785765988673	0.735202684002598	0.930615015877083
TCF20	0.450458410550592	0.166153488702523	0.694040253432706
NOL12	0.532136081421854	0.360638548565933	0.794430406577175
SALL4	0.223016066266418	0.755481271719607	0.93976290359679
SCML2	-0.489159595799354	0.11838204961025	0.69066559364804
ICE1	0.59359734881243	0.312260893962761	0.770102505847832
FNDC3A	0.217104039485413	0.662878844474936	0.907830450748983
MRPS17	-0.23281788994613	0.559092479080263	0.870095957027351
ACOT9	0.0118012722370899	0.971641640957121	0.994165707773872
MRPS2	0.0798768905859006	0.807026069479569	0.953687880035384
MRPS23	-0.104782023070669	0.641583362238226	0.902207122243715
RBM19	-0.130775492870736	0.709548645540208	0.919051873817947
ZNF451	0.860972737133174	0.376214611185525	0.794738994801308
TBL2	-0.128074803475691	0.619079091477972	0.896066231162989
PAXBP1	0.123044202905955	0.680762569992301	0.913526069811124
SRPRB	1.35732728577666	0.0168818048662351	0.556803003543998
ALG5	-0.26685310481724	0.513143424400655	0.848609280662583
DNMT3A	0.356672484290367	0.293425522359853	0.763844760063907
BDP1	0.033090210273631	0.941471923817673	0.990859820701164
NDUFS3	0.0530584572896267	0.807050284513454	0.953687880035384
SVIL	0.801079998202887	0.3223214458322	0.772339378094587
UQCRC2	-0.183966508900188	0.543317006638446	0.864284306039704
CLK2	0.647636968266116	0.0366999206969158	0.658540633066152
MRPS34	0.169560761744613	0.67630095218382	0.913526069811124
SRSF4	0.412727322455517	0.253443837320432	0.74178684093785
RBM45	0.183088083940675	0.484669698074277	0.834370563962296
MSL3	0.73457987116435	0.129614302092434	0.693601160209687
NCSTN	0.0292571685312524	0.948362141972932	0.992368905556983
NOL10	-0.0370145678501359	0.90125333557947	0.978686375276366
MAK16	0.11024914932586	0.696844455229151	0.916614397208973
MRPL1	0.110553856783365	0.801089264364592	0.953559446732806
FAM204A	-1.59461960818762	0.0342522532069146	0.64911258953428
SIRT7	0.0922962798212659	0.817986242485624	0.955996904838615
MRPL16	-0.120712885243584	0.685654779908595	0.913765912458948
SLC25A13	0.284699274423847	0.510158418456374	0.84813134348868
VDAC3	-0.36550881719506	0.395555969234436	0.801769003854762
DDX52	-0.0029688718963925	0.99450648852135	0.997713580821814
RRP7A	-0.197125859532658	0.462365317904831	0.828116987292235
VWA8	0.444785494772084	0.0805036537179788	0.669028276623117
NDUFS8	0.0830040421845482	0.792893077275641	0.951882927937483
AGRN	-0.596971894478319	0.185006682473668	0.705683314611436
NDUFAB1	0.462176275772379	0.194330553099797	0.713787623458385
ACOT8	0.532514432870517	0.142337154001941	0.693601160209687
UQCRQ	-0.11981260222365	0.735282801607049	0.930615015877083
NPC1	-0.410854333658143	0.445936426099628	0.820509598724946
GNPAT	0.443987288478692	0.172171141845669	0.698392748518766
TAPBP	-0.0280303974083047	0.959596362003863	0.992368905556983
GPAA1	0.402596616314572	0.153770678036617	0.694040253432706
NDUFS5	-0.389387250458348	0.399011042668942	0.801769003854762
OPA1	-0.313522769553302	0.534992330520934	0.861371299455088
ABCB7	0.312168344490679	0.316800738673297	0.77045283196629
NDUFS2	0.376779274375806	0.20686884645223	0.721431575619871
MPDU1	0.349642918101967	0.6176715620861	0.895717068886188
LRCH4	0.472023633897216	0.465989080050325	0.828912774020311
SURF6	0.527451868735149	0.454798811956347	0.823010102691975
CRTAP	-0.116095928966274	0.648010412498256	0.903082984446629
ATP5PD	0.233556097499836	0.359097886361589	0.794430406577175
PRSS23	0.164037883693865	0.641647825741559	0.902207122243715
LETM1	0.219436499087685	0.54032273878099	0.864284306039704
SGPL1	-0.164673673878767	0.56146108893432	0.872525528736458
CTDNEP1	0.416082316919574	0.420484573934827	0.810226396370071
TOMM40	-0.520057422357375	0.109342683165054	0.688321153039026
MT-CO2	0.0986698038098766	0.850353805359581	0.968087344376161
APP	0.154288785868456	0.63967036623797	0.902207122243715
COL5A2	-1.27268387076042	0.277738921280809	0.760444127698393
SERPINE2	-0.540017818293641	0.577014214373466	0.883466739710569
CYC1	0.0818919039421964	0.704889462581611	0.918410128955493
MET	-0.255280504513813	0.328691211964022	0.776396046556236
CFH	1.1103288471965	0.0963521321417798	0.669028276623117
COX4I1	-1.00192177150348	0.0735243144438287	0.669028276623117
BMP1	-0.191892259636809	0.755283067414122	0.93976290359679
COX7A2	-0.500879100130199	0.0563474382298657	0.668228404907692
CDH2	1.21981670798946	0.371506622163591	0.794430406577175
NDUFV2	0.0903307016261046	0.774034684639501	0.945565024959012
COL5A1	-0.376747590418312	0.759045711483106	0.941148056859905
MMUT	0.403643823070798	0.311819399938365	0.770023469944258
CPT2	-0.553386996562395	0.358859966586157	0.794430406577175
ATP5PB	0.0636086244032157	0.828043464094584	0.960050393153141
GRN	-1.22453351447933	0.0983936494308606	0.669028276623117
ATP5F1D	0.397811238198472	0.180860254336755	0.704876352547669
UQCRC1	0.0574876029348346	0.861159521830068	0.968445792589059
FBN1	-0.156992705725219	0.710210862838083	0.919051873817947
ATP5F1C	0.15151748729021	0.610406081878455	0.893088907655773
SREBF1	0.926491179347956	0.0578793218599726	0.668228404907692
GGCX	0.20488386724551	0.600260728289221	0.890305599316574
COL18A1	0.541271500704756	0.159851675028657	0.694040253432706
GPD2	-0.0744561828114385	0.853176535142206	0.968094373197333
STT3A	0.21020154700842	0.479849819843828	0.833151796199134
UQCRFS1	0.485460772542922	0.208277029129576	0.723131819039397
ATP5PO	-0.262336490169346	0.399434011268207	0.801769003854762
MRPL19	0.190248018278538	0.438093949047649	0.81505850985609
NDUFV1	0.374247593683297	0.222062971646024	0.727855229724882
BCAM	0.322597449055156	0.455348449388094	0.823581800686181
NDUFA8	-0.163610806758978	0.672169937903461	0.911416864953846
MRPL12	-0.193866863169227	0.644687811735656	0.902845075516017
HCCS	-0.489667950367554	0.247204908570036	0.737226735984889
SLC12A2	0.546255583953492	0.21921754045423	0.727855229724882
HADHB	0.251015115030768	0.360107788235085	0.794430406577175
ATP5MF	0.0580654478533269	0.864038356570883	0.968445792589059
ATP5ME	0.188468054051519	0.608349528804029	0.893088907655773
HSD17B7	-0.43989051606183	0.359151521139651	0.794430406577175
TGFB2	-0.792970144161096	0.231397097605449	0.731811948713344
TIMM10	-0.581291220751044	0.0881432162305631	0.669028276623117
VAMP2	1.17091270352216	0.207639027499889	0.72222270434744
MRPS22	0.270568250717776	0.294986904006577	0.763844760063907
MRPS25	0.119218189089789	0.651189024532194	0.904690974748055
LACTB	-0.166676155557894	0.663972033631947	0.907830450748983
CBX1	0.0183547890650928	0.955444216686821	0.992368905556983
HSPG2	0.254532612731374	0.398096439072136	0.801769003854762
TFAM	-0.275824758451492	0.295892770354274	0.763844760063907
SLC25A11	0.0697174455019542	0.852669123392637	0.968094373197333
LMNB2	0.387808182631868	0.118557857947788	0.69066559364804
STX4	1.11663365864773	0.330547117623613	0.776396046556236
BNIP1	1.09203862178016	0.0259705993360897	0.621312825036621
DNAJC3	0.334346405626434	0.648411099282904	0.903082984446629
MRPL49	-0.257307261415782	0.422327358571019	0.810226396370071
NNT	-0.265583357526229	0.649399235608695	0.903184739129804
ADAM9	-0.252782670265905	0.338874483626258	0.783266297074251
ADAM15	1.57240305664389	0.305957816067268	0.767332404690031
MTX1	0.58162447649179	0.0380763818096251	0.664623573632817
LAMB3	0.667543140493706	0.557116639560253	0.870095957027351
SQLE	0.215411768658129	0.72716944194602	0.926864948214582
MESD	0.518950111064086	0.681813988562157	0.913526069811124
SLMAP	0.0765738761440886	0.919216961130633	0.983777349705025
ARL6IP1	0.778316948338166	0.244542593729516	0.734094804262758
PON2	0.939257311633675	0.0356304397147792	0.64911258953428
DECR1	0.338884322365541	0.228898687239544	0.730039879717083
UGT8	0.0918502066469706	0.744328473175524	0.933340044193922
IMMT	-0.0456130411353541	0.878014984482995	0.972600120409319
LY6K	-0.176584523298786	0.848132080020665	0.968087344376161
ALG11	0.032234566501181	0.918493694262446	0.983277330908221
HSDL1	0.483584891312042	0.188818423254505	0.705683314611436
TIMM50	-2.08249738026005	0.0757292733431416	0.669028276623117
TMEM97	0.560732011152869	0.292301175921255	0.763844760063907
PIGG	0.262156720619558	0.374781230764814	0.794738994801308
MIA3	2.70767052716523	0.04514090090331	0.665013352883304
ODR4	0.266810898844685	0.513062517096067	0.848609280662583
MTARC1	-0.290008997363522	0.380044255235789	0.797557042097205
CDKAL1	-0.110073186882854	0.622544274774571	0.897361116792175
LPCAT4	0.857199172318403	0.0606072446130909	0.668228404907692
STEAP3	-1.41331381113853	0.00324286664282203	0.244620431445667
MCTP2	0.568724434345665	0.0860505425463065	0.669028276623117
DHRS7B	0.303125844612708	0.235029653497921	0.731811948713344
SLC25A24	0.315385897520962	0.694713164792455	0.916614397208973
RETSAT	0.92372005278315	0.0338890080875935	0.64911258953428
TMEM214	0.178461631686744	0.615706339017695	0.89554091896645
SLC27A4	0.277776761767029	0.263880602202565	0.752678386560297
TMEM205	0.103204386027851	0.910479100879736	0.981166392886356
LCLAT1	0.558307929919216	0.0705712528753696	0.668228404907692
ACAD11	0.647476122045493	0.0510610599279299	0.668228404907692
ERMP1	0.85838896100848	0.0106888964617917	0.458652951568405
MRPL21	0.0536301762825175	0.89899571388469	0.978389891157056
P4HA3	-0.486784722010064	0.410002845923286	0.809374323261834
GALNT7	0.136480059133973	0.696877248573664	0.916614397208973
ADGRG6	-0.495694437530883	0.143328779477537	0.693601160209687
DHDDS	0.577457585981648	0.17750543111392	0.700103721722211
GALNT10	-1.64399439262337	0.00602217118558376	0.37298608633293
GPAT4	0.312301171900621	0.281533335069859	0.760444127698393
LONP2	0.545776611183442	0.0567015366351499	0.668228404907692
TMEM126B	0.130678120338821	0.637197174642475	0.902207122243715
P3H2	-0.14267934819447	0.596215066906759	0.888978810846891
P3H3	0.307886581583183	0.363590107716341	0.794430406577175
FUNDC1	-0.160897006759981	0.709659449057561	0.919051873817947
ITPRIP	0.782881668503901	0.093320195083046	0.669028276623117
MICU2	0.360960872824137	0.157640692787359	0.694040253432706
GHDC	0.695747831515515	0.0696946141260455	0.668228404907692
ABHD12	0.409361058295538	0.434022257412576	0.81379173264858
PTGR3	-0.6241679188497	0.304195744825945	0.767332404690031
DHRSX	-0.873548032581414	0.015195431308481	0.548642254625119
XXYLT1	0.203163468392304	0.490490588886063	0.834945774014807
UBAC2	0.218055978339287	0.810025737105775	0.954140745547906
RDH13	-0.210924048420512	0.730152317457059	0.928490992899857
TTC13	0.336944139191466	0.32035233528006	0.772011097410908
UXS1	0.228408372497636	0.624311802361946	0.898103313829332
DIPK2A	-0.0867447771373477	0.758770374061587	0.941148056859905
VANGL1	1.99712820289719	0.185246131903567	0.705683314611436
DNAJB14	0.394808946941318	0.203495117708739	0.720203918895447
STT3B	-0.520428704389381	0.0350617045655421	0.64911258953428
NUP210	-0.0790702034376807	0.909568402213111	0.981166392886356
USP33	0.245064607399208	0.505178252562886	0.845332384151847
THEM6	0.20338408703703	0.473900172489788	0.830274816742798
NUDT8	-0.38462683244914	0.498613036135216	0.841003833400288
DCAKD	-0.386078969277353	0.507559403258828	0.846209112747326
TFB1M	-0.0531346007820837	0.845816545198224	0.96737075587662
FAR1	0.476042280924503	0.443068585080735	0.818327397525892
BRI3BP	0.280228753824812	0.373622550295868	0.794738994801308
CCT6B	6.69743805731899	7.81471544908472e-09	3.00085073244853e-05
UBXN4	0.28478939690299	0.380046031927901	0.797557042097205
PIGK	0.10406966699626	0.723700659605445	0.925621294019273
PIGT	-0.0963540951813968	0.757334445231974	0.940849003458681
FAM162A	-0.188427171053497	0.596088437522198	0.888978810846891
TTC17	0.163317603511842	0.763183946832723	0.943108113884522
FAF2	0.161126936029056	0.771649150648161	0.944575307137053
NUS1	-0.0673746913690856	0.837382484367697	0.964182530726224
DNAJA3	0.30227472704961	0.611067630508476	0.893088907655773
MMAB	0.735033116113932	0.215345900373866	0.727855229724882
ATP5MK	-0.28898179746459	0.416587774625514	0.809503345703562
SLC35E1	1.03832661756264	0.0815252507760355	0.669028276623117
MBOAT7	0.250711490427406	0.507725467648395	0.846209112747326
MIA2	-0.272864505804606	0.406722708938279	0.80672272847262
TMEM237	0.0855164882655473	0.739440511963689	0.9321902711558
FYTTD1	0.0025169604689097	0.99450884464949	0.997713580821814
H2AC1	0.979432188252886	0.187545539546617	0.705683314611436
VPS13A	-0.170610117727531	0.680127300105145	0.913526069811124
CYP2S1	-0.00775794257203444	0.985624527990334	0.997451969632727
CDK5RAP1	0.0443200779518449	0.895336045995664	0.977329674613758
YME1L1	0.375271144488487	0.162501424170688	0.694040253432706
PKMYT1	0.626874946878061	0.0854071966485688	0.669028276623117
RNF5	0.125366088735248	0.763360391055432	0.943108113884522
SEMA3C	0.701847525114516	0.529983000109017	0.858974781849206
ADPGK	-0.653408559634165	0.241566905748356	0.734094804262758
NDC1	0.927159751404076	0.0746899944099303	0.669028276623117
ISCA1	-0.291719356478531	0.214488166023905	0.727855229724882
DERL1	0.437109164296864	0.0978250722464937	0.669028276623117
ABHD6	0.644705938568055	0.0875594145165834	0.669028276623117
TMEM109	0.600715939903253	0.0850425349438441	0.669028276623117
NUP58	-0.31875681790364	0.283601919148397	0.760444127698393
PECR	0.557072885830898	0.0349965574137761	0.64911258953428
MRPL20	0.179720040490583	0.51243999480927	0.848176543132585
MRPL37	-0.00244898606872113	0.993589680190124	0.997713580821814
SLIRP	-0.0445989771575164	0.899405290568856	0.978389891157056
MAGT1	0.155322595990924	0.580640473307481	0.887258313476887
UNC93B1	0.12640186557628	0.775361957323287	0.945931512973054
MRPL46	0.160210738064681	0.575791020232744	0.882108223852992
TRABD	3.18652410239962	1.00077261126714e-05	0.00960741706816456
POMK	-0.842814250828713	0.0458552746234732	0.665013352883304
ACAD9	0.325932324182244	0.328039206748576	0.776396046556236
MRPL44	-0.0252128001217287	0.927508158866948	0.987123114917429
RDH14	-0.254744492046985	0.748781843570508	0.935850800050275
PREB	0.199583790634755	0.473158758047402	0.830274816742798
ABCB6	0.285006827128228	0.55464172047711	0.870095957027351
PNPLA8	0.0515448679108061	0.911310402045523	0.981262589302963
SARS2	-0.336124797425462	0.227362225391446	0.730039879717083
TOMM22	0.276999762629757	0.502966651384605	0.844508938048484
SACM1L	-0.209445683747695	0.679714255102735	0.913526069811124
UFSP2	-0.444150199603261	0.352963918584959	0.793103918679239
TMEM30A	-0.0164868345652458	0.969726772070013	0.993690562309852
ATAD3A	0.698060677132549	0.0832436028506869	0.669028276623117
MRPL22	-0.0986953553617695	0.794220074273671	0.951882927937483
SMPD4	0.282764238830477	0.59895631922614	0.889205050431785
TOR4A	0.644565820220894	0.56425979456278	0.873094815473872
QPCTL	0.0783224868796886	0.85478313863902	0.968094373197333
DNAJB12	0.275677680330411	0.612694595933839	0.894580702808344
UGGT2	0.207124887351284	0.569896373631588	0.876763651740904
MTCH1	0.220477575860826	0.437778110960419	0.81505850985609
NDUFAF4	-0.592093010472361	0.292335247257411	0.763844760063907
NDUFA13	0.430045175942592	0.222280093790125	0.727855229724882
CHPF2	-0.537892648311178	0.435791636161239	0.813982482370782
STX18	0.488049945082487	0.353052092213384	0.793103918679239
DPM3	-0.565588889507538	0.479706970987202	0.833151796199134
STOML2	-0.228692150360732	0.589021427066693	0.888844959100771
HIGD1A	-0.0987372308036356	0.796099135487531	0.951882927937483
HPSE	-0.664493164250988	0.538215596188353	0.864284306039704
PRELID1	0.148976134611594	0.781211492150606	0.947521203366496
YARS2	-0.216282663600424	0.620832435208392	0.89654172577279
MRPL11	0.0244922474365943	0.943555507977734	0.991042984309217
TIMM8B	-0.0133315062182184	0.96791276831222	0.992936285410086
TIMM13	-0.177680723484517	0.483982070203824	0.834370563962296
FADS3	2.54228299546867	0.00276117648326664	0.236115176355645
AUP1	0.418647478739484	0.0978807068981886	0.669028276623117
MTCH2	-0.446355594988418	0.203099292985506	0.720130457123122
CEPT1	0.172907415133654	0.620076364727532	0.89649594900366
COX11	-1.06091166991351	0.0142647277344008	0.537025044118618
LAMC3	-0.855907387966404	0.165660534038035	0.694040253432706
ADAM10	-0.290993348057157	0.5391275711157	0.864284306039704
ICAM1	0.344143142943775	0.290072838275126	0.763844760063907
FECH	0.298806604054175	0.654121767374274	0.905619535984053
CTNNA2	-0.137105672675023	0.762058408066193	0.94275266977261
KRT2	-0.259538308664894	0.540875882127993	0.864284306039704
COL15A1	0.433360457289218	0.365379105529932	0.794430406577175
HARS2	0.208877284301344	0.56334302129457	0.873094815473872
EHHADH	0.275293200003738	0.232166137517827	0.731811948713344
ENDOG	0.121749961197267	0.586333578720867	0.888173941731018
NFE2L1	0.136175409863014	0.849189215968517	0.968087344376161
PDIA5	0.0792199220906795	0.802364390197306	0.953687880035384
ACSF3	0.797882910385919	0.477328853873612	0.832755281228898
RARS2	0.316898157565657	0.435110740654972	0.813982482370782
ATAD3B	-1.28164273928522	0.00289210535412134	0.241427925213608
REEP3	0.872893028306532	0.11916639908444	0.69066559364804
GOLM2	0.186464095432726	0.570810541745923	0.87711583845712
MRPL10	0.358167989219922	0.701628780596898	0.918265851752692
PIP4P1	0.336118110836733	0.319391391663282	0.772011097410908
KIAA2013	0.456844146262551	0.332906183154747	0.777591084741015
MCU	0.346845640341321	0.305168160162766	0.767332404690031
MAIP1	-0.118427623689104	0.664087431290076	0.907830450748983
RTN4IP1	-0.184367726638818	0.694201182487043	0.916614397208973
MRPS27	-0.233637389558851	0.453414559622523	0.823010102691975
RAB8B	0.781432388866037	0.125030092749972	0.693601160209687
PGAM5	-0.000758215596651013	0.997458500986939	0.998758968393702
MICU1	0.168190326615345	0.893180426302718	0.976876342068481
NDUFAF3	-0.914302124975215	0.233250755806636	0.731811948713344
TMEM126A	0.464870302605107	0.29723654071067	0.764493179054904
XYLT2	0.544120532894119	0.0955258255445884	0.669028276623117
OTULINL	0.781294728155423	0.447228790410712	0.821112209222076
RAB20	-1.56770223653918	0.167364915280908	0.694040253432706
SETD1B	-0.656428115152625	0.285547502246953	0.760444127698393
PTRH2	0.416757146338842	0.292707738063682	0.763844760063907
SLC12A7	0.257559092874949	0.375790707488912	0.794738994801308
NFS1	0.769092955023545	0.0172773771227944	0.556803003543998
NBAS	0.270401624055854	0.417019811478696	0.809503345703562
TMEM131L	2.00015904286203	0.185962108198704	0.705683314611436
METTL15	0.442214031812441	0.163611693416307	0.694040253432706
WWP2	-0.940745849101305	0.0929102593352518	0.669028276623117
AGPAT2	1.88010955840857	0.0990895281110046	0.669028276623117
MRPL3	0.0534004502837284	0.884971691422501	0.975596774684474
GJA1	0.0884384334920867	0.812419451682833	0.954325694237405
FDXR	0.0327062030609184	0.916689460554843	0.982735051673858
EPHA2	1.09175911962318	0.0870364447454545	0.669028276623117
SOAT1	0.59556870361882	0.128784619757804	0.693601160209687
PNPLA4	0.331899869783467	0.230961786516576	0.731811948713344
NES	0.45673555260916	0.249120614505334	0.738285519895942
BRPF1	0.605649547432193	0.255821624892286	0.744518854588065
NDUFA6	0.377490917279204	0.2160301695277	0.727855229724882
UBE2G2	-0.176576309445252	0.55451131241701	0.870095957027351
CNTNAP1	0.380707270763516	0.402128792649431	0.803490758235587
MRPS5	1.27529168919116	0.00774748539886866	0.402031674752103
MRPS15	-0.614649939467988	0.19532097820131	0.713787623458385
MRPS21	1.17279143149747	0.236635691754608	0.731811948713344
PDE3B	-0.62910516482696	0.287319702933946	0.762479377516483
PEX6	0.0706880728053108	0.881591122514106	0.974470325404193
SPCS2	0.665000222388848	0.0987165435018389	0.669028276623117
MTX3	0.598948545439811	0.541669816497694	0.864284306039704
EARS2	0.520370323811626	0.0790792663584496	0.669028276623117
MRPL2	0.175622529751298	0.541221164899832	0.864284306039704
GOLGA7	-0.0927403846718882	0.817985736139722	0.955996904838615
ADCK1	-0.122940331051602	0.68139243467917	0.913526069811124
PNPLA6	0.0568454145181008	0.802446511575822	0.953687880035384
UBE2J2	0.159646056146098	0.602358661268243	0.890391588461668
JAGN1	0.799492531227976	0.0270777678910791	0.621312825036621
LEMD2	0.168114931736255	0.566431250024872	0.874586248530562
COQ8A	0.357154835891876	0.240135201734207	0.733007296503063
GADD45GIP1	-0.390755817439175	0.457546045366481	0.825349712395511
LPGAT1	0.602239126121788	0.0641441550603076	0.668228404907692
MRPS31	0.17623288572544	0.597295580233801	0.888978810846891
TAMM41	0.330089108207321	0.300911723385335	0.767332404690031
FOXRED1	0.557733002446003	0.0941705074105474	0.669028276623117
MRPL38	-0.458325192997449	0.0804471479484941	0.669028276623117
MRPL48	0.0781186793815216	0.78995263445534	0.950914770002666
NARS2	0.947084456352229	0.121767994380265	0.690678136514353
PKP2	1.39568385194516	0.0340997029307775	0.64911258953428
MGME1	0.110165514632957	0.662242736351772	0.907830450748983
UQCC2	-0.00542509205434172	0.986131713228908	0.997451969632727
RAB11FIP5	0.0451723366283012	0.88827441082209	0.976555293627211
MRPL9	0.0562920191071115	0.854693220357156	0.968094373197333
MRPL4	-0.00226156998353488	0.994858523742869	0.997713580821814
ZDHHC5	0.328471473008353	0.345188793620456	0.790415840856532
GHITM	0.490837949559641	0.170439992623486	0.696712028172973
OSGEPL1	-0.00808196546373807	0.979209919310518	0.995735936695154
RHOF	0.193536803492105	0.503382676120286	0.844838057824255
XPNPEP3	2.12502294204332	0.00660914606718002	0.396548764030801
DDX28	0.396356422271356	0.184097133278238	0.705683314611436
UQCC1	0.306824878471144	0.495521484725935	0.83968242083009
CLN6	0.131590675877369	0.727733806996605	0.926864948214582
OCIAD1	0.165430705678858	0.658004728327868	0.907025812383507
ELOVL5	-0.000817349709464565	0.997919925936178	0.998960509800553
CISD1	-0.397338332071044	0.229889692793873	0.731597195198509
MRPL15	0.299402715592318	0.666523376158874	0.909695106293864
MRPL27	-2.48652303709897	0.0740029896147219	0.669028276623117
AFG3L2	0.04717469564563	0.866305025401932	0.968445792589059
TIMM22	0.176580786643001	0.474084895317283	0.830274816742798
PEX16	0.820639117685339	0.106942801977078	0.681028788709752
NDUFA10	1.09728822609312	0.127487731484021	0.693601160209687
JUNB	-0.462998882544614	0.128471491156299	0.693601160209687
ATF6	-1.88713453520286	0.0174887497306515	0.556803003543998
TOMM20	0.634613157980255	0.47300656690066	0.830274816742798
IGFBP7	-0.515951782047594	0.0989791570024848	0.669028276623117
AGK	0.365195924896778	0.162553215938614	0.694040253432706
EMC4	0.596375525830609	0.0481459609531329	0.668228404907692
ASPHD1	0.401807773498398	0.393208570134282	0.801769003854762
CXXC1	0.889301599692363	0.136989352391291	0.693601160209687
TIMM9	-1.13962658061153	0.0838286571651459	0.669028276623117
PXMP4	0.625218612117848	0.0953619411338167	0.669028276623117
C1orf226	1.67157806285632	0.0144381126962485	0.538275269452373
GET1	1.33553534529076	0.150045832218178	0.693601160209687
POLRMT	0.249836204695686	0.317630136180958	0.77045283196629
NME4	1.14025469759541	0.279033415531046	0.760444127698393
BCKDK	0.0523579400696086	0.897165575979543	0.97796597110331
TIMM23	0.29576011052032	0.693471753245723	0.916614397208973
PRORP	0.522035885403149	0.190797262385285	0.708858984057128
ABCC5	0.68373789149004	0.0451350634875991	0.665013352883304
EMC8	1.22582376808563	0.0376413288501693	0.664623573632817
NDUFB5	-0.166546532235202	0.545129320111501	0.864284306039704
NDUFB3	0.216390078156152	0.681729029881528	0.913526069811124
SLC25A17	-0.117446789307508	0.680969927575747	0.913526069811124
SCO2	0.334634408744659	0.316865084081338	0.77045283196629
MAN1A2	0.8636023715463	0.118673640477033	0.69066559364804
TPST1	-0.258918160805216	0.55636630738969	0.870095957027351
PTCD1	-0.105369201482155	0.768365323683004	0.94324868537397
NDUFS7	0.329451389684706	0.217495882583516	0.727855229724882
NDUFS6	0.368029709029472	0.46665156989675	0.828912774020311
PEX14	0.57809825267254	0.0716318755909164	0.669028276623117
NME6	0.132249116137935	0.695470183614684	0.916614397208973
MTX2	0.0393574841427444	0.87436456482016	0.971700990960836
SCO1	0.413455314845002	0.423569298707794	0.810820591743733
WFS1	1.64262614884344	0.0102823051992872	0.458652951568405
GLCE	0.06250660044741	0.818821307295366	0.955996904838615
NDUFB6	-0.163226212202474	0.685273108379879	0.913765912458948
ZFPL1	0.433372750489653	0.381780236101891	0.797625738101884
NDUFB4	0.414560511681074	0.295125912271466	0.763844760063907
NDUFB8	0.113878960363074	0.753304232643263	0.937966359711455
NDUFA7	-0.719653004194029	0.257715077753587	0.746887470621718
NDUFC2	0.380277617891686	0.321056086949342	0.772011097410908
PIGN	0.807617365976416	0.0414116936599743	0.665013352883304
CDS2	0.284169798060336	0.70678722442536	0.918439084135689
ABHD16A	1.45116573788864	0.0589152782979984	0.668228404907692
TRUB2	0.367768767880222	0.275313904041265	0.760444127698393
NDUFB10	0.0316914521673155	0.921186624252876	0.983825499517749
PEX11B	0.216576355264856	0.62203275983853	0.897273112969891
MT-ND3	0.30474011287135	0.488479173524574	0.834370563962296
MT-ND4	-0.010681355218626	0.98890105519518	0.997713580821814
MT-ND5	0.505900953350185	0.22513171846535	0.730039879717083
UQCRH	-0.496239442499586	0.300289364922732	0.767332404690031
SRGN	-0.022617038016719	0.948938236526339	0.992368905556983
DBT	0.428991581241934	0.189196856757804	0.705683314611436
SLC25A4	0.191922891095487	0.459832325469883	0.826769618448503
BCKDHA	-0.0143300900138215	0.949285168695271	0.992368905556983
ALAS1	-0.801507540351746	0.147961370635484	0.693601160209687
TMEM11	0.32122901794579	0.227709592304151	0.730039879717083
NDUFB7	0.147755510608604	0.86612952374616	0.968445792589059
ATP5PF	-0.500362055868933	0.45058788380532	0.822579804075298
BCKDHB	0.121049246955284	0.64768620031957	0.903082984446629
JAK1	0.391523650050786	0.310205375030892	0.768508800076531
CRAT	0.691852645357333	0.174132339803846	0.700103721722211
MTIF2	0.226602274146074	0.328138869997797	0.776396046556236
PTDSS1	0.459678253492442	0.0982523630982275	0.669028276623117
DGKE	0.198691094219352	0.585856694220192	0.888173941731018
SLC25A1	-0.210511496273277	0.550369425490791	0.86829030151382
POLG	0.203039082225605	0.425583852936251	0.812143726931275
PEX3	0.541682264826079	0.108087465980387	0.683782321852863
YBEY	0.765820706492338	0.206902970112324	0.721431575619871
ROMO1	0.132910940710822	0.72400290225924	0.925621294019273
SELENOT	-0.950588726444007	0.219776710989044	0.727855229724882
MRPS10	0.185526156484734	0.770487772412777	0.943755357596512
MRPS11	-0.131115027622361	0.695278255044906	0.916614397208973
HTD2	0.295417932622748	0.385951012315832	0.79958988696998
DHODH	0.150222696009401	0.589554195528558	0.888844959100771
MGAT5	-0.58805044918865	0.259693363598498	0.749628677026933
MRPL28	0.167655249592944	0.745259666763862	0.933702159991266
PPIG	-0.526158731506072	0.316684468803895	0.77045283196629
TUSC3	0.50298723070852	0.172967076884383	0.699151131827402
STIM1	0.251169559238136	0.804086419784995	0.953687880035384
AUH	0.0200813849453922	0.932921337977274	0.989344915170597
MRPL58	-0.404641825940672	0.204192906002904	0.721343844573277
GALNT3	-0.217823907614225	0.70958162815391	0.919051873817947
ITPR2	-0.446632104567907	0.488764505213799	0.834370563962296
ITPR3	-0.137055385944073	0.791225627343818	0.95105160407951
MBTPS1	0.358980521380605	0.499440319573486	0.841531736359012
SLC75A1	-0.0924631306375048	0.865402375139116	0.968445792589059
FASTKD3	-0.665358011808785	0.206207031344427	0.721431575619871
EMC2	-0.0324606227758615	0.888367354331385	0.976555293627211
OXA1L	0.250287344712241	0.428459746847448	0.812670762478543
PDK1	0.393953991897153	0.106495978711728	0.680440196760459
PDK2	1.01065606062165	0.0338270462486981	0.64911258953428
MTFR1	-0.783859658933814	0.226261988805345	0.730039879717083
TRAM1	-0.195288950838506	0.713486844910907	0.920350166303094
MRPL23	-0.180340850957343	0.596797514624269	0.888978810846891
CYP1B1	0.121504319660165	0.71382572919513	0.920350166303094
DPY19L1	-0.243280389934114	0.707613784685337	0.918916784981973
GRAMD1B	-0.382525166607277	0.422765676957281	0.810226396370071
FNDC3B	0.124341866065357	0.685947200563169	0.913765912458948
MPV17L2	0.0105750903825452	0.975591066354556	0.995735936695154
OCIAD2	1.32577763528337	0.048820683191362	0.668228404907692
ALG10	1.92799621277783	0.0567365392140461	0.668228404907692
COX20	0.335620985357512	0.395414698872939	0.801769003854762
EMC10	0.447410788175397	0.369113948816515	0.794430406577175
GLT8D1	-0.623397311955106	0.195019676960042	0.713787623458385
SCARA3	0.818317123973003	0.0573096647440157	0.668228404907692
MRM1	-0.45614656534589	0.521548054232962	0.853574240158557
LRRC8E	-0.383479315636372	0.436737674335106	0.814508338730844
RHBDD2	0.283482273112512	0.559664969921491	0.870095957027351
TAPT1	1.50876111602231	0.0025264522013779	0.228806888412771
LPCAT3	0.540711183786605	0.110453677283876	0.69066559364804
LETMD1	0.707011106247037	0.128399538160714	0.693601160209687
SFXN4	-0.281199972472429	0.539678061694908	0.864284306039704
SLC30A9	0.832897418441618	0.217318611887482	0.727855229724882
UQCC3	0.624631072384577	0.0541500800478172	0.668228404907692
APOOL	-0.109874517457897	0.695744225225546	0.916614397208973
HACD2	1.75039001466858	0.0889424871083088	0.669028276623117
DPY19L3	-0.60342814346717	0.47751587392877	0.832755281228898
TMTC3	0.276381090480271	0.342057464681332	0.787470422287958
COX15	0.898029058140217	0.0600858267968155	0.668228404907692
LRRC8D	0.0729263810071146	0.849315841224156	0.968087344376161
ARMCX2	0.659381513705554	0.284137867896927	0.760444127698393
NDUFAF7	0.740432163817374	0.137254545445575	0.693601160209687
PLEKHH3	0.116982109896874	0.830194433927985	0.960514198940482
COMTD1	0.681119508863215	0.0974486070540058	0.669028276623117
NDUFA11	0.744356935056413	0.198354281206791	0.713852333490231
MCAT	0.213640096807556	0.378595801954301	0.797481009053492
LRRC8A	0.132722218650244	0.72223776538332	0.924772597223058
RHOT2	1.6402753825849	0.00429873104081862	0.297569655221115
RHOT1	0.435118818475324	0.339886250333073	0.784588915739422
DSEL	-0.204438891408603	0.705513067064446	0.918410128955493
CLYBL	0.818098296448987	0.0817390642267093	0.669028276623117
PUSL1	-0.172734751120807	0.570609311322772	0.87711583845712
TCAIM	-0.211193529216416	0.505128912822103	0.845332384151847
GTPBP8	0.401952981136201	0.158014535882501	0.694040253432706
GUF1	-0.0526257719504599	0.927167495686309	0.987123114917429
MACO1	0.330353559663195	0.295277115408547	0.763844760063907
PARP16	0.242391851935508	0.402163863887708	0.803490758235587
KRTCAP2	0.577634207060569	0.0954885982028532	0.669028276623117
POMGNT2	0.888251795809499	0.17951294073794	0.704876352547669
ATAD1	0.099212122236402	0.771385344981828	0.944553483651218
NOA1	0.214609103023086	0.669855418381042	0.910827049984523
SLC30A7	0.162412437486346	0.826804406848803	0.959728190529127
SLC30A5	0.0802885864610943	0.78489055953752	0.948490672591589
GDAP1	0.497359061193254	0.103471134638792	0.669499726244426
SLC25A40	0.703072492343225	0.0596223094169013	0.668228404907692
LRRC8C	-0.0300564299961863	0.931884456363082	0.989064762972425
PIGO	0.481732363055528	0.125340503119024	0.693601160209687
PTPMT1	0.74471756318361	0.131730817424053	0.693601160209687
NAT14	0.935851386226638	0.0118223022787888	0.498875173082958
PTCD2	0.276010241746807	0.352942390039373	0.793103918679239
UQCC5	-1.38840592264798	0.0897701914441651	0.669028276623117
STON2	1.48139411720847	0.138074550928822	0.693601160209687
POMGNT1	0.361522672338701	0.320395105643198	0.772011097410908
SLC39A7	0.244734041016457	0.76669812190063	0.943108113884522
HSD17B8	0.34283668719506	0.456356529069082	0.82388766884122
PIEZO1	-0.148097335864009	0.795092413943073	0.951882927937483
TMEM131	0.19109922350469	0.632415105326012	0.900868040705589
ALG3	0.385464374677873	0.157562687220703	0.694040253432706
HTRA1	-1.05586436327561	0.201730605959394	0.718595108426785
EXT2	1.2807284491615	0.243775739092846	0.734094804262758
MTARC2	0.275678863250096	0.595503337294577	0.888978810846891
PBXIP1	0.292392803046436	0.336740614257467	0.780847801176734
MCUR1	0.587278669182936	0.0510439203392031	0.668228404907692
CCDC127	1.13021282644098	0.0938001119935583	0.669028276623117
S100PBP	0.0847710048457593	0.796346685793128	0.951882927937483
NSUN4	0.2801273553602	0.277393790783368	0.760444127698393
RPUSD4	0.310807317213634	0.406064992912874	0.805834404540277
COQ8B	0.296966151634457	0.580763998630412	0.887258313476887
DNAJC19	-0.899945065722349	0.0672537549640834	0.668228404907692
MTERF3	-0.268377987606861	0.653318913214641	0.905619535984053
MALSU1	0.630395710422114	0.320602976891868	0.772011097410908
MRPL53	0.107260907898123	0.701945764151828	0.918265851752692
DMAC1	0.0769174835566879	0.847373009841177	0.968079734170583
MYO19	0.793081497749284	0.113657615250423	0.69066559364804
PRR11	0.49291397037312	0.382344630899434	0.798370518028183
OXNAD1	-0.271858696300626	0.460409324173861	0.826769618448503
RCC1L	0.128469124411883	0.690615584034538	0.916366220695448
DNAJC30	0.684694224222017	0.085694482553988	0.669028276623117
MIMS1	0.328788385471263	0.15572491795902	0.694040253432706
TEFM	0.428429502652236	0.381480545233642	0.797625738101884
TWNK	-0.165142679875064	0.609499764033927	0.893088907655773
TMEM209	-0.741221573598573	0.515012215405362	0.849869749530121
IMMP2L	0.131318699418433	0.721761145373326	0.924470579797722
RMDN3	0.341161467364696	0.175374732648397	0.700103721722211
MTERF1	-0.269526323849085	0.623260787619941	0.897737456666999
PKP4	0.437361248992644	0.149302848849249	0.693601160209687
TIMM17A	0.63431486992306	0.235066552480289	0.731811948713344
AGPAT1	1.08656594317278	0.26891896709542	0.753758272734607
ECSIT	-0.119246368987142	0.783943029580644	0.948138971209346
VKORC1	-0.354896807763701	0.396098421310856	0.801769003854762
GORASP1	0.371718838490892	0.428947931845896	0.812670762478543
PGAP4	0.419227318701392	0.374054312940758	0.794738994801308
TIMM29	0.476514202926491	0.301697539075958	0.767332404690031
MTG1	-0.477840672950322	0.170921389016783	0.697490046572205
APOO	-0.214272303172759	0.584291096351479	0.888173941731018
RAB5IF	-0.0273818855791745	0.95428303319929	0.992368905556983
MECR	0.856454788261303	0.370903355671072	0.794430406577175
EMC6	-0.173631482698312	0.511559545136708	0.848176543132585
PTDSS2	-2.50924336340108	8.74770245069621e-06	0.00960741706816456
ALG8	0.263462251305452	0.534547141121209	0.861371299455088
TRMT61B	2.17543130573887	0.000988828495640056	0.172595519238992
TIMM21	0.236718181206633	0.48917809388092	0.834370563962296
ELOVL1	-0.367119483817849	0.64499414882853	0.902869065878176
HIGD2A	-0.504994230171999	0.426774541874328	0.812143726931275
LTAP1	0.657406602153735	0.298893398207583	0.766700500412238
SFXN3	0.63130840949006	0.182306220998424	0.704990824404783
SEC11C	-0.0691768566954742	0.833001714969768	0.962602041975296
FUT8	-0.259088729172511	0.653405874012007	0.905619535984053
COA1	0.858395853329398	0.375901920896331	0.794738994801308
MRPL18	-0.847744147024304	0.0464594678466801	0.665013352883304
OSBPL5	0.672778198152791	0.0569586840768762	0.668228404907692
GLT8D2	0.120174973007085	0.67988269899148	0.913526069811124
ARV1	0.763078083157129	0.125324585719888	0.693601160209687
TMEM245	0.397543753400477	0.313105378664096	0.770102505847832
MTG2	0.618551721343973	0.186686218264307	0.705683314611436
NSUN3	-0.0800825624870498	0.944944669819169	0.991333853886215
ALG9	0.697245704410264	0.0496457073951008	0.668228404907692
METTL17	-0.25675810760837	0.595948032672794	0.888978810846891
METTL8	0.277759714576614	0.665537339316151	0.90916520205408
COQ10B	-0.482640278706466	0.163481632635192	0.694040253432706
RSAD1	-0.257820467245736	0.610719089091011	0.893088907655773
PDF	0.31535933301187	0.237838883331837	0.731811948713344
PLGRKT	0.93858510406216	0.193989223663329	0.713787623458385
SLC25A19	0.170086751213667	0.625825094903622	0.898599710865089
MRM3	-0.351873479156485	0.48327376245658	0.834370563962296
GPAM	0.678119857358915	0.102816144256091	0.669499726244426
ATP13A1	0.169008935477468	0.45350341277035	0.823010102691975
JPH1	-0.172864095144071	0.485489973682966	0.834370563962296
EMC7	-0.334237486192791	0.281066833238509	0.760444127698393
NGRN	0.212033449227857	0.782004627313985	0.94792902711867
TIMMDC1	-0.0945331716237447	0.785924379873794	0.949040760602317
PXMP2	0.605391647011416	0.141405910079576	0.693601160209687
ABCB10	0.583918204908628	0.0704872544361924	0.668228404907692
OSTC	0.188004357300816	0.405466080586559	0.80517838165559
TREX1	-0.237675546955195	0.469935239786575	0.829200052855712
AGPAT5	-0.0185161904649043	0.952699748175918	0.992368905556983
EXD2	0.417039604195107	0.307968006397131	0.767332404690031
DNAJC11	-0.137839738212431	0.692713735661913	0.916614397208973
MTPAP	-0.13781281145495	0.627575799452142	0.899548738296463
TMEM160	0.0713901668489854	0.854597878630755	0.968094373197333
MARCHF5	0.155294249282406	0.630863013527864	0.900868040705589
BET1L	-1.64724600069829	0.0204184254229477	0.585125027045664
EMC3	-0.0217935296834071	0.926294271198458	0.986676838114307
STIM2	-0.0407992720425341	0.958638050237211	0.992368905556983
B4GALT7	-0.0406368861647195	0.950970952470038	0.992368905556983
SLC25A10	0.298689477678455	0.306923472746202	0.767332404690031
UQCR10	2.41852045470802	0.000226159543498425	0.0789502406394502
WARS2	0.729533674365243	0.0454950210430022	0.665013352883304
SUN2	0.0551940324805784	0.939223187836662	0.990541531842519
POLG2	0.201778690469943	0.538388710109663	0.864284306039704
CEMIP2	0.71334774473652	0.353592163744494	0.793103918679239
CYB5R1	-0.130166777544421	0.694733954838995	0.916614397208973
NDUFA12	-0.16623261292176	0.798033726548293	0.952579891186026
CCNL1	-0.319057628477765	0.421128432615455	0.810226396370071
ERG28	0.691008515849692	0.202762848874644	0.720130457123122
CCPG1	-0.56799339459819	0.69988304397062	0.917823650318806
KIDINS220	0.225427992178687	0.366103086728261	0.794430406577175
SPG7	-0.732578562152785	0.375197943345969	0.794738994801308
RXYLT1	-1.23252164679618	0.00688695630976478	0.399195643174278
UST	-0.163323917410242	0.696302239148174	0.916614397208973
EXOG	0.241365994642731	0.441880657065326	0.818157937057195
MTO1	0.330987394213487	0.350737503831688	0.793103918679239
TMX2	0.00420743289123493	0.987654059559183	0.997713580821814
NDUFAF1	0.19725435897691	0.634954477697731	0.902044097062259
MRPS16	0.536825542054487	0.0462913203300552	0.665013352883304
PAM16	-0.699519041242318	0.228145901019332	0.730039879717083
SAMM50	-0.0454529073481211	0.903886257077414	0.979730919533913
DNAJC15	-0.047637866152936	0.899208763435661	0.978389891157056
SPCS1	0.0572002787206252	0.825717146440396	0.95936634399561
MRPL42	0.676458614668817	0.277966314562099	0.760444127698393
NDUFB9	1.12655679299307	0.0396640165503952	0.664623573632817
SQOR	0.835353906540156	0.0595881433830343	0.668228404907692
NKTR	0.278643965042484	0.543454450453996	0.864284306039704
ZNF326	0.319305514397648	0.390520098674221	0.801572208975318
TMEM201	0.345615867417486	0.695434547901489	0.916614397208973
CREB3L2	0.343165204140071	0.487915563560294	0.834370563962296
CHSY1	-0.269640852581794	0.656880550250808	0.907025812383507
NHP2	0.10805799647278	0.731398470355362	0.928998690898254
RBMX2	0.252258227704765	0.330386168812703	0.776396046556236
CBX4	0.0281817328520901	0.912559592543597	0.981497232739676
RGPD8	-0.80308418797425	0.0402054713604855	0.665013352883304
UTP20	0.084866429914392	0.844303375774068	0.967221051006092
MYC	0.197379904372458	0.552466871943983	0.870095957027351
AHDC1	0.505440194125629	0.257693890757584	0.746887470621718
DHRS13	0.282051665133249	0.648353790128409	0.903082984446629
NKAPD1	0.410658696335322	0.447027430275973	0.821112209222076
RPS19BP1	-0.152811243038862	0.615489981240835	0.89554091896645
PHIP	0.31523946668246	0.352637639833472	0.793103918679239
POM121	0.525085227460941	0.486456326439481	0.834370563962296
SAP130	0.0872830663449022	0.778247986581794	0.946987841085863
MIMS2	-0.506539415089055	0.39691823636539	0.801769003854762
POM121C	1.12069525569966	0.0184720441008659	0.561274493823085
PHF20L1	0.693595652810288	0.316734631992314	0.77045283196629
SAP18	-0.721932980113984	0.0601242261009767	0.668228404907692
CDK2AP1	-0.0897100431147706	0.857772867815232	0.968445792589059
CHD2	0.383196822944456	0.366434653022617	0.794430406577175
ITGB1BP1	-0.192360471120743	0.571120010387707	0.877240335955518
KDM6B	-0.651888755627027	0.0397725570144072	0.664623573632817
WDR46	0.476809012184699	0.112238201243569	0.69066559364804
PPM1D	1.18229735772568	0.259918100743726	0.749628677026933
BIRC5	0.255661863634568	0.477949732414933	0.832755281228898
TNRC18	0.0799238154282982	0.7658364917803	0.943108113884522
NUP42	-0.155032823400859	0.849502478886516	0.968087344376161
CLOCK	-0.888357400087489	0.388003558203694	0.800179196295481
KDM6A	0.386659020476067	0.650360763045894	0.903867292832512
SUV39H1	0.461152201718665	0.421879743824728	0.810226396370071
SIPA1L3	1.2105765271852	0.124273625779566	0.693601160209687
ZEB2	-0.728804046882324	0.0852357145062087	0.669028276623117
MCM3AP	0.860842201072288	0.0830998475940684	0.669028276623117
MAFK	0.0294200972606724	0.920767775756402	0.983825499517749
PHF2	0.232698581307393	0.394591180012368	0.801769003854762
SIN3B	0.1725057143165	0.663931864009731	0.907830450748983
E2F6	0.637828497653466	0.347729764836985	0.791512920553658
TADA2A	0.562610164985344	0.0728842906030592	0.669028276623117
WBP4	-0.673778088086561	0.120225903061068	0.69066559364804
DEDD	1.31929258759045	0.232759373458782	0.731811948713344
NFAT5	-0.526045673851318	0.351351677209107	0.793103918679239
NSA2	1.03612123590199	0.123834871354817	0.692188141865802
BRD1	2.37042349434854	0.0354629988625418	0.64911258953428
FOS	-1.34210111786383	0.0354901378092777	0.64911258953428
FN1	1.57237087252061	0.0897835400991376	0.669028276623117
TFAP2A	0.21114180324313	0.547528176377146	0.865585919015332
H1-0	1.16259498313319	0.0671570492698358	0.668228404907692
TFPT	0.500099647870179	0.135287186633461	0.693601160209687
CKMT1A	0.658772336641526	0.0509263077131916	0.668228404907692
TAF1	-0.500356919685835	0.09667305427451	0.669028276623117
NR2F2	-1.01094497156636	0.20078635800866	0.716541884769178
ARID4A	0.0765389826157019	0.882879654890869	0.974780188573181
KDM5A	0.643055088597229	0.301396221076231	0.767332404690031
HOXA13	-0.889556930413089	0.0878456078694794	0.669028276623117
ETV6	0.0438668337690729	0.941100045803315	0.990859820701164
MLLT3	0.596320296543418	0.142130523097754	0.693601160209687
CLK1	0.90003062699115	0.02663129434503	0.621312825036621
BRCA2	0.170401828679104	0.778151507842704	0.946987841085863
MECP2	0.671817980594227	0.215467865528202	0.727855229724882
DYNLT3	-0.212519155600919	0.387097186529633	0.79958988696998
AFF1	-0.010821476840114	0.974866562281487	0.995735936695154
HIRA	0.449742036295717	0.304368602815635	0.767332404690031
TERF1	0.014922816402926	0.956304002221976	0.992368905556983
ACTG1	0.341520822177664	0.148984297904932	0.693601160209687
XPC	0.286204801444395	0.291920790709594	0.763844760063907
AKAP17A	-0.227624048259649	0.72756958960621	0.926864948214582
CENPC	0.292656529747568	0.292083968735507	0.763844760063907
PRDM2	-0.425787656163209	0.139614793963427	0.693601160209687
RLF	0.67126255505395	0.0397299774021549	0.664623573632817
CDK10	1.1788904610402	0.25247404300733	0.741206697275412
ZMYND11	0.481274968615498	0.36790871951632	0.794430406577175
TTF1	0.590233958002344	0.0652481081349262	0.668228404907692
TAF5	0.869537683421598	0.215423850768727	0.727855229724882
TAF13	1.51649314170841	0.125947668148278	0.693601160209687
TEAD4	-0.201181145972804	0.796706179789341	0.951882927937483
TAF1A	0.736730072073147	0.316628746493826	0.77045283196629
USF2	-0.0810486922645595	0.844264495620269	0.967221051006092
PWWP3A	-0.643463251900002	0.116057259241084	0.69066559364804
RMP24	0.90639085329186	0.328209221116206	0.776396046556236
TIGD2	0.482584932933072	0.136548065887187	0.693601160209687
EPC2	0.561970937999856	0.175403757828269	0.700103721722211
CDCA8	0.433937824243273	0.298341067146016	0.765795252567313
INO80D	-0.967553486291354	0.162737199330978	0.694040253432706
SPIN4	1.43788987537422	0.14093227244103	0.693601160209687
CENPW	0.353064547057777	0.312292574595034	0.770102505847832
ESCO1	-0.680885471061899	0.352288598645198	0.793103918679239
TAF7L	-0.55484576472325	0.387671711050662	0.799924433333982
BRMS1L	1.0943792989427	0.302402151734202	0.767332404690031
ZNF362	-1.31131086106577	0.264047169518532	0.752678386560297
BEND3	0.129325598404748	0.585429321334813	0.888173941731018
ATXN7L2	0.512189255878653	0.21727028356722	0.727855229724882
H3-7	1.75266596864606	0.225474460961203	0.730039879717083
ZNF318	0.591507380049656	0.0867245532681428	0.669028276623117
TAF3	0.360941724608402	0.345107454354794	0.790415840856532
TASOR2	0.280358234308526	0.33998853015375	0.784588915739422
SLX4IP	1.21985632064361	0.164683580036888	0.694040253432706
SNRNP48	0.214925719052761	0.597745648335071	0.888978810846891
CENPP	0.772381178096541	0.233464861197391	0.731811948713344
ZNF280D	0.925176242312805	0.0567954248517739	0.668228404907692
RMP64	0.174519090020706	0.595510728916269	0.888978810846891
MIS18BP1	0.53491660761436	0.24367827995089	0.734094804262758
ARHGAP11A	-0.850259553593339	0.0976045004169259	0.669028276623117
KCTD18	-0.162793690328691	0.693921712957937	0.916614397208973
ATAD2	-1.01525511653506	0.0767401943927458	0.669028276623117
ANKRD12	-0.659928163261018	0.21728767712186	0.727855229724882
ANKRD11	-0.0637667809441105	0.810970976672813	0.954265967002149
UBN2	0.00114957157621376	0.997248336953185	0.998758968393702
CREB3L1	0.0676579653133693	0.797088157641296	0.952043087198313
CENPU	0.373881975580986	0.271900168384152	0.756591772895033
MED13L	0.00390533582293884	0.986693906732861	0.997605213758343
CENPQ	0.587984411042825	0.504707700829398	0.845332384151847
MCM10	0.183183640709949	0.476474946471725	0.832755281228898
TICRR	-0.546545319258112	0.116388806532395	0.69066559364804
KANSL1	0.0367738970063876	0.914302277446722	0.981906362701148
RAI1	0.502719500751613	0.181993477171369	0.704876352547669
C5orf24	-0.26761001823003	0.487143903568271	0.834370563962296
TADA2B	0.182879628411065	0.542258877304742	0.864284306039704
CASZ1	0.615889516962888	0.323957186605406	0.772339378094587
JAZF1	-0.0948535128640664	0.770404427691652	0.943755357596512
CIRSR	0.0951703234730701	0.773716663928621	0.945565024959012
FBXO11	1.22316507570601	0.179474065266391	0.704876352547669
KIF18B	0.605737890226994	0.0695192553421462	0.668228404907692
KMT5C	1.06302550426782	0.0628433139427687	0.668228404907692
PALB2	0.122042494552847	0.739978528969339	0.932250976365957
CCDC71	0.828203464847888	0.0752563498618909	0.669028276623117
SLF2	-0.486352760784126	0.191473792417295	0.710395519693154
BACC1	0.0414114731045885	0.891728308312117	0.976833298169361
SLX4	0.326062362833877	0.497178265815812	0.841003833400288
GRAMD1C	-0.215147170494749	0.615251114824683	0.89554091896645
KMT2E	2.12661068213024	0.0384224412263608	0.664623573632817
CENPL	0.56338830576134	0.080377382347133	0.669028276623117
REXO1	0.181020570194271	0.856759724985963	0.968412000273321
CENPS	0.305082171268321	0.556353633948376	0.870095957027351
ZCCHC7	0.634361071798011	0.364169549980081	0.794430406577175
ZCCHC9	-0.205070495466742	0.421379874554648	0.810226396370071
ZBTB2	-0.33465890011724	0.370571929161831	0.794430406577175
CDYL2	0.475617699128403	0.232871327436787	0.731811948713344
ZBTB44	-1.63408523778306	0.0801970914231249	0.669028276623117
ZNF280C	0.15197998570877	0.668057343684556	0.909695106293864
ZNF740	1.09485583185435	0.00596603892521786	0.37298608633293
SUPT20H	0.674588605300769	0.130964775047744	0.693601160209687
PPHLN1	1.12096367790144	0.173242602208409	0.699459407178565
KIF18A	0.242052670920664	0.288029738617119	0.763308624078494
RP9	-0.137068440767671	0.783128041508039	0.948138971209346
BAHD1	-1.46835446528368	0.0232237146331801	0.614778259015629
CHD6	0.954134771568306	0.22149363387882	0.727855229724882
DOT1L	2.25084984842886	0.0810982842758237	0.669028276623117
ZNF384	0.244312922741159	0.295565689749194	0.763844760063907
HASPIN	0.725996309518983	0.0774490214675251	0.669028276623117
NOC3L	-0.116847285484539	0.670314385393306	0.910827049984523
TWIST2	-0.577681771227049	0.516890077991168	0.850774924769003
ZNF592	1.9226214395897	0.110915135364438	0.69066559364804
TFAP2C	0.757368344545657	0.483774993031987	0.834370563962296
KAT6A	0.205771976729391	0.825308465966184	0.95936634399561
EVPL	-0.00076807501994125	0.999210281802737	0.999758251878509
KAT2A	0.067858507184372	0.831752659093133	0.962027171963142
GTF3C6	-0.170303052672896	0.605727943811313	0.892026831382333
TOP1MT	0.209534302716676	0.719860896945936	0.923637887551022
H2BC1	0.143936813243336	0.565955883458122	0.874203778149311
PHF21A	1.04767884150385	0.314906254899199	0.77045283196629
CENPT	0.253040473968806	0.507531263881977	0.846209112747326
ZNF689	0.736464178590161	0.0771530926318033	0.669028276623117
MTBP	1.0819302569676	0.304137763183259	0.767332404690031
MED8	0.226249795539083	0.738781748129257	0.931994758529474
SCMH1	0.805440078563052	0.206088163009567	0.721431575619871
CENPN	-0.225776443282065	0.451270842286051	0.822830025820719
SENP5	0.165634353091967	0.818508964727283	0.955996904838615
MED30	-0.622684966442474	0.0733813402449063	0.669028276623117
THOC3	0.283958390604738	0.47214096176207	0.830230885395289
ZNF469	-0.674302256309534	0.421660296647408	0.810226396370071
L3MBTL3	0.205183705697344	0.478330172150802	0.832755281228898
NEURL4	0.248094763134212	0.344594882991642	0.790415840856532
ZNF512B	0.80579715979901	0.354454626151304	0.794110714364648
NSD1	0.954415577389518	0.194604793256823	0.713787623458385
RNPC3	0.576949624441255	0.184866638850731	0.705683314611436
KLHL15	-0.0270438977112022	0.941332605607552	0.990859820701164
ZNF512	1.02199285511084	0.0292305059244759	0.647650592931829
NOL4L	0.135474779985607	0.683598934485861	0.913765912458948
INTS15	0.21176714624972	0.514337262024518	0.849486058569526
TTC14	-0.249122341017667	0.905291462298186	0.980015333189916
PWWP2A	0.594065237999711	0.295665602428495	0.763844760063907
TRERF1	0.407690204564251	0.218243919286675	0.727855229724882
KIF20B	0.190975509158324	0.65378384638823	0.905619535984053
PHF12	0.29061315415592	0.396467022816051	0.801769003854762
MPHOSPH8	0.292621373399669	0.453546977713273	0.823010102691975
TEAD3	-0.18510795061384	0.648304653184783	0.903082984446629
BCL7B	0.191051957806231	0.720698782841985	0.923637887551022
SLF1	1.97037463924904	0.0505644853196937	0.668228404907692
WDR83	0.845966960056828	0.16436866059119	0.694040253432706
MED10	-2.4378684542392	0.00234392120513698	0.219528229944537
CENPO	2.07065406783582	0.0998077752063982	0.669028276623117
RSRP1	0.72083506076369	0.229957764219948	0.731597195198509
TRAF4	1.10024642704147	0.01810610862241	0.560705299274634
PRR14	-0.128004978629495	0.767254692550855	0.943108113884522
CDCA7	1.63238216427665	0.133642627567597	0.693601160209687
GZF1	-0.0417010365509221	0.937389750889411	0.990541531842519
ING2	0.196999732830513	0.546267116007295	0.864551332505908
EPC1	0.153652871051726	0.662249701913221	0.907830450748983
DPEP2	1.32589342039738	0.186183571905873	0.705683314611436
ZNF644	0.552685827889988	0.0712047879565133	0.668524170545259
ZNF768	1.50671263613553	0.0438960832231045	0.665013352883304
TAF1D	0.702929825316538	0.360353435236831	0.794430406577175
DCLRE1B	-1.1087151950255	0.0892512113948376	0.669028276623117
KAT14	0.826753863960747	0.135541506743706	0.693601160209687
SP140L	1.70986565580892	0.209942864116113	0.7262888272125
USP42	0.505638324110961	0.228681725346327	0.730039879717083
KANSL2	0.291468831034237	0.443796222098233	0.818529055166769
RPF1	1.26709373898447	0.0225499943719722	0.608302730748419
NMNAT1	-0.0260151310061332	0.929919737441239	0.987252361563273
CLK4	-0.78453780178052	0.375950949275796	0.794738994801308
SP110	0.393518643410584	0.614955382947087	0.89554091896645
PATZ1	0.132662542352136	0.710132336606226	0.919051873817947
CBX8	0.518714765819627	0.150089157663506	0.693601160209687
SENP2	0.439718861023149	0.0953030680401996	0.669028276623117
ZBTB20	1.5734388222294	0.123331351296485	0.692188141865802
ZNF532	-0.38144041707919	0.442638607483728	0.818327397525892
UBN1	1.65092048670415	0.223580200360208	0.730039879717083
BRD7	0.525128472987792	0.0867889210107905	0.669028276623117
INCENP	0.364395895115205	0.195623863423289	0.713787623458385
TSHZ2	0.586227330626524	0.24439151796989	0.734094804262758
ADARB2	0.170894580209353	0.618162882312142	0.895788459725537
ZBTB40	0.603931797434328	0.278351493179907	0.760444127698393
POT1	-0.265345904788312	0.599773283374357	0.889926355547732
MED11	-0.0537632150644427	0.890123560243615	0.976555293627211
POLR1H	-0.0844620780381504	0.793963756014629	0.951882927937483
PHRF1	0.174042877675372	0.814218553779943	0.955060373434315
ZBTB4	0.842205852846281	0.0563149557469293	0.668228404907692
ZNF319	1.17455637249207	0.0653771071536151	0.668228404907692
CGN	0.321847539150006	0.74247028805789	0.932641774989303
KANSL3	0.228313257535511	0.55748865486815	0.870095957027351
DNMT3B	1.0757338823165	0.1279780505997	0.693601160209687
ZNF629	2.0374773878274	0.0014844067456443	0.189534716004204
HMGXB4	0.236710562226151	0.59468938246202	0.888978810846891
APOBEC3B	-0.190175564354874	0.636121377545931	0.902207122243715
RSL24D1	-0.424545169762201	0.451677022715071	0.823010102691975
GTF2IRD1	-1.16635949112279	0.267680393177825	0.753758272734607
BAZ2B	1.04506599887495	0.0870315911605113	0.669028276623117
BAZ2A	0.345210608186377	0.416118882587479	0.809503345703562
MBD1	-0.427776877141685	0.507546170835413	0.846209112747326
ING1	-0.0651171658260417	0.905640156173485	0.980015333189916
TASOR	0.451854952462948	0.24308588882255	0.734094804262758
CASP8AP2	0.591554562493151	0.214517575821665	0.727855229724882
ZNF346	-0.342763538911999	0.227886058077871	0.730039879717083
INO80	1.18311314628292	0.212254190559337	0.727855229724882
ATAD2B	0.360167225955454	0.285470127581535	0.760444127698393
ZBTB21	-1.33135946119352	0.197592771806318	0.713787623458385
PPP1R9A	1.1294953249255	0.308044765971638	0.767332404690031
PRR12	0.321376734112057	0.206618439302739	0.721431575619871
ABT1	0.0357208718659123	0.951593680409633	0.992368905556983
KMT2B	1.52090955629218	0.0701991166907247	0.668228404907692
SATB2	0.0208716993455056	0.962378016615242	0.992368905556983
RNF6	0.409472902661303	0.246118754191329	0.736056087301171
ZBTB1	0.229183762556353	0.430723899291367	0.813126196670359
MTF2	1.02354976417952	0.284837435271553	0.760444127698393
JRKL	0.399552621527441	0.291903565485159	0.763844760063907
CABIN1	0.286839810402281	0.342866870793391	0.788860865096838
HOXC11	-1.03067955691049	0.405524737010914	0.80517838165559
CEBPD	-0.281914866838527	0.392752257137812	0.801769003854762
MLLT10	1.85412679692024	0.0241095555181844	0.61720462126552
RUNX1	0.470551600121929	0.433773191204823	0.813722058733033
VEZF1	-0.148004198508161	0.710385460560518	0.919051873817947
BCL7A	0.984339983684698	0.0942309634927329	0.669028276623117
RNF111	1.00733904434883	0.153184016715119	0.694040253432706
ASXL1	0.413888613925842	0.329662817395542	0.776396046556236
FSAF1	-0.799695667985731	0.360464600379817	0.794430406577175
ING5	-0.133720975493024	0.697724969542142	0.916614397208973
ZNF462	0.158243502483376	0.731586469082375	0.928998690898254
ZBTB45	0.812737548537697	0.449147362355155	0.822579804075298
ZNF385A	1.61227919197426	0.0740344451407954	0.669028276623117
SENP7	0.0468270559523738	0.945381399200864	0.991333853886215
PCGF6	-0.249938161187693	0.31333509949806	0.770102505847832
SUV39H2	0.0963610607150862	0.795673931353001	0.951882927937483
SINHCAF	0.734479218523454	0.359363969615521	0.794430406577175
BRWD1	-0.979835177341695	0.0278296369547653	0.621312825036621
SFMBT1	-0.00675068812068247	0.99332051137624	0.997713580821814
PLEKHG3	0.895456510373492	0.317190236432323	0.77045283196629
ZNF780A	1.23803427216743	0.0530521583249627	0.668228404907692
ZBTB11	0.0936709436520999	0.772866095997446	0.94555005413088
SNRNP35	0.822560588752651	0.126752780955198	0.693601160209687
TAF1B	0.911994417520873	0.228355119820687	0.730039879717083
JADE1	0.489399247676605	0.266774079867017	0.753758272734607
ADNP2	0.716342318981049	0.126058576261038	0.693601160209687
ZNF646	0.0232395845065341	0.937207790035953	0.990541531842519
MED7	-1.48994640168648	0.0552417354112837	0.668228404907692
TTC3	0.409146498827624	0.663577362421881	0.907830450748983
LCOR	0.682679515785143	0.309716432514759	0.768017727202862
INO80B	-1.2096505140136	0.2003251693037	0.716541884769178
MED26	0.21874113400618	0.636494149120084	0.902207122243715
TUBA8	-0.24508621640144	0.69288626581341	0.916614397208973
NFXL1	1.7575567894002	0.0213819070951983	0.595074355263617
HEXIM2	0.084808160950324	0.843689086667676	0.967094356060858
GTF2H2C	-0.0830667512412084	0.910600522534615	0.981166392886356
KMT2C	1.40369159424986	0.00433955747197459	0.297569655221115
CNBP	0.839335864568163	0.454468079120296	0.823010102691975
