gene	logFC	P_Value	BH
RBM47	-0.69564064883221	0.284910941576667	0.888625693505588
WDR91	-0.335730195467718	0.225284567998743	0.888625693505588
CNOT1	-0.0180645353388229	0.970130810530543	0.996335656314624
MAP1LC3B	0.0858275288490304	0.778210745843616	0.965942720425257
RTL8C	-0.311016027245039	0.450479445176089	0.892335408447821
SNRPG	0.421789244798255	0.128180210367116	0.888625693505588
EIF3C	0.214029765145249	0.502578364395287	0.903537852282781
UMAD1	-0.23643261718582	0.520519198131842	0.905085057331221
NACA	-0.637099297100075	0.431390426021709	0.892335408447821
RSMC	-0.284111421513362	0.241197737749363	0.888625693505588
KIF2A	-0.163436714650434	0.683181875323791	0.946793973196754
DDX39A	-0.559916422008534	0.757297025377451	0.965505010062535
ACOT7	-2.62923959634769	0.0336975230253038	0.787040053486283
MYO1C	-2.0001060993496	0.0336376228317125	0.787040053486283
SNAP23	-0.085339686776976	0.728049487489283	0.956087360520957
AIP	-0.954834182849076	0.298189508229956	0.888625693505588
STXBP3	1.75450972357656	0.082122947388132	0.888625693505588
SMAP	-0.330521787606724	0.768228806392088	0.965758464642737
AP3B1	-0.223040264010052	0.549510530544734	0.918536961775053
PSMD11	-0.407637432684353	0.392381212226088	0.888625693505588
PSMD12	0.300643309474239	0.518228072991046	0.904625838138404
SUPT5H	0.777111864878286	0.342233283177145	0.888625693505588
CLIC1	-2.08158170166328	0.153834549410948	0.888625693505588
EIF3F	-0.367320408251942	0.358601095066221	0.888625693505588
IPO5	-0.723731571868989	0.266564340975251	0.888625693505588
IGF2BP3	0.545584773095253	0.196059481128919	0.888625693505588
PIK3C2A	-0.593210181090694	0.0453902630736881	0.869195642267039
IFRD1	0.110191282519921	0.767867994360619	0.965758464642737
EXOC5	-0.834816732817341	0.07524261727156	0.888625693505588
PSMD14	-0.291730266013225	0.386900429323795	0.888625693505588
ZNF593	-0.0992012635348551	0.805748961298882	0.969110515984846
BIN1	-0.174472307393895	0.86599642112547	0.978015349449015
KPNA3	1.19062305376577	0.0138270445276048	0.677829072941154
SDCBP	0.304267430089709	0.172007452949544	0.888625693505588
PITPNM1	0.522091375753824	0.541677187227346	0.914378834291
DDX3X	-0.10939966346146	0.71369535483955	0.949774158594407
PEX7	-0.445221866324637	0.171848230785676	0.888625693505588
KPNA4	-0.122039994954971	0.784925430190496	0.967084956050919
PPP6C	0.215112610675238	0.615856295032955	0.934056605209952
PDXK	-0.52350432189656	0.559926781335365	0.922125608798937
SCD	0.00546259234710789	0.985386455702526	0.998524511468581
COPE	-0.644521369464083	0.306754061668057	0.888625693505588
EIF1AX	-0.225439162195155	0.794092187532783	0.968118864612
AP3D1	-0.119010095550873	0.805422960763851	0.969110515984846
DVL1	0.032768339957407	0.950999470670019	0.994149379096295
CHD1	-0.0294113194273926	0.916323559269431	0.985044803395672
GOSR2	-0.0235412112101514	0.933120051079248	0.987313701944295
PDCD5	-1.87403003215963	0.181440375156069	0.888625693505588
PRMT5	-0.562509631845064	0.194277057576393	0.888625693505588
NHERF1	-1.0474368004786	0.0805491513152842	0.888625693505588
TCERG1	0.0841136831306315	0.803367137620886	0.969110515984846
POLR3A	1.14999576160685	0.0847793655651423	0.888625693505588
TSPAN4	0.00147721776038878	0.997058071680468	0.999219935408577
PSMA7	-0.283811767099301	0.551934013403515	0.919036315404029
SCAMP3	0.014706898577959	0.951735671702256	0.994149379096295
GEMIN2	0.38945743904479	0.278845444924569	0.888625693505588
GIPC1	0.265885356824839	0.440732854853291	0.892335408447821
PCDH17	-0.435718447278425	0.577800266027086	0.922510868212962
MYL12A	0.206909845894927	0.573719274861326	0.922447328115156
HGS	-0.359795528154056	0.292492330565599	0.888625693505588
AURKA	-0.37863058270926	0.164172407451529	0.888625693505588
PPP1R12A	0.113297172452736	0.650944214549102	0.937334454842977
GAK	-0.389977198500635	0.39495366101642	0.888625693505588
HNRNPDL	-1.0562698887391	0.118197311917492	0.888625693505588
XPO1	-0.530461924983292	0.265614552184328	0.888625693505588
SPTBN2	-0.314666367995734	0.580408983263222	0.92276129926035
SEC16A	-0.239884364492866	0.362781354899744	0.888625693505588
PLXNB2	-0.113927516191787	0.612380554577015	0.93384385909045
PFAS	-1.01648859844643	0.324701949198195	0.888625693505588
ARPC1B	-0.807008752348427	0.131233569453045	0.888625693505588
ARPC2	-0.706528445087333	0.256116493293724	0.888625693505588
POLR1C	-0.0232239903150671	0.934106900008675	0.987313701944295
TRIM24	-0.274140142650548	0.636420906093622	0.937125860077175
OGT	-0.0771317625192864	0.787206773092629	0.967084956050919
POLR3G	0.350974466621707	0.534805696407759	0.912662688477534
HMGB3	-2.17076488033777	0.00555991135403919	0.480194287842996
PPM1G	0.0895640475935124	0.932968207520792	0.987313701944295
EIF3D	0.0437440533142635	0.896484909970214	0.981785915199133
EIF3H	0.273943958997652	0.281480606648702	0.888625693505588
IPO8	-1.19218126033818	0.0571884766379739	0.888625693505588
SLC16A3	0.301775648701323	0.21949358386392	0.888625693505588
TLR3	-0.230883250355731	0.64221035679114	0.937125860077175
MAGEB2	0.057033391299619	0.792354968474806	0.967084956050919
DHX15	-0.939884540151176	0.328084019813167	0.888625693505588
RNMT	0.759674694533906	0.0703118689513461	0.888625693505588
TTI1	-1.24127680835119	0.0385527646723286	0.832399457250015
PRPF4	0.0140046605274406	0.960789435970707	0.995779224512529
PHGDH	-0.989641944173179	0.30718211083765	0.888625693505588
DYNC1LI2	-0.387327779892761	0.249923744922604	0.888625693505588
PSMD3	-1.41518239601628	0.211119835310736	0.888625693505588
ZW10	-0.127938016247409	0.658078974616565	0.939900836464415
EEF1E1	-0.530920117096674	0.405831967494508	0.892335408447821
WDR62	0.604635644022963	0.0807879985571331	0.888625693505588
HNRNPR	-0.0981071042561155	0.710959271997648	0.949670932395934
TXNL1	-0.339773102847484	0.604076600900018	0.931534588597947
TPD52L2	-1.29252356705575	0.259581402134707	0.888625693505588
FIBP	-0.395164751561769	0.218872089881915	0.888625693505588
EIF4G3	0.203134311208451	0.805725241948599	0.969110515984846
AKR7A2	-0.288394032275136	0.635883946568746	0.937125860077175
EPB41L2	-0.100516472701088	0.67072321616032	0.944722704185831
LAMTOR5	0.0330462143104029	0.895871290451927	0.981785915199133
TRAPPC3	0.240026943947615	0.763748987539779	0.965758464642737
CHMP2A	-0.364545960616191	0.514922450662891	0.904625838138404
ZNF207	0.206884749346365	0.536012020976655	0.912662688477534
BUB3	-0.337512302545399	0.37490832451166	0.888625693505588
ACTN4	-1.04300536416405	0.258031552997682	0.888625693505588
GSTZ1	-0.774087309265369	0.0549145799653529	0.888625693505588
BUD23	-0.717729091089709	0.178471502624496	0.888625693505588
HTATSF1	0.410103216360206	0.136093783386345	0.888625693505588
AP1G1	-0.148033352958809	0.575533481879655	0.922510868212962
SGTA	-1.11385411667179	0.281113638840737	0.888625693505588
ENSA	-1.43647317841448	0.0822312708268969	0.888625693505588
MYO1B	-0.572504014348077	0.151068194684077	0.888625693505588
NUDT21	-0.118124293787119	0.597728933317098	0.929731091885486
LANCL1	-0.65329938020751	0.111526641623308	0.888625693505588
STRN	0.308331073228796	0.505400486068781	0.904475408349742
RRP9	0.301569312101009	0.702737759349692	0.949670932395934
AKAP8	0.136094234012425	0.680609802127953	0.946793973196754
NRDC	-2.2274686207138	0.0450420763038466	0.869195642267039
CALU	-0.518189382435356	0.455694081207099	0.894190423123502
AHCYL1	-0.324545656792125	0.27452616157994	0.888625693505588
PEX1	0.437816673559169	0.262356064281877	0.888625693505588
DHX16	-0.565800469630727	0.377214659738148	0.888625693505588
ZNRD2	-0.688750679246034	0.358606421851031	0.888625693505588
PCDH7	-0.190637409311236	0.686782004840539	0.94764257895339
SMARCA5	0.0622421351321201	0.833155376850787	0.97304407599618
SPAG9	-0.69210783248716	0.372004448826243	0.888625693505588
AQR	0.182716647549839	0.556098199226884	0.920161003987807
KIF1B	0.452892933293285	0.147980309660322	0.888625693505588
KDM1A	-0.328250994057406	0.155459235108603	0.888625693505588
ACSL4	0.23848446639915	0.436875285047081	0.892335408447821
SNX3	-0.23986908601146	0.674922945133433	0.944722704185831
OGA	-0.452842001083628	0.496182822086935	0.903103570555654
SYNCRIP	0.714755909794683	0.0548704894630554	0.888625693505588
RANBP6	0.563955143831386	0.582568891191053	0.922883460086395
NEMF	0.103559120694413	0.742191881531378	0.95939902598523
PLOD3	-0.147607978026482	0.537982147589326	0.912662688477534
EIF4E2	0.629810461864523	0.424744802603804	0.892335408447821
DIAPH1	-1.19504440998431	0.216905347213086	0.888625693505588
PLIN3	-1.03005176387317	0.239490881858363	0.888625693505588
KPNA6	-0.644141138281316	0.331024164752685	0.888625693505588
CTNND1	-0.202698323538044	0.461207929876896	0.894390686592813
EIF1	0.257154209864972	0.408039398865087	0.892335408447821
SNX2	-1.08342252438939	0.147492202627877	0.888625693505588
USO1	-0.545899841377786	0.289128624829055	0.888625693505588
TOM1	-0.287120523979297	0.457017297628689	0.894190423123502
H2BC11	0.403142588346626	0.356399740885213	0.888625693505588
CCDC22	-0.11325521092445	0.817441339240338	0.970358119837985
DKC1	-0.333073065483305	0.431056671389388	0.892335408447821
EIF5B	-0.104214503733857	0.82014329412706	0.970879034218576
EDF1	-0.888658273292688	0.0144007626139725	0.678197248657913
DNAJA2	-0.431176803131024	0.442916841166481	0.892335408447821
CUTA	-1.20214043615464	0.107156249655017	0.888625693505588
HUS1	-1.39647023075615	0.0724172998856147	0.888625693505588
SRGAP2	-0.854083112628441	0.183024313439614	0.888625693505588
WDR1	-0.700514108695184	0.421989774066725	0.892335408447821
ROCK2	-1.04901734354512	0.115314060909158	0.888625693505588
COBL	-0.865778318270969	0.311217914554757	0.888625693505588
CLUH	0.0915356303833548	0.892681758912368	0.981785915199133
CNOT3	0.739029912742875	0.0491236919712118	0.880083493508337
ANKRD17	-1.98869567034459	0.33544180235785	0.888625693505588
TBCA	-1.49418844450716	0.28583361502579	0.888625693505588
ATP6V1G1	-0.390032782830964	0.128591211385003	0.888625693505588
VPS4B	-0.657055919757799	0.467008596541202	0.895796498976155
FLNB	-0.264437893005336	0.874120835576994	0.978015349449015
NCOR1	-0.00927810033610754	0.985592507309192	0.998524511468581
CS	-0.375221423311363	0.141831550565564	0.888625693505588
SEC22B	0.0575722567197019	0.833227610469717	0.97304407599618
VPS26A	0.0153512382918777	0.968345533497861	0.995779224512529
PSIP1	0.129867502444117	0.803444514684721	0.969110515984846
HSBP1	-1.08625512521078	0.121547839926267	0.888625693505588
BANF1	-0.786026982200656	0.278156098913774	0.888625693505588
SF3B1	-0.0531091292592833	0.899209875250746	0.981976806240778
CSDE1	0.121785818891002	0.778545652214476	0.966080238020144
PRKRA	0.851314731047239	0.322103886969409	0.888625693505588
CRCP	0.096424894819183	0.768917376077304	0.965758464642737
MYCBP2	0.00833977416981213	0.992067915622306	0.998524511468581
NPM3	0.0357269537964129	0.903839174846952	0.98202165336277
LYPLA1	-0.379090525900082	0.288863658301404	0.888625693505588
SNRNP200	0.00868237200367616	0.97280923153674	0.997041826405081
RPS6KA4	-0.00674354487452078	0.98697555494707	0.998524511468581
NUP155	-0.25997242639324	0.490937998163237	0.902214623506749
WDHD1	0.30299893891501	0.493799935883436	0.902803899170494
CDC123	0.74533398334032	0.502078698585385	0.903537852282781
RPP40	0.447629373392651	0.141976963450373	0.888625693505588
EIF3G	0.011306427734862	0.977042472716838	0.99796035666888
EIF3J	0.454551730676826	0.526995544592491	0.911831550549262
AP1G2	-0.511968358643252	0.265977578318355	0.888625693505588
IDH1	-0.975695457218809	0.350597507297031	0.888625693505588
BCAS2	-0.383910597113299	0.187458640329657	0.888625693505588
DCTN3	-0.506573706154128	0.089070796762788	0.888625693505588
TRIO	-0.300103169418588	0.706819750052265	0.949670932395934
MPDZ	-0.219858604292604	0.439037621411017	0.892335408447821
GLRX3	-1.29526778781341	0.249645619491084	0.888625693505588
SNCG	0.408506403565895	0.76095070311858	0.96574401473208
SRP72	0.218211750405953	0.446587116344607	0.892335408447821
DDAH1	-1.37163390218242	0.0388234738630382	0.832399457250015
RECQL4	0.176064050339246	0.802385262871316	0.969110515984846
URI1	-0.143365214419944	0.75803350115281	0.96574401473208
MTA2	-0.146242057228221	0.496435008454114	0.903103570555654
TOMM70	-0.232854551188094	0.327693450456953	0.888625693505588
SEC24D	-0.0141358350562406	0.967340263577146	0.995779224512529
UBXN7	-1.15662014325658	0.1388558630362	0.888625693505588
PLPBP	-0.517149490652351	0.116252903461723	0.888625693505588
HAUS5	-0.110302721493291	0.885595196868063	0.981785915199133
USP19	0.56992229147782	0.226434131538847	0.888625693505588
AP2A2	0.0401146454284813	0.852830614224348	0.97586592295061
SEC31A	-0.14143525031125	0.730690943125069	0.956266521772089
HEXIM1	-0.322117284077002	0.470980565320155	0.898022684843475
CCNB2	0.461052572482846	0.417634374518185	0.892335408447821
UBR5	0.193956057177399	0.434258172181757	0.892335408447821
UBE4B	-1.64822612308398	0.00385978734676097	0.419866556721235
ELP1	-0.0463932389385207	0.92529773685142	0.985602041539023
ZRANB2	-1.29723423581371	0.0158634612377053	0.685552536698538
SNX4	0.364834646175492	0.36194434740126	0.888625693505588
LUC7L3	0.112832785921938	0.649240216884704	0.937334454842977
KIF4A	-0.207250917251635	0.720962482551131	0.952952188047584
CCNDBP1	0.511239813585632	0.402416979499701	0.892335408447821
SNAPIN	-0.0503663818224815	0.888835280978259	0.981785915199133
MPZL1	0.186292242191836	0.446405867336515	0.892335408447821
SMC2	0.91982207784384	0.238867444428423	0.888625693505588
IPO7	-0.904498646963958	0.408354858885405	0.892335408447821
BAG4	-0.317405110517129	0.544829606189827	0.915657734661848
AHSA1	-1.48391191329807	0.245398328880431	0.888625693505588
PARN	0.296027595350424	0.463455362464314	0.894390686592813
FMNL1	-1.52503732053679	0.0223898205990028	0.708088376033904
SEC24A	-0.227469246425553	0.761435905539507	0.96574401473208
POLR1A	-0.135479929197647	0.76206296427588	0.965758464642737
STAMBP	0.180137537421068	0.488864132585251	0.902214623506749
HERC2	0.0328394300200898	0.965549897496169	0.995779224512529
SNAP29	-0.0455282040174652	0.889347649956942	0.981785915199133
LDOC1	-0.88203836581129	0.0111016566193891	0.643175197131099
HSPA4L	-0.744686585749029	0.368394604373304	0.888625693505588
PTBP3	0.474496339866462	0.352046587231825	0.888625693505588
LSM8	0.192932960892051	0.790058179664498	0.967084956050919
AP2A1	-0.029089774275505	0.898853390678103	0.981827858916508
STAU1	-0.417218324269886	0.404381030013479	0.892335408447821
BAG2	0.302817774698347	0.176249248859047	0.888625693505588
BAG3	-0.906442564028865	0.142470020143746	0.888625693505588
BPNT1	-0.271660053960183	0.692629796422355	0.948679403227176
TXNDC12	-0.387063276152023	0.492666834476824	0.902349460701276
PTTG1	0.0873671274397871	0.884922663908967	0.981785915199133
LDHA	-1.95518565694363	0.176777696337459	0.888625693505588
GSR	-0.639691145931	0.203354130916362	0.888625693505588
SOD1	-1.26677597086152	0.288065883728892	0.888625693505588
PNP	-1.54163924821	0.219691852808987	0.888625693505588
HPRT1	-0.335023818520327	0.782307626251115	0.967084459007165
PGK1	-1.91319154054055	0.171305592274094	0.888625693505588
ASS1	-1.73315621619426	0.169066167299427	0.888625693505588
NRAS	-0.0756551847532236	0.832921670346854	0.97304407599618
HLA-B	-0.594589441766267	0.573456551713495	0.922447328115156
LMNA	-0.307531924889226	0.516750429437225	0.904625838138404
TFRC	-0.208503584886774	0.372910243345372	0.888625693505588
FTL	-0.597527552958155	0.0377134422348519	0.832399457250015
FTH1	-0.666033365318881	0.167470938498242	0.888625693505588
CAT	0.320359606058116	0.671359821487382	0.944722704185831
ALDOA	-2.01939304877736	0.141713333129121	0.888625693505588
ANXA1	-1.80775632600805	0.141617384516769	0.888625693505588
KRT1	0.374652099568877	0.392848420133946	0.888625693505588
GAPDH	-1.56542030497037	0.197162541534867	0.888625693505588
HLA-A	-0.0664160883258944	0.795765666251862	0.968875534648492
CAPNS1	-1.51072652159164	0.107813305840087	0.888625693505588
HSPB1	-1.40327323816038	0.253124504753657	0.888625693505588
TYMS	-1.04241269999364	0.413528808014193	0.892335408447821
GNAI2	-0.100703214648913	0.720944372028763	0.952952188047584
ATP1A1	0.09142060874089	0.70951640153108	0.949670932395934
ATP1B1	0.15800364922222	0.62961533790297	0.937125860077175
ALPL	-0.319076131515043	0.353979043232177	0.888625693505588
ALPP	0.255576816930574	0.362411086440406	0.888625693505588
EIF2S1	-0.127007818259216	0.796695243225931	0.968936063258145
RPLP1	-0.410688381934371	0.489739824192247	0.902214623506749
RPLP2	-0.284326338008203	0.554698330653925	0.919403094647269
RPLP0	-0.184438229556978	0.445901092914821	0.892335408447821
SSB	0.276989863757048	0.70669798702096	0.949670932395934
ITGB1	-0.0642694765829717	0.827096215046291	0.97304407599618
KRT18	-0.413990442138349	0.279067205601345	0.888625693505588
KRT8	-0.432611697800571	0.33774576998743	0.888625693505588
CDK1	-0.65223973001974	0.619789538138243	0.934484760783178
ATP5F1B	-0.0182953512763859	0.932458394329568	0.987313701944295
S100A6	-1.01847356396354	0.303868761015044	0.888625693505588
EIF4E	-0.137056209336443	0.694487523137715	0.948884790418789
ENO1	-1.44673717773395	0.293417480725143	0.888625693505588
GPI	-1.81261392619338	0.227902864907085	0.888625693505588
POLB	0.658469604737576	0.241823436673507	0.888625693505588
NPM1	-0.251796759609228	0.323191365536642	0.888625693505588
TPM3	-1.15611875593449	0.281974967090026	0.888625693505588
ITGAV	0.0952362289069484	0.751645807700587	0.961597920318989
HEXA	0.1342594667091	0.693050628030018	0.948679403227176
LDHB	-1.75373578054837	0.14395623768989	0.888625693505588
GPX1	0.0405563409332927	0.934733967509814	0.987313701944295
P4HB	-0.812710119030722	0.183410477109014	0.888625693505588
CTSD	0.407378050215002	0.183351483825378	0.888625693505588
ANXA2	-0.928418722066329	0.284381817854365	0.888625693505588
TUBB	-1.39377194458978	0.265827414704957	0.888625693505588
PSAP	0.342205224511709	0.439602478734753	0.892335408447821
HEXB	0.218285013934295	0.435258145699986	0.892335408447821
CTSL	-0.0715713350021012	0.793393527243872	0.967822949148185
PFN1	-1.76181867349919	0.251883836374473	0.888625693505588
EPRS1	-0.492242262085338	0.470984302470211	0.898022684843475
CTSB	-0.175822038836294	0.498822505682388	0.903103570555654
HSP90AA1	-1.21740628192371	0.260546801421115	0.888625693505588
HNRNPC	-0.1829825998303	0.535906460241722	0.912662688477534
LYN	0.153620417798134	0.66535803379541	0.941957190039349
TPM2	0.229185656829372	0.773983760573996	0.965758464642737
FH	0.105855201566985	0.679968020556873	0.946793973196754
SP1	0.242735765692668	0.505881540583092	0.904475408349742
ANXA6	-1.00928062908849	0.151386885474566	0.888625693505588
RHOC	-0.268664801798195	0.518390452602973	0.904625838138404
CD55	0.0610658497254377	0.77469006539425	0.965758464642737
SLC3A2	-0.293729441511516	0.33666597066844	0.888625693505588
PFKM	-0.934037887713579	0.395537301573173	0.888743003382273
HSP90AB1	-1.06768435835186	0.307375092052151	0.888625693505588
SNRNP70	0.154065782548432	0.770519777207158	0.965758464642737
ITGA5	0.0900426706590203	0.665234039627447	0.941957190039349
NFIC	0.334329601702038	0.506146861258499	0.904475408349742
VIM	-0.563145213908207	0.269381598509244	0.888625693505588
RPS17	-0.45287143764379	0.104621319003121	0.888625693505588
KRT7	0.694733440744528	0.437186057820589	0.892335408447821
ANXA5	-1.06759511601047	0.375227806331585	0.888625693505588
RPSA	0.316048609001776	0.357037834921926	0.888625693505588
SNRPA	0.586251244756536	0.0903624149548635	0.888625693505588
GSTP1	-1.67498480059105	0.196369297793367	0.888625693505588
LGALS1	0.0160411063596086	0.991009376435543	0.998524511468581
QDPR	-0.58348284622199	0.179779522237676	0.888625693505588
HMGB1	-1.28441652613876	0.248867202601487	0.888625693505588
GNAO1	0.595501500629986	0.236616558343492	0.888625693505588
TPM1	-0.620421342916043	0.510934326169323	0.904475408349742
CLTB	-0.135058089175008	0.694124539819212	0.948679403227176
CNP	-0.266044599547385	0.379717800966728	0.888625693505588
HNRNPA1	0.0682826431847445	0.77449662085042	0.965758464642737
SNRPA1	-0.137051856053258	0.601474973730041	0.930075858184908
PARP1	0.307948558988876	0.360114682617207	0.888625693505588
POLA1	0.994380374553561	0.284590122107318	0.888625693505588
ALPI	0.0453152214026957	0.867205294113025	0.978015349449015
H2AZ1	1.17978902589989	0.133896419868948	0.888625693505588
FBXO45	0.323376682838074	0.491064585608296	0.902214623506749
TRAPPC2	-1.06858132452939	0.217628875936885	0.888625693505588
HSPA1A	-0.906201478339092	0.0897724865446611	0.888625693505588
CALM1	-0.907488251257178	0.314310427390775	0.888625693505588
POLR1D	-0.363368285134499	0.147082281874365	0.888625693505588
RO60	-0.667737319667363	0.187032821845266	0.888625693505588
RRAS	0.762137754707858	0.289908005071258	0.888625693505588
HLA-C	0.128298437876026	0.711880033873477	0.949670932395934
H1-4	-0.190937767938589	0.548882242298336	0.918241534519892
PTPRF	0.133051912447968	0.616384201040816	0.934056605209952
TXN	-1.45580573186322	0.324378443145237	0.888625693505588
PRKAR1A	-0.87970133439557	0.168117756537901	0.888625693505588
ESD	-2.87712721579624	0.00435077908340133	0.441109670251212
HSPD1	0.0441389072987022	0.848589864323106	0.975493164176662
CLU	-0.178411704320922	0.582561448475414	0.922883460086395
HSPA5	-0.771624229837798	0.0758577260445286	0.888625693505588
HSPA8	-0.0994108288928821	0.858077588269674	0.977453111808975
SLC2A1	0.387136115685408	0.205182217407557	0.888625693505588
EPB41	-0.099251770945763	0.728321131720075	0.956162615833801
UMPS	-0.502697585698805	0.202042408372396	0.888625693505588
BCR	-0.530347495437251	0.0947883877244201	0.888625693505588
TOP2A	-0.051755636221678	0.913121315913036	0.984449325317201
G6PD	-1.66582947821243	0.0809484033443863	0.888625693505588
UBL4A	-0.430784578452315	0.395210351023332	0.888625693505588
DMD	1.32476432854762	0.0120859764223657	0.657506595367967
MTHFD1	-0.748187248261054	0.431224836863607	0.892335408447821
PRPS2	-0.270258857863432	0.856737784475503	0.977453111808975
PABPC1	-0.469509906666996	0.103638958202821	0.888625693505588
PCNA	-0.158310500374995	0.825845569956599	0.97304407599618
IMPDH2	-0.893518786148597	0.351982672803048	0.888625693505588
TPR	-1.08080678532917	0.0286459936172397	0.748809404343292
CKB	-0.835808631110524	0.373810796868717	0.888625693505588
ANXA3	2.35828304146592	0.190446116811381	0.888625693505588
ACTN1	-0.589226825636391	0.622036153637633	0.935886435540465
PEPD	-0.757417480244669	0.409624304550334	0.892335408447821
XRCC6	-0.223405275883145	0.696839639627309	0.949670932395934
XRCC5	-0.314179642126987	0.50590598713454	0.904475408349742
UNG	0.23353526468085	0.459161517621371	0.894390686592813
LAMP2	0.425732595512631	0.404033592429322	0.892335408447821
EEF2	-0.95430781807865	0.127401028488487	0.888625693505588
KRT10	0.528611817105769	0.57717718903474	0.922510868212962
PDIA4	-0.996168540171244	0.0883901291108265	0.888625693505588
TPT1	-1.73627108758895	0.130233715927259	0.888625693505588
PLS3	-0.401375889221413	0.628763058920081	0.937125860077175
GYS1	-0.325043651201547	0.497789332841332	0.903103570555654
PRKAR2A	-0.077563900284165	0.832105119113945	0.97304407599618
ENO3	-1.72973945678564	0.157427500787697	0.888625693505588
GTF2F2	0.0522537409447565	0.929705098724527	0.987172731686195
MIF	-1.39925784357039	0.292674659223837	0.888625693505588
CD99	0.362924189653889	0.450137238931281	0.892335408447821
PRKCSH	-1.10511877098944	0.21241982078243	0.888625693505588
FDPS	-1.08771270033203	0.143650982382073	0.888625693505588
CPM	-0.077932782933317	0.772483478396594	0.965758464642737
AKR1A1	-1.29400953891745	0.0506349111481842	0.888625693505588
PKM	-1.40461045449406	0.240373726061541	0.888625693505588
HSP90B1	-0.864108047017506	0.292476265968766	0.888625693505588
SNRPB	0.160333958208945	0.640678724805615	0.937125860077175
IDE	-0.409722624035414	0.435805987792195	0.892335408447821
HNRNPL	0.0119089374461225	0.979914613446012	0.998288581242415
DARS1	-0.155345069725008	0.719975792090133	0.952494664446644
JUP	-0.0868398340536594	0.797656458380518	0.969110515984846
AKR1B1	-0.175034962630157	0.783510367843256	0.967084956050919
ANPEP	0.0900305497664071	0.723004291337487	0.953805012441928
EZR	-0.534918053748701	0.321841107945083	0.888625693505588
NME1	-1.52980510289693	0.197672583339415	0.888625693505588
NQO1	-0.758828163582905	0.388391888937685	0.888625693505588
GNS	0.31693190244431	0.237871696543069	0.888625693505588
RPS2	0.414250060017874	0.133699055599176	0.888625693505588
CD44	-0.0848224023435833	0.77243259294883	0.965758464642737
CBR1	-1.0744625350589	0.167977748118323	0.888625693505588
H1-5	0.0199288987861301	0.937087527430368	0.987313701944295
POR	0.159937268739831	0.540851041352435	0.914297302469542
STMN1	-1.91864541537283	0.19890439777965	0.888625693505588
YBX3	-0.0637513034181261	0.805365431742648	0.969110515984846
HSPA6	-0.263056702601897	0.573212572714425	0.922447328115156
HMGA1	-0.393994512611588	0.277055029461464	0.888625693505588
NPR3	0.413063219089874	0.285378975382674	0.888625693505588
PRKACA	-0.653903369331225	0.183297235324252	0.888625693505588
PTPN2	0.34344211609271	0.385962042285015	0.888625693505588
CTPS1	-1.58185221849721	0.0798949869277878	0.888625693505588
DDX5	0.253192740660747	0.483652994295949	0.902214623506749
PSMC3	-0.663240581158099	0.177936243119853	0.888625693505588
TCP1	-0.365121917086046	0.612178107265559	0.93384385909045
ERCC2	-0.12000370831397	0.832917768624173	0.97304407599618
RPL35A	-0.875938695117867	0.00324765640968798	0.371481929323541
ARF4	-0.783751232754355	0.396345434821349	0.888743003382273
RPL7	-0.313619663034839	0.315380760972965	0.888625693505588
VCL	-1.2282062631196	0.20876616023857	0.888625693505588
NELFE	0.158606931564503	0.776115091375474	0.965758464642737
RPL17	0.0981035714756757	0.686532501323376	0.94764257895339
PGAM1	-1.52079872023946	0.156564880438264	0.888625693505588
RCC1	1.10659320359244	0.233690734942476	0.888625693505588
NCL	0.0871901412470741	0.73825242966136	0.95931957143004
HK1	-0.603674663488462	0.360384890664174	0.888625693505588
POLR2C	0.0423871621165475	0.94005543812104	0.988587295958972
POLR2E	-0.203141444562874	0.48787984081866	0.902214623506749
EIF2AK2	0.0149624283325664	0.953681617880547	0.994149379096295
CSNK2A2	0.483830096862384	0.0834854754543567	0.888625693505588
EIF2S2	0.0992162656838111	0.814537584612001	0.969956356556953
BTF3	-0.685583814780369	0.326605046707498	0.888625693505588
RAB3A	-0.0658289728906816	0.819145778412259	0.970879034218576
RAB4A	0.214662284221841	0.599317496671548	0.929969514596049
RAB5A	0.146700914447621	0.605759430918231	0.932321985115568
PSMB1	-0.41610880918255	0.400318674871318	0.892015440090155
LMNB1	0.0450194265003567	0.943990631258117	0.99085698965705
CAST	-0.149631327394289	0.920296309708263	0.985044803395672
IMPDH1	-0.434243250105609	0.510588942415085	0.904475408349742
PTMS	-2.48309236903565	0.0573124660751489	0.888625693505588
CDK11B	0.204057607406103	0.518713070785571	0.904625838138404
GSTM3	-0.942276971645093	0.306188933542477	0.888625693505588
ATP6V1B2	-0.394519947562348	0.102798551459951	0.888625693505588
ATP6V1C1	-0.456880186824527	0.258373103326974	0.888625693505588
CSRP1	-0.356678023698112	0.535086036585368	0.912662688477534
FLNA	-0.841350828147121	0.192951828317579	0.888625693505588
NF1	1.92792858973887	0.00875627675085694	0.610339852899575
ACO1	-1.49164650613354	0.275894434343741	0.888625693505588
TGM2	-0.23070978733907	0.812821094234946	0.969956356556953
OSBP	-0.0435429078648326	0.879985005416302	0.980422854436095
PCMT1	-0.451183049302184	0.390450647667713	0.888625693505588
FBL	0.432907608320473	0.301746446748525	0.888625693505588
GART	-1.12742221483281	0.303954616941984	0.888625693505588
PAICS	-1.49208140660979	0.230825275418898	0.888625693505588
UBA1	-1.68916854473437	0.244926920744715	0.888625693505588
NME2	-1.20283240268435	0.318777843119386	0.888625693505588
HNRNPA2B1	0.19954055313768	0.338958427353524	0.888625693505588
RFX1	0.756222307753241	0.477408570391991	0.899358797669517
PRKACB	-0.140805377946034	0.636674310771903	0.937125860077175
ITGA6	0.351456070279131	0.250629765531257	0.888625693505588
SFPQ	0.563715795671271	0.265865352197911	0.888625693505588
PPIB	-0.112352611620409	0.650880830042401	0.937334454842977
RPS3	0.283708935362203	0.246829226022071	0.888625693505588
AHCY	-1.45113484647852	0.226551062626125	0.888625693505588
CFL1	-1.08331614776733	0.353391540693288	0.888625693505588
EIF4B	-0.820886799290882	0.372984462544758	0.888625693505588
DTYMK	-0.461362133093775	0.332695836143317	0.888625693505588
RRM1	-1.06764712132168	0.250160601039604	0.888625693505588
EEF1B2	-0.552527270499013	0.427480172400419	0.892335408447821
ACP1	-0.475129490083351	0.405335003050814	0.892335408447821
POLR2A	-0.380491031225894	0.553195242014013	0.919036315404029
CDK2	-0.688716962609913	0.310281033005639	0.888625693505588
MCM3	0.287123506654272	0.529237261681425	0.911831550549262
MPST	-0.0557597955823645	0.824572681348238	0.97304407599618
RPS12	0.0939970048487844	0.760765742327713	0.96574401473208
DNAJB1	-0.642736000445332	0.39293114978122	0.888625693505588
DNAJB2	-1.26276862718926	0.219113981579195	0.888625693505588
PSMA1	-0.227216376893562	0.626803706584677	0.936223895294503
PSMA2	-0.285986905186061	0.547991739028169	0.918241534519892
PSMA3	-0.521979558696678	0.380293223084531	0.888625693505588
PSMA4	-0.435336985487588	0.454923804924054	0.894190423123502
ITGA3	0.180603968590439	0.656396954521181	0.939148768408712
MSN	-0.457009646060577	0.481579373153479	0.901527764344115
DDX6	0.139595000335444	0.743887251278457	0.95939902598523
DNMT1	0.777517212306602	0.0938646742219766	0.888625693505588
U2AF2	0.0702311548746231	0.834052160456179	0.973242659637723
RPL13	-0.225664846955155	0.373677221485477	0.888625693505588
S100A4	-1.52103433108608	0.304193085568004	0.888625693505588
HMGB2	-1.05864872304117	0.475630641346385	0.898719460109556
PTBP1	-0.0384260663234244	0.892256478608406	0.981785915199133
TARS1	-1.27356905931951	0.297961057111794	0.888625693505588
VARS1	-0.654280437096439	0.345797722211171	0.888625693505588
EEF1G	-0.644099030427668	0.259527946283084	0.888625693505588
STOM	-0.346871388080224	0.166300920153473	0.888625693505588
YWHAQ	-1.13496701014992	0.258282562176337	0.888625693505588
MAPK3	-0.0967649068052303	0.919896356929915	0.985044803395672
MARK3	-1.54140353700014	0.081036221512617	0.888625693505588
RPL10	-0.0586183531848974	0.841056435133386	0.973883915228908
RPA1	-0.115463186612235	0.893452759420236	0.981785915199133
APEX1	-0.511937185160214	0.42593264243548	0.892335408447821
CAD	-0.898394549324923	0.218607594577806	0.888625693505588
CALR	-1.22126438562666	0.182861465720201	0.888625693505588
MAP4	0.118450839735353	0.903320144288969	0.98202165336277
CANX	0.0811414640455155	0.696155917506906	0.949670932395934
PSMB8	-0.0066803191209317	0.983914359691669	0.998524511468581
PSMA5	-0.78951863684334	0.2294827182075	0.888625693505588
PSMB4	-0.4445137166176	0.342199979481797	0.888625693505588
PSMB5	-0.471967533838765	0.37256505127118	0.888625693505588
ITPRID2	-0.269503136061875	0.36475685737904	0.888625693505588
POLD1	0.403092395828864	0.671865108127551	0.944722704185831
MAPK1	0.107851814709399	0.791767167974802	0.967084956050919
ERCC5	-0.0324583631033093	0.901280791540994	0.98202165336277
LAP3	-0.141627766520052	0.532903324408406	0.912662688477534
TPP2	-0.640715567888115	0.324435721915691	0.888625693505588
SHC1	-0.145569830573198	0.763096647546605	0.965758464642737
MPG	0.729343272918786	0.12447719514978	0.888625693505588
CRABP2	-0.671293614735646	0.510214917654963	0.904475408349742
TKT	-1.14719646362489	0.473047947990527	0.898022684843475
RBMS1	1.12547997797115	0.139412285089504	0.888625693505588
EEF1D	-0.833439200557109	0.13060593057214	0.888625693505588
MARCKS	-1.24327401566361	0.210303669827025	0.888625693505588
ERP29	-0.916716978559382	0.273308032418198	0.888625693505588
PRDX6	-1.24350547580586	0.360894305481392	0.888625693505588
BLVRB	-1.4819656861782	0.117585173691736	0.888625693505588
PRDX5	-0.239944946217456	0.502030211994763	0.903537852282781
PRDX3	-0.0623239856170308	0.776868739738718	0.965758464642737
RPL12	-0.172767621528955	0.565060082595195	0.922447328115156
CMPK1	-1.33888436351043	0.0970399285908609	0.888625693505588
PEBP1	-2.31089436597144	0.070929194652281	0.888625693505588
PDIA3	-0.00155613400901089	0.997804914500418	0.999219935408577
PPP2R1A	-0.985954345410459	0.146818211427261	0.888625693505588
NMT1	-0.367214045649508	0.55099863477024	0.918536961775053
LRPAP1	-0.0938307231503224	0.716670468139576	0.950094192680728
CLIP1	0.341396313838757	0.293462028381995	0.888625693505588
SLC7A1	0.475384355710936	0.214463119240076	0.888625693505588
POLR2B	0.06751930456943	0.881798854737685	0.980729167535481
MAT2A	-1.270054328354	0.196382888882756	0.888625693505588
PRKAR1B	-0.689280425242458	0.029537112683341	0.748809404343292
CPS1	-0.205368089769038	0.451260487908002	0.892335408447821
DNAJA1	-0.648984611655337	0.245631494630132	0.888625693505588
ATIC	-1.68326993971329	0.124534383481663	0.888625693505588
HNRNPH3	0.14982110217867	0.644943607660138	0.937125860077175
HNRNPH1	-0.0638782119760606	0.863010472566693	0.978015349449015
YWHAB	-1.02193079457735	0.215705577410056	0.888625693505588
SFN	-0.341697957474423	0.607007232555152	0.932552256381339
STIP1	-1.1216172871362	0.351017540678215	0.888625693505588
S100A11	-1.02396350544207	0.490741909853065	0.902214623506749
L1CAM	-0.0643210605675364	0.78214034916659	0.967084459007165
INPP5B	0.146965366853426	0.732185765388198	0.957011631818562
PRDX2	-1.30048069382766	0.327133429914003	0.888625693505588
RPL9	-0.0465196053985082	0.863760063454352	0.978015349449015
ACSL1	0.192749727283474	0.453081452756639	0.892335408447821
KIF5B	-1.56390972147429	0.0903215814296388	0.888625693505588
CSTF2	-0.612233468350457	0.433009453694456	0.892335408447821
DUT	-0.357580886762896	0.705205836678967	0.949670932395934
TTK	0.0475221900506035	0.906729390603544	0.982690245512949
MCM4	-0.184151401697985	0.761415358687195	0.96574401473208
MCM5	-0.0951758211973548	0.839183589463908	0.973883915228908
MCM7	-0.563557174982492	0.305958408220921	0.888625693505588
HSPA4	-0.552217262447876	0.492314007789066	0.902305993733371
GPC1	0.429949132391737	0.348488742734135	0.888625693505588
CTNNA1	-0.365855252049055	0.273092799112134	0.888625693505588
CTNNB1	0.0565721382851869	0.803867378864471	0.969110515984846
SERPINB6	-0.872843778078192	0.282061832810158	0.888625693505588
RDX	-0.355008057889453	0.42832702287085	0.892335408447821
RFC4	-0.389367269495672	0.651830657561525	0.937362794527338
RFC2	-0.283485038301507	0.363450421905193	0.888625693505588
RPL22	-0.244001177228359	0.318866150237126	0.888625693505588
GTF2F1	-0.33551505509843	0.553814461069766	0.919036315404029
SPR	-0.464154053934401	0.259104706048584	0.888625693505588
MYH9	-0.78456537742316	0.26175010548109	0.888625693505588
COPB2	-0.352425656066643	0.496529988609447	0.903103570555654
BSG	-0.0500673065593489	0.846185988901431	0.974571276384782
FUS	0.130737833585655	0.641655590906174	0.937125860077175
NUP214	-1.55890574828638	0.0217723206539195	0.708088376033904
DEK	0.297107550343597	0.28436329565441	0.888625693505588
PSMC2	-0.588856455795128	0.256912804944208	0.888625693505588
ARL2	-0.555777227172779	0.0816977565377019	0.888625693505588
ARL3	-0.897454016442204	0.160410837592036	0.888625693505588
ATP6V1E1	-0.122526571433202	0.667077227994938	0.942315235619195
RPL4	-0.0869660939454135	0.788785321731358	0.967084956050919
NUDT1	0.0527649078629757	0.887621064820224	0.981785915199133
PPP1CC	-0.558645049648256	0.185707685206162	0.888625693505588
SRP14	-0.297645112105339	0.534566205955634	0.912662688477534
NUP62	-0.744539878031173	0.102325237737017	0.888625693505588
FDFT1	0.0979228788881024	0.727249718572713	0.955881259443981
TAGLN2	-1.90746643506368	0.145244361720984	0.888625693505588
TALDO1	-1.29377729266205	0.244522359570234	0.888625693505588
ETFB	-0.370475998898602	0.190393984322523	0.888625693505588
ATP6V1A	-0.798042366501836	0.0137594416221507	0.677829072941154
HSPA9	-0.355183687278817	0.119979449668202	0.888625693505588
EIF4A3	-0.47452745394046	0.462031874156865	0.894390686592813
RPS19	0.207392614063568	0.47605337014994	0.898719460109556
RPL3	-0.156662113728185	0.656771076742114	0.939148768408712
FEN1	1.02939530512683	0.337113651126352	0.888625693505588
CAPG	-0.906965980281083	0.26417160502566	0.888625693505588
TXLNA	0.367532294941654	0.289897988373053	0.888625693505588
CCT6A	0.426338143304068	0.689959648441576	0.948679403227176
ARL1	0.418183991551398	0.348371463970849	0.888625693505588
MLH1	-0.0603934235565795	0.837964219059018	0.973883915228908
PEX19	-0.428901620245618	0.292675178624876	0.888625693505588
MDH1	-1.16021359489019	0.28503976549357	0.888625693505588
RFC5	-0.534290255013907	0.200541541499966	0.888625693505588
RFC3	-0.338933790281931	0.282717167003528	0.888625693505588
EIF2S3	0.00445846682664452	0.990293653983787	0.998524511468581
NAA10	-0.321361261186816	0.614188834237008	0.934056605209952
PPP1R2	0.234955989488029	0.55020600107509	0.918536961775053
GARS1	-0.802995426787433	0.141399241874267	0.888625693505588
IARS1	0.146625655959241	0.828271201652302	0.97304407599618
PRKCI	-0.945037051075161	0.0950160082510434	0.888625693505588
STAT1	-0.605209004847531	0.503056125348277	0.903799184526245
MTREX	-0.0398501023348174	0.896153243809123	0.981785915199133
MTOR	0.370860994750007	0.473194140169495	0.898022684843475
EPS15	-0.09701223595874	0.741917748567732	0.95939902598523
RPS27	-0.030816251793599	0.905405180775905	0.98202165336277
RPL35	0.48086585455443	0.492100926204974	0.90228616185795
CDKN2A	-2.06627991900961	0.0336747697767786	0.787040053486283
PRCP	-0.137577011273905	0.69227633541094	0.948679403227176
PAFAH1B1	-0.842677593104799	0.0571152652725418	0.888625693505588
MCAM	0.229814969524806	0.30851370762502	0.888625693505588
MATR3	0.156214495666859	0.605965016752966	0.932321985115568
MSH2	1.16956218264266	0.22359380682849	0.888625693505588
MAGEA1	-0.274534105210599	0.581700042397614	0.922817883760937
PSMC4	-0.404727341934475	0.258964203051198	0.888625693505588
CBX5	-0.188165364489585	0.724170204066727	0.954364336880848
USP5	-1.57935819899241	0.0935796686529279	0.888625693505588
RANGAP1	0.128157957460211	0.59396245419733	0.928028889313495
RECQL	0.66946413395813	0.0467682737855961	0.880083493508337
NOP2	-0.601003263580534	0.0904117120134431	0.888625693505588
CRK	-2.43578820528013	0.0713210662122557	0.888625693505588
BAG6	-0.353155104430417	0.406609915944773	0.892335408447821
RPL27A	-0.25733997707534	0.375828087252442	0.888625693505588
RPL5	-0.152428104941084	0.646672676439248	0.937125860077175
RPL21	-0.491057731532742	0.113020175196853	0.888625693505588
RPL28	-0.078791963507868	0.846349127152717	0.974571276384782
RPS9	0.229738345676669	0.471279808965772	0.898022684843475
RPS5	-0.1722540451537	0.855752222293671	0.977345279992848
RPS10	-0.145969846085173	0.634203500597344	0.937125860077175
GNPDA1	-0.833725263665926	0.363315837933285	0.888625693505588
YAP1	-0.454683149967725	0.308437585203064	0.888625693505588
IQGAP1	-0.860206221662082	0.437002881630287	0.892335408447821
GYG1	-0.645368105825327	0.418879266890768	0.892335408447821
PLA2G4A	-4.79204284631014	0.00701549710990063	0.530442925546893
CAPZA2	-0.586593004508217	0.318683483402904	0.888625693505588
CAPZB	-0.445159263374059	0.508612574574896	0.904475408349742
QARS1	-0.0436438097059515	0.852640936992596	0.97586592295061
RPL29	-0.441565546747967	0.180763620076003	0.888625693505588
PIP4K2A	-0.275072464592434	0.276429449709764	0.888625693505588
ARCN1	-0.291240822354233	0.639103380352258	0.937125860077175
GCLM	-1.35163463750709	0.0737259773350376	0.888625693505588
PSMD8	0.127549699406366	0.692280237700394	0.948679403227176
PRRC2A	0.982654132473883	0.124560191690931	0.888625693505588
CCT5	-0.779996969688277	0.385544090816323	0.888625693505588
CSNK1A1	0.0773583067161567	0.922043787002244	0.985044803395672
ADGRE5	-0.325594178891112	0.246871955190235	0.888625693505588
POLD2	0.415713005686968	0.640747588087658	0.937125860077175
MARCKSL1	-1.13676103902213	0.157958935028041	0.888625693505588
ALDH9A1	0.0225571438142467	0.952615240368786	0.994149379096295
RPL34	0.0131749375938455	0.974595022190004	0.997171649997617
RPIA	-0.453990026251788	0.138265226341708	0.888625693505588
LMAN1	0.266864068657355	0.375307184850011	0.888625693505588
NASP	-0.398280942001403	0.71310288598302	0.949670932395934
FASN	-0.807004558956763	0.396657099245484	0.888743003382273
CCT3	-0.404221324566883	0.579889070084648	0.92276129926035
ALDH7A1	0.377780111790798	0.133842669420268	0.888625693505588
SRP9	-0.0841441870470199	0.81682193888911	0.969956356556953
AARS1	0.375054342379315	0.733869084376213	0.958088962657971
CARS1	0.00940817530499061	0.989952300508149	0.998524511468581
SARS1	-1.36544728345046	0.240335405315055	0.888625693505588
PRIM1	-0.0901959724686812	0.841199967752113	0.973883915228908
PRIM2	-0.595825618115057	0.179387503601105	0.888625693505588
CSNK1E	-0.0641497557024877	0.812925174076366	0.969956356556953
PSMB3	-0.0593288779775136	0.869475445431042	0.978015349449015
PSMB2	-0.269833762323305	0.656835722357136	0.939148768408712
MCM2	-0.123550377402399	0.803359995457382	0.969110515984846
TMED10	-0.0692449181719184	0.796211098413219	0.968875534648492
NUMB	0.0806886125706221	0.832491326914311	0.97304407599618
EIF2B2	-0.287305708265883	0.673075388818505	0.944722704185831
HINT1	-0.808032483462259	0.336898991924158	0.888625693505588
RANBP2	-0.106682251666321	0.730206296666713	0.956266521772089
MTHFS	-0.480361804266714	0.310347989291515	0.888625693505588
LIG4	0.133967425431774	0.642999431754655	0.937125860077175
MRE11	-0.119500690498157	0.769393704146614	0.965758464642737
GDI2	-1.09495974724945	0.319711002422524	0.888625693505588
SERPINH1	-0.0607721941861925	0.889878321864237	0.981785915199133
ST13	-0.783133077225866	0.510767228740363	0.904475408349742
PEX5	0.660784367284883	0.263314925700133	0.888625693505588
DNM2	-0.281007959902627	0.528998890762462	0.911831550549262
METAP2	-0.0333378009430305	0.961585319425445	0.995779224512529
CDK7	-0.623695811894361	0.167153446566427	0.888625693505588
CDK9	0.0989433068310888	0.764304441371265	0.965758464642737
LRBA	-1.48968150430806	0.0575552885598748	0.888625693505588
RPL14	0.0773637380750785	0.730486397418599	0.956266521772089
CCT8	-0.431416308148936	0.516820369951854	0.904625838138404
CCT4	-0.5872913538985	0.451487037571366	0.892335408447821
FXR1	0.202915983226184	0.636789181948768	0.937125860077175
FXR2	0.622634631504379	0.185131725541006	0.888625693505588
RAB5C	0.0552548653942395	0.800138389735157	0.969110515984846
RAB7A	-0.117148540501088	0.58051600195105	0.92276129926035
RAB9A	0.265702203581661	0.281174377654235	0.888625693505588
RAB13	-0.410868156943081	0.269213694425666	0.888625693505588
DAP	-0.149638793140298	0.600175349141902	0.929969514596049
HCFC1	-0.411718485077849	0.0884827177336523	0.888625693505588
PSMD7	-0.207467544839226	0.567084232596496	0.922447328115156
RPS6KA3	-0.832976163921565	0.142880953317335	0.888625693505588
HDGF	-0.86444505967518	0.530828634112628	0.911831550549262
HNRNPA3	0.397527918511607	0.51962370438649	0.905085057331221
PGD	-1.43838465553372	0.20973530708287	0.888625693505588
HNRNPM	0.175691726820776	0.696073231376573	0.949670932395934
KPNA2	-0.696015717543347	0.303900576902173	0.888625693505588
POLR2H	-0.375906250362906	0.68262864697957	0.946793973196754
POLR2J	0.303843268140568	0.505056834101202	0.904475408349742
ARHGDIA	-0.930167495651105	0.318250403791536	0.888625693505588
SLC7A2	0.0792683636918206	0.7640159143187	0.965758464642737
AGFG1	-0.014611519495233	0.959015817663333	0.995779224512529
HNRNPF	-1.25147044784665	0.018130689102701	0.708088376033904
MSH6	-0.52487144936255	0.311879362525509	0.888625693505588
RIDA	-0.555570016041607	0.12283520882709	0.888625693505588
HK2	-0.61287414587089	0.451197032958682	0.892335408447821
CAPZA1	-1.08260456371723	0.139777609686077	0.888625693505588
CRIP2	-0.329237312373724	0.290926105977282	0.888625693505588
NUP98	0.441178796065113	0.392364620628427	0.888625693505588
PPP5C	-1.20630172611098	0.290699866558546	0.888625693505588
PLK1	-1.7535380762757	0.084964365690118	0.888625693505588
ARFIP2	-0.564163381907736	0.418098315898534	0.892335408447821
ACLY	-0.648227681619318	0.58499866747886	0.924303740665767
METAP1	0.0570555823099141	0.907184000733753	0.982690245512949
COPB1	-0.645532584978017	0.344803332179929	0.888625693505588
COPA	-0.301207587549232	0.481473040214395	0.901527764344115
CTSC	0.103769355903875	0.699760014834228	0.949670932395934
CLTCL1	-0.712924252656286	0.228855479026733	0.888625693505588
AP2S1	-0.571257223461227	0.248312674111252	0.888625693505588
SLC16A1	-0.0584359576675659	0.839986696132068	0.973883915228908
IST1	-0.103818752402788	0.720387364178161	0.952756605869783
SEC24C	-0.267694645322038	0.438614669035599	0.892335408447821
SUB1	-1.20328324559971	0.333237392754176	0.888625693505588
CLNS1A	-1.57516679556343	0.106043257178833	0.888625693505588
RARS1	-2.13816935597174	0.0433456005626031	0.863929039161532
ATN1	0.347027712698782	0.149385999021628	0.888625693505588
YARS1	-0.944757888299474	0.33622465141678	0.888625693505588
USP14	-0.257504052644986	0.83651592849831	0.973883915228908
PRKAG1	0.0746675123468847	0.86356830015868	0.978015349449015
ATP1B3	0.18843089276233	0.507332665160243	0.904475408349742
RAD23B	-1.21394490385487	0.217168493109652	0.888625693505588
AK2	-0.752624912748765	0.189660116169422	0.888625693505588
NAPA	-0.122052817942944	0.615881175305448	0.934056605209952
EIF5	-0.367754115307978	0.572063076802375	0.922447328115156
PSMD4	-0.353215680336213	0.400950030247806	0.892015440090155
CSE1L	-0.695957712427973	0.478004866459185	0.899358797669517
VCP	-0.130673365202263	0.795271142734544	0.968875534648492
MFAP1	0.00460368932603217	0.987976813810013	0.998524511468581
NAP1L1	-0.692558550874125	0.507632280514001	0.904475408349742
ADAR	-0.464495451231464	0.165085528021002	0.888625693505588
TPD52	-1.4103787934361	0.188030013806597	0.888625693505588
SEC13	0.0768023528469861	0.816526510459613	0.969956356556953
SNU13	0.193852279964364	0.504484364094102	0.904475408349742
NPEPPS	-0.148047976426078	0.929581109520459	0.987172731686195
EIF3B	-0.0745403401521898	0.805403446799582	0.969110515984846
MARS1	-0.41883520907156	0.490667050184809	0.902214623506749
EIF6	-0.394349851580856	0.535480142245748	0.912662688477534
GEMIN4	0.276539791402101	0.574219698130923	0.922447328115156
NUP107	-0.163930295614136	0.536797645078082	0.912662688477534
EEFSEC	1.15255266364861	0.0197376758070974	0.708088376033904
EPPK1	-1.07708470208894	0.299666514737201	0.888625693505588
ARPC4	-1.0581392252357	0.209150249540161	0.888625693505588
TPI1	-0.815391426990665	0.472731995540675	0.898022684843475
EIF3E	0.0465683292295189	0.85257157015249	0.97586592295061
PPP4C	0.597744853672459	0.170299686929625	0.888625693505588
MYL6	-1.12651639428272	0.321480833537078	0.888625693505588
ACTB	-0.920239673765106	0.275645880491596	0.888625693505588
EIF4A1	-0.913464467717084	0.307547591911302	0.888625693505588
RPS20	0.193794593140996	0.577042706889926	0.922510868212962
PRPS1	-1.27819171978013	0.265615921049344	0.888625693505588
PSMA6	-0.423578006462154	0.418913759536354	0.892335408447821
S100A10	-0.122617968277329	0.770686857037181	0.965758464642737
CDC42	-0.0189553530104014	0.930009072782062	0.987172731686195
DSTN	-0.776599284867281	0.344638985071535	0.888625693505588
RAB8A	-0.189056484331086	0.709872855725819	0.949670932395934
SRP54	-0.00161203716695013	0.99739517314504	0.999219935408577
RAB2A	-0.0360257699055424	0.890627043953712	0.981785915199133
RAB5B	0.318851766072154	0.359605377364022	0.888625693505588
RAB10	0.246926828314908	0.624488598376959	0.936223895294503
RAB14	-0.405806072258819	0.365176857464305	0.888625693505588
ACTR3	-1.00631398930102	0.136996558894074	0.888625693505588
ACTR2	-1.07884808932596	0.184880492928298	0.888625693505588
ACTR1A	-2.08274148023468	0.0257523429098498	0.722523281263143
COPS2	-0.431409771906338	0.581208146732198	0.92276129926035
ARF3	-1.68600952664016	0.124976846237197	0.888625693505588
ABCE1	0.115967106258662	0.816122132210836	0.969956356556953
RAP1B	-1.98636501663128	0.110718922838346	0.888625693505588
RAP2B	-0.23694596219606	0.501095765606391	0.903537852282781
RPS3A	-0.429733344157341	0.181108873434896	0.888625693505588
RPL26	-0.501128878466709	0.148553901727403	0.888625693505588
PSME3	-0.407233225039636	0.616841685484985	0.934056605209952
RPL15	0.0429489177545825	0.924531220695236	0.985551490810513
RPL27	-0.160460438390686	0.583387053245125	0.923523649583571
RPL37A	-0.168657772006313	0.581146011585228	0.92276129926035
NAA20	0.12060481003758	0.792165513469017	0.967084956050919
HSPE1	0.138355497278237	0.608784176684074	0.933045350040622
VBP1	-2.59927443214373	0.0263649113290188	0.730520928191011
STXBP1	-0.225530720824025	0.573994655903031	0.922447328115156
COPZ1	-0.666603546262913	0.274439577229441	0.888625693505588
UFM1	-0.831727850473644	0.232368508355846	0.888625693505588
DCAF7	-0.151018136941779	0.738757913815279	0.95939902598523
WDR5	0.104425392503657	0.731960118476064	0.956997095111877
AP1S1	0.144692222554372	0.595099978207634	0.928028889313495
HNRNPK	-0.274631885584096	0.586665098022805	0.924303740665767
YWHAG	-0.820483988633995	0.312457369239058	0.888625693505588
RPS7	-0.0131986227713838	0.966495780138196	0.995779224512529
PPP1CA	-0.384362608045951	0.317013476034569	0.888625693505588
PPP1CB	0.223452210944078	0.628826589773386	0.937125860077175
NCS1	-1.0312978930524	0.0847064817033894	0.888625693505588
PSMC1	-0.0832130106682243	0.867486639430054	0.978015349449015
PSMC5	-0.416141081876965	0.373958816054704	0.888625693505588
RPS8	-0.115468543196698	0.743645922366675	0.95939902598523
RPS15A	0.149656153099365	0.537525975733069	0.912662688477534
RPS16	0.049033587224887	0.875751024726541	0.978343413118859
YWHAE	-0.930158178260839	0.502502995742928	0.903537852282781
RPS14	-0.207449690073091	0.382174958490437	0.888625693505588
RPS23	0.763337824861289	0.014412285105996	0.678197248657913
RPS18	-0.308830641000696	0.330811357920666	0.888625693505588
RPS29	0.281593065075437	0.554946546311131	0.919403094647269
RPS13	0.000974666778809308	0.99809998479727	0.999219935408577
RPS11	0.088545941949743	0.752082078419802	0.961880204079913
SNRPE	-0.741186768663816	0.0453984722367675	0.869195642267039
SNRPF	-0.0374772974982598	0.902609713494092	0.98202165336277
LSM3	-0.576980501614184	0.396622559125917	0.888743003382273
LSM6	-0.129637647043022	0.672602229591802	0.944722704185831
SNRPD1	-0.0591239671911978	0.837818262604662	0.973883915228908
SNRPD2	-0.193470565681444	0.62330640486033	0.936223895294503
SNRPD3	0.318838262331852	0.347259619152965	0.888625693505588
TMSB4X	-1.50194203014416	0.336345338806223	0.888625693505588
ARF6	-0.285827989749411	0.553059588916365	0.919036315404029
PSMC6	-0.772029971726472	0.0977068720652027	0.888625693505588
RPL7A	-0.354698274797165	0.23249246142463	0.888625693505588
POLR2G	0.204231477804331	0.482492787489654	0.902214623506749
ETF1	-0.970536141601784	0.0836470555787455	0.888625693505588
YPEL5	-0.246064344669524	0.348777181573545	0.888625693505588
RPS4X	0.0440790494755703	0.874317206162754	0.978015349449015
RPL23A	-0.23453045796531	0.391569306977473	0.888625693505588
RPS6	-0.0631727680534055	0.843443404687408	0.973883915228908
H4C1	-0.490102493659535	0.463979582910645	0.894390686592813
RAB1A	-0.314117159270278	0.17139907271375	0.888625693505588
RAN	-0.866549933893676	0.277119618501831	0.888625693505588
RPL23	-0.442001662880671	0.158231425291102	0.888625693505588
RPS15	0.346302727796569	0.353170651034536	0.888625693505588
RPS24	-0.125243505566488	0.694018318768344	0.948679403227176
RPS25	-0.266818362359921	0.355273665399995	0.888625693505588
RPS26	0.466683129573887	0.13781604839569	0.888625693505588
RPS28	0.177403176095766	0.647681676142929	0.937125860077175
FAU	-0.483268282075272	0.367668331968221	0.888625693505588
POLR2L	0.274359308730023	0.362170595051484	0.888625693505588
RBX1	0.0694995008376047	0.751043422275133	0.961597920318989
RPL30	0.0395699178517717	0.861024696824332	0.978015349449015
RPL39	-0.498666181386117	0.0812757328742218	0.888625693505588
RPL31	0.0475881432015584	0.895389180980639	0.981785915199133
RPL10A	0.255350518211372	0.249046630737555	0.888625693505588
RPL32	0.150342145781579	0.594798265161713	0.928028889313495
RPL11	-0.244392762358224	0.350322712972055	0.888625693505588
RPL8	-0.424480873752636	0.347000435155351	0.888625693505588
PPIA	-1.76745591055768	0.244175926774248	0.888625693505588
GRB2	0.921977808616422	0.255480357967715	0.888625693505588
RAC1	-0.319112746900437	0.405291470888903	0.892335408447821
AP2B1	-0.263006370864215	0.364193336916043	0.888625693505588
GNAS	0.298102758124884	0.260055041602384	0.888625693505588
PPP3R1	-1.05807986792309	0.153998030946648	0.888625693505588
YWHAZ	-1.79131423432428	0.0861005831327731	0.888625693505588
PPP2R2A	-0.456902124934039	0.401072139223901	0.892015440090155
SUMO1	1.30502928999819	0.214152299655052	0.888625693505588
DYNLT1	-0.262863306936403	0.526823231437789	0.911831550549262
RPL38	0.275961901362702	0.253422613290111	0.888625693505588
SKP1	-0.83858589364068	0.346887334553026	0.888625693505588
RPS21	0.029519916612692	0.938473835060418	0.987389570331256
EIF5A	-0.635267423049996	0.435828341852342	0.892335408447821
RACK1	-0.28332713355185	0.318609316458719	0.888625693505588
UBE2I	-0.460350215912229	0.540686329183498	0.914297302469542
TMSB10	-2.1544582979169	0.202719034480613	0.888625693505588
YBX1	-0.250060259718087	0.292763250478437	0.888625693505588
CSNK2B	-0.118701879583249	0.696153681848061	0.949670932395934
TPM4	-0.863433007718349	0.456772108858974	0.894190423123502
TUBA1B	-0.0271652358258976	0.983402497935736	0.998524511468581
TUBA4A	-1.53347886432785	0.123703221579683	0.888625693505588
TUBB4B	-0.546196583863853	0.462682310304533	0.894390686592813
CSNK2A1	0.0787157530688525	0.75343791703985	0.962510466184069
PAFAH1B2	-1.6899523350689	0.203670612464923	0.888625693505588
IGBP1	0.196918563415188	0.851262665621496	0.97586592295061
EIF4G2	-0.213024559148884	0.722546010258514	0.953805012441928
RPP38	-0.247528410654901	0.509884043959707	0.904475408349742
RPP30	-0.0563413834409126	0.885026186676599	0.981785915199133
GTF2I	0.106178977618015	0.653622006566173	0.937558768904083
PIP4K2B	-0.0380928729376748	0.912210522244488	0.984449325317201
SRPK2	-0.398732792533906	0.509380776254967	0.904475408349742
CCT2	-0.4878481458544	0.478947503130074	0.899993602132798
RAE1	-0.265342689727419	0.473924282878719	0.89817071237554
GSTO1	-1.81800597719347	0.11843744889742	0.888625693505588
PRKDC	-0.599654490303497	0.17027472148845	0.888625693505588
BASP1	-0.0195315666007332	0.945283257479502	0.991507664531559
HMGN5	-0.21261481574631	0.770071847043268	0.965758464642737
SARNP	-0.387939052390621	0.371751421177944	0.888625693505588
RPL24	-0.1728564790291	0.566021036622564	0.922447328115156
ARF1	-0.931695340920918	0.253515380308245	0.888625693505588
ARF5	0.295767575610824	0.571195533557486	0.922447328115156
RHOG	-0.263461411729114	0.373906411916141	0.888625693505588
RPL19	0.112046948283499	0.9142932475685	0.98447071624501
SRSF3	0.872783142864208	0.022398110151781	0.708088376033904
CCZ1	-1.23158450695888	0.240194156965324	0.888625693505588
DAB2	-0.989003264190355	0.17910801337682	0.888625693505588
RBM3	0.00522659614561505	0.988999283900305	0.998524511468581
CYCS	-0.225398947382551	0.484127078814875	0.902214623506749
HDLBP	-0.311109390260597	0.226719091750806	0.888625693505588
GTF2B	0.094561213810902	0.827765958075938	0.97304407599618
CDK5	-0.375893348677963	0.314344901603618	0.888625693505588
PURA	-0.00442541954911491	0.986741496874117	0.998524511468581
CLTC	0.427230905658647	0.235507792532794	0.888625693505588
FKBP3	-0.072205283451634	0.77744897455175	0.965758464642737
REEP5	-0.0148743453933662	0.964099743240685	0.995779224512529
HNRNPU	-0.257013022150282	0.581250672701543	0.92276129926035
SPTBN1	1.08783945019187	0.264058130854408	0.888625693505588
TIAL1	-0.302708339988385	0.330376322687579	0.888625693505588
SET	-0.544518230285902	0.617937974472104	0.934484760783178
SRSF2	-0.200658958098277	0.468184164066074	0.896766662043261
FABP5	-1.02746325507137	0.320392954626227	0.888625693505588
CAP1	-1.14516148041584	0.215760495053392	0.888625693505588
HMGCS1	-1.8825400883654	0.0781684446709481	0.888625693505588
IFITM3	-0.0640894064597717	0.815161201762415	0.969956356556953
SLC7A5	0.191307893889842	0.493290578859766	0.9023842450421
EXOSC10	0.0236795030735593	0.951940609923489	0.994149379096295
OTUD4	0.391821900013824	0.116714191800353	0.888625693505588
PFKP	-1.33501986840034	0.214507398689802	0.888625693505588
EWSR1	-0.195566169536839	0.488442190904701	0.902214623506749
OCRL	0.0917623519816715	0.866807840880503	0.978015349449015
PLCB3	0.252586189981052	0.689232449393673	0.948679403227176
COL7A1	-0.764096074442719	0.319793281558906	0.888625693505588
RPL18A	-0.0503875516864092	0.864844547889433	0.978015349449015
FKBP4	-1.14444173592326	0.170592636510788	0.888625693505588
RPL6	0.221145527558487	0.467087434827579	0.895796498976155
AKAP12	0.771660358558755	0.0845434965184321	0.888625693505588
DST	-0.185235693772405	0.602699875699224	0.930970964506316
TNFAIP2	0.662218625083465	0.233705160975065	0.888625693505588
EIF4G1	-0.168505083425416	0.701689465644184	0.949670932395934
KRT17	-0.235203673639923	0.643861853810036	0.937125860077175
TLE3	0.580630076267944	0.188420615953196	0.888625693505588
GLO1	-1.54051897526708	0.209904092876674	0.888625693505588
YWHAH	-0.30415355502031	0.682179936757325	0.946793973196754
PLP2	-0.422395100454541	0.386625056662162	0.888625693505588
CSTF1	0.0852137676856408	0.782887850264724	0.967084956050919
DNM1	-0.970509598688128	0.424483248589663	0.892335408447821
EEF1A2	-0.771972163303055	0.301990973868166	0.888625693505588
PRKCD	-0.657417139642064	0.0471042854221747	0.880083493508337
CALD1	-0.106289019879267	0.677756986278118	0.946793973196754
FPGS	0.315439757761858	0.412239328967282	0.892335408447821
PTPN11	-0.738751130436501	0.168422758322248	0.888625693505588
GFPT1	-0.36384086903416	0.714819050678138	0.949774158594407
EXOSC9	-0.482667777221373	0.318208131854857	0.888625693505588
PSME1	-1.2355096577651	0.290596519592921	0.888625693505588
PRDX1	-1.62970742469229	0.249796405642288	0.888625693505588
RPL18	-0.271069130532332	0.369319310609931	0.888625693505588
C1QBP	-0.0285147754374862	0.896342200484427	0.981785915199133
TJP1	0.538049032027697	0.119421384684268	0.888625693505588
BAX	-0.582848846330293	0.0531272555041528	0.888625693505588
POLE	0.976122944304819	0.080499758423969	0.888625693505588
KLC1	-0.611825735731244	0.357503463289428	0.888625693505588
SRSF1	0.0146344679252266	0.966972773259192	0.995779224512529
TLE5	0.510206835395515	0.548823195445586	0.918241534519892
PPP3CA	-0.727421584940405	0.128872176101788	0.888625693505588
DHX9	0.922060868257155	0.103007778440261	0.888625693505588
CRYZ	0.147897863031638	0.530408963243271	0.911831550549262
GOLGA3	-0.140588757366324	0.681796807812345	0.946793973196754
GOLGA2	-0.314013854217208	0.314368009332256	0.888625693505588
PPID	-0.876779701694019	0.293719714731082	0.888625693505588
SSRP1	-0.405893316152028	0.514647260055177	0.904625838138404
VAC14	0.296920132665161	0.369474437058919	0.888625693505588
NSUN2	-0.381034359798104	0.434065639260878	0.892335408447821
RBBP4	0.0250047655122181	0.9799128530534	0.998288581242415
NCBP1	0.308989388702916	0.463312600625984	0.894390686592813
AHNAK	-0.179385690871595	0.567931596023292	0.922447328115156
FCHO2	0.451762425454614	0.460722123020192	0.894390686592813
HSPA14	-0.439818513132593	0.400676377152299	0.892015440090155
GALNT2	-0.0181976153527259	0.934640234506758	0.987313701944295
AP1B1	-0.202711283825582	0.385684883178368	0.888625693505588
BST2	-0.153291528879862	0.617220771697921	0.934313492549855
WASHC5	-0.28395549352804	0.373067678774319	0.888625693505588
NUP160	-0.400239473542428	0.238546613998689	0.888625693505588
TWF1	-0.893270845372356	0.308300566091352	0.888625693505588
AKAP13	-2.08083548801243	0.0145933275784621	0.678197248657913
CDC20	-0.36567642192977	0.291074076820477	0.888625693505588
GRSF1	-0.399722096992921	0.51079764728439	0.904475408349742
SF3A3	0.401327907439903	0.272404337150703	0.888625693505588
TP53BP1	0.0894387180508751	0.893004606672881	0.981785915199133
IFRD2	0.0647693756571783	0.797801429226173	0.969110515984846
TRIM26	1.20843466070757	0.0808740960233313	0.888625693505588
AIMP1	-0.579551384187816	0.252367609806553	0.888625693505588
ILF2	-0.190769717753909	0.473862878837009	0.89817071237554
ILF3	0.39798175207752	0.128129205601832	0.888625693505588
TRAP1	-0.490157150490425	0.480724025414459	0.901527764344115
MYO1E	-0.252524688780287	0.850120062304786	0.97586592295061
MLLT11	-0.484299543452817	0.438362348173962	0.892335408447821
STRN3	0.0337270067137219	0.93952765764627	0.988265239509552
STK4	-0.807574612716675	0.133814002432143	0.888625693505588
FLII	-0.615984323303934	0.377059306676769	0.888625693505588
COASY	-0.630245085806052	0.316983799925708	0.888625693505588
ACACA	-0.260330405620607	0.683493488384175	0.946793973196754
GPS1	-0.234043721480774	0.595100108241716	0.928028889313495
CHAF1B	0.143609497108979	0.761154941063422	0.96574401473208
IK	0.610228856572906	0.200561661941926	0.888625693505588
MTAP	-1.76976545510382	0.117242409176084	0.888625693505588
PRKAA1	1.93827351997631	0.110406567098404	0.888625693505588
PPFIA1	0.203295414701198	0.390733693992529	0.888625693505588
EIF2B5	-1.43254612483807	0.142896311649531	0.888625693505588
TARDBP	-0.0976281319068057	0.737462152651136	0.958851257061125
HNRNPA0	0.276042873671429	0.419056934985386	0.892335408447821
AIMP2	-0.729677383583464	0.423687240574479	0.892335408447821
PRDX4	-1.54118646786872	0.264365987418855	0.888625693505588
CBX3	-0.563467758833443	0.334972591996364	0.888625693505588
STX5	0.0468467832245807	0.883728499295469	0.981651602429554
PSMD2	-0.751219378451445	0.103807746756288	0.888625693505588
NME3	-0.512372593938846	0.101534329801382	0.888625693505588
SRSF5	0.0829719332392571	0.831660765559997	0.97304407599618
SRSF6	-0.422478948812333	0.334184150521467	0.888625693505588
MAD2L1	0.322238602100278	0.483988161153936	0.902214623506749
TRIM28	-0.366781234133871	0.327265065127141	0.888625693505588
G3BP1	0.353778726930752	0.271679020172088	0.888625693505588
KCNAB2	-1.20304209451992	0.0982357692245434	0.888625693505588
SKP2	0.884755699241325	0.0876042133668871	0.888625693505588
PABPC4	-0.327618736422533	0.25828485560864	0.888625693505588
EIF3I	-0.0551313782105822	0.8851422572936	0.981785915199133
PPP2R5C	1.11965577066809	0.19605396962399	0.888625693505588
CTBP1	-0.216361528454506	0.660560845522329	0.940856300087838
PDCL	-0.304337251775145	0.286533004692328	0.888625693505588
DYNC1I2	-0.0628508702753088	0.814435568149743	0.969956356556953
ORC2	-0.0415753354744446	0.873153103325252	0.978015349449015
ILK	-0.780368082645712	0.281015509752896	0.888625693505588
SNTB2	0.0710558646132178	0.780755239384029	0.967084459007165
XRCC4	0.351825238106308	0.600099824512721	0.929969514596049
TCOF1	0.0574895465391627	0.86645495144793	0.978015349449015
SF3B2	0.0998461894889644	0.730459884106239	0.956266521772089
GOLGA4	0.172399052322497	0.63842007444437	0.937125860077175
PDAP1	-1.32675938407213	0.172449768278865	0.888625693505588
FKBP5	-0.576105913037249	0.221916112558201	0.888625693505588
PICALM	-0.126605085659833	0.749080062219354	0.961040214318709
SQSTM1	-0.332264363306933	0.47032359619855	0.898022684843475
TUBB3	-2.4945698388558	0.25777458631943	0.888625693505588
HDAC1	-0.724322275578619	0.152753852552154	0.888625693505588
CAMK2D	-2.23637278117054	0.000699010642915321	0.155914323902262
DCTN2	-0.603617817238117	0.329658111787402	0.888625693505588
SNW1	-0.152175271530197	0.547678758891185	0.918241534519892
PWP1	-0.153959502455113	0.771721231845854	0.965758464642737
CUL1	-0.0107883320697439	0.972522826219467	0.997041826405081
CUL2	-0.22992265567181	0.615914346302588	0.934056605209952
CUL3	-0.629491318314336	0.0904145276124957	0.888625693505588
CUL4A	-0.0542792938343091	0.896460483417146	0.981785915199133
CUL4B	0.691255813160911	0.251931942074513	0.888625693505588
TP53BP2	-0.124617249992756	0.852630703973721	0.97586592295061
GFUS	-0.750522018586569	0.328872852768414	0.888625693505588
RAB31	0.175841769730745	0.518305845269102	0.904625838138404
RAB32	0.42241059396401	0.0985824553947477	0.888625693505588
PMS2P11	-0.562773158707849	0.424428351451691	0.892335408447821
ALKBH1	-0.49110375542196	0.226875856172948	0.888625693505588
ALCAM	-0.0939810628625182	0.680466369886501	0.946793973196754
SPTAN1	-0.522713907464304	0.391487206687609	0.888625693505588
GNL2	-0.19586639019791	0.632222418660039	0.937125860077175
DDX39B	-0.317348596581986	0.295954011219333	0.888625693505588
BLMH	-0.879840980168574	0.375992138503643	0.888625693505588
EXOSC2	-0.0921302708659866	0.791988350482895	0.967084956050919
BYSL	-0.280671594357457	0.456454900680996	0.894190423123502
IDI1	-0.896761322817056	0.089762271288097	0.888625693505588
CKAP5	0.0822648762645173	0.959742778983231	0.995779224512529
CIRBP	-0.19208133051491	0.740939262074207	0.95939902598523
COX17	-0.124736469713106	0.703522943870849	0.949670932395934
HNRNPD	0.184885267261848	0.413794616857504	0.892335408447821
DSG2	-0.224967133322089	0.346877007629089	0.888625693505588
BOP1	0.558675103802873	0.218929213846511	0.888625693505588
UBE4A	-0.269619474354808	0.30209564757849	0.888625693505588
SAFB2	1.44118606894585	0.150149568645468	0.888625693505588
EIF3A	-0.0504708242097003	0.887934934124355	0.981785915199133
ARHGEF7	-2.09667357999964	0.0452164297683983	0.869195642267039
UBAP2L	-0.044642885990843	0.839054871449921	0.973883915228908
SCRIB	0.306814886899314	0.319438746121645	0.888625693505588
DCTN1	-0.759841375245493	0.0981197274691456	0.888625693505588
DYNC1H1	-0.550452207085712	0.20748085231014	0.888625693505588
ELOA	0.354920804982051	0.306729833755482	0.888625693505588
MAP7	-0.132275377569968	0.65978037808907	0.940345133116722
TRIM25	-0.0478514478107925	0.897579440761102	0.981827858916508
FAM50A	-0.0587731295627663	0.944603708738906	0.991186670443025
FRG1	0.135076060088295	0.586648616772113	0.924303740665767
PDE3A	-0.405367080349581	0.270621357888241	0.888625693505588
CAPRIN1	0.0911509620206381	0.744412177228752	0.95939902598523
RBM39	0.291581839679054	0.23820683179908	0.888625693505588
MCM6	-0.424780702692988	0.469067775659644	0.897139867897653
ITPR1	-0.240001309364409	0.39369135667306	0.888625693505588
TRIP12	-0.545387274726465	0.195856378801536	0.888625693505588
PUM1	0.308632660496585	0.446806897793216	0.892335408447821
CLINT1	0.310642105589078	0.199256993657884	0.888625693505588
SMC1A	0.440101898118495	0.146041625009056	0.888625693505588
USP10	0.466021171606776	0.102626141180391	0.888625693505588
GANAB	-0.391589431889592	0.589396500549109	0.926788082111236
MVP	-1.3995892446507	0.0555115734331118	0.888625693505588
CHD4	0.318673415155089	0.563051290026041	0.922252118712626
LASP1	-1.62110441262579	0.199494458539879	0.888625693505588
KPNB1	-0.881560631401513	0.348170609277968	0.888625693505588
NOLC1	-0.00438834121471032	0.99194721272831	0.998524511468581
NUMA1	0.0255331735052273	0.967350478324863	0.995779224512529
PSME4	0.194691066648755	0.777191404108438	0.965758464642737
NAA25	-0.564429306224149	0.227705492018433	0.888625693505588
NCAPH	0.00979329419013908	0.98419845132019	0.998524511468581
PCLAF	-0.642106725395244	0.140177029260536	0.888625693505588
PSMD6	-0.307705646263198	0.406409531984643	0.892335408447821
MORF4L2	1.5808779698881	0.0940066081036657	0.888625693505588
ABRAXAS2	-0.263766525458259	0.739886798508237	0.95939902598523
SART3	-0.210376448079703	0.319795189298579	0.888625693505588
NCAPD2	-0.657462659708248	0.279649365663653	0.888625693505588
SUZ12	1.21683906523197	0.0783549314358776	0.888625693505588
EXOSC7	1.41790433728265	0.15486686577337	0.888625693505588
EFTUD2	-0.778901900864298	0.158041611778975	0.888625693505588
SNX17	0.119200911092928	0.841431008113406	0.973883915228908
RAB3GAP1	-0.716531950443358	0.0946070055001479	0.888625693505588
KARS1	-1.03267421864622	0.0419572219220254	0.862539940065232
SETDB1	0.573970681702896	0.205376605067049	0.888625693505588
EIF4H	-1.3056032786662	0.211122668990359	0.888625693505588
KIF14	0.388303305635091	0.674414431884969	0.944722704185831
EEA1	-0.0436319488482653	0.8659291622372	0.978015349449015
PDIA6	-0.4227692780103	0.456886834620253	0.894190423123502
PAFAH1B3	-0.380093515756357	0.687676354016983	0.947705967028038
PLCB4	0.0188259052411652	0.959159767130004	0.995779224512529
PLEC	-0.491393187837737	0.0932749625437758	0.888625693505588
PCM1	0.69371621177233	0.263588977112849	0.888625693505588
PPA1	-0.813836417667993	0.52022627809094	0.905085057331221
PTGES3	-1.30203413825699	0.0741441657105057	0.888625693505588
NONO	0.182610541774288	0.621736183211749	0.935750712991773
PTPA	0.166646024333197	0.873025099650856	0.978015349449015
RABEP1	-1.92224532260617	0.167331350057338	0.888625693505588
RAB35	-0.101476743866897	0.68989440909167	0.948679403227176
RBBP5	0.359057956097626	0.165033702660969	0.888625693505588
RCN1	-0.693040448512555	0.302305542912257	0.888625693505588
LLGL1	0.470572862880779	0.477074490229501	0.899358797669517
PCBP1	-0.755116723004924	0.372247543627188	0.888625693505588
PCBP2	-0.724566195714729	0.25464659794268	0.888625693505588
ELOC	-0.296304164934931	0.650239961806739	0.937334454842977
ELOB	-1.65084263642532	0.0154622227521173	0.682940353437578
RHEB	-0.167424228357362	0.808391393092905	0.969378531611593
UBE3C	0.354184425918159	0.178854927582293	0.888625693505588
SF3B3	0.283887473195261	0.247308278486176	0.888625693505588
SF3B4	-0.67239729377625	0.0216546346526237	0.708088376033904
SEC23A	-0.363022632502961	0.231182856880518	0.888625693505588
SEC23B	-0.506080083861782	0.143507746767945	0.888625693505588
SF3A1	-0.0384994674237902	0.905024514961163	0.98202165336277
SKIC2	-0.756439812803475	0.209654275563707	0.888625693505588
TSN	-0.15019303294498	0.814872144049013	0.969956356556953
TARBP2	1.40417582879065	0.102211121669886	0.888625693505588
SF1	-0.576178885512707	0.306422374484488	0.888625693505588
TRIP11	0.705443356981455	0.134736430427614	0.888625693505588
TRIP13	-1.15558465302802	0.193037085708964	0.888625693505588
OASL	0.35836589555278	0.596938118477427	0.929473279765376
TRIP6	-1.13205601888539	0.0593659700841694	0.888625693505588
MAPRE1	-1.00333057058286	0.354532706033376	0.888625693505588
ELAVL1	0.0539683502221067	0.853062697159555	0.97586592295061
SLC1A5	0.108399417099559	0.621723745580908	0.935750712991773
MLF2	-0.176720345425373	0.569413479866478	0.922447328115156
STXBP2	-0.610855199333663	0.0632094759652794	0.888625693505588
NEDD8	0.616868208888526	0.421322241948783	0.892335408447821
RAB11B	0.316724561797827	0.452285294741889	0.892335408447821
ZYX	-1.12091579966084	0.183065192348712	0.888625693505588
ADRM1	-0.158974331759072	0.710148035533999	0.949670932395934
CCDC6	-0.305701942413592	0.646281359209526	0.937125860077175
PSMD5	-0.493751845054007	0.388371284008816	0.888625693505588
PKN2	0.179168341805497	0.740521732058848	0.95939902598523
DDB1	0.25185037004934	0.703365947034646	0.949670932395934
CDC37	-0.692338075552545	0.403878677709356	0.892335408447821
DPYSL2	0.176384377800037	0.851055419492351	0.97586592295061
RBBP7	-1.2181198243091	0.199164518272332	0.888625693505588
TAF9	-0.518364142681921	0.345751718884436	0.888625693505588
MEA1	-1.19196045131623	0.172304423377609	0.888625693505588
SRSF7	0.0590759780014913	0.912584034200995	0.984449325317201
CPSF6	0.308976900607185	0.247724454224513	0.888625693505588
SMN1	0.319867077360872	0.304661067587813	0.888625693505588
DBN1	0.0109733618447301	0.978197751085933	0.99796035666888
FSCN1	-1.59899770469283	0.157771506424986	0.888625693505588
NDUFA5	-0.423597042369842	0.147470621303162	0.888625693505588
KYAT1	-1.51731803772175	0.0486202513377531	0.880083493508337
GUK1	0.409397859295744	0.369077230544303	0.888625693505588
HAGH	0.436427042411992	0.236044474343848	0.888625693505588
H2AC18	-0.318493135202335	0.692494406889464	0.948679403227176
HADH	0.331550810280987	0.397609678639782	0.889983329860545
UGP2	0.409354831305691	0.79614829310518	0.968875534648492
ATP6V1F	-0.228117940541967	0.42551904091815	0.892335408447821
TXNRD1	-0.664162919794631	0.298450272694643	0.888625693505588
HNRNPUL2	0.043467742080761	0.872904359463597	0.978015349449015
INF2	-0.324622569127918	0.364630434674613	0.888625693505588
PDS5A	0.199140761619265	0.577622081384091	0.922510868212962
WASHC4	-0.129759353375082	0.710966050363932	0.949670932395934
TSR1	-0.464545921698928	0.386093514513134	0.888625693505588
TYSND1	-0.239770457227138	0.558572066174564	0.921257891825044
SMU1	0.31331487413668	0.399658340523842	0.892015440090155
AP5B1	0.249435569874379	0.484579546061259	0.902214623506749
LRRFIP1	-0.785484803565375	0.580406539442993	0.92276129926035
TRMT5	0.00614300130498791	0.991719977293649	0.998524511468581
EDRF1	-0.122275599037597	0.773686659948886	0.965758464642737
MAP7D1	0.271626021077882	0.576412753198876	0.922510868212962
LSM12	-0.0439159904449156	0.866126545026717	0.978015349449015
VPS26B	-0.0247361920845179	0.93518304420721	0.987313701944295
PREPL	-0.195344823232439	0.431389785471847	0.892335408447821
FAM98B	-0.211287662770147	0.513792691122013	0.904625838138404
PDCD4	-0.954625189777015	0.229657845579173	0.888625693505588
CEP55	0.409922474257662	0.491007016565069	0.902214623506749
LACTB2	-0.222236368643912	0.790877848993065	0.967084956050919
KLHL26	-0.109829686540017	0.913026084604987	0.984449325317201
SOWAHC	-2.13731197513065	0.00649235102272328	0.517185319863724
WDR81	0.894347552558575	0.215976368578043	0.888625693505588
CCDC93	-0.0954860937198063	0.87508372934878	0.978015349449015
DNAJC21	-0.41694597846309	0.215528537017773	0.888625693505588
PPP6R3	-2.02089501270145	0.190988705271986	0.888625693505588
PRRC2B	0.71695437548874	0.04500720228784	0.869195642267039
RRP12	-1.78997139485467	0.199082684065233	0.888625693505588
PCID2	-0.855043453356938	0.111452270504606	0.888625693505588
SPECC1	-0.17632151283992	0.535542394349882	0.912662688477534
PPP4R3B	0.263589133798288	0.43600699906329	0.892335408447821
SAMD4B	-0.0794411264376329	0.894887464142281	0.981785915199133
SNAP47	-0.400647784817668	0.594584635570464	0.928028889313495
NUP188	-0.613151646012554	0.169161739038889	0.888625693505588
CEP170	0.224412260908792	0.783570356976391	0.967084956050919
HYI	-0.172280782433273	0.65155283037563	0.937362794527338
CHCHD2	-0.69989266960977	0.0521049303319567	0.888625693505588
ARMH3	0.316374917557237	0.376752090524541	0.888625693505588
HECTD3	-0.389933423069188	0.602340660002253	0.930738373491532
UBR4	-0.946092640171766	0.144862762474196	0.888625693505588
STXBP5	0.065695563821901	0.890365164560936	0.981785915199133
ARHGAP21	0.223787108685233	0.457350038673198	0.894390686592813
KANK4	-0.525701657652199	0.416516475506195	0.892335408447821
RBM26	0.574022214129773	0.0950794520385979	0.888625693505588
DCAF8	-0.231058209501484	0.811612452579244	0.969956356556953
ATPAF1	0.0929279073251372	0.706526271973643	0.949670932395934
VPS53	-0.11611011975732	0.686848309012377	0.94764257895339
STRIP1	0.526394205403218	0.441422256487166	0.892335408447821
CDC42BPA	0.401000745085192	0.474968234117502	0.898719460109556
RPRD2	0.117048555453533	0.719539599053414	0.952199985576174
ANGEL2	-0.18539722523213	0.652027023287656	0.937362794527338
RNF20	0.606723685297759	0.356692300249129	0.888625693505588
BROX	-1.82528390941886	0.000153685307873071	0.0527377044939822
LYPLAL1	-0.35774173174153	0.258672301964468	0.888625693505588
ECPAS	-0.23289373037202	0.715305961163079	0.949774158594407
RNF213	-0.298514174291039	0.584137290634337	0.923727916880461
KANK2	1.27803688396461	0.0116525333545158	0.657506595367967
WASHC2A	1.22506162807482	0.0739496898453832	0.888625693505588
FAM91A1	0.444783728418447	0.380754114474409	0.888625693505588
ARL6IP4	0.127891084393234	0.762442885943049	0.965758464642737
ARHGAP17	-0.550757202192869	0.364367931787706	0.888625693505588
ATL3	-0.114167651687033	0.711362548442518	0.949670932395934
PPP4R3A	-0.363153645138471	0.490787198005216	0.902214623506749
RAB12	-0.036102271699562	0.901787843455811	0.98202165336277
SDE2	-0.349786006380256	0.296408732128846	0.888625693505588
PDE12	-0.553795259811679	0.14969059585646	0.888625693505588
HIBCH	0.0613263285698089	0.786987885026539	0.967084956050919
TTI2	-0.426747863494953	0.370772654651969	0.888625693505588
JMJD6	-0.970148054067362	0.142245555731029	0.888625693505588
CAVIN1	-0.0416590183383683	0.902309850330737	0.98202165336277
ZCCHC8	-0.0255795058810655	0.9039727851621	0.98202165336277
DHX57	1.09640359614129	0.0373158070087406	0.83232907532996
CDC73	0.187487225702377	0.501348743066411	0.903537852282781
PMF1	-0.654798202414469	0.0844008140340899	0.888625693505588
CC2D1A	-0.00295947404818975	0.993609313726371	0.999219935408577
TATDN1	-0.214711656916357	0.557814347547474	0.921257891825044
EDC4	-0.102487831373395	0.710399540442453	0.949670932395934
PRPF8	0.303877286496405	0.415797346113344	0.892335408447821
SCYL2	-0.0756197011792992	0.810051532448532	0.969460453117746
RPL22L1	-1.33568808233864	0.141228012433263	0.888625693505588
MEAK7	-0.183849817103727	0.645164231743082	0.937125860077175
PSRC1	-0.0588784177858983	0.894699302812248	0.981785915199133
SKIC3	0.137050097656928	0.882283911162502	0.981024059744746
TTC33	0.0479427602022966	0.901673882383579	0.98202165336277
LARP1	0.280806648000635	0.439645591118723	0.892335408447821
RICTOR	0.567342316186245	0.0483184772196362	0.880083493508337
WDR74	0.801356220267415	0.0765664120838947	0.888625693505588
NHS	0.24865263724039	0.499987844427706	0.903537852282781
AFTPH	0.185641282469735	0.649906613678118	0.937334454842977
FIP1L1	0.0779958541519044	0.767193256888385	0.965758464642737
CRTC3	0.2323418682364	0.486641633843262	0.902214623506749
CWC27	-0.207115168878001	0.565177657181048	0.922447328115156
WDR82	-0.371710462991359	0.379721061305081	0.888625693505588
RANBP10	-0.00310497833628887	0.991122302171624	0.998524511468581
GIGYF2	-0.0809252571515628	0.869771063523144	0.978015349449015
HSDL2	0.026610192679037	0.896614171378899	0.981785915199133
KYAT3	-0.394853042574166	0.151549397343139	0.888625693505588
RIPOR1	-0.153487243815089	0.700484872876227	0.949670932395934
SYDE1	3.30801585368534	0.000537511481213012	0.142262778235505
PAXIP1	-0.103935737480999	0.813550582134756	0.969956356556953
USP34	0.93512745453355	0.138433433693195	0.888625693505588
UNC13D	-1.26150047199139	0.271227837778662	0.888625693505588
LARP4	0.334769793646672	0.358979423966526	0.888625693505588
RPS27L	0.0548927254152787	0.82267057469924	0.972428302732023
SUPT6H	-0.714435931627548	0.288039869383003	0.888625693505588
SND1	0.294525054171217	0.405435858337156	0.892335408447821
MARK2	0.152828445695135	0.569947488056083	0.922447328115156
DDX46	-0.0269029084803094	0.905854988475185	0.98202165336277
BZW1	-0.456151270302229	0.56309366599971	0.922252118712626
DHX30	0.704490763168799	0.0394775037431246	0.834640493829758
EIF3M	0.013481806487821	0.977865881042943	0.99796035666888
MEPCE	0.184984251171702	0.463421493229653	0.894390686592813
RRAGA	0.472859545028431	0.258989618317426	0.888625693505588
CYFIP1	-0.0215650061796424	0.983542715769003	0.998524511468581
GET4	-0.180688053616688	0.711859366590035	0.949670932395934
COPS6	-0.00107697217788427	0.998037556055244	0.999219935408577
MAEA	0.196570983180557	0.600962743916031	0.930075858184908
TAOK1	-1.718270979878	0.11562491742828	0.888625693505588
MOB1A	-0.0217174379488512	0.978274073013453	0.99796035666888
KDM3B	-0.899583023064725	0.0215012619553653	0.708088376033904
DYM	0.233143574609926	0.358344284675436	0.888625693505588
ZC3HAV1	0.0847938877440271	0.726782288125643	0.955881259443981
TRAPPC11	-0.27050628591676	0.706445665581265	0.949670932395934
NEGR1	0.296514910370959	0.225051160434764	0.888625693505588
NUFIP2	0.217598617490005	0.403375760044602	0.892335408447821
CLASP1	-0.220470582838285	0.586735677435293	0.924303740665767
DHX29	0.3024772044541	0.298860996134569	0.888625693505588
COMMD6	0.98175110140734	0.0750899865183331	0.888625693505588
TRMT11	-0.198181680980046	0.435769702648699	0.892335408447821
HDDC2	-0.987658522904287	0.190378974082162	0.888625693505588
HEATR3	-0.154261132135609	0.595178357392044	0.928028889313495
HDGFL2	-0.126939346656663	0.736700035533321	0.958851257061125
DCXR	0.0926054266062941	0.703777455216901	0.949670932395934
HUWE1	0.0415387730936274	0.955564499248596	0.994574630060379
YTHDF3	0.836793395074444	0.0356830003499744	0.816317254160183
PATL1	-0.49605573070539	0.446919029239222	0.892335408447821
PEG10	-1.06090373350221	0.0479774842748311	0.880083493508337
SETD3	-0.0492837660193715	0.923446571588744	0.985289441726235
ISCA2	0.167681546781338	0.481407414159445	0.901527764344115
NOP9	0.172060503641141	0.490828328460004	0.902214623506749
PABPN1	0.0567068776059401	0.859133300023087	0.977453111808975
YRDC	-0.335821454808404	0.417628559491703	0.892335408447821
MTDH	-0.176779357866543	0.542295894745124	0.914522649622211
RIMS1	-0.272696963662771	0.424984575684436	0.892335408447821
BCL9L	-0.0356598346315451	0.903822746157851	0.98202165336277
LUZP1	-0.17611345513204	0.644176233291822	0.937125860077175
ALYREF	0.0456416391380046	0.870312391413465	0.978015349449015
TAX1BP1	0.402929837574735	0.357311661600593	0.888625693505588
CAND1	-0.820503550450301	0.426336697550409	0.892335408447821
HOOK3	-0.599685241055941	0.150206784530066	0.888625693505588
METTL16	-0.15454543102631	0.796585268041003	0.968936063258145
PPFIBP1	0.678417156422519	0.0890808696257229	0.888625693505588
ZC3HC1	-0.0662185680993019	0.860554698018902	0.978015349449015
NIT1	-0.00277587825839731	0.991436185823	0.998524511468581
COMMD2	-0.0754999235735809	0.85302079218017	0.97586592295061
DDX42	-0.080653155289319	0.905546524178174	0.98202165336277
SPATS2	0.484268854310187	0.355799324534089	0.888625693505588
PTRH1	0.736355713731193	0.22755854970099	0.888625693505588
HPS6	-0.536215378454589	0.518927935394794	0.904625838138404
ARMC8	-0.0568898795794901	0.938082624732564	0.987313701944295
PLD3	-0.147046624710814	0.540776359633069	0.914297302469542
ERI1	0.0969329973009927	0.71541243252243	0.949774158594407
AHNAK2	0.0148734562123778	0.955932581850678	0.994574630060379
NAXD	0.0739202255581759	0.83245944859812	0.97304407599618
MAP7D3	0.163645062372339	0.624261619643095	0.936223895294503
CHERP	-0.254439289406736	0.588943320764931	0.926402028890112
ANKHD1	0.987564733539831	0.549983721294392	0.918536961775053
NELFCD	-0.207140508683988	0.625087405888841	0.936223895294503
EXOC8	0.15103784339567	0.894536861976231	0.981785915199133
TRMT2A	-0.171893969483474	0.444541423505008	0.892335408447821
RPUSD2	1.16443737942447	0.104977742906007	0.888625693505588
XRN1	-0.510638112901908	0.385322322690203	0.888625693505588
PELP1	0.173407968497088	0.825662968258269	0.97304407599618
ABI1	-0.303333678372063	0.456498486991136	0.894190423123502
SPART	1.99079853683318	0.0292685905583109	0.748809404343292
RPTOR	-0.330675296079942	0.658204486239595	0.939900836464415
CCAR2	-0.0434901287275373	0.883265425954046	0.981651602429554
NUP93	-1.0470904559943	0.140626705137736	0.888625693505588
LRRC47	-0.319200402211273	0.638436333886671	0.937125860077175
GPD1L	-0.441227569354247	0.451695384291332	0.892335408447821
ASCC3	0.371650086869455	0.642357943019223	0.937125860077175
EHBP1L1	-0.957323483772953	0.31775722927475	0.888625693505588
PALS1	-0.247679947191067	0.35265105044207	0.888625693505588
FNBP4	-0.0951055087456254	0.869996055455042	0.978015349449015
RPP25L	-0.137585839468301	0.854961027284995	0.976941891065154
COMMD1	-0.0328259854941173	0.921752976025937	0.985044803395672
ARFGAP2	-0.204185944794727	0.51504364136322	0.904625838138404
ARFGAP1	-0.217658265705719	0.677963194336601	0.946793973196754
PAF1	-0.0255713267035169	0.917467403018303	0.985044803395672
ASCC1	1.02368421004802	0.0826858174379593	0.888625693505588
AFG2A	0.561094659394509	0.237927475134225	0.888625693505588
FANCB	1.0065269025457	0.0587316936467439	0.888625693505588
SUMF2	-0.677373126996109	0.30940815925492	0.888625693505588
TXNDC5	-0.402011099785462	0.650442654466201	0.937334454842977
SERBP1	-0.257085149587475	0.50701774907507	0.904475408349742
FAM98A	-0.293541474072882	0.256806555054178	0.888625693505588
TSEN2	0.973791124928571	0.0528951390749548	0.888625693505588
NAXE	-0.402548586815939	0.289569502376572	0.888625693505588
ABCF1	-0.525428319905487	0.303526425316682	0.888625693505588
PIK3C3	0.0292414205396554	0.912837418900744	0.984449325317201
SHCBP1	0.500623327565513	0.214796897099165	0.888625693505588
NAV1	0.863316448908598	0.1416103267416	0.888625693505588
LPCAT1	-0.267471619950168	0.305304841963843	0.888625693505588
USP32	0.357994386315674	0.464136839153186	0.894390686592813
FLAD1	-0.384326179408152	0.213558836276838	0.888625693505588
NUP43	0.0869371538869821	0.856629714318289	0.977453111808975
NUP37	-0.414872047177202	0.150278103743929	0.888625693505588
CMAS	0.623678681008698	0.331614293962984	0.888625693505588
MOSPD2	0.103245562177488	0.63254322802681	0.937125860077175
NEDD1	0.403162710134655	0.548721487179853	0.918241534519892
PATJ	0.203227123370127	0.790149290219545	0.967084956050919
WDR36	1.47447502183462	0.141136928045836	0.888625693505588
WDR48	-0.259642764824495	0.671709325478948	0.944722704185831
NPLOC4	-0.271489961183782	0.347340306130658	0.888625693505588
ZCRB1	0.20456694923972	0.529186743436072	0.911831550549262
TMEM167A	0.00300105140084383	0.996212187055693	0.999219935408577
PIP4K2C	-0.438922616958408	0.226440447869859	0.888625693505588
NT5C	-0.833901695452436	0.0244117858729908	0.7140106370462
BICD2	-0.297767306835471	0.481582753291196	0.901527764344115
BRIX1	-0.701456116085048	0.143058343170536	0.888625693505588
DTD1	-0.611461828815209	0.241156553545859	0.888625693505588
GEMIN5	-0.445879979307378	0.277919856425514	0.888625693505588
ARHGEF40	0.43298902352203	0.263053076436301	0.888625693505588
PARD3	-0.524578036670036	0.310858613199342	0.888625693505588
IPO4	-0.57240374427332	0.386548609495747	0.888625693505588
ABHD5	-0.391134419601045	0.204098437571433	0.888625693505588
SCARB1	-0.543449097880284	0.0798143760632564	0.888625693505588
COG1	0.0729905947473171	0.846550929386019	0.974571276384782
SMAP2	0.0379553736608003	0.887593301463137	0.981785915199133
ZC3H15	0.181186019549003	0.475887600511724	0.898719460109556
GTF3C2	0.377336556399548	0.635645489682632	0.937125860077175
NUP133	-0.792194644776131	0.0436464680130703	0.864158989792348
PDCD6IP	-0.822612262950933	0.255726857505091	0.888625693505588
CHTF18	0.740089003131335	0.132918533226664	0.888625693505588
SCFD1	-0.834648585296907	0.294482915374332	0.888625693505588
TRUB1	-0.0754090679211856	0.812946278820841	0.969956356556953
LMO7	-0.287501776355345	0.631542016008837	0.937125860077175
ATXN2L	0.0300615304907623	0.913458239830537	0.984449325317201
PRPF31	-0.108937350097648	0.799246359794838	0.969110515984846
NELFB	-0.456639007410345	0.518545708812623	0.904625838138404
GEMIN6	-0.730618193696898	0.340938894950582	0.888625693505588
CTNNBL1	-0.183985264325859	0.514899339795186	0.904625838138404
DDX1	0.615148412101465	0.0400136289189108	0.83782029713762
SEC14L1	-0.315192334674055	0.678867728976944	0.946793973196754
GBF1	-0.461458406161771	0.514999922999023	0.904625838138404
IP6K1	0.554396072561346	0.110596164835759	0.888625693505588
AP3S1	-0.328289025745448	0.355932072276793	0.888625693505588
HSPH1	-0.715142752878037	0.337413076398665	0.888625693505588
CNOT9	0.157295227518301	0.639378872699519	0.937125860077175
LARP4B	-0.0226552769285604	0.929667750287813	0.987172731686195
GCN1	-0.695584353713212	0.422801171119364	0.892335408447821
DHX38	0.421539235481141	0.258612953488739	0.888625693505588
NUP205	-0.0701749454153671	0.951409292633895	0.994149379096295
ANP32B	-0.411918645554213	0.742719076443032	0.95939902598523
HDAC2	1.28871363679109	0.132163824099625	0.888625693505588
STAM	-0.203944732719407	0.629233887333889	0.937125860077175
DDX17	0.0115292790286894	0.967023191457228	0.995779224512529
RAD50	0.0366324223502446	0.878437240881748	0.979664560694334
ARHGEF1	1.42210747865222	0.187964989725063	0.888625693505588
UFD1	0.254673311063137	0.401117008029781	0.892015440090155
UPF1	-0.0660869688042993	0.748297928390859	0.961040214318709
COPS5	-0.0498447097699497	0.930780158180646	0.987172731686195
GPKOW	-0.475549331649908	0.465154370751203	0.894805367796945
SMARCC1	0.275305931010294	0.459501676411483	0.894390686592813
KHSRP	0.633617094255293	0.0921778167245999	0.888625693505588
TNPO1	-0.581319443526368	0.550996411846974	0.918536961775053
ARHGEF2	-0.12892111742801	0.807700716976386	0.969110515984846
EMG1	0.585161919847867	0.0512896774276922	0.888625693505588
CLP1	0.44231511741863	0.177879271373975	0.888625693505588
USP9X	-0.566986843801157	0.407323862986679	0.892335408447821
USP7	0.00868963719713634	0.976821257051487	0.99796035666888
RFK	-0.507695750098961	0.384272371427433	0.888625693505588
MYDGF	-0.573562527766939	0.315007796202512	0.888625693505588
BORCS5	-0.420158935671196	0.25480675756046	0.888625693505588
RAB24	-0.269413734034881	0.256078656503923	0.888625693505588
ZNF622	-0.274935052688246	0.425791025694824	0.892335408447821
SYAP1	-1.49614936611821	0.227229748746576	0.888625693505588
EXOC4	0.296859673771202	0.530029798753659	0.911831550549262
MAGOHB	-0.30498597353035	0.598920561057169	0.929969514596049
FERMT2	-0.172878956630726	0.756497709424997	0.964761658589169
FUBP1	0.350095497257328	0.383825219739874	0.888625693505588
VPS33A	-0.657614490117908	0.220260507284243	0.888625693505588
AKT1S1	-0.238898970897605	0.830707463807784	0.97304407599618
LENG9	0.729227947821546	0.212115390755213	0.888625693505588
CUSTOS	0.0126657207006673	0.97073420523258	0.996420913378403
GCC1	-1.39194597145142	0.157074132200898	0.888625693505588
GRAMD1A	0.556182873955056	0.297378770132191	0.888625693505588
CCDC124	-0.342541660791731	0.414632223397221	0.892335408447821
AP2M1	0.0592865702848897	0.817993896146703	0.970497545401713
NMD3	-0.503734658824271	0.117227662169735	0.888625693505588
MSI2	0.0474220309262137	0.901289716479827	0.98202165336277
SNRNP40	-0.258902490481585	0.515262528279755	0.904625838138404
RMC1	0.140499486934665	0.647206273621234	0.937125860077175
SPDL1	-0.469696316539753	0.433892573416252	0.892335408447821
SEH1L	-0.786596088544112	0.132046702627236	0.888625693505588
GNPNAT1	-0.49129489448358	0.664095587228811	0.941957190039349
MOCOS	-0.831432570764299	0.226760335150008	0.888625693505588
DAZAP1	0.0781991349111806	0.801026559085173	0.969110515984846
MVB12A	-0.48832524573357	0.380172510543149	0.888625693505588
CYFIP2	1.25603799144969	0.200800368092007	0.888625693505588
CCDC97	-0.312930625876511	0.268433800692795	0.888625693505588
EDC3	0.274706409390745	0.752572395080025	0.961955717608021
OTUB1	-1.46227732589814	0.0829049421864466	0.888625693505588
TRMT61A	-0.115769981648238	0.803080109392083	0.969110515984846
CHMP6	-0.172193422710265	0.472622790543236	0.898022684843475
DUS3L	-1.89163997724871	0.0697814076028125	0.888625693505588
LTV1	-0.741116850762161	0.0856048320761103	0.888625693505588
FAHD2A	0.210151490457921	0.419238511504235	0.892335408447821
TOE1	-0.125203933383027	0.608370465620062	0.933045350040622
PDLIM5	-1.37039566352358	0.12226032450136	0.888625693505588
ERO1A	-1.01522179237895	0.206797493906241	0.888625693505588
AHCYL2	-0.000945896072373387	0.998552416820481	0.999448582328061
NAF1	-0.467212040670042	0.388930439908776	0.888625693505588
NGLY1	-0.0324174090897174	0.921566752281923	0.985044803395672
ITCH	0.0488249965056475	0.88911780227407	0.981785915199133
ELMO2	-1.20615795090455	0.158032959209344	0.888625693505588
ZFP91	1.34395840905318	0.174838713357834	0.888625693505588
BTF3L4	-0.934412072224635	0.242271670069841	0.888625693505588
PBK	-1.43481077736429	0.183820673868394	0.888625693505588
ARL5B	0.324582745606392	0.306031043255922	0.888625693505588
SCYL1	-0.337650415166287	0.645678542776329	0.937125860077175
EXOC2	-0.673671701207049	0.106652498045612	0.888625693505588
ZFR	-1.64838791143469	0.201237635828238	0.888625693505588
PRRC1	-0.508371363077195	0.496253500769759	0.903103570555654
DNAAF10	0.445197560608289	0.239049966886172	0.888625693505588
DOCK7	-0.104958884599331	0.898847786387128	0.981827858916508
RILP	-0.582596727861745	0.167766410140091	0.888625693505588
NSUN5	0.226347932102023	0.534205851730071	0.912662688477534
RPRD1A	0.22402016197011	0.63608244034079	0.937125860077175
RBM14	-0.731296613965423	0.145171962583478	0.888625693505588
NEDD4L	0.31046432782254	0.207121850786333	0.888625693505588
FMNL2	-0.174437249622184	0.741177985326966	0.95939902598523
TRNT1	0.068753044726197	0.848541244845937	0.975493164176662
VPS35	-0.270552906407012	0.574973721831006	0.922510868212962
SPAG5	-0.169653487640428	0.770933162530134	0.965758464642737
SNX18	0.860518894551547	0.179129618110741	0.888625693505588
ERBIN	0.977089819142066	0.152348539825605	0.888625693505588
WRNIP1	-0.187952745836132	0.727846627669934	0.956087360520957
RANBP9	-0.108265185591467	0.66158859426694	0.941215741974181
UBL7	-0.137098396726657	0.913826074282835	0.984449325317201
SRPK1	2.35877059560487	0.0568763543442822	0.888625693505588
IWS1	0.293944645128402	0.288317791873386	0.888625693505588
OSBPL9	-0.751611311829699	0.374820103077362	0.888625693505588
RUFY1	-0.779957801179098	0.0931755077426663	0.888625693505588
MMS19	-0.410190351241653	0.488186154698931	0.902214623506749
NIBAN2	-1.13160605745168	0.239169858297574	0.888625693505588
MYCBP	-0.374492202833359	0.370343769212493	0.888625693505588
PSMB7	-0.719662363620074	0.0750553430604688	0.888625693505588
PSMD1	-0.364060953983106	0.455409704115871	0.894190423123502
PFDN5	0.185276035560662	0.782382383446954	0.967084459007165
PARK7	-0.951819007563532	0.225128032400449	0.888625693505588
GAS2L1	0.195021668612753	0.570058632812223	0.922447328115156
EYA3	0.0320907120619793	0.940610126754421	0.988937491268318
VAT1	0.0658175972828623	0.807539971466802	0.969110515984846
DNAJC2	-0.219479888323086	0.611688200896561	0.933541246732657
NUP88	0.329588252367529	0.746356251015064	0.960616051869072
PIK3R4	0.220441511740546	0.42128826089369	0.892335408447821
POP1	-0.0720712855828509	0.795484553494754	0.968875534648492
TTC1	-0.779165680842596	0.332300575590403	0.888625693505588
DNAJC7	-1.4041874364502	0.0363642650298698	0.823456783239844
COPS8	-0.554064126374982	0.345392650770118	0.888625693505588
CHP1	-1.0313388386956	0.00207379714089648	0.279527744391234
HNRNPAB	-0.018963769476521	0.944749097225677	0.991186670443025
NAP1L4	-0.994366548924681	0.28703662867508	0.888625693505588
OLFM1	0.540543805411172	0.383393291012569	0.888625693505588
TSG101	-0.343851455104787	0.494805473770915	0.903103570555654
CPNE1	-0.981527829831844	0.325986796393426	0.888625693505588
CCT7	-0.365983749408841	0.653618980812034	0.937558768904083
PRMT1	0.219931591944491	0.781636371186042	0.967084459007165
BAG1	-0.316950654546169	0.58384501418109	0.923727916880461
NCAPG	-0.353312789803674	0.634812837795596	0.937125860077175
ARPC5L	-0.104717613149543	0.857413999147047	0.977453111808975
RBM4B	-1.1676328019709	0.181083099539685	0.888625693505588
ELAC2	-0.711816701094058	0.020845634387326	0.708088376033904
TRIR	-0.262280850637666	0.508797973352281	0.904475408349742
GRWD1	-0.0247113671816379	0.952310866502236	0.994149379096295
MACROD1	-0.582171078921832	0.0316518855737353	0.780105312400184
CMSS1	0.0455335927859721	0.866705030444692	0.978015349449015
WDR77	-0.584477341296974	0.60005375074746	0.929969514596049
KXD1	0.547120567960103	0.167097948912496	0.888625693505588
APOL2	-0.153537810447908	0.649563685757016	0.937334454842977
MYBBP1A	0.138001170994166	0.760235571390194	0.96574401473208
FYCO1	-0.124685050865878	0.635082718023833	0.937125860077175
VPS25	-0.581412929793242	0.248134324652947	0.888625693505588
CHLSN	0.168120326504663	0.606274151455493	0.932321985115568
PYM1	-0.0627363750020109	0.896442650791536	0.981785915199133
PYGO2	0.081011115925083	0.774169378327266	0.965758464642737
AIFM2	-0.757396065742917	0.10783652086728	0.888625693505588
RIOK1	-0.714764156405511	0.3105407309506	0.888625693505588
PELO	0.169745004753491	0.546225556579541	0.917091534776565
ATG101	0.674205981546471	0.142095305359138	0.888625693505588
NTPCR	-0.227006361643461	0.673054075924849	0.944722704185831
TUBGCP2	-0.00145831238986815	0.998037194591525	0.999219935408577
ESYT1	0.0699312879057494	0.742454675195954	0.95939902598523
TSEN34	-0.107165220318983	0.840966283942835	0.973883915228908
CNPY3	-0.227804963787523	0.570251270550659	0.922447328115156
COPS4	-0.333059348387767	0.579763959437047	0.92276129926035
RBM42	-0.118569169199041	0.657114249290981	0.939245967986884
ANP32E	-0.727844197795669	0.598652170155936	0.929969514596049
TUBB6	-1.54293295691508	0.378329118628295	0.888625693505588
POLR3C	-0.29659792561899	0.255154916396135	0.888625693505588
HNRNPUL1	0.578306022546727	0.0747187123559629	0.888625693505588
PDCD10	-0.395801223568153	0.502192709771624	0.903537852282781
RPP25	0.0275011160113543	0.953696721036459	0.994149379096295
DDX23	0.32277093382789	0.333180701302192	0.888625693505588
NTMT1	-0.788400835128229	0.271481729099403	0.888625693505588
DSCC1	0.533327299815106	0.0644702067607378	0.888625693505588
MLST8	1.54165564295179	0.246743971453892	0.888625693505588
KIFC3	-0.208947184640159	0.661657154635963	0.941215741974181
TMED9	-0.109632144385301	0.681959192218345	0.946793973196754
SELENOO	-0.397143076118581	0.215138794258612	0.888625693505588
GNL3	-0.199425864808667	0.425620169596443	0.892335408447821
AFG2B	-1.14337414121853	0.150486697146135	0.888625693505588
NUP85	-0.312938789478224	0.390214524808142	0.888625693505588
DDA1	-0.0383497416638043	0.891946524571847	0.981785915199133
NUDT9	-0.194792510767684	0.491524060239706	0.902214623506749
TARS2	-0.0394514064128622	0.885785577099697	0.981785915199133
RBM4	0.29143840114126	0.348408798574625	0.888625693505588
SLC4A1AP	-0.0578771664450244	0.875103844318134	0.978015349449015
SSBP3	-0.974576734404913	0.0132339108106862	0.677829072941154
OSBPL10	-0.240529108336666	0.293490381113586	0.888625693505588
NAA15	-0.846089228201016	0.318991346464409	0.888625693505588
SRRT	0.473781162787812	0.0775479931070636	0.888625693505588
QTRT1	-0.245708252267377	0.293443488215389	0.888625693505588
AP1M1	0.234592696312259	0.409466254617306	0.892335408447821
NUSAP1	0.113693063462065	0.65652067410839	0.939148768408712
CHMP4A	-0.884304816176595	0.17855449630255	0.888625693505588
EIF2A	-0.217172385393628	0.512506010067601	0.904625838138404
NIFK	-0.273464896169564	0.225635734820883	0.888625693505588
YTHDF1	0.213583031028438	0.511568943506554	0.904625838138404
NLN	0.0500921717847049	0.829084382072052	0.97304407599618
LDHAL6B	3.09069219922367	0.00979224084836135	0.622544475897115
GTPBP4	-0.335075108734735	0.358007131656198	0.888625693505588
WDR11	-0.148131316026934	0.742305859422946	0.95939902598523
TBL1XR1	0.0412316669922248	0.873065427413353	0.978015349449015
ULBP2	0.195476462849804	0.693327993375096	0.948679403227176
UBXN6	0.337769248666309	0.698253563973339	0.949670932395934
UCK2	-0.934920424066192	0.125536653249065	0.888625693505588
API5	-0.910366918091299	0.282441897898354	0.888625693505588
DPY30	-0.341042489845432	0.321598054643463	0.888625693505588
TNKS1BP1	-0.284226590818612	0.547053165614937	0.918135504818749
AMBRA1	0.603268206390769	0.0633140142713799	0.888625693505588
ZYG11B	-0.693013375026702	0.119034518861658	0.888625693505588
XPO4	-0.372219670426389	0.449013072972079	0.892335408447821
WDR12	0.0464696879383517	0.910469270738371	0.984068907623261
COMMD5	-0.140066894075474	0.69984625503549	0.949670932395934
DDX24	-0.41166357301007	0.285996898356407	0.888625693505588
SKIC8	-0.252623631144274	0.626835442780836	0.936223895294503
NIF3L1	-0.743748231316175	0.290843793376884	0.888625693505588
PSME3IP1	-0.945792536124298	0.320398154477426	0.888625693505588
PAIP1	-0.892771223505513	0.0610629872328693	0.888625693505588
COMMD4	-0.514295042289824	0.383442275241294	0.888625693505588
KLC2	-0.359905213455928	0.528613698481183	0.911831550549262
XRN2	0.964692521339614	0.0203620573109256	0.708088376033904
PCBD2	-0.0127574986990453	0.966831548461493	0.995779224512529
NT5C3A	-0.215247377085323	0.436967704840323	0.892335408447821
DDX47	0.392491178881972	0.173469972392704	0.888625693505588
RAB1B	0.195997275735117	0.523187710014084	0.90814800559254
TSPYL1	-1.13632810268476	0.0267145742067691	0.73112708918035
POLR3F	-0.331521928604282	0.443528784662585	0.892335408447821
ASCC2	0.256962496824492	0.534998458185619	0.912662688477534
EHD4	-0.321286696737943	0.613953504337551	0.934056605209952
VPS16	0.389678767297998	0.350912595246849	0.888625693505588
SLK	-0.925492062873268	0.264969103730791	0.888625693505588
RAB3GAP2	0.191518312666361	0.753237551232394	0.962510466184069
DHX36	1.12476593184349	0.0807189258290489	0.888625693505588
PPA2	0.317985072199789	0.38785578320026	0.888625693505588
TRIT1	0.248204280239968	0.349218310578742	0.888625693505588
TXNIP	-0.360284961397682	0.274289505347802	0.888625693505588
NELFA	-0.154739108169839	0.641852263855552	0.937125860077175
ACBD3	0.434639137017612	0.530515562898318	0.911831550549262
CDC42EP4	2.20001075609821	0.0148987514836305	0.678197248657913
PTPN23	0.250550440937289	0.534730969480931	0.912662688477534
UNC45A	-0.43561232269294	0.608741307666248	0.933045350040622
CHMP4B	-0.738021546982761	0.189532742538902	0.888625693505588
WNK1	-0.586602907434791	0.279752377869911	0.888625693505588
GOLPH3	0.0465785857041432	0.828069656520148	0.97304407599618
EPB41L1	0.369479778605662	0.14966841404841	0.888625693505588
SMARCAD1	0.695033969282967	0.0930831910535284	0.888625693505588
EHD1	-0.812988058522588	0.274632420873382	0.888625693505588
HEATR1	-0.354709964870676	0.572222796191712	0.922447328115156
STEEP1	0.179773535113156	0.576584927822855	0.922510868212962
TUT1	0.259720946832026	0.533000851507788	0.912662688477534
REEP4	-0.0918199845243599	0.687249320147631	0.94764257895339
YTHDC2	-0.216414016065624	0.723531979848349	0.953805012441928
RPAP3	-0.532275806464561	0.157081192940094	0.888625693505588
DCTPP1	-0.906662389778766	0.446453766410405	0.892335408447821
RPF2	0.452954771435138	0.238475368636414	0.888625693505588
DOCK5	-0.234053672793255	0.774806668491881	0.965758464642737
WDR26	-0.0101456540567639	0.968238541163891	0.995779224512529
C8orf33	-0.263892788718604	0.428878277049751	0.892335408447821
PHAX	-0.480493144397677	0.5841363568756	0.923727916880461
TUBA4B	-1.17074609722098	0.273160466642484	0.888625693505588
RMND5A	0.0493474496619335	0.846168702225435	0.974571276384782
ANKZF1	0.573270751341916	0.0599113365423297	0.888625693505588
GORASP2	-2.01721291536015	0.0136648188216419	0.677829072941154
QTRT2	0.0711380234290466	0.799407644631719	0.969110515984846
CNOT10	-0.061335109061929	0.824176164201989	0.97304407599618
COG4	2.06589193324492	0.222667155761851	0.888625693505588
VPS37B	0.212702429195119	0.794287165317176	0.968118864612
COPS7B	-0.0420074253984914	0.930460069108432	0.987172731686195
ELP3	-0.291478948363228	0.690256670570902	0.948679403227176
POLR1B	1.07987764761311	0.152647549437718	0.888625693505588
C17orf75	0.380069632394381	0.641138238548894	0.937125860077175
UPF2	0.233588454699678	0.760182730593645	0.96574401473208
XPO5	-0.636059494887469	0.332216995184167	0.888625693505588
MYG1	0.232770965004978	0.75548202927327	0.964444602906129
BCL2L12	-0.465495329395214	0.289920048878062	0.888625693505588
CACYBP	-0.514016200436807	0.566037004731423	0.922447328115156
ETNK1	1.30319349149197	0.45947100045115	0.894390686592813
GLOD4	0.79564281340145	0.343511114326748	0.888625693505588
MOV10	0.3551870600561	0.450387570135367	0.892335408447821
XAB2	-0.0619900014534522	0.775695198207691	0.965758464642737
GOPC	-0.474230793573216	0.208716945095896	0.888625693505588
MYO10	-0.256715791394285	0.643842700273037	0.937125860077175
RAB18	0.205331203910564	0.363071475840624	0.888625693505588
SSU72	-0.468013265642931	0.271901781851157	0.888625693505588
VTA1	-0.710838162619332	0.179436908137537	0.888625693505588
EXOSC4	-0.469914164739691	0.392872689917784	0.888625693505588
NOP10	0.795141983792078	0.0578569269723293	0.888625693505588
DCP1A	0.947631787475192	0.063980754190314	0.888625693505588
ACOT13	-0.227917226050998	0.362759493551854	0.888625693505588
RIC8A	-0.821157255270826	0.266159501824078	0.888625693505588
LUC7L	-0.30081587802713	0.727211410942196	0.955881259443981
WASH6P	-0.207858672223082	0.573632992885172	0.922447328115156
RTN4	0.189574715429689	0.524653907802497	0.909984868859619
RPRD1B	-0.226292722440526	0.40946960456507	0.892335408447821
PFDN4	-1.2800620245211	0.274351916723031	0.888625693505588
NIT2	-0.810855972500384	0.186410282959948	0.888625693505588
AVEN	-0.0533936200372942	0.924416497037961	0.985551490810513
EXOSC5	0.149558310891223	0.684692970881038	0.947105532744282
EXOSC3	0.246945878224025	0.723381594898111	0.953805012441928
STARD7	-0.599940725234724	0.385085992216506	0.888625693505588
PDLIM7	-0.285520179962951	0.333875009174556	0.888625693505588
DDX21	-0.0442535424602113	0.863351160741048	0.978015349449015
SAR1A	0.939734779277988	0.169329969094182	0.888625693505588
POLE4	-0.0178805250602387	0.979855639567929	0.998288581242415
EIF2B3	0.808950343510599	0.586866781162485	0.924303740665767
SPHK2	0.175178492555666	0.690553534794804	0.948679403227176
CTPS2	-0.293976675209244	0.604953729178573	0.931722275677511
POLE3	-1.14196584616581	0.205482635459851	0.888625693505588
CHRAC1	-0.382247878097218	0.46552453753393	0.895131449111578
STRN4	0.161505957438131	0.682986531052796	0.946793973196754
AASDHPPT	-1.44361802574818	0.00809376504854292	0.591906325927049
UBQLN4	-0.432377948202575	0.262413688663888	0.888625693505588
HEBP1	0.0896217136803727	0.829304562403628	0.97304407599618
VPS45	-0.355073692998893	0.247557428797967	0.888625693505588
PNO1	-2.02019249803569	0.0041929219613047	0.4349912760321
LANCL2	-0.727206911341806	0.210907667490746	0.888625693505588
FARSB	-0.0387887770870812	0.923707232086993	0.985331889607861
SLX9	1.02841248641111	0.0543324484349872	0.888625693505588
DIAPH3	-1.31359334729449	0.282546985462638	0.888625693505588
SMC4	0.486120343934029	0.530285335987127	0.911831550549262
OLA1	-0.12119732616555	0.922240680319495	0.985044803395672
ECHDC1	-0.202897337889397	0.465868906269214	0.895407665173186
RBM12	-0.356616672771565	0.63226074168845	0.937125860077175
STAU2	0.551934950817813	0.452102759648978	0.892335408447821
LIN7C	-0.297871812097316	0.430416197203418	0.892335408447821
TXLNG	-0.0394310326800635	0.914151302161711	0.98447071624501
SPATS2L	0.253810072176151	0.483015010341127	0.902214623506749
ABCF3	-1.21463705492912	0.102971525640683	0.888625693505588
CYRIB	-0.82594401613461	0.147186974151296	0.888625693505588
AP5S1	-1.00251571005356	0.155065306952956	0.888625693505588
TBC1D23	0.423490476998726	0.329027858118807	0.888625693505588
EXOC1	0.217586088516136	0.800311806751191	0.969110515984846
FANCI	0.710496346190691	0.217770097029002	0.888625693505588
INTS13	0.79641524492504	0.224761562010027	0.888625693505588
GNL3L	-0.0209163264612187	0.933461985780561	0.987313701944295
KLHL11	-0.309305449428951	0.663414334543913	0.941957190039349
PNPO	-0.725507255874795	0.0582552825989995	0.888625693505588
ARMC1	0.0859585806158876	0.700614690422538	0.949670932395934
SDAD1	-0.176774586644264	0.613852076503025	0.934056605209952
POLR3B	0.0935574356604079	0.705279246722803	0.949670932395934
RBM28	-0.0438132591109053	0.916280345683583	0.985044803395672
BSDC1	-0.707476927119409	0.173567742721502	0.888625693505588
CUEDC1	-0.967630537395451	0.180065888892217	0.888625693505588
PIH1D1	-0.596765012966358	0.296488721332867	0.888625693505588
GID8	-0.601718755895714	0.361328741011605	0.888625693505588
COMMD8	-0.214867271827334	0.509975652834634	0.904475408349742
ADPRS	-0.389905226233093	0.284043651530837	0.888625693505588
HYPK	-0.917747300112538	0.353870918639296	0.888625693505588
DUS2	-0.454444982655531	0.204438023314228	0.888625693505588
SIRT5	-0.107762519774425	0.709648139486451	0.949670932395934
MIOS	1.88558121300373	0.00967670470943232	0.622544475897115
TRMT1	-0.499620257282977	0.370134840275292	0.888625693505588
GDAP2	0.308327934351887	0.266761490979176	0.888625693505588
NDE1	0.921781866844903	0.212790621316413	0.888625693505588
BABAM2	0.0585728630018529	0.839841646931581	0.973883915228908
GAR1	-0.142393133051911	0.646366679004553	0.937125860077175
PPP4R2	-0.801895736245559	0.0814213350182379	0.888625693505588
DDX56	-1.02734687895037	0.0289962846050426	0.748809404343292
ABI2	-0.321584996291154	0.427817193185294	0.892335408447821
BCLAF1	0.141333461952044	0.703162065132869	0.949670932395934
COA4	-0.360695801572643	0.498497918457258	0.903103570555654
ACTR10	0.245670977824982	0.311867097928318	0.888625693505588
FAM120A	-0.455885320301022	0.139846127766533	0.888625693505588
SPG21	0.414365987512024	0.194355236585698	0.888625693505588
IGF2BP1	0.167424419824627	0.537404982371474	0.912662688477534
HSPBP1	-1.23031101994715	0.0570216608056099	0.888625693505588
MYOF	0.351517564914701	0.169722165397814	0.888625693505588
EHD2	-0.417997533160271	0.300377929772954	0.888625693505588
NCKIPSD	0.36880826538075	0.56158272358409	0.922252118712626
PALS2	-0.0694762464093088	0.749270985294882	0.961040214318709
CHMP5	0.288465042744029	0.449709166355665	0.892335408447821
COMMD9	-0.607496900749872	0.295784981522943	0.888625693505588
CCDC59	-0.393804271666724	0.335867766636622	0.888625693505588
RAI14	0.510120951507577	0.471684357037752	0.898022684843475
CALCOCO1	1.5044778948346	0.106483483338238	0.888625693505588
NHSL3	0.250369766095698	0.472995679494306	0.898022684843475
VPS18	0.278180443443901	0.316083745232776	0.888625693505588
RCC2	-0.470601396517139	0.438794164899443	0.892335408447821
DIP2B	-0.674458052100881	0.270285356870596	0.888625693505588
SLAIN2	0.128029738796766	0.586286822914853	0.924303740665767
STK26	-0.695470124848974	0.498124274692299	0.903103570555654
PTGFRN	-0.107295616999384	0.726276337499127	0.955728242355046
HEATR5B	0.859603253465256	0.0136398508667706	0.677829072941154
RRBP1	-0.0879592449472746	0.760167980400781	0.96574401473208
CPSF2	0.532210948528924	0.193416230010323	0.888625693505588
LARS1	-0.647701278462684	0.335968140923253	0.888625693505588
KLHL13	-0.606352244274813	0.117853298882621	0.888625693505588
ANKFY1	-0.802860865885123	0.238129884613137	0.888625693505588
ATXN10	-0.484725979675005	0.394055360278703	0.888625693505588
EPS15L1	-0.437505837303124	0.267128182144944	0.888625693505588
ORC3	0.321913481605112	0.6524347628351	0.937362794527338
COPG2	-0.277170121004573	0.301345043701151	0.888625693505588
COMMD3	-0.515461092797935	0.183616226794322	0.888625693505588
GNG12	0.313053974314016	0.456143638872352	0.894190423123502
UXT	0.0499066889773161	0.885122878434757	0.981785915199133
GULP1	-0.318818446939396	0.324302258071624	0.888625693505588
VPS29	-0.167564585446751	0.771193812176065	0.965758464642737
EIF3K	-0.0336201993974967	0.929705071930844	0.987172731686195
GRHPR	0.120031992051796	0.690541168550855	0.948679403227176
CTNNAL1	0.40202503466568	0.279824130167151	0.888625693505588
NXF1	0.0940616819814046	0.696474622309153	0.949670932395934
COPS7A	0.259832937721914	0.437305076862146	0.892335408447821
LRWD1	0.358838009238134	0.297384288378346	0.888625693505588
ABCF2	0.0804598113180433	0.823951695790522	0.97304407599618
TUBGCP4	0.771660542945284	0.288987521923108	0.888625693505588
PARP2	1.39365677820724	0.147727221221675	0.888625693505588
NDRG3	0.258377521149654	0.767420017489158	0.965758464642737
ARMCX3	-0.809204687327735	0.344618843158384	0.888625693505588
LIMA1	-0.033477658499649	0.933956828498099	0.987313701944295
SRP68	-0.223238202408773	0.468898391573441	0.897139867897653
SEPTIN9	0.264339872509559	0.527287462916987	0.911831550549262
DDX20	-0.422965035587136	0.442894911038107	0.892335408447821
BAIAP2L1	-0.373109271447525	0.520574942258897	0.905085057331221
SAP30BP	0.852058439969671	0.127638433963581	0.888625693505588
PFDN2	-0.999519055585061	0.324909643312301	0.888625693505588
PUF60	-0.00167532068857668	0.99436716857147	0.999219935408577
EIF2B4	-0.38321504147304	0.362919603312416	0.888625693505588
ATP6V1H	-0.168498679423561	0.50779403027954	0.904475408349742
TRMT112	-0.554621932336659	0.300651460443966	0.888625693505588
CNOT7	0.620738227981231	0.0725973896483252	0.888625693505588
RABGEF1	-0.181406252093506	0.505273731540462	0.904475408349742
TRMT6	-0.481638355212308	0.231194958524964	0.888625693505588
TSR3	0.114052154067732	0.823794598517784	0.97304407599618
DCTN4	0.164327663935168	0.521686256145224	0.906247036084051
ANAPC7	-0.278475869076402	0.449674263969306	0.892335408447821
ANAPC2	-0.322554885457897	0.668547047895752	0.943793791349034
LSM7	-0.0808510305172732	0.913622268590045	0.984449325317201
MRTO4	-0.888074680444259	0.316641888202625	0.888625693505588
CPSF3	0.656367268643908	0.110749676076088	0.888625693505588
NUDT5	-2.04728499948346	0.0562297004120436	0.888625693505588
RCOR1	-0.0381822023609288	0.874059386756448	0.978015349449015
GTF3C4	-0.378297780662226	0.50270812583857	0.903537852282781
PACSIN3	-0.0738937419896502	0.752401730530768	0.961955717608021
ACIN1	-0.0216815607345033	0.93794454616325	0.987313701944295
AGO2	-0.391687463541	0.659387785245765	0.940345133116722
NUP50	0.25963277408054	0.542692223582107	0.914522649622211
BAG5	-0.105644986562975	0.803835418288889	0.969110515984846
RAB21	0.25375675547874	0.291466339104382	0.888625693505588
RAB22A	0.110033509968236	0.743436953380729	0.95939902598523
PSME2	-1.39256223230212	0.293076200076224	0.888625693505588
MKLN1	0.321772575801951	0.358236379014413	0.888625693505588
DNPEP	-0.532963799650211	0.124332681218363	0.888625693505588
SLC39A10	0.302696793297603	0.355103127213096	0.888625693505588
CNOT6	0.556273574040528	0.212497920050611	0.888625693505588
ISY1	-0.193574271325211	0.442628454112894	0.892335408447821
NOB1	-1.65081569117531	0.246719543599465	0.888625693505588
AKAP8L	-0.145156353512551	0.822673036205033	0.972428302732023
MYO6	-1.17245763879937	0.0692784376711769	0.888625693505588
PRPF19	-0.439876767023726	0.304918107037295	0.888625693505588
UBQLN1	-0.322747064566443	0.598433929578364	0.929969514596049
SYNRG	0.301626762075252	0.536980588636011	0.912662688477534
VPS4A	0.963794564753893	0.163479957777077	0.888625693505588
G3BP2	-0.0771988116641893	0.832367063757111	0.97304407599618
STUB1	-0.622126116981978	0.253933722461239	0.888625693505588
PACSIN2	0.999705437528508	0.0675722811563265	0.888625693505588
MAGED2	-0.370316297428836	0.490911621534618	0.902214623506749
SNX7	-0.837104386375131	0.0539944207762528	0.888625693505588
SNX6	-0.733587426928601	0.368286617502224	0.888625693505588
DUSP12	-0.351815468950299	0.190508486876329	0.888625693505588
STX8	1.8758605145796	0.371306090451093	0.888625693505588
PSMD13	-0.442955646009899	0.280183545483836	0.888625693505588
FAF1	-1.52271607679178	0.0210425138473242	0.708088376033904
PROCR	0.282984185716902	0.393116423376334	0.888625693505588
PPIE	0.00370260352690366	0.996334411249928	0.999219935408577
COPS3	-0.464161717764707	0.458578289293993	0.894390686592813
NSFL1C	-0.480751129086869	0.573866828020581	0.922447328115156
COG5	0.179741630400159	0.774710726441377	0.965758464642737
MACF1	-0.0568768349861664	0.941640981088451	0.989473877099521
TRIM33	0.102888936133855	0.712282317101848	0.949670932395934
TNRC6B	0.292122974008326	0.710329976634493	0.949670932395934
EXOC7	-0.167909619881634	0.62155192358357	0.935750712991773
USP24	-0.987012565492073	0.259479773229327	0.888625693505588
DICER1	-1.91666472063829	1.67803368720438e-05	0.0106938689694554
SLC7A11	0.478103672347775	0.159661820166435	0.888625693505588
SRRM2	0.275618094521761	0.31013120813376	0.888625693505588
PA2G4	-0.097650403660392	0.797753246434444	0.969110515984846
BAIAP2	-0.239381211441838	0.55883707161099	0.921257891825044
SMC3	0.48676658250691	0.529933132931499	0.911831550549262
RTRAF	-0.111831434002177	0.820274171703612	0.970879034218576
RUVBL2	-0.748615275044173	0.133723655002585	0.888625693505588
EIF3L	-0.369883894675091	0.314420050696013	0.888625693505588
PLAA	0.438639581890516	0.413617769209912	0.892335408447821
RUVBL1	-0.467154801601737	0.416201142793646	0.892335408447821
NUDC	-1.08987486504078	0.270221561510248	0.888625693505588
FARSA	-0.633949768092407	0.310111997332866	0.888625693505588
ASF1A	-0.396029414946671	0.665767993766884	0.941957190039349
DRG1	0.356799877072277	0.272669732008469	0.888625693505588
TRAPPC4	0.0174228397214335	0.963119231523001	0.995779224512529
NCKAP1	0.123701735075791	0.885675739925249	0.981785915199133
CNPY2	-1.18382743552522	0.260932599808447	0.888625693505588
EXOC6B	-1.16118315214013	0.151698475308948	0.888625693505588
DLGAP4	0.163857030033132	0.574228845499451	0.922447328115156
DIS3	0.224219440904285	0.433658272396906	0.892335408447821
MRPS28	0.00708300541995044	0.984392288205208	0.998524511468581
AP3M1	-0.426323392186653	0.229264034994126	0.888625693505588
LEMD3	-0.529771817521933	0.163591015318765	0.888625693505588
COG6	0.908691369904766	0.162936081957608	0.888625693505588
THRAP3	-0.402250304224257	0.13860836385271	0.888625693505588
WBP11	0.596336112454164	0.0808720424056538	0.888625693505588
NOP58	0.531004225073957	0.0984083049119105	0.888625693505588
GIT1	-0.59910776445718	0.301975280785473	0.888625693505588
ZNF281	0.231738761821955	0.435954955226393	0.892335408447821
SUGT1	-0.580229269795705	0.445570669361861	0.892335408447821
AAR2	-0.367384142361935	0.414408170803644	0.892335408447821
NOSIP	-0.543186838332463	0.528945757740517	0.911831550549262
DERA	-0.983599048622786	0.0930263586920342	0.888625693505588
MEMO1	-0.916884584653907	0.223000056867122	0.888625693505588
LSM2	-0.28347065207279	0.626426871235817	0.936223895294503
CAB39	-0.809944985719184	0.299524007603968	0.888625693505588
LUC7L2	-0.445102706823295	0.303584278296741	0.888625693505588
MOB4	0.231116592946091	0.346538046519929	0.888625693505588
SBDS	-0.313891852546679	0.580037063273612	0.92276129926035
EXOSC1	0.0800082404082225	0.788148834714353	0.967084956050919
SF3B6	0.282393247645505	0.396349880730647	0.888743003382273
REXO2	-0.0550904703920665	0.871761007077752	0.978015349449015
NOP16	-0.0699608381258443	0.864614407217273	0.978015349449015
PPIL1	-1.28803817849278	0.0131760016004277	0.677829072941154
FIS1	-0.109032180194045	0.812934684591075	0.969956356556953
GOLT1B	0.0440132288656585	0.872753737422604	0.978015349449015
STRAP	-0.258588443777896	0.679059329672559	0.946793973196754
RTCB	-0.137427696411027	0.593624459923218	0.928028889313495
RAP2C	0.129766535939886	0.737376349026713	0.958851257061125
RPL36	0.0857894071068976	0.791314034425094	0.967084956050919
FAM32A	-0.201287571243554	0.816023408759514	0.969956356556953
PKP3	0.147512393705714	0.609480867522612	0.933045350040622
HBS1L	1.06279720531179	0.243192663571864	0.888625693505588
TLN1	-0.446876903584144	0.566236829174718	0.922447328115156
MTCL1	-0.356265754164752	0.616470041772398	0.934056605209952
DCAF1	-0.13773753194139	0.570039060814111	0.922447328115156
TCAF1	0.230766493624085	0.387679133834322	0.888625693505588
WDR7	0.764883633789424	0.0770808025531556	0.888625693505588
USP15	-0.274390215231357	0.641012999208789	0.937125860077175
FARP1	-0.241008500381561	0.498700487919262	0.903103570555654
TLN2	-0.145973360764529	0.769932523041445	0.965758464642737
HYOU1	-0.452450960955147	0.452878434073852	0.892335408447821
TELO2	-0.106811842081129	0.844666586952881	0.974571276384782
LAS1L	-0.389590295080808	0.128524493449908	0.888625693505588
LSM5	-0.553380294210349	0.356009942537643	0.888625693505588
PRRC2C	0.332018881818883	0.256601502546045	0.888625693505588
POLR3H	-0.00982877826439221	0.988002867973619	0.998524511468581
RBM7	0.982911348934433	0.327926886311867	0.888625693505588
YTHDF2	0.207088372704696	0.410438946824842	0.892335408447821
SUPT16H	-0.0852063543488306	0.745100029848809	0.95939902598523
UCHL5	-0.202241189828452	0.686910560038375	0.94764257895339
CD2AP	-0.659286622859497	0.368856716270003	0.888625693505588
ATP6V1D	-0.0814832765051072	0.760565148214292	0.96574401473208
TNPO3	-0.971739323253864	0.516370933656032	0.904625838138404
GTF3C5	0.751149049659361	0.0233131457397622	0.708088376033904
GTF3C3	-1.53102952812471	0.0451345031314512	0.869195642267039
TRAPPC1	-0.108529175770428	0.771114826370636	0.965758464642737
CDC42BPB	0.734865560169546	0.673899281888508	0.944722704185831
FLVCR1	-0.0993022322181716	0.768704523248619	0.965758464642737
MRFAP1	0.814144566944776	0.221356542801257	0.888625693505588
PUS1	0.0191088180369476	0.942167644531077	0.989642067872177
PSAT1	-1.5081718252794	0.1708863245828	0.888625693505588
COPG1	-0.489469193934539	0.303865040398755	0.888625693505588
CLIC4	-0.24713630192679	0.809662499167181	0.969378531611593
CFAP20	-0.204392335161813	0.526708167662161	0.911831550549262
SAR1B	-1.4834393143947	0.33926630814035	0.888625693505588
MAD1L1	-0.225602099356124	0.520105601792479	0.905085057331221
STK24	0.406832398348495	0.496085582140436	0.903103570555654
BZW2	-0.637000873695932	0.407991473749031	0.892335408447821
COMMD10	0.800078562668254	0.279072644995774	0.888625693505588
DYNC1LI1	-0.0469307906661633	0.911211816837033	0.984068907623261
EPN1	0.00192726638142915	0.995226401533339	0.999219935408577
OAS3	-0.0383813216656179	0.941315365250774	0.989445769176179
ROBO1	-0.330449533673733	0.197301781509882	0.888625693505588
NUMBL	-0.0826402440320209	0.873261144952163	0.978015349449015
DDX49	0.0238965381493976	0.950176348216085	0.994149379096295
WASF2	-0.322199818758389	0.477997026374704	0.899358797669517
SEC23IP	-0.252146125463639	0.77497448884399	0.965758464642737
DNASE2	-0.265576308925795	0.222227393069927	0.888625693505588
FANCG	-0.211414744941877	0.759593911132318	0.96574401473208
RNGTT	-0.324513268133806	0.593064298118342	0.928028889313495
RNF40	0.219732586800632	0.365051815533019	0.888625693505588
ULK1	0.0381297726026659	0.918834320679399	0.985044803395672
CREG1	-0.670647402969003	0.0195258065512107	0.708088376033904
CCNK	0.167507811154326	0.730758254364728	0.956266521772089
ARL6IP5	0.016714716741113	0.952073345669582	0.994149379096295
RSL1D1	-0.684913548607621	0.0301489203510745	0.751364992660019
EPN2	0.0828516896984297	0.803762530998679	0.969110515984846
POP4	0.680095758418261	0.0399671986555499	0.83782029713762
GLUD1	-0.316540139378382	0.262734947481955	0.888625693505588
TIMP1	0.015400265080828	0.958218414786512	0.995484943726742
SOD2	-0.0525679819581697	0.85315705321317	0.97586592295061
FYN	-0.309932863860428	0.358341150761066	0.888625693505588
GLA	0.0833257122387714	0.774567748078949	0.965758464642737
GNAI3	0.0614964797443704	0.852521234531448	0.97586592295061
SNRPC	-0.235012807126566	0.480315294701985	0.901424707473939
GAA	-0.0904852375835539	0.751603451558318	0.961597920318989
RALA	0.5416251898504	0.0560781950059239	0.888625693505588
P4HA1	-0.0930557786004087	0.767717522190653	0.965758464642737
GLB1	-0.109330340061703	0.758407658271897	0.96574401473208
XRCC1	-0.384051524302706	0.40883912120156	0.892335408447821
ATP2B1	-0.313629476729023	0.31874158294891	0.888625693505588
RAB6A	0.317505126731952	0.337348182429808	0.888625693505588
FKBP2	-0.294944066900726	0.489848946222063	0.902214623506749
PSMB6	-0.0877363365490176	0.872902434228876	0.978015349449015
ARRB2	0.471648416918047	0.300297010503631	0.888625693505588
PHB1	0.169929880500831	0.577991005751004	0.922510868212962
POLR2I	-0.155974382727518	0.538482461617998	0.912975014675297
MDH2	0.0145692213824908	0.962845215257544	0.995779224512529
NCAPD3	1.83988153163278	0.00213045131345034	0.279527744391234
PPT1	-0.0876386346687568	0.770688039012462	0.965758464642737
HSD17B4	0.0862077647972725	0.693106372776494	0.948679403227176
MANF	-0.778756550194679	0.0320695486258635	0.783947430349516
MAX	0.151362468778686	0.782226033601455	0.967084459007165
GNAI1	0.128931314603133	0.64764977397836	0.937125860077175
CDK17	0.290617378635279	0.31095287315568	0.888625693505588
CDR2	-0.914242648620249	0.240956479424866	0.888625693505588
RING1	0.904982388680327	0.263707697698583	0.888625693505588
GTF3C1	-0.0219525443880073	0.953759923155802	0.994149379096295
CALCOCO2	0.162138070169444	0.466104892585784	0.895475420252016
SRSF9	0.804138723150366	0.0882504606089563	0.888625693505588
DAG1	0.28748044274926	0.307177374312365	0.888625693505588
DHX34	0.281026701183276	0.770288739830822	0.965758464642737
HLTF	0.546017297083274	0.437377151213945	0.892335408447821
RBMS2	-0.421523887642941	0.255801003058628	0.888625693505588
NHERF2	-0.0113390482788489	0.966181971670425	0.995779224512529
TRIP4	0.249458230240069	0.591779094999025	0.928028889313495
CSRP2	0.349212997127132	0.442294407961465	0.892335408447821
CPEB4	-0.0741641988729498	0.861680735692022	0.978015349449015
LARP7	0.449529955941649	0.204884007743981	0.888625693505588
NCBP3	0.721500889545986	0.338161320941658	0.888625693505588
LDLRAP1	0.204858576019546	0.484831376270584	0.902214623506749
UBAP2	-0.615044322156397	0.407428154843781	0.892335408447821
UTP25	0.867990732957097	0.0860282843927984	0.888625693505588
RINT1	0.488299042830874	0.429995566555495	0.892335408447821
RFWD3	2.03454316116894	0.0478492837687951	0.880083493508337
ZC3H14	-0.347316532210144	0.26260472248236	0.888625693505588
BLOC1S2	0.0872103859882571	0.812535795033317	0.969956356556953
TRMT1L	0.0497376992075225	0.866496656094016	0.978015349449015
WAPL	0.378515512927471	0.531096265815043	0.91194012386486
IRF2BP2	-1.33627613081489	0.168600913859405	0.888625693505588
ZNF598	2.71772255166506	0.00554540182625085	0.480194287842996
WDR75	0.340760647113306	0.327176479738794	0.888625693505588
DHX40	0.272230919395401	0.580031157677213	0.92276129926035
PHC2	0.338551619289365	0.316157561350904	0.888625693505588
RAVER1	0.799501835404676	0.134426291835287	0.888625693505588
MIER1	0.667847039002044	0.264408623787632	0.888625693505588
PLCD3	-0.363971468331862	0.176591696849214	0.888625693505588
NOPCHAP1	-0.595785115737211	0.079142394583855	0.888625693505588
SVIP	0.0350762767699813	0.904226904266272	0.98202165336277
DDX55	1.4864949588244	0.154565764312474	0.888625693505588
PPIL4	0.0889470112865141	0.688056299167016	0.94793673581966
HNRNPLL	0.245416138592176	0.610165961126913	0.933362987688811
DDB2	0.269926726081039	0.248810762106463	0.888625693505588
TBC1D5	-1.23536863242542	0.257950562750655	0.888625693505588
DLG3	-0.293217796032391	0.308939148454322	0.888625693505588
GGH	-0.183672462058052	0.650712722153268	0.937334454842977
SMARCE1	-0.0896102972030377	0.841424258783841	0.973883915228908
CAVIN3	-0.0689836440029339	0.816458413083438	0.969956356556953
ERGIC1	0.151546237451377	0.594951633230658	0.928028889313495
UTP4	0.238428564867725	0.378046868616919	0.888625693505588
LRRC59	-0.157482579410004	0.615258087987649	0.934056605209952
FKBP10	0.569701410954735	0.47692010840805	0.899358797669517
USP28	-0.192069993705214	0.535059148910027	0.912662688477534
LGMN	-0.0589925585917719	0.808492269804421	0.969378531611593
NAPG	-0.0563384639757061	0.805468056914746	0.969110515984846
HTATIP2	0.0460295615269786	0.867600842537645	0.978015349449015
FRMD8	0.213575051476994	0.620605472127649	0.935311152419406
WWTR1	2.14539248716441	0.00163931494674456	0.255467707420146
NAT10	0.942817538679634	0.346908945665737	0.888625693505588
TOLLIP	-0.188822672697722	0.555470026392333	0.919462629957773
SENP3	-0.392884140702598	0.71412741140773	0.949774158594407
LDAH	-0.0405378418185265	0.924796803526745	0.985551490810513
SCPEP1	0.411078397794597	0.0840522495098565	0.888625693505588
ZCCHC17	0.682786672533304	0.379793101207044	0.888625693505588
BMP2K	-0.291555675839263	0.572222861774427	0.922447328115156
MDN1	0.961937640034186	0.404428421466511	0.892335408447821
DPP7	0.0944559768953255	0.702290158103552	0.949670932395934
HERC5	-0.321319120601089	0.536600461678124	0.912662688477534
CNOT11	-0.534391911706599	0.414884377298233	0.892335408447821
EPDR1	2.21608292264127	0.121002676396754	0.888625693505588
RCL1	1.03124546251982	0.0157654710643936	0.685552536698538
NOC2L	-0.332863257071867	0.139004181478775	0.888625693505588
SNX9	-0.00121177880495438	0.997608070011969	0.999219935408577
SNX8	-0.40818344446815	0.570213226581621	0.922447328115156
UBXN8	-0.118367239264412	0.771838650733418	0.965758464642737
PGRMC1	0.0371831997823762	0.88102349643484	0.980600253891173
GOLIM4	-0.185482526390789	0.492742274438088	0.902349460701276
PLOD2	-0.298559746014536	0.417124012601087	0.892335408447821
TNFRSF10B	-0.295175491408834	0.290797209646592	0.888625693505588
MGST3	-0.224529031291297	0.676409046367947	0.94561603129032
CASK	-0.0533555373048245	0.864959167689293	0.978015349449015
PGRMC2	0.516220668914844	0.0326266887350533	0.783947430349516
P4HA2	0.126313631338313	0.704424054651799	0.949670932395934
CYB5B	-0.0587314665529739	0.860305721442249	0.978015349449015
HTRA2	0.231901467256357	0.658899826222664	0.939991085634571
PLRG1	0.319887210005884	0.572593059389481	0.922447328115156
TIMM8A	-0.0404598432402992	0.854743672124078	0.976941891065154
FADS1	0.318131850952867	0.34374515872351	0.888625693505588
SELENOF	-9.44898202845934e-05	0.999790644544789	0.999821461599671
SLC16A7	-0.79955918145313	0.0229296866445052	0.708088376033904
TACC1	0.281362607901823	0.56358529268158	0.922447328115156
ECI2	0.195053642206634	0.484806978290911	0.902214623506749
ATP6AP2	-0.256675093329207	0.641084769375143	0.937125860077175
STAM2	-0.112247004695448	0.75898045563903	0.96574401473208
RPP14	-0.541836007621704	0.119810470028242	0.888625693505588
FKBP9	-1.2280234513373	0.167217185381719	0.888625693505588
CD2BP2	0.112369182508438	0.661297519412113	0.941215741974181
SEC24B	-0.00457354641213215	0.990708665856296	0.998524511468581
ACSL3	-0.336961150135053	0.281108931986551	0.888625693505588
CYB5R3	-0.226837263168797	0.383150461888311	0.888625693505588
GOT2	-0.280290917515934	0.36874441308449	0.888625693505588
GBA1	-0.176249387373453	0.486520679182279	0.902214623506749
RPN1	0.363592539755519	0.271467130548208	0.888625693505588
EPHX1	-0.108951381654354	0.716561570276537	0.950094192680728
ACAA1	-0.562641364832039	0.272625266211187	0.888625693505588
CTSA	-0.0550091467528588	0.858751396106203	0.977453111808975
TFPI	0.389380177014978	0.271281516635394	0.888625693505588
LAMC1	0.512496088195523	0.142365900284435	0.888625693505588
PDHB	-0.0613850974127281	0.785876775470991	0.967084956050919
ACADM	-0.228970798941674	0.424915070464501	0.892335408447821
NAGA	-0.152944980932624	0.612556616965908	0.93384385909045
UBTF	0.480285468341982	0.240038740823754	0.888625693505588
AGA	-5.8341799196171e-05	0.999821461599671	0.999821461599671
VDAC1	-0.30499580832014	0.203588434922239	0.888625693505588
ACAT1	-0.19133102091385	0.461187504908564	0.894390686592813
ABCD3	0.0774369375339852	0.722579015669909	0.953805012441928
HMOX2	-0.0352483707282651	0.903545601310237	0.98202165336277
ABCD1	-0.345777342215669	0.29352182113583	0.888625693505588
SHMT2	-0.103501560304707	0.647625671105821	0.937125860077175
LIPA	-0.0391312628980813	0.888641974856992	0.981785915199133
DDOST	0.35129036396421	0.20346527806235	0.888625693505588
ECI1	-0.235755738465578	0.30449645505293	0.888625693505588
SSR1	0.049145493981797	0.86975425435336	0.978015349449015
PPIC	-0.472511096266732	0.326472749869461	0.888625693505588
VDAC2	-0.0164591810823538	0.951681832042471	0.994149379096295
NSF	-0.125741442822083	0.674505088667254	0.944722704185831
HSPA13	-0.305042919091324	0.308046391709595	0.888625693505588
TUFM	-0.0665358624231907	0.780719349946926	0.967084459007165
VPS41	-0.478720092471871	0.172760495118551	0.888625693505588
RBM25	-0.091918493167082	0.710311442793042	0.949670932395934
NUP153	-0.978926169313787	0.281460634995193	0.888625693505588
CPT1A	-0.0617372868718178	0.831664736018419	0.97304407599618
SSR4	0.161693348724604	0.576923470079923	0.922510868212962
NAGLU	-0.129984552988713	0.593837737573365	0.928028889313495
CTBP2	0.785270092868821	0.0198541734657393	0.708088376033904
CDK16	1.02561205342059	0.0293897181723272	0.748809404343292
PLOD1	0.10506555196234	0.653530994792713	0.937558768904083
NUCB1	-0.0327998291123812	0.934688335872783	0.987313701944295
SSBP1	-0.41398425424941	0.122256728880598	0.888625693505588
FSTL1	0.0856395576623896	0.744438247149847	0.95939902598523
LMAN2	0.400605372146828	0.265591095703586	0.888625693505588
CSTF3	0.51151161413452	0.359767473662364	0.888625693505588
ECH1	0.257528772705022	0.45260847215349	0.892335408447821
TRIM32	-0.493614825590619	0.292408622677472	0.888625693505588
TRA2A	0.288304741921298	0.57115538368737	0.922447328115156
BMS1	-0.131359293927154	0.683250146440838	0.946793973196754
ACOX1	-0.458716673446563	0.302777233771566	0.888625693505588
DHCR24	0.028169981354516	0.917061758452745	0.985044803395672
NSDHL	-0.773133832311157	0.0289332144962884	0.748809404343292
QSER1	-1.28648885898544	0.01034988237308	0.63905927033999
P3H1	0.040268135568919	0.908372557177978	0.983317150587469
VMA21	0.299118447057104	0.327075745579807	0.888625693505588
MIX23	-0.0584880196776254	0.831132261724811	0.97304407599618
COA6	-0.362424408146861	0.218598010182149	0.888625693505588
TOR1AIP1	0.273791522097909	0.334484146799379	0.888625693505588
EXOSC6	0.0812470861247405	0.791514551221453	0.967084956050919
GPATCH4	-0.707256440955156	0.355376732310253	0.888625693505588
ALKBH5	0.637484924108598	0.593979597171247	0.928028889313495
FBXO38	1.86525365848518	0.00178560954224739	0.256954973160181
POGLUT2	-0.0297858991690561	0.907573147615635	0.982690245512949
MON1B	0.791397744012688	0.102166043781969	0.888625693505588
VPS35L	0.128650822372766	0.647862768995786	0.937125860077175
SRGAP1	0.483240761539133	0.350912699776431	0.888625693505588
TRAPPC6B	1.07552616806179	0.0226223810030404	0.708088376033904
KTN1	-0.0478438757048245	0.86376098729981	0.978015349449015
ANKLE2	0.287011819801982	0.237132954993395	0.888625693505588
RIOX2	-0.614193053982397	0.493227876549644	0.9023842450421
DNAJC10	-0.215568466824383	0.520075646954446	0.905085057331221
SMAP1	0.480835287931153	0.180555441508668	0.888625693505588
STAG2	-0.260469629785618	0.553231841041756	0.919036315404029
COLGALT1	-0.0898839474251716	0.699033590258953	0.949670932395934
PCSK9	0.251388597209463	0.550915096053812	0.918536961775053
SCCPDH	0.276103370355131	0.353966802420041	0.888625693505588
LSM14A	-0.0472455774077147	0.873077326360778	0.978015349449015
ATL2	0.524563300281571	0.435163892833654	0.892335408447821
PLBD2	0.241091169434192	0.370262240899596	0.888625693505588
RDH11	-0.0350428382822692	0.931183278264389	0.987172731686195
SPPL2A	-0.232266674513816	0.435159576188451	0.892335408447821
HM13	0.102213669373089	0.674801309644423	0.944722704185831
LEO1	0.399601102251328	0.38411060329246	0.888625693505588
RUFY2	0.435622900529076	0.461117295081505	0.894390686592813
SMG7	-2.26925493149941	0.000196489091808531	0.0626098456112755
TAF15	-0.163871682736705	0.654056084879183	0.937658082196569
IGSF8	-0.305334380735847	0.304140813204587	0.888625693505588
RCN3	0.0247677590394773	0.971515311035111	0.996534790188005
RMDN1	-0.113458649450951	0.734260724240194	0.958100008931233
BORCS6	-0.440136700833147	0.127985244733532	0.888625693505588
INTS4	1.26020192497401	0.00321217595779862	0.371481929323541
FUBP3	-0.90013186948218	0.133723962737038	0.888625693505588
CLPTM1L	-0.183386560094526	0.386811470893202	0.888625693505588
SNX27	0.347949490574841	0.215066495321831	0.888625693505588
KIF16B	1.26860111909527	0.203902089491619	0.888625693505588
CIC	-2.30239162863197	2.86811030834282e-05	0.0127946400855173
GFM1	0.0584614943976582	0.81038288044745	0.969460453117746
CDC5L	-0.664849459070517	0.136103358540062	0.888625693505588
SCAF11	-0.195828872327574	0.576455343274535	0.922510868212962
ATXN2	0.671754918321092	0.183487245663968	0.888625693505588
HSD17B10	0.00781596214121905	0.975864884165517	0.99796035666888
MGST2	0.131467302483607	0.826328059880997	0.97304407599618
EBNA1BP2	-0.277268970214088	0.512002152439229	0.904625838138404
VRK1	0.496501830576491	0.240177178335007	0.888625693505588
SDF4	-0.432327707881335	0.104093978172014	0.888625693505588
TMEM43	0.11475705388661	0.744916815882572	0.95939902598523
CCDC28B	-0.375408701029169	0.346586943426925	0.888625693505588
UTP14A	0.0246581589110519	0.982423453280776	0.998524511468581
OSBPL11	0.201572125081327	0.409008736001468	0.892335408447821
OSBPL1A	0.442872455282675	0.487070794068687	0.902214623506749
PNN	-0.152608708272123	0.773843255022681	0.965758464642737
TMX1	0.00656083606821412	0.976744398337975	0.99796035666888
POFUT1	-0.497097638559818	0.192166065822545	0.888625693505588
OSBPL3	0.0200713065937848	0.936463567879899	0.987313701944295
PTGES2	0.154478818779989	0.541226061876717	0.914378834291
GNB4	0.856750295270377	0.389353941655729	0.888625693505588
GRPEL1	0.205541736490293	0.570503001135383	0.922447328115156
APMAP	-0.188300165759912	0.482051375043393	0.90202650338447
DIABLO	-1.06652598363432	0.406347275409541	0.892335408447821
MRGBP	0.19800978099709	0.687225579951836	0.94764257895339
GEMIN8	-0.152623950953966	0.709466607308029	0.949670932395934
CDKN2AIP	1.47041538621532	0.0243920607591268	0.7140106370462
UGGT1	-0.360261472547901	0.430960402883042	0.892335408447821
TECR	-1.35663148327637	0.00990823980916726	0.622544475897115
CNOT2	0.513911531178373	0.271935278113949	0.888625693505588
VAPA	0.0471972571175918	0.933594928939246	0.987313701944295
DHCR7	-0.215233163995372	0.46259648913727	0.894390686592813
ACAD8	0.0919246550440249	0.799272543085619	0.969110515984846
SSR3	-0.0189078532616165	0.948399979204716	0.993381617100784
DIMT1	0.237595773557729	0.513606602207584	0.904625838138404
SSX2IP	0.736480146270996	0.457801500731132	0.894390686592813
GSTK1	0.640355146107058	0.24048466499474	0.888625693505588
WASHC3	0.0704220538315283	0.855241125126546	0.977011692494115
WASHC2C	-1.67559564240074	0.192160883418057	0.888625693505588
TSSC4	0.64405639564842	0.155517974062196	0.888625693505588
SLC30A1	0.603951645558052	0.0371918153673883	0.83232907532996
SNRPB2	2.11383167867628	0.0339752762561008	0.789394309262843
TIA1	0.0442682168045394	0.874346493324838	0.978015349449015
NCBP2	-0.766296298402679	0.0876289975926369	0.888625693505588
SYNJ2BP	0.456687764323366	0.186702199126956	0.888625693505588
NDUFA9	-0.296350876416781	0.308711553201084	0.888625693505588
FAHD1	-0.100559862588224	0.744951879241551	0.95939902598523
FAM177A1	0.266059382243554	0.327466055325599	0.888625693505588
SYMPK	1.56181992765999	0.0166986834355135	0.704016860806341
EME1	0.524550696275337	0.240702265249126	0.888625693505588
DDX27	0.0136771018468309	0.970427802440494	0.996335656314624
MTMR9	0.185425848483636	0.581581297331124	0.922817883760937
PHB2	0.277692450459373	0.380388935453491	0.888625693505588
SIKE1	0.282299687927839	0.294446080497083	0.888625693505588
ESYT2	0.0838244536255601	0.748190467621784	0.961040214318709
AGPS	-0.0939248363691902	0.731679583550059	0.956910765821405
HIP1	-0.808615891119178	0.0787158806194072	0.888625693505588
NOP56	0.0883057829226779	0.797933320254195	0.969110515984846
CIT	0.956326836645584	0.0853487474589207	0.888625693505588
STX16	-0.120096834445562	0.672310598805594	0.944722704185831
VPS26C	-0.267052324800133	0.664473077325247	0.941957190039349
U2SURP	-0.0133325666493995	0.964775525126022	0.995779224512529
SCAMP1	-0.275999337939322	0.459090831620995	0.894390686592813
NKRF	-0.639743516844529	0.142165051419565	0.888625693505588
CASC3	-0.214491046003936	0.647004285650059	0.937125860077175
RER1	0.390731485528153	0.104761072857463	0.888625693505588
SURF4	0.303781768172911	0.384192520526627	0.888625693505588
HDAC3	1.1047689944224	0.148121627269048	0.888625693505588
STX7	-0.37425565780585	0.359191443583971	0.888625693505588
POLR1G	0.627509975929645	0.183127080748821	0.888625693505588
OGG1	-0.353537397782596	0.344336706445616	0.888625693505588
RBFOX1	-0.171452703390706	0.643890466124214	0.937125860077175
B4GALT5	0.569746338356378	0.107803457661477	0.888625693505588
SART1	0.224917823871181	0.707190828455605	0.949670932395934
PRPF3	0.16523834974484	0.588444613335955	0.926270790434614
B4GAT1	0.028005482231567	0.942561904731116	0.989823130180205
PRC1	-1.42604550288505	0.0286217972698548	0.748809404343292
STX6	0.179520762874525	0.597305754373635	0.92960381695911
SYNGR2	0.538661912312243	0.0680768233999333	0.888625693505588
ORC4	1.35160038269972	0.165472329415441	0.888625693505588
PIP5K1C	0.232327760987253	0.491847726156507	0.902214623506749
STX10	0.107307854805903	0.703273744172995	0.949670932395934
CCNT1	0.316641312471518	0.446932912736267	0.892335408447821
DPM1	-0.0351543676206099	0.880989601235067	0.980600253891173
PQBP1	1.28112875594657	0.0895709913252665	0.888625693505588
RNASEH1	0.271830517870178	0.459972923555121	0.894390686592813
NBN	0.196414253110987	0.677598842032805	0.946793973196754
HIP1R	-0.637724872729599	0.495880128879656	0.903103570555654
DNAJC13	-0.327704665694824	0.228376810855223	0.888625693505588
VAMP4	0.130968719113071	0.732669352026994	0.957357307408395
PRPF40A	0.426258740815744	0.148874044163456	0.888625693505588
SRSF10	-0.0424428826122814	0.915378322842159	0.984956052545164
EED	2.29257507861578	0.029644378162935	0.748809404343292
RP2	0.00600000947334678	0.986829663214412	0.998524511468581
ZMPSTE24	0.159132188046257	0.614119543952958	0.934056605209952
CPD	0.0881954783089824	0.698810274958297	0.949670932395934
B3GAT3	0.0870537813443057	0.714744961443079	0.949774158594407
TOX4	0.478216640346119	0.253252120027078	0.888625693505588
SUPT7L	-0.875880419970638	0.335456085597966	0.888625693505588
UFL1	0.0312527936266065	0.905207853167086	0.98202165336277
PRPF6	-0.0711837681756009	0.875193291862916	0.978015349449015
PCF11	0.028228292344739	0.948680720003759	0.993442415947598
YIF1A	0.966820036653978	0.0197707515300304	0.708088376033904
KAT7	-0.304507171188536	0.496288614904585	0.903103570555654
MAP4K4	0.118823026719713	0.673830835252331	0.944722704185831
AIFM1	-0.12679443618434	0.626150909197224	0.936223895294503
MBD3	-0.228336923999823	0.469118677114238	0.897139867897653
TOP3B	0.662838853139576	0.100294287549065	0.888625693505588
CLPTM1	-0.247958158683701	0.322595140945744	0.888625693505588
LDLR	0.192199295448287	0.409297002993932	0.892335408447821
OAT	-0.215072349693028	0.441421202661663	0.892335408447821
RPN2	0.155943913824345	0.645591044067904	0.937125860077175
SLC25A5	-0.0520438161937591	0.821742365784415	0.972100953000338
POLR3D	0.523668077759524	0.218220526285962	0.888625693505588
LPL	0.0641623019989872	0.858132829869886	0.977453111808975
LAMB1	-0.195001615128486	0.439033933037914	0.892335408447821
SRPRA	0.123852014048143	0.613697754488041	0.934056605209952
PDHA1	-0.0705651410051544	0.764593299625133	0.965758464642737
COL4A2	0.538122437522347	0.216233761887906	0.888625693505588
FGF2	0.0567263736492762	0.954426805300985	0.99432460963281
SRP19	0.320794531509012	0.270346974338523	0.888625693505588
HMOX1	-0.190667710552944	0.428495034698454	0.892335408447821
DLD	-0.00435417920055059	0.98412292213958	0.998524511468581
DLAT	-0.177678538596737	0.447411187109466	0.892335408447821
MGST1	0.221537691300963	0.44797405388425	0.892335408447821
RALB	0.286901918208464	0.36102460437955	0.888625693505588
LAMP1	0.132840575787551	0.894778428790118	0.981785915199133
PC	0.306100235093417	0.264232762839944	0.888625693505588
IGF2R	0.498936378153203	0.116880592101433	0.888625693505588
SLC25A6	0.266856693607075	0.268390991192671	0.888625693505588
SRC	1.1172860404979	0.0185279320530453	0.708088376033904
ETFA	-0.0573333449546709	0.879724183068782	0.980422854436095
MTHFD2	0.0456678337650303	0.853363139527086	0.97586592295061
B4GALT1	-0.15956657325551	0.554585893463923	0.919403094647269
ATP2A2	0.13619496425909	0.647983682779069	0.937125860077175
ITGA2	-0.0129589670715937	0.965545712687205	0.995779224512529
PTPN1	-0.387892644303573	0.345367276394765	0.888625693505588
SON	-0.32499380171328	0.321052240627943	0.888625693505588
M6PR	-0.0803212645313209	0.724872629009214	0.955007914356202
ME2	0.130638638031595	0.624769345343569	0.936223895294503
BRD2	-0.259004616903667	0.574184402246734	0.922447328115156
ATP5F1A	0.123375107609853	0.607983259047403	0.933045350040622
COL8A1	0.183206401308954	0.680153385548511	0.946793973196754
ECHS1	0.494273167600674	0.174614241187656	0.888625693505588
ALDH1B1	-0.0656174611893618	0.814085152782808	0.969956356556953
SDHA	-0.398601029327057	0.432186379345107	0.892335408447821
HIBADH	0.0427374692936482	0.850646273895183	0.97586592295061
GTF2H1	0.163212427267968	0.790499076242589	0.967084956050919
RFC1	0.645680807443064	0.183132970211747	0.888625693505588
KRT9	-0.142114354229886	0.750831393541815	0.961597920318989
LONP1	-0.143946601129258	0.561852747040899	0.922252118712626
DLST	0.0732469349012632	0.779825537055957	0.967084459007165
COIL	0.263400380488051	0.504011191681546	0.904293611328016
PI4KA	-0.271687253195246	0.308740864416419	0.888625693505588
HELZ	0.257610731401897	0.712749324289378	0.949670932395934
LRPPRC	0.207481231638084	0.42192751427045	0.892335408447821
ACAA2	0.302463652217298	0.255876928648593	0.888625693505588
SLC1A3	-0.317604085952198	0.271871030518987	0.888625693505588
TSFM	0.51898785544136	0.205859804993182	0.888625693505588
ATRX	-0.968176058974709	0.288713103812782	0.888625693505588
BRCC3	0.37209817740279	0.378000039220038	0.888625693505588
UTRN	1.6040844746481	0.0147920850922123	0.678197248657913
LSS	-0.557430927018149	0.312571779247645	0.888625693505588
IDH2	0.292351900829257	0.307704140871354	0.888625693505588
ACADVL	-0.1162666672274	0.593506335371906	0.928028889313495
LIG3	0.244921492066524	0.58986096139927	0.92689585183066
IDH3A	0.262489977166183	0.379757505929478	0.888625693505588
EMD	0.213027542850885	0.594628130607047	0.928028889313495
BCAP31	0.541978012356623	0.0590508959674755	0.888625693505588
VAMP7	0.231412453511165	0.417724973670812	0.892335408447821
ALDH18A1	-0.604052281283195	0.124371112462594	0.888625693505588
HNRNPH2	-0.036695297996026	0.967436804297362	0.995779224512529
OXCT1	-0.242412726356168	0.415228482635123	0.892335408447821
RRP1	1.1617181557812	0.152257993979093	0.888625693505588
POLE2	-0.243639005839086	0.491544768283342	0.902214623506749
TMEM33	0.683937817676895	0.133281203172164	0.888625693505588
SEC61G	-0.0593471738784146	0.82837106754524	0.97304407599618
SPCS3	0.148366183534044	0.708393101519573	0.949670932395934
ATP6V0D1	0.0629073833931528	0.796108747374907	0.968875534648492
RND3	0.889990612004738	0.0603957665042055	0.888625693505588
RRAS2	-0.457887664938383	0.442011077571036	0.892335408447821
GNB2	-0.259105923526221	0.513533740702016	0.904625838138404
TRA2B	0.802438150697171	0.425923877368479	0.892335408447821
NOP14	1.06877596058241	0.24054218357093	0.888625693505588
TMF1	0.508555131620383	0.397937859575738	0.890271209411919
ERH	0.591087183238525	0.647818821725762	0.937125860077175
RBM10	-0.336860979333597	0.341161694278183	0.888625693505588
ATP2C1	0.0461619313439812	0.884033757955114	0.98174622709429
SLC25A3	0.154781016971981	0.601871323024679	0.93033540263794
U2AF1	0.515728054814545	0.658684238377758	0.939984129047722
TOP2B	0.680962277449886	0.159447251851372	0.888625693505588
MLLT1	1.13413542697244	0.0465644535479452	0.880083493508337
TAP1	0.373488412871218	0.226896921506362	0.888625693505588
ATP7A	0.12884363227791	0.57969257713559	0.92276129926035
NOTCH2	0.0690424064253072	0.825468831428089	0.97304407599618
SRSF11	0.150802764364556	0.575197006278269	0.922510868212962
FMR1	-0.139634069563471	0.750757840288028	0.961597920318989
KHDRBS1	0.204601163851986	0.511251120853648	0.904625838138404
MGAT2	-0.104473083319725	0.733500188638989	0.957887687798165
GALNT1	-0.168564747824455	0.529558557521951	0.911831550549262
PMPCA	-0.0127396382322864	0.956236408879038	0.994574630060379
ST3GAL4	0.227381935786166	0.449557546386238	0.892335408447821
TBL3	0.643313361131653	0.0740978646832366	0.888625693505588
SFSWAP	-0.60941103946222	0.180918966284947	0.888625693505588
DLG1	-0.0980665602526578	0.715790343240169	0.949774158594407
CHAF1A	0.999525103960487	0.06893857246453	0.888625693505588
STK3	1.60276514886727	0.0805794190368058	0.888625693505588
GPS2	-0.222883322286677	0.502422640729989	0.903537852282781
MTA1	-0.49547450943923	0.12039655563523	0.888625693505588
TMED1	0.162612543059318	0.567640141447294	0.922447328115156
TOP3A	-0.134283945523702	0.757765155713038	0.96574401473208
ATR	0.318269847724309	0.496959779053522	0.903103570555654
MOGS	0.178426635691199	0.478216815352024	0.899378251806652
WRN	1.68831230439865	0.0132317271074314	0.677829072941154
FKBP8	0.664301686673408	0.0752981328339158	0.888625693505588
DHX8	-0.173930124965292	0.790759407649566	0.967084956050919
RASA3	1.37211831629074	0.0159823949376032	0.685552536698538
MDC1	0.138736194552546	0.630198671168575	0.937125860077175
GSE1	-0.065185062352672	0.827488631733971	0.97304407599618
CBX2	0.702663006137005	0.0475887659568547	0.880083493508337
GOLGB1	-1.86326938314766	0.0110995551416581	0.643175197131099
WTAP	-0.0807944919650119	0.829065795062103	0.97304407599618
SLC39A14	-0.0569818489106453	0.852578145204207	0.97586592295061
PCOLCE	-0.821791356755266	0.629470429058267	0.937125860077175
EBP	0.135342450432351	0.625155780503567	0.936223895294503
RNPS1	0.615950718635034	0.449384316575018	0.892335408447821
TMED2	-0.365705980798424	0.231879986017654	0.888625693505588
SF3A2	0.209717401532671	0.63377068250431	0.937125860077175
TGFBI	0.123317678760156	0.709773900194137	0.949670932395934
ITSN1	-0.0242186341775756	0.953812899020879	0.994149379096295
VAMP3	0.66240429817136	0.111109852109716	0.888625693505588
ATP6AP1	-0.0902281060307573	0.729877025204573	0.956266521772089
SYPL1	0.395996459388975	0.186616247948556	0.888625693505588
IFI16	-0.602168634741659	0.254262338159512	0.888625693505588
MAN2A1	0.086627561898208	0.830612014268952	0.97304407599618
CYP51A1	0.363066067664683	0.260150020779629	0.888625693505588
GON4L	0.411451634510602	0.265441806376182	0.888625693505588
ARID4B	0.208176555105432	0.446324574432469	0.892335408447821
KLHL12	0.104392278014554	0.845759729880745	0.974571276384782
HSD17B12	0.0818319534226717	0.718915884218371	0.952189550221476
USP39	0.399509907560436	0.484417602102431	0.902214623506749
ESCO2	3.90281594934579	1.53594394952701e-05	0.0106938689694554
EAPP	0.180065365206982	0.541945222565659	0.914378834291
ODF2	1.43745147888442	0.00140698605561205	0.241406338234051
SNAPC4	0.527409108871964	0.413369624487334	0.892335408447821
FKBP15	-0.0276328800617449	0.970392337293761	0.996335656314624
DCAF12	1.02997449856862	0.183007086957143	0.888625693505588
WLS	0.407444890505484	0.33102509986986	0.888625693505588
VPS13D	0.147910937003928	0.729764955212431	0.956266521772089
RIF1	-0.141783479030323	0.806328522164579	0.969110515984846
PRPF38B	-0.101840942187362	0.807676795289248	0.969110515984846
GPR107	0.241803321277317	0.394653555782444	0.888625693505588
SPTY2D1	-0.166654930445535	0.612723823258854	0.93384385909045
ZFYVE26	-0.94568461307011	0.50930176866552	0.904475408349742
VIRMA	0.514469223350407	0.610316035662018	0.933362987688811
VASN	0.621234117972222	0.0247164598436659	0.7140106370462
LAMTOR1	-0.0413138754768596	0.875925485764788	0.978343413118859
NIPBL	0.350831005002735	0.65512601230554	0.938623297327261
PPP1R18	-0.243496261985232	0.712637939740333	0.949670932395934
RPUSD3	0.595807151746378	0.520611579715739	0.905085057331221
PKN3	4.85801539379792	2.786795476211e-05	0.0127946400855173
RSBN1L	-0.915290782562586	0.0256849640439031	0.722523281263143
CTR9	0.442277473977178	0.164147423434112	0.888625693505588
DARS2	0.487747630965359	0.0567356312313201	0.888625693505588
MTHFD1L	0.605508937551441	0.0681301317232241	0.888625693505588
ABRAXAS1	0.135072418076682	0.734809284515306	0.958100008931233
ATF7IP	0.0378452372294085	0.897630231686458	0.981827858916508
QSOX2	0.137400614591613	0.568265660690342	0.922447328115156
RSRC2	0.414882401659053	0.202742431710273	0.888625693505588
HS2ST1	-0.0410364101743994	0.890027637038444	0.981785915199133
APTX	-0.420297688589667	0.689330419998299	0.948679403227176
ATG9A	-0.312434487531579	0.347343543328853	0.888625693505588
RBBP6	0.515774592132466	0.11533220731169	0.888625693505588
TMED4	0.540919233888154	0.229524289170928	0.888625693505588
FAM83A	0.66256753263454	0.309621784413926	0.888625693505588
VRK2	0.2642305970043	0.452943927421996	0.892335408447821
GATAD2A	-0.107530311272296	0.609313736164816	0.933045350040622
FMNL3	-0.869787530797765	0.0655448840780902	0.888625693505588
CCDC50	-0.597571874076849	0.592525506862317	0.928028889313495
MFN1	0.0875481160452125	0.792868220265515	0.967446698743014
WDFY1	0.310803524360274	0.29444342371261	0.888625693505588
SUGP1	-0.0421301307344706	0.945773425315006	0.991561750958929
CCAR1	-1.14451215613384	0.0188571619199004	0.708088376033904
RBM12B	0.523807727966371	0.103907517206752	0.888625693505588
DHX37	-0.22286014630491	0.467303075720279	0.895796498976155
FTSJ3	-0.387384121109548	0.124599273391202	0.888625693505588
SRRM1	0.410886852673336	0.127072732671267	0.888625693505588
SUPV3L1	-0.00622030379131289	0.980861183028561	0.998524511468581
KIAA0319L	0.431046908549241	0.128298449312727	0.888625693505588
PIAS4	0.330515944081167	0.734543357288731	0.958100008931233
AFAP1	-0.809241114080038	0.2353125460653	0.888625693505588
ZGPAT	0.870842833894532	0.124899934200497	0.888625693505588
CPSF7	-0.0621345697884941	0.844953986836184	0.974571276384782
PRPF38A	0.163059435762211	0.616689548625413	0.934056605209952
GOLM1	-0.65127183948783	0.0455948608543067	0.869225103722489
POGLUT1	-0.254656795249119	0.436555966537189	0.892335408447821
HSD17B11	0.633819922262024	0.113187505444141	0.888625693505588
RETREG2	0.285675482115582	0.389989334214311	0.888625693505588
MTMR14	0.925923217598623	0.0388199378542841	0.832399457250015
DAGLB	0.0786634930763768	0.816885458772578	0.969956356556953
CHST14	-0.00370128607589137	0.991801601417557	0.998524511468581
BOD1L1	0.955792349667902	0.0769921986993705	0.888625693505588
MCFD2	-0.367008439652913	0.34450612034347	0.888625693505588
THOC2	-0.176607708225077	0.606731185825895	0.932552256381339
ABHD4	0.062383164712589	0.891191025434359	0.981785915199133
SLC35B2	-0.329016229383928	0.183786155458922	0.888625693505588
GOLGA5	0.024633255982053	0.930801228623123	0.987172731686195
WDR20	-0.560621188320532	0.355081350101887	0.888625693505588
PI4K2B	-0.057234029783082	0.842278700921518	0.973883915228908
DMXL2	0.493439430339205	0.669424706335523	0.944722704185831
RB1CC1	0.130481265877304	0.769031539786662	0.965758464642737
GPX8	-0.28370658732403	0.338240180623522	0.888625693505588
CACTIN	0.0254983601973642	0.959766880463349	0.995779224512529
MITD1	0.263557765456312	0.367068687289271	0.888625693505588
TRAPPC12	-0.414651107855363	0.373402825516448	0.888625693505588
TSEN15	-0.353571733064967	0.216267665747383	0.888625693505588
SREK1	-0.00725889441709526	0.977241817752269	0.99796035666888
ATRIP	-1.89581367240943	0.00573278485210608	0.48252741934425
PSPC1	0.432042106451785	0.303249056341846	0.888625693505588
GATAD2B	-0.228119565598842	0.754172485111217	0.963173047833134
FAM3C	0.0089201636466818	0.973409226076974	0.997041826405081
MAML1	-0.218852741685243	0.807669031861956	0.969110515984846
AKAP1	-0.234988753768903	0.531616413418247	0.912327449297296
GTF2H4	-0.939007809774463	0.0252302219805131	0.720874427600317
GOLGA1	0.581015121341565	0.261723869489988	0.888625693505588
CELF1	0.615669073149917	0.343576155516936	0.888625693505588
ATP6V0A1	-0.121024649411581	0.633610925362285	0.937125860077175
PTP4A1	1.50117268129811	0.0433804314665284	0.863929039161532
YIPF5	0.614541395093415	0.451752225649631	0.892335408447821
ENTR1	1.16034730321735	0.166181890831885	0.888625693505588
RBM33	-0.766253619061292	0.57429125942042	0.922447328115156
TMA16	-0.198380903463736	0.544912978084335	0.915657734661848
THOC1	0.0692723712943746	0.929745417803518	0.987172731686195
BICD1	0.11942296049623	0.773390655913657	0.965758464642737
TONSL	1.66144201516073	0.0119902487230262	0.657506595367967
DDRGK1	-0.27744878554039	0.395707733397062	0.888743003382273
RBM17	0.159981219365921	0.72613204188538	0.955728242355046
CDK5RAP3	-0.145191975603893	0.592642679850111	0.928028889313495
VPS39	0.320198616930711	0.435169499965482	0.892335408447821
SPG11	-0.113482806990721	0.777845811132337	0.965758464642737
ZNF830	1.13321709384125	0.133446940750476	0.888625693505588
ANKRD27	0.900796131009756	0.430534246902488	0.892335408447821
MUS81	-1.32660470216793	0.138006649453533	0.888625693505588
TRAPPC9	-1.59855331384302	0.00851057951121568	0.610339852899575
PPP1R10	-0.285992821935388	0.441560192986088	0.892335408447821
UIMC1	-0.560944357649596	0.127951948915756	0.888625693505588
ERGIC2	-0.167094904051865	0.459387188616981	0.894390686592813
STRBP	-0.650604971956835	0.377826274715996	0.888625693505588
SIN3A	-0.133363415676094	0.789080233252555	0.967084956050919
UHRF1	0.741677956625228	0.204423754812607	0.888625693505588
COL12A1	0.556823659697475	0.616614631740903	0.934056605209952
ACO2	-0.129039808302078	0.747813910245852	0.961040214318709
TM9SF2	0.278453194929753	0.314095133870184	0.888625693505588
TCF25	0.158494932489596	0.684357209620341	0.946934712194894
NUDT16L1	0.0709024051380283	0.891384541629158	0.981785915199133
ERP44	0.257248423442633	0.454824521967589	0.894190423123502
YIPF4	0.0851528920445084	0.809225457151171	0.969378531611593
WAC	-0.678705358642009	0.108685067592919	0.888625693505588
DIDO1	0.490542630141984	0.327944585172989	0.888625693505588
LRRC1	-0.0548522947890433	0.922022980961774	0.985044803395672
PI4K2A	0.243837465079881	0.370660420412681	0.888625693505588
PHF23	-0.00433119957756745	0.992131526340678	0.998524511468581
NOC4L	-0.10009124661525	0.891560499801195	0.981785915199133
KIFC1	0.0374250241706591	0.977452837521947	0.99796035666888
SF3B5	0.827875736832919	0.119169270606825	0.888625693505588
LSM14B	0.2674976665248	0.351727076074504	0.888625693505588
POLDIP3	-0.529372603375677	0.308241561077036	0.888625693505588
HYCC1	-0.992060184559232	0.046760771684573	0.880083493508337
DOCK9	-0.555008277450355	0.309292144377762	0.888625693505588
UPF3B	0.717365503557939	0.165700273321535	0.888625693505588
REXO4	-0.0447971674324883	0.904596473503359	0.98202165336277
POLR1E	-0.474787464938885	0.321237139892785	0.888625693505588
MFF	-0.241238104775267	0.318837319582836	0.888625693505588
MAF1	-0.157292461499438	0.644691678338355	0.937125860077175
CLPB	0.170380913905404	0.683656401218885	0.946793973196754
MIS12	0.212433254945736	0.678538531323096	0.946793973196754
LSG1	0.441997003541648	0.464700954214631	0.894805367796945
PARP12	0.00504937338516953	0.991134557095476	0.998524511468581
LMAN2L	0.0027723254208496	0.994448894323909	0.999219935408577
METTL9	-0.102569154026824	0.666774382058775	0.942315235619195
VPS11	-0.0264115071759079	0.968546526599386	0.995779224512529
TAOK3	-1.0186132006186	0.24556310686315	0.888625693505588
ADNP	1.87128406946562	0.0213364040403585	0.708088376033904
KCTD10	0.271984795003853	0.350919158633335	0.888625693505588
ST6GALNAC4	1.70357047217594	0.0596420774566634	0.888625693505588
ESF1	0.0778748489414873	0.919636386147857	0.985044803395672
TDRD3	-0.0946153984421656	0.751063761600569	0.961597920318989
NRDE2	0.371827455670307	0.328255887885449	0.888625693505588
YY1AP1	-0.0133745026572427	0.973049283614851	0.997041826405081
NOL11	0.66583805180457	0.10559848074743	0.888625693505588
DDX31	-1.41930138611372	0.117244018555141	0.888625693505588
PAAT	-0.385316480918739	0.233012345036957	0.888625693505588
ECT2	0.202065642972617	0.607068314846762	0.932552256381339
MEAF6	0.152446229501567	0.741236052673231	0.95939902598523
FBRS	-0.0995099010563294	0.78163589860616	0.967084459007165
TMEM165	0.165687923695231	0.619803192460227	0.934484760783178
CHD8	1.13009173500192	0.107065754181306	0.888625693505588
MRPL47	-0.0711052087692359	0.832811623276274	0.97304407599618
TM9SF3	0.28636827811069	0.445074337016414	0.892335408447821
HMG20A	0.468721327157169	0.125053372892416	0.888625693505588
AAAS	0.0537111740853184	0.829781997199073	0.97304407599618
DROSHA	-0.547618685820531	0.117736437861931	0.888625693505588
SERINC1	-0.0686720182349561	0.805627736185529	0.969110515984846
IMP3	0.524782539040871	0.269183168705557	0.888625693505588
ARL8B	0.0100068108524951	0.968268152071569	0.995779224512529
DDX18	-0.640294136539566	0.148289228321437	0.888625693505588
LYAR	0.511747121963488	0.263556210874322	0.888625693505588
BPNT2	0.0327442643902032	0.874102179789473	0.978015349449015
KCTD5	0.297388498860865	0.368277494815413	0.888625693505588
PODXL2	0.655555239325672	0.0326864429601009	0.783947430349516
SH3BP4	-0.796983968340797	0.0583741616183096	0.888625693505588
HMG20B	0.233604504368934	0.599470176049732	0.929969514596049
CEP72	1.01995809350201	0.132786038613013	0.888625693505588
POGK	-0.534913549355139	0.517483550253628	0.904625838138404
RCOR3	-2.55854660747095	0.0853730263540389	0.888625693505588
RBM27	-0.0944501746168207	0.805344901927157	0.969110515984846
ASH2L	0.692776969554625	0.367943315870552	0.888625693505588
CTSZ	0.410798868104358	0.544719828326169	0.915657734661848
MORF4L1	1.28047449456943	0.00132151196464842	0.241406338234051
TJP2	3.02318617881687	8.46465032729102e-05	0.0314673375917044
VTI1B	-0.067847671946609	0.831472011994511	0.97304407599618
AFF4	0.443132199126467	0.571827912942726	0.922447328115156
LNPEP	0.945758313825745	0.00798711168868337	0.591906325927049
DDX41	-1.01057015589253	0.283699981956399	0.888625693505588
PTBP2	0.00171566651657429	0.995062166981006	0.999219935408577
MAN1B1	-0.211065339565916	0.483937038875276	0.902214623506749
TAOK2	0.40709709891966	0.75975801064858	0.96574401473208
TPX2	-0.293200395216761	0.22634697327996	0.888625693505588
TMCO1	-0.272194739816548	0.445143147177501	0.892335408447821
WDR3	-1.90101366689528	0.115342263805108	0.888625693505588
SLC12A4	0.343461122468966	0.363590074625974	0.888625693505588
SCAF8	-0.0998277486386314	0.715379706846488	0.949774158594407
ZC3H4	0.435178734909684	0.473990296827646	0.89817071237554
MTMR6	-0.108802111398344	0.847986300267909	0.975493164176662
ERGIC3	0.38194271579469	0.451184882692549	0.892335408447821
TRAPPC8	0.220230111546943	0.686622676972382	0.94764257895339
POLDIP2	-0.0555671135274309	0.843386873984534	0.973883915228908
TMED5	0.796209756614481	0.00541830596846045	0.480194287842996
TMED7	0.311011525610159	0.203401058981434	0.888625693505588
CHTOP	-0.135697908872469	0.774621299143231	0.965758464642737
ATP6V0A2	0.187477408744055	0.560095000030955	0.922125608798937
NCOR2	0.18480817664301	0.452458422167469	0.892335408447821
ADGRG1	0.610327946529985	0.0709994558023034	0.888625693505588
GMEB1	0.488846427900882	0.368804200878106	0.888625693505588
PRSS21	0.17486583734178	0.615614846056621	0.934056605209952
MAU2	-0.399334358210947	0.252576901395849	0.888625693505588
TOR1A	0.00851805552822427	0.981358851749835	0.998524511468581
SLC27A2	-0.0240393156725496	0.928655584201647	0.987172731686195
SPTLC1	-0.336382154690931	0.156742460277041	0.888625693505588
BCAT2	0.183785019090003	0.619847659080346	0.934484760783178
IDH3B	0.568269610628612	0.0578710583024721	0.888625693505588
NIPSNAP2	0.0389523380620957	0.901408689824161	0.98202165336277
FLOT1	0.274557313300395	0.742847385731317	0.95939902598523
ATP5MG	0.854834681549413	0.00690225723224096	0.530442925546893
CLPX	0.0558442246426054	0.864629800123007	0.978015349449015
GOSR1	0.87481371435247	0.00699440674468372	0.530442925546893
RAB3D	0.0873232374517485	0.771583074602193	0.965758464642737
EGFR	-0.956768149400883	0.00192291367808369	0.268066184935354
COL3A1	-0.318304592241567	0.57335268069902	0.922447328115156
ALB	1.25186605410815	0.057196464726969	0.888625693505588
TOP1	0.200414228331635	0.819709059731392	0.970879034218576
MGAT1	2.01430309234175	0.0211509719753257	0.708088376033904
NDUFS1	0.118562920862708	0.626877555535682	0.936223895294503
PPIF	-0.743004557623376	0.0593974917590227	0.888625693505588
HADHA	-0.222066466004804	0.512685376910138	0.904625838138404
PPP3CC	0.0236800671193222	0.922886218701038	0.985044803395672
CLK3	0.161024194687847	0.517331771385714	0.904625838138404
DAP3	0.0575539744898705	0.852747840202236	0.97586592295061
ALDH3A2	0.0554723746148369	0.813157434562883	0.969956356556953
SEC61A1	0.543812089352777	0.13932034622067	0.888625693505588
RAP1A	5.9168875684628	0.0401913345858441	0.83782029713762
SEC11A	0.442300433812271	0.140682746212546	0.888625693505588
CKAP4	0.0483965536212736	0.857185753635151	0.977453111808975
LGALS3BP	0.0113088993896042	0.966436366233945	0.995779224512529
PRP4K	-0.505071922074105	0.186634903163205	0.888625693505588
MPP2	0.396905526752786	0.275766913476067	0.888625693505588
PDK3	0.459270726542044	0.518920990559744	0.904625838138404
CLPP	0.24611621446812	0.306597201470439	0.888625693505588
NADK2	0.00871281993828887	0.974224611874046	0.997171649997617
RAB11FIP1	-0.266380945066743	0.361293388850019	0.888625693505588
ZC3H18	-0.0795438323305433	0.816399961768433	0.969956356556953
RETREG3	-0.185839404814015	0.605026558383776	0.931722275677511
CLASRP	1.2729700696525	0.104663303023556	0.888625693505588
NKAP	0.414766921104771	0.560179421619619	0.922125608798937
EMC1	0.4584798116766	0.068995971354362	0.888625693505588
PPTC7	0.754380178383663	0.263520513608339	0.888625693505588
PNPT1	0.151670830129596	0.572653177520879	0.922447328115156
PNISR	0.10322468377862	0.816566605184912	0.969956356556953
GLG1	0.378552705539239	0.188023445288617	0.888625693505588
TBRG4	-0.116179880665857	0.705360705678996	0.949670932395934
PTCD3	0.1195225488872	0.711677792020193	0.949670932395934
IMP4	0.127283204060223	0.714653681990917	0.949774158594407
YTHDC1	0.0535323088075721	0.936868717912251	0.987313701944295
CCNL2	0.467481627534109	0.384296653083044	0.888625693505588
RNF2	0.181816991940256	0.63224621061324	0.937125860077175
SORT1	-0.377029896486082	0.353318818207207	0.888625693505588
PIP5K1A	-0.120575615144684	0.640944945600138	0.937125860077175
SRSF8	0.202566265696852	0.756414415473037	0.964761658589169
CCDC106	-0.603864096739642	0.0640209505158123	0.888625693505588
CHID1	-0.182120489915775	0.603272379974088	0.931509642379028
OSBPL8	0.157322564145463	0.475231206495942	0.898719460109556
NSRP1	0.621870545035989	0.25809301246602	0.888625693505588
CPVL	-0.222059629384368	0.50935895757627	0.904475408349742
ANTXR1	-1.17718907828274	0.0961905909366129	0.888625693505588
SFXN1	-0.233445409087249	0.448170645406377	0.892335408447821
MCCC2	0.0800483426824989	0.748189323443593	0.961040214318709
MRPL39	0.127369439405889	0.566977294290169	0.922447328115156
PLEK2	-0.556893735062864	0.212223642016274	0.888625693505588
CDK12	-0.0911668235869492	0.77652699095973	0.965758464642737
DNAJB11	-0.775888950734522	0.385283857790646	0.888625693505588
DAXX	0.0433145144772276	0.902803830626515	0.98202165336277
PCYOX1	0.402179624135456	0.147650951002622	0.888625693505588
GMEB2	0.49937972764355	0.393011240860525	0.888625693505588
GPATCH8	0.630685905080131	0.422600927584114	0.892335408447821
CSNK1G3	1.30595018983114	0.00315815255775132	0.371481929323541
HACL2	-2.35172427147545	0.0431289127567043	0.863929039161532
GTPBP10	0.499959428323077	0.171272981102962	0.888625693505588
TPP1	0.212690550773463	0.449214906571811	0.892335408447821
LAMA5	-0.254661577252982	0.729071485681832	0.956266521772089
SPTLC2	-0.00678178608889368	0.975652539833385	0.99796035666888
TIMM44	0.312298365551868	0.199623389571989	0.888625693505588
GTPBP6	-0.35518329348772	0.367307152064705	0.888625693505588
CCNT2	0.996471233834534	0.325386951287585	0.888625693505588
PMPCB	0.117955054523023	0.628637583211772	0.937125860077175
ERAL1	0.15380126353207	0.673009166203167	0.944722704185831
MICAL2	-0.217104127120603	0.491352849543433	0.902214623506749
ERLIN2	-0.214685323717458	0.580760214673465	0.92276129926035
GLS	-0.00825321219295461	0.974569991940275	0.997171649997617
MFN2	-0.27376267917646	0.369485720740334	0.888625693505588
STBD1	0.288617260968685	0.324923893409307	0.888625693505588
VAPB	-0.104776796219994	0.911159046931479	0.984068907623261
ETHE1	0.292268471261526	0.278754814114953	0.888625693505588
C3	0.487950623789793	0.226594685910532	0.888625693505588
TGFB1	-0.0568878284591072	0.866740753267371	0.978015349449015
ALDH2	0.192491250517708	0.48592574513128	0.902214623506749
CLTA	-2.56077895838173	0.0261808667874369	0.729955292117226
ATXN1L	0.606104121371082	0.395863818313001	0.888743003382273
IFI30	0.76664605625529	0.404688578361677	0.892335408447821
TRIM27	0.996552413600909	0.029720915709456	0.748809404343292
ATF7	0.430712027159998	0.722737440566115	0.953805012441928
SDC1	0.329354075314519	0.544930492943693	0.915657734661848
ATP2B4	-0.667753409019216	0.220618954636776	0.888625693505588
IVD	-0.121360707654929	0.609052329116193	0.933045350040622
AK4	-0.243270871219693	0.350125188918472	0.888625693505588
PYCR1	0.750303056616701	0.110920098365798	0.888625693505588
SGSH	0.334123808428359	0.382823546154182	0.888625693505588
SUCLG1	-0.00903695114046599	0.967887646481098	0.995779224512529
SEC61B	0.354312005283848	0.379923830978591	0.888625693505588
TMEM258	0.322780616117431	0.3434008510743	0.888625693505588
DAD1	0.0529665974463285	0.879921499700597	0.980422854436095
MRPS35	0.224199909517857	0.421485387791904	0.892335408447821
MRPS9	0.0689875298084779	0.797238781245886	0.969110515984846
OGDH	-0.080971108991637	0.73132629267721	0.956729205757488
SPOCK1	0.178929328704857	0.711647511833294	0.949670932395934
ASPH	0.0910147383510491	0.762544862406595	0.965758464642737
CDK13	0.483429702056593	0.53041436216437	0.911831550549262
NID2	-0.839091937921825	0.0200718446173426	0.708088376033904
MLEC	-0.0324441385256087	0.911272956151466	0.984068907623261
SEMA3A	-0.125100734594756	0.824478505812071	0.97304407599618
LBR	-0.0205492654537203	0.954778425368669	0.994458686801222
TMEM41B	0.334344263964638	0.699782930907387	0.949670932395934
NOM1	0.408072212832074	0.28046174024317	0.888625693505588
MEST	-0.256110605543206	0.341313461951356	0.888625693505588
AARS2	-0.250532762874005	0.413124989584355	0.892335408447821
MPP7	0.787495840705066	0.161330256363026	0.888625693505588
IBA57	0.411232875934779	0.451210723595872	0.892335408447821
ACBD5	-0.278005626282944	0.443462518091099	0.892335408447821
IKBIP	-0.163222806238782	0.562442836452972	0.922252118712626
CBLL1	-0.422952245907535	0.471067778504734	0.898022684843475
TRMT10C	0.51336094079878	0.310108578318849	0.888625693505588
PHF5A	0.234601032198903	0.590795621305942	0.92768013609497
GPR180	0.388884147973467	0.290460529801992	0.888625693505588
C2CD5	0.338025737916517	0.323959079502163	0.888625693505588
CBR4	0.0995150459822831	0.729401701845389	0.956266521772089
MMGT1	-0.459885791076363	0.203972878497487	0.888625693505588
CISD2	0.275596227407519	0.304468739480187	0.888625693505588
ARL14EP	-0.988125192156332	0.0383174273914466	0.832399457250015
PHC3	-0.780999056269657	0.457937693564277	0.894390686592813
SNIP1	1.63240477641647	0.00591302172598881	0.488481294808076
ZCCHC10	0.224234609998987	0.709526784745556	0.949670932395934
SPRYD4	-0.0706432887517856	0.852646297288082	0.97586592295061
AHCTF1	-1.61643076566027	0.0831647303612226	0.888625693505588
PXDN	0.0952698224280439	0.703829016077868	0.949670932395934
P3H4	-0.545479806658374	0.0940295222124641	0.888625693505588
NCLN	0.249108138698322	0.408549988554495	0.892335408447821
CCDC47	-0.281485696797727	0.544862783306008	0.915657734661848
MRPL24	0.421774421345418	0.214612650230186	0.888625693505588
PYCR2	0.236274163237791	0.331802032583003	0.888625693505588
MRRF	0.492130904478056	0.494964240197401	0.903103570555654
MARS2	0.356031552222078	0.263913561341631	0.888625693505588
TMEM41A	1.0400220108753	0.0829513591389978	0.888625693505588
SUCLG2	0.135216044529869	0.596329979708215	0.928850572443557
TMX3	0.245764911819577	0.332635414227147	0.888625693505588
DNAJC1	0.422952100568885	0.246322387614235	0.888625693505588
B3GALT6	0.0370734364908039	0.922000829131951	0.985044803395672
PIGS	-0.0833808929945086	0.74403264332359	0.95939902598523
SDF2	-0.198446538855755	0.491859664731767	0.902214623506749
NEU1	0.611771699737556	0.0703161086434688	0.888625693505588
MRPL45	-0.207699848833347	0.463786522007248	0.894390686592813
PRXL2A	0.0395583941270345	0.878645574386468	0.979664560694334
MMTAG2	-0.402243280709385	0.534177251582528	0.912662688477534
FUNDC2	-0.131671119243599	0.672602948742058	0.944722704185831
HDHD5	0.0334977532930267	0.909793765984461	0.984068907623261
MRPL13	0.528135420049797	0.17993294185847	0.888625693505588
SETD2	-0.634731776952865	0.102188886151562	0.888625693505588
RAB33B	1.27275506863791	0.0386142324315702	0.832399457250015
SIL1	-0.633857111987812	0.166708720432443	0.888625693505588
SMOC1	0.288397085604739	0.691057023905441	0.948679403227176
TFB2M	-0.227814205831425	0.417203836830997	0.892335408447821
CCDC134	0.212634132206325	0.613564364199664	0.934056605209952
RIOX1	2.31465154952974	0.0132556512360306	0.677829072941154
NT5DC2	0.000855520182575731	0.996821848636067	0.999219935408577
TMT1A	0.444798809513458	0.103099631460022	0.888625693505588
BRD9	0.975823952053346	0.186025721114299	0.888625693505588
L2HGDH	0.321298831292452	0.236351456698295	0.888625693505588
CARS2	-0.0222978706285097	0.937892653038986	0.987313701944295
MRPS30	-0.0445444793909715	0.851314591375271	0.97586592295061
UTP3	0.224338291416757	0.645633706120473	0.937125860077175
IARS2	0.0240098994628077	0.92270836506149	0.985044803395672
DECR2	0.501137715514595	0.251954574495944	0.888625693505588
ABHD10	0.236425991904028	0.405795445682903	0.892335408447821
OXSM	0.19805392837975	0.741895749359031	0.95939902598523
CHCHD3	0.0596575765395144	0.819587756256413	0.970879034218576
FKBP11	-0.058263760022168	0.804876955980523	0.969110515984846
FASTKD2	-0.0369883171007928	0.917797676472399	0.985044803395672
HACD3	-0.42293696212429	0.326907630535713	0.888625693505588
XPR1	-0.0397965782005052	0.911034675520304	0.984068907623261
NIPSNAP3A	0.261755813420642	0.426656271944906	0.892335408447821
SEC63	0.145979818890797	0.601337976419625	0.930075858184908
TCF20	0.243378733113232	0.682124918149952	0.946793973196754
FNDC3A	0.774037682652473	0.155278636268772	0.888625693505588
MRPS17	0.0662331637011135	0.786342223585253	0.967084956050919
ACOT9	0.460463310401312	0.20733344499953	0.888625693505588
MRPS2	0.248903110980351	0.635140047249503	0.937125860077175
MRPS23	0.106937242876626	0.640938751774968	0.937125860077175
TMED3	0.219773007828024	0.775143386264159	0.965758464642737
TBL2	-0.130978385808046	0.672268815962032	0.944722704185831
SRPRB	0.0618295426495052	0.877000040762389	0.979038666379258
ALG5	-0.189549966839753	0.405810897857699	0.892335408447821
NDUFS3	-0.0140670671400649	0.960732050619371	0.995779224512529
TNFRSF1A	0.135795598189084	0.716661002623011	0.950094192680728
UQCRC2	-0.157076676506435	0.566645597983411	0.922447328115156
CLK2	0.337175162035265	0.637476191194812	0.937125860077175
MRPS34	-0.145441463147115	0.558462997554849	0.921257891825044
SRSF4	0.38322283701082	0.368305028240863	0.888625693505588
NCSTN	-0.253477139143666	0.381212447341613	0.888625693505588
MRPL1	-0.0420739376616517	0.864848167672518	0.978015349449015
MRPL16	0.154174287337209	0.652427002601144	0.937362794527338
SLC25A13	0.028125325640417	0.915406364907476	0.984956052545164
STRIP2	1.58844466398352	0.122288454194171	0.888625693505588
VDAC3	0.484978192885023	0.104662180627731	0.888625693505588
VWA8	0.0796896828794971	0.771180292670713	0.965758464642737
NUDT19	0.0528579196272538	0.817866901375444	0.970497545401713
SLC35A4	-0.14831616095509	0.626432309917995	0.936223895294503
HAX1	-0.0703557915844009	0.769092541855394	0.965758464642737
NDUFS8	0.257482562364487	0.360183491052624	0.888625693505588
TNFRSF10A	0.115885550580625	0.699876402093032	0.949670932395934
MANBA	-0.197904621342026	0.586734900359119	0.924303740665767
AGRN	-0.261301215880486	0.318892218471112	0.888625693505588
RNASET2	-0.0393018452101472	0.917940244735943	0.985044803395672
MAN2B1	-0.0342300375290101	0.935625961060915	0.987313701944295
NDUFAB1	0.232524780100178	0.422424633838542	0.892335408447821
TOR1B	1.61828039471413	0.131830263124989	0.888625693505588
ACOT8	-0.219398855337225	0.491662782565263	0.902214623506749
UQCRQ	-0.206604868350034	0.398950320225072	0.891195482485751
RAB29	-0.470013673576787	0.251340901393718	0.888625693505588
NPC1	0.258039654571384	0.382898666242681	0.888625693505588
GNPAT	0.194782694905481	0.607699961682644	0.933045350040622
ACOX3	0.317556240696632	0.304483763269429	0.888625693505588
TM9SF1	0.718555810531701	0.130418037467501	0.888625693505588
TAPBP	-0.241503109870543	0.460810377213736	0.894390686592813
GPAA1	0.349512647258592	0.24709527431811	0.888625693505588
TGOLN2	0.230457709911171	0.781414285159213	0.967084459007165
TRIAP1	-1.35837222683946	0.0944162487417664	0.888625693505588
GATC	0.273167637310188	0.35637200242922	0.888625693505588
KDELR3	0.0315220200854611	0.955929528906759	0.994574630060379
NDUFS5	0.0541738548448194	0.848663745834931	0.975493164176662
OPA1	0.221188358158194	0.375054522801141	0.888625693505588
B4GALT3	0.729528762956161	0.136966787900306	0.888625693505588
PRAF2	0.137073279540736	0.59867425962775	0.929969514596049
ABCB7	0.0176631415163762	0.966345401350059	0.995779224512529
COQ9	0.899945074878591	0.021308438972675	0.708088376033904
NDUFS2	0.43265215652821	0.205736286037353	0.888625693505588
MPDU1	-0.23319095129737	0.462504388885198	0.894390686592813
LRCH4	1.02617766481247	0.216757227507529	0.888625693505588
CLN5	0.0517234649674876	0.843335808731692	0.973883915228908
CRTAP	-0.585606655990667	0.0551098035699323	0.888625693505588
ATRN	-0.848326542827291	0.0417220910468597	0.861677074815004
ATP5PD	0.150173018554867	0.553309567457106	0.919036315404029
LRIG2	-0.409136497690703	0.371806732148643	0.888625693505588
ENDOD1	-0.111184342426643	0.701188680698604	0.949670932395934
PRSS23	0.00322002625205897	0.992257152956786	0.998524511468581
UBL3	-0.401556725723907	0.310238884545167	0.888625693505588
RTN3	-0.288245965740686	0.563150587620084	0.922252118712626
LETM1	-0.066117239423086	0.822308366250906	0.972428302732023
SGPL1	0.266681478099713	0.536545383883113	0.912662688477534
CTDNEP1	0.395467480829417	0.487916812322951	0.902214623506749
TOMM40	0.253063433208272	0.31046101749461	0.888625693505588
CYB5A	0.0864454409805226	0.735737060456789	0.958844004293816
MT-CO2	0.177755337358946	0.429979110328431	0.892335408447821
MBP	0.98940133175789	0.0148942760487624	0.678197248657913
FUCA1	0.0751133191493665	0.777580210537416	0.965758464642737
SLC4A2	-0.0452509379482393	0.871877086136126	0.978015349449015
APP	-0.205887356017065	0.515961907113485	0.904625838138404
PCCB	-0.00426268696238452	0.986294836159821	0.998524511468581
THBS1	1.41200996121316	0.154799809823943	0.888625693505588
GUSB	0.225844484010402	0.394786812790308	0.888625693505588
CYC1	-0.0216141721216552	0.936066787623035	0.987313701944295
MET	-0.212251597427848	0.486031809439253	0.902214623506749
CFH	0.172662343919328	0.742906528768784	0.95939902598523
COX6C	0.192695778960918	0.810714550051722	0.969597213882234
GATD3	-0.0409922403309118	0.898421188703866	0.981827858916508
ACP2	0.315085882250724	0.54392332103696	0.915657734661848
COX4I1	0.512827468269805	0.121290621044721	0.888625693505588
BMP1	-0.34540721904845	0.585630172767162	0.924303740665767
CYBA	-0.0630863112609852	0.907403688020957	0.982690245512949
COX7A2	0.0668544791094163	0.800897688482055	0.969110515984846
PVR	-0.323238672564639	0.208673134281234	0.888625693505588
ARSA	0.140609715103889	0.705172969446436	0.949670932395934
TIMP2	0.756634546314253	0.507355591656295	0.904475408349742
SMPD1	0.454726393016813	0.401645810034187	0.892335408447821
ENG	0.159027474282368	0.560682441192368	0.922252118712626
PAM	-0.0776311200533115	0.828529364323323	0.97304407599618
CDH2	-0.321257338583912	0.281783277042001	0.888625693505588
NDUFV2	-0.261857299053506	0.43436291617633	0.892335408447821
IL11	2.11835007940324	0.0248087085277205	0.7140106370462
COL5A1	1.70197585626292	0.0619056605570771	0.888625693505588
BGN	0.12144967425926	0.868168928293292	0.978015349449015
COMT	-0.236953991756543	0.421915605603422	0.892335408447821
MMUT	-0.0191236757318514	0.936261861791451	0.987313701944295
ENPP1	0.15135716456458	0.818429513498285	0.970756197744177
GAL	-0.202446488798401	0.68152345613082	0.946793973196754
CPT2	0.0100117579948176	0.968008144563062	0.995779224512529
ATP5PB	0.567246559437862	0.10989244524036	0.888625693505588
CTSS	1.7863339660596	0.297152508897201	0.888625693505588
GRN	0.298813704888264	0.376145576940221	0.888625693505588
EPHB2	-0.054806791163724	0.861524478859449	0.978015349449015
ATP5F1D	-0.339367157505695	0.183443941575791	0.888625693505588
UQCRC1	-0.0324593299801315	0.929772279484928	0.987172731686195
ABCC1	0.0302866864305571	0.959921615556172	0.995779224512529
GALNS	-0.289896982672619	0.376383014288636	0.888625693505588
PTGS2	0.179893306566235	0.643850057765211	0.937125860077175
FBN1	-0.66032291103431	0.0389983157510094	0.832399457250015
HMGCL	-0.314437697205538	0.259159881886654	0.888625693505588
ATP5F1C	0.737923068461285	0.019239534495577	0.708088376033904
CPOX	0.0997010694949338	0.654111623357033	0.937658082196569
SREBF1	0.0710244318143118	0.883452703428093	0.981651602429554
GGCX	0.601702941348421	0.132489068640742	0.888625693505588
ECE1	0.327218018916518	0.290057351837716	0.888625693505588
SLC1A4	0.0897330265629535	0.737073491759833	0.958851257061125
GPD2	0.120576529607938	0.610806987204105	0.933473782088905
STT3A	0.697055392890487	0.0562451821164866	0.888625693505588
UQCRFS1	0.0519784287504663	0.839111597578408	0.973883915228908
ATP5PO	0.0953015814645894	0.70755334984185	0.949670932395934
MRPL19	0.234453640425556	0.508328244821035	0.904475408349742
NDUFV1	0.028011523444448	0.920347061567701	0.985044803395672
GNAQ	-0.91157669941736	0.291072775393017	0.888625693505588
SLC26A2	0.601574549292149	0.230774686738864	0.888625693505588
BCAM	0.28145105238368	0.282058192680595	0.888625693505588
RAB27A	0.597652394894936	0.575572682629948	0.922510868212962
SUOX	-0.224683028271293	0.820213143335225	0.970879034218576
LUM	0.744158030584554	0.307271316133088	0.888625693505588
NDUFA8	-0.222950796455894	0.574065557552321	0.922447328115156
MRPL12	-0.34789931425523	0.156540626727292	0.888625693505588
HCCS	-0.0892377767386456	0.744035314745267	0.95939902598523
CACNA2D1	-0.340071453906724	0.351656751736312	0.888625693505588
EPHB4	-0.0420975212700228	0.881247412964119	0.980604816471174
SLC12A2	-0.102720984358822	0.648068432714209	0.937125860077175
HADHB	-0.0670154915628984	0.776170976566086	0.965758464642737
ATP5MF	-0.281747818719111	0.319457174668951	0.888625693505588
ITGA1	0.127898647348253	0.710821159931763	0.949670932395934
ATP5ME	0.0490559366481982	0.869071538415362	0.978015349449015
HSD17B7	0.227355609242597	0.508738397382103	0.904475408349742
CD81	-0.0667256288183893	0.827947795012338	0.97304407599618
B2M	-1.6887070730004	0.01707508505431	0.704016860806341
NPC2	1.09835880577965	0.0107801943542118	0.643175197131099
TIMM10	-0.0476621848979022	0.877206354969265	0.979038666379258
CXADR	0.0709084399324347	0.785706250295907	0.967084956050919
ADAM17	-0.0127875180793176	0.965318524286098	0.995779224512529
NUCB2	-0.0536061919423503	0.891546116020529	0.981785915199133
MRPS22	0.076982630513033	0.807095549370804	0.969110515984846
MRPS25	0.427376665286509	0.223225878794911	0.888625693505588
LACTB	0.415452129637018	0.384752251336887	0.888625693505588
CBX1	-0.987175035696517	0.0296771883530738	0.748809404343292
MXRA7	-0.00412578683084774	0.989711607797394	0.998524511468581
HSPG2	-0.148140846632327	0.772352909264814	0.965758464642737
TFAM	-0.149890874785065	0.632402180788305	0.937125860077175
CDC42EP1	0.212051912303778	0.80114555150133	0.969110515984846
ALDH6A1	0.177557085204846	0.503627001664456	0.904098535556963
SLC25A11	0.133225294194652	0.604317664066904	0.931534588597947
PLAUR	0.377097174853656	0.289043130828435	0.888625693505588
KDSR	1.81577329194362	0.0045648296877922	0.4525267830498
LRP1	0.776229374272308	0.148096203837498	0.888625693505588
HYAL1	0.0491054081098952	0.949805212302993	0.994149379096295
EFEMP1	0.204727446794173	0.671407685645869	0.944722704185831
STX4	-0.0530290700798304	0.881549047807746	0.980695835977644
PTPRJ	-0.327816689834385	0.548045217477064	0.918241534519892
BNIP1	-0.153282242594749	0.49842394532364	0.903103570555654
DNAJC3	-0.385728911554033	0.258092573077215	0.888625693505588
MRPL49	-0.680213532131113	0.108099427568082	0.888625693505588
MSLN	-0.102242376881698	0.801277581721698	0.969110515984846
NNT	0.0217738626115462	0.931087862310648	0.987172731686195
SLC39A6	0.0555144720399241	0.813808355560485	0.969956356556953
OS9	0.0256921555832896	0.91819017017372	0.985044803395672
ADAM9	-0.448172155267994	0.108037670165483	0.888625693505588
ADAM15	0.0653345605923334	0.848555995603155	0.975493164176662
MTX1	0.0174880799597332	0.953003843180616	0.994149379096295
ASAH1	-0.263595234802061	0.426370706190203	0.892335408447821
MTMR3	-1.27866756728631	0.0533202856905521	0.888625693505588
LAMB3	0.0805025982337213	0.79862600849398	0.969110515984846
ARFRP1	0.153063001210352	0.541888983433163	0.914378834291
SCARB2	0.164625675738719	0.516065826960363	0.904625838138404
FLOT2	-1.04776533330509	0.242869432491967	0.888625693505588
RCN2	0.246885499521035	0.545096787170513	0.915657734661848
GNA13	0.057758328715046	0.842910333230624	0.973883915228908
FAT1	0.901803472209409	0.292394091767376	0.888625693505588
SQLE	0.443438075162394	0.102269713684769	0.888625693505588
BLTP2	-0.00747469459245664	0.99057870373012	0.998524511468581
MESD	0.865825495799484	0.317658708377329	0.888625693505588
SLMAP	0.964284475610963	0.0152639526649636	0.680924928384024
HERPUD1	0.841363319812579	0.393805582071257	0.888625693505588
PON2	0.341857078227605	0.426568986229751	0.892335408447821
PTPRK	-0.396903164108668	0.124609623029554	0.888625693505588
EPHA7	0.0876463305273809	0.715649895369684	0.949774158594407
RAB30	-0.0163578101788886	0.967420282008582	0.995779224512529
DECR1	0.1026331524901	0.70063878899081	0.949670932395934
TST	-0.51438216080566	0.148666733214148	0.888625693505588
PCK2	0.194505369354232	0.509702378563617	0.904475408349742
UGT8	0.313348011875508	0.342444378722668	0.888625693505588
IMMT	-0.16699636861841	0.573982935553577	0.922447328115156
LY6K	1.40290121089226	0.176737096172427	0.888625693505588
ALG11	0.945424810956865	0.109156841717849	0.888625693505588
PGS1	-0.00889391774340353	0.973727693570967	0.997041826405081
HSDL1	0.596096512444817	0.0825760307051597	0.888625693505588
TIMM50	-0.0095506633152489	0.971442315642162	0.996534790188005
CRTC2	0.83176475787473	0.0570548555621196	0.888625693505588
GPAT3	0.701230001887957	0.202463614329576	0.888625693505588
TMEM97	0.915025115367499	0.0761103031952896	0.888625693505588
YIF1B	1.24639459908754	0.00500731490981556	0.475268761972068
PIGG	-0.0194164038519773	0.941785716692349	0.989473877099521
CT83	-0.0385215401869239	0.934915510533937	0.987313701944295
MIA3	-0.476719150096706	0.270720741441441	0.888625693505588
PITRM1	0.123970942058733	0.664550933611564	0.941957190039349
PPP1R15B	0.724733914290319	0.0369205240091979	0.831830593964808
ODR4	1.1823319652175	0.228218980540717	0.888625693505588
TPRG1L	0.912009210676636	0.105149756316335	0.888625693505588
THEM4	-0.457302006807161	0.223667729310559	0.888625693505588
ZFYVE27	-0.73711934618435	0.208578203516027	0.888625693505588
MTARC1	-0.510854258207075	0.0727105951429114	0.888625693505588
CDKAL1	-0.188317042508807	0.41566070577025	0.892335408447821
LPCAT4	0.316414127350303	0.25015081867902	0.888625693505588
STEAP3	0.0511295974142172	0.890247796887286	0.981785915199133
MBLAC2	0.154603570162319	0.632534506906901	0.937125860077175
TTC19	-0.354662511519805	0.194480882043819	0.888625693505588
MCTP2	0.83460378588093	0.358408677916528	0.888625693505588
DHRS7B	0.347322647275636	0.184457467413262	0.888625693505588
ACAD10	0.400228074670206	0.618679931238534	0.934484760783178
FSTL4	0.435280650682444	0.21012515468893	0.888625693505588
SLC25A24	-0.160382585282633	0.61920159513078	0.934484760783178
RETSAT	0.187603604051073	0.389370779296257	0.888625693505588
TMEM214	-0.424793953465635	0.31286523869541	0.888625693505588
TCTN3	-1.08198263225251	0.121132041814554	0.888625693505588
SLC27A4	0.183191964769161	0.505171165854364	0.904475408349742
FDX2	-0.138944236457068	0.619436351456724	0.934484760783178
NCEH1	0.0896016789891618	0.69992952029661	0.949670932395934
CNST	0.805379521191927	0.127651298404894	0.888625693505588
CYP20A1	-0.105384871732682	0.727242035843261	0.955881259443981
TMEM205	0.187173853133203	0.491552291979224	0.902214623506749
LCLAT1	0.0850521797626875	0.780385476974173	0.967084459007165
TMT1B	-0.0601758080861536	0.856168616856064	0.977453111808975
SEZ6L2	0.153369275843822	0.660148762560858	0.940569667768759
CD109	0.282698715305951	0.465044318662011	0.894805367796945
ACAD11	0.264497002392154	0.646654044700897	0.937125860077175
GDPD3	-0.0575142164927769	0.842122730349671	0.973883915228908
LPCAT2	-0.221176478792344	0.734951407882242	0.958100008931233
ERMP1	0.669082562864091	0.0432783471396992	0.863929039161532
MRPL21	0.025358254004022	0.921084879886621	0.985044803395672
LYSMD3	0.0662230374133905	0.837162151880757	0.973883915228908
POGLUT3	-0.805962414461685	0.427239280798297	0.892335408447821
P4HA3	0.847581426719078	0.0616632629462548	0.888625693505588
GALNT7	0.509598089067932	0.0733228707521439	0.888625693505588
ADGRG6	0.0936329271147578	0.687417929946911	0.94764257895339
DHDDS	0.426340750532596	0.264105308320691	0.888625693505588
GALNT10	-0.762622108828378	0.352235270883715	0.888625693505588
GLRX5	0.0735082162790519	0.744875017946626	0.95939902598523
GPAT4	-0.346727524879725	0.406552326343749	0.892335408447821
TRABD2A	0.716066941782252	0.056051794182067	0.888625693505588
LONP2	0.240373255987002	0.628784055187834	0.937125860077175
OSTM1	0.0742525165922245	0.873315602091037	0.978015349449015
TMEM126B	0.0482666661743991	0.827099302083056	0.97304407599618
P3H2	-0.662003366988017	0.0482271156260985	0.880083493508337
P3H3	-0.0713731102987119	0.837664756521643	0.973883915228908
ITPRIP	0.417095030420807	0.146225206119625	0.888625693505588
TEX2	0.0684521581597828	0.947039569906345	0.992189648039503
TMEM192	-0.495871454639811	0.179044813333043	0.888625693505588
THNSL1	0.218582126134407	0.562901015040403	0.922252118712626
MICU2	0.257647914085261	0.420255361416173	0.892335408447821
CHPF	0.0896026489198825	0.925507050438684	0.985602041539023
ELMOD2	-0.145757217247365	0.665583271619784	0.941957190039349
RDH10	-0.138554179094786	0.650422268389902	0.937334454842977
VKORC1L1	0.484837355370153	0.162745344460661	0.888625693505588
GHDC	0.637006130177735	0.117820655594759	0.888625693505588
ABHD12	0.374324940317994	0.48989485300236	0.902214623506749
SDR16C5	0.612272725005695	0.0697882000278792	0.888625693505588
PTGR3	-0.365598719433947	0.49926908643254	0.903271809483964
CHCHD4	-0.193706036040389	0.665732229873407	0.941957190039349
DHRSX	0.211224901862241	0.627816663561481	0.937125860077175
ATPAF2	-0.137224242907756	0.786085882755941	0.967084956050919
FAM241A	0.230682842778133	0.410186286004679	0.892335408447821
GDPD1	4.78680669838489	0.000694905273398499	0.155914323902262
XXYLT1	-0.0555517410576343	0.82060272987315	0.971010285932128
SUMF1	-0.723711130614856	0.0145736466164214	0.678197248657913
UBAC2	0.183324951416051	0.604283783356938	0.931534588597947
TMEM87A	0.378033833597705	0.201343964627056	0.888625693505588
RDH13	-0.071326557003438	0.78426537172544	0.967084956050919
TTC13	0.872020838293363	0.122772715964753	0.888625693505588
UXS1	0.18564105790627	0.645612248606183	0.937125860077175
KCT2	0.148932897905709	0.585219690184815	0.924303740665767
PLA2G15	-0.0767567211756237	0.766717199516967	0.965758464642737
PDPR	0.261556422463162	0.403652824476092	0.892335408447821
DIPK2A	0.748364514022384	0.321027584406739	0.888625693505588
PDZD8	-0.196356357077342	0.506283169612517	0.904475408349742
ABHD11	-0.327871806559155	0.586309214267932	0.924303740665767
GRPEL2	0.566746418741346	0.0423787148712765	0.863929039161532
VANGL1	2.26179118933911	0.00243332678231115	0.301529743774723
DNAJB14	0.171936437253908	0.68709005496327	0.94764257895339
STT3B	0.195434639939876	0.678118489336139	0.946793973196754
NUP210	-0.0952175882827788	0.743504519263243	0.95939902598523
USP33	0.0924954733394898	0.732879445146754	0.957357307408395
ABHD3	-0.175362225257437	0.710941024857211	0.949670932395934
CHPT1	0.154988501187383	0.666665529161023	0.942315235619195
SLC38A5	-0.033432646802428	0.888420127214918	0.981785915199133
THEM6	-0.00376863730668475	0.988545467157326	0.998524511468581
NUDT8	0.0700708794593936	0.827640044588566	0.97304407599618
DCAKD	0.118336817165993	0.725683908184367	0.95551237143166
TFB1M	-0.164404788537432	0.56139395510034	0.922252118712626
FAR1	1.40049830207013	0.0764588266573844	0.888625693505588
SLC44A1	0.331338391645893	0.420190468173677	0.892335408447821
SELENOM	-1.1242321156461	0.159428425334826	0.888625693505588
BRI3BP	0.265942682972081	0.583220213680451	0.923523649583571
TM9SF4	0.179971066363077	0.634568842420483	0.937125860077175
UBXN4	0.167891360846316	0.540229831582197	0.914297302469542
PIGK	-0.193303322744264	0.42589902449297	0.892335408447821
NECTIN2	0.263860828151856	0.547473183764666	0.918241534519892
GCDH	0.0894788471092056	0.789161395721678	0.967084956050919
PIGT	-0.122023270425103	0.749094802985051	0.961040214318709
GTPBP3	0.022576493229483	0.915024501163135	0.984956052545164
FAM162A	0.0818932273473578	0.820194973423659	0.970879034218576
ADIPOR1	0.373183014281587	0.204197554558356	0.888625693505588
ISOC2	-0.0318400386379487	0.889311981747046	0.981785915199133
PNPLA2	0.853512508239369	0.486373088753617	0.902214623506749
TTC17	0.0243479111538569	0.96909211141842	0.996110578119256
TOMM6	-0.170917805910143	0.618281546892819	0.934484760783178
ARL8A	0.298557064695572	0.430865037794859	0.892335408447821
COA7	-0.427019291774752	0.178323070913636	0.888625693505588
TIMCC	-0.144010074938631	0.637460280481044	0.937125860077175
FAF2	0.427208717548432	0.166972065529129	0.888625693505588
FAM241B	-0.724786786330846	0.0595015759836848	0.888625693505588
RSPRY1	0.812339241088718	0.0446689957227215	0.869195642267039
ERLEC1	0.23612819907008	0.428663767484479	0.892335408447821
NUS1	0.0571780915123306	0.837987207900711	0.973883915228908
C1GALT1C1	0.228284826715182	0.619300284937383	0.934484760783178
SMIM12	0.328618997705391	0.280622717126791	0.888625693505588
DNAJA3	0.132465653976631	0.713954141766301	0.949774158594407
MMAB	-0.10666526449403	0.679198783883938	0.946793973196754
ALG14	0.527763338386059	0.426162708268384	0.892335408447821
CERS2	-0.439389412828891	0.115744128096651	0.888625693505588
REEP6	0.183757472000224	0.692391466327323	0.948679403227176
HPDL	-0.302055317430828	0.450615344568405	0.892335408447821
ATP5MK	0.103004135953402	0.683793141772814	0.946793973196754
TXNDC15	0.174724663369716	0.636032510406436	0.937125860077175
SLC35E1	-0.104931742239884	0.674644053684662	0.944722704185831
DHRS1	0.17298726492303	0.551453860001946	0.918952435363721
TMEM68	-0.223741693240257	0.556872721607274	0.921100931067872
MBOAT7	0.172963912433922	0.433325440505626	0.892335408447821
MIA2	0.0948670987851266	0.749183835678625	0.961040214318709
TMEM237	-0.0396122667321528	0.869912597703826	0.978015349449015
SLC38A2	0.622572811491466	0.072608917532223	0.888625693505588
VPS13A	0.0708101069778593	0.772374065790663	0.965758464642737
CLCC1	-0.0525010435401398	0.890609653663336	0.981785915199133
MYADM	0.187292178363165	0.501546716577812	0.903537852282781
CYP2S1	0.0516139991958546	0.865011704425333	0.978015349449015
CDK5RAP1	-0.190339201112195	0.46053540854054	0.894390686592813
YME1L1	0.229000248848187	0.479746885802614	0.900736892914756
SERPINI1	-0.922530396651119	0.05029767726984	0.886869321346862
PKMYT1	0.106661589487228	0.713481651594388	0.949774158594407
OSMR	1.41288408694746	0.00166074053243314	0.255467707420146
CGREF1	-0.0641115168319999	0.956134888777685	0.994574630060379
SIGMAR1	0.701695369988855	0.0724904467460799	0.888625693505588
MIPEP	-0.049376289925501	0.861265937300735	0.978015349449015
SLC29A1	0.482296412677126	0.064933902431753	0.888625693505588
CIB1	-0.176680108885691	0.619169028039696	0.934484760783178
RNF5	0.25153414504814	0.516138844045143	0.904625838138404
SEMA3C	0.411033066987486	0.377540514648642	0.888625693505588
ADPGK	0.35627054544225	0.159523725869612	0.888625693505588
PRADC1	0.594658904435413	0.168699009047251	0.888625693505588
ALG1	0.27683788540331	0.454137042481012	0.893650351348829
INPP5K	-0.0245453218167881	0.980494563946766	0.998399052674395
NDC1	0.748080194920405	0.30764136950396	0.888625693505588
FUCA2	0.30334461576971	0.286741360682631	0.888625693505588
DHRS4	0.75473913623491	0.31811586333689	0.888625693505588
LMF2	1.41122861092253	0.370133652860945	0.888625693505588
ISCA1	-0.248547982818007	0.359606881247633	0.888625693505588
DERL1	0.122162758256547	0.736522295170852	0.958851257061125
ABHD6	0.351779992305843	0.438170638558879	0.892335408447821
TMEM109	0.1231670671358	0.652992394558698	0.937558768904083
BCL2L13	0.2098971184367	0.526237494468313	0.911831550549262
TMEM59	0.211351770980663	0.71930050692654	0.952189550221476
PECR	1.20916316797831	0.00151093802835272	0.2496405386845
MRPL20	0.299480231064987	0.298857269364046	0.888625693505588
MRPL37	-0.00774497651449124	0.982696414744213	0.998524511468581
EDEM3	0.189660274134184	0.710907598352244	0.949670932395934
SELENOI	0.0219950569808525	0.946285755033787	0.991865778478788
LNPK	-0.0664596053607944	0.833523132870902	0.973134440130095
TTYH3	1.94599050812608	0.0410279338134578	0.851281919729467
SLIRP	0.499277203011296	0.351411005575352	0.888625693505588
SLC22A4	0.507029802199455	0.141441507228429	0.888625693505588
MAGT1	-0.446149605193423	0.339268298513964	0.888625693505588
UNC93B1	-0.0529168905509749	0.803997682336894	0.969110515984846
TMX4	-0.310495951424922	0.177433242033996	0.888625693505588
SLC38A1	0.320173096779158	0.326914540589325	0.888625693505588
SPNS1	-0.165346414695779	0.615198762099766	0.934056605209952
MRPL46	-0.0187649554472529	0.937580196050398	0.987313701944295
TOR3A	0.0249693247488239	0.962286674798953	0.995779224512529
TRABD	0.106633817177926	0.630148208529716	0.937125860077175
ALG2	-0.103203336791619	0.876172209968695	0.97837402469846
POMK	0.863090223696581	0.0122442252134136	0.658090225024557
RETREG1	0.0785486132567961	0.863294392787697	0.978015349449015
ACAD9	0.353079057608841	0.13800725359139	0.888625693505588
MRPL44	-0.0240868528007177	0.934279917053621	0.987313701944295
SIAE	0.512825471349796	0.381175104816092	0.888625693505588
ZFYVE1	1.23448815959004	0.00233159390063369	0.297178296877912
RDH14	0.480846050940599	0.342045302202618	0.888625693505588
SDF2L1	0.326182410662867	0.445282239578125	0.892335408447821
PREB	0.05621928942832	0.831150863189275	0.97304407599618
TXNRD2	-0.0251083188171215	0.935801263456552	0.987313701944295
ABCB6	0.239308263331012	0.404701935226921	0.892335408447821
PNPLA8	0.785125488096618	0.0706838170139741	0.888625693505588
SARS2	0.0470273350067103	0.825243237546097	0.97304407599618
CD320	0.451441172806511	0.15386164338629	0.888625693505588
GPR108	0.184221762253241	0.516133259590494	0.904625838138404
SDR39U1	0.222220097626213	0.610119168453777	0.933362987688811
GLRX2	0.390703594502423	0.530022843879411	0.911831550549262
TOMM22	0.27560430720678	0.411010215425031	0.892335408447821
SACM1L	0.03119950006392	0.893785102181211	0.981785915199133
TMEM106B	0.405433556836886	0.296942742733587	0.888625693505588
UFSP2	0.00413259435890723	0.986816376037081	0.998524511468581
SPTLC3	0.785773872963794	0.209670846725813	0.888625693505588
TYW1	0.492653655772365	0.552172151449314	0.919036315404029
TMEM30A	1.03483230864688	0.0495785006433038	0.884678765479114
ATAD3A	-0.101005354755518	0.682986608789988	0.946793973196754
FKBP14	0.692394155921981	0.207306036656634	0.888625693505588
MRPL22	0.0789807620985314	0.769733591087703	0.965758464642737
SDHAF2	-0.212649292716165	0.421219201643673	0.892335408447821
SMPD4	0.508626187949837	0.1828500255261	0.888625693505588
P4HTM	0.0967756634796011	0.801379959703267	0.969110515984846
TOR4A	1.81740739874484	0.0978167231621523	0.888625693505588
QPCTL	0.430007753410493	0.238503948614869	0.888625693505588
DNAJB12	0.000273033913536835	0.999339278408031	0.99978751311465
SLC39A1	0.126178390480455	0.774019229753558	0.965758464642737
MTMR4	0.783078707514335	0.235677259924826	0.888625693505588
UGGT2	0.107591425666453	0.622937528537554	0.936223895294503
ERAP1	-0.0663245437792064	0.898743954672121	0.981827858916508
GDE1	1.19048833180576	0.310500816384058	0.888625693505588
MTCH1	-0.0129078553254018	0.966789648464892	0.995779224512529
NDUFAF4	0.216695209340326	0.557314217577321	0.921148101004975
NDUFA13	0.291044030355906	0.281990442107811	0.888625693505588
PDP1	-0.79691800620531	0.292611463626696	0.888625693505588
TMEM14C	0.151492880365293	0.599617876795749	0.929969514596049
CHPF2	0.417942343817764	0.308788055066053	0.888625693505588
STX18	-0.0901918856961927	0.782031246598021	0.967084459007165
DPM3	0.392780170305461	0.387186064446158	0.888625693505588
MRC2	0.10249379725829	0.750585353025781	0.961597920318989
TNFRSF10D	-0.0555246538408838	0.840992212386094	0.973883915228908
AMACR	-0.182922639118559	0.517901694998638	0.904625838138404
BCAP29	-0.0956727622353633	0.755673035083841	0.964444602906129
ADGRE2	0.0826075494055445	0.770708880306961	0.965758464642737
AK3	0.394123382311005	0.145141236218388	0.888625693505588
PLXNA1	-0.558265565429704	0.0700033019217549	0.888625693505588
HACL1	-0.917832933818012	0.0298785191600776	0.748809404343292
STOML2	-0.207537088131346	0.451356297108852	0.892335408447821
RAB23	0.462057124235251	0.332241445706633	0.888625693505588
ICAM5	-1.2696676125743	0.148552502655019	0.888625693505588
PPT2	0.202326865240408	0.62569287502679	0.936223895294503
NFU1	0.0282969413799172	0.922694322238424	0.985044803395672
HIGD1A	-0.195726646483344	0.561346873479369	0.922252118712626
PRELID1	0.236291325271118	0.338252611080595	0.888625693505588
SLC5A6	0.157207641348695	0.536016182308298	0.912662688477534
MAN2B2	0.070302151116131	0.957413940470505	0.994880873151391
YARS2	0.609006916630459	0.400660382987263	0.892015440090155
DHRS7	1.23176335469058	0.111408801816717	0.888625693505588
MRPL11	0.134786441222232	0.682520648569472	0.946793973196754
TIMM10B	1.26119146507332	0.0119490853568095	0.657506595367967
TIMM8B	-0.630667220495774	0.0569584133120048	0.888625693505588
TIMM13	0.423427247237679	0.196875432619516	0.888625693505588
FADS3	0.688341045926624	0.0227041257428118	0.708088376033904
IER3IP1	1.20499455771568	0.00545454869323976	0.480194287842996
SNX14	0.0419320859289307	0.931186472749497	0.987172731686195
SNX13	0.561016571178996	0.312218740026573	0.888625693505588
AUP1	-0.0706353670323026	0.788964108690636	0.967084956050919
FKBP7	-2.23853320705598	0.00900368312471452	0.614548496493253
MTCH2	0.020189909503106	0.934074725106113	0.987313701944295
TEX264	0.254981717923474	0.380112623472525	0.888625693505588
CEPT1	0.0369182567203516	0.898576242439471	0.981827858916508
SLC4A7	-0.0117068244097993	0.963281598474354	0.995779224512529
COX11	0.0923960447796972	0.707036028051617	0.949670932395934
LAMC3	-1.01199435087894	0.0087121195367561	0.610339852899575
MMP24OS	-1.7401807442058	0.00394015966454072	0.419866556721235
PEDS1	0.331143530218316	0.445611053100942	0.892335408447821
RAB27B	-1.245686603526	0.0935854866416628	0.888625693505588
LGALS8	0.101332724785713	0.772303244378182	0.965758464642737
PDHX	-0.0132447613321744	0.96260608064772	0.995779224512529
ADAM10	0.0703421332028391	0.830361192738045	0.97304407599618
CLGN	0.0443354881388593	0.902650028650822	0.98202165336277
FAM20B	-0.123624733271431	0.553051293280566	0.919036315404029
LRP5	0.193650007089502	0.858902158680918	0.977453111808975
GCAT	0.386963973799944	0.35827925127609	0.888625693505588
FARS2	0.0958306102042954	0.696584278750228	0.949670932395934
ICAM1	0.125163153794876	0.72332840884207	0.953805012441928
YES1	0.0706725720858898	0.886827309416404	0.981785915199133
STS	0.510527171870258	0.221596296519966	0.888625693505588
COX6B1	-0.4067611155922	0.204323612784184	0.888625693505588
IFNGR1	-0.0151315617368581	0.964601594692743	0.995779224512529
ACADS	0.345597260827386	0.35954213596705	0.888625693505588
CD36	-0.484356880902887	0.37254797464021	0.888625693505588
PTPRA	0.150924654232995	0.639079439424924	0.937125860077175
NT5E	0.323306660271427	0.351213240640423	0.888625693505588
SDHB	0.215290843892213	0.419044490677645	0.892335408447821
FECH	0.205137708282244	0.576749891359165	0.922510868212962
GCSH	-0.286513797509159	0.386395940757987	0.888625693505588
CTNNA2	-0.605207302080366	0.164563911230866	0.888625693505588
PTPRM	-0.350622172281639	0.662746470091681	0.941957190039349
AXL	0.376200204210821	0.33383800005452	0.888625693505588
ACADSB	-0.878502737354832	0.196983361926077	0.888625693505588
GLIPR1	0.303147383155164	0.229718765387501	0.888625693505588
CD151	0.804240805480745	0.074572838903205	0.888625693505588
HARS2	0.0255363915686146	0.930334510487964	0.987172731686195
IDH3G	0.800122355777965	0.0233331072129531	0.708088376033904
ALDH5A1	0.626033232405963	0.0803533067440358	0.888625693505588
CLDN12	-0.00746248664573557	0.980162472440165	0.998288764738716
SLC35A2	0.263028335182362	0.377030253561312	0.888625693505588
ROR2	0.509485615501085	0.311905371052618	0.888625693505588
CLN3	0.312888806587384	0.590088370141017	0.92689585183066
TPBG	-0.346508435910241	0.409439288897389	0.892335408447821
EFR3A	1.02317419482533	0.216025503311857	0.888625693505588
ENDOG	-0.850499499161451	0.023257247941905	0.708088376033904
PDIA5	0.240556748248402	0.385776999390326	0.888625693505588
NBR1	-0.918310289097153	0.0289445883726473	0.748809404343292
FXN	-0.00873277036424014	0.97951593314997	0.998288581242415
ALDH1L2	0.52326973119305	0.116268114978776	0.888625693505588
ACSF3	0.147426036980619	0.630387716663862	0.937125860077175
NHLRC3	0.97600194178489	0.229353059501635	0.888625693505588
SLC27A3	0.703781670126745	0.284792918338219	0.888625693505588
RARS2	0.0874693738497818	0.747687830209625	0.961040214318709
ATAD3B	0.308094484257378	0.674148663587065	0.944722704185831
CD276	-0.22147653052302	0.435160538089631	0.892335408447821
REEP3	0.44296854522597	0.540861517758861	0.914297302469542
GOLM2	-0.0519736385338554	0.868345890879823	0.978015349449015
PPP1R3F	-0.219159836721079	0.497484117862725	0.903103570555654
LRP10	0.190378835320072	0.63833191680345	0.937125860077175
MRPL10	0.149831219332736	0.625931337295542	0.936223895294503
PIP4P1	-0.22968371514385	0.412384449688012	0.892335408447821
SLITRK4	0.111132045760382	0.701791632689203	0.949670932395934
KIAA2013	0.182143264986898	0.738054729434824	0.95931957143004
TMEM123	0.18790631291472	0.411411877886815	0.892335408447821
STK11IP	0.108994001261657	0.66339803600681	0.941957190039349
SLC15A4	-0.115540856764802	0.742513379356202	0.95939902598523
RNF149	0.155973714517366	0.666571963365303	0.942315235619195
MCU	0.0395059349660301	0.907419222691406	0.982690245512949
GLMP	-0.117860881347653	0.838650758095896	0.973883915228908
MAIP1	-0.206358560291516	0.653494612859567	0.937558768904083
RTN4IP1	0.147889027799749	0.71219832323335	0.949670932395934
MRPS27	0.496649945297538	0.0594409513972159	0.888625693505588
RAB8B	-0.197558080825821	0.537126448811316	0.912662688477534
GFM2	0.256043091864051	0.298907305707798	0.888625693505588
YIPF6	0.333948143835908	0.384764141559103	0.888625693505588
PGAM5	-0.252120100096242	0.42713461444961	0.892335408447821
DHTKD1	0.335855424783094	0.336263259895914	0.888625693505588
FBXL20	0.379896905719121	0.453268781784973	0.892335408447821
SLC49A4	0.223647311922406	0.574103509703138	0.922447328115156
GDF15	2.42858518035696	4.42439763500328e-05	0.0179429434997724
MICU1	-0.0446283217836765	0.886782238800903	0.981785915199133
AGMAT	0.475906261746399	0.232411547482807	0.888625693505588
TACO1	0.513437973621055	0.225325978867056	0.888625693505588
NDUFAF3	0.0537080874328701	0.842563740089556	0.973883915228908
MCOLN1	0.7432797502195	0.256845628412749	0.888625693505588
MTFR1L	0.223326491076072	0.375932564153788	0.888625693505588
TMEM126A	-0.307405443820045	0.39117376121021	0.888625693505588
XYLT2	0.405931689316528	0.48358479914439	0.902214623506749
MFSD1	0.110825583919784	0.741970376305703	0.95939902598523
CHST12	0.308154814820874	0.78840876985367	0.967084956050919
OTULINL	0.921113964469036	0.0696927312684045	0.888625693505588
RAB20	0.46917342233931	0.186823490469484	0.888625693505588
CMTM6	0.528128839661186	0.100701432711472	0.888625693505588
TENM3	1.54976287998583	0.0360973682849927	0.821583468976288
SUCLA2	0.295937193308397	0.262942888283188	0.888625693505588
EXTL2	-0.255933742734797	0.533840722682401	0.912662688477534
LAMTOR3	0.22724573364707	0.449028245919515	0.892335408447821
NOCT	0.935727803700139	0.0703988711008701	0.888625693505588
PTRH2	-0.018639435996068	0.95696720434046	0.994648345424696
PLXND1	-0.00979627428888818	0.987202122242629	0.998524511468581
DTNA	-0.614067435874912	0.14046293287629	0.888625693505588
F11R	-0.240040646067225	0.499443135588888	0.903271809483964
SLC12A7	0.412450083976722	0.253432550449474	0.888625693505588
NFS1	0.568389626972341	0.355750321477588	0.888625693505588
NBAS	-0.307656479409424	0.249904738192918	0.888625693505588
TMEM131L	-0.0916136438862338	0.704254377346463	0.949670932395934
METTL15	-0.0888928167741128	0.727809727552595	0.956087360520957
WWP2	-0.0780064418670499	0.840972272339462	0.973883915228908
AGPAT2	0.476019658166209	0.221277852941613	0.888625693505588
SCAMP2	0.550077460737498	0.0887671490513029	0.888625693505588
ABCC4	-0.165883797163296	0.5697809661776	0.922447328115156
KCNN4	-0.87878910484843	0.0394168936587924	0.834640493829758
PLXNB1	-0.138843723577327	0.814773161193904	0.969956356556953
RNF13	0.300984975533389	0.373906147333849	0.888625693505588
TSPAN6	1.13191048023977	0.140110417250508	0.888625693505588
MGRN1	0.533813370643053	0.261543404352788	0.888625693505588
TSPAN3	0.920325368445376	0.0533897522386223	0.888625693505588
SLC19A2	0.246128231039457	0.584965393867433	0.924303740665767
SMPD2	0.796518417041888	0.173690068038294	0.888625693505588
TRMU	0.271977690492637	0.459744858450642	0.894390686592813
GATB	0.293425404257434	0.581207592325093	0.92276129926035
ECEL1	-0.0736657598852268	0.741727740276595	0.95939902598523
TMEM50A	0.249128585130514	0.572184344225845	0.922447328115156
CD63	-0.0402953458813649	0.902714654978372	0.98202165336277
MRPL3	0.0434606514631852	0.910231249689582	0.984068907623261
FURIN	-0.490136507494157	0.499522876932737	0.903271809483964
COX5B	0.151379535573827	0.633362273897155	0.937125860077175
CD46	-0.0658758923331746	0.852092595107377	0.97586592295061
GJA1	0.126663147266925	0.761433182767376	0.96574401473208
FDXR	0.538332275133413	0.0962209739552663	0.888625693505588
EPHA2	1.19008924231386	0.00395301398392555	0.419866556721235
ALDH4A1	0.0826814624167191	0.791014855001967	0.967084956050919
SDC4	0.932004108466714	0.0488782521648913	0.880083493508337
SOAT1	0.427961063733576	0.182764127620435	0.888625693505588
TGFBR1	-0.112775750973903	0.789962621911701	0.967084956050919
IL6ST	0.256166035029267	0.835846417871975	0.973883915228908
PNPLA4	0.0353162635598636	0.912551988339255	0.984449325317201
NES	-0.0377819037971889	0.930415720736618	0.987172731686195
PPOX	-0.218110694169471	0.572878054563493	0.922447328115156
EPHA5	0.923571340250973	0.0282463396995212	0.748809404343292
NDUFA6	-0.00807977295425744	0.977774306420323	0.99796035666888
UBE2G2	-0.188205176951012	0.474369887909654	0.898202067047948
CNTNAP1	0.288138977411201	0.473268624090341	0.898022684843475
ARG2	0.0492899941655125	0.872955196270653	0.978015349449015
MRPS5	0.607975382244295	0.0627815567075994	0.888625693505588
MRPS15	-0.0373315299632253	0.895477322625959	0.981785915199133
MRPS21	0.14195732328524	0.61872479779012	0.934484760783178
IFITM2	0.70290554617679	0.185547690778663	0.888625693505588
PDE3B	0.44774702769141	0.257110353973244	0.888625693505588
TCIRG1	0.0353180895721792	0.910930454491796	0.984068907623261
PEX6	-0.581256721667728	0.333520755989729	0.888625693505588
NCOA4	-0.355073277010824	0.66695737879732	0.942315235619195
SLC29A2	0.226748060460608	0.658583721669766	0.939984129047722
SPCS2	0.42185653955266	0.228774874812025	0.888625693505588
LARS2	0.0870916300577491	0.800446004817266	0.969110515984846
MTX3	-0.0646872861306989	0.775392676644858	0.965758464642737
EARS2	-0.00612488741463579	0.982003324031274	0.998524511468581
MRPL2	0.500928822294441	0.0981121838716769	0.888625693505588
NDUFAF5	0.178500972305493	0.545166317700486	0.915657734661848
ZDHHC20	0.339668963404872	0.356349206349796	0.888625693505588
SLC61A1	0.511702783891899	0.228572292342822	0.888625693505588
SLC18B1	0.297213528254964	0.295497255057423	0.888625693505588
MFSD12	0.448645469403502	0.0905445334159761	0.888625693505588
C8orf82	-0.348810223602364	0.391057118198457	0.888625693505588
MAVS	-0.810204534069499	0.0181781311292728	0.708088376033904
GOLGA7	0.232566907863081	0.536782506706761	0.912662688477534
CMC1	0.618511845900027	0.444568625824381	0.892335408447821
ADCK1	-0.673445984908462	0.186142136715327	0.888625693505588
PDSS2	0.0658144859424183	0.815002753701171	0.969956356556953
SLC35F2	0.0747055470826155	0.807324950653316	0.969110515984846
PNPLA6	-0.103286809364551	0.64228746705792	0.937125860077175
ORMDL1	-0.741851394223715	0.0490931950849221	0.880083493508337
SLC39A11	0.236359785154932	0.565393901917714	0.922447328115156
UBE2J2	0.201299093651762	0.48617452431412	0.902214623506749
JAGN1	0.476757874013522	0.145728201953222	0.888625693505588
ATP11C	-1.07176835096453	0.336474944641362	0.888625693505588
SLC43A3	-0.307509185307339	0.562781284063084	0.922252118712626
LEMD2	0.42453695480873	0.225153953453229	0.888625693505588
GPRC5A	0.137804045772892	0.626471537340045	0.936223895294503
DNER	1.05384201225231	0.163236786489446	0.888625693505588
MFSD8	0.97905872343042	0.127725196413937	0.888625693505588
COQ8A	0.165431168499424	0.490943576894745	0.902214623506749
GADD45GIP1	-0.434196356032302	0.137926373342654	0.888625693505588
CD99L2	0.0138658882736067	0.963917730427481	0.995779224512529
GPT2	-0.592709443692254	0.0868093174561353	0.888625693505588
SCFD2	-0.199211990981702	0.626136903155925	0.936223895294503
CANT1	-0.214369624067821	0.379030068413038	0.888625693505588
CLEC2B	0.113239986770417	0.80380416475541	0.969110515984846
SLC7A6	0.398624412425164	0.230806170693588	0.888625693505588
LPGAT1	0.134417465857059	0.693713564702453	0.948679403227176
MRPS31	-0.360168079898969	0.249396883187779	0.888625693505588
TAMM41	0.0311179435757367	0.931950764371597	0.987313701944295
FOXRED1	0.141721079074937	0.549810220779806	0.918536961775053
MRPL38	0.133760761786618	0.637741627484395	0.937125860077175
BSCL2	0.16570651736134	0.667996660763086	0.943315322464111
MRPL48	0.137760356852255	0.642212540476302	0.937125860077175
FMC1	0.370784315179733	0.376270486992571	0.888625693505588
NARS2	0.0512393445623189	0.82920973374547	0.97304407599618
KIRREL1	0.913755789016871	0.0825978299609836	0.888625693505588
SLC71A1	0.755746102071647	0.30345686869453	0.888625693505588
MCEE	0.244280316809277	0.38350962469641	0.888625693505588
PANX1	0.0248270841455103	0.962540754396477	0.995779224512529
SEC62	0.2516731271411	0.475887293816514	0.898719460109556
PKP2	-0.178267936336795	0.751500619543192	0.961597920318989
NIPSNAP1	0.298302376691819	0.274816175284127	0.888625693505588
MGME1	0.0156762013523704	0.970082950793102	0.996335656314624
UQCC2	0.269683633014679	0.236300769608292	0.888625693505588
ALKBH7	-0.0870224411969893	0.768067744522206	0.965758464642737
HINT2	-0.0961158127800772	0.704859738230803	0.949670932395934
RAB11FIP5	0.274603544426522	0.500138138463456	0.903537852282781
MRPL9	0.355095669107307	0.279916096264504	0.888625693505588
MRPL4	0.342887472555937	0.309078982995206	0.888625693505588
MRPS26	-0.110293551144373	0.729549071750124	0.956266521772089
ZDHHC5	0.0925431634093741	0.73614260490506	0.958851257061125
QRSL1	0.168884593292166	0.55849178434647	0.921257891825044
CYSTM1	0.414183220501883	0.152350684428952	0.888625693505588
GHITM	-0.00229345515160873	0.993150710183882	0.99919831261396
OSGEPL1	0.00595222397065243	0.986096478614587	0.998524511468581
RHOF	0.0177910166355275	0.970404464469355	0.996335656314624
EPB41L5	0.0828355074167888	0.871240017465269	0.978015349449015
XPNPEP3	-0.0938300614863223	0.693608805471918	0.948679403227176
NECTIN3	0.163369778067096	0.58208319092464	0.922883460086395
CMC2	0.160914738330241	0.693324181183742	0.948679403227176
CDC42SE2	0.804795445483421	0.128057207578172	0.888625693505588
DDX28	0.208019430528751	0.510504283248773	0.904475408349742
NDFIP2	-0.356490679674646	0.268514853824993	0.888625693505588
UQCC1	0.217181032766188	0.483979607994435	0.902214623506749
CLN6	0.264631142172433	0.464830674338817	0.894805367796945
OCIAD1	-0.53523292762226	0.328538627361164	0.888625693505588
ELOVL5	0.167869546436716	0.435823596691526	0.892335408447821
CISD1	0.00448285370070067	0.986920817533054	0.998524511468581
CNIH4	0.028760773854497	0.910367165481746	0.984068907623261
MRPL15	-0.592780019096441	0.0613162412846229	0.888625693505588
ADAM22	0.0306064125196954	0.93540354190899	0.987313701944295
MRPL27	0.406132734904006	0.353984472233423	0.888625693505588
SLC2A6	0.60646808135607	0.391691197154139	0.888625693505588
AFG3L2	0.161394113355851	0.599240167841833	0.929969514596049
TIMM22	0.000336776842246422	0.998986221833904	0.999658487124505
PEX16	0.583705987389834	0.131184035456211	0.888625693505588
MRPS18B	0.129630872601378	0.661254067597586	0.941215741974181
NDUFA10	-0.503019239738862	0.210820031355086	0.888625693505588
C6orf47	0.347287723645021	0.394645366956655	0.888625693505588
MT-ATP6	0.0500795913380685	0.905711801978527	0.98202165336277
IGF1R	0.566954166016419	0.0737959153010409	0.888625693505588
JUNB	1.58518058985716	0.000354809549419371	0.105520359997321
ATF6	-0.156004129412391	0.703065692949286	0.949670932395934
KDELR2	2.8272862247429	0.000783544684863129	0.166447278055925
PIGA	-0.15638130363644	0.892383486709465	0.981785915199133
TMBIM6	0.212676508761206	0.614360739656685	0.934056605209952
KGD4	0.106862080000706	0.626364980053178	0.936223895294503
KCTD2	0.220939845158085	0.611663897012914	0.933541246732657
TOMM20	-0.150493836105881	0.493368117834046	0.9023842450421
MSMO1	0.431419813251431	0.226542227785996	0.888625693505588
IGFBP7	-0.509648813306157	0.122987399539281	0.888625693505588
AGK	-0.828187683840852	0.312196844643868	0.888625693505588
EMC4	-0.484075297908419	0.485715711059143	0.902214623506749
ASPHD1	0.248176561839554	0.625694980961145	0.936223895294503
FAT4	-0.204115479561327	0.717131728558021	0.950423244532778
DNAJC14	0.380380573478856	0.450248617956214	0.892335408447821
AADAT	-0.0273486479632119	0.945499575188804	0.991507664531559
LMF1	0.27739957330369	0.481530800923015	0.901527764344115
CADM1	0.0877806387654658	0.759857389052467	0.96574401473208
CLMP	0.0900580849846122	0.830728428834489	0.97304407599618
GPRC5C	1.01376290020555	0.150158886495279	0.888625693505588
RAB6B	-0.142182980431169	0.701893729637364	0.949670932395934
RASSF1	0.189762241076668	0.824910671040878	0.97304407599618
CELSR1	0.297930180537676	0.297671657644838	0.888625693505588
TIMM9	0.362813662279642	0.233437981529022	0.888625693505588
PXMP4	-0.83798851524697	0.144017271708578	0.888625693505588
SMIM26	0.248761461222209	0.680556790671678	0.946793973196754
PIGBOS1	-0.546978598583486	0.36209673787721	0.888625693505588
C1orf226	0.64446392160545	0.250134914689699	0.888625693505588
FAM234B	-0.206706114583568	0.61157570638964	0.933541246732657
GOLGA8H	-0.489224820579068	0.14178815732172	0.888625693505588
C15orf61	0.59479604917912	0.287568024163111	0.888625693505588
CYSRT1	-0.719997975120155	0.217284300163792	0.888625693505588
HACD1	-0.380988414748415	0.440819492076455	0.892335408447821
SMIM1	0.424811158399446	0.535824720694471	0.912662688477534
GPHRA	0.69847642084212	0.0972800963272491	0.888625693505588
TK2	-0.165034485139373	0.579757217519832	0.92276129926035
GET1	1.14447150133255	0.167107570534304	0.888625693505588
SLC33A1	-0.59239078204979	0.477003803353421	0.899358797669517
POLRMT	0.165365840436472	0.615596254494564	0.934056605209952
BTN3A1	0.445510640660039	0.141201087323757	0.888625693505588
COXFA4	0.128717934853402	0.68721483457335	0.94764257895339
PODXL	-0.0469545318141087	0.889713457086676	0.981785915199133
NME4	-1.67629143160639	0.0437794063423158	0.864158989792348
PLPP1	0.363725107625122	0.291094167969348	0.888625693505588
PLPP3	0.380970298396509	0.134230676769497	0.888625693505588
C2CD2L	-0.586344780884094	0.19001794080911	0.888625693505588
NEMP1	0.343245881863673	0.260459424976586	0.888625693505588
COX7A2L	-0.178049915146254	0.539652778012152	0.914297302469542
CDIPT	0.291195652516613	0.248720954608054	0.888625693505588
BCKDK	0.346463166956305	0.463638350329998	0.894390686592813
TIMM23	0.494630520016315	0.209808834731499	0.888625693505588
UQCR11	-0.350407137528578	0.244044998804447	0.888625693505588
PRORP	0.303360103408288	0.207486841833925	0.888625693505588
DEGS1	2.52928303433373	0.0627596671373615	0.888625693505588
BET1	0.111567171404349	0.869587012577119	0.978015349449015
CTDSPL	0.274148068027809	0.541708065354981	0.914378834291
MRPS12	-0.0629574551865062	0.841010711808666	0.973883915228908
NDUFA1	-0.0326238897406057	0.952613760806199	0.994149379096295
ABCC5	1.42837271229065	0.191971048907374	0.888625693505588
CLDN3	-0.00139350589709863	0.99680567558238	0.999219935408577
NDUFS4	-0.034699946105377	0.91801420971545	0.985044803395672
LYRM1	0.460591160608672	0.322878389547402	0.888625693505588
EMC8	-0.269924614139988	0.298758058943016	0.888625693505588
SGCE	0.789086298757439	0.143715934196675	0.888625693505588
NDUFB5	0.0501550470144032	0.872894397947542	0.978015349449015
NDUFB3	0.066795573069502	0.872100004242201	0.978015349449015
NDUFA2	-0.990241677366988	0.00131112703455245	0.241406338234051
PLPP2	-0.0929204043590488	0.839748182718489	0.973883915228908
SLC25A20	0.262585454171717	0.374168861978869	0.888625693505588
SLC25A17	0.738113604240567	0.181706039478672	0.888625693505588
SCO2	0.967284140917727	0.0545068237863079	0.888625693505588
SLC37A4	0.21167332621355	0.553723514668496	0.919036315404029
EXTL3	-1.73444960380728	0.325978699811169	0.888625693505588
BNIP3L	-0.115716842032427	0.6833000854683	0.946793973196754
ADCY3	0.103020916802308	0.675836046247082	0.94540752659399
MARCHF6	1.54721065125056	0.0240063335050458	0.7140106370462
MAN1A2	0.668018644819348	0.214356253245383	0.888625693505588
ADCY9	0.383534685640665	0.27509050594608	0.888625693505588
TPST1	0.246280804412336	0.633107070279108	0.937125860077175
PEX10	1.15731728436308	0.255804437974171	0.888625693505588
ICMT	1.41345119866431	0.0950756014511277	0.888625693505588
MRPS14	0.552760667922691	0.107088066097424	0.888625693505588
TIMM17B	0.000908563857670686	0.997485175558455	0.999219935408577
IGSF3	0.00671788108419946	0.984617820210823	0.998524511468581
EFCAB14	-0.298639158256126	0.423714228292719	0.892335408447821
FKTN	-1.07822905722479	0.274942174700174	0.888625693505588
LRP4	1.0472857973097	0.596187106840579	0.928850572443557
ATP9A	0.0441411609136892	0.892368462765903	0.981785915199133
PTCD1	0.361066209255871	0.659749886162172	0.940345133116722
NDUFS7	0.0600032412767249	0.854462138197897	0.976872270246238
NDUFS6	0.118086254691423	0.722608040809172	0.953805012441928
PEX14	0.226556391171734	0.396912489177531	0.888868782239441
MRPL33	-0.105448009485045	0.791620611795189	0.967084956050919
NME6	0.0811802920784714	0.798290568794043	0.969110515984846
MTX2	0.409075576464918	0.334265780493952	0.888625693505588
MTRF1	-0.487247878461059	0.343619492941299	0.888625693505588
LRP6	0.0574170685687747	0.843552443049653	0.973883915228908
STK16	-0.294859056461892	0.441955896827871	0.892335408447821
SLC25A12	-0.692881876878683	0.257185274091476	0.888625693505588
B3GALNT1	0.552992148727448	0.0587389473236056	0.888625693505588
PALM	0.433568880102033	0.244350208283771	0.888625693505588
SCO1	-0.51176994061187	0.44740479514724	0.892335408447821
WFS1	-0.0698980144133756	0.771207765358	0.965758464642737
SLC22A5	0.286574081488162	0.504142167983137	0.904293611328016
JTB	0.192427633236747	0.649016596312518	0.937334454842977
TMCC1	0.380403526776139	0.276317535388387	0.888625693505588
TMEM63A	0.314088401168409	0.4402966546581	0.892335408447821
GLCE	-0.695411171218336	0.0908784042758996	0.888625693505588
RHOBTB3	0.894482579746672	0.0567738510264912	0.888625693505588
CLSTN1	0.925493253269426	0.195380947767483	0.888625693505588
SLITRK5	1.95244365475804	0.00481743940038214	0.467186894893581
NDUFB6	-0.188466691162965	0.555409983427369	0.919462629957773
ZFPL1	-0.403005952163412	0.382782977238942	0.888625693505588
NDUFA3	0.540782051311151	0.124231467922134	0.888625693505588
NDUFB4	-0.110086003438511	0.633915489263237	0.937125860077175
NDUFB8	-0.323874251107728	0.225554844458693	0.888625693505588
NDUFB2	-1.44527449650326	0.0170304879244272	0.704016860806341
NDUFA7	-0.305282778532543	0.193435144205647	0.888625693505588
SLC25A14	0.261429779001443	0.381434441118906	0.888625693505588
NDUFC2	-0.0295942875449455	0.960084222490845	0.995779224512529
PIGN	-1.84140893621314	0.0104575939777672	0.63905927033999
SFT2D2	1.16027842527987	0.0711471763193956	0.888625693505588
MPC2	-0.225527063470153	0.487880718580145	0.902214623506749
CDS2	-0.197784766479646	0.787173049818194	0.967084956050919
STARD3NL	0.227658863712023	0.611595476343901	0.933541246732657
MLYCD	-0.736388582855451	0.12750627991667	0.888625693505588
ABHD16A	0.322389946651086	0.242078155970601	0.888625693505588
TRUB2	0.0479066475615006	0.85321271621269	0.97586592295061
NDUFB10	0.252957202796935	0.463029622685328	0.894390686592813
PEX11B	-1.09226276423641	0.302522997795745	0.888625693505588
MT-CYB	0.389038973901275	0.357528743040392	0.888625693505588
MT-CO1	0.879991853626166	0.33830382754506	0.888625693505588
HRAS	0.00668873514196022	0.98254099178695	0.998524511468581
HLA-H	-0.254906907334711	0.383112256143059	0.888625693505588
MT-ND1	0.14667403554644	0.762250314035757	0.965758464642737
MT-ND3	0.441450805190993	0.339498268003557	0.888625693505588
MT-ND4	0.407670372518851	0.395139575030942	0.888625693505588
MT-ND5	0.475453812667926	0.305674477116279	0.888625693505588
MT-ATP8	-0.227964816082874	0.423685764721084	0.892335408447821
HMGCR	1.01794159751799	0.168782655085103	0.888625693505588
PRNP	-0.0682983817762342	0.86026203075239	0.978015349449015
ITGB2	-0.219794289593352	0.6474221608831	0.937125860077175
PCCA	0.457720743325268	0.512620152365004	0.904625838138404
INSR	-0.250348432696441	0.503628079098644	0.904098535556963
UQCRH	-0.17300022538825	0.709036351537577	0.949670932395934
FDX1	-0.331781793651295	0.214130985870028	0.888625693505588
SRGN	1.70175211055904	0.001162577072011	0.235738923556413
SLC2A3	0.0380620524168336	0.896082205119029	0.981785915199133
DBT	-0.0888464949442813	0.688745827943849	0.948593744506796
COX6A1	0.118847579732666	0.631474962460141	0.937125860077175
SLC25A4	0.293805718673667	0.522470356739754	0.907255843291569
BCKDHA	-0.164831749222625	0.606291432149801	0.932321985115568
ALAS1	0.733126394558674	0.0839415440120802	0.888625693505588
CD59	-0.397994918743592	0.153445515525718	0.888625693505588
UQCRB	0.207642919050397	0.423872347800289	0.892335408447821
MUC1	0.0648998349967371	0.78291183730017	0.967084956050919
NPR1	0.164873798385784	0.815302356296909	0.969956356556953
SLC25A16	0.103775552977122	0.92206448637725	0.985044803395672
TMEM11	0.0102237318762306	0.968342902522677	0.995779224512529
NDUFB7	0.087807333751968	0.826840689811605	0.97304407599618
ITGB5	-0.342221139098214	0.315470998424101	0.888625693505588
ATP5PF	0.639739570418321	0.0203556596352242	0.708088376033904
SLC9A1	-0.383210149112546	0.196446137271625	0.888625693505588
COX5A	-0.369960554970191	0.419329703579622	0.892335408447821
TBXA2R	-0.380278229684272	0.389362773110904	0.888625693505588
BCKDHB	-0.306809559649846	0.209246641762055	0.888625693505588
IGFBP4	0.0573060821764351	0.95501003925897	0.994467736959446
JAK1	0.44669846639809	0.148968184398782	0.888625693505588
KDELR1	2.08453724592147	0.022517073346276	0.708088376033904
FAS	0.246311008115509	0.690797959836977	0.948679403227176
MAOB	4.12513368598008	1.15794574066477e-06	0.00129139898727639
CD82	0.641588060200093	0.225224501488595	0.888625693505588
TSPO	1.84007325765871	0.0332317510375569	0.787040053486283
GK	1.39984010625307	0.0646933619789954	0.888625693505588
STX2	0.298201282266554	0.542767874777381	0.914522649622211
MAN1A1	0.768836475509421	0.35853309509279	0.888625693505588
LTBR	0.67572711580566	0.391316180473536	0.888625693505588
MPV17	-1.46302758218177	0.0432507729166126	0.863929039161532
LIFR	0.428616758697427	0.335507728344623	0.888625693505588
CRAT	-0.380374908398217	0.717373124264151	0.950460798141484
SSR2	0.711298955321915	0.282643101769591	0.888625693505588
MTIF2	0.115987156054025	0.684043258375507	0.946793973196754
SLC6A8	0.317492120212137	0.410447938592552	0.892335408447821
SLC6A9	1.16473694078333	0.0743048076764673	0.888625693505588
PTDSS1	0.0264295205305558	0.916643017389822	0.985044803395672
DNASE1L1	0.382222586062063	0.403694279625765	0.892335408447821
SLC11A2	-0.0519915420903274	0.902057277785967	0.98202165336277
CYB561	0.0692782033306791	0.883689063310203	0.981651602429554
ACOT2	-1.27118264766076	0.423127125709298	0.892335408447821
PSEN2	-0.456550531487842	0.200601131672889	0.888625693505588
MMP15	-0.236463679310347	0.608094024334773	0.933045350040622
CLCN2	0.400790755712144	0.385058571889257	0.888625693505588
CLCN3	0.857254542368455	0.326168524406713	0.888625693505588
CLCN4	-0.211641087682633	0.700150672337477	0.949670932395934
CLCN5	-0.0945750516706738	0.858929764537069	0.977453111808975
CLCN6	-0.256992155241338	0.418023037674704	0.892335408447821
CLCN7	-1.32512052387358	0.0994681145770098	0.888625693505588
DGKE	0.35601713184667	0.351152485474055	0.888625693505588
NDST1	0.0970920134682132	0.858786423645465	0.977453111808975
NDST2	-0.735842935135416	0.456789769879504	0.894190423123502
SLC25A1	-0.0579403474603168	0.811407830428179	0.969956356556953
SLC5A3	-0.275090948722767	0.25158015340749	0.888625693505588
POLG	0.0375037082484404	0.888252192300638	0.981785915199133
NDUFV3	0.26798646321414	0.30207217293842	0.888625693505588
ATP5MJ	0.359023456874127	0.27074794068948	0.888625693505588
PEX3	0.352393165281679	0.348531254195083	0.888625693505588
SNX16	0.448183966472289	0.609313799389727	0.933045350040622
YBEY	0.432567726076719	0.408554232777554	0.892335408447821
ROMO1	-0.202039209670268	0.496894475838043	0.903103570555654
SNAP25	0.681621664058824	0.257215426351576	0.888625693505588
CXCR4	1.9527423410504	0.0227178008989422	0.708088376033904
SELENOT	-0.167124991462604	0.58698778240442	0.924303740665767
RHOB	-0.0840790672052307	0.789178333564196	0.967084956050919
OLR1	-0.0997846081884219	0.913832023344212	0.984449325317201
SLC35A1	-0.743751687955267	0.264561487395399	0.888625693505588
IL13RA1	-0.240412819086991	0.542850476619506	0.914522649622211
MRPS10	0.751681451311324	0.0190523719317396	0.708088376033904
MRPS11	0.346505460997413	0.415810896181883	0.892335408447821
MRPS6	-0.621961361192071	0.340950106403707	0.888625693505588
HTD2	0.407694818109952	0.262534629152716	0.888625693505588
FAM3A	-0.325509454755526	0.501739551089209	0.903537852282781
ATP11A	0.660237404917268	0.37078207020786	0.888625693505588
CD83	0.424510590506173	0.236660009922057	0.888625693505588
DHODH	-0.00846208831955408	0.971403486200648	0.996534790188005
BDH1	0.00715391877653815	0.981520535786037	0.998524511468581
GCNT1	-0.104551835642575	0.787208446225268	0.967084956050919
TAP2	0.441989378470907	0.350207086296191	0.888625693505588
MST1R	0.376461898782672	0.691616916326665	0.948679403227176
TYRO3	0.677002153594223	0.392562314088209	0.888625693505588
APLP2	0.45557955844227	0.286181976006516	0.888625693505588
IL10RB	-0.152287086328464	0.809403456208818	0.969378531611593
SLC20A2	-0.0435078734481031	0.93033893081467	0.987172731686195
MGAT5	0.0792111845843912	0.900991441620749	0.98202165336277
ABHD18	0.897684467636818	0.219309857046235	0.888625693505588
TMEM62	0.932257894141301	0.324504709484096	0.888625693505588
LAMTOR4	0.194634972990645	0.645735324277787	0.937125860077175
ST3GAL1	0.806594871497939	0.18306873685155	0.888625693505588
SCAP	0.918503480283483	0.0719567923399077	0.888625693505588
SREBF2	-0.87827494081656	0.174221292222703	0.888625693505588
HYAL2	0.20984414797827	0.787500372288393	0.967084956050919
BNIP3	0.207285018736439	0.76159772334173	0.96574401473208
MRPL28	0.176817722760045	0.637763906459785	0.937125860077175
PTPRS	0.319105045030849	0.418201431439591	0.892335408447821
PLD1	-0.555645662256033	0.0850586486924253	0.888625693505588
PPIG	-0.625376913086619	0.223235872108591	0.888625693505588
TUSC3	0.175242386911641	0.527458980902139	0.911831550549262
PKD2	-0.497425766337656	0.109750180217563	0.888625693505588
STIM1	0.312403090799659	0.322570426886495	0.888625693505588
AUH	-0.717318086074108	0.115264444745915	0.888625693505588
BMPR2	-0.0140243323169216	0.979251948817725	0.998288581242415
LRP8	-0.645603201365674	0.229065962220912	0.888625693505588
TRIM14	0.364922799426935	0.195868258253349	0.888625693505588
MRPL58	0.374813172631935	0.351909487912964	0.888625693505588
GK2	-0.171893783654692	0.737234278673893	0.958851257061125
GALNT3	-0.16296676616755	0.5683015077956	0.922447328115156
ITPR2	-0.0825047759337174	0.806720681256522	0.969110515984846
ITPR3	0.38716476247788	0.415317101983127	0.892335408447821
INPP5A	0.60877019197293	0.14111032227389	0.888625693505588
MBTPS1	-0.0665155279842544	0.880477225427941	0.980600253891173
SLC75A1	-0.229496819495708	0.429831485258318	0.892335408447821
STARD3	-0.237330333153722	0.810174878541854	0.969460453117746
FASTKD3	-0.212985131799968	0.48949503394468	0.902214623506749
EMC2	0.178183683141295	0.548968879749955	0.918241534519892
OXA1L	0.0410108631884185	0.874247580419407	0.978015349449015
PDK1	-0.0487649332029463	0.927442463426187	0.987172731686195
PDK2	-0.409856869047779	0.119133541458881	0.888625693505588
MTFR1	-0.293131450436395	0.305207552670206	0.888625693505588
SURF1	0.197463174565222	0.531730860383988	0.912327449297296
DIXDC1	0.128038125429747	0.780240080241484	0.967084459007165
TRAM1	0.695926036498292	0.301945048515984	0.888625693505588
ETFDH	-0.00820846863931735	0.990180587202833	0.998524511468581
SEPTIN14	0.571411569013456	0.23070022271586	0.888625693505588
EXT1	-0.166671866655218	0.663040445254825	0.941957190039349
MRPL23	0.155771584527685	0.639541284087752	0.937125860077175
BAK1	0.679309128653372	0.47076105484989	0.898022684843475
TAFAZZIN	-0.582524070458479	0.353775317063499	0.888625693505588
CYP1B1	0.0266518726249707	0.934941758111673	0.987313701944295
ME3	0.27690863274686	0.637823703237817	0.937125860077175
ST3GAL2	0.188150158123662	0.786830022629674	0.967084956050919
DGUOK	0.492684473080409	0.47251630002402	0.898022684843475
TMEM132A	0.634584799530199	0.351153401767728	0.888625693505588
DPY19L1	1.44558012451976	0.00173459607257742	0.256954973160181
HFE	-0.239290229359177	0.362088801391024	0.888625693505588
NDUFAF6	0.264411416404059	0.33975225603789	0.888625693505588
SLC25A35	-0.383668517422738	0.440052583074114	0.892335408447821
GRAMD1B	1.09246153419566	0.0238583301187255	0.7140106370462
ITPRIPL2	-0.444474925681408	0.398727678321835	0.891144375247347
GNPTAB	-1.09438325574773	0.176666636548973	0.888625693505588
ANO6	0.210067680512438	0.409739373202229	0.892335408447821
MRPL51	-0.297097416544435	0.433624376009213	0.892335408447821
TMEM259	0.353053986372238	0.225481019131022	0.888625693505588
FNDC3B	-0.553723746214743	0.102662782857604	0.888625693505588
ORMDL2	-0.22171469274145	0.469183436853895	0.897139867897653
FASTKD1	0.145023000447626	0.664623004719026	0.941957190039349
BOLA3	0.0798044595038547	0.833900678408335	0.973242659637723
TMEM177	-0.698642397980713	0.107627482244884	0.888625693505588
CYBRD1	-0.251520900936832	0.565531079980677	0.922447328115156
MPV17L2	0.438830564332772	0.174220947478132	0.888625693505588
OCIAD2	-0.257821247612306	0.393788185939222	0.888625693505588
TMEM128	0.344960394490926	0.206559109584615	0.888625693505588
ALG10	0.0105431831369529	0.986599904328946	0.998524511468581
OXLD1	0.157565396105305	0.788397836480889	0.967084956050919
RABL3	0.405807158442922	0.211503199564347	0.888625693505588
COQ5	0.111352339066485	0.837669631489014	0.973883915228908
RNFT1	0.371438916233664	0.478652788818397	0.89981883308844
COX20	0.0831707451964476	0.771371860676309	0.965758464642737
PPM1L	-0.301971890330325	0.23586866234251	0.888625693505588
C6orf136	0.847332569547085	0.320906262684965	0.888625693505588
SLC71A2	-0.150312637942424	0.646482978959705	0.937125860077175
MANEA	-0.121646713042043	0.843544600403344	0.973883915228908
VARS2	0.575682999878055	0.201675801010758	0.888625693505588
DNLZ	0.398553237229585	0.363485056496063	0.888625693505588
PDSS1	-0.238769109762991	0.456230854850862	0.894190423123502
TMEM63B	0.298156031694724	0.530131777363526	0.911831550549262
TMEM164	-0.664784399228822	0.418913684405857	0.892335408447821
EMC10	0.0816038168140309	0.701725866889618	0.949670932395934
ABHD17B	1.19040703714814	0.0348174237995052	0.801220144082341
SDHAF4	-0.341063327280338	0.485946416219136	0.902214623506749
SPRYD7	0.901516393153528	0.194474507628201	0.888625693505588
FAM219B	0.932351216027673	0.191096655609109	0.888625693505588
MICOS13	-0.00140483490278598	0.997595981453768	0.999219935408577
TRIQK	0.203598797967572	0.432403812721094	0.892335408447821
HGSNAT	-0.447812250527605	0.141467375025006	0.888625693505588
GLT8D1	0.215375375195833	0.575556720689917	0.922510868212962
SEL1L3	0.363348997081314	0.656033446236523	0.939148768408712
NCR3LG1	0.321945430481868	0.512286647992625	0.904625838138404
LMBRD2	0.537585241924003	0.274118662044903	0.888625693505588
SCARA3	0.526520066228393	0.497365456849055	0.903103570555654
MRM1	0.300948577424897	0.315904465939515	0.888625693505588
SLC25A25	-0.0196460825009588	0.951619553861764	0.994149379096295
MYORG	-1.10131897276194	0.196676568895955	0.888625693505588
LRRC8E	0.174167483425514	0.645687081313415	0.937125860077175
RHBDD2	0.892407677093473	0.0823872548383294	0.888625693505588
SLC30A6	0.31228226410445	0.42839335860566	0.892335408447821
TAPT1	-0.58185998875193	0.153606341157569	0.888625693505588
MRPL54	-2.0042244525985	0.038984520137098	0.832399457250015
LPCAT3	0.361258795537662	0.257825935695425	0.888625693505588
MRPL14	0.330269934825246	0.626669450924392	0.936223895294503
LETMD1	0.126531879865155	0.622898875477681	0.936223895294503
FAHD2B	1.05936020574289	0.187732764932044	0.888625693505588
MTFR2	-0.372049128364988	0.32445174329556	0.888625693505588
SFXN4	0.393631352973255	0.333659984134248	0.888625693505588
ATPSCKMT	-0.0991287264852474	0.719318265914901	0.952189550221476
CNNM4	1.1243804207493	0.0903892839449806	0.888625693505588
TMEM65	0.258126043591794	0.367522286522325	0.888625693505588
LRFN4	-0.93913336741398	0.02537038447282	0.720874427600317
SLC30A9	0.379877551669757	0.327251852769308	0.888625693505588
CSPG4	1.04644173611886	0.0875809677463131	0.888625693505588
UQCC3	-0.471927026109199	0.159114275641221	0.888625693505588
PET117	-1.0015718535059	0.0211918084225652	0.708088376033904
C6orf89	0.381133504675567	0.233996728967089	0.888625693505588
ABHD15	0.183641036152437	0.501799766503527	0.903537852282781
TMEM92	-0.207111623406625	0.596108428021707	0.928850572443557
APOOL	0.168384075274339	0.692159969788638	0.948679403227176
HACD2	-0.0758504358271814	0.809303665630646	0.969378531611593
SLC36A4	0.336184651700282	0.307971905066577	0.888625693505588
TMEM184A	0.13928779399302	0.675515444762168	0.94525545768006
CERS6	0.30834276641648	0.284026962794991	0.888625693505588
DPY19L3	0.305368431279046	0.649659595822772	0.937334454842977
MFSD6	0.141748054286417	0.864312489129857	0.978015349449015
TMPPE	-0.180541531976406	0.635639996773868	0.937125860077175
MBOAT2	-0.475544069426565	0.558890109344459	0.921257891825044
TMTC3	-0.0749805795445972	0.801408389266867	0.969110515984846
SLC25A26	0.928219530886796	0.144662588714553	0.888625693505588
CHSY3	0.39009528558703	0.577660028950244	0.922510868212962
TMUB2	1.11534264559478	0.0348434673732289	0.801220144082341
BTN2A1	0.339604637212503	0.220379272172644	0.888625693505588
COX15	-0.16453268892721	0.777672852895558	0.965758464642737
LRRC8D	-0.14156663232874	0.625607278882373	0.936223895294503
ARMCX2	0.531022442100237	0.722424435359588	0.953805012441928
PARS2	-0.107904123429172	0.686238446112576	0.94764257895339
MIGA2	-1.26759558819394	0.0873041218502968	0.888625693505588
NDUFAF7	0.507179584184676	0.131537386252268	0.888625693505588
FA2H	0.305926368576792	0.432292256977959	0.892335408447821
FASTKD5	-0.349184475985769	0.144593222269096	0.888625693505588
CHST3	-0.0727703837033715	0.747737325153465	0.961040214318709
SLC36A1	-0.330343066041209	0.244326157158286	0.888625693505588
GPRIN1	0.272297978087089	0.398502320363034	0.891087143428318
C6orf120	0.848582205519207	0.321125118131076	0.888625693505588
MTERF4	0.0220707854124456	0.943055085426896	0.990107963306516
PLEKHH3	0.545305033257925	0.245669335917997	0.888625693505588
MRPL55	0.0964247922428143	0.671855104395708	0.944722704185831
TMEM179B	0.00891792338719455	0.979938510930404	0.998288581242415
AMIGO2	0.530726446875683	0.40283442515507	0.892335408447821
SYVN1	0.369314151852983	0.514589693813486	0.904625838138404
MRPL52	0.810634469843496	0.00987507122631193	0.622544475897115
NLRX1	0.370004279352798	0.420822714979524	0.892335408447821
NT5DC3	0.226063937177365	0.603466233238151	0.931509642379028
COMTD1	0.680249392252463	0.100730343018795	0.888625693505588
SGMS1	-0.181856219433456	0.713157951922524	0.949670932395934
BPHL	0.462262414262227	0.258343790268385	0.888625693505588
RASSF3	0.899506600200358	0.168821097839663	0.888625693505588
LDHD	-0.507225718130528	0.355009479542623	0.888625693505588
STING1	-0.565894446062821	0.188423515704226	0.888625693505588
TMEM219	-0.118524055557842	0.63360409236535	0.937125860077175
NDUFA11	0.413914712113691	0.211777115939258	0.888625693505588
STX12	0.390810779481935	0.255463153829011	0.888625693505588
DOLPP1	-1.65074539115827	0.021877589710281	0.708088376033904
RAB43	0.246017964553843	0.582392175510251	0.922883460086395
ZDHHC13	0.328923149905648	0.462872770557313	0.894390686592813
RELL1	-1.63222935944603	0.116081850844611	0.888625693505588
MMAA	-0.117285955489198	0.806475039945009	0.969110515984846
MCAT	-0.016757837152376	0.956450383985435	0.994574630060379
HSCB	0.0060141421724893	0.988232180515216	0.998524511468581
LRRC8A	0.439043571319154	0.170534636574639	0.888625693505588
LMTK2	-0.0175865867296956	0.938161147527711	0.987313701944295
RHOT2	0.232934156374657	0.392616014562538	0.888625693505588
RHOT1	0.273715828272039	0.327923296060397	0.888625693505588
MRPL41	0.383066855236109	0.214933763056648	0.888625693505588
NRM	-0.0918456520700559	0.847194547666468	0.975060597817366
PLPP6	0.455578644793384	0.441269534465473	0.892335408447821
DSEL	0.372156499798738	0.413208504088557	0.892335408447821
FAM185A	0.355757938535842	0.289498204905178	0.888625693505588
RBFA	-0.013142684497879	0.963600313197705	0.995779224512529
CLYBL	0.223245043884781	0.407493140841689	0.892335408447821
PUSL1	-0.2479415595676	0.270218050789958	0.888625693505588
NDUFAF2	-0.214214748102137	0.443531505008233	0.892335408447821
ARMC10	0.934685667370005	0.0522784692178117	0.888625693505588
PYROXD2	-0.304113431222351	0.588741486356874	0.926402028890112
SYS1	0.411764601870164	0.148616308311283	0.888625693505588
TMEM256	0.075301252360461	0.842674575339833	0.973883915228908
CBARP	0.0375676860585834	0.898659579684375	0.981827858916508
SLC35F6	-0.184940372748891	0.646607555031996	0.937125860077175
TCAIM	-0.541453389441941	0.167766083271837	0.888625693505588
GTPBP8	-0.034557290030957	0.895390424440163	0.981785915199133
GUF1	-0.508507603824462	0.30820755807249	0.888625693505588
D2HGDH	0.853118704306553	0.112455086687865	0.888625693505588
TOMM5	0.562448842598652	0.0999967873473358	0.888625693505588
PIP4P2	0.00111806274198756	0.996785036489073	0.999219935408577
MARVELD2	-0.260260353159595	0.651836810453321	0.937362794527338
VMA12	0.296551911974372	0.246179818505877	0.888625693505588
MREG	-0.646731636197764	0.127007341412724	0.888625693505588
SMIM20	-0.0804215941912148	0.802635142719097	0.969110515984846
MACO1	-0.0965790417517525	0.673914204968197	0.944722704185831
MRPL50	-0.117869337505173	0.658060428380747	0.939900836464415
PARP16	0.119787106743569	0.865266513549389	0.978015349449015
CSGALNACT2	-0.628452597302505	0.0175061016605995	0.708088376033904
KRTCAP2	1.24212680870501	0.0326170935368564	0.783947430349516
FITM2	0.395761332714557	0.149143053298567	0.888625693505588
CCNYL1	0.530746950480214	0.168350406996899	0.888625693505588
DCBLD1	0.231573673545327	0.55012921066055	0.918536961775053
MRPL43	-0.460411158483041	0.1713809326797	0.888625693505588
MIGA1	0.216399509403523	0.420311539103664	0.892335408447821
POMGNT2	0.42571816852616	0.248090630784098	0.888625693505588
SIDT2	2.06147908769398	0.141535933584277	0.888625693505588
SLC4A11	-0.655729589533788	0.213181581893097	0.888625693505588
ATAD1	-0.0299731545612438	0.904914050917694	0.98202165336277
SLC38A9	1.00579665857263	0.264791081362797	0.888625693505588
NOA1	0.110371316774369	0.704958738821512	0.949670932395934
SLC37A3	-0.66162607870827	0.2899217463822	0.888625693505588
GALNT6	0.286147201891879	0.846169702464788	0.974571276384782
B3GALNT2	0.509070074256876	0.179094904023124	0.888625693505588
CCNY	0.134000119433477	0.864007267411484	0.978015349449015
CNNM3	0.693450615295397	0.317962511032175	0.888625693505588
CHDH	0.259744104445481	0.436295490673702	0.892335408447821
SLC30A7	-0.00901460068123683	0.973522710239448	0.997041826405081
REPS2	-4.59218468335644	8.9733827770732e-07	0.00129139898727639
SGMS2	-0.309119441822631	0.528133252134135	0.911831550549262
SLC30A5	0.278278565465456	0.254334779456732	0.888625693505588
OCC1	0.910982096335836	0.093183942278477	0.888625693505588
SPATA20	0.378225667572245	0.43281382078666	0.892335408447821
GDAP1	0.037252707660933	0.897941735817615	0.981827858916508
NUBPL	-0.168421947972575	0.808864465763879	0.969378531611593
ITFG1	0.00714641274190342	0.983459036458346	0.998524511468581
PIGX	-0.114159145381219	0.843303706338812	0.973883915228908
SLC25A40	0.217238892774354	0.458558798320225	0.894390686592813
MRPL30	0.179917545217982	0.562594200201579	0.922252118712626
SPPL2B	0.296273412677387	0.530667478696853	0.911831550549262
LRRC8C	-0.193166065266432	0.648551165239692	0.937334454842977
SYTL5	0.955006515221143	0.0614375858343676	0.888625693505588
CSGALNACT1	0.275742160251944	0.579276501919584	0.92276129926035
RHBDD1	-0.55594861799181	0.507663428727098	0.904475408349742
PIGO	1.31282527416442	0.0298416156128807	0.748809404343292
RAB2B	-0.0475882042651463	0.893290923469348	0.981785915199133
CYB5D2	0.637418707215339	0.248430253737765	0.888625693505588
PTPMT1	-0.230878233763143	0.471600041335084	0.898022684843475
SLC20A1	0.527516602190662	0.106868989474946	0.888625693505588
NAT14	0.856480234278248	0.0554459521473441	0.888625693505588
PTCD2	-0.451439451944683	0.427772813423521	0.892335408447821
AFG1L	0.17745508972941	0.803721794393663	0.969110515984846
UQCC5	0.439980409923805	0.386302291551928	0.888625693505588
LMBR1	-0.248458081612835	0.358980034541668	0.888625693505588
ARLN	0.045825059947223	0.919758053507	0.985044803395672
ASZ1	0.662933894699929	0.292439918234586	0.888625693505588
POMGNT1	-0.00771309559605982	0.977122025343829	0.99796035666888
SLC39A7	-0.0776373820988745	0.900808622907816	0.98202165336277
HSD17B8	0.0764195479169985	0.846353377930956	0.974571276384782
PIEZO1	-0.138309264726679	0.705950827007924	0.949670932395934
TMEM131	-0.0511566321010939	0.880900213919296	0.980600253891173
SLC9A6	0.0965886586358273	0.787820259102439	0.967084956050919
ALG3	0.489569000246927	0.0541702581772112	0.888625693505588
HTRA1	2.38890553127024	0.0247638237621894	0.7140106370462
PEX13	-0.610188889581543	0.0663147816439504	0.888625693505588
EXT2	-0.619582547972243	0.179259843523769	0.888625693505588
ATP2A3	0.348339272719471	0.321247635036564	0.888625693505588
SCAMP4	-0.516151250167361	0.21665568497082	0.888625693505588
TOMM40L	1.0986709578757	0.133741342454694	0.888625693505588
MUL1	0.587145349570765	0.360689009911382	0.888625693505588
PMEPA1	0.747013012691241	0.401030495439339	0.892015440090155
MTARC2	0.436986965750673	0.102008735425236	0.888625693505588
SLC25A28	-0.864190840054093	0.00984520464631631	0.622544475897115
SLC25A46	0.430293217172473	0.10775888369255	0.888625693505588
VTI1A	-0.258538413746027	0.366779376479695	0.888625693505588
TMEM143	0.268739946073048	0.676382332190888	0.94561603129032
PBXIP1	0.221212975066223	0.461546262906047	0.894390686592813
MCUR1	-0.0385066120893427	0.900319494150538	0.98202165336277
SLCO4A1	0.426327982057096	0.187158580732174	0.888625693505588
SLC67A1	-0.861012853565001	0.112447579813667	0.888625693505588
APH1A	0.41401404704753	0.212745226832022	0.888625693505588
CHCHD1	-0.25895660938923	0.449051544112601	0.892335408447821
CCDC127	0.120739091581186	0.860090287019271	0.978015349449015
S100PBP	-0.60038572869324	0.532514534189002	0.912662688477534
SARAF	-0.664369458021952	0.0757660763128449	0.888625693505588
TBC1D20	0.268184739418935	0.513583319314915	0.904625838138404
NSUN4	-0.429881460793339	0.229624377202307	0.888625693505588
RPUSD4	0.657586729309923	0.117369893605533	0.888625693505588
ACSF2	0.222872647711636	0.536411146098619	0.912662688477534
TLCD1	1.09534783228196	0.0774018148722167	0.888625693505588
SLC25A36	2.53061171518398	0.0151101430756934	0.680872204653215
COQ8B	-0.741048808595526	0.135302896286836	0.888625693505588
DNAJC19	0.042176725027165	0.866305544902759	0.978015349449015
ECHDC3	0.307394632880115	0.213117825709397	0.888625693505588
MTFMT	-0.852579565624865	0.143882380079619	0.888625693505588
SLC25A38	-0.0126784428509765	0.97379763229028	0.997041826405081
MTERF3	0.391775693293834	0.338147254916613	0.888625693505588
CCDC126	0.281686210703285	0.634594380541977	0.937125860077175
MALSU1	0.179279622429533	0.411357279708438	0.892335408447821
MRPS24	0.331708043165825	0.46405669026394	0.894390686592813
MRPL53	0.0588504109560262	0.820264342096168	0.970879034218576
CCDC51	0.31418812359912	0.42388156912028	0.892335408447821
SLC33A2	0.0506662064476657	0.963683702227324	0.995779224512529
DISP1	1.00337903371162	0.259803306325307	0.888625693505588
SLC47A1	-0.243797043259313	0.475620873487767	0.898719460109556
VMP1	-1.85206688225425	0.0488496899940273	0.880083493508337
DMAC1	-0.0973960181809659	0.809452636377871	0.969378531611593
RNF185	-0.471338372634332	0.103915013809184	0.888625693505588
TRMT2B	0.380803132440668	0.514456717935213	0.904625838138404
RUSF1	0.42417743215028	0.351500237626494	0.888625693505588
ZDHHC12	0.351525863838177	0.445862478952574	0.892335408447821
SLC41A3	-0.848553353016577	0.118477091303938	0.888625693505588
MYO19	0.841109709065179	0.291335102319554	0.888625693505588
SLC25A44	0.425799098208103	0.39516480086529	0.888625693505588
COQ2	0.116473402972382	0.845171530619745	0.974571276384782
CRELD1	0.130364832487345	0.841427406177835	0.973883915228908
PRR11	0.136323542486831	0.734410784143889	0.958100008931233
GRAMD2B	0.284555187588595	0.296925427819724	0.888625693505588
OXNAD1	-0.383529475226229	0.251813960928027	0.888625693505588
COX14	1.29690277317521	0.0490031508602437	0.880083493508337
RCC1L	-0.145778089943441	0.729869842394093	0.956266521772089
COA8	0.00166413651880859	0.994285315591045	0.999219935408577
RNF170	0.116033615814445	0.815848025398013	0.969956356556953
DNAJC30	0.351613309334216	0.331809561724872	0.888625693505588
CARD19	-0.329281238877797	0.337305444466742	0.888625693505588
HS6ST2	0.193053196886979	0.53791851742301	0.912662688477534
TLCD4	1.13403134996296	0.00140072005473243	0.241406338234051
SFXN2	0.618665669960791	0.13176208405201	0.888625693505588
MIMS1	0.180490216708112	0.538063858035399	0.912662688477534
VMA22	-0.506931163132933	0.245878124251383	0.888625693505588
TEFM	-0.380125689538279	0.472107530042874	0.898022684843475
F2RL3	-0.451875023028144	0.422989193035668	0.892335408447821
MCCC1	0.0840502889782613	0.776756031575369	0.965758464642737
TWNK	0.795572473859696	0.240697678754975	0.888625693505588
TMEM209	-0.258781659424919	0.46120834778185	0.894390686592813
IMMP2L	0.203561310716271	0.513648906237217	0.904625838138404
RMDN3	0.173123459806597	0.436346970354529	0.892335408447821
MTERF1	0.207623677203205	0.725320856737985	0.955316309981739
PKP4	0.141214310922699	0.670313636074519	0.944722704185831
TIMM17A	-0.118643933425503	0.670231757184989	0.944722704185831
CDCA3	-0.792813268851706	0.270601086978738	0.888625693505588
TXN2	-0.0925068370062903	0.788841802731606	0.967084956050919
DMAC2L	-0.449873530066203	0.50566605711702	0.904475408349742
COQ7	0.201767939925354	0.495511201537288	0.903103570555654
ATF6B	0.400925723815899	0.2439809696105	0.888625693505588
AGPAT1	0.420467375387986	0.702432067129918	0.949670932395934
MRPL34	-0.0383001543041104	0.946951349051476	0.992189648039503
ECSIT	0.365117664369684	0.230899254996848	0.888625693505588
CYBC1	0.55907292402707	0.486727110315542	0.902214623506749
VKORC1	-0.0985270825636455	0.857802338711221	0.977453111808975
MRPL57	-0.0599879917693613	0.784644420923293	0.967084956050919
SELENOS	0.0326941757985857	0.951420549476444	0.994149379096295
GORASP1	0.750197391305825	0.372991221923923	0.888625693505588
SLC25A21	0.0949012494815875	0.78879592306391	0.967084956050919
CHCHD6	0.598116532979198	0.391405275981323	0.888625693505588
PGAP4	0.740433504263926	0.0172019362985634	0.704016860806341
SLC50A1	1.40887019332643	0.0389728972955248	0.832399457250015
TIMM29	0.487224319926042	0.174043052669554	0.888625693505588
HDHD3	0.253535960106138	0.592702246991538	0.928028889313495
MTNAP1	0.595513514020979	0.217950892788185	0.888625693505588
SLC25A33	-1.475590238388	0.070806230019413	0.888625693505588
MTG1	-0.397847946088827	0.255292863597451	0.888625693505588
NDFIP1	-0.632497598419249	0.268369303551307	0.888625693505588
TMEM208	2.22174578286281	0.00909217681429157	0.614548496493253
TMEM70	0.565828480803692	0.135685006017383	0.888625693505588
ABHD14A	0.0466697660025019	0.956808308282143	0.994648345424696
APOO	-0.278920316831563	0.251409898860893	0.888625693505588
RAB5IF	0.137173912296348	0.794100846849789	0.968118864612
SLC25A23	0.126963898102598	0.690487130905481	0.948679403227176
VAMP8	0.55960409334287	0.156811840106481	0.888625693505588
MECR	-0.0344558257479264	0.897948607330846	0.981827858916508
EMC6	0.13602599688139	0.764570690903855	0.965758464642737
PTDSS2	-0.511450888337251	0.0874022670378363	0.888625693505588
ALG8	0.462864610510046	0.374505895782452	0.888625693505588
TRMT61B	1.25615435909658	0.0933577957340842	0.888625693505588
TMUB1	0.393846756551131	0.314070977456265	0.888625693505588
TIMM21	0.340612306782504	0.373312386941713	0.888625693505588
ELOVL1	0.0423018006004661	0.922996475721567	0.985044803395672
HIGD2A	-0.192973003499446	0.708140291248703	0.949670932395934
LTAP1	-0.584804742662534	0.347186464005246	0.888625693505588
SFXN3	0.0138659647008268	0.952246508081917	0.994149379096295
YIPF2	1.09987066593085	0.219411785746486	0.888625693505588
STRA6	0.128332533562627	0.890105766286288	0.981785915199133
SGPP1	-0.327672356912544	0.238979552912661	0.888625693505588
LGR4	-0.340553767250622	0.357543586462239	0.888625693505588
TMEM120A	-0.377045894506846	0.176193418818044	0.888625693505588
SLC12A9	0.573096525933742	0.304952615503931	0.888625693505588
SLC26A6	0.714281628440311	0.139655004629212	0.888625693505588
SEC11C	0.744059868590579	0.0950282005303296	0.888625693505588
FUT8	-0.249654824711946	0.407008904135821	0.892335408447821
MRPL32	0.438754527431758	0.370865196366399	0.888625693505588
ABCA2	-1.20258730321758	0.101904573370688	0.888625693505588
SLC29A3	0.728937519214888	0.162194069843637	0.888625693505588
OSBPL6	-0.566335664397251	0.49878493926668	0.903103570555654
SLC25A39	0.363936682640187	0.562052707708076	0.922252118712626
ULBP3	0.453591748862507	0.210904171639533	0.888625693505588
TRIM4	0.297359497161686	0.282696221515414	0.888625693505588
SEMA4C	-1.40597417705684	0.0829042144308594	0.888625693505588
CCDC90B	1.04997003883029	0.0728713731546876	0.888625693505588
COA1	0.0262108773284311	0.936504246593192	0.987313701944295
TMEM222	0.150119491209413	0.775778912876852	0.965758464642737
MRPL18	0.910060418346148	0.0629939604771945	0.888625693505588
TMEM168	1.452181530326	0.03291484169901	0.785203790477452
FAM234A	-0.404484837230768	0.332482893335928	0.888625693505588
OSBPL5	0.609779983878955	0.285441088499244	0.888625693505588
GLT8D2	0.030651856912403	0.901840639432173	0.98202165336277
ISCU	-0.292251020623098	0.467476854879285	0.895796498976155
MEGF9	-0.672211323936157	0.0295186577380566	0.748809404343292
SLC25A51	0.297657262018625	0.835340682255431	0.973883915228908
PORCN	0.809007106793651	0.271704057079297	0.888625693505588
ARV1	0.965887535733064	0.271308325947299	0.888625693505588
SLC25A32	0.188039268149101	0.553117757384028	0.919036315404029
SLC6A15	0.0598540231134521	0.839843446860441	0.973883915228908
MTIF3	-0.702014529400653	0.293922410578373	0.888625693505588
KCNN2	-0.472787921334898	0.352583359571495	0.888625693505588
PARL	0.186732598939358	0.621537432353379	0.935750712991773
TMEM245	0.199663378992131	0.574435928604327	0.922447328115156
MMADHC	-0.246641758505476	0.550765881058803	0.918536961775053
MUC13	-0.064644593051888	0.85117830786069	0.97586592295061
DNAJC5	0.742958187823373	0.0740886920527451	0.888625693505588
MTG2	-0.123990716133076	0.648857146256757	0.937334454842977
NSUN3	-0.143168303781952	0.745195611979113	0.95939902598523
PCNX3	-0.171035894050515	0.502562149700107	0.903537852282781
TMEM231	1.00134952188267	0.172664937777725	0.888625693505588
ZDHHC6	-0.617792464598036	0.172883034065175	0.888625693505588
ALG9	-0.148580552402326	0.591354960738562	0.928028889313495
RNF167	-0.271693045973489	0.635097200161222	0.937125860077175
ATP13A3	-0.104307249718573	0.924695418673191	0.985551490810513
METTL17	0.319106547951172	0.394954052623481	0.888625693505588
METTL8	0.228707589559097	0.702223615725457	0.949670932395934
COQ10B	0.158676513141192	0.665020566080336	0.941957190039349
CNNM2	0.0739743596592142	0.772774123223796	0.965758464642737
SLC25A22	0.0705092770336293	0.750601086554667	0.961597920318989
SEC61A2	1.98386850939378	0.127496032151029	0.888625693505588
RSAD1	0.623145088857733	0.452574125184476	0.892335408447821
UBTD1	-0.280447673768169	0.330393321503636	0.888625693505588
PDF	0.0291687505852138	0.921655958607075	0.985044803395672
PLGRKT	-0.132059508266259	0.577185593122383	0.922510868212962
VEZT	-0.364388150094488	0.571641210024676	0.922447328115156
SLC38A10	0.364433744088497	0.439914686400348	0.892335408447821
SLC25A19	0.553743829441043	0.461707947628036	0.894390686592813
MRM3	-0.391152944403203	0.127676607815218	0.888625693505588
ANKH	0.974192781605716	0.139244996888748	0.888625693505588
GPAM	-0.184048868809349	0.495895916814865	0.903103570555654
CSNK1G1	-0.582926021558279	0.0544000094908196	0.888625693505588
S100A14	-0.28218872592657	0.521355278076987	0.906024891118598
ATP13A1	0.206082807103652	0.426165221627073	0.892335408447821
MRS2	0.144928158075274	0.683926975596139	0.946793973196754
LYRM4	-0.550097069666268	0.284621124810948	0.888625693505588
JPH1	0.687761769777019	0.409369820942299	0.892335408447821
ABCB9	-0.18627047091222	0.773342932482848	0.965758464642737
EMC7	-0.547736211588798	0.0692048888462415	0.888625693505588
NGRN	0.245368183150713	0.402439936432205	0.892335408447821
IL1RAP	1.46029198326627	0.102109660365728	0.888625693505588
TIMMDC1	-0.32094579864982	0.237214449009478	0.888625693505588
SEMA4B	-0.0504671796465956	0.877671960015484	0.979068420512397
MRPL40	0.540747620398381	0.240432024077499	0.888625693505588
SLC35H1	-0.140831172901265	0.856779165227361	0.977453111808975
ITM2C	-0.469806001736117	0.252725016225871	0.888625693505588
ENTPD7	1.35463716082662	0.0265890619729223	0.73112708918035
PXMP2	0.29969206694469	0.411827167453615	0.892335408447821
SLC17A5	0.320343663063067	0.672407458149557	0.944722704185831
ABCB10	-0.357391771108333	0.386817828387153	0.888625693505588
OSTC	-0.00224296826193537	0.996642408925525	0.999219935408577
SDHAF3	0.0330821762208018	0.916311501482865	0.985044803395672
MRPL17	-0.47850673516335	0.174402152059077	0.888625693505588
AGPAT3	0.0830549267754677	0.74852028550384	0.961040214318709
C1GALT1	0.602196655457945	0.201803686758684	0.888625693505588
TM7SF3	0.415163717619855	0.740435847442123	0.95939902598523
TREX1	-0.238833423535855	0.426517043103127	0.892335408447821
SIRT3	-0.104907452751426	0.778754659475552	0.966080238020144
LYRM2	0.159248123253249	0.788199438598164	0.967084956050919
AGPAT5	-0.0761436377128	0.840404684110438	0.973883915228908
ABCB8	-0.0363636668760208	0.921392166208699	0.985044803395672
TMEM184C	-0.0327089780902554	0.901961180124104	0.98202165336277
SLC38A7	-0.592418612060428	0.0498852691596191	0.886606317613788
EXD2	0.0258092396934124	0.938180404066772	0.987313701944295
DNAJC11	0.206714419816482	0.558409115882806	0.921257891825044
TMLHE	0.236029045496416	0.557292701290215	0.921148101004975
FGFR1OP2	-0.0936216384922801	0.708000393619095	0.949670932395934
MRPS18A	0.0557578386804423	0.874597992110409	0.978015349449015
TMEM38B	0.623415364083613	0.263878185371254	0.888625693505588
MTPAP	0.0980430528421365	0.826984880406232	0.97304407599618
ANO10	0.554292036044082	0.096635326153764	0.888625693505588
DMAC2	-0.621409160603999	0.100943337735424	0.888625693505588
TMEM51	1.18632945233438	0.193795688278193	0.888625693505588
TMEM248	0.0585175354047394	0.85893499714453	0.977453111808975
MCUB	0.843939476759942	0.371682332330551	0.888625693505588
RMND1	0.289956030615329	0.345481694725019	0.888625693505588
THG1L	-0.552119948565274	0.14777177690665	0.888625693505588
TMEM160	0.303530157489654	0.327450751342263	0.888625693505588
NDUFB11	0.468146909654362	0.562508341124246	0.922252118712626
MARCHF5	0.212360755714602	0.358453173358559	0.888625693505588
ARL15	-0.260218703070304	0.399728557506456	0.892015440090155
B3GNT2	-0.718609895427612	0.379170562206737	0.888625693505588
ZDHHC3	0.586903033180938	0.220950232710897	0.888625693505588
BET1L	0.272876248332167	0.336077039638135	0.888625693505588
TVP23B	-0.381287254749562	0.451381788499958	0.892335408447821
USE1	-0.0660051020085355	0.839018666986408	0.973883915228908
MRPL35	0.105475570157591	0.800278992641283	0.969110515984846
EIF2AK3	0.858847691881863	0.120353613645852	0.888625693505588
COQ3	-0.328281480713983	0.261923753051984	0.888625693505588
EMC3	0.332411927130575	0.434194134498836	0.892335408447821
COX16	-0.241380143175945	0.573020021555094	0.922447328115156
TMEM9	-0.382414722952106	0.197871098305244	0.888625693505588
MDFIC	0.0747525402495661	0.843210207741806	0.973883915228908
STIM2	0.622564205940137	0.19802481650436	0.888625693505588
PDP2	0.161839602707666	0.651175806898421	0.937362794527338
CKLF	0.48600721012167	0.555021863681931	0.919403094647269
FAM8A1	0.145775234487452	0.738811171871845	0.95939902598523
SEL1L	0.00151399332668589	0.995790243763484	0.999219935408577
B4GALT7	0.582397799774931	0.31672710438331	0.888625693505588
SLC25A10	0.0996316710010312	0.774082369287946	0.965758464642737
UQCR10	0.855051695914813	0.0112942919164066	0.645946618449871
MTFP1	0.166951265235426	0.594788300113339	0.928028889313495
C19orf25	-0.19750892430541	0.540872132081847	0.914297302469542
PISD	-0.758292216652823	0.436132369444481	0.892335408447821
MTRF1L	-0.0124534958820917	0.981381078509933	0.998524511468581
CHRNA9	0.114431621511876	0.695896245915912	0.949670932395934
WARS2	0.57799276969449	0.477480443437891	0.899358797669517
SUN2	0.431294067691358	0.421917810922641	0.892335408447821
POLG2	-0.121041819863382	0.79211027421965	0.967084956050919
CEMIP2	0.413374202269296	0.296546088011497	0.888625693505588
CYB5R1	-0.194755312281547	0.61076871965962	0.933473782088905
SLC12A6	0.316734530676527	0.538657305228734	0.912975014675297
NDUFA12	-0.152606717121614	0.664808018575993	0.941957190039349
NAGPA	0.364905790955603	0.573559774456871	0.922447328115156
CCNL1	0.0457974784682236	0.918661686380449	0.985044803395672
ERG28	-0.134602359297286	0.755816707410856	0.964444602906129
AMFR	0.478726357770235	0.528272968157999	0.911831550549262
DSE	-0.42106978511368	0.712855503325442	0.949670932395934
CCPG1	0.611605620612565	0.363133761750119	0.888625693505588
KIDINS220	0.100893852806511	0.662002447809097	0.941406732443858
HEG1	-0.500136340971903	0.145567034945576	0.888625693505588
TPCN1	0.14257607631767	0.655205771772493	0.938623297327261
ABCG2	0.280893321913329	0.548598659360431	0.918241534519892
DOLK	0.632493308512895	0.0844195643962893	0.888625693505588
NEU3	0.954074555850173	0.142110654501797	0.888625693505588
MGAT4B	0.0125436977755342	0.984907270335872	0.998524511468581
SPG7	0.298721362791373	0.324606267437721	0.888625693505588
ENTPD4	-0.470546375671237	0.559032753456713	0.921257891825044
RCE1	0.534694715518079	0.080176197323145	0.888625693505588
BCS1L	-0.00451853540915437	0.988184151528259	0.998524511468581
ITM2B	3.30814368618562	0.0109494407229801	0.643175197131099
MRPS33	-0.211421981421136	0.701881923926269	0.949670932395934
RXYLT1	-0.0681741601126475	0.838689040666559	0.973883915228908
UST	0.159015525877273	0.597438722981791	0.92960381695911
EXOG	0.0087061279848335	0.977239038391027	0.99796035666888
SLC35A3	0.0394128745904787	0.919156827677027	0.985044803395672
ATP11B	0.152903703232028	0.553976384694337	0.919036315404029
DNAJC16	0.809373502042561	0.0224967605751241	0.708088376033904
LAMTOR2	0.199988702747326	0.479408499614888	0.900480554434532
COA3	-0.0101855348738127	0.972039610351018	0.996843379718596
MRPS7	0.692527508054521	0.0200846423711831	0.708088376033904
MTO1	0.0511457317604922	0.844987613721145	0.974571276384782
COQ6	0.243229989652836	0.530294446937666	0.911831550549262
TMX2	-0.228748196473731	0.497187951246983	0.903103570555654
PLLP	0.540246235687292	0.21282386041221	0.888625693505588
NDUFAF1	0.200691301858136	0.600485414830549	0.930075858184908
UBE2J1	0.335834604019173	0.393919045076007	0.888625693505588
COQ4	0.232589569458089	0.589923575460982	0.92689585183066
EMC9	0.344125409593143	0.469403258773979	0.897175637271089
RNF11	-0.84800934819576	0.0979992808482274	0.888625693505588
MSRB2	-0.107559041444063	0.672733393081994	0.944722704185831
MRPS16	0.14257771010093	0.632324242241137	0.937125860077175
MRPS18C	0.411665840502167	0.148929017930944	0.888625693505588
PAM16	-1.08554416969047	0.194767373400725	0.888625693505588
DAAM1	-0.455306642103221	0.381359718407944	0.888625693505588
SAMM50	-0.532123732292845	0.070615867861509	0.888625693505588
YIPF1	0.0329914276542453	0.889244158173474	0.981785915199133
DNAJC15	0.281993334906726	0.477855657591545	0.899358797669517
MPC1	1.23946479709748	0.024219842842072	0.7140106370462
SNX11	0.0367574995920883	0.908648641682009	0.983377387322524
BACE2	0.305794607204255	0.37612358246187	0.888625693505588
SLC25A15	0.874231426721451	0.392605504741816	0.888625693505588
NPTN	0.169273469493298	0.665588364959647	0.941957190039349
ALG6	0.754605903307535	0.0326168233515943	0.783947430349516
SPCS1	0.112057106056088	0.736789168395552	0.958851257061125
SELENOK	0.317171297592587	0.570328472838234	0.922447328115156
MRPL42	-0.130044473987368	0.618687137351355	0.934484760783178
NDUFB9	-0.342513778508732	0.23431105744878	0.888625693505588
SQOR	0.231316180003667	0.331701115296124	0.888625693505588
TMEM223	0.889974982742331	0.0742286714092128	0.888625693505588
LIPT2	-0.182788922361958	0.591588717684385	0.928028889313495
CYB561D2	0.0978472188921131	0.771911988358187	0.965758464642737
ABCD4	-0.140803739750883	0.701114902483599	0.949670932395934
ABCC3	0.230208565678812	0.422240651148528	0.892335408447821
LIAS	0.930087403165892	0.0501521249156067	0.886869321346862
FARP2	0.52195280695053	0.240226972414999	0.888625693505588
PLAU	1.98187146777386	0.0172003141696028	0.704016860806341
SLC35E2B	0.18241307329653	0.516400576225286	0.904625838138404
SLC2A4	0.0295122626338227	0.926307873264958	0.98621943260978
CERS1	-0.0903033808598828	0.925428700824192	0.985602041539023
CCN2	3.58440643697959	1.50390467892742e-05	0.0106938689694554
SDC2	-0.291549781103868	0.605066001487951	0.931722275677511
ADCY7	0.143437939883452	0.656383461737455	0.939148768408712
SMIM11	0.61034362070302	0.420104444564861	0.892335408447821
SLC35B1	0.0605802398349375	0.917651698242314	0.985044803395672
DGCR2	-0.366810227553586	0.442892313983858	0.892335408447821
MCL1	-0.0992201518742597	0.708085275866128	0.949670932395934
PTPN13	-0.758779043278395	0.234273335467588	0.888625693505588
LRRC24	-0.65151244727133	0.45648991315187	0.894190423123502
TMEM67	-0.161436974352938	0.79189273439726	0.967084956050919
TMEM201	-0.31169807932244	0.574415304145055	0.922447328115156
ABCC10	-0.0114446778648301	0.983452578477441	0.998524511468581
TMEM268	-0.458866793112517	0.108939214763295	0.888625693505588
METAP1D	0.359506535870153	0.394389848898091	0.888625693505588
B3GNT9	-0.336043744414425	0.523950303844674	0.909117971781832
ABHD13	0.0646814400453053	0.874979531830997	0.978015349449015
ADIPOR2	-1.19398441461763	0.0432042306256742	0.863929039161532
CHSY1	-0.126643980745456	0.788683752693387	0.967084956050919
ZDHHC17	2.07965138462243	2.67432061220324e-05	0.0127946400855173
ZDHHC21	-0.590398723871953	0.474151990057027	0.89817071237554
LARGE2	-0.539378458595287	0.220092807158948	0.888625693505588
PNKD	0.252744864870753	0.516909234350702	0.904625838138404
PAQR4	-0.278545832223116	0.438212869630239	0.892335408447821
NIPA2	1.00176104415106	0.0314238915851276	0.778788779784746
OVCA2	-0.28908011655794	0.380367884160018	0.888625693505588
TMEM230	0.687704338977319	0.12189135883357	0.888625693505588
RMDN2	0.301744443181121	0.359483875637652	0.888625693505588
TRPM7	-0.0279890759125294	0.954420127231371	0.99432460963281
CGRRF1	-1.21632756420803	0.00611230625926291	0.495763604046761
TMEM47	-0.293951092945967	0.313876351046276	0.888625693505588
DERL2	0.263446076699033	0.449272069453723	0.892335408447821
ROBO2	0.222381626061132	0.414734607451664	0.892335408447821
ATP13A2	0.0445578175953436	0.888720582282535	0.981785915199133
NHP2	0.0908426894243775	0.877574221833886	0.979068420512397
TMEM161A	-0.145930393112952	0.553622953605371	0.919036315404029
PSENEN	-0.650228891846744	0.378529973002761	0.888625693505588
FLRT3	-0.636079224564174	0.355191839071787	0.888625693505588
TOMM7	-1.41412552084868	0.317103552503967	0.888625693505588
ATP10D	0.583711138629312	0.467068958874892	0.895796498976155
PGAP2	-0.113292030941089	0.680872189545596	0.946793973196754
ATP5IF1	-2.49918026695433	0.000574026004985224	0.142262778235505
CA5B	-0.767920479022855	0.225275382800601	0.888625693505588
USP20	-0.53701905576839	0.604096853326995	0.931534588597947
RHBDD3	-0.751308139257162	0.165162913571585	0.888625693505588
DENND11	-0.367709953988051	0.287135201293482	0.888625693505588
DSC2	-0.370846649986639	0.601399624941575	0.930075858184908
SERINC3	-0.225419912618364	0.57013671644414	0.922447328115156
CA9	0.526130002888614	0.466380426872627	0.895619063400254
GRTP1	-0.470386317999058	0.197684356956471	0.888625693505588
DHRS13	-0.0251726032793158	0.960876112639777	0.995779224512529
SCARA5	-0.836771529170893	0.238057151549958	0.888625693505588
TSPAN14	0.165195954511702	0.747071011555629	0.961040214318709
FAM174A	0.00524577739409082	0.991182130534138	0.998524511468581
NRCAM	0.86365385144731	0.0769676229157958	0.888625693505588
TMBIM1	1.13612150074335	0.0176645062748961	0.708088376033904
RELT	0.106453309554571	0.638802980907385	0.937125860077175
POM121	0.641723458817875	0.174276420886879	0.888625693505588
SLC2A13	0.776437782463461	0.0192146024505224	0.708088376033904
SDHC	0.438985622429993	0.388880640666254	0.888625693505588
ARHGAP39	-0.579910851483149	0.357473393699521	0.888625693505588
SLC25A37	-0.51220043413625	0.0948898709600455	0.888625693505588
CNIH1	0.578884179082685	0.101022766584929	0.888625693505588
SLC6A6	0.0268388076109716	0.920722492765173	0.985044803395672
ATP7B	0.163208758952511	0.601494922856638	0.930075858184908
PHC1	0.358104910164577	0.451189750450531	0.892335408447821
CABLES1	-0.288090514595332	0.498274857621526	0.903103570555654
OMA1	1.00705164741741	0.109329928467724	0.888625693505588
SLC9A8	0.220177825166509	0.760862431398708	0.96574401473208
KCNK1	-4.48184238887309	7.77606371989135e-07	0.00129139898727639
CCN1	3.61649272204419	6.12671687939252e-07	0.00129139898727639
TSPAN13	0.452356463408879	0.47015576889327	0.898022684843475
ACVR1	0.939911729254511	0.00559742276795243	0.480194287842996
STX3	0.014093082213801	0.965994787462901	0.995779224512529
SLC38A12	-0.433807712505661	0.507965923639778	0.904475408349742
PDGFRB	-0.855357562789763	0.246223051520574	0.888625693505588
EBAG9	1.26321975914806	0.000556720695230653	0.142262778235505
PEX26	0.268739207982218	0.681959124734422	0.946793973196754
RNF126	-0.032650685178421	0.953632976760407	0.994149379096295
