gene	logFC	P_Value	BH
RBM47	-0.0895364291803098	0.816869226382628	0.968459374492168
UBA6	0.577936604834193	0.245510065629751	0.838408777802201
SHTN1	-0.14840223968281	0.776531205751518	0.9607643746504
SBNO1	-0.00103801130444481	0.998701195075829	0.99966869775948
WDR91	0.911071432294854	0.0845629282459253	0.838408777802201
CNOT1	-0.399502151379913	0.404149630201783	0.875658027259549
MAP1LC3B	-0.0146106908251973	0.975186529547247	0.99373347356173
SAC3D1	-1.42384665045468	0.0257470863469743	0.745359492435959
USP22	0.444437753811886	0.147259715332156	0.838408777802201
RTL8C	-0.42179700801039	0.254402093999839	0.838408777802201
SNRPG	-0.225893128476397	0.518025613422679	0.909317189912649
EIF3C	-0.362538863616201	0.581544170670753	0.919189637338942
NACA	-1.83724058856518	0.0400347460556374	0.837375971163725
RSMC	-0.070814181139248	0.844771445714546	0.976312141906239
KIF2A	-0.417089979350692	0.530115257221896	0.911122146630183
DDX39A	0.226856778348349	0.405863078734445	0.875658027259549
ACOT7	0.71685917706381	0.182900129173003	0.838408777802201
MYO1C	-0.766011535123827	0.127297720528728	0.838408777802201
SNAP23	2.22396893580308	0.00222870652414822	0.234307435894004
AIP	-0.0254417884860523	0.95500639260129	0.987656422904057
GTPBP1	-0.619602881137027	0.0820014154500308	0.838408777802201
STXBP3	-0.433951208992045	0.35552036057698	0.868813649699876
SMAP	0.490460217626094	0.585797981904595	0.919189637338942
AP3B1	0.357845866215605	0.430744030863582	0.884920073347583
PSMD11	0.153594934463296	0.573622925430857	0.919189637338942
PSMD12	-0.374241298209576	0.455914765218917	0.890888235752981
SUPT5H	-0.190237345562135	0.616407043738105	0.926800418595298
CLIC1	-0.204657613469543	0.555959752336046	0.919189637338942
EIF3F	-0.728143187427285	0.14582850527276	0.838408777802201
IPO5	-0.00496534330989817	0.991160278064238	0.998512249587933
IGF2BP3	-0.175927222924955	0.615003584424232	0.926800418595298
DNM1L	0.403551965344413	0.413699895082705	0.877843438571155
RTCA	-0.578463153621723	0.0944556218033025	0.838408777802201
PIK3C2A	-0.554225619164562	0.184695156419467	0.838408777802201
PIK3R2	0.0867289521141572	0.805795926025721	0.964514430963115
EXOC5	0.39737184227409	0.420427372336482	0.879109088881663
PSMD14	0.122735355453273	0.668599490759657	0.934160859797058
ZNF593	-0.472898337223349	0.239380740645173	0.838408777802201
KPNA3	0.770577894064459	0.324563595250902	0.858696399355863
SDCBP	-0.0396410689028031	0.893808068175603	0.983088412441828
PITPNM1	3.1680896128341	0.0103440828126103	0.491939269098062
DDX3X	-0.33070464926071	0.474674004739345	0.89639214305973
PIR	0.276603282962036	0.589729796973447	0.920660624817867
KPNA4	-0.429548735596203	0.380564071428594	0.874719674602425
NFIB	-0.198328333886295	0.480916388028806	0.898947028406905
PPP6C	0.610330896754071	0.161954783294605	0.838408777802201
UBE2C	-0.47004913026516	0.224504636213852	0.838408777802201
PDXK	0.421608213088696	0.415048384361607	0.877843438571155
SCD	0.133305462802898	0.734935382513672	0.950183447618809
COPE	-0.305360444158406	0.344844193649637	0.867104478904799
EIF1AX	-0.21119801300711	0.602083654109199	0.924957720307214
AP3D1	-0.132029088335976	0.704031152669703	0.947323831227842
ABLIM1	-0.257253735788623	0.411919472117717	0.877843438571155
CHD1	-0.157676031296234	0.67441962952795	0.936498581843642
GOSR2	0.161615582429555	0.629977980626657	0.92686461546912
MAP2K7	0.32620531952945	0.323184132730356	0.858492250068138
PDCD5	-0.605340747091866	0.248100315124518	0.838408777802201
PRMT5	1.86810651306586	0.0993751152583073	0.838408777802201
NHERF1	-1.14096417735216	0.179394437636265	0.838408777802201
CHEK1	0.475238570935925	0.137168354904728	0.838408777802201
TCERG1	-0.119460058600346	0.742953613806305	0.952170358699208
NDC80	-0.175912751081722	0.590226585220685	0.920716598186894
POLR3A	-0.754582558201481	0.0324049105790262	0.795984151323068
PSMA7	-0.309456201027189	0.397329833378631	0.874719674602425
SCAMP3	0.547521595393331	0.165053194421937	0.838408777802201
GEMIN2	-0.152572833869161	0.61616270517512	0.926800418595298
TAX1BP3	0.216834247627041	0.700009922304387	0.945747618190532
GIPC1	0.138197626564676	0.728477132759946	0.948752495289315
PCDH17	0.0919548262880241	0.876807397191555	0.979536278285889
HAT1	-0.0369496439439772	0.897698755591436	0.983088412441828
MYL12A	-0.50008779951914	0.253772105639556	0.838408777802201
AURKA	0.040947407413114	0.894785958403969	0.983088412441828
PPP1R12A	-0.200579599635208	0.62661207768823	0.92686461546912
GAK	0.33332510885964	0.342701028109221	0.867104478904799
HNRNPDL	-0.262176203196134	0.5672493693524	0.919189637338942
XPO1	-0.568734791748497	0.112729780334457	0.838408777802201
BTAF1	-0.471829033726991	0.133472864755735	0.838408777802201
ARHGEF10	0.680416317615634	0.0968505126353316	0.838408777802201
SPTBN2	-0.0890184439230808	0.787942739531127	0.962199632352588
SEC16A	0.0256559342328551	0.924710735502024	0.983980948840568
PLXNB2	0.817446901829346	0.319172201806493	0.858492250068138
PFAS	1.57479309121553	0.013580608051108	0.532493235502411
MCF2L	-0.734633379540345	0.138940249497354	0.838408777802201
LSM1	0.248004955780797	0.588751947406257	0.919923242186874
ARPC1B	-0.167256456329334	0.59844427355057	0.924957720307214
ARPC2	-0.457293659812311	0.187134234150104	0.838408777802201
ARPC3	0.0948540511977463	0.790715007705357	0.962199632352588
ZBTB7B	-0.310732952919729	0.69429227994631	0.943434577682146
POLR1C	-0.392115339035112	0.391084291440411	0.874719674602425
TRIM24	-0.0498083732467229	0.856961067385516	0.976485871136662
PFDN6	-0.905816636908831	0.0550890366063636	0.838408777802201
OGT	-0.706316447644245	0.293391652037754	0.845619589848614
HMGB3	-1.45997488954221	0.138490609117533	0.838408777802201
PPM1G	0.851538067775664	0.159322388627031	0.838408777802201
INPPL1	1.96834957438531	0.00938769323219162	0.480818390546225
FANCA	-0.0345612933919206	0.917495507538053	0.983980948840568
EIF3D	-0.29741596245594	0.627523428130546	0.92686461546912
EIF3H	-0.473836175777102	0.515035611398796	0.909317189912649
SLC16A3	0.642745143516301	0.21614742435174	0.838408777802201
MAGEB2	-0.243747159929523	0.468236466535444	0.892707289195043
YKT6	-0.192604549574007	0.586833179347976	0.919189637338942
ARPC5	-0.0801826132892103	0.797573280498809	0.963653639671684
DHX15	0.263686918024533	0.38214168216627	0.874719674602425
RNMT	0.375490133468649	0.477519205895968	0.89639214305973
TTI1	0.0218766057242519	0.956119338757182	0.987767457547179
PRPF4	0.0767687051187167	0.774862170439185	0.9607643746504
PHGDH	0.191604638706917	0.552347788450579	0.919189637338942
DYNC1LI2	0.319654606079276	0.479269728214503	0.896806821647279
PSMD3	-0.0984157907074419	0.794692470824562	0.963227069461203
ZW10	1.10435344166655	0.00387420678363454	0.322344946137241
PPIP5K2	-0.358603427396979	0.37021595953916	0.87342211623623
EEF1E1	0.686797637307645	0.0769765937791366	0.838408777802201
WDR62	-0.883806120579468	0.454025337574364	0.890888235752981
HNRNPR	-0.573311548476738	0.185978754464292	0.838408777802201
TXNL1	0.00761217103387679	0.991343306698597	0.998512249587933
TPD52L2	-0.67723729029748	0.162511961437189	0.838408777802201
FIBP	0.772802478273398	0.182171324377254	0.838408777802201
EIF4G3	-0.288969270504246	0.578466782059057	0.919189637338942
PPIH	0.610601866835541	0.0348678914847401	0.795984151323068
EPB41L2	0.778370673269421	0.0567207104921764	0.838408777802201
LAMTOR5	0.365885791799805	0.443386115385785	0.890046217061518
DENR	-1.81046633357456	4.33224084909647e-05	0.0166210346105728
XPOT	0.045402875670554	0.864982183820282	0.97698722769636
CHMP2A	-0.624981639080207	0.0686445933737183	0.838408777802201
ZNF207	-0.544359285850305	0.247673655188217	0.838408777802201
GET3	0.411606782043442	0.19837684676841	0.838408777802201
BUB1	-0.0572510286766068	0.927739061063931	0.984459114461622
BUB3	-0.19960991547957	0.699030107593996	0.945370778550444
ACTN4	-0.903386524341123	0.315772266344623	0.858170206834535
BUD23	-0.137250750450292	0.68708388565534	0.939341508094376
HTATSF1	0.142266694817689	0.716769013279508	0.947668864086448
SGTA	0.758948748150861	0.0516766162556601	0.838408777802201
NARS1	-0.575331967655696	0.175858224832075	0.838408777802201
MYO1B	-0.316082805404204	0.286263280005163	0.838408777802201
SSNA1	0.241284719316571	0.682372197894936	0.939341508094376
NUDT21	0.292761324233254	0.266047744119857	0.838408777802201
STRN	-1.69554231142634	0.000211426681889555	0.0534814807559527
RRP9	-0.0161971528359501	0.964246952391345	0.988749120842768
AKAP8	-0.0877239617997674	0.728230413097341	0.948752495289315
CALU	0.659204903094633	0.241897790169724	0.838408777802201
AHCYL1	-0.185160649964146	0.734170580406875	0.949907266021237
ORC5	0.558987539900457	0.150367563063368	0.838408777802201
PEX1	0.206636216565368	0.551175769103403	0.919189637338942
DHX16	-0.565365662849256	0.0621008852377357	0.838408777802201
PCDH7	0.717140382885507	0.219537626385605	0.838408777802201
SMARCA5	-0.485571181194743	0.364388718751265	0.869265332731298
AQR	-0.0389753594946285	0.879118142868412	0.9804793357787
KIF1B	0.154148856125577	0.679961871679911	0.939341508094376
KDM1A	-0.182593967178796	0.479078459717228	0.896806821647279
TBC1D4	0.557415690133535	0.190446219792141	0.838408777802201
ACSL4	0.573478116977263	0.199726458937898	0.838408777802201
SNX3	-0.800726825005466	0.221270846860276	0.838408777802201
OGA	-0.247629989207027	0.620808507606054	0.926800418595298
SYNCRIP	-0.458376191952098	0.281850401456559	0.838408777802201
NEMF	-0.0309810655410914	0.911528688124581	0.983980948840568
BUB1B	0.0896563456120916	0.808701823422558	0.965289883842623
PLOD3	-0.137205960175713	0.651631873236639	0.932121198811951
EIF4E2	-0.478050064033475	0.340265705644756	0.865835346529172
DIAPH1	-0.161921874979374	0.569341254586005	0.919189637338942
EXOC3	1.22446249338753	0.284488444786477	0.838408777802201
PLIN3	-0.0209333378150625	0.970444478780503	0.991541097884427
PRMT3	0.0996990297202309	0.77219212645851	0.960731094737386
KPNA6	-0.184813456462713	0.51421930340391	0.909317189912649
UGDH	0.584050100890053	0.28894830683953	0.841548193572257
CTNND1	0.167839299352014	0.531694316396369	0.911122146630183
EIF1	-0.255767552761576	0.475746539143968	0.89639214305973
SNX2	0.313373230146162	0.41596515159729	0.877843438571155
USO1	0.208734801568198	0.692025929136569	0.942978175365416
DKC1	0.248278474821927	0.388250113781717	0.874719674602425
EIF5B	-0.264499094545471	0.530106979037412	0.911122146630183
EDF1	-1.46936464819839	0.033716170474919	0.795984151323068
DNAJA2	-0.0768968755611894	0.817973310103957	0.968880508698751
CUTA	-0.525362972840448	0.117324149639254	0.838408777802201
HUS1	0.235916497825592	0.446813356759227	0.890046217061518
SRGAP2	-0.084633997520271	0.869355289524075	0.978038279040981
WDR1	0.279989403910388	0.528645977462377	0.911122146630183
ROCK2	0.307929581829804	0.712606048174929	0.947668864086448
CLASP2	-0.100457407349612	0.744880244991636	0.952562068748525
COBL	-0.72818151054226	0.0420306239858144	0.838408777802201
CPNE3	-0.133598771686014	0.726294381874994	0.948752495289315
CLUH	0.117225102015936	0.772018545472441	0.960731094737386
CNOT3	-1.19916096460588	0.129872284096845	0.838408777802201
ANKRD17	-0.414933881738218	0.254618373337531	0.838408777802201
DNAJB6	0.426950708281478	0.408106484851753	0.875658027259549
HMMR	-0.765678193391221	0.216352013179341	0.838408777802201
PDCD6	-0.863842036680232	0.350553885023124	0.868813649699876
VPS4B	-0.313618861009701	0.326644545401276	0.860680289246286
FLNB	-0.744541377372617	0.194240688618588	0.838408777802201
NCOR1	0.113826321253235	0.755526991562603	0.956351063784754
CS	-0.759631635807274	0.0567842294874903	0.838408777802201
SEC22B	0.0626578459197908	0.874777930639445	0.978248242441633
VPS26A	-0.194447031288831	0.626640743338238	0.92686461546912
PSIP1	-0.203485964483217	0.67739547851415	0.938623183136725
HSBP1	1.25979982310453	0.0885127067289152	0.838408777802201
BANF1	-0.125799352432029	0.75127137369485	0.954178832283101
SF3B1	0.15689066229951	0.655454967427	0.932648376707455
CSDE1	-0.56141287566637	0.197562834164818	0.838408777802201
PRKRA	0.23198962631373	0.452355813640941	0.890208559008646
MYCBP2	-1.20534622002486	0.124587954297906	0.838408777802201
NPM3	-0.202986948798696	0.677594307926487	0.938623183136725
SNRNP200	0.143678971198369	0.593500853495154	0.922941187120724
OFD1	0.432491328999461	0.157321109407053	0.838408777802201
RPS6KA4	-0.0421117882857942	0.94836125923998	0.987656422904057
NUP155	-0.00406763441069913	0.989377018491276	0.997927533042108
WDHD1	0.383594718570251	0.464460004088987	0.892226733964463
RNASEH2A	-0.991367483535825	0.0659306047769883	0.838408777802201
CDC123	0.458383743557615	0.336415183232064	0.865835346529172
POP7	0.161947359251062	0.573587912430871	0.919189637338942
RPP40	0.453895319167685	0.294855591654348	0.845619589848614
EIF3G	-0.319200692673419	0.54510262817564	0.919189637338942
CBR3	-0.23870494048376	0.455414213209918	0.890888235752981
IDH1	-0.385823165691995	0.425629940964605	0.882127874003816
BCAS2	0.16070131596852	0.663306308715139	0.932900306216423
DNAJC8	0.368169481777816	0.424315412407995	0.881487447427804
TRIO	0.357955122933639	0.281236568380256	0.838408777802201
MPDZ	0.497148132520145	0.17009510856265	0.838408777802201
GLRX3	-0.111289248579205	0.721458504439233	0.947668864086448
SRP72	-0.363053180676559	0.231260607986172	0.838408777802201
MTA2	-0.998808538564887	0.0729929878369683	0.838408777802201
TOMM70	-0.0192654269372454	0.938557591383423	0.987471667580594
SEC24D	-0.064269685032194	0.862710834754432	0.976985485113131
FRYL	-0.700058110230273	0.0689918422343634	0.838408777802201
HAUS5	0.301454155691271	0.491523807902197	0.900508622740588
USP19	0.757895741672705	0.235765089809375	0.838408777802201
AP2A2	-0.01476611303627	0.973641562232806	0.99328346300308
SEC31A	-0.0555220471583162	0.917900907075652	0.983980948840568
HEXIM1	-0.124218872913822	0.753051153503	0.954385582375475
UBR5	-0.127088112124241	0.730281776264948	0.948772584123078
ELP1	-0.605498432321674	0.0745387203897955	0.838408777802201
SNX4	0.61885650297857	0.149121188761858	0.838408777802201
ZWINT	0.509322918862381	0.428492263914579	0.884207951621251
LUC7L3	-0.595002879621756	0.0721131519836096	0.838408777802201
KIF4A	-0.0570597143644065	0.856444517613665	0.976435760521416
MPZL1	1.14558862379364	0.177115799602263	0.838408777802201
PAPSS2	0.882439139196549	0.0980555148899519	0.838408777802201
SMC2	0.0625766082870811	0.831774456765552	0.973137874631215
TRIM16	-0.591879427149173	0.108583170892914	0.838408777802201
IPO7	-0.283769082803719	0.420093748664046	0.879109088881663
BAG4	-0.528582291138004	0.164266973018036	0.838408777802201
AHSA1	0.477270104782331	0.194851027995867	0.838408777802201
PARN	0.588224302203436	0.167536671804528	0.838408777802201
FMNL1	0.685650076748566	0.242841673875975	0.838408777802201
SEC24A	-1.37523383080291	0.00513672179777839	0.394638530425475
POLR1A	-0.108575656233839	0.744882078290461	0.952562068748525
PCNT	0.4964118489398	0.169542643831724	0.838408777802201
STAMBP	-0.364743716466037	0.544389830334544	0.918815957831222
CEP43	0.0681476999299804	0.894364118910901	0.983088412441828
HERC2	-0.240599144423701	0.489522075499046	0.900508622740588
SNAP29	0.704168046167577	0.332135354319813	0.865835346529172
OXSR1	0.190338373443094	0.594543402803832	0.923843210502259
LDOC1	0.479581038931848	0.38768538373883	0.874719674602425
HSPA4L	0.722770979337678	0.0657894207071404	0.838408777802201
PTBP3	-0.149097532214007	0.654218113653454	0.93240368475443
LSM8	0.0824927919736922	0.783278777234715	0.962199632352588
AP2A1	-0.0999758663818575	0.713301993386197	0.947668864086448
STAU1	-0.977804036661983	0.254702194672876	0.838408777802201
BAG2	-0.322878017220365	0.465431918293352	0.892226733964463
BAG3	-0.858623931487902	0.181966535036974	0.838408777802201
CLIC3	0.833757741800788	0.0946891134798827	0.838408777802201
ZBED1	-0.573000534987131	0.371767672293115	0.87342211623623
ACTL6A	-0.163166724874259	0.636940733428899	0.926986604753534
LDHA	-1.00221260996125	0.13318612145038	0.838408777802201
DHFR	-0.521138509147356	0.298941543194486	0.849112631004594
GSR	-0.323945858957003	0.489783755373136	0.900508622740588
PGK1	-1.338721434132	0.0143560369749449	0.546213025856236
AK1	0.187206871419825	0.50386420474393	0.907955569667119
ASS1	0.432078731050339	0.222134674300976	0.838408777802201
NRAS	1.64218300768178	0.00718656425119516	0.466243976806713
HLA-B	0.315043749899349	0.820500846316847	0.969863168026033
LMNA	-0.358026355567212	0.232925271952243	0.838408777802201
TFRC	0.485964962367916	0.202398254860786	0.838408777802201
FTL	0.538280945477887	0.183330902813601	0.838408777802201
FTH1	-0.278407514553141	0.39532898637768	0.874719674602425
RAF1	1.21238922843107	0.0812561097098605	0.838408777802201
ALDOA	-0.802117036852735	0.22589060192746	0.838408777802201
ANXA1	0.46747538853743	0.513788914746326	0.909317189912649
NR3C1	0.569245438830546	0.203156035595484	0.838408777802201
TK1	0.177207228668415	0.566831336128074	0.919189637338942
KRT1	0.84017255889664	0.361507479092379	0.868813649699876
GAPDH	0.0315631657164488	0.940371386179018	0.987471667580594
HLA-A	0.94249185308416	0.140282169507768	0.838408777802201
CAPNS1	-0.560472499735564	0.541652740068766	0.916519566528895
HSPB1	0.242467626588724	0.571782940269292	0.919189637338942
TYMS	0.406029344417199	0.335032456845932	0.865835346529172
GNAI2	1.03924464687474	0.0481585726632155	0.838408777802201
ATP1A1	0.830316665861911	0.11637346648266	0.838408777802201
ATP1B1	0.393771354355984	0.402104111551401	0.875658027259549
ALPL	1.08157708311163	0.17175194322675	0.838408777802201
ALPP	0.79316359289923	0.135998195640184	0.838408777802201
EIF2S1	0.378451566506179	0.672340769218321	0.935461124355417
RPLP1	-0.417717024745752	0.408010731392613	0.875658027259549
RPLP2	0.0548690531385461	0.923721343398695	0.983980948840568
RPLP0	-0.564487114990701	0.232080543082133	0.838408777802201
SSB	-0.190873506641211	0.547461895724341	0.919189637338942
ITGB1	0.960074711598352	0.0746870992884189	0.838408777802201
KRT18	0.09276914038211	0.739185753424634	0.950860201283838
KRT8	0.350991649697278	0.323916191014923	0.858492250068138
CDK1	-0.377668202196297	0.452030084319915	0.890046217061518
ATP5F1B	0.215328349871349	0.520954286069534	0.909907283155542
EIF4E	-0.466096492961384	0.414401673155522	0.877843438571155
ENO1	-0.436950792800015	0.388888400738344	0.874719674602425
GPI	-0.761786707925122	0.243208241674079	0.838408777802201
POLB	-0.906743641419411	0.044302562006491	0.838408777802201
NPM1	-0.15500391860585	0.770242716797804	0.960551672937003
TPM3	-0.923209787521223	0.263537294830757	0.838408777802201
ITGAV	0.867851984001909	0.0738752752986638	0.838408777802201
LDHB	0.408247557130121	0.347710908832426	0.867390421895235
P4HB	-0.392967721966617	0.272882733501046	0.838408777802201
ANXA2	-0.0944522852822764	0.766917365445603	0.960148816971227
TUBB	0.792982166170923	0.074733194567052	0.838408777802201
PFN1	-0.0166526397214533	0.977324673379651	0.994240162964407
APRT	0.751109735962594	0.215362995740792	0.838408777802201
EPRS1	0.185407501769816	0.578905366996928	0.919189637338942
HSP90AA1	0.0210369598434816	0.951907823703732	0.987656422904057
HNRNPC	0.350605696537528	0.358895351524974	0.868813649699876
LYN	-0.230349378818747	0.760657710751656	0.957613277814578
FH	-0.243879036400493	0.570313052057959	0.919189637338942
ERCC1	1.08223377254227	0.306595382579989	0.853660294452216
SP1	-0.452801059141663	0.546839497373051	0.919189637338942
ANXA6	-0.849675095509181	0.0409024307873692	0.838408777802201
RHOC	0.43199285065932	0.273370264976726	0.838408777802201
CD55	0.939707360825452	0.245611417318379	0.838408777802201
SLC3A2	1.06150214484391	0.075303306164074	0.838408777802201
PFKM	0.286081738835854	0.407334453885609	0.875658027259549
HSP90AB1	0.196171075006955	0.530361634673778	0.911122146630183
ASNS	0.0935867691289864	0.798246294646422	0.963653639671684
SNRNP70	-0.131396298972728	0.693545099687905	0.943334534900865
ITGA5	0.692082688285385	0.26878112662813	0.838408777802201
NFIC	0.3683340796896	0.712336033572204	0.947668864086448
VIM	0.264118485207163	0.451469045920114	0.890046217061518
RPS17	-0.0282557491705049	0.934829718573093	0.986359638067722
KRT7	0.430026579735902	0.10675028118918	0.838408777802201
ANXA5	-0.190584099854647	0.653092692854566	0.93240368475443
RPSA	-0.603923982133832	0.37739869225236	0.874719674602425
SNRPA	0.0831792155083484	0.790753332136043	0.962199632352588
GSTP1	0.147513508420701	0.608395578943783	0.92627299461906
LGALS1	-0.122045624479227	0.771882075987648	0.960731094737386
HMGB1	-0.679032166526241	0.129320566414407	0.838408777802201
CLTB	-0.577331549571035	0.225408449780915	0.838408777802201
CNP	0.264875920870509	0.493525051670655	0.901537798772033
HNRNPA1	-0.133307954210242	0.768814621640561	0.960467335087765
SNRPA1	-0.356648743315631	0.266592529866414	0.838408777802201
PARP1	-0.706828260104306	0.192988083341318	0.838408777802201
POLA1	-0.613523749288767	0.197552189134532	0.838408777802201
ALPI	1.26873398729288	0.0603029744680672	0.838408777802201
H2AZ1	-0.453434052924372	0.298233233866797	0.849112631004594
FBXO45	-0.0921816638735109	0.768854702781145	0.960467335087765
RAB34	0.103754033012152	0.891961098588014	0.982460597976045
SULT1A3	-0.157609177135605	0.733489509866947	0.949907266021237
HSPA1A	-1.26121518831716	0.0513811693285472	0.838408777802201
CALM1	0.327853720945463	0.396431249975454	0.874719674602425
POLR1D	-0.151091627347562	0.595415954622256	0.924271665401087
RO60	-0.619831295695352	0.308204094427999	0.854458957140774
RRAS	0.97011246081086	0.0955454573122885	0.838408777802201
HLA-C	1.1468062026968	0.194332881875945	0.838408777802201
ARAF	-0.75608790505343	0.348849957806891	0.86832123454114
H1-4	0.04546894566408	0.914869224750102	0.983980948840568
PTPRF	0.563601904276354	0.247066336864774	0.838408777802201
TXN	0.407436476799944	0.341802623201559	0.867104478904799
PRKAR1A	-0.138158233956922	0.799945383690421	0.963653639671684
HSPD1	0.098662083508767	0.870269121382703	0.978038279040981
CLU	1.04174036528267	0.00369112391677471	0.320566087989456
HSPA5	0.546196764901527	0.0978824803975724	0.838408777802201
HSPA8	0.142702591697635	0.693853869641819	0.943334534900865
SLC2A1	0.664882094936463	0.217396995308806	0.838408777802201
EPB41	0.109897924159444	0.830379439822152	0.973137874631215
UMPS	0.156207906970781	0.787947995727332	0.962199632352588
PYGB	0.379648311668518	0.191127384134332	0.838408777802201
BCR	1.55419471194664	0.00108838757308264	0.140261559821456
TOP2A	-0.345717046527813	0.374456572553988	0.874118525167114
G6PD	0.32439686439708	0.362412359189423	0.868813649699876
UBL4A	0.684400908780081	0.490671362642269	0.900508622740588
DMD	0.561825907033857	0.257354570795204	0.838408777802201
MTHFD1	-0.026832853152289	0.952516896458671	0.987656422904057
ADH5	0.107865524526694	0.743355454827731	0.952170358699208
PRPS2	-0.384547871206088	0.782148672772148	0.962035372873677
PABPC1	0.231353624299132	0.585709951044333	0.919189637338942
PCNA	-0.242706273622169	0.568844681788829	0.919189637338942
HARS1	-1.51613370062002	0.0028041760689496	0.266730557034611
IMPDH2	0.233583539843544	0.468463287360011	0.892707289195043
TPR	-0.458621108800685	0.212295449811201	0.838408777802201
CKB	0.293681948863931	0.358985622009729	0.868813649699876
ANXA3	0.444078575434744	0.172743314515967	0.838408777802201
ACTN1	-0.563100444324427	0.17100601046243	0.838408777802201
PEPD	-0.399706300214994	0.173548833752375	0.838408777802201
XRCC6	-0.261191699609888	0.518311886980355	0.909317189912649
XRCC5	-0.317185028248055	0.504523028464068	0.908373069104107
LAMP2	1.02242287768986	0.0855749280807478	0.838408777802201
RNH1	0.945453745254234	0.361314976523513	0.868813649699876
EEF2	-1.33585759919527	0.0626694765066938	0.838408777802201
KRT10	0.966658906316248	0.104271521475246	0.838408777802201
PDIA4	0.446437375852199	0.315687852307819	0.858170206834535
TPT1	0.0141983563025008	0.985055746576116	0.997016827145484
PLS3	0.315067782558909	0.651438773661432	0.932121198811951
GYS1	-1.05133149622316	0.0789879225354658	0.838408777802201
PRKAR2A	-0.129561374083575	0.696643229123618	0.943554822487852
ENO3	-0.0371673536577255	0.95292863979629	0.987656422904057
GTF2F2	0.12166229620297	0.681788468917786	0.939341508094376
CD99	-0.404736706570709	0.274893609470366	0.838408777802201
FDPS	0.00207526703197658	0.995051335748126	0.99966869775948
CPM	1.44393826289534	0.268156932962953	0.838408777802201
PKM	0.0317319308046251	0.924901557449841	0.983980948840568
HSP90B1	0.61189411538772	0.106936080641776	0.838408777802201
CCNB1	-0.202227164753864	0.49921121313546	0.904863694227939
MYL6B	0.185068246337813	0.591322917958448	0.921347526226209
HNRNPL	-0.08606428487019	0.805168318921629	0.964514430963115
DARS1	0.236348963230554	0.638014131563016	0.928078059907652
JUP	0.408159845114575	0.196233072036175	0.838408777802201
ANPEP	0.999010864385241	0.460483976122861	0.892226733964463
GSPT1	-0.508270422554865	0.606921240658386	0.925439067339791
EZR	0.569977092023752	0.422367966749702	0.88045714838938
UCHL3	-0.131326060749302	0.654384655138158	0.93240368475443
NME1	-0.153106559526922	0.726873889190405	0.948752495289315
NQO1	0.814700078498973	0.0929535084899029	0.838408777802201
RPS2	-0.572407036417694	0.161229392217219	0.838408777802201
DSP	-0.601715506229052	0.247981911099861	0.838408777802201
RPA2	-0.309770362928035	0.446452954701951	0.890046217061518
CD44	0.925661462285767	0.226157160401086	0.838408777802201
CBR1	0.10498245380515	0.843114425321224	0.976302066422693
GCFC2	0.0362043086900776	0.946543595958495	0.987656422904057
H1-5	-0.125396860414362	0.739441935167262	0.950860201283838
POR	0.220365626921403	0.43850393759618	0.889701996290879
YBX3	-0.325204994142442	0.421220824434971	0.87965352515301
HSPA6	-0.118988801164527	0.649074103649769	0.931988149191127
HMGA1	-0.294062522905616	0.426512094172268	0.882168738215626
PRKCA	0.739070051484678	0.0566351789399339	0.838408777802201
NPR3	0.987591024141704	0.126880308093649	0.838408777802201
JUND	-0.315906918888757	0.497688261227806	0.904167623285622
PRKACA	-0.3097375648126	0.337755334057587	0.865835346529172
PTPN2	-0.257447020731711	0.513382131632709	0.909317189912649
CTPS1	0.562721393494733	0.213676981837364	0.838408777802201
DDX5	0.0422419689251328	0.879031813624801	0.9804793357787
PFKL	0.0644377723329619	0.916718066767612	0.983980948840568
PSMC3	-0.555839570029057	0.547854656000297	0.919189637338942
TCP1	0.196683373785852	0.526223979871657	0.911122146630183
ERCC2	-0.0439391583221784	0.908886742650009	0.983980948840568
RPL35A	0.0372459020767053	0.908271848704313	0.983980948840568
ARF4	0.627854213821657	0.0710415210837401	0.838408777802201
RPL7	0.147196710191157	0.590639459293905	0.920775700979988
NELFE	-0.453739791870436	0.134463097389682	0.838408777802201
RPL17	0.0295222257403083	0.932776613208536	0.98560132531689
PGAM1	-1.05065618524097	0.0826180288658096	0.838408777802201
RCC1	-0.529981287827386	0.233064969980217	0.838408777802201
LIG1	0.562983296089072	0.397735700395312	0.874719674602425
NCL	-0.104036150294391	0.829055931450834	0.972996018256781
HK1	0.410320057630816	0.648132532605622	0.931964587258625
POLR2C	0.197499472951105	0.443622032695288	0.890046217061518
POLR2E	-0.165736487791804	0.537045852048458	0.913579682806442
EIF2AK2	-0.437264466213627	0.355901050616569	0.868813649699876
SRM	-0.212184507734534	0.775055838461837	0.9607643746504
CSNK2A2	-1.85005034041025	0.00316913724093478	0.287743256307601
NFKB1	0.288460605485184	0.558989759054853	0.919189637338942
EIF2S2	-0.602686004709621	0.174686562736009	0.838408777802201
BTF3	-1.03384635198713	0.119926492666119	0.838408777802201
RAB5A	0.418461318413879	0.360487761749325	0.868813649699876
PSMB1	-0.731103290101114	0.053862451833693	0.838408777802201
LMNB1	0.283338091174237	0.413690701749242	0.877843438571155
IMPDH1	0.576355394435986	0.294163946548723	0.845619589848614
CDK11B	0.450198955647068	0.229186294341912	0.838408777802201
GSTM3	0.433568233828581	0.358016118040247	0.868813649699876
ATP6V1B2	0.534176981036286	0.176497698269262	0.838408777802201
ATP6V1C1	0.404871995155986	0.240077318338539	0.838408777802201
CSRP1	-1.02134144587415	0.236796153448581	0.838408777802201
FLNA	-0.570912134244644	0.426439285439699	0.882168738215626
NF1	-0.154289697686252	0.698832300036407	0.945370778550444
ACO1	0.464535260212127	0.205156413153569	0.838408777802201
TGM2	0.577815487856316	0.0953036549432785	0.838408777802201
OSBP	-0.34986212333089	0.282174068482636	0.838408777802201
FBL	0.431447534567972	0.358001443107161	0.868813649699876
GART	0.513189474867307	0.23498385549584	0.838408777802201
PAICS	-0.37993898640017	0.466043535364836	0.892542628850681
UBA1	0.0431352424749747	0.891633475075254	0.98237058271529
NME2	-1.21047663380262	0.0697783996106341	0.838408777802201
HNRNPA2B1	-0.384304629890572	0.300340064454071	0.850360423454297
RFX1	0.557184987591025	0.490594208615682	0.900508622740588
PRKACB	0.0613459793503104	0.826597668612855	0.972207134967024
NR4A1	-0.557573209009501	0.201108357331407	0.838408777802201
TCEA1	-0.907481307773573	0.0731764233382388	0.838408777802201
ITGA6	1.80717535393424	0.00399527099072205	0.322344946137241
SFPQ	-0.442464327892772	0.448340611299736	0.890046217061518
PPIB	-0.152092630946278	0.629892623452628	0.92686461546912
WARS1	0.3349123609256	0.435318677956475	0.888684097336895
RPS3	-0.396056328533092	0.385252522376523	0.874719674602425
SP100	-1.87170610795864	0.145536469321334	0.838408777802201
AHCY	-0.378184411842369	0.228070094929842	0.838408777802201
CFL1	-0.393031493938246	0.575302938707888	0.919189637338942
EIF4B	-0.853543211821972	0.191832691725783	0.838408777802201
DTYMK	0.426758894423354	0.292623090235113	0.845619589848614
RRM1	0.131580908936236	0.624163775082765	0.926800418595298
EEF1B2	-1.28864576029845	0.185166312611752	0.838408777802201
ACP1	0.394040350985303	0.281112112197261	0.838408777802201
POLR2A	0.0139181907042385	0.96203899440369	0.988749120842768
CDK2	-0.331233114499785	0.36746914726867	0.87342211623623
MCM3	-0.493000296126546	0.300836021982829	0.850588202258137
MPST	1.12372900143163	0.0466005785495329	0.838408777802201
RPS12	-1.03306614520999	0.175808384193462	0.838408777802201
YY1	-0.174380969609853	0.60515667235338	0.925220400325968
DNAJB1	-0.0844039842506632	0.826654622411659	0.972207134967024
DNAJB2	-0.00521758071975142	0.989527880356041	0.997927533042108
PSMA1	-1.31933791924168	0.0905056406941839	0.838408777802201
PSMA2	0.00599850747995134	0.988903188040106	0.997927533042108
PSMA3	-0.335108736503948	0.231435722320368	0.838408777802201
PSMA4	0.116036886757531	0.850820376342549	0.976435760521416
ITGA3	0.81500161193064	0.313821416048403	0.858170206834535
MSN	-1.91393057597645	0.0400126165754746	0.837375971163725
DDX6	-0.3407153546678	0.441406090934541	0.890046217061518
DNMT1	-0.201352152096824	0.558953794980092	0.919189637338942
U2AF2	-0.275262476842368	0.353170520392387	0.868813649699876
RPL13	-0.253409285272831	0.358312235908775	0.868813649699876
S100A4	0.174857356002516	0.63913457319295	0.928078059907652
HMGB2	-0.621399031997932	0.345232193797603	0.867104478904799
PTBP1	0.0324812094877629	0.937763055710634	0.987471667580594
TARS1	-0.154331670385851	0.70750802324653	0.947668864086448
VARS1	-0.275991500106251	0.609661624274835	0.926800418595298
EEF1G	-1.08636506382564	0.258712738791021	0.838408777802201
STOM	1.41246414139112	0.0723516549302919	0.838408777802201
YWHAQ	-0.5288339078006	0.445311257339892	0.890046217061518
MARK3	0.280321519879521	0.443324354051046	0.890046217061518
RPL10	-0.441408887461627	0.201494623759659	0.838408777802201
RPA1	0.0125025573431472	0.978785523373933	0.994240162964407
APEX1	-0.899889830685183	0.113715497971868	0.838408777802201
CAD	0.182904961633078	0.568829896068262	0.919189637338942
CALR	0.427205359276883	0.201694667409229	0.838408777802201
MAP4	-3.62922988746523	0.0368664058298329	0.822800510001019
CANX	0.247506443825415	0.384035998637501	0.874719674602425
PSMA5	0.0514330630138176	0.883471567984121	0.980990448358793
PSMB4	-0.978520620257399	0.116713629887633	0.838408777802201
PSMB5	-0.80197254484208	0.077038752098601	0.838408777802201
ITPRID2	0.00722973441122576	0.982787778445549	0.996759881921799
POLD1	0.241502801372647	0.451410762012357	0.890046217061518
SMARCA1	-0.608274169988931	0.155002239674984	0.838408777802201
ERCC5	-0.00359904289071977	0.996649019256701	0.99966869775948
LAP3	-0.0519003628501267	0.889883876789035	0.982071173595517
GTF2E1	-0.0709891711634043	0.927505923119405	0.984459114461622
SHC1	0.533729538843133	0.115851775277735	0.838408777802201
MPG	-0.18826648027018	0.525807692396015	0.91092876458026
CRABP2	0.0559630703827345	0.890181352383221	0.982071173595517
TKT	-0.858395349158663	0.137150125185584	0.838408777802201
PML	0.0576051491304632	0.932926967866852	0.98560132531689
EEF1D	-0.694675169636316	0.387301191468825	0.874719674602425
MARCKS	-0.964283489406533	0.0598716491582284	0.838408777802201
ERP29	-1.00855967490862	0.0966109594186254	0.838408777802201
PRDX6	0.227848644712239	0.396011956993729	0.874719674602425
BLVRB	0.43720043684128	0.329015346103463	0.863611240265003
PRDX5	0.622349497461162	0.169488584209862	0.838408777802201
PRDX3	0.195360504585913	0.534058812000189	0.912438593961635
RPL12	0.0496834354111826	0.862814090919519	0.976985485113131
CMPK1	0.162495124291425	0.774784724840223	0.9607643746504
PDIA3	0.13801879290088	0.730881735579235	0.94924334643662
PPP2R1A	-0.0386883288392781	0.889066789070073	0.982071173595517
PPP2R1B	1.31110391005702	0.00630783450724944	0.429785776449543
CDC27	0.140308944913738	0.908290287346396	0.983980948840568
NMT1	1.02006513057321	0.529432048141935	0.911122146630183
LRPAP1	-0.28870795470246	0.499960393615603	0.905328056746813
POLR2B	-0.224036617530857	0.438049087187596	0.889290340077712
MAT2A	0.229583168501616	0.565270864292728	0.919189637338942
CPS1	0.529622137284438	0.155371738584856	0.838408777802201
RRM2	0.16313161228171	0.837159225362809	0.975627510304674
DNAJA1	-0.17866531288745	0.655227439767204	0.932648376707455
AKT1	-0.562903036265276	0.236427972645655	0.838408777802201
AKT2	0.676716800132944	0.0466562420142977	0.838408777802201
ATIC	-1.68376308588791	0.161995081366052	0.838408777802201
HNRNPH3	0.743929508973544	0.0795299510803804	0.838408777802201
HNRNPH1	-0.563798068485621	0.0795913606836748	0.838408777802201
YWHAB	-0.372480332894565	0.359394278171497	0.868813649699876
STIP1	-0.728996205991134	0.237036902174508	0.838408777802201
S100A11	0.261669710389086	0.635422505336188	0.92686461546912
L1CAM	0.772154310227229	0.301670276159212	0.85177147413692
PRDX2	-0.703567587797522	0.209389604587717	0.838408777802201
RPL9	-0.573950207054171	0.278251213232288	0.838408777802201
ACSL1	0.670384080308068	0.108607719366293	0.838408777802201
KIF5B	0.167227472422443	0.603284335753638	0.924957720307214
CSTF2	-0.498155195574153	0.39969143728449	0.875074511130077
DUT	0.338487542049414	0.31423790472255	0.858170206834535
TTK	-0.613351368401535	0.170823100400426	0.838408777802201
MCM4	-0.361784683706155	0.501903655910469	0.906084175941419
MCM5	-0.668559232512838	0.176584730359521	0.838408777802201
MCM7	-0.235149481244157	0.567907406525916	0.919189637338942
HSPA4	-0.176643180912471	0.618843739367251	0.926800418595298
GPC1	0.967954497342994	0.0757106145425906	0.838408777802201
CTNNA1	0.228047624294064	0.551234449589502	0.919189637338942
CTNNB1	-0.155613985782729	0.687712194453468	0.939341508094376
RDX	-0.107685611393869	0.891583950519215	0.98237058271529
RFC4	-0.340993928822279	0.396472256351433	0.874719674602425
RFC2	-0.184149132549415	0.547952048136491	0.919189637338942
RPL22	-0.375491185972727	0.398312039728233	0.874719674602425
GTF2F1	-0.545024959498118	0.413373089098253	0.877843438571155
SPR	0.855205263613104	0.143894966962599	0.838408777802201
MYH9	-0.458113951435951	0.35715168195825	0.868813649699876
COPB2	0.157140007231362	0.898625644795635	0.983695003775149
ADD1	-0.719893929845913	0.0637233709352897	0.838408777802201
BSG	0.814841221227969	0.16453205705688	0.838408777802201
FUS	-0.474226126881248	0.322761929453483	0.858492250068138
NUP214	0.0235306443560432	0.939433056971751	0.987471667580594
DEK	-0.242432028987565	0.519370752753697	0.909907283155542
PSMC2	0.520412483920349	0.132544339574429	0.838408777802201
ARL2	0.0587703968073185	0.851710996149303	0.976435760521416
ARL3	0.684564470704771	0.143903930480654	0.838408777802201
MAP2K2	0.492914064745296	0.406725670032337	0.875658027259549
ATP6V1E1	1.24532783830429	0.0207381327770943	0.647965332611377
RPL4	-0.219618659315316	0.512573086582693	0.909317189912649
PPP1CC	-0.116355930123412	0.649983370171497	0.931988149191127
GNL1	0.811016520853443	0.266123654332172	0.838408777802201
SRP14	-0.477832302280426	0.390593260599908	0.874719674602425
NUP62	0.331158159209117	0.305659780955473	0.853660294452216
FDFT1	0.785910102419084	0.253772315755309	0.838408777802201
TAGLN2	-0.0298938258055017	0.961131248138213	0.988749120842768
TALDO1	-0.948922269466365	0.0102601649009163	0.491939269098062
ETFB	0.3682265788227	0.322649953951142	0.858492250068138
RBMX	-0.167383944727746	0.603860275127058	0.924957720307214
ATP6V1A	-0.482112641556576	0.447010425918155	0.890046217061518
HSPA9	0.0881047192581299	0.789743695757208	0.962199632352588
EIF4A3	-0.0834961278386999	0.785172707663754	0.962199632352588
IGHMBP2	-0.645974293658931	0.132102332411547	0.838408777802201
RPS19	-0.760607097792825	0.159201822236977	0.838408777802201
RPL3	-0.287539890917515	0.261735080656844	0.838408777802201
FEN1	-0.375569429230822	0.436292525111461	0.888741015779062
TXLNA	-2.28260604224432	0.0103829768947261	0.491939269098062
CCT6A	-0.809892768415274	0.151760280073615	0.838408777802201
NNMT	-0.038523871119132	0.914127158733584	0.983980948840568
ARL1	0.863781345750205	0.0843850850482934	0.838408777802201
MLH1	-0.791555268389864	0.262037126442843	0.838408777802201
STAT3	-0.347580884858385	0.281353547796131	0.838408777802201
MDH1	-1.13001677749852	0.0441268308813119	0.838408777802201
RFC5	-0.48288778706922	0.157684492651341	0.838408777802201
RFC3	-0.191454093324069	0.489523967142618	0.900508622740588
EIF2S3	-0.734874253345332	0.18129694282293	0.838408777802201
CETN2	-0.876518938896425	0.0484312418675852	0.838408777802201
CSK	-0.241731675862493	0.614301582837866	0.926800418595298
GARS1	0.218765945955887	0.488545040830994	0.900508622740588
IARS1	-0.437072295582961	0.66876096596235	0.934160859797058
PRKCI	0.47255626421353	0.0802066117073689	0.838408777802201
STAT1	0.682104706518516	0.189835328745121	0.838408777802201
STAT6	0.602640797947082	0.394490045742156	0.874719674602425
MTREX	-0.326979737233792	0.385434336760688	0.874719674602425
MTOR	0.220765046372261	0.749983384725626	0.953980744572653
EPS15	-1.87369179499535	0.106404641766932	0.838408777802201
RPS27	-0.239373565102284	0.422927976910944	0.88045714838938
RPL35	0.751996172019481	0.315038473804105	0.858170206834535
CDKN2A	0.198213555485303	0.587406922375952	0.919189637338942
PAFAH1B1	-0.531830127974764	0.380299212323436	0.874719674602425
MCAM	0.942865894051401	0.0281067658414755	0.753600869373791
MATR3	0.248154934755533	0.472148022958267	0.896264760221723
MSH2	-0.169419738467983	0.552783268898387	0.919189637338942
MAGEA1	-0.368839914516002	0.327582442847188	0.860680289246286
RANBP1	0.035245487406911	0.918333994644717	0.983980948840568
NAMPT	0.456237553078459	0.397816144036399	0.874719674602425
PSMC4	0.194200756829868	0.563113213801822	0.919189637338942
CBX5	-0.290257587916642	0.329520502278521	0.863802104070008
USP5	-0.113732835194828	0.799924289099202	0.963653639671684
RANGAP1	-0.559929094002101	0.143208007834764	0.838408777802201
RECQL	-0.796989997063122	0.130674500950584	0.838408777802201
NOP2	-0.162192249505097	0.581562329294198	0.919189637338942
CRKL	0.56932830672346	0.193096299877636	0.838408777802201
BAG6	-0.323788009721863	0.372332470521241	0.87342211623623
MAP2K3	0.440670862422362	0.662288149526213	0.932900306216423
RPL27A	-0.0993234674571752	0.730078629908449	0.948772584123078
RPL5	-0.542405588054343	0.0791436239120261	0.838408777802201
RPL21	0.137830643080665	0.679853077733556	0.939341508094376
RPL28	-0.192868424124946	0.496991061411234	0.903834293136718
RPS9	0.343285939093633	0.302544110588308	0.85177147413692
RPS5	-0.301062203169813	0.56735204064091	0.919189637338942
RPS10	-0.782181340443223	0.250255177929115	0.838408777802201
IQGAP1	-0.4574616120318	0.35676813295496	0.868813649699876
PLA2G4A	-0.225212682343408	0.576485523354397	0.919189637338942
CAPZA2	-0.506426497464176	0.134988512085837	0.838408777802201
CAPZB	-0.635139646412775	0.0814785212519398	0.838408777802201
QARS1	-0.103648146161486	0.709948518651881	0.947668864086448
RPL29	-0.485221709465939	0.279235319785866	0.838408777802201
LIMS1	-0.922442072232343	0.0610105446118124	0.838408777802201
ARCN1	-0.268460680948106	0.532677772182161	0.911122146630183
GCLM	0.0181237226230273	0.958255672106508	0.988441515024069
PSMD8	0.148790818158048	0.634987790846678	0.92686461546912
PRRC2A	0.00486510523239048	0.989684326886817	0.997927533042108
CCT5	0.0921149972586051	0.795550289104112	0.963649642738281
CSNK1A1	-0.00827284355582592	0.977412672805461	0.994240162964407
CSNK1D	-0.0244556237264604	0.93270014493445	0.98560132531689
ADGRE5	0.52914030254377	0.31668976394698	0.858492250068138
POLD2	-0.47912629202186	0.642256132126193	0.928633097301535
MARCKSL1	-0.705562160349086	0.0695278955108219	0.838408777802201
RPL34	0.241871319421755	0.449447870958749	0.890046217061518
LMAN1	-0.332880604907832	0.374493599851989	0.874118525167114
NASP	0.909201539798982	0.0290581185878928	0.76878929641478
FASN	-0.835936757515555	0.231273540399107	0.838408777802201
CCT3	0.201113864603251	0.517306840523138	0.909317189912649
ALDH7A1	1.08718210338228	0.050761376057715	0.838408777802201
CDC34	0.572611055439101	0.335235822253408	0.865835346529172
SRP9	-0.227841994588086	0.58120061726493	0.919189637338942
AARS1	1.47465837767177	0.0711852759634923	0.838408777802201
CARS1	-0.49883308332711	0.361265823770796	0.868813649699876
SARS1	-0.0680600777236009	0.913005482947127	0.983980948840568
PRIM1	-0.160903513540273	0.726247379124394	0.948752495289315
PRIM2	-0.220507859881359	0.613579244198516	0.926800418595298
CSNK1E	-0.591039891662447	0.063913679148665	0.838408777802201
PSMB3	-0.157950687129414	0.602938435178646	0.924957720307214
PSMB2	-0.623525172125078	0.115653593023532	0.838408777802201
MCM2	-0.637798674141148	0.061592705322282	0.838408777802201
TMED10	0.299534894797979	0.393063014845317	0.874719674602425
EIF2B2	0.266101442539451	0.532219611696616	0.911122146630183
RANBP2	-0.339217781799114	0.337974317236722	0.865835346529172
TSC2	-0.151535040498274	0.685775409408072	0.939341508094376
GSK3A	-0.405707251834876	0.312773549836482	0.858170206834535
TAF6	-0.24879381234836	0.615139983442367	0.926800418595298
MTHFS	2.61676520354126	2.68379782340318e-05	0.015316817577851
GMPS	-0.0361641602487275	0.962422687983819	0.988749120842768
LIG4	-0.953936264876589	0.371072058705261	0.87342211623623
MRE11	-0.640887060180688	0.152367132715199	0.838408777802201
GDI2	-1.51601748506121	0.0597180625475733	0.838408777802201
SERPINH1	0.438451959546256	0.111940724623922	0.838408777802201
PEX5	2.31074074446083	0.0171993612453947	0.60806591305621
DNM2	0.306521688130168	0.498146286059576	0.904588369458185
METAP2	-0.353514220118086	0.458464226041724	0.892226733964463
NUDT2	0.141087672655939	0.767730854251317	0.960319315079696
CDK7	0.457082195085555	0.475140609345919	0.89639214305973
CDK9	-0.310502121100718	0.294503699100999	0.845619589848614
LRBA	1.43727361191591	0.341502268733414	0.867104478904799
RPL14	-0.128961160008267	0.641343758895699	0.928633097301535
CCT8	0.357663624309062	0.318885415737077	0.858492250068138
CCT4	0.30001241994783	0.412865928473666	0.877843438571155
FXR1	0.0318271800679	0.918449452023762	0.983980948840568
FXR2	-0.260031695825521	0.439891515473726	0.890046217061518
RAB5C	0.283445493535851	0.327518365397239	0.860680289246286
RAB7A	0.298195019619655	0.321058108805306	0.858492250068138
RAB9A	0.666832937765424	0.0385402059137522	0.827588801572713
RAB13	0.128269026512857	0.802925960512443	0.963939146663377
HCFC1	-0.603664158906447	0.163303369244058	0.838408777802201
IRAK1	1.55804688537943	0.0905528414064671	0.838408777802201
PSMD7	0.206891014953406	0.47763607480838	0.89639214305973
STAT5B	0.122714627275201	0.801164785409586	0.963653639671684
RPS6KA3	-0.0246323610620323	0.941496766411635	0.987471667580594
HDGF	-0.646030016282872	0.243824991580626	0.838408777802201
HNRNPA3	-0.255842122656158	0.500632537328138	0.905328056746813
PGD	0.156410611483739	0.696717747666949	0.943554822487852
HNRNPM	-0.0666746812415404	0.858695431363035	0.976865462022279
KPNA2	-0.435656083598033	0.170974269837541	0.838408777802201
POLR2H	-0.30985858808495	0.41872849690333	0.878547443842001
POLR2J	0.514290460420021	0.291251897723909	0.844990073643439
ARHGDIA	-0.431336924866496	0.556056495248498	0.919189637338942
SLC7A2	0.615445817341588	0.282256909415099	0.838408777802201
AGFG1	-0.42415774757405	0.285920552553183	0.838408777802201
HNRNPF	0.0160813776611555	0.948037010984571	0.987656422904057
STAT2	0.721319137192307	0.477701845450354	0.89639214305973
GTF2A1	-1.74764821725827	0.000289179816470055	0.0577636683398935
MSH6	-0.0872911988065823	0.808358858723786	0.965289883842623
KIF11	0.436622268203617	0.398933478629692	0.874719674602425
HK2	-0.542733578686395	0.306541334738997	0.853660294452216
CAPZA1	-0.430165215464527	0.302007253454723	0.85177147413692
NUP98	-0.00692388250884335	0.985746456199299	0.997016827145484
BLVRA	0.431034396950743	0.739505042650535	0.950860201283838
PPP5C	0.512093840835441	0.393497737883959	0.874719674602425
PLK1	0.0945510558690827	0.763349855488565	0.957635977072818
ARFIP2	1.12033794040296	0.22595313258243	0.838408777802201
ARFIP1	0.0771561001059347	0.805367297530564	0.964514430963115
ACLY	0.870063412757911	0.22427283398858	0.838408777802201
METAP1	-2.02686856875457	0.128388662798429	0.838408777802201
RABGGTB	0.656418978832878	0.463291732433519	0.892226733964463
COPB1	0.00119050081499594	0.997213413642736	0.99966869775948
COPA	-0.192813775240307	0.660524391856437	0.932900306216423
AP2S1	-0.263703634732838	0.39683591141762	0.874719674602425
SLC16A1	0.306766567452932	0.72230968699883	0.947668864086448
IST1	-0.0526962880671284	0.890378420716636	0.982071173595517
SEC24C	0.0730587881602496	0.83993383079558	0.975848749063979
SUB1	-0.270177997717411	0.451094355886572	0.890046217061518
CLNS1A	-0.597446681462166	0.464152471823913	0.892226733964463
RARS1	0.107579056450867	0.75798991326721	0.957024101610603
YARS1	0.344069595516292	0.623801930467937	0.926800418595298
USP14	0.136847514074169	0.623608494047404	0.926800418595298
PRKAG1	-0.364083928328935	0.563811900316037	0.919189637338942
HSPA2	-0.317594419344147	0.422381600890342	0.88045714838938
ATP1B3	0.59824855564878	0.273709887333666	0.838408777802201
RAD23B	-0.376705130719664	0.322297871778603	0.858492250068138
AK2	-1.98566444807221	0.0344757595186742	0.795984151323068
NAPA	0.0374304730086408	0.907232080185398	0.983980948840568
EIF5	-0.552571877703627	0.291188557508714	0.844990073643439
PSMD4	-0.159693187368603	0.557784990507797	0.919189637338942
DRG2	-0.552522168832859	0.331008327282116	0.865835346529172
CSE1L	-0.743667175161292	0.358043134453431	0.868813649699876
VCP	-1.54667009050186	0.125605073121438	0.838408777802201
MFAP1	0.307586751340704	0.282260548460501	0.838408777802201
NAP1L1	0.0579369733791317	0.83833115435866	0.975848749063979
ADK	0.207157289757355	0.511913737279311	0.909317189912649
ADAR	-0.167185454367303	0.706241477453699	0.947668864086448
SEC13	-0.138698488203445	0.692068087652415	0.942978175365416
SNU13	0.0796645596715138	0.768373597842787	0.960467335087765
NPEPPS	-0.10835630105808	0.728553425583512	0.948752495289315
EIF3B	-0.208399717442546	0.596266497988225	0.924722305692142
MARS1	0.326119939266871	0.378725247934979	0.874719674602425
EIF6	0.215082674427315	0.616502776857826	0.926800418595298
BCAR1	-0.542860599791677	0.14998486000258	0.838408777802201
GEMIN4	0.153189200316774	0.639144068049809	0.928078059907652
NUP107	-0.224283585238407	0.580584799971289	0.919189637338942
EEFSEC	-0.380343790325178	0.210376058127548	0.838408777802201
EPPK1	0.111852551057034	0.729078888745481	0.948752495289315
MTPN	-0.00175305305264573	0.996763712726669	0.99966869775948
ARPC4	-0.228376566711646	0.660778377182454	0.932900306216423
TPI1	-0.666054410426586	0.315989946466274	0.858177998730636
EIF3E	-1.19170690378238	0.116550120505017	0.838408777802201
PPP4C	-0.28211031398132	0.278745033816674	0.838408777802201
MYL6	-0.549549553546875	0.331427060467612	0.865835346529172
ACTB	2.06745059901833	0.445557795660498	0.890046217061518
EIF4A1	-0.718623300578713	0.195085474037074	0.838408777802201
RPS20	-0.294233542030479	0.479153077424727	0.896806821647279
PRPS1	-0.106957105085208	0.871225401108178	0.978038279040981
PSMA6	-0.559720746112404	0.137433175859121	0.838408777802201
S100A10	-0.142972126794	0.662594743496431	0.932900306216423
CDC42	0.316059734114479	0.363089080256976	0.868813649699876
DSTN	0.553201863986672	0.089438112051874	0.838408777802201
RAB8A	0.254879743817277	0.512537453884874	0.909317189912649
SRP54	-0.148449013542411	0.649546819044415	0.931988149191127
RAB2A	0.394746992209388	0.137656761329788	0.838408777802201
RAB5B	0.144625287035357	0.638849095520425	0.928078059907652
RAB10	0.684459304636512	0.141225644120274	0.838408777802201
UBE2M	0.160056824697921	0.658615243787734	0.932900306216423
RAB14	0.995332697073898	0.00892422107238544	0.480818390546225
ACTR3	0.0826977734193051	0.798899592680021	0.963653639671684
ACTR2	-0.448158789261022	0.253931470178724	0.838408777802201
ACTR1A	-0.187899728586256	0.758064580659007	0.957024101610603
COPS2	0.209155334965104	0.686347366631133	0.939341508094376
ABCE1	-0.476384100091977	0.33535917258066	0.865835346529172
RAP1B	-0.10828001751328	0.775194532842607	0.9607643746504
RAP2B	0.959542025602488	0.0460487464116552	0.838408777802201
RPS3A	-0.115707091644673	0.761296726365897	0.957613277814578
RPL26	-0.374322963266096	0.246260839986285	0.838408777802201
PSME3	0.176294562980495	0.654608551488039	0.93240368475443
RPL15	0.68770271315131	0.111595794991019	0.838408777802201
RPL27	-0.158284407828635	0.613590633186529	0.926800418595298
RPL37A	-0.11356929670125	0.738090717853034	0.950860201283838
HSPE1	-0.50469908759904	0.184960812238967	0.838408777802201
STXBP1	-0.306739399521948	0.457018539866028	0.891498567756242
COPZ1	0.221813901354928	0.507719441765454	0.909317189912649
UFM1	-0.150660147917982	0.749232871052223	0.953980744572653
DCAF7	-0.105397774663881	0.685797436826993	0.939341508094376
WDR5	-0.13614957223459	0.652405893977022	0.93240368475443
AP1S1	-0.2856276458206	0.579378548016605	0.919189637338942
HNRNPK	-0.279559307487666	0.465028986888354	0.892226733964463
YWHAG	-0.753982364464164	0.0778572856553006	0.838408777802201
RPS7	-0.00878638668038079	0.986630725945634	0.997618261238372
PPP1CA	-0.356065886048185	0.282620819672342	0.838408777802201
PPP1CB	-0.477046078734887	0.220131633071723	0.838408777802201
PSMC1	-0.829356881921221	0.274413677903709	0.838408777802201
PSMC5	0.112321424148568	0.702381422380376	0.946379015989747
RPS8	-0.251927041561132	0.359104393096443	0.868813649699876
RPS15A	-0.31979501501954	0.337617693032983	0.865835346529172
RPS16	-0.256029276997321	0.385029327331352	0.874719674602425
YWHAE	-0.740316062595788	0.303635879362043	0.853642039445011
RPS14	-0.497870444456566	0.17685417602613	0.838408777802201
RPS23	-0.354434342417267	0.304290840464661	0.853660294452216
RPS18	-0.540631714357446	0.42272710193999	0.88045714838938
RPS29	0.412354508062926	0.62286185170221	0.926800418595298
RPS13	0.0597102188995819	0.863382005226556	0.976985485113131
RPS11	0.165743621089547	0.535583111134112	0.912463505130523
SNRPE	-0.233538030252923	0.693038732997189	0.943334534900865
SNRPF	-0.195154435367918	0.565308869454336	0.919189637338942
LSM3	0.327330089633499	0.282953228727646	0.838408777802201
LSM6	0.602642312532272	0.135957273503583	0.838408777802201
SNRPD1	0.0549445399053639	0.83184924682551	0.973137874631215
SNRPD2	-0.0951002610172509	0.757017665170691	0.956749627446034
SNRPD3	0.0965671176137235	0.767206300403621	0.960209639759545
TMSB4X	-2.24919856109855	0.00548423967571466	0.40573217600889
ARF6	0.177570703387655	0.641434536790848	0.928633097301535
PSMC6	-0.251100806339021	0.514082139874123	0.909317189912649
RPL7A	-0.170171172899693	0.57536509228947	0.919189637338942
POLR2G	0.00909187488254304	0.976089222732665	0.994003682084373
ETF1	-0.824907896605136	0.0987196132965056	0.838408777802201
RPS4X	-0.259504483710458	0.35966510107101	0.868813649699876
PPP2CA	0.38405511384947	0.415565267309449	0.877843438571155
RPL23A	-0.409201570179928	0.177691238467273	0.838408777802201
RPS6	-0.108427657403041	0.751953504271086	0.954178832283101
H4C1	-0.504008048066019	0.160003365176203	0.838408777802201
RAB1A	-0.849684756306914	0.247947953522707	0.838408777802201
RAN	-0.0063577166956641	0.979805637444523	0.994240162964407
RPL23	-0.128575797340222	0.629954884247543	0.92686461546912
RPS15	-0.0061510909255631	0.987927802788262	0.997927533042108
RPS24	-0.12071827169208	0.693294279646013	0.943334534900865
RPS25	-0.57173630292429	0.29585374084074	0.847873525580168
RPS26	-0.45119492772314	0.190841252731581	0.838408777802201
RPS28	-0.619711588781097	0.192859076870218	0.838408777802201
FAU	-0.276556218582474	0.719240379980383	0.947668864086448
POLR2L	-0.272411000437984	0.408221201243703	0.875658027259549
RBX1	-0.216012910407869	0.451132868577498	0.890046217061518
RPL30	-0.282213002600045	0.357736219831865	0.868813649699876
RPL39	-0.271539995320861	0.327358604874695	0.860680289246286
RPL31	-0.590210794920264	0.2394023617262	0.838408777802201
RPL10A	-0.081453968759412	0.758672172666027	0.957024101610603
RPL32	-0.211300824392829	0.493330532811404	0.901537798772033
RPL11	-0.114476539398137	0.678112041067479	0.938689398497776
RPL8	-0.4076705572684	0.208333123774438	0.838408777802201
PPIA	-0.278714782399135	0.719878118600191	0.947668864086448
RAC1	0.615847692568988	0.237647785154757	0.838408777802201
AP2B1	-0.370629722479432	0.288371084731977	0.841548193572257
GNAS	1.37740817240427	0.0933447606000367	0.838408777802201
YWHAZ	-0.540509709276826	0.414606215105413	0.877843438571155
PPP2R2A	0.124967367029377	0.752099537983551	0.954178832283101
SUMO1	0.870164390388794	0.390696210642418	0.874719674602425
DYNLT1	-0.505413568568965	0.20290188041684	0.838408777802201
RPL38	-0.213065979297706	0.462018138359874	0.892226733964463
SKP1	-0.0812512697891066	0.742899532607231	0.952170358699208
RPS21	-1.12772668409802	0.114276906623683	0.838408777802201
EIF5A	-0.303254524585885	0.55986753168919	0.919189637338942
RACK1	-0.30785479738724	0.672501714430227	0.935461124355417
SUPT4H1	0.344764272436233	0.43368328804598	0.887584393311317
UBE2I	-0.425829981395434	0.23342690905417	0.838408777802201
YBX1	-0.448529224270661	0.257022786149426	0.838408777802201
TPM4	-1.19225401370228	0.0571442588357384	0.838408777802201
EEF1A1	-0.486184881554848	0.376618590324463	0.874719674602425
TUBA4A	1.69771698052157	0.0191588172362216	0.627372744743484
TUBB4B	0.665316011580476	0.219711108743393	0.838408777802201
PAFAH1B2	0.627510304566105	0.075843844797135	0.838408777802201
IGBP1	0.870474417781566	0.18217298246413	0.838408777802201
EIF4G2	-0.301016972434944	0.514125856642111	0.909317189912649
RPP38	-0.245574708190979	0.407619957328657	0.875658027259549
RPP30	0.0167338107440855	0.950824127019668	0.987656422904057
GTF2I	-0.426929948241209	0.275227693173217	0.838408777802201
SRPK2	-0.929644218854119	0.178427579139747	0.838408777802201
CCT2	0.0264567785697842	0.947497080829385	0.987656422904057
RAE1	-0.206473555555476	0.501803659578226	0.906084175941419
GSTO1	-0.132085108994556	0.741083644521395	0.951970790952725
PRKDC	0.173120886512926	0.54344428010189	0.917995728967041
BASP1	-0.257261977318663	0.593167127861927	0.922781415813239
HMGN5	-1.62691937921367	0.0533447894524001	0.838408777802201
SARNP	-0.19545925880243	0.614447169082307	0.926800418595298
RPL24	-0.0572697724902262	0.861891434954441	0.976985485113131
ARF5	0.0989223152928567	0.769398019003522	0.960551672937003
RHOG	0.772655466359137	0.0657267081609348	0.838408777802201
RPL19	0.363644928729418	0.602851145834552	0.924957720307214
SRSF3	0.011442664666081	0.976437489916014	0.994104936853842
FOXK1	-0.553318321848266	0.377782320130875	0.874719674602425
DAB2	-0.259917153292019	0.669479659503991	0.934511264751378
RBM3	-0.879461735615969	0.0630056570508863	0.838408777802201
CYCS	-1.48644320681045	0.0105899317002336	0.491939269098062
HDLBP	-0.65006292563498	0.0992185536389747	0.838408777802201
GTF2B	1.51420172271889	0.0830419955261675	0.838408777802201
CDK5	1.34963341195854	0.168784107064537	0.838408777802201
PURA	-0.440926867140071	0.273361299421535	0.838408777802201
CLTC	0.0592548741313195	0.829054077812092	0.972996018256781
HSF1	-0.272830146896169	0.617802821557287	0.926800418595298
NFKB2	0.637016865902527	0.25963316307075	0.838408777802201
FKBP3	0.000830649113421345	0.99957918064631	0.999829450846772
REEP5	0.159412987421081	0.632025622677087	0.92686461546912
HNRNPU	-0.292717322260529	0.531321078358584	0.911122146630183
SPTBN1	-0.855027992314131	0.0517407188772741	0.838408777802201
TIAL1	-0.257864750962028	0.623686593104863	0.926800418595298
SRSF2	-0.652989762851302	0.0973168290552807	0.838408777802201
CAP1	-0.88015117885757	0.242098400882997	0.838408777802201
HMGCS1	0.0649780620969125	0.860082019894754	0.976866067624469
IFITM3	0.75042356979834	0.111148612623956	0.838408777802201
SLC7A5	0.599490718433145	0.309845899740511	0.856329575412609
EXOSC10	-0.317976931745733	0.273135868332781	0.838408777802201
OTUD4	1.03330401226458	0.0135955719702743	0.532493235502411
PFKP	0.413236142646902	0.23302963431234	0.838408777802201
EWSR1	-0.776637468774656	0.136197168844127	0.838408777802201
OCRL	-0.418776041253292	0.355627735650513	0.868813649699876
COL7A1	-0.706540826732386	0.270380811203321	0.838408777802201
RPL18A	-0.520129104574352	0.220067538077698	0.838408777802201
MAP2K1	0.100025302664307	0.783513118121824	0.962199632352588
FKBP4	0.603250513192094	0.152117320660257	0.838408777802201
RPL6	-0.677964898541898	0.053635165453691	0.838408777802201
DST	-0.973477991772395	0.490928700804804	0.900508622740588
TNFAIP2	0.283921630689338	0.383540784159322	0.874719674602425
UBXN1	0.72868149202727	0.250723011067032	0.838408777802201
EIF4G1	-0.254579760864228	0.544093171244697	0.918703389316384
KRT17	0.0133167080606107	0.963688978845762	0.988749120842768
TLE3	0.297903685695271	0.780451863925149	0.961507109498374
YWHAH	-0.479608578206726	0.235767323635558	0.838408777802201
PLP2	0.622010387700218	0.161336346227616	0.838408777802201
CSTF1	0.0133373886023982	0.974610292048764	0.99373347356173
DNM1	-0.306056295505144	0.4772435720195	0.89639214305973
EEF1A2	-0.117157277811202	0.75005094335487	0.953980744572653
PRKCD	1.4051032741644	0.00633349017792622	0.429785776449543
CALD1	-1.03038038075961	0.228875766132249	0.838408777802201
FPGS	-0.0304174394566346	0.955987835994158	0.987767457547179
PTPN11	0.862234926529155	0.128526622295831	0.838408777802201
GFPT1	0.551061338340403	0.181782473240155	0.838408777802201
EXOSC9	-0.069096142823355	0.870111210600397	0.978038279040981
GABPA	-2.30778502689327	0.000348660366806183	0.0663284840662238
PRDX1	-0.75860746776641	0.0763214667737096	0.838408777802201
RPL18	-0.20612572578284	0.564911748831809	0.919189637338942
C1QBP	-0.752582573304203	0.0599328031142119	0.838408777802201
TJP1	-0.174735557619194	0.581499888773031	0.919189637338942
BAX	0.047542593757008	0.949885415287491	0.987656422904057
POLE	-0.421055557259294	0.268861059804071	0.838408777802201
KLC1	1.84360459350836	0.000171342624270848	0.048893841711574
SRSF1	-0.489744955642102	0.101220024912228	0.838408777802201
ARHGAP1	-0.225519327364509	0.612705521948104	0.926800418595298
DHX9	0.356865448714537	0.185299790205687	0.838408777802201
GOLGA3	-1.56056183112551	0.0153643329645371	0.571121166556152
GOLGA2	-0.222518367818239	0.57070008197601	0.919189637338942
PPID	1.16572624091111	0.123226199249003	0.838408777802201
SSRP1	-0.38680137097802	0.245861452693775	0.838408777802201
NSUN2	-0.0495774617986697	0.896359898381906	0.983088412441828
RBBP4	-1.33195897018592	0.230346091754099	0.838408777802201
NCBP1	-0.30660286004829	0.322748593508203	0.858492250068138
AHNAK	0.387851711616882	0.17338595351665	0.838408777802201
HSPA14	-0.282424712899907	0.444095332489927	0.890046217061518
GALNT2	0.194391876405852	0.533820158445949	0.912438593961635
AP1B1	-0.0862393912724926	0.890315202754532	0.982071173595517
CPSF1	-0.276414749177654	0.511936132037543	0.909317189912649
BST2	0.705035191477386	0.324059646000157	0.858492250068138
SCRN1	1.35482411201118	0.0793779585623087	0.838408777802201
WASHC5	-0.119309527140796	0.889324732156786	0.982071173595517
NUP160	-0.216534968980309	0.630859188989072	0.92686461546912
TFCP2	-0.628916497353266	0.414704406584272	0.877843438571155
AKAP13	-1.0013505941049	0.471301468321226	0.895855690281052
CDC20	-0.356661407250719	0.393560548320926	0.874719674602425
GRSF1	-0.0775309004655753	0.860378108796477	0.976866067624469
SF3A3	0.464864644714218	0.147899893280388	0.838408777802201
TP53BP1	0.221332448380018	0.562337370108037	0.919189637338942
IFRD2	-0.85354412795628	0.208531978040682	0.838408777802201
TRIM26	0.895465735041107	0.0431451192162184	0.838408777802201
AIMP1	0.210935858612668	0.440196480656001	0.890046217061518
ILF2	-0.363309175435813	0.472879663348662	0.89639214305973
ILF3	-0.244561366942673	0.520545467299725	0.909907283155542
TRAP1	-2.02815298475807	0.080725484057059	0.838408777802201
MYO1E	0.175784434518732	0.775279307105974	0.9607643746504
MLLT11	-2.78632154925884	0.00791743455365782	0.480818390546225
STRN3	1.74947382926722	0.0578609016109526	0.838408777802201
CDC16	-0.438454911677226	0.196058734523519	0.838408777802201
STK4	-0.359636501335835	0.204541352012072	0.838408777802201
FLII	-0.643735287125605	0.253206816393389	0.838408777802201
COASY	0.467416506088163	0.203412180698519	0.838408777802201
ACACA	-0.314267207044889	0.394737695410603	0.874719674602425
GPS1	-0.15675617104958	0.68550972838479	0.939341508094376
CHAF1B	-0.621601716609469	0.146111451393768	0.838408777802201
IK	0.078266304298058	0.795764748784378	0.963649642738281
PRKAA1	-1.00827571793756	0.345797493293579	0.867104478904799
PPFIA1	0.318941898642379	0.44180968141	0.890046217061518
EIF2B5	-0.400554478923226	0.314869630757009	0.858170206834535
TARDBP	-0.192526931714884	0.678386694515692	0.938744317488808
HNRNPA0	-0.27670381236306	0.528423696399924	0.911122146630183
AIMP2	0.468651789092682	0.242663010209734	0.838408777802201
PRDX4	2.00780420602966	0.15402013478992	0.838408777802201
PAK2	0.421812243297307	0.584584531565513	0.919189637338942
CBX3	-0.751453133765821	0.103077459762815	0.838408777802201
STX5	0.184788264345944	0.736107531291063	0.950516203472097
PSMD2	-0.109029298682302	0.689352062876651	0.940239498529266
SRSF5	0.142976253973785	0.656736076840316	0.932900306216423
SRSF6	-0.359761375935332	0.32332031476602	0.858492250068138
MAD2L1	-0.138744687580733	0.614801565564314	0.926800418595298
TRIM28	0.0602655381888937	0.835852141705324	0.975400181705309
G3BP1	-0.968123748772385	0.138923767368652	0.838408777802201
SKP2	0.389722753101253	0.564783720205228	0.919189637338942
PABPC4	-0.155091736651077	0.699572849487482	0.945747618190532
IFIT5	0.281817024492138	0.371086274880912	0.87342211623623
EIF3I	-0.837517022016794	0.252556690058261	0.838408777802201
PPP2R5C	-0.646502575765087	0.205493377215437	0.838408777802201
CTBP1	-0.789247584353049	0.0523327071674339	0.838408777802201
TARBP1	-1.62714766526906	0.0182650349823083	0.615967064643753
DYNC1I2	-0.28839849638323	0.54503466003523	0.919189637338942
ORC2	-0.213394705333673	0.503621840193063	0.907928362622422
ILK	-0.199622768404986	0.606481949302564	0.925439067339791
SNTB2	0.0659842692022963	0.875158753062928	0.978248242441633
TCOF1	-0.538681356243249	0.203469120608623	0.838408777802201
SF3B2	-0.018808343262819	0.946388200406334	0.987656422904057
GOLGA4	0.101860329840441	0.841039679267559	0.975848749063979
PDAP1	-0.749499672907234	0.24121371644552	0.838408777802201
FKBP5	0.130728908462721	0.765332155143781	0.958765117528819
MYO9B	1.6505028811215	0.015439570960717	0.571121166556152
TNK1	1.0740262099801	0.00302015740291635	0.280593693596531
PICALM	-0.307091442538507	0.556272538449998	0.919189637338942
SQSTM1	0.495271709178375	0.169220795245245	0.838408777802201
TUBB3	1.65597797171831	0.0110185489314547	0.505966700932893
RIPK1	-1.30177899712143	0.225823632986379	0.838408777802201
HDAC1	-0.574773179090005	0.329507846674335	0.863802104070008
DCTN2	-1.21991620221344	0.17902035521483	0.838408777802201
ITPK1	0.277940773951244	0.405167924939682	0.875658027259549
SNW1	0.0458321427350263	0.865473113412993	0.977242006334296
SNX1	0.407423707780708	0.203053797764005	0.838408777802201
PWP1	-0.277118468580145	0.371219103727825	0.87342211623623
CUL1	-0.0636132232471418	0.897680538440463	0.983088412441828
CUL2	-0.742417128631732	0.431173521099097	0.885068852717858
CUL3	-0.501200082061278	0.284233249073068	0.838408777802201
CUL4A	0.142065183897721	0.644904709133789	0.929671807717732
CUL4B	0.349649159675835	0.456259455687813	0.890888235752981
TP53BP2	-0.0117472725170344	0.970379228379464	0.991541097884427
GFUS	0.0726446477642	0.830844726825527	0.973137874631215
RAB31	0.786928622085341	0.0232919121202283	0.704933249396304
RAB32	0.49495989554547	0.0975119667527465	0.838408777802201
RIN1	-0.252064913253822	0.724385181401887	0.948292520425308
AAMP	0.496112867661665	0.36316015639923	0.868813649699876
ALCAM	1.11326188729355	0.227586617331001	0.838408777802201
SPTAN1	-0.490164819475339	0.353262806693347	0.868813649699876
GNL2	0.432199027226503	0.250659984837181	0.838408777802201
DDX39B	-0.469458230836299	0.230732731808543	0.838408777802201
EXOSC2	-0.0592618671491607	0.835552734023608	0.975400181705309
TUBB2A	1.18044282261655	0.0189250846751501	0.624840605596899
KLF5	-0.629891750330842	0.316432434709451	0.858492250068138
BYSL	0.348038441670685	0.214723532974701	0.838408777802201
IDI1	-0.0131165431589331	0.979530074993253	0.994240162964407
CBFB	-0.18359138654392	0.485450408963658	0.899751669504529
CKAP5	-0.342654858734804	0.41796562795409	0.878547443842001
CIRBP	-0.564145971583066	0.424912585433441	0.881831573406025
HNRNPD	-0.533793975412646	0.347533253881845	0.867390421895235
IL18	1.05481456764997	0.124218265609328	0.838408777802201
DSG2	0.59144640053729	0.231890227335582	0.838408777802201
BOP1	0.74199530969927	0.0749619366823629	0.838408777802201
SAFB2	-0.204488570728188	0.45019316388494	0.890046217061518
EIF3A	-0.812623765153809	0.280051641738734	0.838408777802201
ARHGEF7	-0.0723057209677656	0.879407069669376	0.980527837937247
UBAP2L	-0.343230496083564	0.338797098764312	0.865835346529172
SCRIB	0.826319110793957	0.0826469758119061	0.838408777802201
GIT2	0.403482316907208	0.505499186468232	0.909178388903741
TTLL12	0.209727040402399	0.824070832928588	0.970982586736187
POLA2	0.340744038594263	0.299807591357886	0.849814699550831
DCTN1	-0.394774071836718	0.54154462653304	0.916519566528895
DYNC1H1	0.108489377912864	0.800629572140415	0.963653639671684
ELOA	0.257156749024542	0.397189889911887	0.874719674602425
CTTN	-0.0596059208656143	0.94294009045649	0.987656422904057
TRIM25	-0.355098737108676	0.448669043154851	0.890046217061518
FAM50A	-0.450793933418179	0.249530737487912	0.838408777802201
FRG1	0.157159615220433	0.673744918798016	0.936212504555852
GALE	2.51914480679802	0.0925667982070079	0.838408777802201
PDE3A	0.478805152891901	0.146407046217722	0.838408777802201
CAPRIN1	-0.701678726149233	0.24836451596586	0.838408777802201
RBM39	-0.0679894770310838	0.824589497363347	0.971177783598635
PRPSAP1	0.0410848102002213	0.901465904424973	0.983759662064354
MCM6	-0.512253072493984	0.30886014671138	0.855451666425001
ITPR1	-0.0742760177223012	0.801798422595414	0.963653639671684
TRIP12	-0.0452985379081525	0.922069423344749	0.983980948840568
PUM1	0.739800431292753	0.147811454931069	0.838408777802201
ESPL1	1.2316416421204	0.0701458273836208	0.838408777802201
CLINT1	1.35663052417044	0.168552856018679	0.838408777802201
SMC1A	0.271774064559089	0.368321026380383	0.87342211623623
USP10	-0.584451766395414	0.221206515782266	0.838408777802201
GANAB	0.329714451375885	0.223617202827301	0.838408777802201
PPP2R5D	-0.0473889064988917	0.913518874692788	0.983980948840568
MVP	0.620859860071096	0.129658840974701	0.838408777802201
CASP8	2.59674055721915	0.0621703605549663	0.838408777802201
CHD4	-0.327916743447869	0.343979227418396	0.867104478904799
LASP1	-1.83455282355445	0.117262736269398	0.838408777802201
PTGR1	0.04994525012998	0.913245910222349	0.983980948840568
DRAP1	-0.232128530981385	0.70118653430211	0.946124084832493
KPNB1	-0.347400846084508	0.342514431789185	0.867104478904799
NOLC1	-0.234790145962272	0.518504269992744	0.909317189912649
NUMA1	-0.442708425900371	0.491217208008731	0.900508622740588
PSME4	1.05183757988028	0.0794986757681651	0.838408777802201
GAPVD1	-0.031230272805896	0.949902152955565	0.987656422904057
NCAPH	0.388492566894957	0.169410910174818	0.838408777802201
PSMD6	0.0591133694204409	0.815317986463461	0.967387988096682
SEPTIN2	-0.494943076200276	0.561340854769788	0.919189637338942
SART3	-1.74422206912004	0.186580597917053	0.838408777802201
NCAPD2	0.0958392447155063	0.7200750736855	0.947668864086448
SUZ12	-0.671409929431704	0.111638312128245	0.838408777802201
EXOSC7	-0.177717293601187	0.785532423649343	0.962199632352588
TNIP1	-0.708863845949878	0.158287064752802	0.838408777802201
EFTUD2	0.0379663232453602	0.884444699860885	0.981215377935084
SNX17	0.275444712877125	0.43348305136469	0.887584393311317
RAB3GAP1	-0.0906546169985987	0.81181679524075	0.96677741715059
KARS1	-0.177189213565828	0.575100970871075	0.919189637338942
POLD3	-0.0324821721526298	0.969923580887148	0.991541097884427
EIF4H	-1.17336661335991	0.140307632572301	0.838408777802201
KIF14	0.0459503030819022	0.883262307161259	0.980990448358793
PDIA6	0.203635404398785	0.636689647527713	0.926986604753534
PAFAH1B3	0.695652409088765	0.10143085348294	0.838408777802201
PMVK	0.22837573980976	0.646945677758893	0.931033134959214
PLEC	-0.0584533820205237	0.823647720078174	0.970982586736187
PCM1	0.327516690282479	0.345224346607881	0.867104478904799
PPA1	0.757306192355575	0.156147869379024	0.838408777802201
PTGES3	-0.24879342965108	0.475513091487355	0.89639214305973
NONO	-0.637218954373051	0.14985784788988	0.838408777802201
RAB35	0.87154851596604	0.0888053317809715	0.838408777802201
RBBP5	-0.166431989033974	0.864736088951197	0.976985485113131
RCN1	0.410174909722734	0.422349497123207	0.88045714838938
LRRC41	-0.111251544733712	0.74711560723576	0.953483549286933
PCBP1	0.434550793358419	0.33861036035121	0.865835346529172
PCBP2	0.370393035913718	0.226778810581398	0.838408777802201
ELOC	0.0513068162713743	0.940087375492612	0.987471667580594
ELOB	0.606321400771243	0.152043760407041	0.838408777802201
RHEB	-0.101110417645096	0.828815542122454	0.972996018256781
UBE3C	-0.207547938936639	0.486901688251694	0.8999462763987
SF3B3	0.298211117670622	0.279041469382337	0.838408777802201
RSU1	-0.582922706814021	0.286786027521949	0.838408777802201
RPS6KA1	0.52843374572954	0.212695069933752	0.838408777802201
SF3B4	0.275941339931716	0.342101792960899	0.867104478904799
SEC23A	-0.70637606775087	0.246016765015266	0.838408777802201
SF3A1	0.102751403310922	0.743622407795126	0.952170358699208
STIL	0.675124994083394	0.353275295860099	0.868813649699876
SKIC2	-0.0427340110473544	0.930718739922434	0.98495930224904
TAF7	-1.32541935571332	0.0227718227887418	0.69955962962413
MAPRE2	-0.254505688733776	0.685244500727667	0.939341508094376
TSN	0.172533031886719	0.81436249565859	0.96677741715059
TARBP2	0.23797378652236	0.429572119573576	0.884548428918843
SF1	-0.615181197486397	0.207411890216238	0.838408777802201
TRIP11	-0.375461888132484	0.639316851280565	0.928078059907652
TRIP13	0.357260828523366	0.344844602567185	0.867104478904799
OASL	-0.224755050897809	0.53877003136946	0.913579682806442
TRIP6	-0.160581130278572	0.6497848209121	0.931988149191127
MAPRE1	-1.39778616904152	0.0632282179955944	0.838408777802201
ELAVL1	-0.33350482758275	0.477540964545577	0.89639214305973
SLC1A5	0.291489084384409	0.541982434302696	0.916689172328226
MLF2	-0.324948532173103	0.286111949689212	0.838408777802201
TOMM34	0.126067601986811	0.707672711294337	0.947668864086448
TBCE	0.939254013185298	0.0177448363708995	0.615967064643753
STXBP2	-0.00791506925236263	0.988447802059073	0.997927533042108
RAB11B	-0.0492736961025031	0.916968095076057	0.983980948840568
ZYX	-1.28194603987529	0.100174791997562	0.838408777802201
SEPTIN7	-0.631906160430471	0.332262964318057	0.865835346529172
ADRM1	-0.825412282754286	0.477612077400808	0.89639214305973
PSMD5	0.327735268993429	0.492639878831158	0.901328072771347
PKN2	-0.120966433759893	0.79373904963507	0.963227069461203
DDB1	-0.385019525719326	0.289222946126335	0.841548193572257
MAPK14	1.09356479560406	0.0162820412042652	0.596759216615042
DPYSL2	-0.854935889767429	0.183386289599912	0.838408777802201
RBBP7	0.926766689516406	0.541115828067257	0.916387339181301
TAF9	0.34752528820545	0.663092422072358	0.932900306216423
SRSF7	-0.425918789049021	0.221993739712924	0.838408777802201
CPSF6	-0.211208330342707	0.612968071882701	0.926800418595298
SMN1	0.102035608624057	0.73424621713982	0.949907266021237
DBN1	-0.244955210681439	0.553478384776298	0.919189637338942
NRF1	-0.0372654511479347	0.925054195577357	0.983980948840568
FSCN1	-0.0816365810211437	0.754389811772094	0.955241615857216
NDUFA5	0.0922361609394855	0.784462098775548	0.962199632352588
UBE2S	-0.0369452970940429	0.910478564421219	0.983980948840568
H2AC18	-0.0541344723775907	0.933052368547805	0.98560132531689
HADH	-0.477884427396152	0.224007735848675	0.838408777802201
ATP6V1F	0.569270143429726	0.128423262422472	0.838408777802201
HNRNPUL2	0.138240640716582	0.679617705788203	0.939341508094376
INF2	0.199126755411505	0.565513525155565	0.919189637338942
PDS5A	-0.104132296084835	0.808477606508321	0.965289883842623
WASHC4	-0.357718496499839	0.688439526036572	0.939636455933073
TSR1	0.599444599335524	0.140304512324231	0.838408777802201
SMU1	-0.000759831898175634	0.997575224843708	0.99966869775948
ATG2A	0.526117398502151	0.215406208307126	0.838408777802201
TRMT5	0.0930395608291974	0.781005857703626	0.961812084317505
EDRF1	-0.125593415798814	0.830608608928938	0.973137874631215
MAP7D1	-0.327101198023598	0.283630894318844	0.838408777802201
LSM12	-0.641655846528728	0.167596330916292	0.838408777802201
CCDC88A	0.0187853217128584	0.954775104859162	0.987656422904057
PARP14	-0.170435335905001	0.642520194402702	0.928654703317695
FAM98B	-0.294205823761359	0.674103928643423	0.936385672785283
PDCD4	-0.449072801717069	0.25339545364626	0.838408777802201
CEP55	-0.123592592284325	0.867798596811834	0.977668594985037
KLHL26	0.0569486353794559	0.942014695529932	0.987656422904057
ACTBL2	-1.79775890104359	0.347701936247603	0.867390421895235
DNAJC21	0.0249031097559538	0.9377733381814	0.987471667580594
PPP6R3	-0.254667297318008	0.420174147448512	0.879109088881663
PRRC2B	-0.03846464967204	0.953551154172829	0.987656422904057
RRP12	-0.110387099795123	0.704365278164194	0.947454305140052
PCID2	-0.162295266833901	0.531933672126701	0.911122146630183
SPECC1	-0.475396506854427	0.188205769529522	0.838408777802201
PPP4R3B	-0.0881843009663257	0.79684936319563	0.963653639671684
SAMD4B	0.671526634116255	0.0911879291629888	0.838408777802201
SNAP47	0.693658204588377	0.294303845869601	0.845619589848614
NUP188	-0.155073973581946	0.566060839206566	0.919189637338942
HP1BP3	-0.504301419981843	0.208844188253673	0.838408777802201
CEP170	-1.28103145728142	0.277157994773173	0.838408777802201
CHCHD2	-0.749740426816182	0.118341082971264	0.838408777802201
UBR4	-0.228499773195768	0.700375977925445	0.945747618190532
ARHGAP21	-0.0593285646900057	0.870743681268268	0.978038279040981
KANK4	-0.133755031818165	0.826750480399671	0.972207134967024
RBM26	-0.580975317479115	0.241270315278368	0.838408777802201
INTS11	-0.521874699233244	0.159514454148625	0.838408777802201
VPS53	0.239611087644604	0.466990963666356	0.892707289195043
CDC42BPA	0.304176335125845	0.510664013068099	0.909317189912649
RPRD2	-0.40768388704933	0.19975272911247	0.838408777802201
RNF20	0.0442496072641134	0.921660933342298	0.983980948840568
ECPAS	-0.129374265919228	0.738851187930608	0.950860201283838
TUT7	0.361868533867145	0.633570513814906	0.92686461546912
RNF213	-0.0211485559509548	0.96648720481784	0.990283760771293
KANK2	0.13004094523653	0.724832834085234	0.948292520425308
TBC1D9B	0.79681702992098	0.313340740531116	0.858170206834535
ARL6IP4	-0.532550370940136	0.203374943158998	0.838408777802201
TNS3	0.0348423941120188	0.925360913609096	0.983981061982523
INTS3	-0.699113509246793	0.0936942778510447	0.838408777802201
ARHGAP17	-2.11119001813549	0.0570948507384984	0.838408777802201
CWF19L1	0.766219531000779	0.445835925423795	0.890046217061518
ATL3	0.219733317897067	0.805894660964926	0.964514430963115
NXN	-0.154382780418629	0.720899743914657	0.947668864086448
IQSEC1	0.0929228483941174	0.864500597390424	0.976985485113131
RAB12	1.18288908358917	0.160007873956357	0.838408777802201
SDE2	-0.21994450674692	0.485785591397526	0.899751669504529
KRT80	-0.0708280805148718	0.806765754088612	0.964978798677846
PDE12	1.34857036101594	0.0201410295241954	0.641864707626983
HIBCH	0.156760349836347	0.775625155543854	0.9607643746504
ARMC6	0.0081804263696057	0.987120453776883	0.997860883815448
TTI2	-1.8440826683033	0.111283340640766	0.838408777802201
JMJD6	-0.32445323368021	0.281134350321775	0.838408777802201
MZT2B	-0.557541295147697	0.590725437199426	0.920775700979988
CAVIN1	0.0504320138620535	0.899600700707207	0.983759662064354
ZCCHC8	-1.07165808627045	0.00873503878645531	0.480818390546225
CDC73	0.151971786129788	0.618508136338467	0.926800418595298
PMF1	-0.292911005747801	0.374374532120041	0.874118525167114
CC2D1A	-0.744867875345786	0.239464636984493	0.838408777802201
METTL2B	0.736020177073911	0.238763149269719	0.838408777802201
MED27	-0.0170479553914369	0.95582428154086	0.987767457547179
EDC4	0.0538247203164701	0.903107809308055	0.983980948840568
PRPF8	0.136947696653621	0.660123506590878	0.932900306216423
SCYL2	0.234713749256343	0.569249748987963	0.919189637338942
PDXDC1	0.70164672624492	0.23932280509118	0.838408777802201
SKIC3	-1.28239950500121	0.147262483203971	0.838408777802201
BRAT1	0.347257085199004	0.518267965382767	0.909317189912649
LARP1	-0.220189663130544	0.58622174000845	0.919189637338942
TRAF7	0.205140927968245	0.520692319010773	0.909907283155542
RICTOR	0.0559028004377424	0.869215673117351	0.978038279040981
WDR74	0.227819510038579	0.403880018359863	0.875658027259549
FAM111B	-0.471801030734497	0.172875120982934	0.838408777802201
NHS	1.07083248179035	0.0789144813729581	0.838408777802201
FIP1L1	-0.133198629542726	0.728938141799906	0.948752495289315
LRSAM1	-0.425117227954377	0.338315889373315	0.865835346529172
CWC27	-0.37558426378531	0.372142190108215	0.87342211623623
WDR82	0.339166490802111	0.268930337397519	0.838408777802201
PACS1	-0.300357909214277	0.338777518913827	0.865835346529172
MPRIP	0.13647485694641	0.616267043716157	0.926800418595298
GIGYF2	-0.439673960431769	0.600166547854024	0.924957720307214
HSDL2	-0.0344863982476014	0.94553734907064	0.987656422904057
ARHGEF18	0.0558178252048229	0.86643083515296	0.977242006334296
USP34	0.964304852445984	0.0440463804772307	0.838408777802201
UNC13D	1.62829073726228	0.00929567576177148	0.480818390546225
LARP4	-0.38967455807035	0.352488072890239	0.868813649699876
RPS27L	-0.0498598117997915	0.84182265097907	0.975937751207598
SUPT6H	0.840754077436692	0.411534613595536	0.877843438571155
SND1	-0.48915951047551	0.307013770689638	0.854122572357313
MARK2	-0.0758527691453708	0.791004591913273	0.962199632352588
DDX46	-0.446743439473011	0.174811883533362	0.838408777802201
BZW1	0.472343519700363	0.184720883937261	0.838408777802201
DHX30	-0.0776209193135706	0.78878224464524	0.962199632352588
EIF3M	-0.450871463478773	0.390621341136382	0.874719674602425
MEPCE	-0.879729742050685	0.0497799616932228	0.838408777802201
RRAGA	2.49707336825175	1.45836760790757e-05	0.00971029765598456
CYFIP1	-1.1271347405231	0.239455251764097	0.838408777802201
GET4	0.520863838942752	0.379076077498832	0.874719674602425
COPS6	0.351576452227249	0.570765706951998	0.919189637338942
TAOK1	-1.78996439707963	3.51177969821079e-05	0.0155883998826134
MOB1A	0.954883972712981	0.46261681282408	0.892226733964463
KDM3B	0.059552306592586	0.828280043701459	0.972942891675192
DYM	0.120178041452313	0.794363800318677	0.963227069461203
ZC3HAV1	0.0130827176263892	0.958640175133957	0.988441515024069
NEGR1	1.21386671856219	0.0339907566969456	0.795984151323068
NUP54	-0.448947446472832	0.286884805821179	0.838408777802201
NUFIP2	-0.050944909374504	0.919777914998366	0.983980948840568
CLASP1	-0.214527184977275	0.454380674723243	0.890888235752981
DHX29	-0.666760078444412	0.211215899602951	0.838408777802201
HAUS6	-0.513843165585619	0.259476345658667	0.838408777802201
HEATR3	-0.295668101906223	0.490629208021441	0.900508622740588
HDGFL2	-0.683559433005513	0.109984648303794	0.838408777802201
HUWE1	0.0375612878770326	0.963785149324769	0.988749120842768
YTHDF3	-1.33098576272102	0.150686460657891	0.838408777802201
PHLDB2	-0.9956705549668	0.30470861855322	0.853660294452216
TEDC1	-0.523012852465111	0.361673695925059	0.868813649699876
PATL1	-0.765273530129782	0.226517443202827	0.838408777802201
MYPN	-1.88673170724027	0.0919388161025038	0.838408777802201
PEG10	0.182722845200637	0.517459018129322	0.909317189912649
TRPT1	-0.388069300718261	0.402264633236788	0.875658027259549
SETD3	-1.12324150412294	0.0904827858863624	0.838408777802201
RBM23	-0.814704312636284	0.268099011475748	0.838408777802201
NOP9	0.133927511067043	0.627936796367728	0.92686461546912
PABPN1	-0.137084470807565	0.639281389002134	0.928078059907652
LDB1	-0.0724958158504592	0.897373077319538	0.983088412441828
PRPF39	0.22490965776564	0.696119598386597	0.943554822487852
SAPCD2	0.746542702512716	0.0876696341248854	0.838408777802201
MTDH	-0.323521702444829	0.598191217629571	0.924957720307214
RIMS1	0.117994205374547	0.8186854866859	0.969081042758569
USP48	0.120425754752979	0.700354371231901	0.945747618190532
NAA40	1.75336298565745	0.0788705563808936	0.838408777802201
LUZP1	-0.282033673517198	0.386601133381603	0.874719674602425
ALYREF	-0.0865614262792178	0.737019877551833	0.950709409929717
IQGAP3	0.650175585903703	0.141822830191298	0.838408777802201
TAX1BP1	1.47141586605468	0.00387433037831558	0.322344946137241
CAND1	-0.114392283200711	0.802962748414269	0.963939146663377
HOOK3	0.156484033162698	0.640250892630135	0.928633097301535
RTTN	0.429966341659924	0.595513208195844	0.924271665401087
THOC6	0.12564674023713	0.712972541388049	0.947668864086448
PPFIBP1	0.0011042440118274	0.997782333438113	0.99966869775948
ZC3HC1	-0.831634449000944	0.165543392013634	0.838408777802201
COMMD2	-0.983361953713608	0.205428072091118	0.838408777802201
DDX42	-0.0185413005598356	0.959278010200262	0.988729528057288
SPATS2	-0.342846543545846	0.606773588919344	0.925439067339791
CACUL1	-0.305067795230933	0.497052300881444	0.903834293136718
DNAAF5	0.335571608080599	0.299049179430154	0.849112631004594
HPS6	-1.63900868740655	0.195480246928565	0.838408777802201
IRF2BP1	0.417769495678204	0.613642723905785	0.926800418595298
ERC1	0.0727606506549066	0.887590766907048	0.982071173595517
PLD3	-0.108010765891549	0.728474386309006	0.948752495289315
ERI1	-0.422574662128763	0.191465410891534	0.838408777802201
AHNAK2	0.144969018771071	0.580832160781881	0.919189637338942
KSR1	0.158373048987382	0.731521373907185	0.949456149281781
MAP7D3	0.155143293053985	0.663605956013971	0.932900306216423
CHERP	-0.178417589923875	0.586479215508745	0.919189637338942
ANKHD1	0.213196371895179	0.584412079165598	0.919189637338942
NELFCD	-0.23782566450155	0.520903823901489	0.909907283155542
GPALPP1	-0.140120130176637	0.713798571884771	0.947668864086448
DDX60	-1.19749807680984	0.0790586466150645	0.838408777802201
TRMT2A	-0.176424642358899	0.701244909934671	0.946124084832493
XRN1	0.263990150288517	0.496507920676926	0.903667035582833
PELP1	-0.0942796489183202	0.812753942411262	0.96677741715059
ABI1	0.2877035016398	0.416489870380091	0.877843438571155
SPART	0.857442948576399	0.104002947854765	0.838408777802201
SPICE1	0.0272492154343666	0.952669841336521	0.987656422904057
RPTOR	-0.264697500529998	0.605933397370379	0.925439067339791
CCAR2	0.0332888062473486	0.920842392466493	0.983980948840568
VPS52	0.809509733089197	0.0948454120959353	0.838408777802201
NUP93	0.21933439994611	0.454738331661211	0.890888235752981
CMTR1	0.439939064453505	0.470354545386917	0.89521982316376
LRRC47	-0.192040842548053	0.549939822294764	0.919189637338942
ARHGAP18	0.665562755504411	0.189447074556581	0.838408777802201
ASCC3	-0.969164386150489	0.392228478978118	0.874719674602425
EHBP1L1	1.05687579227929	0.142324589905992	0.838408777802201
PALS1	0.636407023782063	0.12588583263662	0.838408777802201
FNBP4	-2.57734058454379	0.0416183523617927	0.838408777802201
CARNMT1	-0.141909853022366	0.906092682496728	0.983980948840568
RPP25L	-0.251062532628936	0.617522324825201	0.926800418595298
RFLNB	-0.649337643447826	0.232978500197194	0.838408777802201
ARFGAP2	0.891052992708801	0.176543071785135	0.838408777802201
OTUD6B	-0.823029880236806	0.186570461096917	0.838408777802201
METTL13	-0.0547214595768004	0.868032667437278	0.977668594985037
ARFGAP1	-0.0835914735404195	0.904395277598817	0.983980948840568
PAF1	-0.275913675170219	0.450155469595873	0.890046217061518
CGAS	-0.754255379047617	0.0278447848668378	0.751621050966332
ASCC1	-0.301043326716776	0.661853701694045	0.932900306216423
LRRC57	0.987450612291347	0.0105544823960132	0.491939269098062
MLKL	-0.199603805072122	0.527798675111784	0.911122146630183
AFG2A	-0.185398648122167	0.535014283559398	0.912463505130523
SUMF2	0.217393343077653	0.461120886948675	0.892226733964463
TXNDC5	-0.251214254603898	0.604913181522827	0.925202205277065
SPC24	0.317816490712605	0.475185867744614	0.89639214305973
SERBP1	-0.0684108734590438	0.930520447765174	0.98495930224904
FAM98A	-0.332396595257055	0.333860455347139	0.865835346529172
NFATC2IP	-2.24428277864681	0.0115226968154909	0.50855489446522
TENT4B	0.603876398687994	0.358445377024869	0.868813649699876
ABCF1	-0.421132255412797	0.3971515331733	0.874719674602425
PIK3C3	-0.0798702959473339	0.821122695071973	0.969863168026033
SHCBP1	0.451381213184717	0.162238252697164	0.838408777802201
NAV1	0.538229119552756	0.123236013298813	0.838408777802201
LPCAT1	0.244381934315008	0.384975246208374	0.874719674602425
FLAD1	1.50888836064874	0.00196395134158013	0.212053665124665
NUP43	-0.0881866109058862	0.849464638773282	0.976435760521416
NUP37	0.256921642326652	0.538357551517072	0.913579682806442
CMAS	-0.687899024005073	0.28428757818903	0.838408777802201
KNL1	0.00697239197309329	0.995526322784325	0.99966869775948
MOSPD2	0.352459297637978	0.298290280268599	0.849112631004594
RASSF8	0.0716050175442007	0.83016115840923	0.973137874631215
NEDD1	-1.9672492490118	0.0488849558115022	0.838408777802201
CDC26	0.220044704680635	0.561847984148691	0.919189637338942
PATJ	0.0291214740671215	0.952286332476074	0.987656422904057
WDR36	0.13032898239382	0.656853916935785	0.932900306216423
NPLOC4	0.0549461871765153	0.874803618604788	0.978248242441633
FBXO30	0.325686493179472	0.522657474338206	0.91092876458026
ZCRB1	0.031270723844905	0.928521137244404	0.984459114461622
TMEM167A	0.460933331050015	0.350461409536422	0.868813649699876
PIP4K2C	0.313169968484392	0.525190489658644	0.91092876458026
TBC1D15	0.477591562378841	0.556042038230099	0.919189637338942
IFI44	-0.245078811499777	0.717559366896373	0.947668864086448
CIP2A	0.416952419394576	0.529219279991942	0.911122146630183
ALMS1	-0.303671265930788	0.553685919047302	0.919189637338942
URGCP	0.182531368307096	0.640639322683414	0.928633097301535
BICD2	-0.743121545217367	0.236322769352171	0.838408777802201
NEK9	-0.0233096759390037	0.963137182285563	0.988749120842768
BRIX1	0.539270233826958	0.0905037551477934	0.838408777802201
NEK7	0.556014566451395	0.112583560218503	0.838408777802201
DTD1	1.55922296748178	0.00875190887469018	0.480818390546225
UTP15	0.284764493878193	0.590082183036982	0.920716598186894
CEP192	0.833963004600889	0.142712692883407	0.838408777802201
GEMIN5	-0.309712860375036	0.314082361124507	0.858170206834535
ARHGEF40	-0.498969865743287	0.118899383468584	0.838408777802201
PARD3	0.419627465277561	0.277383432544448	0.838408777802201
IPO4	0.408197874795498	0.326576201279737	0.860680289246286
PPP4R1	-0.34309136648049	0.202547104971325	0.838408777802201
SCARB1	0.152641709278519	0.711516460273755	0.947668864086448
SMAP2	2.23498329045664	0.0275467511563045	0.748634495710453
ZC3H15	-0.879332118610023	0.0436064997728522	0.838408777802201
GTF3C2	-0.138403537985099	0.724352554788616	0.948292520425308
CCDC12	0.408017569543247	0.37445496062851	0.874118525167114
PPP1R13L	0.434368365272022	0.187280169950963	0.838408777802201
TMEM263	1.24140364256658	0.00236548929920753	0.242311019239335
NUP133	-0.19569287884644	0.635164745390288	0.92686461546912
PDCD6IP	-0.294709040727945	0.625478504181617	0.92686461546912
CHMP7	0.407198651842148	0.254405801978041	0.838408777802201
CHTF18	0.288918018170051	0.593980866590704	0.923328234252865
NUDCD2	0.750475858655285	0.321968514405359	0.858492250068138
SNRNP27	-0.0627780733255285	0.80446432391351	0.964514430963115
SCFD1	-0.00559953805148439	0.985786349743345	0.997016827145484
PCNP	-0.566896349538609	0.39821663146414	0.874719674602425
TRUB1	-0.164828665578423	0.666735060497308	0.934160859797058
LMO7	-0.0172343009139837	0.960455171218523	0.988749120842768
ATXN2L	-0.139011930935059	0.717800753281582	0.947668864086448
PRPF31	0.614975271793547	0.0489454536943624	0.838408777802201
NELFB	-0.820702439104963	0.0671275492537694	0.838408777802201
PALLD	-0.650907675839168	0.250696466522119	0.838408777802201
GEMIN6	0.422060347865109	0.56732436584816	0.919189637338942
MYO3B	-0.156379694462629	0.681006187391854	0.939341508094376
DNAJC9	0.266284724569608	0.453231115409299	0.890888235752981
CTNNBL1	-0.836374709979633	0.106743485245006	0.838408777802201
DDX1	-0.011621043031667	0.972591930822373	0.99271966367792
SEC14L1	-0.33033427620213	0.354416278905394	0.868813649699876
GBF1	0.244624676108447	0.490402137961514	0.900508622740588
RTF1	-0.072797397871085	0.799811486912076	0.963653639671684
AP3S1	0.835162468650804	0.163543823574805	0.838408777802201
TSC1	1.4132615500451	0.108472062085797	0.838408777802201
HSPH1	-0.135618162968264	0.856265343155771	0.976435760521416
CNOT9	-0.370048359007129	0.21525964061425	0.838408777802201
MYO18A	-1.04093833189439	0.117057952382747	0.838408777802201
LARP4B	0.430424665218464	0.487029749580473	0.8999462763987
GCN1	-0.337499955900988	0.431346447119317	0.885068852717858
DHX38	-0.173552905129874	0.614854709395357	0.926800418595298
NUP205	-0.0759820639472473	0.862968302698346	0.976985485113131
ANKS1A	0.0240867290029882	0.949781194258154	0.987656422904057
PRCC	-0.333812698216558	0.574339186091715	0.919189637338942
ARPC1A	0.130305694293938	0.854497302401364	0.976435760521416
HDAC2	0.184503562363968	0.62775285975406	0.92686461546912
DDX17	0.204880257295422	0.565665279421432	0.919189637338942
RAD50	-0.120872004170089	0.724273752432587	0.948292520425308
ARHGEF1	1.03888481399555	0.253034152700383	0.838408777802201
ERCC4	-0.476086198019868	0.383581978999085	0.874719674602425
UFD1	0.0915253849743713	0.742239466579705	0.952170358699208
UPF1	-0.169017079288896	0.715131982976198	0.947668864086448
COPS5	-1.10595600723479	0.0402455882977948	0.837401694008804
GPKOW	0.578093803257872	0.52098696275669	0.909907283155542
SMARCC1	-0.419047299249058	0.17997144840366	0.838408777802201
KHSRP	-0.811861922421844	0.194779652685895	0.838408777802201
TNPO1	0.426014997656623	0.322670285612242	0.858492250068138
ARHGEF2	-0.109592404786994	0.731758569121052	0.949456149281781
EMG1	-0.365476032239393	0.3707702024127	0.87342211623623
CLP1	-0.293781189394863	0.294123203941256	0.845619589848614
GLMN	0.0640618690340489	0.912578993765464	0.983980948840568
USP9X	0.653734218499675	0.152125116487714	0.838408777802201
USP7	-0.13855753654294	0.736903281751405	0.950709409929717
RBPMS	-0.440206177348241	0.323741309655553	0.858492250068138
RFK	0.404576155610737	0.258837609523681	0.838408777802201
LSM10	-0.0762201368812399	0.886799270433946	0.982071173595517
ZNF622	-0.0962385219735467	0.856623863342342	0.976435760521416
SYAP1	0.919469388243826	0.0171562898938884	0.60806591305621
EXOC4	0.139830427050697	0.641236224126617	0.928633097301535
MAGOHB	-0.0432580338760751	0.91035768380745	0.983980948840568
FERMT2	0.298997364853598	0.482157372170587	0.898947028406905
FUBP1	-0.0869587090648274	0.899844194295045	0.983759662064354
VPS33A	-0.121448972269885	0.783305280307369	0.962199632352588
AKT1S1	0.440625522981378	0.360784881596821	0.868813649699876
ATG2B	-0.288921525763584	0.791132249794527	0.962199632352588
LENG1	0.524915296549047	0.253911838018392	0.838408777802201
CUSTOS	-0.0962538651647264	0.794548998796147	0.963227069461203
GRAMD1A	0.264156374839779	0.641667774076891	0.928633097301535
HAUS1	-0.16965423043408	0.864361145213681	0.976985485113131
CCDC124	-1.12545035548094	0.0712924573126086	0.838408777802201
AP2M1	-0.274206616991354	0.404351995137881	0.875658027259549
TUBGCP3	-0.239779287565767	0.675825837496194	0.937473687776838
NMD3	-1.62002478005646	0.124426869953131	0.838408777802201
REPS1	0.60023511598672	0.396506433018023	0.874719674602425
MSI2	-0.118641037826769	0.681742316772852	0.939341508094376
SNRNP40	-0.0369173085021544	0.900171453030307	0.983759662064354
RMC1	0.182160582632065	0.584094926621552	0.919189637338942
SPDL1	1.27846858797845	0.045686301619363	0.838408777802201
SEH1L	-0.0187679926239781	0.962729126283429	0.988749120842768
GNPNAT1	-0.737066041175964	0.204180416234493	0.838408777802201
KTI12	-0.0462921772016003	0.897569402821536	0.983088412441828
MOCOS	0.960313399071243	0.0935971198788006	0.838408777802201
DAZAP1	-0.699341346368627	0.263737899100777	0.838408777802201
SAAL1	-0.0438048702490903	0.923800903829813	0.983980948840568
MVB12A	-0.195800071624237	0.636247537375878	0.926986604753534
CYFIP2	0.0749735399274272	0.836183288251547	0.975400181705309
CCDC97	-1.25610191249776	0.0322287235304895	0.795984151323068
EDC3	-0.192640892780574	0.512798776864155	0.909317189912649
S100A16	-0.119637397869898	0.755817366105686	0.956351063784754
SIPA1	0.218791354740198	0.778992904405576	0.961122248352647
OTUB1	0.912722308744247	0.0699353033969381	0.838408777802201
CHMP6	-0.495484632390514	0.522804349902909	0.91092876458026
DUS3L	0.957417452898571	0.102338711565187	0.838408777802201
TOE1	-0.0361573760093314	0.935712095354125	0.986584803626215
PDLIM5	-0.87049131809524	0.0338968250984039	0.795984151323068
NAF1	-0.0489670365918684	0.941456798670866	0.987471667580594
GMPPA	-0.157634588692815	0.804863665623122	0.964514430963115
NGLY1	-0.852758510743492	0.0297389738814401	0.771475328937359
PAWR	-1.66552399558142	0.0104505653006817	0.491939269098062
ITCH	0.341273903722133	0.478610102547211	0.896806821647279
VPS50	-0.0831324921195815	0.866846130074761	0.977434459398439
ELMO2	0.0317604941414942	0.940560710263291	0.987471667580594
BTF3L4	-0.0329303824222968	0.923903613245811	0.983980948840568
USP47	-0.168295223521007	0.810663382429248	0.96674633218055
PBK	0.544622888169826	0.219719324027562	0.838408777802201
SCYL1	-0.00366652259121736	0.995250305496962	0.99966869775948
EXOC2	0.126631327678574	0.653993706348519	0.93240368475443
ZFR	-0.343822303467967	0.339552157258066	0.865835346529172
TRIM47	0.440527724899834	0.256004715060931	0.838408777802201
DOCK7	0.356258643231673	0.265290672095887	0.838408777802201
ZMAT2	-0.0199296462158713	0.955234192559914	0.987656422904057
SAMD11	-0.0828166840507123	0.786006767242116	0.962199632352588
NSUN5	-0.0304206296979075	0.94871038307146	0.987656422904057
RPRD1A	-0.118135892741613	0.724624286944128	0.948292520425308
ARAP1	0.817421532502859	0.166710996963902	0.838408777802201
IPO9	-0.177911242439144	0.714677203826525	0.947668864086448
RBM14	-0.415857131939561	0.229466410430265	0.838408777802201
FMNL2	-0.152110959705212	0.890754267232316	0.982214545292052
PUS7	-1.22567508726593	0.102108492417483	0.838408777802201
TRNT1	-0.283183326822908	0.630792066237322	0.92686461546912
SMG1	0.689692192880578	0.452569107220666	0.890208559008646
DEPDC7	-0.910176895656292	0.191267139474386	0.838408777802201
VPS35	0.00709980637154928	0.989661145020339	0.997927533042108
SPAG5	-0.183488197982115	0.864171626666767	0.976985485113131
NACC1	-0.330008457863869	0.372492541946404	0.87342211623623
TGS1	-0.297777599778627	0.45593697531833	0.890888235752981
NUDCD1	0.0345128201911891	0.93470237184881	0.986359638067722
ERBIN	0.408985182071742	0.414130045863098	0.877843438571155
WRNIP1	0.773171537921055	0.032431566574018	0.795984151323068
SRPK1	-0.586471529757961	0.323408971430478	0.858492250068138
CDK5RAP2	0.128523989580817	0.708537495445927	0.947668864086448
IWS1	-0.524758764044282	0.124465634320325	0.838408777802201
OSBPL9	-0.351836937042233	0.351785076054427	0.868813649699876
SPEN	-0.264038682929872	0.317918791689848	0.858492250068138
MMS19	1.06260547882997	0.223705584554005	0.838408777802201
NIBAN2	0.614308593748678	0.419095608925864	0.878547443842001
TCF12	-0.455771848866593	0.423884136987566	0.881070305549077
MYCBP	-0.133074096334443	0.63203276613647	0.92686461546912
TBCB	-1.05504851042534	0.125998030672096	0.838408777802201
CNN2	0.0850310390917279	0.909514917163797	0.983980948840568
PSMD1	-0.100377710457476	0.775396212235769	0.9607643746504
PARK7	-0.0389020631899655	0.912374055997011	0.983980948840568
GAS2L1	-1.02361895316187	0.197140549462359	0.838408777802201
VAT1	0.589324953493982	0.138894822663323	0.838408777802201
DNAJC2	0.204526278444892	0.777378089403561	0.9607643746504
NUP88	-0.113099514096696	0.680734255912173	0.939341508094376
PIK3R4	-0.0679609433849713	0.853919924553233	0.976435760521416
POP1	0.218853442019775	0.458866892814434	0.892226733964463
S100A13	-0.287888020016098	0.492741054050719	0.901328072771347
TTC1	0.0745917575744031	0.855406734755005	0.976435760521416
DNAJC7	0.0503066693907286	0.849914332914796	0.976435760521416
C12orf57	0.430247765189876	0.206025148171491	0.838408777802201
COPS8	-0.983649671527722	0.0611431560682254	0.838408777802201
CHP1	0.285759034655165	0.618581528661821	0.926800418595298
KIF2C	-0.205032326618554	0.6032609198067	0.924957720307214
MTR	0.791411210877648	0.0438968479103531	0.838408777802201
HNRNPAB	-0.214206382207973	0.44593394702183	0.890046217061518
NAP1L4	-0.307255446849776	0.483175963773578	0.898947028406905
OLFM1	-0.389421958874575	0.547344528527589	0.919189637338942
TSG101	-0.149882479638869	0.670052266419975	0.934657403752723
CPNE1	0.18828377623117	0.649264156025773	0.931988149191127
CCT7	0.395136681219181	0.285027714789002	0.838408777802201
PRMT1	-2.12191973105048	0.139336119074811	0.838408777802201
BAG1	-0.157274892597286	0.798282742746937	0.963653639671684
SH3GL1	0.513165588200842	0.178852552183493	0.838408777802201
AKAP9	0.0502790019130153	0.925114504091407	0.983980948840568
NCAPG	-0.144099314486549	0.676212099005486	0.937683906812536
ARPC5L	-0.363939422020557	0.25071712121438	0.838408777802201
RBM4B	-0.00381658054187284	0.991513915923738	0.998512249587933
ELAC2	0.744323120598587	0.0339147089297884	0.795984151323068
TRIR	-0.826813289966125	0.144041091705734	0.838408777802201
GRWD1	0.15046656827047	0.602383993103714	0.924957720307214
MACROD1	0.539554362261487	0.22196364800205	0.838408777802201
CMSS1	-0.251534118507983	0.660802838343154	0.932900306216423
WDR77	-0.00197565006443412	0.997362312818688	0.99966869775948
MYBBP1A	0.0213913171708313	0.9427613663107	0.987656422904057
ACBD6	0.161578793366147	0.658146351240067	0.932900306216423
VPS25	-0.648948666417809	0.0844597098384103	0.838408777802201
CHLSN	-0.051153908700897	0.901080161370406	0.983759662064354
AIFM2	0.184692146561929	0.733569881725909	0.949907266021237
RIOK1	-0.487222439039012	0.290863854704937	0.844990073643439
LLPH	0.0299016588050378	0.965925117227002	0.989961735074878
PELO	-0.91639292342456	0.0967703700650128	0.838408777802201
GINS3	0.460845541291246	0.265054974682551	0.838408777802201
NTPCR	0.166764993801998	0.671137556996367	0.935461124355417
TUBGCP2	0.0421549208898924	0.918481733712605	0.983980948840568
ESYT1	0.278319412605988	0.443677690806371	0.890046217061518
UBAC1	0.102790237992046	0.912838440013107	0.983980948840568
TSEN34	0.111417079804248	0.784940663673842	0.962199632352588
HAUS8	-2.09000098165577	0.0375506167917504	0.827588801572713
COPS4	0.346646082536388	0.429985744420624	0.884548428918843
RBM42	-0.229650816715097	0.601317970050091	0.924957720307214
AARSD1	-0.830497771458035	0.306012116350255	0.853660294452216
DCUN1D5	-0.53801925158653	0.169164942035113	0.838408777802201
ANP32E	0.629151101261449	0.179917497887415	0.838408777802201
TBCD	0.991121610149083	0.211704883787534	0.838408777802201
HGH1	-0.0125377678163083	0.97116351081778	0.992022046974439
DOHH	0.143366197037206	0.718278080567122	0.947668864086448
TUBB6	0.963889699683936	0.238340649461732	0.838408777802201
POLR3C	1.87135349151074	0.0271928987051968	0.748634495710453
HNRNPUL1	0.0817154303480834	0.762213431664642	0.957613277814578
PDCD10	-0.80560496723276	0.164755104496158	0.838408777802201
RPP25	0.144655019979673	0.710773561830603	0.947668864086448
EFHD1	-0.266196144749721	0.588158536657753	0.919923242186874
DDX23	-0.232704833449251	0.45089755357082	0.890046217061518
WDR18	-0.106220950593798	0.776975757330336	0.9607643746504
THUMPD3	0.336664124788513	0.580608539528565	0.919189637338942
CEP250	0.0792285178345367	0.862400932954281	0.976985485113131
NTMT1	-0.0227310756889203	0.949767590278793	0.987656422904057
DSCC1	-0.579045878363182	0.0464503032129112	0.838408777802201
KIFC3	-0.12030501835924	0.720041877325766	0.947668864086448
TMED9	-0.216729933880096	0.4371974418462	0.888741015779062
GNL3	-0.263987137968982	0.349530782941946	0.868813649699876
AFG2B	0.315778644487427	0.376802377304563	0.874719674602425
RIOK2	0.600461019705616	0.217299335750581	0.838408777802201
NUP85	-0.193473883417425	0.650175462276764	0.931988149191127
TARS2	0.346749216205453	0.316959540506547	0.858492250068138
RBM4	-0.0264095653755874	0.923710946692286	0.983980948840568
SLC4A1AP	-0.373347147651611	0.592773359924628	0.922528076703892
OSBPL10	1.50806351495057	0.0426762755580647	0.838408777802201
NAA15	-0.228531722472617	0.711224193117518	0.947668864086448
SRRT	-0.933808366692599	0.124360123992929	0.838408777802201
AP1M1	0.700009806768644	0.200273136161932	0.838408777802201
NUSAP1	-0.622235621682918	0.102587310387888	0.838408777802201
FANCD2	-0.553248205326959	0.322706762781512	0.858492250068138
RTF2	-0.31795181872257	0.416816580878562	0.877843438571155
CHMP4A	-0.755042996374485	0.298635882761041	0.849112631004594
EIF2A	-0.162647306937888	0.752117432505503	0.954178832283101
NIFK	0.261626543575044	0.363457063995862	0.868928015596427
YTHDF1	-0.235144263001111	0.519892421346881	0.909907283155542
CEP41	1.03630140636291	0.0732619972188578	0.838408777802201
TBC1D2	-0.459727704608529	0.302271620928889	0.85177147413692
NUF2	0.0762060105389502	0.780517535945739	0.961507109498374
GTPBP4	0.25817271624641	0.44488013929524	0.890046217061518
WDR11	-0.158249297047675	0.760880688522652	0.957613277814578
TBL1XR1	-0.115044165314735	0.768583967512492	0.960467335087765
ULBP2	0.268260571176839	0.564261377820085	0.919189637338942
UCK2	0.277763360360456	0.514345469323756	0.909317189912649
API5	0.501786372832211	0.0821356194886494	0.838408777802201
DPY30	-0.85009348637584	0.165601067319841	0.838408777802201
TANGO6	0.53979816550159	0.270037436386515	0.838408777802201
TNKS1BP1	-0.427792061676289	0.231605967785009	0.838408777802201
TANC1	-0.5232180895906	0.171578672286153	0.838408777802201
CEP44	0.0810573285775575	0.813627204672125	0.96677741715059
WDR12	0.212269845580245	0.479893411451138	0.897553454469707
ACTR6	-0.0438636986838361	0.921494684258113	0.983980948840568
ADISSP	1.15258364078999	0.00570709318409346	0.407139951258096
IMUP	-0.575088398279128	0.105403135645307	0.838408777802201
DDX24	-0.434829485546995	0.187188819512959	0.838408777802201
SKIC8	0.0431453380866209	0.914794749488057	0.983980948840568
EGLN1	-1.43470793363294	0.000551634272996992	0.0918241216926243
UBA5	0.167123906532233	0.788977576629801	0.962199632352588
MKRN2	0.52111342445945	0.132813147032457	0.838408777802201
COMMD4	-0.613615236191805	0.220550695829237	0.838408777802201
KLC2	-0.552868453456163	0.294144008823576	0.845619589848614
XRN2	0.332587275538334	0.344579484673135	0.867104478904799
CSTF2T	-0.514082273474344	0.34782464477501	0.867390421895235
NT5C3A	0.0701458296933311	0.861494992850898	0.976985485113131
DDX47	-0.663812369092057	0.0374604051701209	0.827588801572713
RAB1B	1.89443728376079	0.0184102827773099	0.615967064643753
TSPYL1	-0.499988486019859	0.483417570458045	0.898947028406905
SMG9	-0.458099453948584	0.309771993964582	0.856329575412609
ANAPC1	-0.99554359326401	0.0566827882440104	0.838408777802201
ASCC2	-0.332179372146641	0.736144463965624	0.950516203472097
EHD4	0.0371831428795915	0.921765859621817	0.983980948840568
VPS16	-0.167900374035376	0.621773928556032	0.926800418595298
SLK	0.224710371600693	0.495606923834036	0.902849822488361
PPIL3	0.01946612546217	0.947038379550195	0.987656422904057
RAB3GAP2	1.85037065823082	0.0295490698145986	0.771475328937359
DHX36	-0.236053990953589	0.588387502262833	0.919923242186874
BOLA2	0.925390613574535	0.230296351225626	0.838408777802201
TXNIP	0.157343300397631	0.625214077165378	0.92686461546912
NELFA	-0.762813960337812	0.0387414945625747	0.827588801572713
CENPH	-0.0581960932975178	0.904783667949086	0.983980948840568
PTPN23	1.41772740820169	0.0309300397201257	0.790690144273072
UNC45A	-0.0845483432374223	0.787575880362257	0.962199632352588
DSN1	-0.488992802328287	0.554878543449083	0.919189637338942
CHMP4B	-0.580332396929609	0.267578094221806	0.838408777802201
WNK1	-0.199732031915705	0.609435623394348	0.926800418595298
RNPEP	-0.106869044850143	0.921340650750417	0.983980948840568
GOLPH3	0.0897355490647804	0.789876439672992	0.962199632352588
EPB41L1	0.518405174923323	0.36273614931102	0.868813649699876
FAM83D	-1.07562775867495	0.162000731160387	0.838408777802201
SMARCAD1	-0.852545886322307	0.0854059298867734	0.838408777802201
EHD1	0.587410654823707	0.240245752037332	0.838408777802201
HEATR1	-0.138870462387093	0.839968579180869	0.975848749063979
STEEP1	-0.0736407094710572	0.812871686453292	0.96677741715059
HAUS4	0.0286003082811916	0.937652292357332	0.987471667580594
REEP4	-0.427668418799577	0.465222546520946	0.892226733964463
YTHDC2	0.0200668153294359	0.958573179362603	0.988441515024069
EPS8L2	-1.01657727003125	0.380082886405317	0.874719674602425
RPAP3	-0.460944258820032	0.152367566694004	0.838408777802201
WDR55	0.0895238107952032	0.753857337616104	0.954870026561932
DCTPP1	0.284817586477114	0.624184574296184	0.926800418595298
RPF2	0.149189709850255	0.746618735714105	0.953483549286933
DOCK5	0.229982648438206	0.710866656751291	0.947668864086448
C8orf33	-0.323845685319064	0.525242725679528	0.91092876458026
PHAX	-0.258722493986959	0.388397872089754	0.874719674602425
TUBA4B	0.553289788575892	0.237550126828071	0.838408777802201
ANKZF1	-0.232052549168635	0.682436824474627	0.939341508094376
ZWILCH	0.783446419946912	0.0936313262101697	0.838408777802201
CNOT10	0.0265989230683346	0.933412808871586	0.98572143046312
LRRC40	0.169703649174135	0.695802818085391	0.943554822487852
ACTR5	-0.159559787424882	0.669829251978684	0.934657403752723
ELP3	-0.49066093190126	0.327333064571161	0.860680289246286
POLR1B	0.0888974630494879	0.874918822544499	0.978248242441633
C17orf75	0.601462024377561	0.264718524607863	0.838408777802201
UPF2	0.08577469973185	0.841020668913749	0.975848749063979
XPO5	0.0201839463967026	0.94955690614927	0.987656422904057
CLSPN	0.605693808756037	0.204962810457421	0.838408777802201
PLEKHA2	0.22618292354429	0.414299392055952	0.877843438571155
CACYBP	-0.29399871608301	0.444049049627115	0.890046217061518
RRAGC	0.584721054443932	0.268863903548124	0.838408777802201
PARVB	-0.247414813493172	0.4444010171328	0.890046217061518
SPC25	0.22766935095348	0.618341488935655	0.926800418595298
TANC2	-0.680717539546293	0.277157024067628	0.838408777802201
MOV10	-0.150653458938585	0.664124940742875	0.932900306216423
RAVER2	-0.144061170103797	0.651270636936877	0.932121198811951
XAB2	-0.0216503862433619	0.938347157280382	0.987471667580594
GOPC	1.15530490156907	0.282631757857104	0.838408777802201
CHMP1A	0.159206454300492	0.786485725334718	0.962199632352588
MYO10	3.21356976610388	0.000244319076017551	0.0534814807559527
WDR6	0.886885349771998	0.0680000329175442	0.838408777802201
RAB18	0.256909334271135	0.505528603822656	0.909178388903741
SSU72	-0.0144635080429474	0.963954882739576	0.988749120842768
VTA1	-0.0857784675389084	0.946941914400119	0.987656422904057
ENY2	0.27748491090086	0.37712226491227	0.874719674602425
EXOSC4	0.0365062376633674	0.889413899751915	0.982071173595517
UBE2T	-0.158810748803855	0.796322499102712	0.963653639671684
NOP10	-0.0247469178746087	0.939773253299842	0.987471667580594
DCP1A	0.428834151187708	0.416478488131756	0.877843438571155
ACOT13	-0.219012734014623	0.797379175211841	0.963653639671684
MED4	-0.0620356940566182	0.853598816269873	0.976435760521416
RIC8A	0.702937847989329	0.150503594464058	0.838408777802201
LUC7L	0.587197381139308	0.148709025469698	0.838408777802201
JADE2	0.966077359742048	0.069036438989217	0.838408777802201
RTN4	1.06891905400441	0.131758502172311	0.838408777802201
RPRD1B	-0.497811173042269	0.128379053504349	0.838408777802201
EXOSC5	0.162204463882539	0.677861080273486	0.938667249806786
EXOSC3	-0.198524103416595	0.486827427427771	0.8999462763987
ANLN	-0.321622056222424	0.371543892603256	0.87342211623623
PDLIM7	-0.490040035841353	0.189776803353565	0.838408777802201
DDX21	-0.189304674677842	0.487350291096486	0.90012224361094
SAR1A	0.268127002158998	0.374352904389907	0.874118525167114
POLE4	-0.279868419993356	0.403632789639926	0.875658027259549
SH3GLB2	-0.324815268817321	0.572514116568137	0.919189637338942
EIF2B3	0.585009739348155	0.170408293659972	0.838408777802201
SPHK2	0.988070736571871	0.0119728814254855	0.50855489446522
POLE3	-0.363729142598441	0.38411753921145	0.874719674602425
CHRAC1	-0.393550309761043	0.197836132002694	0.838408777802201
STRN4	-0.517526026792297	0.461251309416635	0.892226733964463
UBQLN4	-0.43492156344179	0.184648720567644	0.838408777802201
VPS45	-0.217301164041569	0.510144353701023	0.909317189912649
PNO1	-0.13467064694164	0.661282739505029	0.932900306216423
HOMER3	-0.325530014005373	0.738169716745357	0.950860201283838
FARSB	-2.43974138821606	0.00529942864784284	0.399456932983626
SLX9	0.0217531786873479	0.939518091391317	0.987471667580594
DIAPH3	1.21305104427943	0.0347438725485251	0.795984151323068
ATG3	0.489349317592946	0.223111232284164	0.838408777802201
SMC4	-2.82529297840953	0.0928799246272524	0.838408777802201
OLA1	1.51690260567054	0.0743144908552107	0.838408777802201
RBM12	-0.460767757145206	0.326612163285642	0.860680289246286
TCP11L1	1.59715342642874	0.0991721434082598	0.838408777802201
STAU2	-1.06132446496937	0.340587575978975	0.866102715490774
LIN7C	-0.127691136724714	0.855685094349203	0.976435760521416
SPATS2L	-1.05520763113442	0.153079894239291	0.838408777802201
ABCF3	-0.00620704153321228	0.985552399668925	0.997016827145484
CYRIB	0.140741390777439	0.710314177708453	0.947668864086448
DDX19A	0.211518572222712	0.606509174825877	0.925439067339791
TDP1	-0.736577156807328	0.116608683829477	0.838408777802201
DCAF13	0.711404976640484	0.100803764046684	0.838408777802201
EXOC1	0.154753180043979	0.746810204431328	0.953483549286933
INTS9	0.69379967459178	0.174632388116377	0.838408777802201
PARVA	0.204666209765168	0.551942368877654	0.919189637338942
PANK4	0.600858971588043	0.223948160152733	0.838408777802201
INTS7	0.431646160489823	0.429543762801174	0.884548428918843
FANCI	0.0307997211637243	0.924045906838684	0.983980948840568
INTS13	-1.47581921821902	0.0185021396138299	0.615967064643753
GNL3L	-0.328424176585852	0.56292510399798	0.919189637338942
KLHL11	-0.132208955423806	0.742467084184487	0.952170358699208
ARMC1	0.300138048057434	0.462757866866508	0.892226733964463
SDAD1	-0.230405825301286	0.391545999965145	0.874719674602425
HAUS2	0.208346060021178	0.748077369629632	0.953900125014484
NLE1	0.0435967603384242	0.873564424056009	0.978168997574783
RBM28	0.201521731932196	0.512126257256021	0.909317189912649
RBM22	0.355108762013042	0.395493530533279	0.874719674602425
GPATCH2	-1.69356080975622	4.57650514934421e-05	0.0166210346105728
WDR70	-0.128443393039294	0.854413397119605	0.976435760521416
GID8	1.28257356870106	0.387660344730227	0.874719674602425
ASB6	0.21682707633979	0.626014968754293	0.92686461546912
HPF1	-0.437906297042002	0.500819776072705	0.905328056746813
UCKL1	0.493204584345524	0.510752713487046	0.909317189912649
DUS2	0.166588912330766	0.696917321461298	0.943554822487852
MIOS	0.623511497055546	0.221936293911157	0.838408777802201
TRMT1	-0.0576765599172937	0.912428678725038	0.983980948840568
GDAP2	0.496639521307866	0.376165072614902	0.874719674602425
GAR1	0.510756447485761	0.124779510629223	0.838408777802201
DDX56	0.000331503955354862	0.998918007873803	0.99966869775948
TERF2IP	-0.629209829966712	0.408256468992091	0.875658027259549
ABI2	0.661135480358677	0.25513929710697	0.838408777802201
BCLAF1	0.477781000981587	0.138282200927843	0.838408777802201
UTP6	-0.219252222741211	0.663519044809699	0.932900306216423
TMOD3	-0.454941155590657	0.360236951242658	0.868813649699876
RRN3	-0.0179149010085489	0.962235063879976	0.988749120842768
UBAP1	0.651018644876775	0.101224241663467	0.838408777802201
ACTR10	-0.406507679806111	0.305665535756325	0.853660294452216
C9orf78	-0.479623319721746	0.264257819648674	0.838408777802201
FAM120A	-0.191032634557764	0.624742133738672	0.92686461546912
UBP1	0.244840696382653	0.602594240675971	0.924957720307214
IGF2BP1	0.0664584988026036	0.895076592404662	0.983088412441828
HSPBP1	-0.442344931154366	0.574804386431335	0.919189637338942
MAT2B	0.210935395105047	0.57922325445502	0.919189637338942
MYOF	0.748102809444951	0.0795623080841339	0.838408777802201
EHD2	0.868926245216276	0.0848664186535676	0.838408777802201
NCKIPSD	0.175121315482013	0.610588834093609	0.926800418595298
OGFR	0.645885451373683	0.645534316547932	0.929671807717732
PALS2	0.738026522950875	0.194177222506628	0.838408777802201
CHMP5	0.273680915629477	0.613630329770863	0.926800418595298
COMMD9	0.555274017052763	0.279553214153881	0.838408777802201
CCDC59	0.0735862558407021	0.850124832666974	0.976435760521416
RAI14	-0.14607411577412	0.601085001356237	0.924957720307214
NHSL3	-0.461568005311292	0.139838648091297	0.838408777802201
ARHGAP23	-0.992168970072829	0.333686157354382	0.865835346529172
VPS18	0.985305994289337	0.0364139550395448	0.817268260578548
RCC2	-0.800016584092543	0.0838509669387546	0.838408777802201
DIP2B	-0.414601473514203	0.575991251142419	0.919189637338942
BCCIP	-0.605472015406022	0.0642602171803149	0.838408777802201
STK26	-0.00156933736893095	0.996569501652343	0.99966869775948
IBTK	-0.172232038771497	0.548361353148985	0.919189637338942
RRBP1	-0.112224988675521	0.794449469464965	0.963227069461203
CPSF2	-0.336598966752977	0.279429246168813	0.838408777802201
LARS1	0.101227783039676	0.763409254497781	0.957635977072818
KLHL13	-0.347058106980402	0.268857168944248	0.838408777802201
ANKFY1	-1.44092493739734	0.130182264089663	0.838408777802201
ATXN10	0.450208992065029	0.177384122676358	0.838408777802201
NCDN	0.213896980999358	0.797209858593995	0.963653639671684
EPS15L1	-1.04049180067597	0.140492069174894	0.838408777802201
ORC3	-0.490075284354848	0.1773758252045	0.838408777802201
COPG2	-0.221069755050742	0.526504560490528	0.911122146630183
COMMD3	0.216541396581249	0.499430399442455	0.904863694227939
GNG12	1.22539917197874	0.0181383073147298	0.615967064643753
MTRR	0.251599115776077	0.483025619943366	0.898947028406905
UXT	-0.992026498024323	0.0273730436264344	0.748634495710453
SPAST	0.66348008971131	0.144457613100414	0.838408777802201
METTL1	-0.645927744004993	0.398629727030954	0.874719674602425
GULP1	1.07517419237037	0.0332638920515212	0.795984151323068
VPS29	-0.334206774567093	0.661421911508459	0.932900306216423
EIF3K	-0.636088734086751	0.0970160863772128	0.838408777802201
UBA2	-0.248618098881931	0.703358473181388	0.947268433860589
CTNNAL1	0.0830365808178541	0.888778217499107	0.982071173595517
NXF1	-0.356624390084647	0.217783729468083	0.838408777802201
DNAJB4	-0.278568828040925	0.334553601325078	0.865835346529172
LRWD1	-0.78131839501134	0.117710653107623	0.838408777802201
ABCF2	-0.341288578530136	0.478155520999937	0.896806821647279
TUBGCP4	-1.58648991672082	0.0183839269062271	0.615967064643753
PARP2	-0.361557329035019	0.685174994446744	0.939341508094376
ZC3H7B	0.0909770266127481	0.806223041815182	0.964618464226311
ARMCX3	0.290115047685127	0.348360334995604	0.868184365756355
LIMA1	-0.40004209203309	0.306391025507785	0.853660294452216
SRP68	0.0590592987865257	0.873503252367836	0.978168997574783
CHORDC1	-0.106460998200678	0.790575286388334	0.962199632352588
TBK1	0.0416520330923298	0.928502724958796	0.984459114461622
SEPTIN9	-0.748133972852717	0.250280057031242	0.838408777802201
UBQLN2	-0.025494865649101	0.970170701124685	0.991541097884427
DDX20	-0.36392715561194	0.334212766429876	0.865835346529172
BAIAP2L1	0.457073788313831	0.305309551774332	0.853660294452216
SAP30BP	0.288583250418363	0.462964056041637	0.892226733964463
PFDN2	-1.10971798984367	0.0332181393178422	0.795984151323068
PUF60	0.106171917238715	0.696561837367448	0.943554822487852
EIF2B4	-0.624595988992859	0.0710948745329079	0.838408777802201
TRMT112	-0.300005544528222	0.313119263719624	0.858170206834535
XPO7	1.31340946746989	0.0251128469859878	0.737689880213392
VPS51	0.914474163125796	0.629088887573784	0.92686461546912
CNOT7	-0.0244833280602812	0.931527489259892	0.985554110061776
RABGEF1	0.241432431245055	0.562483598786457	0.919189637338942
DBNL	0.120785118661281	0.909763162351344	0.983980948840568
DCTN4	-1.56168669383673	0.189522529884784	0.838408777802201
CDC23	-0.0483349917290994	0.900646696303282	0.983759662064354
ANAPC7	-0.230889793641516	0.549205353815058	0.919189637338942
ANAPC5	0.367244159249498	0.280730115720287	0.838408777802201
ANAPC4	-0.299031832594167	0.693686553686111	0.943334534900865
ANAPC2	-0.122623967387568	0.68668870191862	0.939341508094376
HSPB8	0.236407992174648	0.790857576581603	0.962199632352588
VPS28	-1.1953062809253	0.108668859156003	0.838408777802201
LSM7	0.506291053052209	0.226159389329411	0.838408777802201
MRTO4	-0.0126434511028179	0.969599433595363	0.991541097884427
CPSF3	-0.336741173813948	0.468587530773969	0.892707289195043
PARP4	-0.270995913845745	0.379199092539739	0.874719674602425
RCOR1	-0.124209008658624	0.622695714086846	0.926800418595298
GTF3C4	-0.196500614483561	0.66867854712983	0.934160859797058
PACSIN3	0.263284542125554	0.337526040521511	0.865835346529172
ACIN1	-0.424445920633708	0.318912116986152	0.858492250068138
AGO2	-0.734579170975493	0.153364332842606	0.838408777802201
NUP50	-0.0681808736155247	0.871543497718622	0.978038279040981
BAG5	-0.319561719158209	0.397947665405378	0.874719674602425
RAB21	0.673035090034066	0.118476870635979	0.838408777802201
RAB22A	0.793879031452391	0.127930646431241	0.838408777802201
MCTS1	-1.38785359585739	0.0132204409787444	0.52815661710084
SLC39A10	0.749041395710602	0.386356888693006	0.874719674602425
CNOT6	0.417160684090657	0.510511345421687	0.909317189912649
ISY1	-0.362833407038039	0.418855667725431	0.878547443842001
HECTD1	0.373743025885833	0.351855434285638	0.868813649699876
CORO1C	-0.709305832558773	0.192101338573084	0.838408777802201
NOB1	0.244867374776401	0.39670206790367	0.874719674602425
AKAP8L	-0.21650590300472	0.449665849261024	0.890046217061518
MYO6	-0.397160587373151	0.266361162207451	0.838408777802201
DDX19B	0.218547969540019	0.763711695357696	0.957635977072818
PRPF19	-0.137090717424847	0.711839978324456	0.947668864086448
UBQLN1	0.983900123870036	0.134929367184102	0.838408777802201
NOL7	0.0451293426151125	0.883505289911123	0.980990448358793
VPS4A	-1.47365627228854	0.140254425209096	0.838408777802201
G3BP2	-0.26102861235043	0.517265881486996	0.909317189912649
STUB1	0.660201723298272	0.0440500126473804	0.838408777802201
MAGED2	0.0638173431532252	0.85951371950773	0.976865462022279
SNX6	0.106054601043944	0.844345955511858	0.976312141906239
DUSP12	-0.128267369800749	0.624126611064507	0.926800418595298
STX8	0.912687324162626	0.324215588655172	0.858492250068138
PSMD13	-0.12308749189328	0.651322036155957	0.932121198811951
FAF1	-0.447936068433833	0.381039674511199	0.874719674602425
PROCR	0.902988498807591	0.258698598744092	0.838408777802201
PPIE	0.0749233250368242	0.779205383298395	0.961122248352647
TIMELESS	0.597762928409374	0.374590967480876	0.874118525167114
COPS3	-0.530019923035688	0.234450729748436	0.838408777802201
COG5	0.295969418063034	0.538265917503294	0.913579682806442
MACF1	-0.677397886439273	0.263587237994573	0.838408777802201
CEP131	-0.406555008467972	0.347663932735584	0.867390421895235
TRIM33	-0.0935212292247449	0.776879486156545	0.9607643746504
EXOC7	-0.000859313521583971	0.998857823463369	0.99966869775948
USP24	-0.0667479019370951	0.798745714443035	0.963653639671684
DICER1	-0.623940817307442	0.416970143917265	0.877843438571155
SLC7A11	1.10883282742875	0.145253430989666	0.838408777802201
SHOC2	1.45535222917185	0.00836934489637542	0.480818390546225
SRRM2	-0.530672621617438	0.173703592567842	0.838408777802201
PA2G4	-0.705037019800137	0.303121489819483	0.852796022414671
BAIAP2	-0.0986800326344621	0.854273811115854	0.976435760521416
SMC3	0.214561414315533	0.702098806975274	0.946317386594541
CHMP2B	-0.644010816021449	0.100135049655318	0.838408777802201
GNE	0.35563066640335	0.267563941937197	0.838408777802201
RTRAF	-0.0430498511115651	0.929176326028505	0.984631146547447
RUVBL2	-0.319646609497667	0.414950036729353	0.877843438571155
PIN4	-0.176818508666898	0.687325777174397	0.939341508094376
EIF3L	-0.811895860203759	0.226047167691837	0.838408777802201
PLAA	1.39250941984249	0.182104450499485	0.838408777802201
RUVBL1	-0.354892581125771	0.289084193083333	0.841548193572257
NUDC	0.137904486827058	0.809264740194692	0.965636611522335
FARSA	-0.317595055594907	0.610934357389264	0.926800418595298
ASF1A	1.4841736477125	0.0445831760125336	0.838408777802201
DRG1	-0.353759546537887	0.387530272176691	0.874719674602425
TRAPPC4	-0.295562622239725	0.634266023397037	0.92686461546912
NCKAP1	0.893849540470409	0.136432250324029	0.838408777802201
EXOC6B	0.392761201706953	0.382976703459759	0.874719674602425
PALM2AKAP2	-0.125055615516906	0.837549732153319	0.975797952742056
AMOTL2	0.454798194521643	0.274438751968658	0.838408777802201
DIS3	-0.702606641216672	0.114790725306352	0.838408777802201
MRPS28	0.464902975182007	0.11853607139228	0.838408777802201
AP3M1	0.560136825005319	0.191536992986868	0.838408777802201
LEMD3	0.528218069498351	0.336748810060021	0.865835346529172
THRAP3	-0.323578543791644	0.408786538382743	0.875658027259549
WBP11	-0.419475932703818	0.296757435723803	0.84906730598382
NOP58	0.365099501468837	0.27387332662215	0.838408777802201
ZNF281	0.400121941639359	0.128412862756733	0.838408777802201
SUGT1	0.165495472704308	0.617989971042978	0.926800418595298
AAR2	0.740753424732404	0.352703971828485	0.868813649699876
NOSIP	-0.48815298113621	0.339411287873505	0.865835346529172
DERA	0.503738462039038	0.100848503150458	0.838408777802201
LSM2	0.118976318683409	0.66325136617504	0.932900306216423
CAB39	-2.46982006398296	9.3113848642936e-05	0.0309991521107108
LUC7L2	-0.490491487892811	0.139855941683308	0.838408777802201
SBDS	-0.117394217461115	0.812392913808348	0.96677741715059
EXOSC1	-0.295197499273119	0.402695204249648	0.875658027259549
SF3B6	0.107393908486078	0.701837043314338	0.946283829915889
RRP15	0.430225984159328	0.340059473698936	0.865835346529172
NOP16	-0.106618125411387	0.737483970305931	0.950709409929717
PPIL1	-0.189225821664792	0.501918468425121	0.906084175941419
FIS1	0.646179837475504	0.158898126600618	0.838408777802201
GOLT1B	-0.119188335010229	0.688721875954414	0.939700783619496
STRAP	-0.13900583511883	0.773235947206203	0.9607643746504
RTCB	-0.374704059150716	0.323454880211855	0.858492250068138
R3HCC1	0.163153178418867	0.577423729441718	0.919189637338942
RPL36	-0.199971260548807	0.579317861340347	0.919189637338942
CCDC9	0.172295618705409	0.668166393347138	0.934160859797058
SAMHD1	-0.817929030495574	0.124561518865194	0.838408777802201
FAM32A	0.311318802610224	0.313584093706497	0.858170206834535
PKP3	0.175858837878401	0.549731290599334	0.919189637338942
KNSTRN	-0.328174438595788	0.386437323250387	0.874719674602425
HBS1L	0.0356216004479535	0.951728990245978	0.987656422904057
TLN1	-0.500246924774906	0.318859943517013	0.858492250068138
MTCL1	-1.20440428754645	0.0538107605446904	0.838408777802201
DCAF1	-0.116752550476001	0.828083508564428	0.972942891675192
TCAF1	0.0307801635025235	0.917404678175902	0.983980948840568
USP15	0.534146290622232	0.491454548457399	0.900508622740588
FARP1	-0.712058103487585	0.210054106097888	0.838408777802201
TLN2	0.379878090827326	0.220190723187212	0.838408777802201
HYOU1	0.699851611700328	0.056883326933671	0.838408777802201
TELO2	0.460311678709502	0.460969326733021	0.892226733964463
LAS1L	-0.0267982950701864	0.947147071048197	0.987656422904057
LSM5	0.506177541132107	0.0714713362170644	0.838408777802201
LSM4	0.178580494891705	0.559036959184025	0.919189637338942
PRRC2C	-0.433241633014379	0.222507631004221	0.838408777802201
IFT25	0.626855633444066	0.333827874244543	0.865835346529172
PPME1	0.128479998775852	0.708803497287859	0.947668864086448
RBM7	-0.475764507083365	0.246931957605573	0.838408777802201
NUB1	0.184219848608635	0.777208967694477	0.9607643746504
YTHDF2	-0.550596503319277	0.113195839190057	0.838408777802201
NME7	0.0397849010920446	0.906149713187584	0.983980948840568
SUPT16H	-0.434743232033586	0.169520161444012	0.838408777802201
UCHL5	0.205703933536313	0.515597491363542	0.909317189912649
TNPO3	0.78287166248645	0.0968422113387995	0.838408777802201
GTF3C5	-0.0427450094349275	0.905738523577751	0.983980948840568
GTF3C3	-0.461744480589907	0.277052867306662	0.838408777802201
CDC42BPB	-0.154605558852435	0.910177641872071	0.983980948840568
RBM8A	0.712257861325156	0.163148531141947	0.838408777802201
FLVCR1	1.34849413627935	0.118010016433655	0.838408777802201
NUBP2	0.456394269753204	0.455592870817963	0.890888235752981
MRFAP1	-0.471671805562469	0.485798335699942	0.899751669504529
PUS1	-0.0839672958259996	0.746185433861607	0.953313338112286
FHOD1	-0.169183538257862	0.718964855760979	0.947668864086448
PSAT1	-1.2328764789382	0.00871665909834261	0.480818390546225
COPG1	-0.0422434724501031	0.897106215809685	0.983088412441828
CFAP20	-0.0768941137871622	0.801409379284118	0.963653639671684
SAR1B	0.119709668354389	0.849579845489963	0.976435760521416
MAD1L1	-0.13397923394426	0.714887433071578	0.947668864086448
BZW2	-0.692975788408347	0.192995192303751	0.838408777802201
DYNC1LI1	0.512545530989108	0.442525816986988	0.890046217061518
EPN1	-0.558883446346279	0.21868058147377	0.838408777802201
ROBO1	0.843094790353192	0.242479440663485	0.838408777802201
DDX49	-1.21359950746445	0.0468411157069635	0.838408777802201
FANCG	0.0861780992672507	0.934283158542456	0.986359638067722
POLR2D	0.685186446624368	0.18161902865298	0.838408777802201
KIN	-0.978959252779468	0.234930978266674	0.838408777802201
RNGTT	0.0183068881114146	0.961532953294558	0.988749120842768
RNF40	-0.32637047216453	0.282385228169131	0.838408777802201
MACROH2A1	-0.903633700988173	0.0895789634405594	0.838408777802201
CCNK	0.074929314046507	0.843939452843746	0.976312141906239
ARL6IP5	-0.0933995716920712	0.829665287162108	0.973137874631215
SMNDC1	0.0291569486077492	0.926997222981624	0.984459114461622
RSL1D1	0.285823250105093	0.400720319654448	0.875450131692735
PHF14	-0.291852696148652	0.348628595973141	0.868311247451806
EPN2	-0.518652443025452	0.113539889662017	0.838408777802201
POP4	0.402713203909403	0.470905462694734	0.8958415826026
GLUD1	-0.168352908980669	0.561105514595447	0.919189637338942
FYN	0.724084488808479	0.143266873007268	0.838408777802201
GNAI3	1.06097388348723	0.204697087925179	0.838408777802201
SNRPC	-0.422094829448788	0.217992945469439	0.838408777802201
RALA	1.21829615529733	0.125681982440079	0.838408777802201
P4HA1	0.45613706447562	0.176674241688487	0.838408777802201
CREB1	-0.569308761330504	0.277149125631114	0.838408777802201
XRCC1	-0.774382447112181	0.138764488926715	0.838408777802201
ATP2B1	-0.0467764240911031	0.904358496758115	0.983980948840568
RAB6A	0.0431795989314026	0.894622112783237	0.983088412441828
APC	0.694817776094226	0.254579724203167	0.838408777802201
PHB1	0.385375900675584	0.238991926110365	0.838408777802201
POLR2I	0.255867589452134	0.473449328124141	0.89639214305973
PBX1	-0.166094497757264	0.772606963149342	0.9607643746504
MDH2	-0.710772736575596	0.296907891479198	0.84906730598382
NCAPD3	0.0865675578315681	0.859109255280828	0.976865462022279
HSD17B4	-0.196646895738567	0.662120925144635	0.932900306216423
KPNA1	0.14208575589582	0.913953140633285	0.983980948840568
PMS1	-0.495694493018444	0.665402490989198	0.933493370764501
MANF	-0.374632382330869	0.40164109649092	0.875658027259549
MAX	-0.464443586868512	0.149796668505606	0.838408777802201
GNAI1	1.69842918366216	0.103449613368084	0.838408777802201
CDK17	0.468086929541951	0.266741463232896	0.838408777802201
TFAP4	-0.445783195112565	0.634713505992488	0.92686461546912
RING1	0.171735765022831	0.586001480951159	0.919189637338942
GTF3C1	-0.291254772603647	0.258828739973767	0.838408777802201
SRSF9	-0.125888411638932	0.632173972460201	0.92686461546912
DAG1	0.76365888190028	0.202174411679774	0.838408777802201
DHX34	0.158873814295298	0.792725701772182	0.963181015383171
HLTF	-0.293082916711697	0.477686931709787	0.89639214305973
SAFB	-0.340120529142311	0.272060895027971	0.838408777802201
RBMS2	-0.61032584174594	0.0843436132019847	0.838408777802201
NHERF2	-0.978988921624506	0.264631607845543	0.838408777802201
TRIP4	-0.401986213696389	0.306633923038531	0.853660294452216
CPEB4	0.0141947684941641	0.974866358040106	0.99373347356173
LARP7	-0.355010080173656	0.258125911353691	0.838408777802201
NCBP3	-0.172912226985609	0.553555243250911	0.919189637338942
CEP78	0.389038825452392	0.362307355445621	0.868813649699876
NOL9	-0.283336381625922	0.356168485196851	0.868813649699876
UBAP2	-1.09341376558056	0.219501524173318	0.838408777802201
UTP25	-0.35945045356614	0.194376095117699	0.838408777802201
RINT1	-0.865646419557542	0.305086789889421	0.853660294452216
RFWD3	-0.24700542966664	0.594987322381451	0.9241735431236
FIGNL1	-0.298615336367419	0.538106264193032	0.913579682806442
ZC3H14	0.380625502246936	0.166236190442899	0.838408777802201
VPS13C	1.98908368707576	0.114409368544102	0.838408777802201
TUBA1A	0.316179511779861	0.432161320732276	0.885376654525869
TRMT1L	-1.28166586124941	0.0608740431739728	0.838408777802201
WAPL	-0.120972932304753	0.651887592073675	0.932121198811951
ZNF598	0.498034305312615	0.613128862810037	0.926800418595298
NCAPG2	-0.126605419713336	0.642129840129739	0.928633097301535
MIB1	-0.101323956009743	0.764742121362704	0.958326466387705
WDR75	0.166686885187481	0.598172116299288	0.924957720307214
DHX40	-0.207612190239431	0.546900468900178	0.919189637338942
PHC2	-2.27976496618556	0.252607980975799	0.838408777802201
RAVER1	0.281159434362159	0.540310691629951	0.915800260102526
ASPM	-0.335295323822965	0.252391662563367	0.838408777802201
MIER1	-0.169121969550154	0.729596057221962	0.948772584123078
PLCD3	0.127536858923762	0.665880242378813	0.933493370764501
SPRYD3	-0.265539281716862	0.381574244570189	0.874719674602425
SVIP	0.539713930436992	0.308121456191421	0.854458957140774
DDX55	-0.0080967576676727	0.98380130652327	0.996775607294056
PPIL4	-0.247291032423576	0.554446907638498	0.919189637338942
HNRNPLL	-0.0398496516213491	0.870832911572624	0.978038279040981
DDB2	-0.758332636523303	0.152768601493583	0.838408777802201
GGH	0.335663582938061	0.400177972393362	0.875074511130077
CORO2A	-1.23620201332029	0.0168463988664906	0.60806591305621
SMARCE1	-0.544881789754587	0.181796515025133	0.838408777802201
CAVIN3	0.34004821849674	0.628305881601923	0.92686461546912
ERGIC1	-0.259667073803392	0.473057984390704	0.89639214305973
UTP4	0.364996119398818	0.33595022417724	0.865835346529172
LRRC59	0.0759138528865222	0.844585389727635	0.976312141906239
FKBP10	0.693589601635093	0.100315133732121	0.838408777802201
ESS2	-0.0283264447201894	0.946257951836381	0.987656422904057
LGMN	0.41230620670359	0.284022309388911	0.838408777802201
HTATIP2	1.20205477177908	0.127085692743026	0.838408777802201
NAT10	0.0693466599025534	0.78215041078691	0.962035372873677
TOLLIP	-0.25500277855555	0.420882533199174	0.879406757390534
SENP3	0.0540207895222125	0.853267686848157	0.976435760521416
CAAP1	-0.00139290322941221	0.996536823817864	0.99966869775948
ZCCHC17	-0.489555357729994	0.266411122867368	0.838408777802201
APOBEC3C	-0.07576406687744	0.82179149075965	0.969883901206736
BMP2K	0.154326278236763	0.633396463073815	0.92686461546912
MDN1	1.08869070502989	0.468491657241772	0.892707289195043
WRAP73	-0.0128053997121107	0.978688834330367	0.994240162964407
TFIP11	-0.969086083784632	0.22854834230112	0.838408777802201
HERC5	0.201074353591775	0.50759388909134	0.909317189912649
CNOT11	-0.37170709609812	0.493532707362813	0.901537798772033
RCL1	0.780822400732628	0.0709690772024697	0.838408777802201
NOC2L	0.0605577857186219	0.846996851782243	0.976435760521416
SNX9	0.49322436739827	0.485588091319086	0.899751669504529
UBXN8	-0.247178396307703	0.572320460270165	0.919189637338942
PGRMC1	0.0156586634119265	0.953868188362557	0.987656422904057
CDC7	0.468580213881886	0.234481506529541	0.838408777802201
GOLIM4	0.19788361206523	0.578403248178934	0.919189637338942
PLOD2	0.221734623356511	0.510014239102119	0.909317189912649
TNFRSF10B	0.755044659751455	0.185563005879144	0.838408777802201
MGST3	-0.149127309706561	0.71576437732928	0.947668864086448
CASK	0.464242772078318	0.503566199605941	0.907928362622422
PGRMC2	-0.067233093885342	0.816948208269989	0.968459374492168
P4HA2	-0.698784186079301	0.216486066955269	0.838408777802201
CYB5B	-0.633081493628005	0.220273022978066	0.838408777802201
HTRA2	0.679155877010082	0.406375640012144	0.875658027259549
OIP5	-0.299136664174597	0.486875151579642	0.8999462763987
PLRG1	0.0503442660837017	0.867887711361157	0.977668594985037
TIMM8A	-0.228952584825691	0.560371911707758	0.919189637338942
FADS1	0.342527566019605	0.485291853017066	0.899751669504529
CDC40	0.000294045928001196	0.999289842002435	0.999790362834893
SLC16A7	0.802172275690538	0.25662608070997	0.838408777802201
H2BC12	-0.260438548769812	0.505680695905911	0.909178388903741
TACC1	0.0912477480330161	0.732453731770519	0.949458436072272
ECI2	0.0412217386549472	0.917033168095499	0.983980948840568
ATP6AP2	0.48739853915561	0.63170615458169	0.92686461546912
RPP14	-0.404184801604067	0.42898471411534	0.884310594886885
KIF20A	-0.714386348509166	0.127601767776037	0.838408777802201
CD2BP2	-0.0115841631601121	0.97809540133701	0.994240162964407
ACSL3	0.0928625684780471	0.74412464800663	0.952508160457061
CYB5R3	0.246779306609838	0.388488500459506	0.874719674602425
GOT2	-1.51032362204174	0.0571306098750279	0.838408777802201
GBA1	0.0238663146654545	0.949622309374043	0.987656422904057
RPN1	-0.211780717792863	0.563362363778031	0.919189637338942
JUN	-1.21671564995754	0.0633135285551568	0.838408777802201
EPHX1	0.788030791584379	0.059173274477645	0.838408777802201
ACAA1	-0.616267980880643	0.0964179616239467	0.838408777802201
TFPI	0.562565992203446	0.125604301234556	0.838408777802201
LAMC1	0.515309767213282	0.461800850395629	0.892226733964463
PDHB	0.418431457033947	0.235797782456944	0.838408777802201
ACADM	0.824267181781298	0.0811772563308533	0.838408777802201
UBTF	-0.617877282807335	0.133753863339918	0.838408777802201
VDAC1	-0.276143399022477	0.425220897802176	0.88201323298011
ACAT1	-0.542546774559586	0.481489117287375	0.898947028406905
ABCD3	0.0273643627932323	0.938643828916203	0.987471667580594
HMOX2	0.50165123404004	0.371119253262496	0.87342211623623
ABCD1	-0.0403859160502549	0.928371750466986	0.984459114461622
SHMT2	0.159342223473718	0.59223203916227	0.922404287116284
DDOST	-0.168824182535197	0.655538583678232	0.932648376707455
ECI1	-1.79769124210349	0.000736780682401753	0.113704892773549
SSR1	-0.134818219461913	0.720879645889213	0.947668864086448
VDAC2	-0.172220299149433	0.600629253716494	0.924957720307214
NSF	0.418106761159514	0.277277687322249	0.838408777802201
TUFM	0.496214417476708	0.207742148463627	0.838408777802201
RBM25	0.0590097944803745	0.820874560593618	0.969863168026033
NUP153	0.157357644075827	0.740764657488885	0.951867097673881
CPT1A	-0.0445973968899125	0.903167709297406	0.983980948840568
SSR4	0.132147697037848	0.706410753715879	0.947668864086448
CTBP2	0.169323171959583	0.81432730201766	0.96677741715059
DENND2B	-0.147644395135817	0.735698534958049	0.950516203472097
PLOD1	-0.547242558359347	0.189733234885692	0.838408777802201
SSBP1	0.175306596661319	0.63236922428543	0.92686461546912
LMAN2	0.0260965521588581	0.935004743269703	0.986359638067722
ATCAY	0.461168290327777	0.569160512944701	0.919189637338942
CSTF3	-0.313880018805751	0.374174929163364	0.874118525167114
ECH1	-0.343993771111816	0.557841943541946	0.919189637338942
TRIM32	0.372106784955573	0.38854947692558	0.874719674602425
GRB10	0.281742179218657	0.781274792806024	0.961814727344565
TRA2A	0.0706679591361699	0.853673397299356	0.976435760521416
ZMYM3	-0.246589064358599	0.490252351196644	0.900508622740588
RRP1B	-0.272975424731833	0.321864388702322	0.858492250068138
BMS1	0.0714248176194836	0.87419671000872	0.978248242441633
ACOX1	0.286085312008026	0.568804613503846	0.919189637338942
DHCR24	0.0783524752931548	0.763570805605456	0.957635977072818
NSDHL	1.16961477351316	0.164068712434231	0.838408777802201
QSER1	-0.665544592349899	0.101366011492643	0.838408777802201
P3H1	-0.175399699687599	0.811555181251547	0.96677741715059
TOR1AIP1	0.0642246850294867	0.840189370697509	0.975848749063979
EXOSC6	0.202302587845292	0.547968265925519	0.919189637338942
GPATCH4	-0.0108237494452368	0.97167403519874	0.992289818665379
CDCA2	-0.930781974751326	0.292278166148979	0.845619589848614
ALKBH5	-0.421669704961147	0.225216337413764	0.838408777802201
POGLUT2	0.315990563884601	0.629728008390626	0.92686461546912
C15orf39	-0.533032318504507	0.200763873020122	0.838408777802201
GTF2H5	-0.680680053629281	0.282565644215734	0.838408777802201
VPS35L	1.04163520200381	0.032944369531421	0.795984151323068
KTN1	0.0710883308308219	0.837989083713529	0.975848749063979
CHD1L	1.00756463209771	0.0150526683486501	0.567315189177896
ANKLE2	0.209229822566051	0.583327488663398	0.919189637338942
DNAJC10	-0.308737879782832	0.529770556102768	0.911122146630183
STAG2	-0.792184167884699	0.278309068346828	0.838408777802201
FBXL6	-0.673069561343425	0.0382476433259459	0.827588801572713
KRI1	-0.464318978388807	0.141184170127559	0.838408777802201
COLGALT1	-0.029092761448652	0.927206646768303	0.984459114461622
PCSK9	1.75002880669039	0.000931532208867628	0.128326592221592
SCCPDH	-0.131931558921991	0.739150269209163	0.950860201283838
LSM14A	0.219566540861678	0.571585080158958	0.919189637338942
SMARCC2	-0.535213738640046	0.386131908501363	0.874719674602425
RDH11	0.215839679944523	0.494792607932031	0.902601127255006
HM13	0.533097062142136	0.0641286330218175	0.838408777802201
LEO1	0.241724740152904	0.68611410145987	0.939341508094376
TAF15	-0.333734239595536	0.264990928340505	0.838408777802201
POP5	-0.00785750201555402	0.982525151031542	0.99674656637151
IGSF8	0.272846522299339	0.411466259686246	0.877843438571155
INTS4	-0.470160204498868	0.180887477854748	0.838408777802201
FUBP3	0.279647232978718	0.387412919863353	0.874719674602425
CLPTM1L	0.108035097109855	0.786747044646203	0.962199632352588
LRR1	0.580865307802242	0.14413776989286	0.838408777802201
ARHGEF17	-0.144221630483269	0.730001021922121	0.948772584123078
GFM1	1.94358331683998	0.102477298613063	0.838408777802201
CDC5L	0.0997341164923355	0.71604160465698	0.947668864086448
SCAF11	0.0865345572390694	0.839903514627603	0.975848749063979
ATXN2	-0.181032336875607	0.715334032278109	0.947668864086448
HSD17B10	0.193751681697023	0.581529007450817	0.919189637338942
MGST2	-0.0400763734738447	0.91188861482935	0.983980948840568
EBNA1BP2	0.135499935321803	0.692766691833154	0.943334534900865
VRK1	-0.396363564259541	0.321007021508678	0.858492250068138
MAPKAP1	-0.0175228151294959	0.954901329260232	0.987656422904057
SDF4	0.216448941682906	0.60794042955102	0.926067559616884
TRIM56	0.149979980345872	0.575494398292391	0.919189637338942
TMEM43	0.678340801320275	0.0590997820617751	0.838408777802201
UTP14A	0.238066455924745	0.467324266173392	0.892707289195043
OSBPL11	0.707945927678988	0.0708269979945354	0.838408777802201
RACGAP1	-0.0965613391280016	0.766130864827872	0.959464829149639
PNN	-0.15343508081331	0.559760523711872	0.919189637338942
TMX1	-0.0336922254704177	0.943797290760091	0.987656422904057
OSBPL3	-0.190311270037931	0.543068730602872	0.917900833082928
CCDC86	-0.378080197754826	0.315315053755781	0.858170206834535
PTGES2	0.185212296601197	0.530089974419477	0.911122146630183
GNB4	6.65937005703397	2.09752139353279e-07	0.000837959796716351
APMAP	0.32502822203816	0.281698041040397	0.838408777802201
RAD18	1.06538636679569	0.0763905129520567	0.838408777802201
MRGBP	-0.70255652710815	0.146035472322773	0.838408777802201
SLTM	-0.306474911579315	0.383510484975779	0.874719674602425
GEMIN8	0.218747279652504	0.459984081325183	0.892226733964463
CDKN2AIP	-0.386903551397126	0.319049243048864	0.858492250068138
TECR	0.10246577839299	0.804640571217212	0.964514430963115
CNOT2	0.698474216613327	0.425938590476436	0.882127874003816
CWC15	-0.147845840508374	0.678886312914965	0.939110394769836
VAPA	0.330095354530162	0.671682316305297	0.935461124355417
DHCR7	0.0574786838461314	0.845002595079516	0.976312141906239
NUFIP1	0.125667571059171	0.811800444021392	0.96677741715059
SSR3	-0.071990103925053	0.84989345543919	0.976435760521416
DIMT1	-0.234853696021553	0.503420374812754	0.907928362622422
NIP7	-0.0714899445864532	0.803242407820371	0.963939146663377
SSX2IP	-0.346600351591746	0.312610030888255	0.858170206834535
GSTK1	0.668286318212303	0.0571444095386724	0.838408777802201
SLC30A1	0.507273280657017	0.270119424723075	0.838408777802201
SNRPB2	-0.154618189322346	0.63511098903181	0.92686461546912
TBP	0.414911732752412	0.221134333218319	0.838408777802201
NCBP2	0.010818098085398	0.979332570074813	0.994240162964407
SYNJ2BP	1.49643479922622	0.0091523669890793	0.480818390546225
CENPE	-0.302516153160127	0.464089298473318	0.892226733964463
KIF23	-0.364952171046554	0.207011673177894	0.838408777802201
NDUFA9	0.113095275384481	0.767774691455457	0.960319315079696
ZMYM1	0.268863695441723	0.452040994848015	0.890046217061518
LIN9	-0.405340164667454	0.351482294999675	0.868813649699876
FRA10AC1	0.273007662482772	0.35462739709504	0.868813649699876
SYMPK	0.0175201433981584	0.950196809215506	0.987656422904057
EME1	-0.190472522440661	0.763967833524398	0.957656571989322
DDX27	0.200214946414814	0.524978427173755	0.91092876458026
PHB2	0.301962262761112	0.515380635916665	0.909317189912649
ESYT2	0.48483752005308	0.247701674260766	0.838408777802201
MED19	-0.140107783943773	0.686680009123611	0.939341508094376
SMCHD1	0.448015159213799	0.557284702600385	0.919189637338942
AGPS	0.204119189658428	0.467927140786186	0.892707289195043
MEN1	-0.976803288721428	0.00723582642353347	0.466243976806713
HIP1	-3.28365396791566	0.0130567578535594	0.52815661710084
PES1	0.318375003681556	0.381180956524537	0.874719674602425
NOP56	0.344533616752983	0.307262818899948	0.854220571680788
ARID1A	-0.497382782223212	0.213374041014474	0.838408777802201
CIT	-0.155629478752246	0.628473999669381	0.92686461546912
STX16	0.242848038902203	0.485471543238057	0.899751669504529
KMT2D	-0.732791582157052	0.46511506703446	0.892226733964463
VPS26C	0.335083909441686	0.462871287741967	0.892226733964463
U2SURP	0.0343430352021734	0.897450372904924	0.983088412441828
SETD1A	2.4027005037354	0.0594520214256948	0.838408777802201
CEP290	-0.137296692321101	0.654666416955238	0.93240368475443
NKRF	-0.403647528756149	0.21888713077102	0.838408777802201
RER1	0.304138631916686	0.393531523293818	0.874719674602425
SURF4	0.469957550604231	0.532277958296338	0.911122146630183
HDAC3	-0.0441757660972897	0.924177996405582	0.983980948840568
NVL	0.178904215817436	0.566491479785918	0.919189637338942
STX7	0.834573919411216	0.0655843873297469	0.838408777802201
POLR1G	-0.118574501070597	0.760018040488722	0.957613277814578
RBFOX1	0.194861886193532	0.530417579501004	0.911122146630183
B4GALT5	0.274869498030512	0.464035867151112	0.892226733964463
SART1	0.381456085032852	0.213079796499508	0.838408777802201
DAPK3	0.264024603140577	0.741982418868707	0.952170358699208
PRPF3	0.226503929736577	0.51055279934055	0.909317189912649
B4GAT1	-0.34521856500178	0.371681530745462	0.87342211623623
PRC1	-0.0774977095880942	0.903316048071499	0.983980948840568
STX6	0.183442328907077	0.634542366891505	0.92686461546912
KIF1C	0.813323577915611	0.0921512544854436	0.838408777802201
ORC4	0.0891744751745733	0.881025141729178	0.980990448358793
RAD21	-0.243422933322716	0.523913197160596	0.91092876458026
MED14	-0.210357230474401	0.575624855511087	0.919189637338942
URB1	-0.357738024649834	0.359555714093741	0.868813649699876
ZFC3H1	0.194372980646357	0.688298786501754	0.939636455933073
PPL	0.573957681509963	0.481159243974108	0.898947028406905
STX10	0.0380475836763239	0.916520867658248	0.983980948840568
CCNT1	-0.43270233247771	0.584613759935175	0.919189637338942
DPM1	0.203756836267427	0.623948994100694	0.926800418595298
PQBP1	0.162760335891754	0.671973885165811	0.935461124355417
BRD4	0.144922337864084	0.858019604035597	0.976865462022279
NBN	-0.255866512595649	0.381777210687349	0.874719674602425
HIP1R	-0.0798179838570618	0.951081336052078	0.987656422904057
ZC3H11A	0.352402075755506	0.247267804769757	0.838408777802201
DNAJC13	0.197029527230612	0.535601231422047	0.912463505130523
DUSP11	0.144912062625991	0.76249507802958	0.957613277814578
PRPF40A	-0.00133192875303578	0.996793013267613	0.99966869775948
SAP30	-0.208066206643707	0.467548153053391	0.892707289195043
MED24	-0.0578893077636877	0.860473514886235	0.976866067624469
SRSF10	-0.181487806764515	0.52572309592798	0.91092876458026
EED	-0.668901714612158	0.116389294478025	0.838408777802201
ZMPSTE24	0.217130794731062	0.562082228784994	0.919189637338942
PIAS1	-0.995664428636523	0.0266362394812078	0.748634495710453
RAD17	-0.662633760060565	0.0613931765623439	0.838408777802201
B3GAT3	0.0562338733510934	0.850294863069251	0.976435760521416
TOX4	-0.229563540091039	0.52707279259544	0.911122146630183
UFL1	0.153883110917192	0.632490300531698	0.92686461546912
SORBS2	-0.177564064664988	0.617078074783781	0.926800418595298
PRPF6	0.606539491067515	0.065897994223443	0.838408777802201
PCF11	-0.184172985579949	0.520474526194666	0.909907283155542
MBD4	-0.333822447845467	0.36770056417029	0.87342211623623
KAT7	-0.290242820972772	0.681895965047495	0.939341508094376
SLU7	0.168926153047565	0.567247019865596	0.919189637338942
WIZ	-0.41353063894335	0.226347704239374	0.838408777802201
MAP4K4	0.326892758266986	0.314961947317157	0.858170206834535
AIFM1	-0.357718317393761	0.248088181904347	0.838408777802201
SYF2	0.358150134955309	0.538771898045551	0.913579682806442
MBD3	-0.893758662599719	0.0533472197206633	0.838408777802201
TOP3B	0.165511370984323	0.651901534288008	0.932121198811951
CLPTM1	-0.573125178476744	0.515944288444867	0.909317189912649
LDLR	0.655124588454289	0.0566901971889851	0.838408777802201
OAT	0.215219881789004	0.719337855094848	0.947668864086448
RPN2	-0.117822035604341	0.733193687262482	0.949907266021237
SLC25A5	-0.173876111261201	0.602618748115835	0.924957720307214
POLR3D	0.20932592764585	0.774291715568749	0.9607643746504
LPL	1.0800466693998	0.0304510858093878	0.784852179409705
LAMB1	0.518570074737788	0.157995073526526	0.838408777802201
SRPRA	0.337288662340761	0.407106372862688	0.875658027259549
PDHA1	0.474482488923456	0.181682133404745	0.838408777802201
COL4A2	0.127751466249233	0.636882804120197	0.926986604753534
FGF2	-0.101300851323717	0.712848723099458	0.947668864086448
HMOX1	-0.0404592025862911	0.909523841900021	0.983980948840568
MYBL2	-0.605342439795535	0.177893669353413	0.838408777802201
DLAT	-0.0410850879658895	0.945149464866481	0.987656422904057
MGST1	-0.0866129265435482	0.842865227743378	0.976302066422693
RALB	0.196197598393965	0.548808543503965	0.919189637338942
LAMP1	0.684132474667773	0.305042139956212	0.853660294452216
ESRRA	-0.128869149565187	0.741575787224377	0.952170358699208
PC	0.81377091633092	0.07601886680546	0.838408777802201
IGF2R	-0.0775868465265219	0.916413545758834	0.983980948840568
SLC25A6	-0.137231800869706	0.801108584306329	0.963653639671684
ETFA	0.488936497449593	0.314350029235777	0.858170206834535
MTHFD2	-0.185654234942405	0.595764527197416	0.924302635399486
B4GALT1	0.146576102813341	0.550057394799706	0.919189637338942
ATP2A2	0.0680561952872978	0.835668158946549	0.975400181705309
ITGA2	1.05545785284843	0.0813362173448362	0.838408777802201
CEBPB	-0.442984855671213	0.214069001919856	0.838408777802201
PTPN1	0.492289629945148	0.294007253113607	0.845619589848614
SON	0.13746850183394	0.639909250532047	0.928600601480396
ERCC3	-0.698378053823646	0.124055945666259	0.838408777802201
MSH3	0.620960911596505	0.642735983647916	0.928654703317695
BRD2	0.351307210650454	0.400122278671504	0.875074511130077
ATP5F1A	-0.169506840449781	0.664978967688778	0.93344728598618
COL8A1	-0.18019505989394	0.653174937910963	0.93240368475443
TEAD1	-0.277574416663928	0.397457244534426	0.874719674602425
ECHS1	-0.475255718597957	0.353839715027634	0.868813649699876
ALDH1B1	0.642132726024226	0.369849489588005	0.87342211623623
SDHA	0.60562561103125	0.0865448487239282	0.838408777802201
GTF2H1	-0.583949539905166	0.147421172701765	0.838408777802201
BMI1	0.0790800576595316	0.887452135212802	0.982071173595517
RFC1	-0.343829234336965	0.40019052111005	0.875074511130077
KRT9	1.3955736932216	0.0460393349153321	0.838408777802201
ACTN2	0.728826747564042	0.190926423204271	0.838408777802201
LONP1	0.0171878115621595	0.947952148452112	0.987656422904057
DLST	0.543795929891211	0.246598139000117	0.838408777802201
COIL	0.117465510615929	0.756147003695866	0.956351063784754
CUX1	-0.0670805002215964	0.919533450640366	0.983980948840568
BUD31	0.377977814001035	0.333846710610002	0.865835346529172
PI4KA	1.32315775827271	0.0387929364905853	0.827588801572713
HELZ	-0.00534131828157669	0.985720721089947	0.997016827145484
RBM34	-0.0372254381835475	0.895833253281312	0.983088412441828
LRPPRC	0.0542100679345374	0.855990867009101	0.976435760521416
ACAA2	0.239774771626958	0.645396660277317	0.929671807717732
SLC1A3	0.343577628451431	0.453370252811579	0.890888235752981
TSFM	0.293077812582656	0.363666493636352	0.868928015596427
MKI67	0.0201291656277931	0.954552636727246	0.987656422904057
ATRX	0.250130987904328	0.450997307742006	0.890046217061518
RFX5	0.423120313531246	0.58059927427747	0.919189637338942
IDH2	0.125840809225036	0.788581591716922	0.962199632352588
CENPF	0.0645603519280904	0.957631370105118	0.988441515024069
ACADVL	0.393875083594299	0.532298277443824	0.911122146630183
YLPM1	0.171518709302596	0.66797987558466	0.934160859797058
LIG3	-0.230489168897478	0.52304316613677	0.91092876458026
IDH3A	0.346068941718098	0.291714714855613	0.845619589848614
EMD	0.0512548836096585	0.883991461351941	0.981063777417899
SMARCA4	-0.268497998561138	0.64622564417681	0.930332053508597
BCAP31	0.167713058224614	0.579689602608292	0.919189637338942
VAMP7	-0.199470415293877	0.495243374117179	0.902681180982089
RBM5	0.589527557609692	0.176757266372782	0.838408777802201
SMTN	-1.49187460869023	0.106772177106029	0.838408777802201
PMS2	-1.3629371821397	0.335008760994459	0.865835346529172
ALDH18A1	-0.393562588731402	0.430830924320663	0.884920073347583
ELL	0.169930827745844	0.686758119130368	0.939341508094376
HNRNPH2	-0.434304397276357	0.151174338588095	0.838408777802201
OXCT1	0.218288463639368	0.584636790974627	0.919189637338942
RRP1	0.094748013556007	0.808289955000355	0.965289883842623
TMEM33	-0.0800744297981097	0.886312366062155	0.982071173595517
SEC61G	0.971612777185687	0.0310734299501558	0.790690144273072
SPCS3	0.411117297978066	0.376305571348384	0.874719674602425
ATP6V0D1	0.559084233498183	0.161539414653425	0.838408777802201
RRAS2	0.224551951192936	0.840785310145316	0.975848749063979
GNB2	-0.600439455009763	0.385379072660965	0.874719674602425
TRA2B	0.183174200161602	0.698099643638778	0.944752058379715
FAM193A	0.999723646525268	0.069769256571448	0.838408777802201
NOP14	0.127661014095196	0.686858723006274	0.939341508094376
PITX1	-1.26361882576987	0.00330697654450063	0.293586028784
NTHL1	0.435659149441367	0.358766983550319	0.868813649699876
LSM11	0.421128709697207	0.132850154219047	0.838408777802201
TXNL4A	-0.184087917000589	0.537493378000874	0.913579682806442
ERH	0.373162131877567	0.438975694179231	0.890046217061518
RBM10	-0.0557234542645801	0.885722418878391	0.982071173595517
SLC25A3	-0.232745683539378	0.494176380277946	0.902301023405117
U2AF1	0.69736977663824	0.27637527240309	0.838408777802201
TOP2B	-0.678069362464623	0.17801791725125	0.838408777802201
MLLT1	-0.330017815132489	0.286607774933133	0.838408777802201
MECOM	-0.0858255254391125	0.843402824260082	0.976312141906239
TAP1	0.845158674076334	0.464745556173589	0.892226733964463
ATP7A	-0.469657713187981	0.263340994713716	0.838408777802201
NOTCH2	0.275302188647483	0.451182993378814	0.890046217061518
SRSF11	-0.46584643623995	0.231822516669921	0.838408777802201
RBPJ	-0.83024707979224	0.12808913684271	0.838408777802201
FMR1	0.229370033981141	0.532169874594665	0.911122146630183
KHDRBS1	-0.0547333047998251	0.864602410615105	0.976985485113131
SLFN5	-0.1623089690789	0.872816187493326	0.978168997574783
EP300	0.0254960218823399	0.957966268956437	0.988441515024069
NEXN	-0.0254678071125554	0.965091507137692	0.989361193486035
MGAT2	0.292564960944873	0.475966671019557	0.89639214305973
GALNT1	0.362900716301848	0.370355214030842	0.87342211623623
PMPCA	-0.155698768877237	0.721650576350177	0.947668864086448
ST3GAL4	0.213047208899194	0.534748743353337	0.912463505130523
TBL3	0.07497800230853	0.786971589236446	0.962199632352588
SMARCB1	-0.815205443181455	0.13623826507806	0.838408777802201
BPTF	0.365416730613724	0.647563061469493	0.931586039096372
SFSWAP	-0.364518878482585	0.228752845441059	0.838408777802201
CHD3	0.211568259949576	0.508403071942394	0.909317189912649
DLG1	0.326226853914442	0.412465293325198	0.877843438571155
CHAF1A	-0.45199853672468	0.198236365570761	0.838408777802201
GPS2	0.185172913241193	0.483087727513968	0.898947028406905
ATM	-0.738556191937128	0.0348376364052361	0.795984151323068
MTA1	-0.71346011407288	0.0524809944041875	0.838408777802201
PPIL2	0.628505233504434	0.203522885053217	0.838408777802201
TMED1	0.0805296709978158	0.907808228120582	0.983980948840568
TOP3A	-0.375667307774286	0.361866674205957	0.868813649699876
ATR	-0.428133130379493	0.606142565259527	0.925439067339791
MOGS	-0.250083153395554	0.474062656620423	0.89639214305973
RUNX3	0.995416810976767	0.290331031994186	0.844157549357187
THOC5	0.491616731013153	0.151658338617172	0.838408777802201
MORC3	0.250979682575561	0.643267712006346	0.929086952084364
WRN	0.283402438569361	0.37051797885614	0.87342211623623
FKBP8	0.231201944466278	0.606253725285086	0.925439067339791
DHX8	0.148920584621518	0.575289166611846	0.919189637338942
MDC1	0.102319974300862	0.82418071379785	0.970982586736187
MELK	0.960969639098607	0.186780234164518	0.838408777802201
GSE1	-0.0603426238700742	0.88107939012597	0.980990448358793
PDCD11	0.0835645398870355	0.774890159173997	0.9607643746504
CBX2	-0.758780112610264	0.0510344073285471	0.838408777802201
GOLGB1	0.972607068504246	0.209952048416519	0.838408777802201
KIF22	0.108980226965997	0.777735095817093	0.9607643746504
ZNF638	0.22138537228788	0.538396950348359	0.913579682806442
SHPRH	0.622165355375447	0.339705505620394	0.865835346529172
WTAP	-0.735189398516244	0.167482971768075	0.838408777802201
RRS1	0.0520308601872124	0.871237728385282	0.978038279040981
BRD3	-0.286488968595798	0.473297286276658	0.89639214305973
WDR43	0.495147864613497	0.27402992376426	0.838408777802201
PCOLCE	0.576337285750292	0.292736730483443	0.845619589848614
EBP	0.564854714592638	0.397285486133514	0.874719674602425
PWP2	0.516477926538897	0.130306169035345	0.838408777802201
RNPS1	-0.113469105712383	0.747666244495968	0.953680283129436
TMED2	-0.278828994954189	0.749274239776237	0.953980744572653
PUM3	-0.409263505490003	0.178717608345566	0.838408777802201
SF3A2	0.0574666323623347	0.873051257059492	0.978168997574783
TERF2	-0.455968116283554	0.258042585367677	0.838408777802201
TGFBI	0.610704732363704	0.0675091684524661	0.838408777802201
MED1	0.439387398919408	0.335008148610934	0.865835346529172
JMJD1C	0.45887687192204	0.584748598484171	0.919189637338942
VPS72	0.0525954872798629	0.932178641051248	0.98560132531689
EZH2	-0.502134527618082	0.237804578799374	0.838408777802201
SYPL1	0.73758248801882	0.0518810159540694	0.838408777802201
NFIL3	1.33749885493484	0.0211328487655694	0.654463029600386
IFI16	0.394841008826063	0.554436950826644	0.919189637338942
MAN2A1	0.883437333302282	0.205127430419785	0.838408777802201
CYP51A1	0.0598113015370956	0.882470748142379	0.980990448358793
KNOP1	-0.258596394055861	0.456259657159099	0.890888235752981
CWF19L2	0.589285614055981	0.459117005312019	0.892226733964463
CHD9	0.0302558868265095	0.935434939271179	0.986552952056061
GON4L	-1.82341463796064	0.0671507726039344	0.838408777802201
TPRN	-0.19457621142562	0.653686697758517	0.93240368475443
HSD17B12	0.126656045183083	0.761818843048192	0.957613277814578
GLE1	-0.238312853665715	0.458147529909718	0.892226733964463
USP39	-0.699008245642016	0.195964698864314	0.838408777802201
ESCO2	-0.149739970986445	0.601098961039145	0.924957720307214
EAPP	-0.0593041152008702	0.895918258208229	0.983088412441828
ODF2	0.0612779886884027	0.840676435606605	0.975848749063979
C3orf38	-0.664399309221039	0.107752320341491	0.838408777802201
AMER1	-0.77092501445879	0.0747400825671871	0.838408777802201
DNTTIP2	0.0159787436387511	0.954972089846027	0.987656422904057
FKBP15	0.662793154567421	0.161453084642933	0.838408777802201
SPOUT1	-0.0862865417994811	0.817355336957875	0.968654574650463
GORAB	0.464467438845844	0.410785131301876	0.877843438571155
WLS	0.493484431176782	0.205234325430676	0.838408777802201
CCDC18	-0.138072209774041	0.737349074834831	0.950709409929717
VPS13D	-0.0579020393470913	0.858925747572028	0.976865462022279
RIF1	0.201117052839834	0.59691319421486	0.924957720307214
CEP350	0.455850302482059	0.2422697451977	0.838408777802201
PRPF38B	0.291903846854538	0.465723993477316	0.892358443137592
ZMYM4	-1.39053769583337	0.0202440433444305	0.641864707626983
ICE2	0.222482772333962	0.620506247681718	0.926800418595298
CEP135	-1.07767422570706	0.411419612764845	0.877843438571155
ARID2	-0.440857774848723	0.196107035058858	0.838408777802201
SPTY2D1	-0.364049945376053	0.28523169321079	0.838408777802201
VIRMA	-1.12465530638555	0.148647574120283	0.838408777802201
SPECC1L	-1.04602000089846	0.284946755240394	0.838408777802201
RPL7L1	0.174908491583189	0.584249166669257	0.919189637338942
VASN	-0.881003923342629	0.050656532237393	0.838408777802201
LAMTOR1	0.788143806348025	0.143707777356019	0.838408777802201
NCAPH2	-0.244451143786335	0.393435401701837	0.874719674602425
NIPBL	-0.382826187532849	0.3792992923252	0.874719674602425
HMBOX1	-1.01557033708129	0.00735509550841057	0.466406453271432
PPP1R18	-0.52640554382987	0.509480475855341	0.909317189912649
RPUSD3	0.712364357598556	0.0925752337345791	0.838408777802201
TAF2	0.245649059404926	0.417020183807889	0.877843438571155
PKN3	-0.236329875868236	0.5655407142686	0.919189637338942
INTS5	-0.306787731285816	0.372762129707828	0.87342211623623
RSBN1L	-0.0447784067198995	0.907922305461045	0.983980948840568
CTR9	0.51768460352325	0.327683284091014	0.860680289246286
DARS2	0.216532680069001	0.476820890150948	0.89639214305973
CCDC137	-0.442578174961234	0.269972335074211	0.838408777802201
MTHFD1L	-0.225700411653669	0.511887826572876	0.909317189912649
QSOX2	0.993808497869644	0.0207608416956837	0.647965332611377
MMS22L	-1.76631908432678	0.230356618676531	0.838408777802201
SRCAP	0.68267797155832	0.186904587408012	0.838408777802201
FAM83H	-0.0363715575718544	0.922572290137779	0.983980948840568
TPGS1	-0.346070403569833	0.285612307282153	0.838408777802201
CRACD	0.459324645880592	0.777750184635643	0.9607643746504
INTS8	0.0323220123436982	0.942462480809826	0.987656422904057
ASXL2	-0.100049777083946	0.823234025748194	0.970982586736187
RSRC2	-0.37138380623918	0.434968410963215	0.888684097336895
HS2ST1	0.109774491951498	0.743591645320624	0.952170358699208
APTX	-0.777384749439772	0.105660616027125	0.838408777802201
SETX	-0.163372114719742	0.599825214426079	0.924957720307214
EMSY	-3.90002211135463	0.000240860929675378	0.0534814807559527
RBBP6	-0.0975388699104869	0.729878309616956	0.948772584123078
TMED4	0.506570764894946	0.659698112722443	0.932900306216423
PBRM1	-0.146999992361003	0.770135315515772	0.960551672937003
TLK2	-0.565794600956433	0.152588905221034	0.838408777802201
CENATAC	1.80712349766456	0.157279344963145	0.838408777802201
FAM83A	-0.254787717825945	0.464977903536483	0.892226733964463
VRK2	-0.226991550602076	0.417622680410114	0.878547443842001
GATAD2A	-0.494218418673128	0.302098644952409	0.85177147413692
FMNL3	-0.107170090196032	0.80021826566964	0.963653639671684
FOXP4	-0.494692098038023	0.564030445575459	0.919189637338942
CCDC50	0.400240000678671	0.44991115608649	0.890046217061518
MISP	-0.435788567531009	0.183914280774147	0.838408777802201
MFN1	-1.04267778944678	0.306057116512667	0.853660294452216
PHF6	-0.0794539004297299	0.842654198533353	0.976302066422693
SUGP1	-0.43516739109689	0.173618807126987	0.838408777802201
CCAR1	-0.488880521646426	0.238513108324809	0.838408777802201
PARP9	0.442573864540826	0.165558140768062	0.838408777802201
RBM12B	0.0511880072390838	0.854954742498731	0.976435760521416
SMC5	-0.239327677859819	0.377793789843938	0.874719674602425
DHX37	0.0573953327083743	0.852520045716972	0.976435760521416
FTSJ3	0.266815645152381	0.428741129141811	0.884264744925933
SRRM1	-0.296940606798955	0.357458763896887	0.868813649699876
SUPV3L1	-0.0578941675210061	0.840570966694846	0.975848749063979
FANCM	0.0606133408616358	0.825517637626159	0.971984368498823
RCOR2	-0.0988049992663989	0.779538958778111	0.961190784048936
INTS1	-0.121921597720231	0.758352188959516	0.957024101610603
SYNPO	-0.467354948916565	0.212028937858247	0.838408777802201
AFAP1	-0.40733480295728	0.184663786185032	0.838408777802201
ZGPAT	-0.0406476497824499	0.889988974926879	0.982071173595517
SRBD1	-0.0968154504840513	0.831375713891734	0.973137874631215
CPSF7	0.169930941204573	0.630339057093448	0.92686461546912
CEP120	-0.0453300449268426	0.900955086972411	0.983759662064354
SCAI	-0.903487855751337	0.150861181288715	0.838408777802201
POC5	1.26835247169561	0.00893382376267822	0.480818390546225
PRPF38A	-0.0449599558638312	0.883420541016918	0.980990448358793
KDM1B	0.333472979247045	0.337410184607584	0.865835346529172
GOLM1	0.587680984731982	0.0776502347287276	0.838408777802201
POGLUT1	-0.336056966003152	0.44452954209076	0.890046217061518
HSD17B11	0.659361875873948	0.205039924161278	0.838408777802201
POC1A	-0.791141562065405	0.298446118230888	0.849112631004594
SRFBP1	-0.312138140029258	0.574539393259932	0.919189637338942
NGDN	0.154299979652748	0.644985637407212	0.929671807717732
BOD1L1	0.735531282310461	0.483563745693727	0.898947028406905
THOC2	-0.274470693045554	0.353425032223086	0.868813649699876
KLHDC4	0.853139134834439	0.0923662858843445	0.838408777802201
CCHCR1	0.129994957766254	0.760657347713841	0.957613277814578
GPX8	-0.0864687088040625	0.73384684545555	0.949907266021237
CACTIN	-0.217563832612253	0.645454944244937	0.929671807717732
GATAD1	0.642676384476513	0.426934697911429	0.882361157866611
MITD1	-0.833949436587851	0.221540054571018	0.838408777802201
STAG1	1.14371648428701	0.014288623612971	0.546213025856236
CKAP2	-0.156142064870458	0.881287929384109	0.980990448358793
SREK1	-0.351904105788929	0.359141657905854	0.868813649699876
ATRIP	-0.424099736209318	0.624123539141818	0.926800418595298
PSPC1	-0.546560605747739	0.156391845686259	0.838408777802201
GATAD2B	-0.121219453801473	0.819904691529866	0.969863168026033
PIBF1	-0.232227774152115	0.600770338480443	0.924957720307214
BBX	-0.385009833856579	0.396626553745055	0.874719674602425
FAM3C	-0.0766234994542359	0.888355538181652	0.982071173595517
H1-10	0.0264750190720342	0.929159536978431	0.984631146547447
TOPBP1	-0.291184443311547	0.445038880085277	0.890046217061518
PHF3	-0.17709345137045	0.650708960457603	0.932121198811951
AKAP1	0.279445193737175	0.48475252763784	0.899751669504529
CENPI	-0.310999340229781	0.372699862541458	0.87342211623623
GTF2H4	-0.233731232553048	0.463971945773441	0.892226733964463
DPF2	-0.101656717802864	0.91291491213487	0.983980948840568
CELF1	-0.0534920170671356	0.871377167033811	0.978038279040981
SMARCD2	-0.674299209398882	0.237926544776328	0.838408777802201
KAT5	1.06715944336153	0.0112567491958054	0.50855489446522
ATP6V0A1	-0.254847290384745	0.521346125442562	0.909907283155542
MED12	-0.326010535969388	0.423478507509442	0.880685391723176
EXOSC8	0.0823407481396394	0.836794498495386	0.975627510304674
PINX1	-0.118142708947914	0.722167436970095	0.947668864086448
ENTR1	0.37254448928558	0.350322926838682	0.868813649699876
INTS12	0.249825697695421	0.402778543093782	0.875658027259549
SGF29	-0.451222521864004	0.388902367734914	0.874719674602425
RBM33	-1.47180852370164	0.00278942976633222	0.266730557034611
WDR89	1.09339710280083	0.237017354223448	0.838408777802201
THOC1	0.800251982750545	0.240246258898892	0.838408777802201
AURKB	0.233777193033358	0.673042125026966	0.935886978587794
SMARCD1	-0.543799050796288	0.170118424936197	0.838408777802201
TONSL	0.300395201170655	0.355289256533694	0.868813649699876
DOCK6	-0.252405727174963	0.517143064801708	0.909317189912649
DDRGK1	0.0347850662299329	0.901598791331441	0.983759662064354
RBM17	-0.334964825095359	0.271666499857801	0.838408777802201
TENT5A	-0.973453070217623	0.0966142406142363	0.838408777802201
NSL1	-0.151532088337582	0.603498957147285	0.924957720307214
CDK5RAP3	-1.01094291309909	0.168276780966603	0.838408777802201
VPS39	0.26471940384701	0.410553611505132	0.877843438571155
CHAMP1	-0.521824876622794	0.241080261241698	0.838408777802201
CNOT6L	-0.45224035722628	0.32343679119632	0.858492250068138
CCDC138	-0.213016502993838	0.472249642119331	0.896264760221723
NSMCE2	-0.000957785058716354	0.998366614814121	0.99966869775948
NSMCE3	-2.43428059199884	0.000250849516525647	0.0534814807559527
ZNF830	-0.482042874610404	0.406885065846138	0.875658027259549
SCLT1	-0.554257741114149	0.219810984338761	0.838408777802201
MUS81	-0.691565876309255	0.249653368729981	0.838408777802201
UHRF2	0.570612525663179	0.264649010883314	0.838408777802201
QKI	0.89540307484171	0.137063889186497	0.838408777802201
PPP1R10	-0.127912107339633	0.862747511555684	0.976985485113131
UIMC1	-0.555773173001445	0.338804808926597	0.865835346529172
MED15	0.128213205028601	0.724692933960702	0.948292520425308
SMC6	0.288450983371856	0.43629112435861	0.888741015779062
STRBP	-0.558719978184818	0.236169100602377	0.838408777802201
SIN3A	-0.101223498155754	0.84842913597577	0.976435760521416
INTS14	-0.164863357398865	0.886217646224908	0.982071173595517
RSF1	-0.553085468849268	0.164165632206424	0.838408777802201
RBM15	-0.137788836670893	0.712162207044828	0.947668864086448
PNKP	0.331632576815291	0.429803762711412	0.884548428918843
UHRF1	-0.435362499000668	0.141516068239552	0.838408777802201
COL12A1	-0.158285741561414	0.712286021935715	0.947668864086448
CDC6	-0.303897730393565	0.384037528232883	0.874719674602425
ACO2	1.74529426035319	0.056514456460501	0.838408777802201
TCF25	-0.177537078922931	0.826979219564566	0.972207134967024
CCDC77	-0.132958310517523	0.855371877010813	0.976435760521416
NUDT16L1	0.115105697517556	0.720200607151135	0.947668864086448
UTP23	0.317232107981365	0.462610390491417	0.892226733964463
TINF2	0.0953816612895011	0.866012889428645	0.977242006334296
WAC	-0.544206545686254	0.138691101258155	0.838408777802201
DIDO1	-0.209187352215483	0.656363784802862	0.932900306216423
MTA3	-0.0646504305484008	0.87831522214339	0.980404948997721
PI4K2A	0.777709069337238	0.195032446571134	0.838408777802201
PHF23	0.052602640809372	0.897401892129	0.983088412441828
NOC4L	0.275006518409374	0.343354115926853	0.867104478904799
RUSC1	0.178818799248425	0.628616295911711	0.92686461546912
KIFC1	0.959239935523318	0.137881061067092	0.838408777802201
CINP	-0.0701820250514302	0.877046625138579	0.979536278285889
SF3B5	-0.0104389846313744	0.975967057832857	0.994003682084373
POLDIP3	-0.371497834111221	0.409137772948957	0.875753721087003
KIAA1671	0.410369151552953	0.325079212880512	0.859491366947482
HELZ2	-0.312294637674004	0.685677601461	0.939341508094376
DOCK9	0.858506503500422	0.033956286172418	0.795984151323068
UPF3B	-0.081655881875367	0.924464790213011	0.983980948840568
CRNKL1	0.373863151395454	0.215200318893533	0.838408777802201
CEP295	0.254760114258531	0.406648299616273	0.875658027259549
WDR33	-0.618193596620813	0.132997287621693	0.838408777802201
REXO4	0.207797913676345	0.657470007771242	0.932900306216423
POLR1E	-0.166560331496747	0.623107526980773	0.926800418595298
MFF	0.411925638398095	0.508797920028055	0.909317189912649
CLPB	-0.0846205928874078	0.814561398280071	0.96677741715059
MIS12	-0.228159042032384	0.455900592816979	0.890888235752981
LSG1	-0.7588706133619	0.218979189998404	0.838408777802201
BRD8	-0.656120781646806	0.233030685837061	0.838408777802201
PARP12	0.253438464017421	0.721795557081984	0.947668864086448
METTL9	0.290227203308103	0.737467833248412	0.950709409929717
TAOK3	-0.192458085553369	0.521198606416164	0.909907283155542
ADNP	-0.152531464846909	0.69455737980868	0.943473897427975
ST6GALNAC4	1.02682092143381	0.205633801625065	0.838408777802201
ESF1	0.206515698719752	0.609212572595277	0.926800418595298
DHX35	-0.000477915880360058	0.99860179956121	0.99966869775948
DHX33	0.127690747233771	0.707862061195733	0.947668864086448
NOL6	-0.437315909936093	0.380191436045888	0.874719674602425
PEAK1	-0.163870393192013	0.72046023805397	0.947668864086448
TDRD3	-0.389460670769282	0.45174678818613	0.890046217061518
SUDS3	-0.455306017150487	0.138116054008637	0.838408777802201
NRDE2	-0.134449699897267	0.847556671926052	0.976435760521416
NOL11	0.0705574156699846	0.858594827650665	0.976865462022279
DDX31	-0.186043005212685	0.577131457788654	0.919189637338942
ECT2	-0.126033808323733	0.776307868354869	0.9607643746504
EHMT1	-0.595162694152858	0.17112350546155	0.838408777802201
ISG20L2	0.329220025438467	0.508475000439448	0.909317189912649
MEAF6	-0.437661546574184	0.19618723310848	0.838408777802201
FBRS	0.367794318690642	0.583939990664988	0.919189637338942
NCOA5	-0.18993883784546	0.449513700671254	0.890046217061518
CWC22	0.0430518673296767	0.918144575870893	0.983980948840568
CHD8	1.19515434480626	0.322741178080514	0.858492250068138
FBRSL1	-0.49770724653008	0.304413588331086	0.853660294452216
MRPL47	0.320360091123082	0.285324077572441	0.838408777802201
TM9SF3	-0.14251745664335	0.682878613536398	0.939341508094376
HMG20A	-0.778210671254509	0.345195940970634	0.867104478904799
DMAP1	0.424300393179756	0.634969809995552	0.92686461546912
PPAN	0.4170903928832	0.175537345703205	0.838408777802201
PRDM10	-0.471011284807116	0.318683590814909	0.858492250068138
MBNL1	-0.00190988998458863	0.995617244567886	0.99966869775948
AAAS	0.0199034444295734	0.96695313035025	0.990313243302924
BAZ1A	-0.196480956162802	0.579429308885485	0.919189637338942
DROSHA	-0.318829049188132	0.811801730393912	0.96677741715059
HELLS	-0.29378810393948	0.355802899732753	0.868813649699876
CENPM	-0.353299682201637	0.50807877821428	0.909317189912649
PDS5B	-0.368529058499011	0.524889775268985	0.91092876458026
IMP3	0.100955980362382	0.748969931750632	0.953980744572653
MED17	-0.115807375138832	0.771678718333868	0.960731094737386
FBXO28	-0.761280904738179	0.105034345239431	0.838408777802201
ARL8B	0.455206747810372	0.118148241851637	0.838408777802201
DDX18	-0.137898586206514	0.635464876538153	0.92686461546912
INTS10	-0.296854454919146	0.581589709844417	0.919189637338942
ARGLU1	0.224977563041268	0.556433661902908	0.919189637338942
PAK1IP1	-0.0536889627285007	0.863129870782605	0.976985485113131
LYAR	-0.686272722296064	0.141939313389922	0.838408777802201
TEX10	0.138492333903528	0.630846473028922	0.92686461546912
NSMCE4A	-0.0496078174492069	0.918942992058847	0.983980948840568
PODXL2	-0.586576551496726	0.417058034144694	0.877843438571155
NOP53	0.0968775967397626	0.758640299810174	0.957024101610603
SENP1	-0.398499219886993	0.341103508987693	0.86686292519455
SH3BP4	0.012414840420206	0.992198641330167	0.998949992972282
HMG20B	-0.474859649394443	0.140938781572424	0.838408777802201
CEP72	0.523513851428984	0.143398779472138	0.838408777802201
CCDC88C	0.24388340688089	0.584186990211227	0.919189637338942
RBM27	-0.318580779808538	0.695230735960219	0.943554822487852
MBD2	-0.866646015287806	0.0872294061852432	0.838408777802201
ASH2L	-0.721253009022398	0.175740293564727	0.838408777802201
MORF4L1	-1.56944435045202	0.0270306862161822	0.748634495710453
ZMYM2	-1.49370323519913	0.0771293850304068	0.838408777802201
TJP2	-0.91385105151366	0.447851557039407	0.890046217061518
VTI1B	-0.14568312407529	0.672089896537313	0.935461124355417
KDM5B	-1.18273172825159	0.0993738169119387	0.838408777802201
AFF4	-0.269495871695476	0.554736621746029	0.919189637338942
TRPS1	0.118146466881161	0.779208046179544	0.961122248352647
BAZ1B	-0.154403700981209	0.690048911677976	0.940868737936353
LNPEP	-0.192447491971244	0.703712159903885	0.947268433860589
DDX41	0.179688336879302	0.580052014367732	0.919189637338942
PTBP2	-0.004890333079274	0.990026908438079	0.998021069697231
MAN1B1	0.341001135633	0.333306666349473	0.865835346529172
RALY	0.0846015947221765	0.778827747086758	0.961122248352647
ZHX1	-0.458270725353888	0.579263806308558	0.919189637338942
INTS6	0.152366283670929	0.657058020642034	0.932900306216423
MED23	-0.159025672322677	0.836930952802961	0.975627510304674
YEATS2	-1.46042733071462	0.0241031088953953	0.716098798065544
CIZ1	0.00721994189300545	0.987972216925165	0.997927533042108
TPX2	-0.418413078709001	0.346525106305148	0.867247997370502
TMCO1	0.196134289771322	0.620068696610828	0.926800418595298
L1RE1	-0.414754524529819	0.332997837441872	0.865835346529172
WDR3	-0.0290545611593451	0.911588571459824	0.983980948840568
TTF2	0.346089691934051	0.407024007640853	0.875658027259549
SCAF8	-0.0261568551041549	0.939342777371954	0.987471667580594
PHF8	-0.424435808928919	0.163777429325945	0.838408777802201
ZC3H4	0.0171170994680097	0.957934548563074	0.988441515024069
CDYL	-0.164590905575707	0.727125327484267	0.948752495289315
ERGIC3	-0.0286751435424932	0.92108278609335	0.983980948840568
KDM2A	-0.498399852860185	0.192969910986253	0.838408777802201
LRCH1	0.705496247652398	0.0358182503078823	0.810986307115384
POLDIP2	0.223579781888201	0.715415090842284	0.947668864086448
FCF1	-0.00889903284272719	0.977615416144274	0.994240162964407
TMED5	0.849562969315169	0.293891350160553	0.845619589848614
TMED7	-1.0803268262339	0.0343408327757376	0.795984151323068
CHTOP	0.0753374131294464	0.774704446478009	0.9607643746504
ATP6V0A2	-0.937811716935062	0.156281006535522	0.838408777802201
TRRAP	0.103628073077005	0.749049498000478	0.953980744572653
MYO5A	0.325459758842314	0.570612432619095	0.919189637338942
UTP18	0.111072496663144	0.714336310343311	0.947668864086448
HCFC2	0.623113917546767	0.255397984529811	0.838408777802201
LRRFIP2	-0.785110156953721	0.0734688953810269	0.838408777802201
NCOR2	0.0281823759475088	0.924992181500448	0.983980948840568
RAD54B	-0.378740164454893	0.405457115205221	0.875658027259549
ADGRG1	2.15900644649166	0.0015176282577867	0.178321320289938
TAF6L	0.921268160232756	0.128976179786062	0.838408777802201
PRSS21	0.35168132217315	0.440526978570576	0.890046217061518
IGF2BP2	1.41509467647359	0.217667256847757	0.838408777802201
PIAS3	1.98626750567686	0.000740006811542494	0.113704892773549
MAU2	-0.645936294234136	0.14800443420739	0.838408777802201
MORC2	-0.348690582550063	0.532761285238575	0.911122146630183
TOR1A	1.69571374681562	0.00011648515401343	0.0357967838679734
SLC27A2	0.6416538279822	0.180980742969682	0.838408777802201
SPTLC1	-0.225017473699424	0.554109993666493	0.919189637338942
IDH3B	0.165766166881163	0.720515884035647	0.947668864086448
KHDRBS3	0.311671586324202	0.32354706788175	0.858492250068138
FLOT1	0.81345105203058	0.233066657608671	0.838408777802201
ATP5MG	-0.31976468607898	0.586675231207453	0.919189637338942
CLPX	0.229566653851762	0.615353539209609	0.926800418595298
GOSR1	0.316126729562722	0.496130686044853	0.90339201948459
RAB3D	0.260105508551604	0.644010181279409	0.929506499660704
NSD2	0.635521103921608	0.26436044825195	0.838408777802201
EGFR	1.29672908878719	0.204715961121155	0.838408777802201
COL3A1	-1.40199857257248	0.115220230115674	0.838408777802201
ALB	1.11038773223869	0.19296891847927	0.838408777802201
TOP1	-0.136839589015132	0.782649183494536	0.962199632352588
MGAT1	0.186811789016517	0.585100944108298	0.919189637338942
NDUFS1	0.254914288561583	0.472717729800464	0.89639214305973
HADHA	-0.314202181432396	0.4761056534539	0.89639214305973
CTCF	-0.393018251181545	0.323164033238867	0.858492250068138
CLK3	-0.042369527745425	0.888853001558023	0.982071173595517
DAP3	0.180293751953116	0.611097132336311	0.926800418595298
ALDH3A2	0.807138249867112	0.155033624002896	0.838408777802201
SEC61A1	0.478012965529054	0.440767324296154	0.890046217061518
RAP1A	0.93019814776104	0.100040939503961	0.838408777802201
SEC11A	0.534916119565288	0.183658624371829	0.838408777802201
CKAP4	-0.0988738276400767	0.786812014300144	0.962199632352588
LGALS3BP	-0.0928399247744807	0.715058680903956	0.947668864086448
PRP4K	-0.494222692549698	0.19112673370644	0.838408777802201
ARID5B	-0.0915873818711006	0.826167688469203	0.972207134967024
PDK3	-0.00853804595829288	0.988787096798554	0.997927533042108
MED22	0.944261028134804	0.0269984173263169	0.748634495710453
CLPP	1.48468896260447	0.000827574323393274	0.122450348961338
C2CD3	0.0558474118567887	0.918420114346762	0.983980948840568
FLYWCH1	0.0517047925498098	0.941044343720479	0.987471667580594
SGO2	-0.363043952110189	0.551532753756758	0.919189637338942
RAB11FIP1	-0.15145485494806	0.632071367868884	0.92686461546912
ZC3H18	-0.336328837370615	0.345375617662953	0.867104478904799
SUGP2	0.144854029115542	0.604521804185766	0.924957720307214
KLHL7	-0.118147459506041	0.808352520951029	0.965289883842623
ZNF687	-1.40222243995527	0.233166437536982	0.838408777802201
CLASRP	-0.461738368314016	0.58948890341049	0.920644319438979
NKAP	-0.0158965431210376	0.968538489319686	0.990860759239986
EMC1	-0.0119524595522265	0.977412509044579	0.994240162964407
NUP35	0.0577781323133379	0.835121289833884	0.975400181705309
PNPT1	-0.207711384318593	0.580446067779579	0.919189637338942
PNISR	-1.77642835758806	0.00037381503893226	0.0678814127515627
GLG1	0.130072876453447	0.669126868202452	0.934345277339671
TBRG4	1.75224064094398	0.163932861837439	0.838408777802201
PTCD3	0.505956076946337	0.315070099455209	0.858170206834535
IMP4	0.0438838175420067	0.882245086278693	0.980990448358793
RSRC1	0.306903575310809	0.354338254086665	0.868813649699876
EP400	1.36125323047387	0.0448978849195211	0.838408777802201
YTHDC1	-0.00764002980762513	0.98412330909754	0.996849041542767
LENG8	-0.0801273117827961	0.793540746239193	0.963227069461203
CCNL2	-0.127302487659271	0.84134949482016	0.975848749063979
PPP1R9B	-0.465600395139084	0.117869386865034	0.838408777802201
RNF2	-0.279349716927083	0.504550648395998	0.908373069104107
MPHOSPH6	-0.661813626387904	0.277144933350686	0.838408777802201
PIP5K1A	-0.149602781774011	0.654363077729851	0.93240368475443
DDX50	-0.100174667576052	0.724649779126447	0.948292520425308
SRSF8	-0.224571536994375	0.514068653975399	0.909317189912649
CCDC106	0.0854077002764519	0.822198093404298	0.970077195259944
NSD3	-0.0734884887642338	0.808504857039247	0.965289883842623
OSBPL8	-0.00959603501890172	0.983593109575986	0.996775607294056
INTS2	-0.602039167553301	0.278483909445284	0.838408777802201
CPVL	-0.758974454119478	0.170025294415009	0.838408777802201
ZCCHC4	-0.621100982659016	0.141633700155385	0.838408777802201
ANTXR1	0.143030780805631	0.598529281204973	0.924957720307214
SFXN1	-0.833481885307968	0.0084557615218264	0.480818390546225
CWC25	-0.12191464187881	0.728557814481961	0.948752495289315
MRPL39	0.0263246544706597	0.967507531567287	0.990313243302924
CDK12	-0.188380769725047	0.5206959431281	0.909907283155542
DNAJB11	-1.46854299209337	0.130253203296303	0.838408777802201
DAXX	0.633446088245215	0.159876125231128	0.838408777802201
PCYOX1	-0.0141019758041523	0.964123117074871	0.988749120842768
GPATCH8	0.157985219870277	0.819796894511902	0.969863168026033
ZMYND8	-0.465272051827963	0.160148496310029	0.838408777802201
MED16	-1.22151737846626	0.035931057912246	0.810986307115384
CSNK1G3	0.885335348866377	0.296155412382631	0.848129657683591
HACL2	0.859507150671728	0.285244293075715	0.838408777802201
GTPBP10	0.168610536297479	0.682677792210008	0.939341508094376
MPHOSPH10	-0.115780354504452	0.813639320057131	0.96677741715059
LAMA5	1.30245641762356	0.0742534261052855	0.838408777802201
SPTLC2	0.463423544872644	0.241762972133398	0.838408777802201
RRP8	-0.0301774048800958	0.942880365856157	0.987656422904057
SIPA1L1	-0.0723242231789776	0.803025969638201	0.963939146663377
TIMM44	0.450684747649809	0.256648731646571	0.838408777802201
GTPBP6	0.063779627585582	0.821531154092639	0.969863168026033
PMPCB	0.471720950794534	0.243062152354286	0.838408777802201
ERAL1	0.242535479280505	0.477643422294388	0.89639214305973
MICAL2	-0.505735492356191	0.372609775159737	0.87342211623623
ERLIN2	0.271560514317986	0.361342292166031	0.868813649699876
GLS	0.144028217003935	0.62681392019122	0.92686461546912
MFN2	-0.289649200196568	0.46817762532435	0.892707289195043
VAPB	0.160134042590094	0.847671271321558	0.976435760521416
CPSF4	0.718091085348213	0.482940480972919	0.898947028406905
TGFB1	0.659668271710306	0.155836870876919	0.838408777802201
ALDH2	0.176643231580634	0.574566966732337	0.919189637338942
CENPB	-0.184276873072026	0.608028838266605	0.926067559616884
TRIM27	0.0976688762078766	0.745132755463535	0.952577714584583
ATF7	-1.45067375659841	0.315372494882382	0.858170206834535
SDC1	0.163937704094938	0.706248029337497	0.947668864086448
ATP2B4	0.590538925688012	0.416273965629489	0.877843438571155
PYCR1	0.0423759965857293	0.92442744098665	0.983980948840568
NR2C2	-0.57319738767638	0.326507588833442	0.860680289246286
SUCLG1	0.366192922154038	0.358089373946032	0.868813649699876
BLM	0.628601647824375	0.307965597423876	0.854458957140774
SEC61B	0.115848823320864	0.72499851662297	0.948292520425308
TMEM258	0.311846594735684	0.497358010890068	0.903978732259245
DAD1	0.2600751330408	0.409269636362812	0.875753721087003
RBM6	0.0963404124359499	0.868014198629595	0.977668594985037
ADARB1	-0.626633510975566	0.179075264171899	0.838408777802201
MRPS35	0.65330358567287	0.180364323534214	0.838408777802201
MRPS9	0.111664101748168	0.659783964463793	0.932900306216423
OGDH	0.159446003388371	0.604436263012376	0.924957720307214
CEBPZ	0.284119888270389	0.345669838985797	0.867104478904799
CTDSPL2	-0.131362039820107	0.830556135566327	0.973137874631215
COL16A1	0.831911232170519	0.0489076541935202	0.838408777802201
SPOCK1	0.865633470641711	0.00873718242990723	0.480818390546225
ASPH	0.527560729260863	0.265027631659242	0.838408777802201
DDX10	0.463872369968445	0.254226621714748	0.838408777802201
ORC1	-0.844350248698042	0.0270946094574714	0.748634495710453
MED21	0.420319361205941	0.43736291289653	0.888741015779062
KRR1	0.276399320960714	0.435429707955918	0.888684097336895
C1D	0.638825534898849	0.293145896563713	0.845619589848614
CDK13	-0.0313788996201581	0.936492812175706	0.987147436580988
NID2	0.750203456300156	0.0241985826630409	0.716098798065544
URB2	0.11552422483777	0.74599533295749	0.953313338112286
MLEC	0.064963193467058	0.835504330910785	0.975400181705309
SEMA3A	0.289910842006883	0.446514433737507	0.890046217061518
LBR	0.702964316508272	0.123801362503031	0.838408777802201
GLYR1	-0.0613079255508531	0.906815942167453	0.983980948840568
TMEM41B	-0.414701676858449	0.193372314791965	0.838408777802201
NOM1	-0.0236834523513529	0.955168067737886	0.987656422904057
MEST	-0.443176663621269	0.178850483125851	0.838408777802201
AARS2	0.520420544373888	0.370622576965735	0.87342211623623
LRIF1	-0.358042512551247	0.285131881787387	0.838408777802201
ACBD5	0.550341373680872	0.152390223113891	0.838408777802201
THOC7	0.247491873110384	0.376197339815762	0.874719674602425
MIDEAS	-0.141292024387766	0.744451014089644	0.952562068748525
BCOR	0.138915494275622	0.687056606692119	0.939341508094376
IKBIP	0.129336670833887	0.709111206415611	0.947668864086448
NOL8	0.247992254819675	0.359349923847332	0.868813649699876
TRMT10C	-0.474394650640807	0.592474161937909	0.922421775893198
PHF5A	0.376335364825785	0.282209308953141	0.838408777802201
POGZ	0.859814524197851	0.27197386076372	0.838408777802201
CENPV	-0.529340124547112	0.225734587182683	0.838408777802201
GPR180	0.163415507757819	0.601498771203976	0.924957720307214
MGA	-2.31060533280425	0.0519418100274405	0.838408777802201
CBR4	0.100521572401927	0.758524549895027	0.957024101610603
MMGT1	-0.00613281731604332	0.989120976290721	0.997927533042108
CISD2	0.26285086275071	0.547424845202796	0.919189637338942
DDX51	0.477560040575383	0.177299564075546	0.838408777802201
C19orf47	0.540713190686915	0.392518034302484	0.874719674602425
RBM15B	-0.538582787110361	0.178841881827217	0.838408777802201
PHC3	1.20009224894261	0.10505758412153	0.838408777802201
SNIP1	-0.464541873374706	0.202248299765448	0.838408777802201
ZCCHC10	0.0865972861230944	0.846395638066288	0.976435760521416
DDX54	0.330491322330246	0.406649886197613	0.875658027259549
AHCTF1	0.19715970739243	0.612487941993487	0.926800418595298
DGCR8	0.0823667025894288	0.80588339669817	0.964514430963115
PXDN	0.444749944886496	0.365842007439241	0.871519868646254
P3H4	0.613356242447669	0.475459851244135	0.89639214305973
NCLN	-0.0891157095771362	0.820511766789459	0.969863168026033
CCDC47	-0.296211030584256	0.499139244266991	0.904863694227939
MRPL24	1.48743282551826	0.0169343718491594	0.60806591305621
PYCR2	-0.453633367018533	0.277167916865428	0.838408777802201
MRRF	0.536730339748818	0.37714473496894	0.874719674602425
TMEM41A	-1.3278415622674	0.186357169713264	0.838408777802201
SUCLG2	0.750269868254438	0.318348454281154	0.858492250068138
TMX3	0.371925382229861	0.530533663357305	0.911122146630183
DNAJC1	0.506526455708691	0.197795029890783	0.838408777802201
EHMT2	-0.468538278607124	0.388582258087839	0.874719674602425
B3GALT6	0.0855540253984373	0.752598205702073	0.95425541199689
ATAD5	-0.237771417397898	0.55647570920094	0.919189637338942
PIGS	-0.00107706597158952	0.997967090511864	0.99966869775948
SDF2	0.130303933253821	0.895629703711513	0.983088412441828
RGPD5	0.750015807862805	0.203904586667131	0.838408777802201
BARD1	0.327266838444505	0.241411220130047	0.838408777802201
BUD13	-1.69090492503819	0.206602782984681	0.838408777802201
MRPL45	-0.484684157179309	0.208119884238944	0.838408777802201
GPATCH1	0.216524277874797	0.55332314204738	0.919189637338942
PRXL2A	-0.37169475501107	0.186138208763582	0.838408777802201
PCGF1	0.309673960145116	0.284263347237853	0.838408777802201
MMTAG2	0.259209936078189	0.444359194495699	0.890046217061518
PHF20	0.68745070239293	0.219043646438991	0.838408777802201
BTBD2	2.85965003993335	0.0118441489530865	0.50855489446522
MRPL13	-0.119288756594429	0.684382523924041	0.939341508094376
SETD2	0.135350554614647	0.715315350711834	0.947668864086448
DNTTIP1	-0.0338230244105198	0.914933036472163	0.983980948840568
ZNF106	-0.0476065325877641	0.878792609160319	0.9804793357787
TFB2M	0.0217024121764453	0.930032039074163	0.984754305884251
CCDC134	0.535257043700025	0.249738200439051	0.838408777802201
RIOX1	0.0406407372846971	0.893822549591484	0.983088412441828
SCAF1	0.199114965536339	0.534706961608652	0.912463505130523
NT5DC2	-0.340651953873962	0.368756455859833	0.87342211623623
TMT1A	0.0657717832096054	0.851322580833532	0.976435760521416
BRD9	-0.351176643835508	0.411585897561008	0.877843438571155
WDR76	0.275198505101862	0.388254758874625	0.874719674602425
L2HGDH	-0.474257074006733	0.141871484716131	0.838408777802201
CARS2	-0.17625091297856	0.597979274342823	0.924957720307214
MRPS30	0.431534400016822	0.206065151375623	0.838408777802201
UTP3	-0.0489627061319773	0.87315212406887	0.978168997574783
ASH1L	-0.205921249763133	0.538369887924613	0.913579682806442
IARS2	0.506961505275402	0.111241324556516	0.838408777802201
DECR2	0.083762163106254	0.789620265861975	0.962199632352588
ABHD10	0.133524134323672	0.687753169255582	0.939341508094376
CHCHD3	0.142200960051262	0.603966066005649	0.924957720307214
ING3	-0.901976263226878	0.0118871372479566	0.50855489446522
AATF	0.792803059563511	0.0689547933497951	0.838408777802201
FKBP11	0.790189559880286	0.194219779314871	0.838408777802201
FASTKD2	-0.212447827319611	0.44776544548465	0.890046217061518
HACD3	-0.196137874288379	0.494738050351496	0.902601127255006
USP36	0.0412004058404918	0.88208651680268	0.980990448358793
CHD7	-0.242387162951857	0.664355787530844	0.932900306216423
XPR1	0.639890583505281	0.21505553503381	0.838408777802201
SEC63	0.205345524824597	0.712313247941436	0.947668864086448
TCF20	-1.58339804254389	0.0821754393953699	0.838408777802201
NOL12	-0.0797252814301714	0.859463075154387	0.976865462022279
SALL4	0.977016955887994	0.101482601897334	0.838408777802201
SCML2	0.137832950996167	0.664057222331153	0.932900306216423
ICE1	-0.0647014743665224	0.796753652778066	0.963653639671684
FNDC3A	-0.243590358575666	0.506251714863495	0.909317189912649
MRPS17	0.201542810038383	0.676873283489126	0.938275075481978
ACOT9	0.107908540056386	0.703752869010821	0.947268433860589
MRPS2	0.558863948739038	0.220116586166691	0.838408777802201
MRPS23	0.180542400378108	0.532711159339045	0.911122146630183
RBM19	0.362610669395654	0.404769372093502	0.875658027259549
TBL2	-0.141289873334841	0.627219010620058	0.92686461546912
PAXBP1	0.412874537134641	0.24547612283855	0.838408777802201
SRPRB	0.626471994104527	0.283189957153191	0.838408777802201
ALG5	0.365771003102804	0.515045505753778	0.909317189912649
DNMT3A	-0.327908478165412	0.254691339328145	0.838408777802201
NDUFS3	0.317328913523216	0.244530171262078	0.838408777802201
SVIL	-0.0766113778467528	0.850150915053814	0.976435760521416
UQCRC2	-0.470283211510015	0.192455891526806	0.838408777802201
CDK19	-0.207367567147486	0.443008011516248	0.890046217061518
CLK2	0.164590092801092	0.686065629629911	0.939341508094376
MRPS34	-0.642095133183247	0.158442355215286	0.838408777802201
SRSF4	-0.173678653808025	0.597554540887721	0.924957720307214
RBM45	0.348770665938481	0.312919498812308	0.858170206834535
NCSTN	1.1056287709759	0.240764894760306	0.838408777802201
NOL10	0.14571909461856	0.681329283647809	0.939341508094376
MAK16	0.0337264914585695	0.913713405335276	0.983980948840568
MRPL1	1.60039397064711	0.175787756491536	0.838408777802201
SIRT7	1.01626331798676	0.0599635698074882	0.838408777802201
MRPL16	0.750167770127042	0.0384778532292017	0.827588801572713
KLHL8	-0.402982709386237	0.649432295105827	0.931988149191127
SLC25A13	-0.665302565437372	0.0586174367447825	0.838408777802201
VDAC3	-0.288470287265831	0.534216238116712	0.912438593961635
DDX52	-0.0188684689445324	0.947562173628027	0.987656422904057
RRP7A	-0.097097174242915	0.735833902154382	0.950516203472097
VWA8	0.42513716302674	0.141971289432368	0.838408777802201
HAX1	-0.880081396129626	0.065989842032962	0.838408777802201
NDUFS8	0.576105155210243	0.180097465841487	0.838408777802201
TNFRSF10A	0.861462359436537	0.237587493350126	0.838408777802201
AGRN	0.6213491897898	0.114708070368102	0.838408777802201
NDUFAB1	-0.0683703802805304	0.893881609389859	0.983088412441828
UQCRQ	-0.10949439452083	0.717439901838389	0.947668864086448
NPC1	0.337537003368425	0.491616847608816	0.900508622740588
GNPAT	0.435783039718444	0.272408224336273	0.838408777802201
TAPBP	-0.699303890344559	0.269368170391889	0.838408777802201
GPAA1	0.408800545880496	0.424526119862602	0.881487447427804
NDUFS5	0.215102626402071	0.607960057581287	0.926067559616884
OPA1	-0.331284623141237	0.498527405137837	0.904863694227939
ABCB7	0.425839427743163	0.278906041600783	0.838408777802201
NDUFS2	-0.115481959115556	0.715674669985189	0.947668864086448
LRCH4	0.361417953162338	0.582071848834344	0.919189637338942
SURF6	0.285611065831517	0.57545448875305	0.919189637338942
CRTAP	0.193009715668737	0.518110846322299	0.909317189912649
ATP5PD	0.480298960777105	0.234773874815973	0.838408777802201
PRSS23	0.924820386452719	0.00892305591847877	0.480818390546225
LETM1	0.183322790180981	0.708409044860774	0.947668864086448
SGPL1	-0.447778037941998	0.334129162587709	0.865835346529172
CTDNEP1	0.240901239708393	0.460332985308752	0.892226733964463
TOMM40	-0.405521199774995	0.326161791734218	0.860680289246286
MT-CO2	-0.641870910886727	0.21955722658814	0.838408777802201
SLC4A2	0.441035517019237	0.405304489441773	0.875658027259549
APP	1.21024122247777	0.156035070999905	0.838408777802201
COL5A2	1.99747852513563	0.00107543267831402	0.140261559821456
SERPINE2	-1.09596202706532	0.0102600834476622	0.491939269098062
CYC1	0.268258006062133	0.563864420995219	0.919189637338942
MET	0.729968922340021	0.221409502197894	0.838408777802201
GSTM1	0.151225090652432	0.722315817557756	0.947668864086448
COX6C	-0.0895459889127181	0.849081408156429	0.976435760521416
COX4I1	-0.19487161180939	0.623208633390368	0.926800418595298
BMP1	0.5123900382426	0.129835521292567	0.838408777802201
COX7A2	-0.311561967020531	0.500650104054986	0.905328056746813
PVR	0.493997980946915	0.317071033832878	0.858492250068138
ENG	0.488294214110518	0.344195429904557	0.867104478904799
CDH2	1.12406317226662	0.207167378068791	0.838408777802201
NDUFV2	0.0306670591042248	0.932397078500816	0.98560132531689
COL5A1	0.368748831927704	0.483232077303449	0.898947028406905
ENPP1	0.700225173457653	0.273166929879967	0.838408777802201
GAL	0.516643558549593	0.164836374852369	0.838408777802201
CPT2	-0.551242583705129	0.431673176975487	0.885282035536973
ATP5PB	0.0519134314296252	0.898745122347758	0.983695003775149
EPHB2	0.747774488822024	0.19223803881254	0.838408777802201
ATP5F1D	0.92680459931367	0.0928550275406611	0.838408777802201
UQCRC1	0.131146753662339	0.873735016713227	0.978168997574783
ABCC1	0.364557625716394	0.243171769437013	0.838408777802201
ATP5F1C	-0.316572819336571	0.368134340899029	0.87342211623623
SREBF1	-0.0254694744501514	0.946300824511417	0.987656422904057
GGCX	-0.215411250601431	0.583559855623169	0.919189637338942
COL18A1	2.43079165444757	0.000254354977312416	0.0534814807559527
ECE1	1.83338322002808	0.101645596479093	0.838408777802201
SLC1A4	0.381865914550513	0.385217871670938	0.874719674602425
GPD2	-0.0802663459880684	0.756634202680883	0.956567607503204
STT3A	0.0721068419675532	0.852766173895097	0.976435760521416
UQCRFS1	0.3500440397384	0.388628575299934	0.874719674602425
ATP5PO	-0.397423140241862	0.234511030901264	0.838408777802201
MRPL19	0.112655622377687	0.761955503769764	0.957613277814578
NDUFV1	0.0194064467777331	0.96067992914202	0.988749120842768
SLC26A2	0.581736264779462	0.179889370460795	0.838408777802201
BCAM	0.423897109609474	0.396069652550501	0.874719674602425
NDUFA8	0.316195368402795	0.450488535233824	0.890046217061518
MRPL12	-0.375624544391385	0.242309557343616	0.838408777802201
HCCS	-0.180347513678583	0.660061103809986	0.932900306216423
CACNA2D1	1.27559730740872	0.294659768153986	0.845619589848614
EPHB4	-0.298839895778066	0.50691496214594	0.909317189912649
SLC12A2	0.722748122927424	0.213659527091548	0.838408777802201
HADHB	-0.0782468262044418	0.839877355378418	0.975848749063979
ATP5MF	-0.17332741900033	0.62026610800995	0.926800418595298
ITGA1	0.610977610762642	0.186450892386769	0.838408777802201
ATP5ME	1.41920437002341e-06	0.999995823020212	0.999995823020212
HSD17B7	-0.13407419166138	0.715437304707252	0.947668864086448
CD81	-0.243655391448627	0.450963603620391	0.890046217061518
TIMM10	-0.0713017792489268	0.841501612146535	0.975848749063979
VAMP2	-0.24393379108643	0.382633302328628	0.874719674602425
CXADR	1.13461701085391	0.274625462226204	0.838408777802201
MRPS22	-0.403423705204766	0.344401158569503	0.867104478904799
MRPS25	-0.247240225293154	0.419151796736634	0.878547443842001
LACTB	-0.11352266547641	0.731183643773301	0.949326830313401
HSPG2	-0.136504014173354	0.79158000126193	0.962374347243278
TFAM	-0.416652087178125	0.229592754481022	0.838408777802201
SLC25A11	-0.671356560991214	0.0195060861092924	0.630803416961401
LMNB2	-0.0337578129867779	0.912615022287309	0.983980948840568
PLAUR	0.898642007695081	0.0635893673378148	0.838408777802201
STX4	0.604810371505241	0.274584346649991	0.838408777802201
PTPRJ	0.0662776705006536	0.871513579740022	0.978038279040981
BNIP1	-0.0707732649445596	0.838864463121039	0.975848749063979
MRPL49	-0.0842578757096497	0.809491116893192	0.965636611522335
MSLN	0.645468855351723	0.582578168915698	0.919189637338942
NNT	-1.0463829999818	0.0859286978775255	0.838408777802201
SLC39A6	-0.590874109043206	0.682511326336069	0.939341508094376
ADAM9	0.123748675723927	0.665946459744387	0.933493370764501
ADAM15	-0.258208220410964	0.552536454236146	0.919189637338942
MTX1	0.304297550730475	0.338881001230387	0.865835346529172
FLOT2	0.685329844467294	0.129132866670373	0.838408777802201
RCN2	0.56837786793557	0.500783261311346	0.905328056746813
GNA13	0.885590387094265	0.247843993593247	0.838408777802201
SQLE	-0.167251844491794	0.80041766122175	0.963653639671684
MESD	-1.19348769027621	0.283237941201928	0.838408777802201
SLMAP	0.240095935183906	0.422811864983866	0.88045714838938
ARL6IP1	0.171888240230576	0.832099869772273	0.973137874631215
PON2	0.018062611763451	0.960123452909976	0.988749120842768
PTPRK	-0.143316211918869	0.718724834493697	0.947668864086448
DECR1	0.178455205034936	0.684002047759983	0.939341508094376
UGT8	0.189832970693935	0.562337472098001	0.919189637338942
IMMT	-0.247201398142245	0.405084802438089	0.875658027259549
LY6K	0.773415579083572	0.157831715458611	0.838408777802201
ALG11	-1.30458195442738	0.0720430930803014	0.838408777802201
HSDL1	0.416482677031816	0.288699467578819	0.841548193572257
TIMM50	0.530593149999703	0.285124807953169	0.838408777802201
TMEM97	-0.678696009709334	0.0622952457899312	0.838408777802201
PIGG	0.48962946963406	0.302364239033102	0.85177147413692
CT83	0.201318314435113	0.621756640964398	0.926800418595298
MIA3	0.606743455908102	0.33897271351638	0.865835346529172
MTARC1	0.000628460279738619	0.998914133446108	0.99966869775948
CDKAL1	-0.0411766918835994	0.897147535451959	0.983088412441828
LPCAT4	0.0254570412039001	0.950295378429778	0.987656422904057
STEAP3	0.518842212145543	0.17252555241181	0.838408777802201
MCTP2	0.258922791224709	0.571579153279583	0.919189637338942
DHRS7B	0.192293825351282	0.49219498576469	0.901154430856984
SLC25A24	-0.841716050329769	0.0238525055335887	0.716098798065544
RETSAT	0.823071062836238	0.10438074840785	0.838408777802201
TMEM214	0.110096589924979	0.804464803093218	0.964514430963115
SLC27A4	0.389115664020167	0.232122676355923	0.838408777802201
TMEM205	-0.0225261154970937	0.94859063230905	0.987656422904057
LCLAT1	0.211652432187499	0.603123485169978	0.924957720307214
CD109	1.12766592662476	0.299528244623233	0.849814699550831
ACAD11	-0.16513778857237	0.617215213208635	0.926800418595298
ERMP1	0.620511146028228	0.123637508603372	0.838408777802201
MRPL21	-0.476412805498477	0.193774592372573	0.838408777802201
GALNT7	0.506427214825532	0.346682115594666	0.867247997370502
ADGRG6	0.156842143902221	0.824026636334657	0.970982586736187
DHDDS	1.02527110905335	0.269531464886007	0.838408777802201
GALNT10	-0.0765825654976027	0.812974854354983	0.96677741715059
GPAT4	0.345370227257831	0.552861507776122	0.919189637338942
TRABD2A	-0.619525321703982	0.201087719248212	0.838408777802201
LONP2	1.23009286073416	0.0390701023336514	0.827588801572713
CPNE5	-0.433931145521885	0.253824232465078	0.838408777802201
TMEM126B	-0.407062574705943	0.215491964300302	0.838408777802201
P3H3	-0.41211163995553	0.231310535179806	0.838408777802201
ITPRIP	0.326496306244575	0.524125312282257	0.91092876458026
TMEM192	0.555974549632026	0.187140127017278	0.838408777802201
MICU2	0.00589279053421521	0.984687813366238	0.997016827145484
ELMOD2	-0.150390734766592	0.844994718675562	0.976312141906239
RDH10	0.654563694655007	0.156633634898906	0.838408777802201
GHDC	0.88541795176268	0.113054274622322	0.838408777802201
ABHD12	-0.196520579113837	0.549425262158921	0.919189637338942
DHRSX	-0.18751448862352	0.623012676858893	0.926800418595298
XXYLT1	0.326420963338968	0.517529574937336	0.909317189912649
UBAC2	-0.486674977592173	0.186946973973392	0.838408777802201
RDH13	0.317672306178959	0.557736617754163	0.919189637338942
TTC13	-0.273196248366574	0.668674694401487	0.934160859797058
UXS1	0.117897032684894	0.771099673117575	0.960731094737386
DIPK2A	0.117130098414659	0.750032682679199	0.953980744572653
VANGL1	1.12377792952543	0.314692447059923	0.858170206834535
DNAJB14	0.150713803978295	0.7290546718135	0.948752495289315
STT3B	0.0498520080191049	0.889288440988687	0.982071173595517
NUP210	0.0604540090950429	0.853703145856286	0.976435760521416
USP33	2.05289619228952	0.0120202847172646	0.50855489446522
SLC38A5	0.0990016891084586	0.818031027744903	0.968880508698751
THEM6	0.0581346584519693	0.84990984183516	0.976435760521416
DCAKD	-0.391707729293454	0.211593664629792	0.838408777802201
TFB1M	0.362357454265123	0.398321265296432	0.874719674602425
FAR1	-0.405903355946737	0.228752519907121	0.838408777802201
SLC44A1	1.34278782840295	0.126813474464214	0.838408777802201
BRI3BP	-0.0167430441156071	0.964003736186043	0.988749120842768
TM9SF4	-0.115026199038322	0.808717206813832	0.965289883842623
UBXN4	-0.133672658624487	0.770364846080139	0.960551672937003
PIGK	0.0743172852752814	0.865720052613189	0.977242006334296
NECTIN2	0.113328177192876	0.877538863478546	0.979812118389266
PIGT	-0.0196935634785547	0.943535849291886	0.987656422904057
FAM162A	-0.196455211280483	0.649201702037756	0.931988149191127
TTC17	-2.44977571164484	0.00168711139089591	0.187222500184144
FAF2	0.230653158916475	0.369764589608217	0.87342211623623
RSPRY1	0.232631511475976	0.675031386911896	0.937022373423566
DNAJA3	-0.886534110684948	0.28451455266047	0.838408777802201
HPDL	0.409213129795841	0.459680132586095	0.892226733964463
ATP5MK	0.120488009404824	0.638651299367545	0.928078059907652
TXNDC15	0.306375923034039	0.285326346448218	0.838408777802201
SLC35E1	0.68285288436752	0.242956453086033	0.838408777802201
DHRS1	0.777065974547021	0.0120932953627524	0.50855489446522
TMEM68	-0.638395531858496	0.0724469849727378	0.838408777802201
MBOAT7	0.529413097513196	0.144285330717064	0.838408777802201
MIA2	0.197207693432805	0.495288397675279	0.902681180982089
TMEM237	0.25545664321573	0.455026961703843	0.890888235752981
SLC38A2	-0.0905698217119948	0.752655520200801	0.95425541199689
FYTTD1	0.347527003948127	0.313715071118979	0.858170206834535
H2AC1	-0.450330010235078	0.415654432901347	0.877843438571155
VPS13A	0.0973643807836346	0.701779537283642	0.946283829915889
MYADM	0.597625546406029	0.134518890156284	0.838408777802201
CYP2S1	-0.176742683948735	0.552749718990747	0.919189637338942
CDK5RAP1	-0.644203653242485	0.553141104990238	0.919189637338942
YME1L1	-0.269369637153126	0.455579776926172	0.890888235752981
PKMYT1	0.0511605502798531	0.880284721842582	0.980990448358793
SIGMAR1	0.216403835205572	0.506019915662173	0.909317189912649
SLC29A1	0.180733383856669	0.762350555270171	0.957613277814578
RNF5	0.469200487519629	0.205659657172264	0.838408777802201
ADPGK	1.18381978353339	0.0131486762115569	0.52815661710084
NDC1	-0.0453205988698038	0.900667932308536	0.983759662064354
ISCA1	-1.22140439238958	0.00747949943035621	0.466884378504267
DERL1	-0.102238088120451	0.721348233782433	0.947668864086448
ABHD6	-0.524933676328338	0.228935500131983	0.838408777802201
TMEM109	0.827685539312498	0.225472574958383	0.838408777802201
NUP58	-0.584570244391369	0.120546067386286	0.838408777802201
MRPL20	0.135582342483747	0.711038555319359	0.947668864086448
MRPL37	-0.219753397431557	0.468172507588552	0.892707289195043
SLIRP	0.406709940383038	0.216815030880772	0.838408777802201
SLC22A4	1.25280935751519	0.00651070772584041	0.43350462274554
MAGT1	-0.0547640812721042	0.869203856089769	0.978038279040981
UNC93B1	-0.0188459318928409	0.972572521485169	0.99271966367792
TMX4	0.696611375600902	0.223549202481478	0.838408777802201
SLC38A1	0.375647469662674	0.52573841979941	0.91092876458026
MRPL46	0.301851525562178	0.270454494648578	0.838408777802201
TOR3A	-1.19224939422739	0.16888179730697	0.838408777802201
TRABD	1.27280744338189	0.0521105971237678	0.838408777802201
ACAD9	0.119443259068078	0.707419163736013	0.947668864086448
MRPL44	-0.199832322639725	0.499211393067019	0.904863694227939
RDH14	0.0374088124496446	0.902005417307066	0.983759662064354
PREB	-0.0147284181393132	0.962855821724065	0.988749120842768
ABCB6	0.362434682954735	0.427542443704863	0.882703908320893
PNPLA8	-0.302079396401879	0.629532209763308	0.92686461546912
SARS2	1.67908838625186	0.298997706353131	0.849112631004594
CD320	0.0378038271554253	0.899549591500175	0.983759662064354
TOMM22	-0.68132437455737	0.241596550922793	0.838408777802201
SACM1L	-0.710415295692567	0.344177503061574	0.867104478904799
UFSP2	-0.204337776435146	0.559014202419694	0.919189637338942
ATAD3A	-0.147899237764232	0.716336589538577	0.947668864086448
MRPL22	-0.334831401764664	0.463629247535998	0.892226733964463
SMPD4	-0.167078295311683	0.658741408612897	0.932900306216423
TOR4A	0.584298950632643	0.298097889385755	0.849112631004594
QPCTL	0.344198056461533	0.430524527742157	0.884920073347583
DNAJB12	0.455463434855194	0.332575042786546	0.865835346529172
UGGT2	0.216583165316628	0.635971927757991	0.926986604753534
MTCH1	0.278715263673302	0.413909135380653	0.877843438571155
NDUFAF4	0.442092788792788	0.141463344269296	0.838408777802201
NDUFA13	-1.81026441704946	0.135344924827255	0.838408777802201
CHPF2	-0.525180170200507	0.146662235530303	0.838408777802201
STX18	0.149434145269506	0.654086320091547	0.93240368475443
MRC2	0.530900351140808	0.267323462507479	0.838408777802201
ADGRE2	0.222273977332513	0.464409064946049	0.892226733964463
PLXNA1	1.30867264849287	0.194742201376673	0.838408777802201
STOML2	0.0118719255540753	0.967335702747538	0.990313243302924
RAB23	5.21976023866387	3.20612187254184e-05	0.0155883998826134
HIGD1A	0.384788426204288	0.408741727791809	0.875658027259549
SLC5A6	0.0580488623631794	0.905728900006843	0.983980948840568
YARS2	-0.442635744185406	0.262110384265956	0.838408777802201
MRPL11	-0.130874251138469	0.711227531760721	0.947668864086448
LOXL2	-0.729750301180079	0.212064332022563	0.838408777802201
TIMM10B	0.540201326425702	0.248829265478309	0.838408777802201
TIMM8B	-0.129362847244472	0.732451333168809	0.949458436072272
TIMM13	-0.165208585728376	0.58879692872887	0.919923242186874
FADS3	0.578724187749302	0.561475340224793	0.919189637338942
AUP1	0.683579341105464	0.0855893453096582	0.838408777802201
MTCH2	-0.419238107709681	0.252573932816876	0.838408777802201
TEX264	0.124188778224219	0.792304235705832	0.962961795450198
CEPT1	0.269863393847565	0.567965143527289	0.919189637338942
SLC4A7	0.556129907724987	0.446720702152042	0.890046217061518
COX11	0.298679664259275	0.401698617459857	0.875658027259549
LGALS8	-0.352651086696863	0.584074803318141	0.919189637338942
ADAM10	0.236108788472116	0.635128059720721	0.92686461546912
ICAM1	0.198174406204803	0.58728600087708	0.919189637338942
YES1	0.0875477862573319	0.852480250327244	0.976435760521416
PTPRA	0.79176278941334	0.0286244654629792	0.762364930164012
NT5E	-0.143398228663688	0.80259099147526	0.963939146663377
FECH	0.524167365606523	0.253834818125554	0.838408777802201
PTPRM	0.572066462768319	0.353915707034173	0.868813649699876
AXL	-0.0626860516713741	0.854956566719134	0.976435760521416
KRT2	0.997347215451668	0.0411838132632784	0.838408777802201
GLIPR1	-0.210122038190143	0.525111960273359	0.91092876458026
HARS2	-0.106429105017114	0.714985517411423	0.947668864086448
ROR2	-0.571040319830065	0.716279673362728	0.947668864086448
EFR3A	0.357062626949052	0.397919288931852	0.874719674602425
NBR1	0.991030545785222	0.0261929964239299	0.74743586224
RARS2	0.279343685075435	0.390305004382681	0.874719674602425
ATAD3B	-0.0807314224956137	0.866279919947484	0.977242006334296
CD276	0.384638241195319	0.362870376707009	0.868813649699876
GOLM2	0.32911908221309	0.346090467707414	0.867104478904799
MRPL10	0.527431943728079	0.194188373019983	0.838408777802201
PIP4P1	0.144807739860237	0.659563964660355	0.932900306216423
SLITRK4	0.59371951631471	0.133604305038841	0.838408777802201
KIAA2013	-0.698302883868912	0.315095438300238	0.858170206834535
MCU	-0.0839551683800579	0.813121773055038	0.96677741715059
MAIP1	-0.151334004811261	0.626320985073608	0.92686461546912
MRPS27	-0.040255209399561	0.90233800676018	0.983853803768264
RAB8B	-0.154311506825589	0.615650934463611	0.926800418595298
PGAM5	-0.453507505869077	0.418919095042013	0.878547443842001
FBXL20	0.559626138050653	0.319125136271717	0.858492250068138
AGMAT	0.407688754803292	0.681462299924412	0.939341508094376
NDUFAF3	0.0363871530382518	0.96173375373139	0.988749120842768
TMEM126A	0.19351236505457	0.555405193267232	0.919189637338942
XYLT2	-0.312167073618753	0.457396051837333	0.891799525178207
RAB20	0.844282109511063	0.243201091440503	0.838408777802201
CMTM6	-0.293728861304132	0.511518736485675	0.909317189912649
EXTL2	-0.665564776558131	0.101955097604452	0.838408777802201
LAMTOR3	0.67154030807373	0.276969775984112	0.838408777802201
PTRH2	0.708207013251627	0.293367416112215	0.845619589848614
PLXND1	-0.460675042164269	0.364752897967868	0.869443811086893
F11R	0.136122911106042	0.779242794096176	0.961122248352647
SLC12A7	0.572789399538173	0.380240152916784	0.874719674602425
NFS1	-0.174531198500055	0.786585892589629	0.962199632352588
NBAS	0.883888857989337	0.0779286796303001	0.838408777802201
METTL15	0.725408956296206	0.36446043362326	0.869265332731298
SYNM	0.489954924060868	0.363183678347633	0.868813649699876
AGPAT2	-0.126945085999374	0.78947903633437	0.962199632352588
ABCC4	0.726466818467443	0.160694649261852	0.838408777802201
KCNN4	-1.11863366452733	0.029393739005486	0.771475328937359
ECEL1	0.69356708811064	0.214856196963778	0.838408777802201
TMEM50A	0.435010005648905	0.558311982433985	0.919189637338942
MRPL3	0.322587922784123	0.426620776528808	0.882168738215626
COX5B	0.291541814940516	0.356385260635859	0.868813649699876
GJA1	-0.725038372990184	0.100989677608081	0.838408777802201
EPHA2	0.538778226766613	0.168085328429675	0.838408777802201
SOAT1	0.220230626219525	0.571096367954035	0.919189637338942
PNPLA4	0.864297058241792	0.223841105386319	0.838408777802201
NES	0.301239055821295	0.397605274824771	0.874719674602425
EPHA5	0.467455044933537	0.47186294492436	0.896264760221723
BRPF1	0.377492970413815	0.489729656862264	0.900508622740588
NDUFA6	0.0526043974174968	0.89720004539145	0.983088412441828
UBE2G2	0.680961791625801	0.131307956231368	0.838408777802201
HBA1	1.59424939743447	0.00156760619261382	0.178931049699778
MRPS5	0.999353834137576	0.0462680376676715	0.838408777802201
MRPS15	0.40514191753342	0.471361366951382	0.895855690281052
MRPS21	0.793725008250899	0.221997356363691	0.838408777802201
PDE3B	0.692505157753473	0.277612404230212	0.838408777802201
PEX6	0.133066259198909	0.750857847464982	0.95409576991813
NCOA4	-0.0423382507640255	0.924883968900729	0.983980948840568
SPCS2	0.205154457978477	0.57551190528063	0.919189637338942
MTX3	0.0824363934305836	0.769661333672991	0.960551672937003
EARS2	-0.315896371562367	0.447845093112289	0.890046217061518
MRPL2	0.177674198526763	0.717326568730786	0.947668864086448
GOLGA7	0.228753877701614	0.448257342414335	0.890046217061518
ADCK1	0.153787486520326	0.675589918970836	0.937471943830667
SLC35F2	0.242209891683739	0.663471646936185	0.932900306216423
PNPLA6	0.402544493462987	0.230965129981475	0.838408777802201
UBE2J2	-0.322118918719422	0.488055371859854	0.900508622740588
JAGN1	0.257620653373728	0.559161044528518	0.919189637338942
LEMD2	0.0310532526869238	0.920257269688995	0.983980948840568
GPRC5A	0.546355949325154	0.250894222203414	0.838408777802201
COQ8A	-0.442500326801493	0.587407044837627	0.919189637338942
GADD45GIP1	-0.721825078570326	0.337523781778541	0.865835346529172
CD99L2	-0.087811402628013	0.859152503286949	0.976865462022279
SLC7A6	1.14424066545443	0.130558740987781	0.838408777802201
LPGAT1	0.364865258262714	0.408065649584041	0.875658027259549
MRPS31	-0.518745664174006	0.189070652035082	0.838408777802201
TAMM41	0.490836347851854	0.376953875503074	0.874719674602425
FOXRED1	0.141733214426178	0.632158855616934	0.92686461546912
MRPL38	0.431659734364324	0.201301010528767	0.838408777802201
MRPL48	0.913905688964647	0.194174301494591	0.838408777802201
NARS2	-0.527753037102212	0.423228320468977	0.880623510559148
KIRREL1	1.03665884311053	0.169711618421948	0.838408777802201
PANX1	-1.13154842256565	0.389644580577782	0.874719674602425
PKP2	0.60828856362749	0.132157851051904	0.838408777802201
UQCC2	-0.0144471889782771	0.957437196457054	0.988441515024069
RAB11FIP5	0.106160599589277	0.780282084995311	0.961507109498374
MRPL9	0.678001182130014	0.235997442947189	0.838408777802201
MRPL4	0.436190343376229	0.122188342262116	0.838408777802201
MRPS26	0.43197039708016	0.352211869747529	0.868813649699876
ZDHHC5	1.1270357076265	0.0458972590987848	0.838408777802201
GHITM	-0.0229749995762667	0.947561273446165	0.987656422904057
RHOF	0.0398122853213074	0.955218342860639	0.987656422904057
EPB41L5	0.722675474957828	0.338330883802274	0.865835346529172
DDX28	0.26935647652337	0.44055669411574	0.890046217061518
UQCC1	-1.30736679505205	0.154476914270778	0.838408777802201
CLN6	0.175538846183478	0.710385661408129	0.947668864086448
OCIAD1	0.148736121096132	0.73865562013519	0.950860201283838
ELOVL5	-0.253897830189516	0.398813998038095	0.874719674602425
CISD1	0.0333090286266966	0.901864638190474	0.983759662064354
MRPL15	-0.0258653803099165	0.952055099060188	0.987656422904057
ADAM22	0.161481648424278	0.734865755754672	0.950183447618809
MRPL27	-0.338920095575372	0.658143419405424	0.932900306216423
AFG3L2	0.0537978112880459	0.834325460152745	0.975169752285025
TIMM22	-0.135722984883031	0.620949830279812	0.926800418595298
PEX16	-0.113816099879301	0.851256515919533	0.976435760521416
MRPS18B	-0.765420596614206	0.166454818356672	0.838408777802201
NDUFA10	2.2705845366153	0.129617768652451	0.838408777802201
IGF1R	0.132956586713338	0.77011652293486	0.960551672937003
JUNB	-0.490894140341112	0.323506020618497	0.858492250068138
TOMM20	-0.605474703499503	0.29993459984147	0.849814699550831
AGK	0.298765129642241	0.340153968746836	0.865835346529172
EMC4	0.0241827201571745	0.953520964501242	0.987656422904057
ASPHD1	-0.00630030836208206	0.990791903933	0.998512249587933
CADM1	1.01362489539097	0.0615086257604028	0.838408777802201
CLMP	1.85967475736447	0.00634727429550013	0.429785776449543
TIMM9	0.349078024425296	0.470353710343789	0.89521982316376
PXMP4	-0.229176790034668	0.614464027839921	0.926800418595298
C1orf226	0.427834067974985	0.659195467445849	0.932900306216423
CYSRT1	0.314868001677759	0.558888415631867	0.919189637338942
HACD1	-0.242887669258174	0.420520017234758	0.879109088881663
GET1	0.0707714870114202	0.919124718098969	0.983980948840568
POLRMT	0.124503441271209	0.700492416076542	0.945747618190532
PODXL	0.158059178210138	0.664045912058891	0.932900306216423
C2CD2L	1.04796718386412	0.115947029309569	0.838408777802201
NEMP1	0.173805592270924	0.756223532039058	0.956351063784754
EI24	-0.0692516871680837	0.832048020083371	0.973137874631215
BCKDK	-0.5507647840532	0.187492343937603	0.838408777802201
PRORP	-0.0690386010411075	0.87386361760811	0.978168997574783
BET1	-0.69703420974686	0.106959234487722	0.838408777802201
ABCC5	-0.596730351557426	0.108815155054798	0.838408777802201
NDUFS4	0.587942354490394	0.211468377539519	0.838408777802201
EMC8	1.12769149663404	0.262517620095624	0.838408777802201
NDUFB5	-0.0492494942777419	0.921765546573193	0.983980948840568
SLC25A17	-0.0246482581578285	0.963472063456366	0.988749120842768
MAN1A2	-0.536880339217468	0.300846340373153	0.850588202258137
TPST1	0.215173438310018	0.642103543478846	0.928633097301535
TIMM17B	-0.680942865047719	0.0608155160829394	0.838408777802201
PTCD1	-0.0688558316804233	0.885398000636591	0.982000281105825
NDUFS7	-0.00254667440798784	0.994044262871992	0.99966869775948
NDUFS6	0.244227646473444	0.482810406184527	0.898947028406905
MTX2	0.180150383969764	0.535416140603982	0.912463505130523
SLC25A12	-0.313577965804228	0.541048179465472	0.916387339181301
SCO1	-0.151659401718256	0.598202958254159	0.924957720307214
WFS1	-0.751146686687118	0.101955839458937	0.838408777802201
TMCC1	-0.0708272034136073	0.927977435227863	0.984459114461622
GLCE	-0.392211546682688	0.368728390024965	0.87342211623623
NDUFB6	0.255960558631283	0.613945735915347	0.926800418595298
ZFPL1	-0.240882886580408	0.444821238582187	0.890046217061518
NDUFB4	0.203718243383726	0.614466318103563	0.926800418595298
NDUFB8	0.0309030196536924	0.916867210363899	0.983980948840568
NDUFA7	0.104161806277283	0.818521216786195	0.969081042758569
PIGN	2.3572605095322	0.00128614914331059	0.155701994773509
ABHD16A	0.803479592676538	0.279881787327979	0.838408777802201
TRUB2	0.511815694082919	0.261163238153999	0.838408777802201
NDUFB10	0.173021914257308	0.580683447090078	0.919189637338942
PEX11B	0.159495210389672	0.671226350343513	0.935461124355417
HLA-H	-0.477549126108503	0.32427154076416	0.858492250068138
MT-ND4	-0.385062141870645	0.400800573433295	0.875450131692735
MT-ND5	-0.359265319964287	0.560901478205075	0.919189637338942
HMGCR	-0.880508156668697	0.174507268199345	0.838408777802201
S100A8	-2.72292681354586	1.14884384107781e-05	0.00917926229021167
S100A9	-1.24991726007548	0.488064499037989	0.900508622740588
KRT16	0.889969143113003	0.165035497862866	0.838408777802201
SRGN	0.0400075256120225	0.88060036228832	0.980990448358793
DBT	-0.0741639725413847	0.816657431691965	0.968459374492168
SLC25A4	-0.0454844561099854	0.891304307816316	0.98237058271529
KRT5	0.824826926119428	0.134631732426245	0.838408777802201
CD59	0.491535237564833	0.42589965824449	0.882127874003816
MUC1	0.55873047520231	0.167800948036142	0.838408777802201
TMEM11	0.40002979302843	0.275823288234475	0.838408777802201
NDUFB7	-0.553957921231177	0.256728433626961	0.838408777802201
ATP5PF	-0.090078338073571	0.794356158577286	0.963227069461203
JAK1	-0.00140271343287779	0.997231846383137	0.99966869775948
PTDSS1	-0.160479344027635	0.584558530020034	0.919189637338942
DGKE	0.366841932705452	0.261003687572235	0.838408777802201
SLC25A1	-0.24742724725624	0.435478057286035	0.888684097336895
NDUFV3	-0.575092165447725	0.104366821089166	0.838408777802201
PEX3	0.247907265254227	0.603796151826424	0.924957720307214
YBEY	0.859378997553172	0.188609990840341	0.838408777802201
ROMO1	0.0358519004309628	0.920263460006891	0.983980948840568
MRPS11	0.172507531683497	0.610589726751634	0.926800418595298
DHODH	-0.0487511404963392	0.910502061034916	0.983980948840568
LAMTOR4	0.879695649051065	0.204998802425655	0.838408777802201
SREBF2	-0.660455065093011	0.131788604634211	0.838408777802201
PPIG	0.17395593789621	0.682826707386024	0.939341508094376
TUSC3	0.290687418311947	0.456741542866319	0.891393484978479
STIM1	-1.61588697204522	0.079817821525854	0.838408777802201
MRPL58	1.04867748312409	0.0539781828085445	0.838408777802201
ITPR2	0.26108314419432	0.612058199359339	0.926800418595298
ITPR3	-0.111386425416697	0.726906340950741	0.948752495289315
INPP5A	0.0883821030044984	0.781489513131529	0.961814727344565
SLC75A1	-0.449443215833366	0.270977668673215	0.838408777802201
FASTKD3	-1.12025182850936	0.242064271060491	0.838408777802201
EMC2	-0.104048018150383	0.78993398713331	0.962199632352588
OXA1L	-0.351558687039489	0.222431185020954	0.838408777802201
MTFR1	2.44781015669663	0.0324985058259783	0.795984151323068
DIXDC1	-0.408926742277458	0.262980614538985	0.838408777802201
TRAM1	0.162789705309784	0.750030496730956	0.953980744572653
MRPL23	-0.261315474670607	0.713893272867465	0.947668864086448
CYP1B1	-0.0682898997591792	0.83093979709347	0.973137874631215
TMEM132A	-1.13165981907933	0.0195793801509922	0.630803416961401
DPY19L1	-0.313046839544878	0.583758063465692	0.919189637338942
GRAMD1B	0.755603566761458	0.276423350943087	0.838408777802201
FNDC3B	0.0512586582793837	0.872590878500865	0.978168997574783
MPV17L2	-0.707668306481231	0.0947241259510489	0.838408777802201
OCIAD2	0.217861115891949	0.771408752302141	0.960731094737386
ALG10	-0.120565256128028	0.728636870195498	0.948752495289315
RABL3	2.61572864105873	0.110865285501807	0.838408777802201
COX20	-0.239834629329923	0.41811683404341	0.878547443842001
C6orf136	-0.261894600826523	0.552295309967806	0.919189637338942
EMC10	1.79149082718936	0.00403435477017823	0.322344946137241
GLT8D1	0.0362613168292398	0.88780479847221	0.982071173595517
NCR3LG1	-0.571198605862101	0.364299390717152	0.869265332731298
LRRC8E	0.0134860641368704	0.968073216007217	0.9906384472205
RHBDD2	0.0907072589274023	0.79111886160179	0.962199632352588
TAPT1	0.88202225183462	0.158793629547477	0.838408777802201
LPCAT3	0.509406675309769	0.102238342965148	0.838408777802201
SFXN4	0.660943452933484	0.286803012435392	0.838408777802201
CNNM4	1.2376594663675	0.0139176332710655	0.539814999202978
SLC30A9	0.18367915055741	0.716121241629336	0.947668864086448
UQCC3	0.331233704335109	0.395561789762321	0.874719674602425
APOOL	0.0740750411207074	0.847363561230996	0.976435760521416
HACD2	-0.0457899044354235	0.928466408971377	0.984459114461622
DPY19L3	-0.926215349991924	0.122962839832687	0.838408777802201
TMTC3	0.359490001384309	0.380405144755007	0.874719674602425
BTN2A1	0.330450799603767	0.510415990039765	0.909317189912649
COX15	-0.0184942036963527	0.979444487124577	0.994240162964407
LRRC8D	0.411979854962997	0.383882525637927	0.874719674602425
PLEKHH3	0.241347765062699	0.52550562983692	0.91092876458026
COMTD1	0.260232485565435	0.551574432656118	0.919189637338942
NDUFA11	-0.316506343741569	0.368517665226295	0.87342211623623
LRRC8A	0.792923091320905	0.111001438378384	0.838408777802201
LMTK2	3.75038545889609	0.000475136356031456	0.0825291192324203
RHOT2	0.377759230016032	0.269154084869445	0.838408777802201
RHOT1	-0.155754765273745	0.648292762951619	0.931964587258625
MRPL41	0.460824887693143	0.696978793782641	0.943554822487852
NRM	0.123094482721978	0.763201823238003	0.957635977072818
DSEL	-0.706072802734965	0.390869990455254	0.874719674602425
PUSL1	-0.53136650357397	0.240385282273194	0.838408777802201
NDUFAF2	-0.250413297573466	0.394654660790263	0.874719674602425
GTPBP8	0.513244694839901	0.339135602209561	0.865835346529172
GUF1	1.18385069606199	0.0786487273793464	0.838408777802201
MACO1	0.727882859525746	0.203286782825543	0.838408777802201
MRPL50	0.525166114265357	0.223439078281875	0.838408777802201
PARP16	0.378199942830207	0.278760156873146	0.838408777802201
KRTCAP2	-0.740809729651623	0.375929733584546	0.874719674602425
CCNYL1	-0.56946212485488	0.251528143598525	0.838408777802201
POMGNT2	0.337624679496479	0.464262519524611	0.892226733964463
ATAD1	-0.188733773082809	0.530287784440923	0.911122146630183
SLC30A7	1.00151844825045	0.00566455045911763	0.407139951258096
SLC30A5	-0.169738723498515	0.665860839292672	0.933493370764501
OCC1	-0.161248408002887	0.82148448242141	0.969863168026033
GDAP1	0.29396725467026	0.437032680900816	0.888741015779062
SPPL2B	0.222188420695531	0.667406836145448	0.934160859797058
PIGO	0.155800026347364	0.740092006068978	0.951308740104752
PTPMT1	-0.505415798861304	0.51650939573887	0.909317189912649
NAT14	0.270784445944649	0.522640428858278	0.91092876458026
UQCC5	0.276188009168671	0.568950712903762	0.919189637338942
STON2	-0.496932914283228	0.272208107933728	0.838408777802201
SLC39A7	-1.23709480575238	0.10771447843821	0.838408777802201
PIEZO1	0.999527771680516	0.0720754993774783	0.838408777802201
TMEM131	2.73879007185176	0.0129052459478456	0.52815661710084
ALG3	0.0530711140987563	0.88312139849988	0.980990448358793
HTRA1	1.90377389867219	0.106465387233841	0.838408777802201
MTARC2	0.0435357728608565	0.93000815630033	0.984754305884251
PBXIP1	0.574248627878447	0.276146518395695	0.838408777802201
MCUR1	0.962820851104158	0.0391525115137028	0.827588801572713
CCDC127	0.394337061046372	0.75918003284461	0.957362446721659
SARAF	-0.158153467890568	0.685191889944163	0.939341508094376
NSUN4	-0.372592865973346	0.420422286958187	0.879109088881663
COQ8B	-0.416483649650225	0.52812910665429	0.911122146630183
DNAJC19	-0.22978969006968	0.392527460656567	0.874719674602425
MTERF3	-0.0494903212390341	0.916913879044651	0.983980948840568
MRPL53	-0.0561985432741032	0.872722322240217	0.978168997574783
DMAC1	-0.264598703999635	0.380130012364467	0.874719674602425
MYO19	0.926265427879514	0.0176826958100503	0.615967064643753
PRR11	0.207311019053115	0.601267617362693	0.924957720307214
OXNAD1	1.17719230883845	0.0104717073649647	0.491939269098062
CARD19	0.128536984467242	0.773544280047416	0.9607643746504
MIMS1	-2.30626737914245	0.0026153459644024	0.261207678194689
TWNK	-0.384832817190969	0.50886587731366	0.909317189912649
TMEM209	-0.379270343511983	0.397074664628468	0.874719674602425
IMMP2L	-0.795981225951525	0.071047942711782	0.838408777802201
RMDN3	-0.0894890946883393	0.761419138362899	0.957613277814578
MTERF1	0.05811391671946	0.85284031687757	0.976435760521416
PKP4	0.443466077220613	0.180046594867533	0.838408777802201
TIMM17A	-0.547808543711291	0.349986323813662	0.868813649699876
AGPAT1	-2.59137113534422	0.0254413097227667	0.741883447755131
ECSIT	-0.435094736310177	0.531696346020089	0.911122146630183
VKORC1	-0.0824028836070241	0.776108243146174	0.9607643746504
CHCHD6	-0.0303275379925161	0.927195876231186	0.984459114461622
PGAP4	-1.36964075112652	0.012825315536848	0.52815661710084
TIMM29	0.177435036559611	0.622616380209013	0.926800418595298
APOO	0.182450782479272	0.570331371472093	0.919189637338942
EMC6	0.0420684035301733	0.88268659451028	0.980990448358793
PTDSS2	0.234006602638978	0.602834710674625	0.924957720307214
ALG8	0.520156592927624	0.310951406617637	0.858170206834535
TIMM21	0.332447478876855	0.408720688949442	0.875658027259549
ELOVL1	-0.365388726276922	0.440438335349734	0.890046217061518
HIGD2A	0.493458821751183	0.549318400775685	0.919189637338942
LTAP1	-0.0223944129431999	0.948720556747589	0.987656422904057
SFXN3	-1.14863789601777	0.0857812159108213	0.838408777802201
SGPP1	1.79515180275119	0.000895050704010509	0.127704555804357
SLC26A6	-0.292946040610577	0.585763313263617	0.919189637338942
SEC11C	0.555911018760654	0.220930558692574	0.838408777802201
FUT8	-0.774204451129627	0.222241008165375	0.838408777802201
TRIM4	-0.078935060147316	0.836231695204176	0.975400181705309
OSBPL5	0.0724004972296548	0.851542021804203	0.976435760521416
GLT8D2	-0.0810565646990256	0.863700469079856	0.976985485113131
PORCN	0.597074827895018	0.261238119600419	0.838408777802201
ARV1	-0.291210187410016	0.632731599620834	0.92686461546912
TMEM245	-2.26566954899151	0.0117623145428302	0.50855489446522
MTG2	0.425774528771157	0.307533571309399	0.854378732532022
PCNX3	0.0162777973600221	0.975326395453203	0.99373347356173
ALG9	0.482281775492432	0.252175961315625	0.838408777802201
SLC25A22	0.792015543212969	0.121871027681975	0.838408777802201
UBTD1	0.419804956155268	0.33061985767076	0.865835346529172
PDF	0.474329783137545	0.270559146956965	0.838408777802201
PLGRKT	-0.739717371157088	0.0573631831375281	0.838408777802201
SLC25A19	0.065410229825634	0.853851961092003	0.976435760521416
GPAM	0.040115790365121	0.92736729088376	0.984459114461622
CSNK1G1	1.06836540561672	0.233772974616782	0.838408777802201
ATP13A1	-0.031149604923435	0.913687745369129	0.983980948840568
JPH1	0.216387892464759	0.571965602549607	0.919189637338942
EMC7	-0.162410847976368	0.577288238045302	0.919189637338942
NGRN	0.0838481254132759	0.814115413762435	0.96677741715059
TIMMDC1	-0.206153420798923	0.620445614902807	0.926800418595298
PXMP2	0.0777718652329114	0.864211004378065	0.976985485113131
ABCB10	0.27391802024923	0.482805090056595	0.898947028406905
OSTC	-0.0614301684955478	0.843062242331867	0.976302066422693
TREX1	-0.112237164040934	0.693982527678008	0.943334534900865
AGPAT5	0.0755609256805521	0.859113503164257	0.976865462022279
EXD2	0.053164392668581	0.900941888350287	0.983759662064354
DNAJC11	0.070301595448182	0.794993202986887	0.963299316327757
MTPAP	0.575769007659471	0.099239180844432	0.838408777802201
RMND1	0.278788894449384	0.449646934717621	0.890046217061518
TMEM160	0.00149625921989127	0.996461916475829	0.99966869775948
USE1	-0.594694962525907	0.199025920753903	0.838408777802201
EMC3	-0.375236965669622	0.346190649274882	0.867104478904799
TMEM9	0.0246007046993277	0.941457405130906	0.987471667580594
STIM2	-0.509181557261304	0.225726037005252	0.838408777802201
B4GALT7	0.511358884723375	0.281834947626161	0.838408777802201
SLC25A10	0.00155928342337575	0.995589128448368	0.99966869775948
PISD	-0.182431052851069	0.626324035668013	0.92686461546912
WARS2	0.861756821485869	0.132247306680753	0.838408777802201
SUN2	-0.0156344054877557	0.962475174453608	0.988749120842768
CEMIP2	0.913979642530254	0.148867577201846	0.838408777802201
CYB5R1	0.279006107019818	0.623762300937247	0.926800418595298
NDUFA12	-0.123132791697781	0.760487706028604	0.957613277814578
CCNL1	-0.130915386989876	0.784499806680055	0.962199632352588
ERG28	-0.0457868047455356	0.923376868904205	0.983980948840568
KIDINS220	0.652247635633689	0.204348901078705	0.838408777802201
SPG7	1.39541121314227	0.350410527895952	0.868813649699876
RCE1	-0.646557060681189	0.0377074817768087	0.827588801572713
RXYLT1	3.18088614664241	1.14525766850522e-05	0.00917926229021167
EXOG	0.0673474395720497	0.813923707765732	0.96677741715059
DNAJC16	0.0908417380459241	0.798689144600658	0.963653639671684
LAMTOR2	0.640721246366567	0.149397380876828	0.838408777802201
MRPS7	-0.236445382028368	0.403605372694545	0.875658027259549
TMX2	0.211801540533759	0.663104781330107	0.932900306216423
NDUFAF1	-0.134852808674506	0.732473316639485	0.949458436072272
MRPS16	-0.073805570291249	0.787832355709264	0.962199632352588
PAM16	-0.227822591066634	0.603333304510874	0.924957720307214
DAAM1	-0.970244436746576	0.375862575574998	0.874719674602425
SAMM50	0.464231806679564	0.146082431635117	0.838408777802201
DNAJC15	0.349198787403704	0.434797827880263	0.888684097336895
NPTN	0.173777403134668	0.604517028184682	0.924957720307214
SPCS1	0.209518187193723	0.508602948342933	0.909317189912649
MRPL42	0.429694048599302	0.572433377882493	0.919189637338942
NDUFB9	0.756716545060524	0.244178477525609	0.838408777802201
SUN1	0.411593360118768	0.43555530978364	0.888684097336895
NKTR	0.196140352757507	0.547060579817232	0.919189637338942
ZNF326	0.121164135393386	0.723388261174446	0.948292520425308
TMEM201	0.291820876479253	0.717095928879317	0.947668864086448
CHSY1	0.431577648977605	0.186056116827002	0.838408777802201
NHP2	0.102619240706709	0.785311328836009	0.962199632352588
KIF26A	-0.463961691035841	0.399994052191305	0.875074511130077
RBMX2	0.233565048602852	0.523971333258417	0.91092876458026
CBX4	-0.622347170303165	0.288620686582805	0.841548193572257
RGPD8	-0.278274185428213	0.459976064630913	0.892226733964463
UTP20	0.0197998929861711	0.94116270708428	0.987471667580594
MYC	-0.420492056412666	0.197267709437592	0.838408777802201
AHDC1	-0.28588645842364	0.536374786766132	0.913391847029283
NKAPD1	0.492271006027501	0.673708969333036	0.936212504555852
RPS19BP1	-0.355957963658408	0.278045250966429	0.838408777802201
PHIP	0.0199484585643575	0.950378540999975	0.987656422904057
POM121	0.190491945646833	0.644023527174175	0.929506499660704
ARHGAP39	0.105944502915193	0.794658587429427	0.963227069461203
SAP130	-0.523244884095678	0.342936438892508	0.867104478904799
GLIPR2	0.706994092459365	0.0878344986329606	0.838408777802201
BCLAF3	-0.462017645564821	0.151364599877886	0.838408777802201
POM121C	0.0252340092321468	0.967197857750008	0.990313243302924
SAP18	-0.478532748783408	0.179818798790251	0.838408777802201
CHD2	-1.96883805547578	0.00423682455778209	0.331884590359597
WDR46	0.140467049742348	0.759939176425577	0.957613277814578
BIRC5	-0.428874576720879	0.205271912603066	0.838408777802201
TNRC18	-0.341509527655408	0.309950579736329	0.856329575412609
NUP42	0.0634036732129708	0.875455945047156	0.978306713416332
SUV39H1	-0.704126736211286	0.166872657587447	0.838408777802201
SIPA1L3	-0.289399611101114	0.332270782865571	0.865835346529172
MCM3AP	0.381566810282862	0.518355296780451	0.909317189912649
MAFK	-0.8747454839759	0.160442253113764	0.838408777802201
SIN3B	-0.627998390732238	0.198005192427777	0.838408777802201
WBP4	0.0681324651627904	0.882389381370017	0.980990448358793
NSA2	0.0997765679612819	0.747273339879196	0.953483549286933
BRD1	-0.571428392098035	0.232460862232259	0.838408777802201
FN1	2.22165638827849	0.00121637592017561	0.151856931284424
H1-0	0.259766117475593	0.531682514534757	0.911122146630183
CLK1	0.689475206802626	0.315536113466556	0.858170206834535
BRCA2	-0.66509124392379	0.0485495594324968	0.838408777802201
HIRA	-0.63140139142719	0.507106455452598	0.909317189912649
ACTG1	-3.18976739908851	0.33904493856322	0.865835346529172
AKAP17A	0.947892319214358	0.122987793510839	0.838408777802201
CENPC	0.100764030980613	0.911752902071254	0.983980948840568
RLF	0.797373653335043	0.139161099120061	0.838408777802201
CDK10	-0.29076715482848	0.355384800791897	0.868813649699876
ZMYND11	0.698060414248452	0.446610712945474	0.890046217061518
TTF1	0.240505188625313	0.431893538738814	0.885282035536973
PWWP3A	-1.0306831353257	0.15851704674096	0.838408777802201
CCDC14	1.49272235691621	0.0601396094597302	0.838408777802201
TIGD2	-0.527112311284824	0.113937244147596	0.838408777802201
CDCA8	-0.15386932715818	0.695934373493435	0.943554822487852
BEND3	0.102136552024021	0.827166971652795	0.972207134967024
ATXN7L2	-1.35765149928061	0.103627700526563	0.838408777802201
H3-7	-0.704910514350008	0.131021303655753	0.838408777802201
ZNF318	-0.653227222408336	0.185687566299331	0.838408777802201
TASOR2	-0.329513266208401	0.255775136258917	0.838408777802201
SNRNP48	0.10564601735841	0.750841310326024	0.95409576991813
RMP64	0.357668206907643	0.285139735482228	0.838408777802201
MIS18BP1	-0.200249465120482	0.537095621791643	0.913579682806442
ARHGAP11A	0.143209372547854	0.644570267122984	0.929671807717732
ATAD2	0.0805148203874424	0.895694747965654	0.983088412441828
UBN2	-1.27791607514695	0.0518034557224071	0.838408777802201
CENPU	-0.463502042732056	0.223334139428271	0.838408777802201
CENPQ	-0.0425396379170877	0.974794850710063	0.99373347356173
MCM10	0.915097442016247	0.0882890233143162	0.838408777802201
RGPD4	0.297158348562061	0.436617036921803	0.888741015779062
RAI1	0.510759276157955	0.50965987020648	0.909317189912649
C5orf24	-0.0626565562874575	0.91691124285549	0.983980948840568
TADA2B	0.093532124467206	0.84507819442097	0.976312141906239
KMT5C	1.13264575503639	0.308990426696189	0.855451666425001
CCDC71	0.161210973233487	0.668075858322703	0.934160859797058
BACC1	-0.054103310857947	0.859739415386817	0.976865462022279
GRAMD1C	-1.68884775758926	0.0340050751633056	0.795984151323068
CENPL	-0.881705737210815	0.181451334936933	0.838408777802201
ZCCHC7	0.178925807928742	0.845384495773746	0.976336802745701
ZCCHC9	-0.206308430368477	0.518399626499833	0.909317189912649
HJURP	-0.355311766755563	0.265421778510293	0.838408777802201
ZNF280C	-0.205994414993611	0.658262644122357	0.932900306216423
SUPT20H	-0.0451911010743089	0.958751156625348	0.988441515024069
PPHLN1	1.2944374854778	0.180669996087809	0.838408777802201
RP9	0.0853247477514536	0.791195442372528	0.962199632352588
BAHD1	-2.59092237920648	0.026119009376434	0.74743586224
CHD6	0.247903093490336	0.617537593952764	0.926800418595298
HASPIN	0.0563049508937894	0.834097902556878	0.975169752285025
NOC3L	-0.216211404594006	0.511331776741686	0.909317189912649
EVPL	-0.614695568516495	0.478648383811608	0.896806821647279
KAT2A	-0.364187941838505	0.297183492442387	0.849112631004594
H2BC1	0.111905579734231	0.776139202875516	0.9607643746504
MED8	0.00613864719466761	0.983752723186102	0.996775607294056
CENPN	-0.659619044555381	0.147885295904013	0.838408777802201
SENP5	1.37336031969219	0.0229392519351091	0.69955962962413
MED30	-0.140773873382486	0.801231308135794	0.963653639671684
THOC3	0.194287317350902	0.523966302056063	0.91092876458026
NEURL4	-0.093292986235916	0.856672676001893	0.976435760521416
NSD1	0.145812963595553	0.753235980282822	0.954385582375475
RNPC3	0.287728950685359	0.438078445374953	0.889290340077712
KLHL15	0.275043966484798	0.557190959826635	0.919189637338942
ZNF512	0.499668037715271	0.20559741657829	0.838408777802201
INTS15	-0.0922000859677397	0.799393332668906	0.963653639671684
TTC14	0.471731851754392	0.135218293040334	0.838408777802201
TRERF1	0.203318767451186	0.474830380123218	0.89639214305973
KIF20B	0.623711366584939	0.622328399076174	0.926800418595298
MPHOSPH8	-0.0913791333692338	0.75050685541016	0.95409576991813
TUBA1C	0.596059252523983	0.152329465541663	0.838408777802201
WDR83	0.561666480274546	0.190161342583796	0.838408777802201
TRAF4	0.328195418240881	0.662143168407042	0.932900306216423
PRR14	-0.257616824057742	0.771813785083327	0.960731094737386
EPC1	0.349913904237635	0.707896845338287	0.947668864086448
ZNF644	0.633292158126135	0.140574999681986	0.838408777802201
SP140L	6.68865869513925	3.63659090065829e-06	0.00726409032406493
USP42	-0.119191650879575	0.78355639725851	0.962199632352588
RPF1	-0.457181783201001	0.455624287847255	0.890888235752981
CLK4	0.577895817780696	0.0966180165089255	0.838408777802201
SP110	-0.120256565760023	0.840370841213429	0.975848749063979
PATZ1	1.10819652454044	0.0415071146702818	0.838408777802201
CBX8	-0.211544205226062	0.405705285091325	0.875658027259549
SENP2	-0.349830606439937	0.441531300500837	0.890046217061518
BRD7	-0.550218651883839	0.136302414368315	0.838408777802201
INCENP	-0.0236376841908488	0.955270192265651	0.987656422904057
ADARB2	-0.39399157622352	0.283783301255757	0.838408777802201
MED11	-0.62706742867444	0.152643838041503	0.838408777802201
POLR1H	-0.0720720552595431	0.89015957130309	0.982071173595517
PHRF1	-0.0549683572824229	0.884062477773325	0.981063777417899
ZBTB4	0.875174901972507	0.0768203419783084	0.838408777802201
CGN	0.0807580149106002	0.845588319774749	0.976336802745701
APOBEC3B	-0.285748070782791	0.384562810445828	0.874719674602425
RSL24D1	0.205850500088644	0.628913399017367	0.92686461546912
BAZ2A	0.289268264801105	0.415312624833421	0.877843438571155
MBD1	-0.0261654870329444	0.929908602442341	0.984754305884251
ING1	-0.179884375197247	0.636449382297611	0.926986604753534
TASOR	0.20497939134119	0.552508595474757	0.919189637338942
NXT1	-0.715307251939716	0.0832136923510643	0.838408777802201
CASP8AP2	-0.842457746415519	0.0955187428712993	0.838408777802201
ZNF346	0.410663103769856	0.226765109155388	0.838408777802201
INO80	-0.00783765732599306	0.979802205737455	0.994240162964407
ATAD2B	0.219062218766872	0.696391953383422	0.943554822487852
PPP1R9A	-0.335955369075485	0.298087621753278	0.849112631004594
PRR12	0.669093535383809	0.362378797186233	0.868813649699876
ABT1	0.385378588291232	0.344209226400472	0.867104478904799
UTP11	0.474565998283246	0.236577052581035	0.838408777802201
CABIN1	-0.073749941207204	0.856179341271163	0.976435760521416
HOXC11	0.422639975587188	0.543158340277357	0.917900833082928
NPAT	-0.676744402159319	0.0819758792892331	0.838408777802201
AMOTL1	-0.118750827524767	0.751529836279634	0.954178832283101
H2BC26	-1.11644011326058	0.0464456170489863	0.838408777802201
FSAF1	0.226550304997495	0.615876785686013	0.926800418595298
LZTS2	0.470545893280537	0.372240416911624	0.87342211623623
PLEKHG3	0.841048389719841	0.109638167803365	0.838408777802201
ZBTB11	0.4392592405963	0.171651573308748	0.838408777802201
GPANK1	-0.76360843637957	0.0760720053760675	0.838408777802201
KRT14	0.102315697219261	0.920742026944332	0.983980948840568
CIBAR1	-0.403402799629902	0.218625723965289	0.838408777802201
N4BP3	-1.4694718639857	0.00905445440791322	0.480818390546225
SPOP	-0.0909557959027474	0.742627970826546	0.952170358699208
PDE8A	0.0288238773695007	0.979182627240847	0.994240162964407
CEP152	0.965893857245124	0.213616274374321	0.838408777802201
HBB	0.76082962676448	0.31557913265631	0.858170206834535
VTN	0.773301360935502	0.0741498340807374	0.838408777802201
APOB	1.43033204063277	0.0910441489687076	0.838408777802201
YJU2B	0.359838604114749	0.436122849850898	0.888741015779062
MAGEA3	0.440778933954977	0.449105786944517	0.890046217061518
RGS19	1.06254934154254	0.13389221218697	0.838408777802201
KANK1	-0.107135487454933	0.801668231993248	0.963653639671684
KRT72	0.0118746238795957	0.973552443360412	0.99328346300308
KIAA0753	-0.857249234121419	0.111726029656591	0.838408777802201
FLG2	1.23476422258515	0.0914199445664622	0.838408777802201
FAM83B	0.254021039368467	0.465405634228114	0.892226733964463
CROCC	-0.433856258395554	0.624285338282841	0.926800418595298
TTLL5	-0.304316164802565	0.667325341225098	0.934160859797058
ZNF770	0.197929223521825	0.576813447226888	0.919189637338942
CEP128	0.637504752144562	0.276896718554324	0.838408777802201
USP54	0.484127325187348	0.144567380296464	0.838408777802201
CNTRL	0.79180859281017	0.180260065799544	0.838408777802201
SPATA24	-0.203043035749609	0.549200648296354	0.919189637338942
GAS2L3	-0.159337669479925	0.672314801838404	0.935461124355417
CEP57	0.405589039383642	0.515701449149264	0.909317189912649
ZC3H3	0.73063790957525	0.239160583486437	0.838408777802201
CNTROB	0.105283831881724	0.864089972692404	0.976985485113131
ZCCHC24	0.190596346265309	0.727537744992124	0.948752495289315
ARL6IP6	0.215162233731764	0.725164868560529	0.948292520425308
PDCD7	-0.245815142654543	0.437193381850943	0.888741015779062
SYNE1	0.892577060885003	0.0498310539308469	0.838408777802201
SYNE2	0.0222319911558628	0.940032240325137	0.987471667580594
SSH1	-0.409728610210919	0.467767504778991	0.892707289195043
N4BP2L2	-0.290068266292987	0.486985949069862	0.8999462763987
PPP2R3C	0.514791966449483	0.233616708068843	0.838408777802201
TBC1D31	0.00845620425004512	0.98315056507517	0.996775607294056
RRP36	0.318834650184662	0.529355850903705	0.911122146630183
GMCL1	0.11115781902183	0.821031062203086	0.969863168026033
CEP63	0.39011388898243	0.4844240037227	0.899751669504529
SERPINB12	0.556260970738549	0.0561937859507473	0.838408777802201
UBL5	1.07187497850175	0.0955120763128098	0.838408777802201
TOPORS	0.138472098154029	0.849994884109007	0.976435760521416
SIPA1L2	0.152427752376944	0.79704833355285	0.963653639671684
ZMAT5	0.80220158684493	0.148841247607786	0.838408777802201
CEP164	0.260650007841043	0.404657729726606	0.875658027259549
CCDC61	0.129936459334491	0.713180564471803	0.947668864086448
ABLIM3	0.984451775390585	0.318906752728263	0.858492250068138
KRT77	0.588982802996547	0.264358567703766	0.838408777802201
CEP95	0.0874311220789998	0.869449131009194	0.978038279040981
MPHOSPH9	-0.120072068308748	0.64109882611077	0.928633097301535
TENT2	-1.12384255706319	0.0545899826982312	0.838408777802201
SLC2A7	-0.287079302655194	0.488890960676374	0.900508622740588
SYNE3	0.0784399562196825	0.923706131601634	0.983980948840568
AHR	0.845757939274467	0.427162029760434	0.882374513388281
WDR90	-0.499535345191845	0.229829018153099	0.838408777802201
FRS2	3.98896807772762	6.52943066713748e-06	0.00869502517173808
