gene	logFC	P_Value	BH
NUDT4	2.60297185731471	2.39724276629859e-07	0.000110722650268416
RBM47	0.429196464745246	0.221749747298697	0.620473169933703
UBA6	-0.447803498785063	0.0278368009445527	0.348325535499977
BLTP3B	-0.0886989967811687	0.804542773661169	0.93828751074301
SHTN1	-0.117191065460759	0.465325771547091	0.781485926143294
SH3PXD2B	0.601560789023807	0.390523065922367	0.747272257163722
TYW5	0.314728865912912	0.402895383225284	0.753389899300316
FUOM	0.85832692164481	0.119077923898742	0.497449692182719
SBNO1	-0.00366194263790831	0.98798902727067	0.995922462493734
WDR91	-0.410668823206677	0.0837200646128449	0.45474090017365
VPS37C	-0.556011601076492	0.11464534377916	0.490502619765356
CNOT1	0.0419328179552494	0.95132380872507	0.98496190847771
MAP1LC3B	0.624413325543841	0.0662869601447325	0.415923241565814
FAM83G	-0.482906000190294	0.393657426217878	0.750936597767196
PGP	-0.97169108026052	0.0228532890406862	0.322301156508914
RIMOC1	0.297070291271332	0.320448342433817	0.696106773975748
RCCD1	-0.304818758712962	0.230802184037306	0.626148362715012
EEF2KMT	-0.325631404582161	0.302268004384742	0.68185609047718
CASTOR2	-0.310712198567277	0.435999560962182	0.77020307817295
UNC119B	0.313012105923747	0.225760655570712	0.621707868062802
CCDC85C	2.03870819875195	0.042305468775596	0.390796767814568
SAC3D1	0.391436049924764	0.165912207685394	0.57330558814152
RTL8C	-0.125603833869704	0.564621155635965	0.836853257149976
ZSWIM8	-1.34003952713112	0.0686104209126503	0.420626144294119
SNRPG	-1.70442358371188	0.0280986403657854	0.348325535499977
EIF3C	0.732366132763204	0.0136190442127371	0.280579658050735
UMAD1	0.128848050964891	0.578350771483478	0.846161321476814
NACA	0.0435135062787566	0.819553770040673	0.94249958926246
RSMC	0.149898040738453	0.36262317520556	0.733384035240582
ASDURF	0.924695737484694	0.221882222467194	0.620473169933703
KIF2A	0.585961635196291	0.0207348504380068	0.311159361567609
PDLIM1	0.145208831753976	0.787325039166134	0.934660672063776
ACOT7	-0.0228164277411587	0.923522911257032	0.976950505474834
MYO1C	-0.292880470410143	0.213729707737158	0.60978448872577
SNAP23	-0.389316660959523	0.0642234869521106	0.41346506181585
AIP	0.48954168468353	0.100696517949344	0.473534913545004
GTPBP1	0.196029555019294	0.358056275284069	0.730003040736936
STXBP3	-0.047822417144225	0.862036546365291	0.9539353977919
SMAP	-0.0917573929057305	0.633362898254046	0.866188836586157
AP3B1	0.324744888028132	0.341882371018808	0.71694401868019
NFKBIE	-0.464548631968711	0.0624936881752993	0.412704158085212
PSMD11	0.295851801410318	0.215980358399284	0.61293964998875
PSMD12	-0.0626288066432537	0.718486779402919	0.905725552926777
PSMD9	-0.953893877900622	0.179208839089619	0.581845095979385
SUPT5H	-0.158093208206893	0.558486367122039	0.83453579788556
DFFA	0.217378355828593	0.343708289296668	0.717110180096661
CLIC1	0.179017891843969	0.330713623652067	0.708398167764863
EIF3F	-0.145164915011076	0.543363734588051	0.823514765915853
PIK3CD	0.677527702688813	0.0361489951212599	0.374147162389511
WASL	-0.640036400863281	0.026641458022222	0.344196459412973
PDE2A	-0.0912886117666289	0.93024437078577	0.978159632912185
IPO5	0.23005917925056	0.165398533971433	0.57330558814152
EEF2K	-0.181601511014335	0.521907434755431	0.811558564825795
IGF2BP3	0.647077055083955	0.010768113505444	0.247218373816332
DNM1L	-0.00488761016305261	0.974956121689428	0.991251804305108
RTCA	-0.156405502895048	0.530209312636684	0.81573428990597
PIK3C2A	0.672425292155722	0.369075029201062	0.73711653475613
IFRD1	0.337144021097217	0.353561693408146	0.728549968668438
PIK3R2	-0.223011685633274	0.468914039984321	0.783737856542881
EXOC5	1.37003965951969	0.283635197947216	0.666817345312742
PSMD14	-0.271043140530232	0.209339013821412	0.60690783576684
ZNF593	0.70153480599306	0.0217467140573989	0.314628628090065
BIN1	0.281229749944508	0.192112864811592	0.598026146148976
KPNA3	-2.39525823685535	0.0498929335396411	0.398985030734214
VWA5A	0.27248925700053	0.23013876558589	0.625731977425771
SDCBP	-0.0463293270038818	0.857840061206422	0.953409786425665
PITPNM1	-0.67803656390247	0.0889618525392606	0.456433199922357
DDX3X	0.173148720842999	0.350631150149828	0.725003973029444
PIR	-0.159590349985915	0.365594792029436	0.735368947495245
PEX7	-0.528154352067013	0.306434113020025	0.684351816178952
KPNA4	0.771393038350631	0.105638229440442	0.475097339495435
PPP6C	0.0897661441924598	0.682706945019776	0.892956517468344
UBE2C	-0.00293692186911443	0.995676809927708	0.997865799830981
PDXK	-0.372040556251314	0.304590114573237	0.682097256574613
TXNDC9	-0.0317747812332811	0.835923329014139	0.946884334980761
TRAFD1	-0.421860214115593	0.316614322833137	0.693473576092734
UBFD1	-0.0745857474279106	0.699791896662862	0.901266084179261
COPE	-0.383706559003915	0.394203105654662	0.751124529895067
RFXANK	-0.563774011430233	0.0513363703441215	0.398985030734214
EIF1AX	-0.0671909654763141	0.804252326943993	0.93828751074301
AP3D1	-0.0644169532609205	0.789756080686723	0.934660672063776
CCS	-0.215081152872706	0.223598741880823	0.621275413084061
ABLIM1	-0.0775723392939653	0.850142081057403	0.952443381286602
DVL1	-0.446175822419427	0.310381808646911	0.687978873995402
DVL2	1.23325191769429	0.0498913235665271	0.398985030734214
CHD1	-0.172715417096221	0.689991904196976	0.897014510888202
TRDMT1	0.732227021240888	0.109883971192632	0.485091127307976
APAF1	-0.00136590272373383	0.996880958660571	0.998194776956269
RIOK3	-0.425446298931778	0.093587642839135	0.467069796992223
IMPA2	-0.24085297168466	0.388694697947474	0.746694865148829
MAP2K7	0.0564667319081522	0.850066256068666	0.952443381286602
PDCD5	-0.108192956365194	0.720528167544732	0.905725552926777
PRMT5	-0.255663649449559	0.211534735924332	0.60830602972229
NHERF1	-0.274966590485523	0.250961849064661	0.646204900553257
CHEK1	0.112381202435294	0.609114118482349	0.857262674549234
TCERG1	0.105714178535127	0.814681389137733	0.941505883430046
NDC80	0.118140969200329	0.493835009103522	0.798914342660907
TNPO2	-0.541340297320335	0.202404260394252	0.604086405817586
UNC13B	-0.071744061260997	0.903887258477204	0.9690157449249
POLR3A	0.585866370917977	0.269855837156243	0.656630517348678
CPLX1	-0.215187885178491	0.567890526563797	0.83993826451049
TSPAN4	0.0241445424693119	0.884243737641474	0.964483973129631
PSMA7	-0.257871640188526	0.345034768018268	0.71754165805259
SCAMP3	0.000157996105908609	0.999291517449917	0.999562034915388
OPLAH	-0.302429620122066	0.53172465432363	0.816592933385624
IFIT3	0.484504626213099	0.136029755488038	0.521512538282985
GEMIN2	0.919605886084	0.0392446585772102	0.38601135688761
TAX1BP3	0.445852305277842	0.0613575811896922	0.412704158085212
GIPC1	-0.396887758222604	0.316020783152028	0.693329110105351
PCDH17	0.324664230807652	0.0697984737722467	0.422795673095822
IKBKB	-0.455079688344785	0.353370755828498	0.728549968668438
HAT1	-0.146010524809316	0.373125729480616	0.740022756604525
MYL12A	0.976961128186787	0.396115670475799	0.75211435262766
HGS	-0.860155816665035	0.0225632556963709	0.321896640147068
AURKA	-0.300775771832747	0.304500981348415	0.682097256574613
PPP1R12A	0.0287909583584103	0.904604599038022	0.9690157449249
GAK	0.148571958161835	0.472119697162964	0.785186239026303
HNRNPDL	0.433823157547028	0.639666954834915	0.867683332641341
XPO1	-0.866622329225933	0.0134923685149091	0.280579658050735
BTAF1	0.228512992300914	0.687710007667807	0.896754966854703
ARHGEF10	-0.512709667002881	0.0406116058054192	0.386333431670243
SPTBN2	0.627295389351929	0.0220261499096375	0.316679470490702
SEC16A	0.299050138730991	0.122931504146216	0.502406599313361
PLXNB2	0.280802789744467	0.704702629437398	0.902398064844582
SYNJ2	0.138685432341653	0.645920302887145	0.872004208683961
KIF3B	-0.321531695452418	0.29969337600193	0.679366272593332
PFAS	-0.270392082541388	0.320681375859368	0.696191353584232
MCF2L	0.0876855223861384	0.633957775861102	0.866188836586157
ANKRD28	-0.362152548505978	0.19012179705327	0.59611584943957
ARHGEF11	-0.333216690706543	0.452108740118663	0.775108987030197
CHUK	-0.0386258413288019	0.829823734883897	0.944561209255849
LSM1	-0.0971619721133763	0.734502055348161	0.912877596539339
ARPC1B	-0.185694196033531	0.436911371906454	0.77020307817295
ARPC2	-0.176943617104651	0.387630886608073	0.745800747199375
ARPC3	0.196299659959447	0.711777779306396	0.902901467883624
POLR1C	-0.20699905400722	0.399004728538914	0.75297529652629
TRIM24	0.362030500059113	0.325848913385513	0.701638540186172
PFDN6	0.448547752396728	0.0746106981236585	0.433312723974081
OGT	0.119799687392494	0.593281639296778	0.851798591896814
PMM2	-0.237057154301581	0.394547519478012	0.751124529895067
POLR3G	-0.126205115857999	0.54846733862687	0.827039100922684
MID1	-0.0143893119636331	0.951492451165037	0.98496190847771
HMGB3	-0.472316269528029	0.0334808650213711	0.371506895657556
PPM1G	0.201321071083896	0.521036757820055	0.811558564825795
INPPL1	0.0998714731189452	0.633963944996797	0.866188836586157
FANCA	-0.112358664135098	0.81521097602423	0.941608176433113
EIF3D	0.294794824553477	0.239834475072638	0.6357162018604
EIF3H	0.106095965688453	0.526351900933205	0.813753252697989
IPO8	-0.0471943700165056	0.84071741195045	0.94877536416009
SLC16A3	-0.146727180266115	0.576787268697091	0.845055098269528
MAGEB2	0.850942123247851	0.00037675973589042	0.0421856734580333
YKT6	-0.312126452530876	0.257105143509229	0.648883717851436
ARPC5	-0.602148813316262	0.0666851388377758	0.415923241565814
PDPK1	0.427791904898566	0.19583901454047	0.602017602934305
RNF113A	1.52633981640315	0.071010035553067	0.426453540281201
DHX15	-0.0981964837136147	0.646164139641862	0.872014790349408
RNMT	-0.0650333769864382	0.774995909356816	0.92932081687761
ZZEF1	-0.0251081480232571	0.926874907357755	0.977977799353879
TTI1	0.476634810965212	0.303693999199846	0.682097256574613
PJA2	-0.772623408902707	0.0013291801108532	0.0877021519571887
PRPF4	-0.0718704153020866	0.766120101373536	0.924498293460227
PHGDH	0.0655311838303945	0.76441995194992	0.923917885497695
DYNC1LI2	0.167049373214311	0.542466525051325	0.822704888613955
PSMD3	0.352182537190242	0.109448906772036	0.484040989168788
PAPSS1	-0.685017312294583	0.0252931752989222	0.339360285860349
ZW10	0.462759786076766	0.0642297552049521	0.41346506181585
AP5Z1	0.321670406220669	0.439059656361006	0.77020307817295
PPIP5K2	0.0543901409390131	0.851958028896508	0.95306287680245
MAP3K7	0.0782279309847311	0.656814834778898	0.877415334240068
EEF1E1	-0.392455431700295	0.0613284965543388	0.412704158085212
RIPK2	-0.122216686635987	0.673796073989462	0.8885355079911
WDR62	0.770872567849921	0.258031620295881	0.648883717851436
HNRNPR	-0.118180717756356	0.755992357675046	0.921407618589275
TXNL1	0.0378967759790747	0.859934104058932	0.9539353977919
TPD52L2	-0.336708946229336	0.1997082952031	0.603979976275839
FIBP	-0.416140424157305	0.0422131611645399	0.390796767814568
EIF4G3	0.662748631682774	0.1541738247567	0.553288390128321
PPIH	-0.692501614560459	0.00883674802992338	0.226748499795603
AKR7A2	0.15154338540648	0.357894808583332	0.730003040736936
EPB41L2	-0.08083294588657	0.721177144601577	0.905725552926777
LAMTOR5	-1.54570467031148	0.0944636582252568	0.467069796992223
WIPF1	0.204062597481638	0.495896662968279	0.799847727069551
AKAP10	2.83129077416853	0.00472232867624717	0.181993290410863
DENR	0.143378805849459	0.652751709293767	0.874956821104909
XPOT	-0.305747580212739	0.244036600254862	0.640422754219967
DNPH1	-0.777767324870535	0.0284693671775353	0.348325535499977
TRAPPC3	0.218713680730662	0.305019170497471	0.682644357957695
CHMP2A	0.901846525025451	0.283632110954085	0.666817345312742
RGS10	-0.661033088054602	0.653080084602798	0.874956821104909
ZNF207	0.412321743237861	0.366738786172295	0.736012317837279
GET3	0.676110247624727	0.0734386818725725	0.431396783999013
BUB1	0.191053234725715	0.54655069939545	0.825635664049953
BUB3	0.341110760633892	0.075589617791114	0.435637993675785
ACTN4	0.124793960162044	0.654156374055943	0.875446505663423
GSTZ1	0.25589119319271	0.637613639475272	0.867579244563925
BUD23	-0.0423328468236619	0.824043274245874	0.943778000942131
HTATSF1	0.641748632934593	0.595638628814729	0.851798591896814
TRAF3IP2	-0.145239927373456	0.442719017786655	0.773084485218191
AP1G1	0.241002133542779	0.387643110277625	0.745800747199375
SGTA	0.0131944456926973	0.946198303601308	0.983002783760907
ENSA	-0.271560566698227	0.446495470494523	0.774190879154042
NARS1	-0.616246777037244	0.00701281104016842	0.210007710377038
MYO1B	0.444452113553901	0.203026886297383	0.604086405817586
SSNA1	0.017480772038116	0.949437520710961	0.984911778985117
NUDT21	-0.184010782824458	0.339987958074804	0.716111234711328
LANCL1	0.0805073310125266	0.726766265054466	0.908592110320774
STRN	0.0550200184371938	0.800894490545759	0.937675900686496
RRP9	0.564408696726399	0.250842022331325	0.646204900553257
AKAP8	-0.00568128185999939	0.987902203913688	0.995922462493734
NRDC	-0.0960893155231126	0.691580475675751	0.897014510888202
CALU	0.467140832880951	0.243046469796154	0.639421564836833
AHCYL1	0.0063759716845766	0.976531955674546	0.992104915099656
PDE6D	-0.0438312236868406	0.899331498401088	0.968669567017442
PEX1	0.302507081501417	0.27443513484578	0.660044269624017
DHX16	0.82124516125835	0.113677393249051	0.490502619765356
ZNRD2	-0.185623472139628	0.398489364438136	0.75297529652629
PRPSAP2	0.485554567144174	0.08600793260614	0.45570524965873
SMARCA5	0.3198636783873	0.163491160201703	0.570982832651507
SPAG9	-0.431946140196043	0.169305789541054	0.577263182151638
LCMT2	0.127677547552416	0.702719239112436	0.901266084179261
AQR	0.360985749543122	0.204331182676416	0.604086405817586
MAST3	0.299535775576803	0.557705322078192	0.833962430222145
KIF1B	-0.299505897159165	0.337718101217236	0.715609991532924
KDM1A	0.237599692435253	0.405787784368478	0.754258396894288
TBC1D4	-0.24341335659031	0.171526365704895	0.578595151082692
GSDME	0.251642935749896	0.30264843046956	0.682097256574613
ACSL4	-0.387353862732656	0.0490995817304249	0.398985030734214
SNX3	-1.12724408907397	0.0158940121883209	0.289248319659806
OGA	0.130176930529132	0.491723215188264	0.798004770111835
SORBS3	-0.457193483867435	0.211287219651819	0.60830602972229
SYNCRIP	0.437213239752904	0.0859738315620319	0.45570524965873
RANBP6	-0.724696135430982	0.450370129098873	0.77443412077674
NEMF	0.167792807946061	0.344688742242535	0.71754165805259
GMDS	0.145912198434214	0.601116056924589	0.855682957873137
BUB1B	-0.116984218536601	0.624375694132177	0.863189796124191
EIF4E2	-0.887626099828541	0.310747855238374	0.688377293228893
DIAPH1	0.0703577811808316	0.706584977709467	0.90279588615889
EXOC3	-0.0998378970556466	0.722205670275425	0.906129015846416
PLIN3	-0.184146386660473	0.304506447925302	0.682097256574613
RAD1	-0.020849032807277	0.929542092376407	0.977977799353879
PRMT3	-0.0876010877352797	0.69255515942285	0.897262031580445
KPNA6	0.176814628741717	0.397890058582157	0.75297529652629
UGDH	-0.949378519137689	0.0540804649023105	0.400824448609114
CTNND1	-0.0967848633100026	0.60708043141008	0.856735040308358
EIF1	0.157152549352336	0.402622420650862	0.753389899300316
SNX2	-0.0852726641809838	0.645800396665384	0.872004208683961
USO1	-0.610701859962177	0.158278191856252	0.560726672012323
TOM1	0.514777094314461	0.165347166381625	0.57330558814152
H2BC11	0.802711888818191	0.274937591932029	0.660203037013628
PFKFB2	0.145667165700978	0.533651772792367	0.817852882815344
CCDC22	0.508797239214051	0.376843321839346	0.740387140973211
DKC1	0.193375682865465	0.398688389148693	0.75297529652629
EIF5B	-0.112949451911263	0.690734627246111	0.897014510888202
EDF1	0.882545651895796	0.00252543834022666	0.12747003370387
DNAJA2	-0.0642577129577653	0.791250270190979	0.934660672063776
CUTA	0.03698658179351	0.87788534181531	0.961691769347041
HUS1	-0.0187981954062231	0.924070911132489	0.976950505474834
PFDN1	0.625300274138905	0.431206250308363	0.766381479023282
PPP1R11	0.256384088038601	0.385849213671404	0.745800747199375
NOL3	-0.270284974937915	0.458605692154857	0.779028501211029
MITF	0.218539220434323	0.557630228493221	0.833962430222145
SRGAP2	-0.580674168507358	0.281191463383965	0.666817345312742
WDR1	-0.163706599793681	0.383654197481016	0.745800747199375
ROCK2	-0.673239118861424	0.479197862970599	0.789566217487015
CLASP2	-0.314238320143229	0.615003452138113	0.857847397376492
COBL	0.909671226371962	0.117151789319583	0.496987211866658
CPNE3	-0.14000507785866	0.433062871993962	0.768203222284056
CLUH	0.00450152383987046	0.980765759673136	0.993674110773852
PPP6R2	-0.250023564671991	0.399462209861068	0.75297529652629
CNOT3	0.395429318766766	0.226075968689763	0.621716292192903
ANKRD17	-0.28187937407872	0.387735652332882	0.745800747199375
DNAJB6	-0.587798529799151	0.0211872334521733	0.311159361567609
XYLB	-0.357846792134097	0.224272432542816	0.621707868062802
GGCT	-0.176869402504249	0.340026341335573	0.716111234711328
ZPR1	0.17504292961971	0.354978097823263	0.728549968668438
HMMR	0.106631689957162	0.738868075393769	0.915980502744859
PDCD6	0.283104743988059	0.152926934905168	0.553288390128321
TBCA	-0.383280185478277	0.154060767948832	0.553288390128321
ATP6V1G1	-0.148295764055135	0.432796003959157	0.768098575710415
VPS4B	0.177863373952796	0.453606209470895	0.775108987030197
SH3BGRL	-0.0845620424552749	0.675917464030412	0.889212041995373
FLNB	-0.169011951013687	0.462292262854874	0.779986260844183
NCOR1	-0.330735835746466	0.384361452657882	0.745800747199375
TRIM3	0.161485739426695	0.802663274866551	0.938260297574156
CS	0.874650925363881	0.522104599162603	0.811558564825795
SPAG7	0.184797527172375	0.295452981603088	0.677687689935838
SEC22B	0.0448084944566851	0.861521142075986	0.9539353977919
CDC45	0.358348561635744	0.541159688289002	0.821522205516788
VPS26A	-0.327044974432869	0.143021008420217	0.533655253315036
PSIP1	0.128902310498543	0.485091392436355	0.792051566527764
GMNN	-0.252830482817931	0.481822718685499	0.790100548102623
HSBP1	-0.217862182968958	0.414678160611538	0.760414790798824
BANF1	-0.196048761792255	0.780085733599199	0.93251918008704
SF3B1	-0.882493740952796	0.0210521270024194	0.311159361567609
CSDE1	-0.17575043152177	0.481324530502095	0.790100548102623
PRKRA	0.951143913392304	0.0194793578788614	0.310242359320659
CRCP	0.625589933543218	0.013318731567239	0.280579658050735
RPS6KA5	-0.219261096178311	0.464277648477519	0.781195770093094
MYCBP2	0.491701374355543	0.401548647051801	0.753389899300316
NPM3	0.161983214320198	0.367242234182611	0.736012317837279
LYPLA1	0.00686453835866274	0.976846197410567	0.992149926549907
SNRNP200	-0.10299154468828	0.582220168042674	0.84897534369285
TIPRL	0.0406789795749063	0.857410337140352	0.953409786425665
OFD1	-0.7012121465051	0.198663444981251	0.603979976275839
TOM1L1	-1.25467345447374	0.0725289927423196	0.430167942508621
RPS6KA4	0.0480494483336393	0.835904919572934	0.946884334980761
PPM1B	0.289031735673912	0.200827694284591	0.603979976275839
NUP155	0.044991530294034	0.813824538518797	0.941183621229093
WDHD1	0.524795094245817	0.276755231559826	0.662660831524589
RNASEH2A	-0.310503735943129	0.2518773082043	0.646835814835334
CDC123	0.0716179687993836	0.727438077569013	0.908592110320774
BCAR3	-0.0979592763418502	0.835765953997082	0.946884334980761
POP7	0.297549467153488	0.273111417201936	0.659400293639681
RPP40	0.238629370594666	0.413561191159152	0.760328672233725
EIF3G	0.251265685603762	0.150301813895074	0.549021169695857
EIF3J	0.462332093875162	0.0883786529356528	0.456433199922357
CBR3	0.0977848496226201	0.678725871073435	0.890252047068574
PSMD10	-0.113372661543327	0.523175237189457	0.811558564825795
AP1G2	0.189865088829173	0.374413639920564	0.740380167843881
IDH1	0.0320426615760638	0.882699580321771	0.963537651193188
TUSC2	0.220937733205211	0.493402258803286	0.798914342660907
DCTN3	0.222486605943427	0.504810973401543	0.802614693080337
DNAJC8	-0.148506119054495	0.586893811171985	0.850809536616637
TRIO	0.170183223470406	0.380124138207932	0.742759751812961
MPDZ	-0.848322931701922	0.10565352247532	0.475097339495435
GLRX3	-0.308765948000143	0.0901121426894947	0.458528452816335
SNCG	-0.00804060364483306	0.966271715461538	0.990095412408741
DFFB	0.314545518384683	0.462133125937609	0.779986260844183
SRP72	0.259540373525891	0.235942713869846	0.630374785068027
DDAH1	-0.200447077153125	0.354866741525929	0.728549968668438
RECQL4	0.328543773025483	0.499999995663677	0.800461334316053
URI1	0.525964363786162	0.204354242963103	0.604086405817586
STK17B	0.074362734172329	0.836190276114094	0.946896435869315
MTA2	-1.30859969427075	0.0104859018808858	0.247218373816332
STK10	0.160247856741631	0.838426913408636	0.948266741672761
GFPT2	0.145368391219012	0.425901600282025	0.764398818852185
LTN1	-0.250368332897906	0.633737914629194	0.866188836586157
TOMM70	-0.0348128753588561	0.967060660936267	0.990095412408741
IPO13	0.233669893345187	0.460875759635993	0.779986260844183
DDHD2	-0.0409925216557454	0.939015785587821	0.980648802534291
SEC24D	-0.0214313367294601	0.928330640280117	0.977977799353879
FCHSD2	0.0948120874846836	0.714688353367595	0.904684297942194
UBXN7	0.158913298390118	0.423402941891239	0.763368742878581
KLHL18	-0.706449360138599	0.0203082507040632	0.311159361567609
PLPBP	-0.0450659154216737	0.824458026389269	0.943778000942131
FRYL	0.27459968468369	0.637964571747358	0.867579244563925
HAUS5	0.00038664553022727	0.99899913331388	0.999540156402596
FBXO21	0.282835883456002	0.216949057331954	0.613803037397833
USP19	0.538705930750346	0.367134636917829	0.736012317837279
WDR47	0.113776815788583	0.68803797862871	0.896754966854703
AP2A2	0.385277600543134	0.0815318456400475	0.450848754205728
SEC31A	-0.150991192653745	0.651340397516507	0.874956821104909
FAM13A	0.0639495744074736	0.84718305067304	0.951004098047436
HEXIM1	0.0680979622624491	0.749527702835518	0.92021473302906
CCNB2	-0.523556584019431	0.447362806134413	0.774347762805493
UBR5	-0.285223104505661	0.260932421311907	0.65013169032198
AGFG2	-0.445999294939142	0.185747954741338	0.587035819345045
UBE4B	0.18090004737947	0.367041338747976	0.736012317837279
ELP1	-0.144760129038474	0.43437630599603	0.768849315827115
GABARAP	-1.01411464351139	0.100863123634982	0.473534913545004
ZRANB2	-0.0524786192468198	0.875215454752511	0.960232822450506
SNX4	-0.0530638024381851	0.773980822891255	0.9291290255306
ZWINT	0.216969723544366	0.436711218968299	0.77020307817295
LUC7L3	0.440645667725192	0.210322503184975	0.607282984717639
KIF4A	0.711538797409837	0.195705771209694	0.602017602934305
SBF1	1.18146399554147	0.104624294724622	0.474874751362697
ATE1	-0.186231885294127	0.592135941075824	0.851798591896814
CCNDBP1	-0.16853225066826	0.457855338434544	0.778543707094175
SNAPIN	0.357501625064057	0.148123561880103	0.54351197730584
PGLS	-0.270143891889248	0.140147120118585	0.528960999610442
PAPSS2	-0.325582943784418	0.274556980355105	0.660044269624017
SMC2	-0.0248997132962714	0.937369154316093	0.980073295189011
ATG7	-0.217143308834647	0.228958103587556	0.624445584377045
TACC2	0.561867746690748	0.200596626022136	0.603979976275839
TRIM16	0.101404613649187	0.716368434757444	0.905530569967531
LYPLA2	0.554558932137411	0.142353304693103	0.532901643255528
IPO7	0.161250817959075	0.445149386824955	0.773453728671088
ARIH2	-0.05775317906933	0.715543689753879	0.905456826589241
TNFAIP8	-0.073766383105486	0.760892529458674	0.923094834758297
PGM3	-0.394523563551221	0.0484333158265301	0.398985030734214
MOCS3	0.091681183385198	0.673047873368174	0.887865723704179
BAG4	-0.179659782888031	0.533476277205058	0.817852882815344
AHSA1	0.054860855093569	0.820349183880445	0.94294715202794
PARN	-0.3765442817622	0.520635830665565	0.811558564825795
PSMG1	-0.122730620900423	0.561323358424717	0.835782901981806
FMNL1	0.118180562923339	0.534005833227901	0.817970287425111
SEC24A	0.0747936360559436	0.758407979455393	0.922242659184253
TDP2	-0.425254421464338	0.135385132761068	0.520008384149842
POLR1A	-1.02565319495584	0.294365448779552	0.677687689935838
PCNT	-0.218649764021318	0.403698220642799	0.753602980228853
CNOT4	-2.07910147118177	0.000695130959747532	0.0570779754726029
STAMBP	0.350404803927972	0.309381480307821	0.686585327169608
ASMTL	-0.157706633361116	0.611620304493678	0.857262674549234
CEP43	-0.357204400091959	0.493786840272066	0.798914342660907
HERC2	-1.4847744485425	0.00440545636536351	0.174476701797245
SNAP29	0.104169311073523	0.734189925778097	0.912877596539339
OXSR1	0.0585065727767464	0.81094597557712	0.939619121905757
GGPS1	-0.060116644353684	0.872055984126948	0.958923728710461
LDOC1	-0.0846074837829107	0.571448810515252	0.842243061369707
HSPA4L	-0.56731616898643	0.364684533563385	0.734737923400603
PTBP3	-0.26610441230541	0.603503810008913	0.856653592378767
LSM8	-0.110464104405487	0.598115627703026	0.853296233344665
AP2A1	-0.118482161696445	0.512630298597084	0.805891818995162
STAU1	0.390701142220404	0.115479730799707	0.491910712286174
TTC4	-0.0656745677951243	0.753389698365243	0.920643162786728
BAG2	0.0347981601268756	0.886141193349233	0.965582928170279
BAG3	-0.0330455218115517	0.86775999295297	0.956555242828527
CLIC3	-0.0823795606989783	0.81924460133733	0.94249958926246
EML2	-0.157004991091224	0.333468077042136	0.712738438093049
BPNT1	-0.271067575789431	0.3738496024037	0.740380167843881
DDAH2	-0.198380333802589	0.357209607289739	0.729241591080906
TXNDC12	-0.0991205515180162	0.795535910563475	0.935592793800135
ECD	0.75736249221174	0.00729436875524135	0.210007710377038
NUDT3	-0.122564549127677	0.529206533633711	0.81573428990597
PTTG1	-0.013921568110689	0.959857327475386	0.988293632217146
BCL10	-0.212015509495131	0.287539214651807	0.670320125008471
ZBED1	-0.0996153166944289	0.744865682770268	0.917665860238977
MOCS2	0.0529139625017088	0.78257053316603	0.933336253330782
PAK4	-0.265092223278945	0.274232384949735	0.660044269624017
CHEK2	1.09372031278686	0.0682197063918643	0.419804174240133
ACTL6A	-0.351323072175049	0.190092198885921	0.59611584943957
LDHA	0.356945688748592	0.0834922645599176	0.45474090017365
DHFR	-0.183677594162646	0.414203351642963	0.760328672233725
GSR	-0.0426917588324045	0.854232740650165	0.95306287680245
SOD1	-0.223651484269716	0.3434434759	0.717110180096661
PNP	-0.237669123432376	0.338840793619208	0.716111234711328
HPRT1	0.24645635139596	0.586566799702212	0.850809536616637
ABL1	-0.0329993180662029	0.94136769712394	0.98119989869477
PGK1	-0.0388809023840757	0.891492098426683	0.967419472448339
AK1	-0.399159345992754	0.0693234583713539	0.422573940376617
ADA	-0.170762561613255	0.802445857663128	0.938260297574156
ASS1	-0.165361042118484	0.680097998399726	0.891121313506024
NRAS	0.576641467087324	0.0902165589167729	0.458528452816335
LMNA	-0.245041614285157	0.79030386856577	0.934660672063776
TFRC	-0.921798018218439	0.0168830369741876	0.297061055331539
FTL	0.00365943359933141	0.98941011530875	0.995922462493734
FTH1	1.47299147813323	0.131402977619867	0.515976623066322
CAT	0.220266770834499	0.730987716764941	0.910761084302732
RAF1	0.0814688999584874	0.694354942230947	0.897473699507437
ALDOA	-0.0179800241545927	0.944819468141241	0.982561630138693
CSTB	0.147479038011305	0.496456692891244	0.799847727069551
ANXA1	-0.451305574228432	0.0945333999648631	0.467069796992223
NR3C1	-0.245389357569533	0.583356015465925	0.849660041981468
TK1	-0.349524212496441	0.116245702796791	0.493710197510508
KRT1	0.586868405547399	0.459620700027806	0.779028501211029
TUBB4A	5.1911431354027	0.0814930880500049	0.450848754205728
GAPDH	0.125089755826437	0.472764241775438	0.785186239026303
ASL	-0.694307314607926	0.0816286377709424	0.450848754205728
HLA-A	0.310392436848311	0.498394450550804	0.800298108596162
CAPNS1	0.413286880054308	0.458829695268064	0.779028501211029
HSPB1	0.0561185517964944	0.754227523849285	0.920643162786728
TYMS	0.00885555051236508	0.967981748728826	0.990095412408741
GNAI2	-0.389126266634996	0.184726936790608	0.586901144833445
ATP1A1	-0.171401145090034	0.525693940893001	0.813416713400184
ATP1B1	-0.0474999704904029	0.836759127438083	0.946960176380924
ISG15	-0.0224676825490704	0.931342413322582	0.978172574849579
ALPL	-0.239540585549499	0.45368937127711	0.775108987030197
EIF2S1	0.236008252415466	0.316173085393103	0.693329110105351
RPLP1	0.155465211690018	0.578359952353784	0.846161321476814
RPLP2	-0.509495110057145	0.0611473892901111	0.412704158085212
RPLP0	0.171049986823604	0.33908335585018	0.716111234711328
FABP3	-1.017881135366	0.0298358490574434	0.353344430343761
SSB	-0.136564332242383	0.43823539203888	0.77020307817295
ITGB1	0.0174966825995568	0.957505968961209	0.988161773878778
KRT18	0.158674095563022	0.385344711608831	0.745800747199375
KRT8	0.0601475702423215	0.778806242039911	0.93219600399659
UROD	0.304777306246926	0.225786722557365	0.621707868062802
GSN	0.55904051891978	0.338903989953592	0.716111234711328
PTMA	-0.163127244868708	0.486177268231903	0.793123623009661
CDK1	-0.629073146348212	0.536184791710489	0.818655830356371
ATP5F1B	-0.969587180425712	0.00932068351808413	0.234285208158645
S100A6	-1.51493304465962	0.376875545256496	0.740387140973211
EIF4E	0.252548056401281	0.303945969425746	0.682097256574613
ENO1	-0.124332052975241	0.568068534342342	0.83993826451049
PYGL	0.12755290661714	0.562109521059681	0.836137398357825
GPI	0.30548399672567	0.35044780527924	0.725003973029444
POLB	0.215441407022205	0.552657194712271	0.830446658992209
NPM1	0.227054955689191	0.32947644732473	0.707388421188191
TPM3	-0.372293182772186	0.230262156854206	0.625731977425771
ITGAV	0.34496825308225	0.717716827572259	0.905725552926777
HEXA	-0.221802746473799	0.597469107241277	0.852703109793943
DBI	0.0830292865745079	0.814807875901455	0.941505883430046
LDHB	-0.266281917979761	0.220435618955934	0.619398944518765
GPX1	0.686425354895917	0.0615318660786065	0.412704158085212
P4HB	0.424734300591098	0.102992004937846	0.474874751362697
ACYP1	-0.15899525357591	0.607864365892493	0.856947284232263
CTSD	0.526349846365346	0.218001124767266	0.615366047375896
ANXA2	-0.398091831533076	0.373315945415652	0.740022756604525
CAPN1	-0.0792297784877576	0.667189397757798	0.883607464055578
TUBB	0.0664471336030701	0.768029814259721	0.925291869478209
PSAP	0.409782835291821	0.410846871060846	0.757524545194524
HEXB	2.45969401840457	0.00239906707399612	0.126636469120224
PFN1	0.242665788104304	0.359541466072835	0.731556011640488
BPGM	-0.185825939099839	0.534530931817716	0.817970287425111
APRT	0.0609038455429989	0.756510512625919	0.921630842120926
EPRS1	-0.128145889167946	0.515304273353091	0.807484855826832
CTSB	1.27909145474025	0.16456274929689	0.572293377823389
HSP90AA1	0.236722141587663	0.370862144033293	0.737849246504402
HNRNPC	-0.264835542549534	0.454149152140255	0.775108987030197
LYN	0.435776336221405	0.507107358237111	0.804173777551995
TPM2	-0.357376028417619	0.385900332147804	0.745800747199375
FH	0.112338290812712	0.579517367857449	0.847039823668226
SP1	-0.0713740100468172	0.744140469696404	0.917450462305043
ANXA6	0.101770539711392	0.804577588806709	0.93828751074301
CD55	-0.370014728478626	0.259245205270537	0.649713654459568
SLC3A2	0.0560086257849548	0.779763832295807	0.932436038942721
PFKM	-0.531695091090043	0.0294568322388242	0.353344430343761
HSP90AB1	-0.0957574507341974	0.781184589009706	0.932682701161115
ASNS	-0.0229809927951656	0.938613810870638	0.980648802534291
HMBS	0.431526687715184	0.0946693499349697	0.467069796992223
SNRNP70	-0.290561715685214	0.195463897113189	0.602017602934305
ITGA5	0.361506251125128	0.250789417666965	0.646204900553257
NFIC	0.274412410268024	0.296809947154777	0.67848559254293
VIM	-0.857186519354116	0.0591604812058308	0.410563363626771
RPS17	0.198890725585851	0.297214394602199	0.67848559254293
KRT7	0.278650792795379	0.402277628455919	0.753389899300316
ANXA5	-0.103812513266746	0.729906119943601	0.910521487353834
RPSA	0.254727199636292	0.128371647319487	0.508007146702636
SNRPA	-0.663653682620229	0.0161512801717833	0.291116976754826
GSTP1	0.0777966449441827	0.790350572977246	0.934660672063776
LGALS1	0.166634614042874	0.346167823501997	0.71899387736924
QDPR	-0.213894016928652	0.389703839001483	0.747000445881874
HMGB1	-0.052666544486538	0.857830718397642	0.953409786425665
GNAO1	1.83142641167346	0.0104115143818652	0.247218373816332
TPM1	-0.230066353748267	0.411524073453211	0.758394738857663
CLTB	0.126307619665759	0.651151096600082	0.874956821104909
ANXA4	-0.219673994066053	0.589464793975262	0.850809536616637
CNP	-0.269001944787405	0.29108495279824	0.673487101183153
HNRNPA1	-1.09233092935047	0.260117571830027	0.65013169032198
SNRPA1	0.63529592420732	0.0583700226461277	0.406171814835107
PARP1	-0.15918300334689	0.63196130967173	0.866140714828216
POLA1	-0.373276645829389	0.0504750693858011	0.398985030734214
IFIT2	0.407283092168701	0.603714737362465	0.856653592378767
IFIT1	-0.23184393027287	0.539500999479531	0.821006415930183
ALPI	0.154328378939592	0.537897845582207	0.819939166429973
LTA4H	-0.23453545638062	0.43697815108288	0.77020307817295
ALDOC	-0.637262675977041	0.0190811327611495	0.310242359320659
H2AZ1	0.197950057062435	0.596924574734082	0.852584578137779
FBXO45	0.0100361727020797	0.974419896600384	0.991251804305108
POLR2M	0.114884999094119	0.622679271809184	0.862692129484415
GSTT2	-0.17568528549581	0.293083291564045	0.675994233663636
TRAPPC2	-0.336679347712504	0.179987311955301	0.581845095979385
SULT1A3	0.316376854447981	0.0943215121754258	0.467069796992223
HSPA1A	-0.033689233686502	0.845663223640125	0.950701556046192
CALM1	-0.125195015626879	0.68441044852155	0.893918913851937
ERCC6	0.504690473935241	0.0479539631750858	0.398985030734214
POLR1D	-0.104095986747346	0.708323165104346	0.902901467883624
EEF1AKMT4	-0.0513053336297915	0.862854271794748	0.9539353977919
RO60	0.327395198870693	0.257963417749552	0.648883717851436
HLA-C	-0.184675599483533	0.787743238382361	0.934660672063776
ARAF	-0.520848970412636	0.182709455223965	0.584286763558241
PTPRF	0.838081321668902	0.431605686371872	0.76672260151157
TXN	-0.216634938073383	0.352378511411829	0.727395865735592
MAPT	-0.617237965385105	0.235682418391578	0.630359488150854
PRKAR1A	0.104505956970637	0.611454954121829	0.857262674549234
UROS	0.197088404202972	0.439723851402557	0.770768325869283
ESD	0.121958552589334	0.540896339718663	0.821522205516788
HSPD1	-0.643028607400396	0.21859482840114	0.616100603312137
CLU	0.337558582368686	0.10409283561418	0.474874751362697
HSPA5	0.57245789414462	0.0346642338954624	0.373617074807683
HSPA8	0.369024872454588	0.0885950647192312	0.456433199922357
SLC2A1	-0.412423993207156	0.126641142623126	0.506135213180225
EPB41	0.153619732611102	0.504571364248542	0.80257907485939
UMPS	-0.523764234484304	0.0262474740360257	0.344196459412973
PYGB	0.132466508910277	0.6727583806117	0.887865723704179
BCR	-0.03059139408699	0.904523511216936	0.9690157449249
TOP2A	-0.635596332621731	0.15149188183343	0.550947345841066
G6PD	0.135453427303634	0.517751293094562	0.808917982234421
UBL4A	0.176508687126592	0.340128610803351	0.716111234711328
DMD	-0.286769510556674	0.481643147203454	0.790100548102623
MTHFD1	0.131684882830676	0.574948214001246	0.844882452427481
ADH5	-0.0438186545987165	0.855260323355237	0.95306287680245
CDK4	0.182360158081249	0.445261461292506	0.773453728671088
PRPS2	-0.240885055297131	0.394975632364307	0.751124529895067
PABPC1	-0.226972730222485	0.222665067207602	0.620473169933703
PCNA	0.235140080488623	0.154531425876164	0.553288390128321
HARS1	0.101499766660307	0.566850795302371	0.838812049916804
COL6A1	0.196050401373878	0.223625520812395	0.621275413084061
IMPDH2	0.261020200268227	0.305823158914871	0.68402940205233
TPR	-0.483878497966799	0.0622403432312505	0.412704158085212
CKB	-0.232616482262149	0.284773415670773	0.666817345312742
ANXA3	0.388941182609656	0.107950423488547	0.482166674580801
ACTN1	0.0615677354961122	0.762483823703906	0.923483594247066
PEPD	-0.310595070195703	0.206315973289667	0.604086405817586
XRCC6	-0.0506772054906435	0.829592499241452	0.944561209255849
XRCC5	-0.171091241706595	0.464872391948342	0.781484753525534
UNG	0.0328968593612124	0.862847156221482	0.9539353977919
LAMP2	0.318433310271146	0.501283088546925	0.800740112655772
RNH1	-0.063198821789026	0.672917589037447	0.887865723704179
EEF2	-0.334636898332576	0.0572180332147976	0.405252485497543
KRT10	0.297065175252488	0.649178175004654	0.873848217355991
PDIA4	3.69578908516773	0.00516343289260982	0.194682495287687
TPT1	-0.11887853546547	0.501834202641376	0.800740112655772
PLS3	-0.153135476989718	0.469529407774729	0.784317885048654
APEH	-0.155464137890043	0.530283226802694	0.81573428990597
GYS1	0.143154728814469	0.486776073651056	0.793750040662248
PRKAR2A	0.087184264201003	0.663213313548476	0.88169944163355
ANXA8	0.101251289155421	0.798349635612801	0.936796717396242
ENO3	0.242172096940187	0.199833367939058	0.603979976275839
GTF2F2	0.0930907928110827	0.605347695733591	0.856735040308358
MIF	-0.358424324519696	0.300802725237752	0.679850060305596
CD99	0.395806115097724	0.465596511980052	0.781485926143294
PRKCSH	0.99958812184542	0.143562653308136	0.533665999973403
FDPS	-0.364364632545495	0.244717468572103	0.641298614449588
CPM	0.218851276206756	0.493824829230904	0.798914342660907
AKR1A1	0.0855701187547027	0.58382928173097	0.849660041981468
PKM	0.193741785291994	0.296075577855887	0.67848559254293
ACYP2	-0.150465958821854	0.765330461462792	0.924149037616018
HSP90B1	0.688661096080295	0.621296306097449	0.862392881679217
CCNB1	0.15755929488116	0.440817616105807	0.771613018834813
MYL6B	0.344592700681574	0.491760990945777	0.798004770111835
SNRPB	-0.0468354149174672	0.791381031844295	0.934660672063776
IDE	-0.203554749901009	0.393891218737248	0.750994867509871
HNRNPL	0.223104819341803	0.508405594954599	0.804177514279641
DARS1	0.0689769294148874	0.817924710192585	0.942024824516392
JUP	-0.0640550602069396	0.923872030203156	0.976950505474834
ETS2	-0.376880218626919	0.230700554953911	0.626148362715012
AKR1B1	-0.0611570759066815	0.792465489670147	0.935215581070327
ANPEP	-0.369100233008119	0.138593160200804	0.526312155130492
GSPT1	0.413621916020382	0.127772754329926	0.5075595627505
EZR	-1.36870783480738	0.118376076767645	0.49703041066384
UCHL3	0.259017378952812	0.137724210432706	0.525269492180257
NME1	-0.160320009026488	0.465930580593688	0.781485926143294
NQO1	-0.507182880862608	0.105948635384097	0.475097339495435
GNS	0.486345100926862	0.370448720575246	0.737525992762241
PHKG2	0.158710354461423	0.512170618013479	0.805891818995162
RPS2	0.334496389958382	0.154183442876376	0.553288390128321
TCF3	0.0830932719801503	0.790397524810769	0.934660672063776
DSP	0.554228793747203	0.0991747757396149	0.472592000295749
RPA2	-0.66799508871765	0.0203179176504584	0.311159361567609
CD44	-0.151996178839575	0.479295541494824	0.789566217487015
NQO2	0.1301097898221	0.512760938148207	0.805891818995162
CBR1	0.166828253389518	0.336039423575941	0.714833431268337
PPP3CB	-0.359270258671756	0.480167425545062	0.789710302095771
NCK1	-0.200176287078918	0.35530742716475	0.728549968668438
GCFC2	0.295779556560653	0.587600107140138	0.850809536616637
H1-5	-0.638591960243751	0.185879110161193	0.587035819345045
FAH	-0.482126380774165	0.0348844088792018	0.373617074807683
STMN1	-0.314531959954977	0.176757149359188	0.581845095979385
YBX3	0.757954163037795	0.000907003216570454	0.0698203517755798
HSPA6	-0.513702920209656	0.100995166370212	0.473534913545004
HMGA1	-0.963642226823534	0.129202309556936	0.510045442107777
GOT1	0.116624303270708	0.480726391016073	0.790000186550951
PRKCA	0.640588336148536	0.194141297051982	0.601300999670639
NPR3	3.73178624929933	4.47687324556365e-05	0.0110280310949051
JUND	-0.120345993205191	0.650246293659697	0.87433044216615
PRKACA	-0.206838225510793	0.423983687763515	0.763368742878581
CAPN2	-0.0570709311259634	0.775110240079096	0.92932081687761
PTPN2	-0.343381751775546	0.664380967131204	0.88169944163355
AMD1	-0.12161961255347	0.620991065161015	0.862392881679217
CTPS1	0.263125085049598	0.192634742828553	0.598138970379413
DDX5	-1.25967309745529	0.00371171132332744	0.161350274584646
PFKL	0.180469642938796	0.343591267823128	0.717110180096661
LGALS3	0.0617181486132878	0.743110784740384	0.917098981167575
PSMC3	0.485372670858531	0.100962930009161	0.473534913545004
TCP1	-0.144266596604066	0.547922226085537	0.826693599585978
ERCC2	-0.00693405351314524	0.985316283444877	0.995896980771176
RPL35A	0.0841179759980228	0.720526235920754	0.905725552926777
ARF4	-0.850027775611917	0.00260842301910472	0.12747003370387
RPL7	0.509492276959303	0.047363971187722	0.398985030734214
VCL	0.274508371088789	0.223517436767782	0.621275413084061
NAT1	-0.413954489526336	0.14249169784478	0.532901643255528
NELFE	0.289147247912105	0.198141229228795	0.603979976275839
RPL17	0.77787797453977	0.0107656485687077	0.247218373816332
PGAM1	0.542981783994364	0.403825142314784	0.753602980228853
RCC1	-0.292649033798412	0.379339054114497	0.742010484358425
LIG1	0.142191762397324	0.409527104588843	0.756601325727888
PLCG1	0.02743737781174	0.920767195650091	0.976605338352785
NCL	0.319535744825334	0.196748819004975	0.603762730008405
HK1	-0.404781053056297	0.0324487115938717	0.367449165721744
POLR2C	0.269428016853027	0.46223300782906	0.779986260844183
POLR2E	0.213069706696412	0.213267030326307	0.60978448872577
TRIM21	-0.13638911758715	0.761209732478628	0.923094834758297
TFEB	0.266566224713433	0.580951953333718	0.847630855381846
EIF2AK2	0.25053851558733	0.116119321411915	0.493710197510508
SRM	-0.469353150285301	0.0682820862566496	0.419804174240133
CSNK2A2	-0.0570261422207885	0.81744125963436	0.942024824516392
RXRA	0.127897032065608	0.614337952358316	0.857262674549234
NFKB1	0.0935174807002852	0.700652130073219	0.901266084179261
TYMP	-2.13691330126491	0.0198440375169473	0.311159361567609
EIF2S2	-0.105736343758057	0.815914566715761	0.941695872892388
ANXA7	-0.201091223545912	0.224625861329319	0.621707868062802
BTF3	0.295053601028719	0.445070219873144	0.773453728671088
RAB3A	0.201795267178866	0.295082965116178	0.677687689935838
RAB4A	-0.111395330921241	0.819495447124562	0.94249958926246
RAB5A	0.173732263563231	0.51408404401628	0.806598956535097
PSMB1	-0.458596433256076	0.086825728858863	0.455711744507811
LMNB1	-0.0571749373206742	0.791673462606284	0.934660672063776
BCL3	0.0825217947824797	0.806371648014292	0.938305215999104
CAST	-0.263363270806906	0.22071026575502	0.619557185373399
IMPDH1	0.717218562754848	0.0149301499935881	0.284588370729921
RASA1	0.49249945336415	0.612697378212705	0.857262674549234
PTMS	-0.323649389518557	0.155044496418018	0.553516342284614
GSTM3	-0.146082045771212	0.487633922264599	0.794798122085441
ATP6V1B2	-0.660153898590153	0.00778334089951737	0.217874580482702
ATP6V1C1	-0.47229979705277	0.053400450203852	0.399422395755533
CSRP1	-0.33326564355551	0.177220684034719	0.581845095979385
FLNA	0.175990974475294	0.381731929548011	0.744326902205752
NF1	2.89370925949273	0.0107718966669633	0.247218373816332
ACO1	-0.320941259880161	0.496062330964967	0.799847727069551
TGM2	-0.151269935939375	0.493395911986742	0.798914342660907
OSBP	-0.0995274853359618	0.687810877801681	0.896754966854703
PCMT1	-0.517540458275047	0.0543371717171585	0.400824448609114
FBL	0.0346561393685967	0.960637279278959	0.988293632217146
GART	-0.0230376594933333	0.934075216949723	0.979678662114456
PAICS	-0.1849776285096	0.437610814422721	0.77020307817295
UBA1	-0.166545806070335	0.449845506085719	0.77443412077674
NME2	0.114653787386139	0.573026097368234	0.843880899677835
HNRNPA2B1	-0.257145861127285	0.44083222808127	0.771613018834813
CBL	-1.63659909150035	0.00313131366918248	0.142842024785546
PRKACB	-0.0639061911407097	0.742887385193355	0.917098981167575
XPA	-0.218069853703994	0.588017701389642	0.850809536616637
TCEA1	0.0365215120674733	0.857996108575684	0.953409786425665
SFPQ	0.172062799848511	0.773484645469896	0.928835152749843
PPIB	-0.671308982797676	0.295262050677192	0.677687689935838
WARS1	-0.0103476423049713	0.959836552749315	0.988293632217146
RPS3	0.262565494096243	0.248378455252309	0.643981797105014
RPS6KB1	-0.0990174699707609	0.704845452057518	0.902398064844582
SP100	-0.416797419466583	0.108312988682304	0.482770196840907
MCC	-1.42358638193895	0.00704169888663713	0.210007710377038
AHCY	-0.403989475790858	0.0470278214345669	0.398985030734214
CFL1	-0.207553702656327	0.712295723049847	0.902901467883624
EIF4B	0.181718647675233	0.30744458624038	0.685167518792645
F8A1	0.0431193475377611	0.856244884708618	0.953409786425665
DGKA	-0.204105584287916	0.479783984233192	0.789710302095771
DTYMK	-0.460474364113569	0.0550650074548588	0.401312036579296
RRM1	-0.145605666738511	0.386939050995331	0.745800747199375
CHM	-0.559028518497961	0.0172579242871355	0.301150805941415
EEF1B2	0.226571004252762	0.385308973243297	0.745800747199375
ACP1	-0.0457419978791016	0.794822276541862	0.935592793800135
MYL9	-0.229450070693954	0.477456270582205	0.78833630917759
POLR2A	0.182620828027733	0.477482381108572	0.78833630917759
CDK2	0.294653786403298	0.266308282064475	0.655535325830603
GRK2	0.147693081970559	0.484002815375004	0.790827685788043
MCM3	0.0457840662309117	0.839659547817646	0.948385069356493
MPST	0.0450001673201044	0.833998383583391	0.945990654497236
RPS12	-0.492991062108295	0.122940414407812	0.502406599313361
YY1	0.139159103375665	0.790143068447788	0.934660672063776
DNAJB1	-0.318854585669946	0.228991547180215	0.624445584377045
DNAJB2	-2.2041224744869	0.0967147160921009	0.472009708272987
PSMA1	0.0665090281736482	0.782713116399254	0.933336253330782
PSMA2	-0.00262119467504718	0.990635340242248	0.995922462493734
PSMA3	0.0521459067853662	0.791333643962199	0.934660672063776
PSMA4	-0.135915119327542	0.5087936769731	0.80444699889414
S100P	0.900366144346847	0.0328785226400345	0.367449165721744
NFKBIA	-0.752077839857701	0.133171904985332	0.518682788093989
ITGA3	0.390493385098733	0.580625980714709	0.847630855381846
MSN	1.13975296674004	0.230310010635737	0.625731977425771
DDX6	0.367487804712663	0.248636202941773	0.643981797105014
DNMT1	0.466631777512752	0.428625340693794	0.764990161184671
U2AF2	0.065912486870161	0.824924232643915	0.943778000942131
RPL13	0.390723341788565	0.227870397643983	0.624152052849901
S100A4	0.438834333167073	0.0750648023934262	0.43474050915942
HMGB2	-1.31544683659816	0.049471883016879	0.398985030734214
PTBP1	-0.32920425933024	0.107774222115572	0.48211349965743
TARS1	-0.539197206099427	0.0227511611004236	0.322090192590288
VARS1	0.0890447141142801	0.632521061721225	0.866140714828216
EEF1G	0.187799896792701	0.339503850521816	0.716111234711328
STOM	-0.533728381801179	0.0244286099095552	0.336400527683357
YWHAQ	-0.0352336446575414	0.866356707235168	0.955863849875768
MAPK3	-0.0559357712688247	0.769379997631577	0.92661639219318
MARK3	-1.37821633404884	0.085411608131351	0.45570524965873
ARNT	0.004693354776105	0.979524316366816	0.993233355920797
RPL10	0.374974548425627	0.136059022166386	0.521512538282985
RPA1	-0.285453893461369	0.161910975767595	0.56814915048553
APEX1	0.165566829147725	0.388420162501806	0.746694865148829
DCK	0.347511341869129	0.0921395985235537	0.465103574514387
CAD	0.190682320040139	0.475490995891559	0.787159153144853
CALR	0.841039288941776	0.0180929244605423	0.304530240409334
MAP4	0.292860442904484	0.0877529552279718	0.456433199922357
CANX	0.198588799099962	0.809609801825024	0.938954242857333
PSMB8	0.297508946077279	0.593992501926526	0.851798591896814
PSMB9	-0.263167741124995	0.818121153416266	0.942024824516392
PSMA5	-0.0387777614784213	0.8276621308961	0.944561209255849
PSMB4	-0.231940092923615	0.185773866840838	0.587035819345045
PSMB5	-0.13859399087865	0.560189595018576	0.835648184737037
TMOD1	-0.0291820625849297	0.89941282562907	0.968669567017442
ITPRID2	0.89773957252455	0.167270779389683	0.576016337227286
POLD1	0.281121691781617	0.19194621658551	0.598011189109158
MAPK1	-0.0111931981562172	0.951648250074837	0.98496190847771
GCA	-0.374813488444335	0.127563527476377	0.5075595627505
ERCC5	0.304524261170332	0.465889206490595	0.781485926143294
LAP3	-0.309601875928472	0.136940889619014	0.523554837174618
GTF2E1	-0.0672586783925411	0.846203567488401	0.950701556046192
GTF2E2	0.0737277774266829	0.805227858698516	0.93828751074301
TPP2	-0.343926850366213	0.224504356926404	0.621707868062802
IMPA1	0.147314745658697	0.522832269132285	0.811558564825795
SHC1	-0.73692090260975	0.010452739360734	0.247218373816332
MPG	-0.33427330217004	0.323382760952455	0.699749986317013
CRABP2	-0.381785524156054	0.17835360736334	0.581845095979385
TKT	-0.483033616750575	0.0646950438501652	0.414945070765468
CASP1	0.151643495452326	0.727559759722884	0.908592110320774
RBMS1	0.844483369531581	0.00543350362120626	0.197716949762468
PML	0.480492859866867	0.0681357130337692	0.419804174240133
EEF1D	0.0764304210023923	0.752203049795733	0.920643162786728
MARCKS	0.157209911612455	0.44754658144495	0.774347762805493
ERP29	0.804162246801507	0.0853796591150334	0.45570524965873
PRDX6	0.051946867525146	0.810850569408684	0.939619121905757
BLVRB	-0.109493612658863	0.60324661188175	0.856653592378767
PRDX5	-0.0391396536706594	0.832973875910753	0.945784442477572
DDT	0.0342380218814533	0.861826455053414	0.9539353977919
GCHFR	-0.247188138062274	0.391754796335658	0.748466376659905
PRDX3	-1.14706386471774	0.0413570504146412	0.387509373664758
RPL12	0.093906100675003	0.708603204732717	0.902901467883624
CMPK1	0.02542347841527	0.924956356669061	0.977380851237353
PEBP1	-0.107950866466194	0.73898183455546	0.915980502744859
PDIA3	0.464084760596421	0.102574895763361	0.474874751362697
PPP2R1A	0.427149709635579	0.0463488924300296	0.398985030734214
PPP2R1B	0.210694458991853	0.315943993954716	0.693329110105351
CDC27	-0.28989425619346	0.201010037947366	0.603979976275839
WEE1	0.389611788615607	0.0985173675183865	0.472592000295749
CDC25C	0.122594444266106	0.566076701333019	0.838338040651505
NMT1	0.801224106611766	0.00209410157663824	0.118244726665155
ADSS2	-0.197868122987447	0.243135940080041	0.639421564836833
ADSL	-0.32997443609311	0.0890631494300459	0.456433199922357
CLIP1	-1.91487923843586	0.0862779895626882	0.45570524965873
SRI	-0.231722167493757	0.513216515273244	0.805922237116293
GSTT1	0.374463310926714	0.174627471059689	0.581829130356674
SERPINB1	0.23757489606777	0.247970906675144	0.643981797105014
SLC7A1	1.34978026311133	0.0895497113007313	0.457657238252009
ALDH3A1	-0.252612995389644	0.307114709026756	0.684927394670446
POLR2B	-0.428517047426453	0.239148689845276	0.6357162018604
GDI1	-0.240806754967156	0.213241500189671	0.60978448872577
MAT2A	0.169457384510078	0.498699638491571	0.800298108596162
PRKAR1B	0.0616274879413403	0.805017345638393	0.93828751074301
CPS1	0.173011216291453	0.420165169767303	0.76257653815303
RRM2	-0.168191353084786	0.389622550340377	0.747000445881874
DNAJA1	0.0708169826013361	0.678216296755663	0.890252047068574
AKT1	0.256443470540713	0.511470924163752	0.805891818995162
AKT2	0.59938875841117	0.133776643316257	0.518682788093989
ATIC	0.173852104366578	0.396370498375172	0.75211435262766
HNRNPH3	-0.713723434396687	0.260754769490964	0.65013169032198
HNRNPH1	-0.00665989560001989	0.978562216258966	0.992802687830005
YWHAB	0.199496241404407	0.428974185108156	0.764990161184671
SFN	0.0134161012785263	0.947390022191338	0.983592619274232
STIP1	-0.376878580637467	0.103584253450986	0.474874751362697
S100A11	0.41562824557279	0.525387564739119	0.813283222333911
L1CAM	-0.175641610251184	0.400321016519424	0.75297529652629
INPP5B	-0.757701646436626	0.432476562222453	0.767900479294553
PRDX2	-0.0983313881697043	0.788232295255645	0.934660672063776
DCTD	0.0158189544312926	0.936673784922764	0.979901504052859
HPD	-0.05635341795589	0.785799645069677	0.934660672063776
CTH	0.250075110327536	0.181055596767255	0.58224580509574
RPL9	0.240965786071154	0.23131361721158	0.626156641462847
ACSL1	-0.0573582057314788	0.795166529908483	0.935592793800135
KIF5B	0.115937180791807	0.652061903521877	0.874956821104909
CSTF2	-1.41392547540929	0.10804709243651	0.482166674580801
DUT	0.0287610001139917	0.889194388328749	0.966473454153978
CKS2	2.20976289276308	0.0889727751956382	0.456433199922357
TTK	0.41623642300253	0.169507592052646	0.577263182151638
MCM4	-0.0972130244705163	0.572831040757783	0.843880899677835
MCM5	0.317462676592729	0.101902821889342	0.474199574028315
MCM7	0.110360454232573	0.562156633733144	0.836137398357825
SHMT1	-0.106555976597583	0.561079412135079	0.835782901981806
HSPA1L	0.0455500488112861	0.824785506083052	0.943778000942131
HSPA4	-0.129589669707887	0.43914592986645	0.77020307817295
MPI	0.141580342456574	0.382692406602374	0.745020254160048
GPC1	1.8639448513192	5.45495141045289e-05	0.0115587311833764
PFN2	-0.0428279966219236	0.824738162399923	0.943778000942131
CTNNA1	0.348838610600161	0.17568900817148	0.581845095979385
CTNNB1	0.184220191449636	0.405936123059522	0.754258396894288
SERPINB6	-0.315317362193191	0.173324555129398	0.579578489776585
NF2	1.02582791076026	0.00410672221181736	0.165583078270264
RDX	-0.661912791676954	0.0650270672800498	0.414945070765468
RPA3	0.092764195408769	0.664414507974088	0.88169944163355
RFC4	0.0298385720407381	0.893179127007112	0.967593133063894
RFC2	0.542654721353195	0.0962029325192086	0.471525172929
RPL22	0.0736519637185999	0.702204032468368	0.901266084179261
GTF2F1	0.172007979632792	0.454464232828043	0.775108987030197
SPR	-0.00539807031855943	0.977650306513724	0.992149926549907
CBS	-0.259172714070974	0.234664924018175	0.629766814361132
AGL	-0.0144058423014997	0.945333313976469	0.982561630138693
MYH9	0.143015512039003	0.49876580017171	0.800298108596162
COPB2	-0.063341225713387	0.794919165131003	0.935592793800135
ADD1	0.151066776907765	0.464806870100841	0.781484753525534
BSG	0.0308973679749442	0.911892907719124	0.970825025677336
FUS	0.624278213471236	0.0284609752176991	0.348325535499977
NUP214	-0.148507446909967	0.459458395345768	0.779028501211029
DEK	-0.313439369342298	0.343007157054126	0.717110180096661
GLRX	0.377540728140396	0.261766175812249	0.651330652946976
CHKA	-0.385132135876642	0.112380088875808	0.487948799525396
PPM1A	0.594047789284282	0.0665917292227036	0.415923241565814
PSMC2	-0.429048596749777	0.0269825023947025	0.344983897399397
ARL2	-0.196150462605992	0.537877518089059	0.819939166429973
ARL3	-0.0626796933697804	0.743477767468554	0.917245526142339
TRIM23	4.87798099541953	1.36393906974576e-09	5.03975486271059e-06
MAP2K2	-0.757932231510686	0.0294978099296022	0.353344430343761
ATP6V1E1	-0.0992472711895402	0.635609035784756	0.867049712184196
RPL4	1.0064539950691	0.000409853004122355	0.0432687671494886
NUDT1	-0.476513987712195	0.0405175478440706	0.386333431670243
PGM1	0.241845198289361	0.257845292853858	0.648883717851436
PPP1CC	-0.167208454384674	0.311926846872678	0.689748473485664
GNL1	-0.256576741519474	0.281163544064394	0.666817345312742
SERPINB5	-0.107452632492901	0.662307530740676	0.881248226894778
SRP14	0.567158886785432	0.0371522399341129	0.377796772187313
NUP62	0.376766452528095	0.201464658626304	0.603979976275839
HPCAL1	-0.768066529659681	0.02247497566949	0.321879981002967
FDFT1	0.0826607010532889	0.903293677849936	0.9690157449249
TAGLN2	-0.046367220731458	0.830037955738496	0.944561209255849
TALDO1	0.163994512290838	0.408278845522681	0.755851488910221
SNCA	1.02876146878027	0.00304104154280049	0.142236056970225
ETFB	0.317194627485446	0.0714489642700991	0.426453540281201
ATP6V1A	-0.310781246374141	0.166018127012565	0.57330558814152
HSPA9	-0.459475215869801	0.182105190268651	0.583083776466782
EIF4A3	0.161337118555672	0.561238298077858	0.835782901981806
IGHMBP2	0.391073629724737	0.232657944503406	0.627819962372445
RPS19	0.67787089849686	0.00203633442344127	0.118244726665155
RPL3	0.475121743101443	0.0265355423344809	0.344196459412973
FEN1	0.252012323725985	0.414562300110951	0.760414790798824
CAPG	0.262506220946904	0.256583733572942	0.648328119980949
CAP2	-0.337309822424469	0.176961483066686	0.581845095979385
TXLNA	0.541222570774416	0.0297417898798549	0.353344430343761
CCT6A	0.205009700579026	0.417280142296618	0.762119513265675
NNMT	-0.134998982558933	0.700090652944587	0.901266084179261
PSMB10	0.442885690045088	0.180184304649709	0.581845095979385
ARL1	-0.762428286999445	0.0212467997921037	0.311159361567609
MLH1	0.237186643253601	0.275596558801457	0.660823676035939
STAT3	-0.527557786085197	0.0754813475562498	0.435637993675785
USP8	-0.0867657471196281	0.694856853664778	0.897473699507437
PEX19	-0.0740190073604694	0.724334135480955	0.908182772515144
MDH1	0.283498165987297	0.302140364053536	0.68185609047718
RFC5	-0.192820997484883	0.434467488889585	0.768849315827115
RFC3	-0.119693288143015	0.64757124360785	0.872699476339385
EIF2S3	-0.236358397870557	0.355062859790139	0.728549968668438
ETV3	0.010420772336893	0.972740432423234	0.991251804305108
CETN2	0.273791071388647	0.606074931511306	0.856735040308358
EIF2D	0.101086344521757	0.694904534314149	0.897473699507437
NAA10	0.183651375577849	0.65369840015636	0.875150575571649
CSK	0.10676836322699	0.708200406414336	0.902901467883624
GARS1	0.0794255478654406	0.745798205100394	0.917912407539387
IARS1	0.022053016360541	0.904375287278851	0.9690157449249
PRKCI	-0.0294258295616139	0.870211292053731	0.95786199940738
TMPO	-0.134824878388667	0.555076787017071	0.833066095868432
STAT1	0.14553513799007	0.349832106112371	0.724162258871267
STAT6	-0.105005282275517	0.664736559339317	0.88169944163355
MTREX	0.439786112317165	0.118161399793376	0.49703041066384
AKR1C3	0.44133982134074	0.161622742364294	0.568088640770969
PIK3CA	-0.45155163884699	0.39234202455919	0.749200920282278
MTOR	0.164545098169363	0.398934553356888	0.75297529652629
EPS15	0.0125537911589042	0.977248640718107	0.992149926549907
CASP3	-0.796786284936168	0.0362838221092878	0.374238942641194
CASP2	-0.634075104787435	0.122157485395398	0.502406599313361
RPS27	0.124238965436167	0.587410891278396	0.850809536616637
ABL2	0.0320350024452978	0.907078141160663	0.970368770002504
RPL35	0.348769703799491	0.575730626618318	0.845055098269528
CDKN2A	-0.195661200543579	0.406013518652974	0.754258396894288
CDKN2C	-1.37862365024812	0.221152791671449	0.619741282817282
PRCP	-0.161248859358793	0.623247427457582	0.862832238462258
HTT	0.00128616421938332	0.994580774576526	0.997775804129866
MTHFR	-0.535700345603765	0.0546296683919897	0.400824448609114
PAFAH1B1	-0.0487684316781412	0.749561350805778	0.92021473302906
MCAM	-0.524432274331431	0.0279192516894589	0.348325535499977
MATR3	-0.079176482116825	0.876701697136473	0.961044947323946
MSH2	-0.522389251709527	0.105108320923968	0.474874751362697
MAGEA1	-0.77363005947899	0.144077845370558	0.535042852908756
MAGEA12	-1.71739053800422	0.00267194727430686	0.128218768552777
RANBP1	-0.596686432873721	0.0889466139140916	0.456433199922357
NAMPT	-0.241207318242303	0.195113520873399	0.602017602934305
PSMC4	0.271169002065903	0.178777053132197	0.581845095979385
CBX5	-0.252991556302927	0.60618786389301	0.856735040308358
USP5	-0.00771269102580163	0.973127364517413	0.991251804305108
MAPK8	-0.556064504485704	0.0241392569369161	0.334479018591952
MAPK9	-0.527208933040146	0.152669271862073	0.553288390128321
PHKA2	-0.104554983308979	0.574861060213254	0.844882452427481
PHKA1	-1.57512063256804	0.034288656338386	0.373617074807683
RANGAP1	0.313825071319361	0.204399911881836	0.604086405817586
RECQL	0.499509217729656	0.0346912490921707	0.373617074807683
NOP2	0.42347336063386	0.381269394391235	0.744210466072696
CRK	-0.417842819754522	0.0619585996101159	0.412704158085212
CRKL	-0.459346550476361	0.0456972074733218	0.398985030734214
BAG6	-0.0178356984122061	0.940304121245851	0.980921436477532
MAP2K3	0.796994878396891	0.282763723225078	0.666817345312742
RPL27A	-0.165731817200729	0.617607258573033	0.860504834248626
RPL5	0.217533478820567	0.374498114668529	0.740380167843881
RPL21	0.255973825330997	0.586230039365847	0.850809536616637
RPL28	-0.655720661398277	0.252213210448013	0.646835814835334
RPS9	0.432430589633505	0.0455113284358959	0.398985030734214
RPS5	0.938788974541161	0.497158513508219	0.800003931365988
RPS10	2.17343840779101	0.000563470803750207	0.0495720147585004
MAP1B	1.96212151019958	0.067928094872788	0.419722927349417
GNPDA1	-0.0125851071303344	0.944186142551764	0.982561630138693
NEDD4	-0.870045671282412	0.0617188595240277	0.412704158085212
YAP1	0.17739527527511	0.515695825039936	0.807755859907827
IQGAP1	-0.461761077948854	0.0363604277153419	0.374238942641194
GYG1	-0.182446442883158	0.501820708390711	0.800740112655772
RABIF	-0.61877224318177	0.287306448040823	0.670320125008471
PLA2G4A	-0.61520962402621	0.14096886623779	0.530265005575945
CAPZA2	-0.0194388200816995	0.923970565181666	0.976950505474834
CAPZB	0.0184395389723946	0.952017998600606	0.98496190847771
QARS1	-0.192372260753039	0.354561380795636	0.728549968668438
RPL29	0.166817528574335	0.653022550250882	0.874956821104909
LIMS1	-0.149202380176401	0.738785774247284	0.915980502744859
PREP	-0.0430142757739738	0.844021527105704	0.950521043174512
ME1	-0.0616903763186087	0.688594740916829	0.896847926573029
IREB2	-0.270345046406511	0.126616417128061	0.506135213180225
PIP4K2A	0.447444688048954	0.063462696980404	0.412842720673579
SOX9	-0.148654757515331	0.60426304505838	0.856735040308358
ARCN1	0.432745605553489	0.0397968671312985	0.38601135688761
GCLC	-0.290080338958639	0.205903195976449	0.604086405817586
GCLM	-0.198253225800205	0.273152137629376	0.659400293639681
PSMD8	-0.212535037120311	0.314477204173768	0.691641855055533
PRRC2A	0.181605306587237	0.245967736057026	0.642751615792583
GSS	-1.62083107635285	0.00356754646031962	0.156929573462869
CCT5	-0.0976246632028221	0.570203341177237	0.841414275419285
CSNK1A1	-0.211769980793786	0.405256759444522	0.754258396894288
CSNK1D	0.718749532154519	0.0273875885341379	0.346565546690547
PITPNB	-0.0743906562193075	0.893223322565884	0.967593133063894
ADGRE5	-1.59362501703831	0.0163909547167114	0.291835816724571
POLD2	-0.359125409542006	0.0760980321313891	0.436390457077514
MARCKSL1	0.0169707405012929	0.951593051277037	0.98496190847771
PXN	0.0495832554217799	0.845199083368004	0.950701556046192
MAPKAPK2	0.125825846974145	0.870183598274071	0.95786199940738
ALDH9A1	-0.192387572260294	0.45008710973714	0.77443412077674
RPL34	-0.294419015909483	0.636424770407746	0.867105282690495
RPIA	-0.49787152511044	0.04826467089594	0.398985030734214
LMAN1	0.323473852148119	0.740987592357535	0.916166585017899
NASP	-0.768490579861336	0.146866128201922	0.541472332931712
FASN	-0.353861572830784	0.101932013300795	0.474199574028315
FNTA	0.313223084664276	0.129719256322344	0.511539650065167
FNTB	-0.0996930367339104	0.710967761180382	0.902901467883624
DHPS	-0.0513259005237288	0.762774947622325	0.923483594247066
CCT3	0.0759325447119892	0.70349098737096	0.901942816910374
ALDH7A1	-0.0988516503478749	0.584124451001438	0.849660041981468
CDC34	-0.490713443630717	0.033702474838576	0.372846241103408
INPP1	-0.13834069422083	0.556862594023463	0.833962430222145
SRP9	0.044836468166082	0.80651078917812	0.938305215999104
PCYT1A	0.417295397796682	0.0328613588347008	0.367449165721744
AARS1	0.117293084172154	0.490497186486182	0.797004003547249
CARS1	0.0819869584180069	0.69159961236986	0.897014510888202
SARS1	0.0511656365677027	0.874961399209339	0.960232822450506
PPM1F	0.209639077047814	0.241474330412337	0.637775304412855
PRIM1	-0.200781893851353	0.354424936284035	0.728549968668438
PRIM2	0.0253121557761062	0.881922066857447	0.962973415200433
CSNK1E	-0.752089705880785	0.104675305419275	0.474874751362697
PSMB3	-0.0255250861425118	0.931038484607461	0.978172574849579
PSMB2	-0.120633074343054	0.481936249311987	0.790100548102623
MCM2	0.0755060146438744	0.671351213754311	0.887528706555341
TMED10	0.443441484748774	0.0728239518005645	0.431222192041094
EIF2B2	0.0411350858695272	0.822337805006698	0.94294715202794
HINT1	0.171994053940651	0.356284690365576	0.728943483333777
RANBP2	-0.00638591382752196	0.973719191361451	0.991251804305108
TSC2	0.283267782807819	0.200317499199247	0.603979976275839
GSK3A	0.196242244244413	0.234898885908103	0.629863122953874
GSK3B	-0.743803103022305	0.0992646277647068	0.472592000295749
NT5C2	0.167756506113058	0.516289272864728	0.807869983610974
SEPHS1	0.0744077658363906	0.776583543254062	0.930439751077743
MTHFS	0.0957757979585239	0.710045814160461	0.902901467883624
GMPS	-0.32930108153333	0.0624591431525659	0.412704158085212
LIG4	-0.318265175500304	0.314160296528598	0.69137718622583
CDKN1C	0.0441011411921437	0.928203157650708	0.977977799353879
MRE11	0.342765506376249	0.118334451172778	0.49703041066384
SULT1A1	0.33865724130607	0.265776707335596	0.655535325830603
GDI2	-0.27402718775771	0.171621186897599	0.578595151082692
SERPINB8	0.681550745677185	0.201544603720733	0.603979976275839
SERPINH1	0.182206290743508	0.601896047737738	0.856045379673187
ST13	-0.0862417195014977	0.712302511199124	0.902901467883624
PEX5	0.1131405597658	0.92278878624094	0.976950505474834
ERF	0.319180452308267	0.210609782828744	0.607496602304614
VASP	0.429018208486465	0.092540112256912	0.4662921774201
DNM2	-0.208389467458389	0.260760787680597	0.65013169032198
METAP2	0.0201890780761325	0.943052692079404	0.982125055590022
NUDT2	0.105873928057285	0.683161789442676	0.893235248404349
CDK7	-0.26673205260294	0.209564868737789	0.60690783576684
KNTC1	0.0202337774809394	0.913638035697669	0.972319280501984
LRBA	-0.31642120631998	0.124185131946629	0.502406599313361
RPL14	0.50714268085428	0.0253188039242339	0.339360285860349
CCT8	0.092944326939989	0.649037657072072	0.873848217355991
CCT4	0.176846105496338	0.379031593824774	0.742010484358425
ANXA11	-0.00692901990289485	0.968391020418184	0.990095412408741
PAPOLA	0.386628563622814	0.430653668409877	0.766301541881968
FXR1	-2.08482777592744	0.0530089066928715	0.398985030734214
RAB5C	-0.133041665725635	0.513098640612976	0.805922237116293
RAB7A	-0.193906691972241	0.30652293796378	0.684351816178952
RAB9A	0.148514868630599	0.648267529628267	0.873258666415036
RAB13	0.029040999574768	0.972014033876158	0.991251804305108
RAB28	0.232609738257981	0.368504608061856	0.736809808868267
DAP	0.252971614315975	0.341158651651408	0.716669272257867
DUSP3	0.18978081420217	0.37506946849306	0.740387140973211
GALK1	0.0279144610962305	0.852968637181096	0.95306287680245
TPMT	-0.198929126486611	0.454476859430477	0.775108987030197
HCFC1	-0.0712302164280665	0.712159909950469	0.902901467883624
IRAK1	-0.135466570218192	0.594770113300682	0.851798591896814
PSMD7	0.0803212299797664	0.727611381444971	0.908592110320774
STAT5B	-0.316434869650145	0.113087121528805	0.489293810361748
USP11	-0.745089370032225	0.178094403442763	0.581845095979385
RPS6KA3	-0.249808919346528	0.269820791653353	0.656630517348678
HDGF	-0.495168984291624	0.0138515610391582	0.281217132086207
HNRNPA3	-0.367746504219262	0.254753875838151	0.647228022344404
PGD	-0.280733340079962	0.15435851956504	0.553288390128321
HNRNPM	0.211890150994197	0.382992743766377	0.745212316069912
KPNA2	-0.0921250850103199	0.588626284522669	0.850809536616637
RAP1GDS1	0.0558450372922294	0.753759668796582	0.920643162786728
POLR2H	-0.462573781254093	0.0789208679422202	0.44354439300639
POLR2J	-0.303725961660543	0.163001326688445	0.569810692633685
MAP2K6	-0.489418824232889	0.078791644570214	0.44354439300639
ARHGDIA	0.287738937024542	0.26929188471854	0.656630517348678
SLC7A2	-1.44100565030588	0.335938041569901	0.714833431268337
AGFG1	0.518337164514758	0.0753988990218738	0.435637993675785
HNRNPF	0.200957218237491	0.384520025319032	0.745800747199375
STAT2	0.155566486363021	0.468970067879921	0.783737856542881
GTF2A1	0.010865768361171	0.967191796319512	0.990095412408741
MSH6	0.164709147602974	0.322605390771286	0.699136022815191
KIF11	0.0174920429257099	0.931580322299233	0.978172574849579
VAV2	-0.0989482312637726	0.596057480671184	0.851798591896814
RIDA	-0.0652516380703645	0.805622157935242	0.93828751074301
SMS	-0.0917589221881485	0.694164002017112	0.897473699507437
HK2	0.282271337954164	0.331179762620426	0.708575114581629
THOP1	-0.38185610868161	0.218248283517434	0.615593440913678
AKR1C2	0.192662404878206	0.470109110238056	0.784520203033952
CAPZA1	0.213580830284663	0.428617748542972	0.764990161184671
CRIP2	-0.0291733899865889	0.932420802457261	0.978776950306699
NUP98	-0.249834582866015	0.314654927834466	0.691641855055533
BLVRA	0.184073136297947	0.385277401383688	0.745800747199375
PPP5C	-0.199612842043667	0.251676927701434	0.646835814835334
PLK1	0.535197081523503	0.0760631249677382	0.436390457077514
ARFIP2	-0.247284600949005	0.374445766711656	0.740380167843881
ARFIP1	-0.307828927796614	0.278747113407626	0.665215865708939
NUBP1	-0.731447210665138	0.206604278536659	0.604086405817586
ACLY	-0.270909852777972	0.155587363926117	0.554918252612938
METAP1	0.393204237418445	0.156098295362995	0.556203665734105
MVD	0.25111325731401	0.632625091207061	0.866140714828216
PGGT1B	0.068497696958854	0.84007153775475	0.948385069356493
RABGGTB	-0.446895883465441	0.0793230487637216	0.444466923623961
COPB1	0.00473098921764148	0.986721180163072	0.995922462493734
COPA	0.152255832174628	0.542606715440381	0.822704888613955
CTSC	0.379696863751171	0.294808209858902	0.677687689935838
LIMK1	-0.203548167848627	0.767696348275744	0.925214670058179
AP2S1	0.16203718864471	0.720541194366448	0.905725552926777
RCAN1	-1.08570098801098	0.000224000365210757	0.0290949184077215
PLAAT3	0.527306920794022	0.172921572048264	0.579570464025289
SLC16A1	0.310421213914726	0.33500639298334	0.713632207661578
IST1	-0.486752727982932	0.0379482228484498	0.382067257288888
SEC24C	-0.133346929078137	0.552325330871976	0.830446658992209
SUB1	0.115271736487141	0.658037562177655	0.877999635136681
CLNS1A	-0.132266795305053	0.490893915046602	0.797298029053711
RARS1	-0.337757501810426	0.236197769517806	0.630415646191987
ATXN3	-0.236972540810477	0.229416361061357	0.624681985351299
ATN1	-0.865766406759217	0.0201529812236236	0.311159361567609
YARS1	0.0729213346246027	0.757312620823501	0.921831203870151
USP14	-0.399898319916925	0.0667503334908058	0.415923241565814
PRKAG1	-0.255482261758747	0.35596646734758	0.728695898531472
PRKAA2	-0.2137428379338	0.57677249603814	0.845055098269528
HSPA2	0.473996031327296	0.0409978946226128	0.387435346881213
ATP1B3	-0.249939117847831	0.545760738206656	0.825163048439366
RAD23A	-0.121744463014284	0.565575377288772	0.837931443096236
RAD23B	-0.568860287211518	0.104741716167447	0.474874751362697
PDE1A	0.617493782314142	0.0427727182878518	0.393147248939334
AK2	-0.0951363468748596	0.619307191586604	0.860937484966293
NAPA	-0.287694516287871	0.206031486157424	0.604086405817586
EIF5	-0.275543123352136	0.223071456633301	0.62113717577999
PSMD4	-0.0920975221453268	0.624606637441947	0.863189796124191
DRG2	0.304785359600878	0.363756048378177	0.733970821375581
CSE1L	-0.17233044876523	0.637602441038094	0.867579244563925
VCP	0.335135476291587	0.0517992958840864	0.398985030734214
MFAP1	0.160412487525829	0.663675286854402	0.88169944163355
NAP1L1	-0.00459323564135872	0.984030067154177	0.995343853855649
CASP7	0.0970461919326766	0.838800524840753	0.948385069356493
CASP9	-0.682982015371223	0.0322975307158467	0.367449165721744
CASP6	-0.471612704151127	0.243518887452432	0.639973178617879
ADK	-0.0502191867097999	0.804108089283269	0.93828751074301
ADAR	-0.302458897394704	0.698093867663228	0.900333975921685
CDKN2D	-1.47537175633391	0.000120429443302514	0.0185411163751162
TPD52	-0.428078030408624	0.209513695232008	0.60690783576684
SEC13	0.523786038825129	0.0150958919250513	0.284588370729921
SNU13	-0.644628225671543	0.24008877179184	0.635934058617095
NPEPPS	0.190445777027595	0.438321394276453	0.77020307817295
EIF3B	-0.0659789843964944	0.741533733976251	0.916376972254933
BID	0.119928729132919	0.510502686328328	0.805425886414677
MARS1	0.0273180577428072	0.928406061108505	0.977977799353879
ARPP19	0.0116115463706841	0.952697527757736	0.98496190847771
HDAC4	0.158648647022414	0.520922815933919	0.811558564825795
EIF6	0.105727203611263	0.616566607912243	0.859703251409712
BCAR1	-0.107724944051569	0.632420355778306	0.866140714828216
CFAP298	0.265338227311545	0.157368856487672	0.55947305515002
WDR4	-0.5920690234517	0.0441953530084044	0.398108939705511
GEMIN4	0.537434716501327	0.0355827422133048	0.374147162389511
NUP107	-0.172387741867325	0.563617590255335	0.836137398357825
EEFSEC	0.237930331717873	0.321637288229625	0.697656380945181
SESN2	0.117548334358332	0.692035935326425	0.897014510888202
EPPK1	0.199177889030089	0.256343709822069	0.64831622709962
MTPN	-0.220805205150842	0.29843163418383	0.678493164602113
ARPC4	-0.0525104115288428	0.845210821230524	0.950701556046192
TPI1	0.246528509618066	0.408507557064604	0.755851488910221
EIF3E	-0.0943079702697887	0.625709796347366	0.863189796124191
PTEN	-0.198244798098067	0.373023369042304	0.740022756604525
PPP4C	-0.25355095032948	0.2578090569397	0.648883717851436
GABARAPL2	0.552145824750355	0.294935265223314	0.677687689935838
MYL6	0.114180295716935	0.483694753954141	0.790827685788043
ACTB	0.0369739310719481	0.880731708631977	0.962854348781851
EIF4A1	0.12215018205416	0.593693733525618	0.851798591896814
RPS20	0.418769080006598	0.0874565600220849	0.455914421047802
PRPS1	-0.214617010659047	0.767353909603505	0.925214670058179
PSMA6	-0.122158374633223	0.591179269253875	0.851798591896814
S100A10	-0.368603657642076	0.248704201480069	0.643981797105014
CDC42	0.197136250377742	0.469793709405076	0.784404770109244
DSTN	-0.421803931418225	0.197859993954957	0.603979976275839
GMFB	-0.56919074716534	0.035381251695199	0.374147162389511
RAB8A	0.197250451188548	0.371021353181375	0.737849246504402
SRP54	-0.122480098498308	0.535139166934563	0.817970287425111
RAB2A	-0.502534534894281	0.0399119876056208	0.38601135688761
RAB5B	-0.20296034752446	0.252246835438001	0.646835814835334
RAB10	-0.393468137936964	0.0632733752746544	0.412842720673579
UBE2D2	-0.632354135613795	0.225533610739785	0.621707868062802
UBE2M	0.101891918487034	0.674915277645224	0.88874267672812
UBE2K	-0.290640528520822	0.209074869974311	0.60690783576684
UBE2N	-0.548072009463734	0.185871983541975	0.587035819345045
RAB14	0.0405483386285574	0.855187783828055	0.95306287680245
ACTR3	-1.29512627441621	0.00404854196543372	0.165583078270264
ACTR2	-0.122441111716054	0.430953884717383	0.766301541881968
ACTR1A	-0.112349306292629	0.712117830099703	0.902901467883624
COPS2	0.260400278523704	0.152859071519337	0.553288390128321
ARF3	-0.180180122657944	0.3994081515743	0.75297529652629
ABCE1	0.0918218497791159	0.631653753186016	0.866140714828216
RAP1B	0.0111755513064189	0.990289806745932	0.995922462493734
RAP2B	1.14013049160781	0.0257934870507882	0.342830700189433
RPS3A	0.35806493330843	0.0740183899193638	0.432281039383662
RPL26	-1.27338386048619	0.42347876247289	0.763368742878581
PSME3	0.223221703031822	0.433976818561237	0.768717327221367
RPL15	0.400127340202239	0.428742707482357	0.764990161184671
MAGOH	-0.714327450957406	0.131060627434816	0.515976623066322
RPL27	0.462487635018384	0.0156620999756265	0.288287866764219
PCBD1	0.475633143829146	0.0967519891055292	0.472009708272987
RPL37A	-0.649284625717527	0.295468164678386	0.677687689935838
NAA20	0.13511252758709	0.563152737841605	0.836137398357825
HSPE1	-0.136093259486088	0.60814595707116	0.857017281227283
VBP1	-0.0513988538469263	0.795570381087963	0.935592793800135
STXBP1	-0.157783532571013	0.397179796540068	0.752770200171992
COPZ1	0.347485138061316	0.0507089802618094	0.398985030734214
SUMO2	1.45467813641134	0.357219832166831	0.729241591080906
UFM1	-0.0703505181104092	0.78705516095481	0.934660672063776
DCAF7	-0.250419501907679	0.255733139554614	0.648066022321187
WDR5	0.247303566368807	0.428948419775885	0.764990161184671
AP1S1	0.240316223104585	0.41691867155385	0.762119513265675
NUTF2	0.02348900607209	0.916433723604007	0.974172211943846
HNRNPK	0.32520364932958	0.123119754098149	0.502406599313361
YWHAG	0.379335669949764	0.0463299127690448	0.398985030734214
RPS7	0.313508728453115	0.109079041619143	0.484040989168788
PPP1CA	-0.268162716839953	0.155039264351157	0.553516342284614
PPP1CB	-1.08732519313942	0.00172583767078478	0.104540494976226
PSMC1	-0.0556230743124644	0.754058644199263	0.920643162786728
PSMC5	0.0351888802387705	0.900028660906754	0.968669567017442
RPS8	0.454727493530342	0.15777414331348	0.55947740839089
RPS15A	-0.0988751130511076	0.676204396696534	0.889212041995373
RPS16	0.266245386080566	0.17630774712331	0.581845095979385
UBE2H	0.0165454464677097	0.930600308008696	0.978172574849579
YWHAE	-0.151248031135516	0.726189378898096	0.908592110320774
RPS14	0.0845459008526106	0.729797110714552	0.910521487353834
RPS23	0.807968410849981	0.0545673827211078	0.400824448609114
RPS18	0.470670999947426	0.125127934444119	0.503047399932446
RPS13	0.618156092490672	0.135349841475476	0.520008384149842
RPS11	-0.12850700002959	0.709230479045658	0.902901467883624
SNRPE	0.569952018574767	0.019463206073786	0.310242359320659
SNRPF	-1.107716831398	0.0341666685199545	0.373617074807683
LSM3	-0.0153658675313082	0.933156401060657	0.979270917898076
LSM6	-0.478731770386339	0.233458911174555	0.627824364475969
SNRPD1	0.0617292947965993	0.710882867392434	0.902901467883624
SNRPD2	-0.337843213350723	0.283448712243505	0.666817345312742
SNRPD3	-0.26081414400598	0.198490365481615	0.603979976275839
TMSB4X	-0.0846361556467272	0.78361087305234	0.933712407587358
ARF6	-0.287750678394524	0.342771763629518	0.717110180096661
PSMC6	0.156536198084705	0.46089571892674	0.779986260844183
TBPL1	-0.256800641611946	0.213756147055089	0.60978448872577
RPL7A	-0.169764589638827	0.396513872508439	0.75211435262766
POLR2G	0.232443381902428	0.6303953949103	0.865593082197531
ETF1	0.116466782321222	0.594680489378831	0.851798591896814
YPEL5	0.199987093318185	0.69719261331191	0.89979975766242
RPS4X	0.289584894288883	0.37708192473876	0.740387140973211
PPP2CA	1.24398050091877	0.334992487888066	0.713632207661578
RPL23A	0.73578621362147	0.00216300441386716	0.118244726665155
RPS6	-0.0974541216469618	0.701222936048991	0.901266084179261
H4C1	-0.683524149958082	0.329698851335424	0.707454852313817
RAB1A	0.256459954230159	0.54684762558512	0.825746618936256
RAN	0.00591520832593773	0.975089866658348	0.991251804305108
RPL23	0.452173391494483	0.109341157655937	0.484040989168788
RPS15	0.062390597329653	0.839328541276876	0.948385069356493
RPS24	0.483923478062195	0.0783881018942422	0.442880789754167
RPS25	0.571594659509852	0.0209930674976752	0.311159361567609
RPS26	0.104652494978261	0.613259351725029	0.857262674549234
RPS28	-0.367541548886027	0.606191687658477	0.856735040308358
FAU	0.171264669820061	0.489862811584613	0.796673894720575
GNB1	1.05783735304356	0.198618608130065	0.603979976275839
POLR2L	-0.430130131247282	0.172725828505806	0.579570464025289
RBX1	-0.107830006580407	0.621609340409316	0.862503384458289
RPL30	-0.139669493748947	0.470794279729963	0.784520203033952
RPL39	0.243519784632927	0.233808063024112	0.628306031181158
RPL31	0.393970416973183	0.233258162045267	0.627819962372445
RPL10A	0.197804533307657	0.377106522141159	0.740387140973211
RPL32	0.0319228678143162	0.920869298106891	0.976605338352785
RPL11	0.246903377022491	0.158949136572338	0.561117631434743
RPL8	0.602162461054583	0.0606462922647033	0.412704158085212
PPIA	-0.251810395565549	0.47206265740511	0.785186239026303
FKBP1A	0.078402093825197	0.628340188768487	0.865021236028151
GRB2	-1.0557713882243	0.000179440044606633	0.0245567024007967
RAC1	-0.615889670936944	0.421668850279025	0.763368742878581
AP2B1	0.114700252268179	0.488600435025137	0.795320972430784
GNAS	0.236176569705307	0.355190815446778	0.728549968668438
PPP3R1	-0.197460149361198	0.37561876154971	0.740387140973211
YWHAZ	-0.0219267655848014	0.888223414333104	0.966473454153978
UBE2B	-0.410243281919286	0.270141955286495	0.656630517348678
PPP2R2A	-0.209465375935011	0.302888762643039	0.682097256574613
SUMO1	-0.228371729697074	0.324115129059319	0.699853640006456
DYNLT1	0.742059682388373	0.00541846653864998	0.197716949762468
RPL38	-0.286300089121479	0.337386362376952	0.715609991532924
SKP1	-0.55383886751514	0.121776371437853	0.502406599313361
RPS21	-0.110883272854693	0.61931578756168	0.860937484966293
EIF5A	-0.132352594196202	0.524131897523993	0.812270625138999
RACK1	0.154582720242715	0.448793794213495	0.77443412077674
ACTG2	0.34162280873506	0.502320045163363	0.801067141509981
SUPT4H1	-0.0256734767761202	0.875254166715373	0.960232822450506
UBE2I	-0.402163706848391	0.0928572440249446	0.466812947853293
TMSB10	-0.221162027744601	0.464207862745325	0.781195770093094
YBX1	0.384428170646469	0.0888876608826594	0.456433199922357
TPM4	-0.151954675513561	0.462017126658285	0.779986260844183
UBE2L3	0.136718683057993	0.461951868226589	0.779986260844183
EEF1A1	-0.115372885110961	0.645502920273963	0.872004208683961
TUBA1B	6.93079052369259	0.0101227203598036	0.24607534032549
TUBA4A	-0.0719697543961146	0.756077915984487	0.921407618589275
TUBB4B	-1.56302785338739	0.0475325752640403	0.398985030734214
CSNK2A1	-0.236943434640509	0.423233901845795	0.763368742878581
PAFAH1B2	0.00834036477871081	0.967170089917652	0.990095412408741
H3-3A	1.38158080558235	0.0099632786232825	0.243803407371052
IGBP1	0.11704853196402	0.70234391099298	0.901266084179261
PSPH	0.295097157413071	0.27872892271239	0.665215865708939
EIF4G2	0.443663646426863	0.18281284707853	0.584286763558241
RPP38	0.285639559853323	0.153989712676319	0.553288390128321
RPP30	0.0944292338166477	0.711924128040333	0.902901467883624
PIP4K2B	0.351686426588504	0.369256483310852	0.73711653475613
SRPK2	0.179566965264531	0.43094468010866	0.766301541881968
CCT2	0.0704588936939388	0.717377399736608	0.905725552926777
RAE1	0.205790563440427	0.304430473801844	0.682097256574613
GSTO1	-0.195231165104538	0.391297578363348	0.748366745368826
PRKDC	-1.10057157036506	0.0573652506853785	0.405252485497543
CRADD	0.4348802756464	0.33018747229018	0.707681386375994
IFI35	0.301669569993003	0.387135047492681	0.745800747199375
BASP1	0.156972047977671	0.402859941014432	0.753389899300316
GPSM2	-5.00579176521857	4.00108855848988e-09	7.39201111181005e-06
HMGN5	-0.313668351732129	0.228749894954542	0.624445584377045
SARNP	-0.451029956063781	0.209085118756159	0.60690783576684
COG7	-0.335950271095985	0.636149328750029	0.867049712184196
RPL24	-0.336978879667654	0.328861282118629	0.706889143355634
ARF1	0.24275154292949	0.535877651141148	0.818548127724903
ARF5	0.033812583549782	0.890117188500827	0.966473454153978
RHOG	0.527916958016327	0.0503218706275664	0.398985030734214
RPL19	0.611700228261505	0.177686707201505	0.581845095979385
SRSF3	0.1986720486255	0.503998169048172	0.802012590281221
FOXK1	0.146739289806984	0.607577767017974	0.856870171424204
CCZ1	0.320517376240957	0.124183542053179	0.502406599313361
DAB2	0.3372778239235	0.114247449879167	0.490502619765356
RBM3	0.483350377661921	0.0723102862845742	0.430167942508621
CYCS	0.0181710249864793	0.953240537135667	0.98496190847771
MPP1	0.346645534358746	0.592928062327514	0.851798591896814
PITPNA	0.0978716970787303	0.611801912382176	0.857262674549234
HDLBP	0.412844979731425	0.0611012397501919	0.412704158085212
GTF2B	0.410968468935707	0.0803996613072171	0.4474047417623
CDK6	0.0406117852974859	0.821755904530872	0.94294715202794
CDK5	-0.017839898703123	0.944588302745333	0.982561630138693
PURA	0.30552925799466	0.170636737215458	0.578440356197548
CLTC	0.0213061029501098	0.944868373664715	0.982561630138693
HSF1	-0.10480349802209	0.591882455835891	0.851798591896814
NFKB2	0.481965132652622	0.118209929729475	0.49703041066384
FKBP3	0.138145811891405	0.408113761966154	0.755851488910221
REEP5	0.151069673403256	0.712215400429083	0.902901467883624
SORD	-0.199539073172446	0.416604493426447	0.762056239213228
HNRNPU	0.0364593304741589	0.850700743472222	0.952443381286602
SPTBN1	0.212021641988354	0.381502547951607	0.744272394235052
TIAL1	-0.783072131093078	0.00832858645283455	0.225815513139313
SET	-0.0454621674626701	0.900809613340602	0.968669567017442
SRSF2	0.0234098029652543	0.914894679905999	0.972889785508604
GALK2	-0.226215670699762	0.445442363900426	0.773453728671088
AMPD2	-0.0221500128993881	0.927184330465746	0.977977799353879
FABP5	0.213523373172265	0.296745030574779	0.67848559254293
CAP1	-0.212280826500965	0.426735829947671	0.764745615346568
HMGCS1	-0.260159612970526	0.198433071087115	0.603979976275839
IFITM3	0.485602112790449	0.105087609675098	0.474874751362697
SLC7A5	0.0721265046068282	0.797618695780601	0.936796717396242
DR1	0.162340575047249	0.502783572999061	0.801281790586698
EXOSC10	0.345191770141327	0.438177734443782	0.77020307817295
OTUD4	0.058450259470419	0.857972033354196	0.953409786425665
PFKP	-0.348641084036849	0.0594841702153077	0.410563363626771
EWSR1	0.297526817238598	0.313186350172631	0.69027562906788
OCRL	-0.242545182736713	0.51642460116079	0.807869983610974
PLCB3	-1.59604885641565	0.0395525219261126	0.38601135688761
TAGLN	-0.0988461758683314	0.796257027799728	0.936102360076358
COL7A1	0.0768402154777519	0.799143640029091	0.936796717396242
RPL18A	-0.131813676212932	0.439192932533263	0.77020307817295
MAP2K1	0.539251458357569	0.051428326771517	0.398985030734214
FKBP4	0.19666961379512	0.241271490587239	0.637775304412855
RASSF7	0.660307251428236	0.175060931729165	0.581845095979385
RPL6	0.358621809901276	0.199613302277579	0.603979976275839
AKAP12	-0.186766174126301	0.400635841128738	0.75297529652629
DST	0.10099208624824	0.699032632095392	0.900915791975052
GSTM4	-0.0781494215888152	0.767715339214717	0.925214670058179
ACY1	-0.230572839959272	0.400243267294184	0.75297529652629
TNFAIP2	-0.355080902968936	0.082042449878001	0.450861999754227
MVK	-0.270999492180223	0.334142494725038	0.713632207661578
RELA	0.0505705094067253	0.732269488605553	0.911943296392827
UBXN1	0.0981737523556525	0.759323162878409	0.922320541366115
GBE1	0.141527094907588	0.535221505059742	0.817970287425111
EIF4G1	-0.259891679145049	0.250931343732468	0.646204900553257
KRT17	0.243547965322207	0.169779724381003	0.577569311514541
TLE3	0.291233113680608	0.203762721185904	0.604086405817586
GLO1	-0.136838984282122	0.568758545269989	0.840055996369677
REL	-0.913305544789406	0.322959221416978	0.699492569247205
YWHAH	-0.044313046582019	0.807980135739592	0.938308517016987
PLP2	-0.0617138024874926	0.845881827630133	0.950701556046192
CSTF1	-0.400316044734019	0.232508589758777	0.627819962372445
UBE3A	2.55544372006455	0.00833545663564709	0.225815513139313
DNM1	2.70242354341547	0.000152280466609422	0.0216413970816082
PTPN12	-0.0635172271440894	0.71182065752969	0.902901467883624
PTK2	0.00584041758219556	0.983865578946473	0.995343853855649
PRKCZ	-0.607329880398019	0.0210332121338293	0.311159361567609
EEF1A2	-0.297564722825918	0.140745409482465	0.530126695247409
PRKCD	0.106561811445474	0.536471248376111	0.818655830356371
CALD1	-0.0119011115114809	0.950923507777471	0.98496190847771
FPGS	-0.257038470039873	0.255037618547619	0.647228022344404
PTPN11	-0.105067127098266	0.600160430985069	0.855222827801708
PPAT	-0.106647365167408	0.62741199128133	0.864709924574605
GFPT1	0.0551821277685107	0.748527499609858	0.919920299253898
EXOSC9	-0.625758846259242	0.127267217220847	0.507284107476838
PSME1	0.0480263076206526	0.817271910155534	0.942024824516392
GABPA	0.0999624539709671	0.570841218152932	0.842019281866301
PRDX1	-0.4242119303373	0.040809177950102	0.386640801347761
RPL18	0.23589023397507	0.205825243189341	0.604086405817586
C1QBP	0.188283873448938	0.63271883029708	0.866140714828216
TJP1	0.734781299725086	0.00698212082021704	0.210007710377038
BAX	0.24232198182839	0.378624910965282	0.741791646880551
POLE	-0.216787339994902	0.6300841522237	0.865487339206904
KLC1	-0.062852318545815	0.751171133856226	0.920643162786728
SRSF1	-0.256167373977799	0.477474365325616	0.78833630917759
ARHGAP1	0.0740608287234927	0.657732492955124	0.877999635136681
TLE5	-0.0363547869345915	0.920420961772318	0.976605338352785
PPP3CA	0.0262188373489636	0.876774700251427	0.961044947323946
DHX9	-1.0429542969034	0.307708432866925	0.685342169646347
CRYZ	-0.0579998052944184	0.745308591766487	0.917665860238977
GOLGA3	0.185777674875716	0.461907210567326	0.779986260844183
GOLGA2	-0.0007054847123662	0.997733403076432	0.998544129026927
PDE4D	0.0962043926384055	0.874137229716442	0.959896625105794
PUDP	-0.185158076016378	0.456661792547568	0.777229536371839
PPID	-0.569685155521288	0.0344522928890869	0.373617074807683
SSRP1	0.690939504641477	0.45040836956677	0.77443412077674
CAMSAP2	0.648691235832928	0.102025942337865	0.474199574028315
VAC14	-0.660578751797406	0.153206779865078	0.553288390128321
NSUN2	-0.0467617086296741	0.81726889665188	0.942024824516392
RBBP4	-0.365022942539262	0.393456741868767	0.750936597767196
NCBP1	-0.174196626966225	0.493044501383114	0.798914342660907
AHNAK	-0.0890856106866593	0.753697309208218	0.920643162786728
ELP6	-0.155204456014484	0.444572461363072	0.773453728671088
HSPA14	0.205846110290764	0.283167542785392	0.666817345312742
SCRN3	0.203802935921367	0.324262363109892	0.699853640006456
GALNT2	0.178497677304765	0.588362588456833	0.850809536616637
AP1B1	-0.208852466502041	0.382150626369704	0.744750297698342
CPSF1	-1.2351964695351	0.336883722914493	0.71546945442896
BST2	0.155258863112238	0.681280974783452	0.892354910253405
SCRN1	0.581694149176659	0.0191815479643951	0.310242359320659
WASHC5	-0.421065785455159	0.102483072506594	0.474874751362697
NUP160	-0.685660291692095	0.00675710950976167	0.210007710377038
TWF1	0.136095450334206	0.496149587588715	0.799847727069551
TFCP2	0.0165002040636786	0.939682814341717	0.980827118359504
AKAP13	0.509611923221332	0.206581205191304	0.604086405817586
CDC20	0.276366173652754	0.139927783968253	0.528960999610442
GRSF1	0.679059688569104	0.328310747714517	0.706527788471253
MAP4K2	-0.259691461996709	0.364984308305867	0.734941154872031
SF3A3	0.172534349927844	0.379338472208773	0.742010484358425
DPYD	-0.371694983265513	0.206811719447699	0.604086405817586
TP53BP1	-1.03988611038675	0.410277766963633	0.756852895122628
IFRD2	-0.0553364281775472	0.833816030818793	0.945990654497236
TRIM26	0.265758160308344	0.128411008124563	0.508007146702636
AIMP1	-0.0291822857230137	0.880115491670059	0.962707738816124
ILF2	-0.428870127288256	0.0612256234826611	0.412704158085212
ILF3	-0.139368721917773	0.483097847546347	0.790827685788043
TRAP1	-0.254007118186294	0.25945614644936	0.649713654459568
TRAF2	-0.124714871149351	0.697540115662754	0.899933913189202
MYO1E	-0.329466824645891	0.161739986492844	0.568088640770969
PPP1R8	-0.212921714415131	0.624872240132897	0.863189796124191
PTP4A2	-0.348554001231406	0.101809027014042	0.474199574028315
ABR	0.0646963736237609	0.884256521976093	0.964483973129631
NPRL3	0.0764690566224928	0.788135418703685	0.934660672063776
MLLT11	0.180430110336019	0.348513357510157	0.722241646662944
ARHGAP5	0.0282894018286228	0.892363452496633	0.967593133063894
STRN3	-0.225979245118694	0.407885540651291	0.755851488910221
CDC16	0.622513188438067	0.00309380960520702	0.142842024785546
STK4	0.0864825727681477	0.740972433194956	0.916166585017899
FLII	0.253499650800936	0.31121383939359	0.688996486853994
COASY	0.0879749014300124	0.645626086087606	0.872004208683961
ACACA	0.0439443963212476	0.827406889563709	0.944561209255849
GPS1	-0.0779564302111311	0.798191220131326	0.936796717396242
USP4	-0.243432447053458	0.420401803803812	0.762584518927386
CHAF1B	0.641002831907009	0.120104772571293	0.498077592200816
IK	0.0823616692021005	0.890094049034623	0.966473454153978
MTAP	-0.105434387623202	0.59581124957294	0.851798591896814
PRKAA1	-0.300677320741549	0.214043432172483	0.60978448872577
PPFIA1	0.462382699715601	0.0576343517453278	0.405252485497543
EIF2B5	-0.562587155657514	0.271746555766882	0.659293186840859
TARDBP	0.320444359376012	0.226856695670939	0.622760394133819
HNRNPA0	-0.327467802643554	0.135027562778273	0.520008384149842
PAK1	-0.38849082781617	0.126705026303574	0.506135213180225
AIMP2	0.181665103266486	0.490187520773338	0.796851249123398
FADD	0.0327088833242897	0.850437662586035	0.952443381286602
PRDX4	-0.0119561805235939	0.973618144954568	0.991251804305108
MAP2K5	0.339377689197057	0.610387178525973	0.857262674549234
MAPK7	-0.04547007333721	0.943435439959456	0.982246816187712
PAK2	0.196748840490422	0.306029474821084	0.684076775235273
CBX3	-0.324491448799808	0.50839558021199	0.804177514279641
STX5	-0.415061920096655	0.201790743302502	0.604086405817586
PSMD2	-0.128369537902824	0.463525883650313	0.780924799689085
SELENBP1	-1.15180069681627	0.132819232328679	0.518682788093989
SRSF6	0.471469927253416	0.0822959548008705	0.451162541527027
MAD2L1	-0.0605983520382196	0.788284585786316	0.934660672063776
TRIM28	-0.0227169760460555	0.925634658206631	0.977764454566467
G3BP1	0.343036902840051	0.218929693745179	0.616574099381431
NMI	-0.0838218455361996	0.653639833452682	0.875150575571649
KCNAB2	-0.277079934064069	0.166499571545282	0.574431294920464
SKP2	0.294554808648464	0.36830570909529	0.736809808868267
PABPC4	-0.312489272272678	0.278065504323656	0.665017500631656
IFIT5	-0.114272025077923	0.62300252272628	0.862816462321441
EIF3I	-0.498758110502607	0.0934388893442336	0.467069796992223
PPP2R5C	-0.055350974478916	0.787632673749425	0.934660672063776
CTBP1	0.488398940158628	0.167626240519476	0.576166473227407
PDCL	-0.080417828570809	0.64463064232454	0.871882014453815
TARBP1	-1.15357995446696	0.0273602740484019	0.346565546690547
UBE2V1	0.397359568628577	0.0565360811062488	0.404918391346058
DYNC1I2	0.324432787574864	0.118507115506047	0.49703041066384
ILK	0.0653519701390728	0.781232194883261	0.932682701161115
SNTA1	0.331052026257325	0.195196249893194	0.602017602934305
SNTB2	0.410799785920879	0.138572242680504	0.526312155130492
XRCC4	0.920052801346777	0.00154609940283708	0.0968277507370002
TCOF1	0.0166998087574726	0.940692636178715	0.981049757459879
SF3B2	0.0226729576115083	0.917662020286169	0.975197343962438
GOLGA4	-0.171382949294099	0.7658573520824	0.924483147972711
PDAP1	0.0307094723106545	0.910256418983156	0.970754940661925
FKBP5	0.0081134570162682	0.966868967858032	0.990095412408741
MYO9B	-0.0511561152292828	0.794266862462968	0.935592793800135
ROCK1	-0.105380333841339	0.59532099598967	0.851798591896814
TNK1	-0.388685912196451	0.236299234093613	0.630415646191987
GAB1	0.7996706744463	0.205361383014306	0.604086405817586
BIRC2	0.045110194140527	0.881039510690523	0.962854348781851
PICALM	0.572650767885207	0.0529069144397433	0.398985030734214
SQSTM1	-0.147056382797143	0.43886178354649	0.77020307817295
TUBB3	0.344129888926339	0.760374022825752	0.923094834758297
PIN1	0.179758218935916	0.383707812327419	0.745800747199375
EIF4EBP1	-0.438297468525693	0.212230962712162	0.608373473406857
RIPK1	-0.217007072761227	0.254006388634023	0.647228022344404
HDAC1	-0.250406528302111	0.405482650348701	0.754258396894288
CAMK2G	0.155604956616415	0.791084023087395	0.934660672063776
CAMK2D	-0.0250680224666517	0.909088318510204	0.970700535130026
DCTN2	0.239565818795874	0.200396917900827	0.603979976275839
NAE1	1.50884801502029	0.0476991238962818	0.398985030734214
TDG	-0.494062148849824	0.0838482191543764	0.45474090017365
ITPK1	0.403964917289994	0.0782328616518161	0.442680587754151
SNW1	-0.145841945631282	0.507750317463817	0.804173777551995
IQGAP2	-1.29087581653419	0.0659569245999829	0.415923241565814
SNX1	-0.473843518220505	0.104178831106848	0.474874751362697
PWP1	-0.0927377089977632	0.702491009260232	0.901266084179261
MTMR1	-0.0642079134337941	0.752054389684763	0.920643162786728
MTMR2	-0.786495852898668	0.105914963728309	0.475097339495435
CUL1	0.202094425568934	0.374785260979652	0.740387140973211
CUL2	0.353988799526093	0.11070807343146	0.485554820821522
CUL3	0.166251857126454	0.576260679345131	0.845055098269528
CUL4A	0.0443300981491781	0.79747421761946	0.936796717396242
CUL4B	0.379495886057022	0.422143887479752	0.763368742878581
TP53BP2	-0.401662634368854	0.242106776371327	0.63898895620861
GFUS	0.300761275178431	0.0986922025418977	0.472592000295749
RAB31	0.275833383808319	0.213722504123933	0.60978448872577
RAB32	0.900070723395139	0.124745685610109	0.503047399932446
FHL1	0.0360259296144427	0.894981337502469	0.968669567017442
PMS2P11	-0.327600321572199	0.541012324543582	0.821522205516788
RIN1	0.039869818469608	0.813090214904022	0.940628786496669
AAMP	0.322981375573665	0.345060070451476	0.71754165805259
ALKBH1	0.233300802202351	0.376947382734766	0.740387140973211
ALCAM	0.454388630796345	0.516971525291593	0.808383320335352
SPTAN1	0.433860687142591	0.0649172207975509	0.414945070765468
GNL2	0.262593251434222	0.363740615370567	0.733970821375581
DDX39B	-0.532963346734839	0.0358818248031007	0.374147162389511
BLMH	0.313430281436368	0.284618384376789	0.666817345312742
EXOSC2	0.0646025891354896	0.829369479489035	0.944561209255849
TUBB2A	0.0446758630773729	0.808037266887159	0.938308517016987
KLF5	-0.121636394922859	0.898858629466397	0.968669567017442
BYSL	0.0204994158721483	0.911646776400214	0.970825025677336
IDI1	-0.0620776218655124	0.794392959600333	0.935592793800135
CBFB	0.0774440573233122	0.718796997701262	0.905725552926777
CKAP5	0.0905457271778403	0.639913930780435	0.867699807058242
CIRBP	0.790804055661482	0.336601899656068	0.71546945442896
COTL1	-1.01793892319059	0.00633779671318447	0.210007710377038
COX17	0.410623172395916	0.178761614635059	0.581845095979385
HNRNPD	-0.0667966481005422	0.740604787480887	0.916166585017899
IL18	-0.459277627058675	0.0744763704891527	0.433312723974081
DSG2	-0.484301853854198	0.188599236899926	0.593589591435457
BOP1	-0.0937162420994042	0.88987257854997	0.966473454153978
UBE4A	0.073987662298773	0.800537778393662	0.937555337928552
SEPTIN6	-0.616873999073274	0.308347579423865	0.685854111914839
SAFB2	-3.60409574353241	0.0010199794557002	0.0753764817762447
EIF3A	0.156231137275618	0.548634389914575	0.827039100922684
ARHGEF7	-0.0490116779805909	0.903776189293037	0.9690157449249
UBAP2L	0.263561636685143	0.185055089095884	0.587035819345045
SCRIB	-0.808156451908339	0.190715328922853	0.596691905478358
GIT2	-0.171859814055395	0.659770580232995	0.879221315814234
TTLL12	0.0404966972574741	0.849926560355526	0.952443381286602
POLA2	0.307738057513468	0.646562011150947	0.872233162176981
DPYSL3	-0.149121065889837	0.343613244908612	0.717110180096661
DCTN1	0.213509645889957	0.51402945801736	0.806598956535097
DYNC1H1	0.328134892005203	0.163812458177204	0.57156471479204
EIF2B1	-0.0697878746450691	0.716450955127071	0.905530569967531
EIF4A2	0.311529394122783	0.26478208711329	0.655161199979013
ELOA	0.720227569505109	0.0487133643571772	0.398985030734214
MAP7	0.433677775795324	0.051208055586129	0.398985030734214
CTTN	0.0917742800666694	0.592949877272476	0.851798591896814
TRIM25	0.434899585779299	0.0360238190829835	0.374147162389511
FAM50A	-0.265351063928541	0.289416632693273	0.672575130692857
FRG1	-0.800334712700572	0.00348483310806362	0.156929573462869
GAMT	0.18323168161163	0.45212059302894	0.775108987030197
GALE	-0.187444123149003	0.354426606844632	0.728549968668438
PDE3A	0.528307519709298	0.0195966060620036	0.310770212013318
CAPRIN1	0.138541281963473	0.575103217853372	0.844882452427481
RBM39	0.104070570362016	0.628653266139429	0.865129913737501
PRPSAP1	0.399185093640078	0.049866191559852	0.398985030734214
MCM6	-0.174557973482955	0.483487712592541	0.790827685788043
PLS1	-0.270788874040122	0.387156028512546	0.745800747199375
LAGE3	-1.0944287547993	0.0400114613499201	0.38601135688761
TRIP12	0.26872338754217	0.180344718309753	0.581845095979385
PUM1	0.390144688131304	0.399498093076344	0.75297529652629
ESPL1	0.349681029591135	0.743997997400676	0.917450462305043
CLINT1	0.383193044149422	0.199388351666706	0.603979976275839
SMC1A	0.47345469213154	0.254824778547775	0.647228022344404
GINS1	-0.0125615448427148	0.933436257242866	0.979286476579327
LPIN1	-0.503234054025594	0.340011534489737	0.716111234711328
USP10	0.181618616623265	0.272992741603297	0.659400293639681
GANAB	0.44184799573852	0.208254024634324	0.60690783576684
PPP2R5D	-0.0669263680506624	0.783042594134079	0.933336253330782
COG2	0.0442083825811181	0.890358765342393	0.966473454153978
MVP	-0.0584861932038976	0.757593025053634	0.921831203870151
CASP8	-0.333039269751481	0.0966778649498783	0.472009708272987
NAA30	0.79577155349849	0.0139540093280538	0.281748986159337
CHD4	0.084827248696385	0.892793312253696	0.967593133063894
LASP1	-0.255515767716513	0.337112941856785	0.71546945442896
PTGR1	0.00131436298433485	0.995705332605366	0.997865799830981
DRAP1	2.57675067028071	0.0155907487217945	0.288287866764219
KPNB1	0.261972447799476	0.199842522018045	0.603979976275839
NOLC1	0.0261956741626825	0.889007181854392	0.966473454153978
NUMA1	-0.892625927313741	0.111136561378494	0.485554820821522
PSME4	-0.321570511983836	0.183075561375366	0.584286763558241
GAPVD1	-0.0760894142838175	0.750941551531863	0.920643162786728
NAA25	0.687196142675774	0.0386169279851843	0.384029457974343
NCAPH	0.141868015424258	0.603683873399495	0.856653592378767
PCLAF	0.0881686036257427	0.872244290174793	0.958923728710461
PSMD6	0.0779760468603925	0.647616228449958	0.872699476339385
MORF4L2	-0.167087502219712	0.75891135604685	0.922242659184253
ABRAXAS2	-0.0200658262718427	0.901653508802095	0.968669567017442
SEPTIN2	0.0916205764294062	0.676234326930175	0.889212041995373
SART3	0.618856558709417	0.274549711752542	0.660044269624017
NCAPD2	0.0611833572215907	0.772047240986865	0.928835152749843
SUZ12	-2.06402433170042	0.00217608698598931	0.118244726665155
EXOSC7	-0.321263069391698	0.318199316530073	0.694475176951341
TNIP1	0.742900340948218	0.120047351460954	0.498077592200816
EFTUD2	-0.722041249687535	0.269263125362946	0.656630517348678
R3HDM1	0.824870947024909	0.031099887458478	0.361365044525397
SNX17	0.00418312725837922	0.983282191766217	0.995343853855649
RAB3GAP1	-0.158689020011948	0.495719683028082	0.799847727069551
KARS1	-0.0785028782267325	0.706599648923278	0.90279588615889
SETDB1	0.00380162832728814	0.991070878102695	0.995922462493734
LRRC14	-0.0522720190096493	0.754167014987812	0.920643162786728
POLD3	-0.0578412053749133	0.828296787725642	0.944561209255849
EIF4H	0.0241846007885513	0.918205514809421	0.975494358027835
ACAP2	-0.362190180631558	0.401519396581199	0.753389899300316
KIF14	-0.537262015749491	0.235766390426111	0.630359488150854
EEA1	-0.00102120955607177	0.996615754689613	0.998194776956269
PDIA6	0.406782754782718	0.363906507377555	0.733970821375581
PAFAH1B3	0.126119722244209	0.639480686278755	0.867683332641341
PEA15	-0.016825428672675	0.926885765342905	0.977977799353879
PMVK	0.140546942477222	0.402539315020433	0.753389899300316
PLCB4	-2.26217641662721	5.68946787117248e-07	0.000232074812610366
PLEC	0.136038016314046	0.443589831106834	0.773453728671088
PCM1	-0.482553426665277	0.200284833876801	0.603979976275839
TCEAL1	-0.649722138862469	0.0607102235415921	0.412704158085212
PPP2R5A	-1.12717081058597	0.00060748708854573	0.0522015067948017
PPA1	-0.00204729406320325	0.992938802069287	0.996729633744571
PTGES3	-0.142431596609871	0.423966846378841	0.763368742878581
STK38	0.0367669847466772	0.900660769515846	0.968669567017442
NONO	-0.377670209731392	0.12005492185629	0.498077592200816
PTPA	0.0496222970979758	0.8428304243211	0.950048327598067
QPRT	-0.291672532044856	0.23320036864769	0.627819962372445
RABEP1	-0.337610700010359	0.598725028371502	0.853835962884098
RAB35	-0.529789166431748	0.118927790724836	0.497449692182719
RBBP5	-1.45694002247011	0.140149612616677	0.528960999610442
RCN1	0.133267413361672	0.658202703471883	0.877999635136681
E2F5	1.56439613433381	0.286696243891164	0.670320125008471
LLGL1	0.219033702293785	0.204317355869981	0.604086405817586
LRRC41	0.0191620533912342	0.929917530208391	0.978094299493312
PCBP1	0.393114577928028	0.114059123969416	0.490502619765356
PCBP2	0.0955439963443183	0.575887466291125	0.845055098269528
ELOC	-0.172324386143512	0.690480660767379	0.897014510888202
ELOB	0.0956204394888651	0.654800465770678	0.875674166131978
RHEB	-0.129104918776747	0.588459586259031	0.850809536616637
UBE3C	0.349558896379428	0.290304282578854	0.672645395751867
SF3B3	0.039919857417857	0.819259346583693	0.94249958926246
DLGAP5	-0.428141650548575	0.0625369573934826	0.412704158085212
RSU1	0.0190619796468958	0.937015978001419	0.979981329950536
CNN3	0.0171796242775031	0.92371769381315	0.976950505474834
RPS6KA1	-0.349540675472518	0.110854163508848	0.485554820821522
SF3B4	-0.0273270372855343	0.89958599141366	0.968669567017442
PPP1R7	-0.126348543108794	0.542439632828308	0.822704888613955
SEC23A	0.323993821220085	0.246948050086163	0.643981797105014
SEC23B	-0.121821391850151	0.861962316287904	0.9539353977919
CYTH1	-0.461371450499136	0.619590130105698	0.860994934464292
SF3A1	-0.189400787565631	0.405125368985512	0.754258396894288
STIL	-0.764261214076292	0.264949667834035	0.655161199979013
SKIC2	-0.151972016120737	0.500679733728377	0.800729593794004
SURF2	0.0831273782219455	0.806399897730503	0.938305215999104
TAF7	0.425122626540254	0.0411810378201513	0.387509373664758
MAPRE2	-0.285373286679977	0.147398081680217	0.54192628040637
TRADD	0.505413038423768	0.454190240873282	0.775108987030197
TSN	-0.149752274457146	0.483945356337506	0.790827685788043
TARBP2	0.0704192620194668	0.731073714761002	0.910761084302732
SF1	0.038505213788067	0.835628819845899	0.946884334980761
TRIP10	0.185824223301786	0.36326477328223	0.733878259856664
TRIP11	-0.631830275126823	0.145065965219469	0.537412311447311
TRIP13	-0.385414711660321	0.0538214362436665	0.400141261409151
OASL	-0.303341926748757	0.71394702722986	0.904365535006628
NFKBIB	-0.0333511230715011	0.853816688265296	0.95306287680245
TRIP6	0.359589353349634	0.203032472598858	0.604086405817586
MAPRE1	-0.00587393098683009	0.985385483545174	0.995896980771176
TSC22D1	0.906676344446979	0.0217983569123293	0.314628628090065
ELAVL1	0.255177675234854	0.28310156581653	0.666817345312742
NAB2	0.548299689467132	0.0434569740850558	0.396477825294522
TAB1	0.969318646789425	0.0471582107569474	0.398985030734214
HERC1	-0.0399909018439928	0.845479416385675	0.950701556046192
SLC1A5	0.0666004979193922	0.802004133716082	0.938176089510912
MLF2	0.0206144402770256	0.928534126762841	0.977977799353879
TOMM34	0.11071207850366	0.691278525707765	0.897014510888202
TBCE	-0.0170932489446578	0.921769368657816	0.976821753388245
TBCC	0.157911277078888	0.548822699719194	0.827039100922684
UBE2V2	0.184095843761689	0.32494180394684	0.700093274392755
STXBP2	-0.0891725993267798	0.664066765131997	0.88169944163355
NEDD8	-0.18944041419892	0.526707700755153	0.813962757963317
RAB11B	-0.101809596930181	0.55690554359327	0.833962430222145
ZYX	-0.241453564013913	0.323717869989847	0.699853640006456
SEPTIN7	0.123152864969086	0.771132540003604	0.928122063619973
ADRM1	0.0411813879757972	0.904472144265918	0.9690157449249
CCDC6	-0.198866296000165	0.360390298405946	0.731582756304884
UAP1	0.253245655684211	0.50016672815988	0.800461334316053
E2F4	-0.771092712677479	0.0406721799512109	0.386333431670243
PDCD2	0.294920764347463	0.318917934347717	0.695222281660658
PSMD5	0.198106993598458	0.445756487369919	0.773464434600362
PKN2	0.398109278879481	0.366013007572519	0.735774524128999
DDB1	-0.285770131608217	0.18978008154555	0.59611584943957
PPP2R5E	0.334944511173099	0.168242113681068	0.576215253783367
MAPK14	0.296216175216699	0.193810103790066	0.600778803275416
CDC37	-0.129446149348158	0.549540292805836	0.827108505872734
DPYSL2	0.290942600482794	0.0855809803992526	0.45570524965873
CAMK4	-0.113271711793068	0.635829197011848	0.867049712184196
RBBP7	-0.218941107979248	0.200142239637397	0.603979976275839
TAF9	0.387247102135923	0.568828173996463	0.840055996369677
MEA1	0.214619319484811	0.529757872646384	0.81573428990597
CPSF6	0.0860077658673113	0.68259881255914	0.892956517468344
SMN1	-0.0666897669538855	0.820546227586897	0.94294715202794
DBN1	-0.19995624638586	0.427043641516628	0.764869731170112
MAPKAPK3	0.974236244658076	0.201109286192921	0.603979976275839
NRF1	0.174293194251049	0.425652680210035	0.764398818852185
FSCN1	-0.562825288160855	0.0443899548467308	0.398108939705511
NDUFA5	-0.393323166018948	0.403180457001953	0.753541622975325
KYNU	-0.437891799136285	0.0773851891421576	0.439889231956947
UBE2S	0.356695908861248	0.0974677692590769	0.472009708272987
KYAT1	-0.384589746144286	0.255893999070802	0.648066022321187
GUK1	-0.2016068372529	0.61281693859965	0.857262674549234
HAGH	0.0512499441539944	0.831420799138936	0.945307233514907
H2AC18	-0.929262956077839	0.196738276412946	0.603762730008405
UGP2	0.435303830999668	0.0700683882204218	0.422806315673979
ATP6V1F	-0.595241940338564	0.0232000047934658	0.325946835406297
TXNRD1	0.126081504743208	0.612917100716258	0.857262674549234
TPD52L1	-0.0255894191405055	0.910173986606831	0.970754940661925
HNRNPUL2	0.409159594341574	0.276900764241939	0.662660831524589
INF2	0.211705213820601	0.418239545172728	0.762405090978407
PDS5A	0.229791524762405	0.72653844714912	0.908592110320774
AAK1	-0.527277324891866	0.253967572281068	0.647228022344404
WASHC4	0.0725769406936969	0.940156765510475	0.980921436477532
SHROOM1	-0.0764662949449573	0.802074839584659	0.938176089510912
ERCC6L	-0.000949482107344579	0.994999268677814	0.997775804129866
TSR1	-0.0296612876588824	0.863303976226606	0.9539353977919
TYSND1	0.995497518292908	0.044236907024369	0.398108939705511
IAH1	0.32530693869467	0.207116694082224	0.604499355950884
QRICH1	0.491804327068156	0.201217235962916	0.603979976275839
SMU1	-0.752581999950728	0.0741542070552975	0.432281039383662
ATG2A	-0.996981701385351	0.0549394892821441	0.401188563038582
AP5B1	1.38630285800198	0.0345654331533488	0.373617074807683
CTU2	-0.119822157592466	0.654590150746794	0.875674166131978
LRRFIP1	-0.0542464947392638	0.831854698834355	0.945307233514907
TRMT5	-0.0245352339861142	0.900438355000337	0.968669567017442
EML3	-0.540982633511067	0.184193720283586	0.586215156285832
EDRF1	-0.00942203852218881	0.973110915452499	0.991251804305108
MAP7D1	0.348652056074105	0.131389133827995	0.515976623066322
UAP1L1	-0.487619119886901	0.192429887858222	0.598138970379413
TKFC	0.229660474744101	0.299281624747805	0.67926634118129
LSM12	-1.78453591249025	0.0361317631185249	0.374147162389511
TBC1D25	0.778079574971702	0.0387667084775182	0.384029457974343
CCDC88A	1.07443917315087	0.205853910258205	0.604086405817586
RABL6	0.0885719389232591	0.672690381262596	0.887865723704179
C5orf22	-0.179430303509282	0.382687393715619	0.745020254160048
VPS26B	0.400404214003132	0.390018271099055	0.747000445881874
PREPL	-0.109560848386877	0.720813810110461	0.905725552926777
TBC1D10B	-0.0118062653149522	0.971922943193568	0.991251804305108
GRIPAP1	0.141246125426832	0.387179967986122	0.745800747199375
FAM98B	0.581198210541949	0.0731405857180782	0.431222192041094
PDCD4	0.00279736186287494	0.988928135992274	0.995922462493734
CEP55	0.956336094674608	0.170843605508269	0.578440356197548
TP53I3	0.0900240368192371	0.720886752541486	0.905725552926777
HIKESHI	-0.34904501589574	0.0375048876784401	0.379672767046127
PHLDA2	-0.128837454530196	0.705004410706135	0.902398064844582
PDLIM3	-0.227781857826493	0.337760169210668	0.715609991532924
SETMAR	-0.0382994448672811	0.877378866119517	0.96142197814698
LACTB2	0.183008178377776	0.595793850515505	0.851798591896814
PYCR3	0.211530821514231	0.400451349641275	0.75297529652629
KLHL26	-0.533556845742012	0.472692030166309	0.785186239026303
SMUG1	-0.669864577184811	0.177597157957149	0.581845095979385
SOWAHC	0.191479625597886	0.416179893940794	0.761656616201702
HS1BP3	-0.768862274178645	0.272422568905432	0.659400293639681
WDR81	0.0372214257303547	0.911971221684988	0.970825025677336
ACTBL2	-0.115629418305744	0.656399183317418	0.877415334240068
DCAF6	1.69621655420749	0.00845320830113406	0.225815513139313
ZC3H12A	-0.658989331264717	0.0118727484778804	0.264793941305155
RILPL1	-0.766757741938576	0.0686434546710023	0.420626144294119
PDZD11	-0.33254460055749	0.33508390954545	0.713632207661578
CARD16	0.044436689845206	0.938410171873742	0.980648802534291
DNAJC21	0.446024334311925	0.046309400899837	0.398985030734214
HERC4	-0.023594881426753	0.957678747303304	0.988161773878778
PPP6R3	-1.06085523213036	0.459827107210082	0.779028501211029
EEF1AKMT2	-1.2002570050517	0.00206538078512462	0.118244726665155
PSMG4	0.249866518191659	0.436745926964584	0.77020307817295
WDR44	-0.0417726029229222	0.850883789344269	0.952443381286602
PRRC2B	-0.319724955551962	0.194997300256097	0.602017602934305
TJAP1	0.589676076661735	0.0283570843510484	0.348325535499977
RRP12	1.28032641890605	0.235115348039032	0.629986374912417
PCID2	-0.0888158602785509	0.618908371354398	0.860937484966293
SAMD9	0.391813488800839	0.0913121931853041	0.462189799753012
SPECC1	0.0590939885517088	0.911212432938196	0.970825025677336
PPP4R3B	0.0649518105755362	0.85376306678575	0.95306287680245
SAMD4B	0.236570866165394	0.474777961078519	0.786729081423424
RABGAP1L	0.0870205946512179	0.661970755209165	0.881117413724015
TTC38	-0.687051734783907	0.167219228801878	0.576016337227286
ATAT1	0.165696218144205	0.589062960494163	0.850809536616637
NUP188	-0.462959991366766	0.252297586676944	0.646835814835334
PHYHD1	0.150269965613553	0.858455848291796	0.953409786425665
HP1BP3	-0.637647847630205	0.0866998286142967	0.455711744507811
CEP170	0.284963911677593	0.436285250790628	0.77020307817295
HYI	-1.08841667529839	0.299475906609228	0.679290039853345
CC2D1B	-0.101669731340774	0.678407107295819	0.890252047068574
FNBP1L	0.0870863999369718	0.845056838586926	0.950701556046192
CHCHD2	0.245236859575211	0.344955081662021	0.71754165805259
DDX59	-0.440976057358522	0.0520736946585252	0.398985030734214
HECTD3	-0.275608312159466	0.378281338796817	0.741511695943893
UBR4	0.605714195035844	0.205027356440764	0.604086405817586
STXBP5	-0.140595833806312	0.745275481833751	0.917665860238977
ARHGAP21	0.404961189573019	0.227473033564014	0.623988759479607
CAMSAP1	0.0883644807755424	0.761606325190535	0.923272759704405
QNG1	-0.357468922361001	0.246219514969344	0.642954846510054
KANK4	0.303530120454987	0.36162895117148	0.732289349617724
TSTD2	0.302710717368115	0.308680754564107	0.685854111914839
EEIG2	0.42069140172579	0.208899143834574	0.60690783576684
HENMT1	-0.347112853215389	0.0936123846512893	0.467069796992223
RBM26	0.124883684943367	0.656701555224698	0.877415334240068
INTS11	-0.328884696635345	0.29832671478719	0.678493164602113
CPTP	0.284059844114502	0.730388548989652	0.910521487353834
DCAF8	-0.861008462920278	0.449592727442481	0.77443412077674
RNASEH2B	-1.70064615002344	0.000951612818661538	0.0717593747949874
DDI2	-0.102793997266538	0.652790097808112	0.874956821104909
NT5DC1	-0.314055907888125	0.210917278530747	0.607909004813658
PXDC1	1.30767122084791	0.000282604476088889	0.0348074513049482
VPS53	0.138425352896306	0.666973426255263	0.883607464055578
STRIP1	-1.26299981390643	0.00129629426987616	0.0877021519571887
RPRD2	0.0299098635215813	0.92875917671237	0.977977799353879
RNF220	0.648408699928158	0.0984969865812068	0.472592000295749
RNF20	-0.309268804334526	0.624651904036956	0.863189796124191
PDE4DIP	-0.428566017777349	0.688524495597753	0.896847926573029
DRC8	-0.220805467872719	0.573245211959774	0.843880899677835
ARHGEF16	0.0793792773760593	0.617342281208913	0.860460101496392
BROX	0.16356770826501	0.419617162632591	0.76257653815303
FOCAD	-0.0211232555950076	0.961561795412273	0.988293632217146
LYPLAL1	0.109947753763247	0.636046379870765	0.867049712184196
ECPAS	-0.0926942873012031	0.705311396825752	0.902398064844582
TUT7	0.195582500503999	0.750128077396845	0.920532462962917
DENND4C	0.0313456825824332	0.971110988630653	0.991251804305108
NAA35	-1.37582630396002	0.0211067142205984	0.311159361567609
CARMIL1	-0.157771356580131	0.521901618849595	0.811558564825795
FHIP2A	-0.191976493295464	0.269870528103246	0.656630517348678
RNF123	-0.113312751542061	0.609088114327684	0.857262674549234
RNF213	0.444558735099676	0.429218169100331	0.765056022588386
TNS2	0.0569492564933718	0.857438770410034	0.953409786425665
KANK2	-0.302513794443104	0.773295877532066	0.928835152749843
WASHC2A	-1.48746192550624	0.161008184796466	0.56687058449483
FAM91A1	-0.441778383775407	0.0299604448469153	0.353609085959038
TBC1D9B	-0.125119070087397	0.588918346113409	0.850809536616637
MAP1S	-1.85758726171987	0.038730490193857	0.384029457974343
PPP2R2D	-0.50159299093141	0.398624917540833	0.75297529652629
ARL6IP4	-0.100755033799256	0.6186020518808	0.860937484966293
ATG16L1	0.281909101479645	0.574638402611459	0.844882452427481
TNS3	-1.83154634381615	0.0773630997802906	0.439889231956947
HAUS3	-0.144721820411604	0.733446972626568	0.912658092659057
INTS3	-0.770787032001174	0.444150734452636	0.773453728671088
ARHGAP17	0.469096133883653	0.013744226821971	0.280579658050735
CWF19L1	0.0420813961745914	0.860412218477354	0.9539353977919
HEATR6	0.236347662340886	0.328823535085728	0.706889143355634
WWC2	0.029419268711333	0.892460587198718	0.967593133063894
ATL3	0.138008182303338	0.69297501820002	0.897473699507437
NXN	0.183968114242322	0.231995789204804	0.627543514723098
IQSEC1	0.86243323066963	0.0397598509583101	0.38601135688761
CIAPIN1	0.7691278308377	0.110375872079032	0.485554820821522
SMYD5	-0.282863883794384	0.317827819693865	0.694475176951341
PTRHD1	0.401814344241064	0.0327042617254604	0.367449165721744
OTUD7B	0.266804663913092	0.258940789285987	0.649713654459568
NADSYN1	0.080739836213084	0.683896459486755	0.893563443353451
ELP2	0.204352918849139	0.454388128748796	0.775108987030197
TWF2	0.358173197205289	0.111704589568194	0.48558642171115
DESI1	-0.12001929480245	0.630027242692037	0.865487339206904
PPP4R3A	-0.235964796043582	0.279522126647565	0.665215865708939
RAB12	-0.113243364315341	0.709881015272892	0.902901467883624
SDE2	0.147918279865177	0.748633380204728	0.919920299253898
KRT80	0.372231921610368	0.0694187772147785	0.422573940376617
PDE12	0.185301375550701	0.472720426260219	0.785186239026303
PRR5L	0.0812812080736158	0.851498311270602	0.952842598469072
NAA16	0.797613584894979	0.0582221864619824	0.405907507503821
ALKBH2	0.0121765761607833	0.988140304576519	0.995922462493734
HIBCH	-0.203364334966864	0.345312024674232	0.717619758813997
RWDD4	-0.343492675687116	0.268296887334045	0.656630517348678
ARMC6	0.011710661675032	0.972513231080387	0.991251804305108
TTI2	-0.0868837136574605	0.701980196887679	0.901266084179261
ANKRD54	-0.0339513471250932	0.928359366716644	0.977977799353879
JMJD6	0.182691942820284	0.313091723626368	0.69027562906788
CAVIN1	-0.0377166258723491	0.848748153427061	0.952071775019123
ZCCHC8	1.71928222486597	0.00624375458495826	0.210007710377038
MAST2	-0.0598217604445246	0.914964006669121	0.972889785508604
DHX57	0.574451517475474	0.157587374310792	0.55947305515002
CDC73	0.583411832322319	0.022682142673175	0.322090192590288
PMF1	0.113445562697954	0.687037985457198	0.896716833721068
FAM117B	-0.250847699392367	0.599140602565506	0.854098968549207
CC2D1A	-0.0594779657479307	0.809540549459263	0.938954242857333
TATDN1	-0.110441238239915	0.610893367275068	0.857262674549234
METTL2B	-0.428617410696052	0.192511660567586	0.598138970379413
DUS1L	0.133053465310972	0.60845040331069	0.857119420599695
MED27	0.00506479638703183	0.978952377001897	0.992925894323912
EDC4	0.238418401070025	0.247658706895114	0.643981797105014
CEP85	-0.130380313390663	0.578570370283639	0.846161321476814
PRMT9	-0.146113603456151	0.672162434493379	0.887865723704179
PRPF8	0.697448430742167	0.190208548440934	0.59611584943957
NEK5	-0.400850499663271	0.145998490390119	0.539678410457082
FBXO42	-1.98081169972534	0.0578756281071065	0.405252485497543
SCYL2	-0.491799872094184	0.0598381042404887	0.411735186533717
TTC27	-0.0262040018335767	0.904857146494557	0.9690157449249
WDR73	-1.18765170428679	0.00686345964576444	0.210007710377038
RPL22L1	1.24861171746	0.0826383171695858	0.45236826954314
PDXDC1	-0.0743602958287433	0.719965090333993	0.905725552926777
MEAK7	-1.22360170442481	0.244567598462336	0.641298614449588
PGM2L1	-0.0814356982422915	0.692121345207649	0.897014510888202
AAGAB	0.348134301161107	0.178026491386028	0.581845095979385
PSRC1	0.442183572757521	0.254313913848222	0.647228022344404
SKIC3	0.0173255857988366	0.923748544058434	0.976950505474834
ULK3	-0.404074478737467	0.511769439708343	0.805891818995162
INO80C	2.4314607728972	0.014403047374098	0.284588370729921
TTC33	-0.0955626129549536	0.714520447204672	0.904684297942194
TRIM65	1.88042836545469	0.0497820951330602	0.398985030734214
BRAT1	0.410586804436775	0.122884955491558	0.502406599313361
LARP1	1.53390803186887	0.22200708461656	0.620473169933703
TRAF7	0.239987842117912	0.426767377224526	0.764745615346568
BLOC1S3	-0.0900774133507767	0.762779953895006	0.923483594247066
RICTOR	0.404703725503843	0.282405302067985	0.666817345312742
WDR74	0.643576135237737	0.0137182482071402	0.280579658050735
FAM111B	-0.458187204285366	0.0592894839217218	0.410563363626771
NHS	-0.0609879082237477	0.952774353775962	0.98496190847771
AFTPH	0.976852243193438	0.00568364981799426	0.201933519975854
FIP1L1	-1.46364790965753	0.0626957484318514	0.412704158085212
CRTC3	1.06877067988291	0.235467577151631	0.630359488150854
CRTC1	-0.258622260766529	0.324567986876513	0.700070087283358
SASS6	0.101761562034348	0.791742328432914	0.934660672063776
LRSAM1	0.117327037249737	0.693700544314599	0.897473699507437
CWC27	-0.419642724645051	0.162921158994726	0.569810692633685
WDR82	-0.0806349461839844	0.761178204798951	0.923094834758297
DPP8	-0.560293646034346	0.284743933511267	0.666817345312742
RANBP10	0.232433635456751	0.171578305225726	0.578595151082692
PACS1	0.221434172780612	0.2429293335598	0.639421564836833
MPRIP	0.690042383829063	0.141069147626835	0.530265005575945
NAPRT	-0.0644783987543036	0.821397782531779	0.94294715202794
DNMBP	-1.16981205717186	0.0329162852107977	0.367449165721744
GIGYF2	0.865591719058077	0.00482316537420767	0.183727794409251
THADA	0.372957806872812	0.0805381149184823	0.447501255073371
HSDL2	0.597311178889665	0.0554828105211052	0.403560993849377
KYAT3	0.0172757194142541	0.925006992361846	0.977380851237353
NBEAL2	-0.150334169067396	0.476472866796252	0.787911914615933
GDPGP1	0.205470336492901	0.528295952080284	0.81573428990597
RIPOR1	-0.150578180029239	0.509960285131962	0.804984906163052
NBEAL1	0.471776139607883	0.309885167778913	0.68729033309909
ARHGEF18	0.457073961921324	0.524028107838826	0.812270625138999
TOM1L2	1.05308789341572	0.278470632819583	0.665215865708939
SYDE1	0.156754207652806	0.671632514202652	0.887583025743491
ANKS3	-1.51433108634262	0.0183474818882916	0.305378133230799
STXBP4	-0.0473129944057504	0.909273494935715	0.970700535130026
USP34	0.0519054095920808	0.828103934427797	0.944561209255849
RAPH1	0.550634048133293	0.0298286430911233	0.353344430343761
UNC13D	0.0827914803718137	0.708314373145424	0.902901467883624
UBE2R2	-0.0957960641109707	0.843314670881826	0.950304272311176
LARP4	0.293197883750913	0.149970165349239	0.549013295719089
RPS27L	4.53952077888722	7.85848327935024e-09	9.67903190573304e-06
MTSS2	-1.36755222885933	0.00131396293338056	0.0877021519571887
SUPT6H	-0.542778252215776	0.0511711273619098	0.398985030734214
SND1	0.433205475313514	0.0637198959015021	0.413061430449211
MARK2	-0.604590651364752	0.0654703589326841	0.414945070765468
DDX46	0.0549701580454567	0.886644058519326	0.965846048416541
RUFY3	0.451399376930578	0.397470814759284	0.752770200171992
BZW1	-0.571275366488056	0.272773658466413	0.659400293639681
CYB5R4	-0.233158062863222	0.28226083964214	0.666817345312742
ASRGL1	0.22490534908443	0.340564975720579	0.716214854752528
KCTD9	0.116657818912781	0.583378224700204	0.849660041981468
DHX30	0.911310497320926	0.428499277709366	0.764990161184671
EIF3M	-0.193079313400659	0.335088465573163	0.713632207661578
MEPCE	-0.099384642269932	0.610304696969728	0.857262674549234
RRAGA	-1.3573043159996	0.00867999263702067	0.226305829786548
CYFIP1	-1.45878245693653	0.225162607173839	0.621707868062802
GET4	-0.0665278394752349	0.742812579511314	0.917098981167575
COPS6	-0.0588757058539002	0.740949517585473	0.916166585017899
ENOSF1	-0.255632014229633	0.362479231531538	0.733384035240582
MAEA	0.696457527661927	0.0571077746730095	0.405252485497543
TAOK1	-0.399119295329967	0.561410869477359	0.835782901981806
DPH6	1.86419291199657	0.114032276267246	0.490502619765356
MOB1A	-0.160327948731421	0.678302045886373	0.890252047068574
KDM3B	0.321750231361186	0.250569475496879	0.646204900553257
RRM2B	-0.142809977015816	0.858008686141195	0.953409786425665
MICAL3	-1.47186260115224	0.25270893043108	0.646835814835334
DYM	-0.505016419936073	0.084040228405312	0.45474090017365
ZC3HAV1	0.369541654040979	0.0636922770298063	0.413061430449211
EFL1	0.394327183490759	0.0560419195406421	0.404443149809907
NEGR1	-0.164176644767743	0.874168374419755	0.959896625105794
NUP54	-0.00607349092092235	0.98863951221111	0.995922462493734
CCDC186	0.361941669915218	0.185881436707362	0.587035819345045
ARMC9	0.321359195453734	0.248146708792636	0.643981797105014
ZFYVE16	-0.178210244031682	0.538246565054456	0.820004422787552
MON2	-0.132925773791271	0.498784988378177	0.800298108596162
DENND4A	0.657093613582106	0.118065546533508	0.49703041066384
NUFIP2	0.0785143466868163	0.79120885638605	0.934660672063776
SZRD1	0.497661655230356	0.0941822267992789	0.467069796992223
CLASP1	0.359655240219674	0.150452016817127	0.549021169695857
DHX29	0.452862645748542	0.0849491720259989	0.45570524965873
COMMD6	-0.0768887699548095	0.899570666683837	0.968669567017442
TRMT11	0.110845432545997	0.503253242927045	0.801517557161824
HDDC2	-1.10271275327196	0.146169939087429	0.539678410457082
HAUS6	0.586508356724014	0.0524259365549766	0.398985030734214
HEATR3	0.217273321595805	0.562661532702332	0.836137398357825
KIF21A	-0.0417092338518188	0.852627821881003	0.95306287680245
HDGFL2	0.416437312406909	0.0573545824552819	0.405252485497543
DCXR	-1.18787611559921	0.102026701313264	0.474199574028315
BRAP	-0.420734018562012	0.758861545500551	0.922242659184253
R3HCC1L	-2.90634890422693	2.16730971746221e-08	1.60164188120457e-05
CCDC91	2.40625192852395	0.00956784172759397	0.237269632103757
TSEN54	1.0000290366463	0.185296945215353	0.587035819345045
PTAR1	1.30622181929295	0.0207403152292696	0.311159361567609
ARPIN	0.741685232714865	0.267547984036653	0.656630517348678
RABEPK	-0.476968230818322	0.174062429276531	0.581349851987692
HUWE1	-0.135223888914801	0.574051511277725	0.844731315878611
YTHDF3	0.976539025171267	0.0789857132877415	0.44354439300639
CTU1	0.264111847520333	0.626051941388532	0.863189796124191
UBE2Q1	-0.261496512042534	0.183533331913176	0.584616949499296
PHLDB2	0.0474430584648005	0.908295398523079	0.970546991770612
TEDC1	-0.469827935140366	0.134461214146009	0.520008384149842
PATL1	0.0416527057011464	0.863317989233048	0.9539353977919
MYPN	0.0593447748660196	0.735682203706261	0.913422628593627
PEG10	0.154538068266273	0.506851764687165	0.804173777551995
DPP9	0.0982674730873754	0.606223737137535	0.856735040308358
TRPT1	0.409247125614719	0.105327040618496	0.475097339495435
PRUNE1	0.153518009699273	0.716354674416055	0.905530569967531
SETD3	0.0156639055389363	0.949460285993231	0.984911778985117
RBM23	0.0688860550326034	0.808609449413979	0.938677950230806
ISCA2	-0.223600074153268	0.430617195987127	0.766301541881968
METTL3	-0.63642962115	0.0525265345154842	0.398985030734214
LDB1	0.211010020563172	0.562866505892362	0.836137398357825
YRDC	-0.305656428414046	0.0771231603987958	0.439768638385109
PRPF39	0.165620692929402	0.549192042407939	0.827108505872734
SAPCD2	0.505902229124413	0.0458788747224874	0.398985030734214
RIMS1	-0.0104691662921148	0.957941941551768	0.988161773878778
BCL9L	0.170931539530287	0.621960971063824	0.862557803703778
PHLDB1	0.188604574768739	0.740895103218181	0.916166585017899
USP48	-0.182156190650922	0.503885206965174	0.802012590281221
NAA40	0.192962661472162	0.674906919509258	0.88874267672812
AACS	-0.615667765922808	0.0174414810477572	0.301150805941415
LUZP1	1.33350177080564	0.0962192098480286	0.471525172929
ALYREF	-0.017771328976167	0.920364918673944	0.976605338352785
MDP1	0.749613879272648	0.019251441823412	0.310242359320659
IQGAP3	-0.00157019245659029	0.994031725030843	0.997541342745509
VPS36	0.234642288650196	0.289802466004253	0.672593886229382
TAX1BP1	-0.109129173985359	0.90502661318967	0.9690157449249
CAND1	-0.115267110752079	0.545214394917658	0.825163048439366
GLCCI1	0.172199041330209	0.386378444855243	0.745800747199375
HOOK3	-1.14796386315442	0.0571460164922037	0.405252485497543
THOC6	-0.527083458621561	0.287085685725865	0.670320125008471
METTL16	0.648625757117266	0.0253818939235683	0.339360285860349
PARG	0.556739184083654	0.033214890647981	0.369665725735812
PPFIBP1	0.227634184196813	0.41566996652485	0.761100359915422
ZC3HC1	0.484817876246538	0.0502142183670183	0.398985030734214
NR2C2AP	-0.803033583047718	0.0547811492686339	0.400824448609114
CCDC25	-0.394327222197063	0.254401784448353	0.647228022344404
CARM1	0.278412905835747	0.115555750545169	0.491910712286174
NIT1	0.0959756468282578	0.559343225211689	0.835028566075886
COMMD2	-0.385797974815659	0.201543749561848	0.603979976275839
HEATR5A	0.594577380739761	0.0989609797755258	0.472592000295749
SFR1	0.402031062741738	0.180384245332448	0.581845095979385
DDX42	0.366595579451676	0.512536469840468	0.805891818995162
SPATS2	0.0578302672069029	0.840930803145952	0.94877536416009
CACUL1	0.173368671456291	0.522342188844336	0.811558564825795
DNAAF5	-0.0978776712652483	0.696567808482195	0.899307495577117
PTRH1	0.676408185971329	0.217378702588347	0.614078215645215
PTOV1	-0.944046298351168	0.0164685873217847	0.291835816724571
HOMER1	-0.25286231290297	0.700234360520341	0.901266084179261
CPNE8	-0.149252857284896	0.441864383494212	0.772715289563395
GPSM1	-1.1733828459332	0.0523513658736694	0.398985030734214
HPS6	-1.06440002386712	0.00729401770604144	0.210007710377038
IRF2BP1	-0.403493311865667	0.61832072184779	0.860937484966293
CAMK1D	-0.239712317884994	0.46364177001672	0.780924799689085
ERC1	0.125022633225669	0.535277985113375	0.817970287425111
ZNG1B	0.45659532382351	0.396502592136815	0.75211435262766
CRLF3	-0.17383336865506	0.485379085501785	0.792171254827339
ARMC8	0.078017643873654	0.799345303288068	0.936796717396242
PLD3	0.482937995675126	0.49940378943851	0.800298108596162
ANKMY2	-0.111278459394587	0.641635066636316	0.869076822295157
ERI1	-0.181762077688958	0.499384432359301	0.800298108596162
LYSMD2	-0.9440697232079	0.0978694137484684	0.472098542820615
LIX1L	1.34417469625843	0.168277650227424	0.576215253783367
NUDCD3	-0.261827132243607	0.252981228107945	0.646896635196441
AHNAK2	0.33787441675063	0.119862934638167	0.498077592200816
KSR1	0.136776049823997	0.552616815008922	0.830446658992209
CEP97	0.0600751673500142	0.828293957172349	0.944561209255849
NAXD	0.258330161616989	0.132886260904498	0.518682788093989
MAP7D3	0.905336683366063	0.0150885682355835	0.284588370729921
CCDC117	0.911855277938365	0.0821191138929891	0.450861999754227
FAM114A1	-0.161555227687849	0.588903576385408	0.850809536616637
GCC2	0.650382050117244	0.467464913388673	0.782971350578097
ZBTB8OS	-0.499708159212449	0.105745922210238	0.475097339495435
UBR1	-0.0022501318767354	0.990237096518932	0.995922462493734
UBR2	-0.563578096289707	0.509244203878722	0.804814941544858
CHERP	-0.547624037317135	0.215495297612231	0.61293964998875
CDAN1	0.000138705051234922	0.999645497425865	0.999645497425865
ANKHD1	0.307208185353012	0.293002123891182	0.675994233663636
WWC1	0.068462376968462	0.773264334869979	0.928835152749843
UEVLD	-0.518454253181936	0.275506709384622	0.660823676035939
NELFCD	-0.00666682695216281	0.967075425982418	0.990095412408741
SIRT2	-0.53472592559568	0.0493125774708087	0.398985030734214
C9orf40	-0.149233178581849	0.772389115776555	0.928835152749843
GPALPP1	-0.278133501869782	0.239513494762917	0.6357162018604
RPAP2	0.135167543263943	0.576665587562948	0.845055098269528
DDX60	0.130526118941532	0.788696104250097	0.934660672063776
CMIP	0.131067413671694	0.601409645898928	0.855682957873137
AMN1	-0.566292483616234	0.201342074404761	0.603979976275839
MB21D2	0.786493421268688	0.0145584880542008	0.284588370729921
DIS3L2	0.0183055131231207	0.967614496491272	0.990095412408741
GSPT2	-0.0377718468610091	0.892377663241026	0.967593133063894
EXOC8	-1.15386676677102	0.348367347053755	0.722241646662944
PM20D2	-0.0215501424672269	0.936440089088199	0.979901504052859
CMTR2	0.426963377103409	0.137016922205103	0.523554837174618
PHACTR4	0.510492870851984	0.0383686832482153	0.383805228585082
TRMT2A	0.312094401697152	0.209639604572063	0.60690783576684
RPUSD2	0.127369053664115	0.679613279658859	0.890802081709643
ALDH16A1	0.18073597164436	0.473396025851794	0.785450523359847
XRN1	1.05503966426849	0.0522195363763142	0.398985030734214
PELP1	-0.0945059694057768	0.612050596936584	0.857262674549234
ABI1	0.114512657037821	0.71790095563739	0.905725552926777
FCSK	-0.231698143375475	0.71899259887422	0.905725552926777
SPART	-0.224734239440266	0.412683748214502	0.759774015771093
SPICE1	3.8803484613234	0.000228349833240575	0.0290949184077215
TTC5	0.178797252361747	0.702466529264247	0.901266084179261
RPTOR	-0.309812886088842	0.803481770410775	0.93828751074301
ADSS1	-0.208731933335827	0.410085864213483	0.756852895122628
CCAR2	-0.00274866457450784	0.98895253389741	0.995922462493734
VPS52	0.400497744375691	0.100391014700939	0.473534913545004
NUP93	0.182976305745694	0.239678026087652	0.6357162018604
CMTR1	-0.355934446399377	0.0987152575867645	0.472592000295749
LRRC47	0.0413743627514975	0.847281594254982	0.951004098047436
CA13	-0.425169412198528	0.191918961484345	0.598011189109158
ARHGEF28	0.827665056648303	0.00253719965514748	0.12747003370387
RUSC2	0.0263433659580983	0.958650551155451	0.988293632217146
GPD1L	-0.417989548721948	0.0948873093892709	0.467069796992223
ARHGAP18	0.273927626242006	0.133510795122482	0.518682788093989
ASCC3	-0.0973414924731202	0.713164179272017	0.903683690812792
EHBP1L1	0.0818364372801454	0.839568965721252	0.948385069356493
PALS1	-0.454297496122361	0.135060020648461	0.520008384149842
FNBP4	0.863819332345216	0.0529701732785071	0.398985030734214
MINK1	-1.81444754573638	0.047592662424822	0.398985030734214
CARNMT1	0.732643715987692	0.154520331756907	0.553288390128321
OGFOD1	-0.376050635739446	0.104963687031598	0.474874751362697
OXR1	-0.605265876516231	0.0793905736378387	0.444466923623961
TTC39C	-0.159920291916425	0.54944645389738	0.827108505872734
WDTC1	0.330936434391784	0.279068696078717	0.665215865708939
RPP25L	0.35497035327581	0.209152771461339	0.60690783576684
TTC9C	-0.248586362611416	0.515163051213851	0.807484855826832
CAMKK1	0.565699727655449	0.0325529577270843	0.367449165721744
NGEF	0.306592189635879	0.661298967669784	0.880540427221569
RFLNB	-0.319914713009364	0.417388185607305	0.762119513265675
COMMD1	0.18080069954117	0.657365870841105	0.87783407761398
ARFGAP2	-0.0476422487604964	0.839862423461187	0.948385069356493
OTUD6B	0.275868318045887	0.246971397518802	0.643981797105014
C1orf52	-0.00984752178391446	0.963954511431837	0.989443749198714
METTL13	1.45366986759161	0.08625231276205	0.45570524965873
ARFGAP1	-0.0889745704543046	0.635278228072096	0.867049712184196
PAF1	-0.0298660667737778	0.963648296088493	0.989443749198714
UBR7	0.491010193369071	0.0839880166346452	0.45474090017365
CGAS	-0.0958377563669188	0.899872565327277	0.968669567017442
ANKRD44	0.0338121145738626	0.907014757368195	0.970368770002504
PTGR2	-0.291126932032114	0.440505279759946	0.771613018834813
ENAH	0.364376682680334	0.521384822482526	0.811558564825795
ABTB2	0.549403078187581	0.0271739582546567	0.346233709486056
RLIG1	1.42394399551841	0.165727452805243	0.57330558814152
TMEM102	-0.88431959980597	0.53838450059069	0.820004422787552
ASCC1	1.69824644758729	0.07320992058867	0.431222192041094
LRRC57	-0.680899983792987	0.077501458729086	0.439889231956947
EIF1AD	0.107680163466089	0.522295643681978	0.811558564825795
USP38	-0.77441797245466	0.0144689791255089	0.284588370729921
MLKL	0.197447575555227	0.470924441225793	0.784520203033952
ANKRD52	-0.645175344030896	0.0405405176472907	0.386333431670243
AFG2A	-0.296272901970475	0.124275949058839	0.502406599313361
FANCB	1.7722724670487	0.00124549126922216	0.0877021519571887
NHLRC2	0.246787599445042	0.594751914451931	0.851798591896814
AVL9	0.510704602584692	0.0519683319347528	0.398985030734214
SUMF2	1.23307895174844	0.174168954303214	0.581349851987692
TXNDC5	0.768515268362201	0.0366074659012846	0.374438732216729
SPC24	-0.682516890281313	0.228294130614981	0.624386981955852
SERBP1	0.261847782456318	0.719528181416239	0.905725552926777
FAM98A	-0.355136153492882	0.402284210838039	0.753389899300316
TSEN2	0.58704797396501	0.244965276922199	0.641493053315044
NFATC2IP	-0.336420846339522	0.394662777213992	0.751124529895067
NAXE	0.403776284381934	0.0503502495969389	0.398985030734214
SMG8	0.283411049741513	0.472857727823295	0.785186239026303
RNF214	-1.02058169240023	0.0282705874454155	0.348325535499977
MAPK1IP1L	-0.276804569526924	0.612416438806802	0.857262674549234
NPEPL1	0.730749676591575	0.00864966121606113	0.226305829786548
EHBP1	-0.596276767698406	0.00929390188454437	0.234285208158645
ABCF1	0.0390882690547301	0.879565083700653	0.962636970833573
PIK3C3	0.249297960367365	0.664794220403537	0.88169944163355
GSTCD	-0.234547145053916	0.289645965185134	0.672593886229382
DDHD1	-0.476577432150783	0.0840563017100413	0.45474090017365
SHCBP1	-0.571158522288229	0.0848739941812797	0.45570524965873
APPL2	0.0950143378003929	0.645681481500835	0.872004208683961
NAV1	0.742792535667821	0.053233997334768	0.398985030734214
VPS37A	-0.0977331842841451	0.764857939560575	0.923917885497695
FBXO22	0.0630045855708374	0.747004999288223	0.918530273667216
LPCAT1	0.056025439524845	0.905548902559608	0.969294088921713
ZMIZ2	-0.184086627194468	0.364186553113502	0.73413492294293
USP32	0.0963814444230557	0.726883617032046	0.908592110320774
FLAD1	0.290734074626201	0.521999707386904	0.811558564825795
FLCN	3.22239671575344	0.00255586478699295	0.12747003370387
NUP43	0.401881037469831	0.360961248844134	0.731976468414447
NUP37	-0.15083096785478	0.811338932164844	0.939683660322203
IPMK	0.577456587322033	0.476585420613426	0.787911914615933
CMAS	-1.08064029038383	0.19531854996088	0.602017602934305
FBH1	0.925015410388262	0.00698278809753925	0.210007710377038
HELB	0.132103407685918	0.76202875723974	0.923481881928777
KNL1	-0.251729836984143	0.779549045927878	0.932436038942721
TTL	0.217767691325193	0.254109950633703	0.647228022344404
MOSPD2	-0.894841812918614	0.265206171595612	0.655161199979013
NEDD1	0.560165169850556	0.191205124006453	0.597510242552207
CDC26	0.0455088374100576	0.87979027077266	0.962636970833573
WDR36	1.29804311906537	0.0702537751019327	0.422806315673979
JOSD2	1.01555633067733	0.0125565109963109	0.271474427174411
WDR48	-0.145049464226311	0.62544570140304	0.863189796124191
CEP76	-1.56165734187834	0.000518686711470786	0.0479136849721139
PPP1R35	0.278098543672492	0.338602287744549	0.716111234711328
NPLOC4	0.15691980550455	0.395869110145985	0.75211435262766
CXorf38	-0.491768757221557	0.217129934619466	0.613844765431467
FBXO30	0.671669358514926	0.00545795098126434	0.197716949762468
SHKBP1	1.22375595835732	0.213680660709905	0.60978448872577
ZCRB1	-0.538911019610033	0.139382220797926	0.528222877793167
RAB3IL1	0.294560382978222	0.138492428063031	0.526312155130492
TMEM167A	0.539783090573426	0.181762682652383	0.582491858109763
PIP4K2C	0.0453688743682399	0.829859617353038	0.944561209255849
TRMT10A	0.239131359780274	0.544212164311968	0.824124568497017
TBC1D15	-0.29332415353915	0.267830494723595	0.656630517348678
IFI44	0.0186131852444831	0.935030660027703	0.979901504052859
NT5C	-0.180333604106494	0.341459387556384	0.716850278826412
CIP2A	-0.297096470594326	0.145152229181168	0.537412311447311
URGCP	-0.222224092261847	0.494803458669422	0.799847727069551
BICD2	0.943852594954219	0.288866381197971	0.671878027236106
NEK9	0.701822470650608	0.113674490630576	0.490502619765356
BRIX1	0.0644834658092606	0.873274321768638	0.959770558874217
RNASEH2C	-0.443932386287511	0.317241519479054	0.694435672082409
GNPDA2	-0.136054529465717	0.562432542811905	0.836137398357825
NEK7	0.191707200738421	0.556911739416347	0.833962430222145
MICAL1	0.86390610727819	0.426612682014616	0.764745615346568
ELP5	-0.443952379681122	0.222508117606262	0.620473169933703
SSH3	-0.554048786785039	0.0449753593437346	0.398985030734214
NSUN6	0.835602958555953	0.388806744396846	0.746694865148829
DTD1	-0.188344442994808	0.298696667836163	0.678493164602113
DCAF11	-0.859803237114818	0.0580185561104736	0.405252485497543
TRPC4AP	-0.156842819567878	0.454871088488616	0.775108987030197
CEP192	2.09382478577364	0.12403822857978	0.502406599313361
GEMIN5	0.582428372481765	0.0076837606128768	0.216728973012059
ARHGEF40	0.623375240981147	0.0977357034261204	0.472069835502634
RAPGEF6	-0.975053473968703	0.376128789444817	0.740387140973211
PARD3	0.133627729863207	0.710475236481044	0.902901467883624
IPO4	-0.247890414294282	0.225786293641282	0.621707868062802
PPP4R1	-1.16580945082587	0.25261207225263	0.646835814835334
DYNLRB1	0.067592657969346	0.833160584645331	0.945784442477572
DIS3L	-0.11594454562794	0.710976588536681	0.902901467883624
GIPC3	0.0473796822112327	0.858814558973001	0.953521573138593
ABHD5	0.489537533591371	0.0627483244166173	0.412704158085212
SETD7	0.124039996648257	0.51625886624881	0.807869983610974
SCARB1	0.00295588380706135	0.988050094673979	0.995922462493734
COG1	0.0340472727056387	0.962081784867408	0.988293632217146
PYROXD1	0.291602535300353	0.267894540094654	0.656630517348678
SMAP2	0.967436804963768	0.0701869329944325	0.422806315673979
ZC3H15	0.103012952301512	0.607171828521815	0.856735040308358
TBC1D22A	-1.16805149360167	0.422758412743686	0.763368742878581
CCDC12	-0.404342230486144	0.237827973412732	0.63357920819037
PPP1R13L	0.0870683815144488	0.678533841875304	0.890252047068574
CHURC1	-0.746740093557563	0.0616571806881337	0.412704158085212
TMEM263	-0.634268300062061	0.0184993544238681	0.306525177561402
HDAC7	0.565875205620895	0.0304252341939612	0.356074383368399
STYX	-0.131871406186356	0.555569662342294	0.833129018812815
NUP133	-0.211771963268674	0.754288384018337	0.920643162786728
PDCD6IP	-0.319117317681634	0.122971837435541	0.502406599313361
C15orf40	0.164552975623032	0.533595548870052	0.817852882815344
CHAC2	0.583704149852942	0.0361081967174426	0.374147162389511
CHMP7	-0.0723391663169508	0.726579026531587	0.908592110320774
LTO1	-0.317405462340652	0.290392044199233	0.672645395751867
CHTF18	0.323125275101471	0.238708844511993	0.635010209122977
NUDCD2	0.272551565586532	0.22926390186718	0.624681985351299
ANKRD49	0.40285836379471	0.359809103592322	0.731582756304884
SCFD1	-0.190193476156331	0.854529998335004	0.95306287680245
UBLCP1	-0.485006149276224	0.122515201557742	0.502406599313361
PCNP	-0.455777985440093	0.171105631752076	0.578440356197548
DNAJA4	0.165807050780071	0.580862290596149	0.847630855381846
TRUB1	-0.0679176813021023	0.806801529975374	0.938308517016987
LMO7	0.0831149195631546	0.638493520594402	0.867579244563925
SPIRE2	-0.359375445750942	0.539931147688862	0.821006415930183
ATXN2L	0.966245676831633	0.057952424880052	0.405252485497543
ARAP3	0.353683902778737	0.419629358038268	0.76257653815303
PRPF31	0.183757982055809	0.448482670859841	0.77443412077674
NELFB	0.236923765141988	0.187846370949378	0.591724075582226
PALLD	0.199305804403593	0.234692531360021	0.629766814361132
GEMIN6	0.571509612503476	0.168362933792209	0.576215253783367
CASKIN2	0.598994039691075	0.225800259523757	0.621707868062802
MADD	0.29878102099163	0.274980371844106	0.660203037013628
MYO3B	-0.202363300917852	0.444120667423757	0.773453728671088
DNAJC9	0.0177981675895182	0.936345262121302	0.979901504052859
CTNNBL1	0.697377404573039	0.06029189476693	0.412704158085212
ATG4A	0.403639259330031	0.0360499412048724	0.374147162389511
LZIC	-1.0639536782773	0.0173958099380147	0.301150805941415
IRGQ	0.387991873814393	0.0532063740718511	0.398985030734214
DDX1	0.00600614638534935	0.973881664312543	0.991251804305108
SEC14L1	-0.261488875579275	0.47083033838682	0.784520203033952
PSMF1	-0.222879441562533	0.525000311121597	0.813024371162742
GBF1	0.561561554384998	0.0781682171664716	0.442680587754151
RTF1	0.0780116837281923	0.706539571276995	0.90279588615889
RGP1	-0.445614796308828	0.341643664685605	0.716850278826412
IP6K1	0.107812723975066	0.62960347916833	0.865487339206904
AP3S1	0.125460658734816	0.488073111407517	0.794848609502509
TSC1	0.359759883728525	0.333511436931768	0.712738438093049
NDRG1	0.417292197151305	0.0431609408934922	0.395228031522723
HSPH1	-0.258278510487088	0.154955903456067	0.553516342284614
CNOT9	0.459919656399485	0.0546751260160499	0.400824448609114
MYO18A	-0.0436645190915783	0.853111481765264	0.95306287680245
LARP4B	0.0741838270890014	0.78402761070087	0.933907808362255
GCN1	0.638313948497238	0.0109887435773818	0.250042645164234
ARHGAP45	1.09814998054161	0.127693321052214	0.5075595627505
DHX38	1.39376435140671	0.000480169528599794	0.0479136849721139
NUP205	0.0143900137644977	0.939030001965896	0.980648802534291
ANKS1A	-0.263309058698354	0.410205458200035	0.756852895122628
ANP32B	0.14364861165221	0.406970432088807	0.755276618065365
RABGGTA	0.119373995057067	0.658659302246225	0.878291635438398
PRCC	-0.0929585417310719	0.799521692904642	0.936796717396242
TFG	0.497623841920387	0.0266118538921338	0.344196459412973
ARPC1A	-0.416674785822018	0.0312912185401363	0.361748447990678
HDAC2	0.194009314906836	0.841702346108203	0.949355973403483
STAM	-1.71327273157353	0.0489961343292774	0.398985030734214
DDX17	-0.163627925260137	0.585953653726392	0.850809536616637
KIFAP3	-0.133349903719015	0.788776680716461	0.934660672063776
PMM1	-3.30881758040315	0.00443864951798133	0.174476701797245
RAD50	-0.637646178225495	0.54415432260776	0.824124568497017
OSTF1	0.423573992749265	0.120990638077548	0.501188797866074
ARHGEF1	0.135705508716121	0.496559943101977	0.799847727069551
ERCC4	-0.607019646332464	0.421961298572683	0.763368742878581
UFD1	0.790382591671442	0.0290195841871481	0.352721590695764
UPF1	0.304057138154974	0.0996682552814001	0.473360158438012
COPS5	0.30556302330298	0.16762080387584	0.576166473227407
GPKOW	-0.487882353297515	0.442177616843984	0.772869581002139
SMARCC1	-1.14735838081348	0.0236225382004009	0.329378410001816
BAD	0.0365693090737231	0.941282973134432	0.98119989869477
KHSRP	-0.508507972675378	0.0501238491831645	0.398985030734214
TNPO1	0.19697776296481	0.50020709632903	0.800461334316053
ARHGEF2	0.210921019060223	0.64100011616209	0.868535177564695
EMG1	0.811541395087474	0.0862612674250103	0.45570524965873
CLP1	0.124947640638553	0.56093178698843	0.835782901981806
GLMN	-0.379766342115715	0.172261005760725	0.579570464025289
USP13	0.218366897769613	0.409183059267892	0.756343873934399
USP9X	-0.264942607031156	0.425953225444289	0.764398818852185
USP7	-0.0504767542934879	0.842779450636775	0.950048327598067
NAA80	0.242762496007934	0.423192016609118	0.763368742878581
CUL5	0.242071978551873	0.243932769777131	0.640422754219967
LPP	0.336058956683431	0.180336790042923	0.581845095979385
RBPMS	0.138515030249724	0.647214869008954	0.872699476339385
PHKB	-0.521814216445009	0.0194006308826399	0.310242359320659
TSR2	0.0736625110992009	0.749620120816636	0.92021473302906
HPS3	0.22994782296491	0.283837204524493	0.666817345312742
RFK	-0.375315527133829	0.140548033027162	0.529923451056494
MYDGF	0.052135449142952	0.881291855908043	0.962854348781851
BORCS5	-0.184079712393334	0.602525431691579	0.856281334653995
RNF34	0.576579248367452	0.0802063891638311	0.447002425279572
LSM10	-0.62737137094993	0.255846300028751	0.648066022321187
RAB24	-1.63482889801875	0.015028483157154	0.284588370729921
NEIL2	-0.0243584968166672	0.921834223021599	0.976821753388245
ZNF622	0.408278318571025	0.249296262364142	0.644611399185097
WBP2	-0.806045442318887	0.297051486322039	0.67848559254293
FBXW5	-0.413177111975873	0.143415336005908	0.533655253315036
PSMG2	0.604442620075581	0.0126046748554214	0.271474427174411
MRTFA	-0.230241279467254	0.337089626812994	0.71546945442896
SYAP1	0.33319649618047	0.252782386095324	0.646835814835334
EXOC4	0.0669923930783867	0.8550488190056	0.95306287680245
MAGOHB	-0.169926114397711	0.450854906293591	0.774841338955729
FERMT2	0.33194199439324	0.0974450442103994	0.472009708272987
FUBP1	0.157810700595768	0.482110013864169	0.790100548102623
KIAA1143	0.0652610979445427	0.727569248352375	0.908592110320774
RPE	-0.359715352362315	0.158734538020218	0.561117631434743
VPS33A	-0.58824038761712	0.0296764424649672	0.353344430343761
TTC28	0.063929878237289	0.887234556527365	0.96620444632143
ISG20	0.619846446201628	0.183113416021771	0.584286763558241
ARK2N	-0.0109873986277975	0.95928573246739	0.988293632217146
AKT1S1	-0.296726453215214	0.518074526611376	0.809080885811089
LENG9	0.0981709326022262	0.719824207217574	0.905725552926777
SH3KBP1	0.253467151335759	0.152238724572537	0.552575724258864
RNF25	-0.731883520766839	0.216342638475669	0.613496584165461
OTULIN	-0.0381020843582398	0.889945124112928	0.966473454153978
PPWD1	-0.817442129605787	0.0873603295728743	0.455914421047802
UPRT	-0.133390380175896	0.670155397515664	0.88658223910504
ATG2B	0.0278724251567581	0.931382067676484	0.978172574849579
ARMC5	0.114201530565715	0.834110298336128	0.945990654497236
EFHD2	0.404032416875378	0.168572512477354	0.576215253783367
GALM	-0.281224196395407	0.303976554983186	0.682097256574613
CUSTOS	0.330103785254373	0.178936431573892	0.581845095979385
DCPS	0.221596492487276	0.266045144102749	0.655535325830603
PPP1R14B	-0.37042118761952	0.489517693026286	0.796463177336911
BIRC7	-1.56742830001173	0.172529441826356	0.579570464025289
CHMP4C	-0.554740570479183	0.0660428187973319	0.415923241565814
ISOC1	-0.0609752949150248	0.885569015264349	0.96524410365834
GCC1	-0.10780645144288	0.898857749897008	0.968669567017442
FLYWCH2	0.148615471254093	0.607250086757128	0.856735040308358
CCDC124	0.450496327841904	0.0154117172489109	0.288287866764219
OPTN	0.22968591280835	0.370450515526363	0.737525992762241
AP2M1	0.270144577961371	0.316532039995115	0.693473576092734
TUBGCP3	1.02566606602497	0.0676896478419478	0.418950165453932
NMD3	-0.767895999668575	0.180693678051692	0.582095152921537
REPS1	0.141854120136117	0.580514725789481	0.847630855381846
NUDT16	-0.697147495188343	0.111565911468869	0.485554820821522
CMBL	-0.412842432846919	0.123873993900541	0.502406599313361
MSI2	0.367463072839776	0.292055329791093	0.674887081662345
SNRNP40	-0.17422085515522	0.830620505350891	0.944933118002322
RMC1	-0.938436857734736	0.00677705381705925	0.210007710377038
ITPKC	-0.0877766555624007	0.720409782159022	0.905725552926777
ASB9	0.815105780996429	0.442467561245816	0.773010703925905
SPDL1	-0.0398837378611745	0.901470642686686	0.968669567017442
SIRT1	-0.0690765178250849	0.68751924009768	0.896754966854703
SEH1L	0.152275904628059	0.390178852652779	0.747000445881874
TCEAL4	-0.456148446727067	0.20433699902765	0.604086405817586
KIFBP	-0.530017613444564	0.0436343672776581	0.3971157317511
GNPNAT1	-0.0593441271707746	0.853335907499283	0.95306287680245
FAM120B	-0.466590405375563	0.0664985703131982	0.415923241565814
KTI12	0.0471778342679592	0.828839184655817	0.944561209255849
L3HYPDH	0.0437903872570082	0.805291692055003	0.93828751074301
MOCOS	0.0529510241227662	0.797229994698254	0.936796717396242
RNF31	0.0152334250366621	0.975147932611144	0.991251804305108
DAZAP1	-0.479564874942668	0.0999245272952153	0.473534913545004
SGTB	-0.264186485799122	0.205392544082688	0.604086405817586
SAAL1	0.437320650424638	0.092079068941318	0.465103574514387
DYNC2I2	-1.54191994001826	0.00667150720278071	0.210007710377038
MVB12A	0.159869573528226	0.535274366776292	0.817970287425111
CYFIP2	-0.112501642196094	0.668266102054655	0.884399443800842
SAT2	-1.13085780894208	0.00719223339455557	0.210007710377038
CCDC97	0.671982984138506	0.354597162852039	0.728549968668438
EDC3	0.223866540831459	0.300638787480453	0.679850060305596
S100A16	0.301570675387659	0.319895364534811	0.696106773975748
SIPA1	0.332498693443821	0.14319556899081	0.533655253315036
SCRN2	-0.279924642175004	0.408318773216359	0.755851488910221
OTUB1	-0.00105785207102826	0.995075463658608	0.997775804129866
TRMT61A	0.0980857343982606	0.78037412187004	0.932562218728913
HMCES	-0.0255479097273046	0.980360559720376	0.993674110773852
CHMP6	0.355449853297586	0.433456360489862	0.768532270638215
PGM2	-0.528937367739061	0.026758106961461	0.344498972901039
CFAP36	0.300762554885388	0.386606078151721	0.745800747199375
DUS3L	-0.449443412894908	0.033833067747054	0.373173687538401
OTUD5	-0.448741629322285	0.0392191039249102	0.38601135688761
LTV1	0.304228385903791	0.153800377738579	0.553288390128321
PDXP	-0.250669412557862	0.267730653916032	0.656630517348678
DCUN1D1	0.157744662904214	0.522986379250153	0.811558564825795
FAHD2A	-0.368435331995897	0.19689691195132	0.603762730008405
TOE1	0.299845464678437	0.0938577760416227	0.467069796992223
ATXN7L3B	0.415221672874232	0.100716598242865	0.473534913545004
MASTL	-0.0903673485782726	0.626075413697654	0.863189796124191
APIP	-0.220858753115635	0.354577655939274	0.728549968668438
ZC2HC1A	0.718132138581474	0.298757342031837	0.678493164602113
SNF8	0.195829206339607	0.283031138766707	0.666817345312742
PDLIM5	0.190611718216424	0.418122302091792	0.762405090978407
ERO1A	-0.0254713101492321	0.969332155567751	0.990509489718706
AHCYL2	0.689097303236984	0.0860227894357406	0.45570524965873
NAF1	0.330949014924872	0.159414647113355	0.562058321644892
SCLY	0.664356765062387	0.0859400198332921	0.45570524965873
AJUBA	0.71786721717212	0.00412277217885367	0.165583078270264
LRCH3	-0.970211191780979	0.0862089253835829	0.45570524965873
GMPPA	0.0822496129317756	0.65164087678931	0.874956821104909
ABHD14B	-0.268690000044003	0.372222071853472	0.739441158870204
NGLY1	0.435435482292519	0.205628311905166	0.604086405817586
PAWR	-0.669902647383672	0.00826936447767168	0.225815513139313
ITCH	0.599205353287601	0.0182141226334135	0.304530240409334
COG3	0.441687013107369	0.233078612124034	0.627819962372445
VPS50	-0.102410826049017	0.779731217932151	0.932436038942721
VCPIP1	-0.00815668606873032	0.992219195572764	0.996534364675553
ELMO2	1.12493408273385	0.00163185492465449	0.100495065776639
ZFP91	-0.406110291070853	0.568293819019276	0.83993826451049
PDLIM2	-0.0190529130015555	0.935419999782546	0.979901504052859
BTF3L4	-0.352761017161768	0.215824140610913	0.61293964998875
ZFYVE19	0.277511889966604	0.247255904628694	0.643981797105014
USP47	-0.15186931176272	0.803427049897519	0.93828751074301
PBK	0.375955431393599	0.191746146215933	0.598011189109158
SCYL1	-0.139566596767374	0.583670682132692	0.849660041981468
EXOC2	0.537912332991908	0.119280223890092	0.497449692182719
CNDP2	-0.628213923951893	0.0505477696126561	0.398985030734214
PPP1R13B	3.06983719304177	6.28077977294629e-07	0.000232074812610366
ZFR	-3.97982023911437	0.0537801430712951	0.400141261409151
TRIM47	0.0662473680422835	0.843603084183059	0.950339450017196
PRRC1	0.399470299169842	0.0631040591705945	0.412704158085212
FBXL18	1.11301629426292	0.107055196070768	0.479477514523014
CCDC43	0.378957062161245	0.0344786395239549	0.373617074807683
COG8	0.0867056259692269	0.826114548544816	0.944459547299844
DNAAF10	0.520646174679719	0.375364244108659	0.740387140973211
DOCK7	-1.01380126011451	0.0121114016026644	0.264802537999083
ZMAT2	-0.134242159176136	0.507276653160365	0.804173777551995
NAP1L5	-0.332166029115243	0.123525940108271	0.502406599313361
SAMD11	0.348733951173969	0.11114602028933	0.485554820821522
NSUN5	-0.00530733392677618	0.984737780500779	0.995787109729168
RPRD1A	0.162974489129148	0.467663808044888	0.782971350578097
AGAP3	1.44254858499854	0.0179707278058214	0.304530240409334
ARAP1	0.19184530498125	0.421747251015419	0.763368742878581
ACAP3	0.0307539427080741	0.909489919518309	0.970700535130026
IPO9	-0.158414777010705	0.55501629707404	0.833066095868432
INPP4A	0.356003008235088	0.183407339593783	0.584616949499296
RBM14	0.562464810733125	0.00560102391561047	0.200929935613405
NEDD4L	-0.0363057864354843	0.872212693143968	0.958923728710461
PUS7	0.0319547756195036	0.899468530012324	0.968669567017442
TRNT1	-0.0171648927013521	0.935229555469458	0.979901504052859
SMG1	0.100237755442183	0.763207683018912	0.923698784393999
ALKBH3	1.33885765162673	0.111031095433202	0.485554820821522
RAB3IP	0.81026325256769	0.239615440245803	0.6357162018604
VPS35	0.201176796870346	0.308510626370656	0.685854111914839
XPO6	-0.138698536425249	0.584782978873519	0.850028759613554
SPAG5	0.500792403311664	0.0960190259517825	0.471525172929
NACC1	0.292579350231453	0.370459605566095	0.737525992762241
SNX18	0.691347120695006	0.2625488932878	0.652399570072913
PASK	-0.29210352975192	0.259193971107946	0.649713654459568
CAMKK2	0.615225847187777	0.499455328395872	0.800298108596162
TGS1	0.669112538197624	0.0213053635931272	0.311159361567609
NUDCD1	-0.049389085768162	0.875540236526049	0.960261553565969
FNBP1	0.104410259707045	0.802083428082536	0.938176089510912
METTL26	-0.455756865530731	0.228224558986262	0.624386981955852
TP53RK	0.0331059731458438	0.857244952214197	0.953409786425665
WRNIP1	0.11995533945532	0.593301085726071	0.851798591896814
RANBP9	-0.403251322079242	0.0949308301870527	0.467069796992223
UBL7	0.102265021812396	0.644347166513499	0.871882014453815
PLEKHF1	0.286804524548554	0.178727474529351	0.581845095979385
SRPK1	-0.132434919974859	0.613538452368	0.857262674549234
IWS1	-0.849120833851451	0.0712197912919542	0.426453540281201
OSBPL9	-0.0399844554828164	0.816051470907016	0.941695872892388
ADO	0.605798200286603	0.101054600768783	0.473534913545004
RUFY1	-0.285406098816864	0.344369455067252	0.71754165805259
MMS19	0.172016400101359	0.441880218361963	0.772715289563395
NIBAN2	-0.0591234007798818	0.798787067665648	0.936796717396242
TCF12	-0.260528743050568	0.3611348043084	0.731976468414447
MYCBP	-0.269803667324936	0.453185210670196	0.775108987030197
TBCB	-0.212645624750561	0.311805252659179	0.689748473485664
PSMB7	-0.13380469188364	0.511124539315265	0.805891818995162
CNN2	0.0553155302143367	0.864212554870009	0.954272542173835
PCYT2	-0.340852549326204	0.361685538038524	0.732289349617724
PSMD1	-0.0858493528126623	0.643613642141848	0.87143730586813
PFDN5	-0.113201300599734	0.57118074652898	0.84218390200502
PARK7	0.190224117234546	0.420699218863226	0.76274956511267
GAS2L1	0.455008793037003	0.224517578813607	0.621707868062802
EYA3	-0.1481195716168	0.526344996413989	0.813753252697989
VAT1	0.0551354591932878	0.799636494362043	0.936796717396242
PLIN2	-0.977361000533186	0.00745529838726109	0.211902519545613
DNAJC2	0.330434939415767	0.264425503758522	0.654944745179356
NUP88	-0.28645279191927	0.408981671571138	0.756343873934399
PIK3R4	-0.436355839713549	0.214000150160695	0.60978448872577
POP1	0.682335537055074	0.0359734247639861	0.374147162389511
S100A13	0.252882549179191	0.42804636397083	0.764990161184671
TSNAX	0.399666679499326	0.0509618779457167	0.398985030734214
TTC1	-0.0515289189985459	0.825731616653018	0.944313934860074
DNAJC7	0.199121193581249	0.265988311023636	0.655535325830603
C12orf57	0.0529872995880787	0.899316347519087	0.968669567017442
COPS8	0.20366859396292	0.268675116364262	0.656630517348678
RAD9A	-0.457915509952699	0.298224416578336	0.678493164602113
CHP1	0.016150515093603	0.971255224002207	0.991251804305108
KIF2C	0.574085741359081	0.00689011996110649	0.210007710377038
MGLL	0.219445175426834	0.324741577700589	0.700070087283358
MTR	-0.35012525062206	0.280398769591445	0.66628517918996
HNRNPAB	-0.178227179386507	0.495828233049646	0.799847727069551
NAP1L4	-0.279550248992653	0.215888698893629	0.61293964998875
OLFM1	0.338821417147869	0.584277561233833	0.849660041981468
TSG101	0.129383735555503	0.498410758522146	0.800298108596162
CPNE1	0.578947500063727	0.0862635631219377	0.45570524965873
CCT7	-0.463205853688041	0.102773073110625	0.474874751362697
HAUS7	0.482544334243851	0.133553932245963	0.518682788093989
PRMT1	0.330351125942901	0.164640828315633	0.572293377823389
BAG1	-0.0198263949324584	0.907644593382254	0.970546991770612
DUSP9	-1.5301806241795	0.0126369692757777	0.271474427174411
SH3GL1	0.100656667637207	0.541129032491826	0.821522205516788
SH3GL2	0.116459680456128	0.613764921658058	0.857262674549234
AKAP9	-1.30647007263037	0.210205051118529	0.607282984717639
NCAPG	0.339931528072889	0.10896666572143	0.484040989168788
ARPC5L	-0.170815021518909	0.386972664788776	0.745800747199375
C7orf25	-0.722949321217587	0.133247279868904	0.518682788093989
FAM118B	0.457429178656703	0.0973911667944278	0.472009708272987
RBM4B	0.210065071197594	0.297181894618432	0.67848559254293
ELAC2	-0.278282012825461	0.104481541544916	0.474874751362697
TRIR	-0.245997818516507	0.482185855472643	0.790100548102623
GRWD1	0.205094006771887	0.254700288108902	0.647228022344404
MACROD1	-0.197393907378405	0.360460097694734	0.731582756304884
CMSS1	0.241942671909317	0.425016578551271	0.764202558514328
WDR77	-0.318852119545348	0.367308988928807	0.736012317837279
DPH2	-0.0241021852132164	0.961715343671358	0.988293632217146
APOL2	0.0674526158409456	0.702035797238008	0.901266084179261
MYBBP1A	-0.874118456444169	0.126908471983213	0.506400436261309
NUDT12	-0.591240372732724	0.212011521702142	0.608373473406857
AIF1L	-0.295609485127407	0.590530803966894	0.851798591896814
FERMT1	0.271191555898152	0.18743890700432	0.591448984953853
FYCO1	0.0316470244584863	0.929433366504585	0.977977799353879
ACBD6	-0.00884985892031409	0.968248564082622	0.990095412408741
CORO1B	-0.255295357591145	0.359435661748354	0.731556011640488
NAA38	-0.0364266347163351	0.919777829590352	0.976605338352785
TXNDC17	-0.239669215672475	0.32007817806033	0.696106773975748
CPPED1	-0.125570279678065	0.62499895846071	0.863189796124191
VPS25	0.143029559114979	0.534823027769214	0.817970287425111
CHLSN	-0.100187831934004	0.632812561917758	0.866140714828216
PDCD2L	0.306842855976818	0.512629137990889	0.805891818995162
PAAF1	-0.258228992994866	0.151060254386993	0.54991885710339
PYM1	0.242732847120621	0.288934826868247	0.671878027236106
PYGO2	0.687882966051099	0.0199310879636986	0.311159361567609
NUDT22	-1.00587767868542	0.0425719356973688	0.392277562099197
AIFM2	-0.797407538077774	0.205076766806218	0.604086405817586
RIOK1	0.384578097923871	0.0492702972158188	0.398985030734214
MIEN1	-0.264398652734194	0.317735363662537	0.694475176951341
LLPH	-0.155707487343658	0.529356538755847	0.81573428990597
GINS4	-0.186469191233893	0.501623553606714	0.800740112655772
PELO	-0.0442445755580501	0.867161768023451	0.956181060234751
GINS3	-0.383397223907405	0.178058736183775	0.581845095979385
ATG101	-0.228607625139247	0.501898268176121	0.800740112655772
NTPCR	-0.32869086885232	0.220827283663536	0.619557185373399
TUBGCP2	0.676864873029487	0.0491003865403079	0.398985030734214
ESYT1	-1.13848029497597	0.264442268541506	0.654944745179356
UBAC1	0.570066810959901	0.0604385201708666	0.412704158085212
TSEN34	-0.0702297031069534	0.831972699158452	0.945307233514907
HAUS8	0.244148773756319	0.443852986282932	0.773453728671088
PSMG3	-0.339858831901005	0.100015293624365	0.473534913545004
COPS4	0.301982272791172	0.179823373930956	0.581845095979385
RBM42	0.367307765011464	0.10512276129752	0.474874751362697
MCMBP	-0.308830264760378	0.222650275194065	0.620473169933703
AARSD1	-0.0119554850511641	0.982183680960655	0.994837911499348
DCUN1D5	0.0232071359927701	0.953128800670166	0.98496190847771
PAGR1	-0.0759385904588079	0.897507725891257	0.968669567017442
URM1	-0.653483088868782	0.0732902670099613	0.431222192041094
ANP32E	-0.199264200684862	0.401265034921892	0.753389899300316
FSD1	-0.489264495433641	0.259533789981684	0.649713654459568
TBCD	-0.217203188727968	0.264459420786901	0.654944745179356
TTPAL	-0.0918840277069535	0.595136593686458	0.851798591896814
HGH1	-0.18456564030086	0.423151626214397	0.763368742878581
THTPA	-0.149716216051669	0.499235305299474	0.800298108596162
DOHH	-0.00638486811950756	0.983155271981881	0.995343853855649
MKNK1	0.213114852553307	0.30715147306331	0.684927394670446
TUBB6	0.196388860557093	0.273310142967933	0.659400293639681
POLR3C	0.52150166322545	0.0437936717568638	0.397586282903223
HNRNPUL1	-0.435731821090823	0.0173056892243245	0.301150805941415
PDCD10	0.0802148951311956	0.625003002089041	0.863189796124191
RPP25	0.281063237459545	0.6310345105789	0.866140714828216
EFHD1	-0.284117657283446	0.123153555647874	0.502406599313361
DDX23	-0.361061167429519	0.0810869052316389	0.449874046292651
WRAP53	-0.11444945494199	0.570090283228253	0.841414275419285
BDH2	-0.424554147588424	0.0732305350163769	0.431222192041094
BBLN	-0.0926280119138241	0.864656149174018	0.954272542173835
C1orf50	0.147467187415931	0.428830157785285	0.764990161184671
MRI1	-0.334127013004526	0.276298158334765	0.662076326230193
CCDC32	0.522057802319797	0.55237958525858	0.830446658992209
WDR18	-0.46121575495264	0.693869027076842	0.897473699507437
THUMPD3	-0.0479937152017627	0.789435339187569	0.934660672063776
ADI1	-0.432573760359844	0.0756913645304071	0.435637993675785
CEP250	1.06689061719749	0.00939787677796251	0.234629423611969
NTMT1	-0.294148500770739	0.461389871926683	0.779986260844183
KATNB1	1.18484132328618	0.0702579371647695	0.422806315673979
DSCC1	-0.244840969967584	0.476424719474737	0.787911914615933
MLST8	0.152953294644171	0.505063033404939	0.802670068142473
DUSP23	-1.00703799191489	0.139549020401566	0.528313145885028
TMED9	0.575757881224114	0.0670805867989539	0.417277387579351
SELENOO	-0.412297865389419	0.265256063645089	0.655161199979013
DPCD	0.131813644516942	0.586428684353151	0.850809536616637
GNL3	-0.0111795585661696	0.966036866852499	0.990095412408741
AFG2B	-0.336132070261662	0.172556243016629	0.579570464025289
RIOK2	0.145191730177885	0.831652932378981	0.945307233514907
TIPIN	0.276691866066955	0.222390533217105	0.620473169933703
NUP85	-0.120711910524072	0.462864118959219	0.780594668897451
DDA1	0.21907848671102	0.459387127134164	0.779028501211029
IFT27	0.163247497460638	0.372893585300899	0.740022756604525
YJU2	-0.169037861776971	0.596143750648217	0.851798591896814
NUDT9	-0.661263367287898	0.097098528588094	0.472009708272987
ACAT2	0.471056000189364	0.114265313119719	0.490502619765356
REPIN1	0.342833395887748	0.0593826138675865	0.410563363626771
RBM4	0.61978710530747	0.110949299892201	0.485554820821522
SSBP4	0.813838379002316	0.203665453911283	0.604086405817586
SCNM1	-0.928336627415828	0.205618154908393	0.604086405817586
RPAP1	0.0643840379027871	0.721502064566772	0.905725552926777
CYREN	0.030373301288769	0.902343883538305	0.968669567017442
SLC4A1AP	0.157412988594501	0.584299368518244	0.849660041981468
SSBP3	-0.846729530246023	0.204451734250836	0.604086405817586
OSBPL10	-0.105908299126966	0.686999782800643	0.896716833721068
NAA15	-0.0149034983108578	0.95168345454967	0.98496190847771
SRRT	0.811335997577437	0.114436492982335	0.490502619765356
QTRT1	0.0925661890181111	0.742293359799888	0.917009015199126
AP1M1	0.432043665163857	0.359995096117639	0.731582756304884
NUSAP1	0.340028922416192	0.521516409639782	0.811558564825795
GON7	-0.340847988271097	0.355778701684267	0.728695898531472
FANCD2	0.437412501516754	0.324073097855591	0.699853640006456
ITPA	-0.767811809201678	0.0163403928269569	0.291835816724571
RTF2	0.184913724742572	0.385635015829943	0.745800747199375
CHMP4A	0.00642589319709685	0.972118414148598	0.991251804305108
EIF2A	0.20889655799693	0.224903701487452	0.621707868062802
GNB1L	-0.0352287085604388	0.860587917094574	0.9539353977919
NIFK	-0.143521799422849	0.674272771443827	0.88874267672812
YTHDF1	0.0374140429344259	0.914866421769082	0.972889785508604
SRXN1	0.118160374190296	0.605999731425255	0.856735040308358
NLN	-0.243006219596083	0.147036542142168	0.541472332931712
CEP41	0.17122691368801	0.351619350403159	0.72664065980966
TBC1D2	0.0878352734069132	0.663652045437831	0.88169944163355
POTEKP	0.746480116662688	0.402333001925847	0.753389899300316
LDHAL6B	0.967940117649086	0.112800113144701	0.489197673790693
PANK2	-0.0912566155445163	0.601366130613439	0.855682957873137
NUF2	0.126248110669415	0.613298356625134	0.857262674549234
PUS3	-0.0972161541871372	0.628280077746525	0.865021236028151
GTPBP4	-0.305446175338282	0.38054206823796	0.743183373223712
ASPSCR1	-0.330765044787377	0.124927551482317	0.503047399932446
DPH1	-0.0777568817125882	0.780820014373832	0.932682701161115
WDR11	-0.932892532914664	0.414219652829902	0.760328672233725
TBL1XR1	-0.0428410734341469	0.878770078851949	0.962090501143097
NIBAN1	-0.0297946230455715	0.920319033220628	0.976605338352785
UBXN6	-0.66628830352845	0.240806776713903	0.637378968451196
UCK2	-0.2635714719611	0.289970787757349	0.672593886229382
API5	0.901575201300208	0.238352889658077	0.634520120523483
DPY30	0.145158317380208	0.746553511935775	0.918280701265875
TRIM2	0.25269422168374	0.45752846801341	0.77834608163423
FTO	0.349367785730859	0.083103354263959	0.454240967463504
TANGO6	0.0854792319339204	0.764888988291597	0.923917885497695
TNKS1BP1	0.109399453724556	0.511877833262595	0.805891818995162
AMBRA1	-0.519436753839514	0.0559601216949294	0.404443149809907
UBE2O	0.50019722499308	0.0372173274901711	0.377796772187313
ZYG11B	-0.233617169234769	0.33883630854583	0.716111234711328
XPO4	0.314552331432473	0.302209679538936	0.68185609047718
CEP44	0.266951791312504	0.291365630081353	0.67371464527572
MTMR12	0.0844693298642767	0.83665319422042	0.946960176380924
WDR12	0.036166107109139	0.861193856118421	0.9539353977919
ACTR6	1.21855143325009	0.000466505802494826	0.0478816372282884
ADISSP	-0.224549496882211	0.314979884275948	0.691944513911788
PITHD1	-0.385413223529486	0.138490869646897	0.526312155130492
IMUP	0.107585840100359	0.710096059626806	0.902901467883624
COMMD5	0.359008637312744	0.125251314732842	0.503047399932446
DDX24	0.281721484033113	0.158842380402257	0.561117631434743
SKIC8	0.128941617256352	0.622559628853601	0.862692129484415
NIF3L1	0.49113241530004	0.247635450410685	0.643981797105014
EGLN1	0.502573234369141	0.0885077283649283	0.456433199922357
PSME3IP1	0.625848091338895	0.046632448209585	0.398985030734214
NAA50	-0.0570053027493991	0.816003276310478	0.941695872892388
UBA5	0.00787035694157368	0.977627879209798	0.992149926549907
LHPP	-0.432548025822825	0.0931457243262807	0.467069796992223
PAIP1	0.273273471567613	0.178669145573253	0.581845095979385
FAM107B	-0.0842841691430678	0.757672900176901	0.921831203870151
COMMD4	0.104923770412167	0.691836613424523	0.897014510888202
KLC2	0.0924745973251824	0.577314183207408	0.845491837872126
ILKAP	0.140521504687367	0.51736006674428	0.808648666082959
XRN2	-0.0441160514096808	0.884349580774882	0.964483973129631
SHARPIN	0.438704523220288	0.122163197209389	0.502406599313361
TKTL2	-0.838685475973882	0.114823947733738	0.490502619765356
SIK2	-1.55976389098915	0.00217231921080359	0.118244726665155
PUS7L	-0.505488593801289	0.0442264044169853	0.398108939705511
CSTF2T	0.293063402096749	0.394839771190529	0.751124529895067
PCBD2	-0.0215716594673481	0.901804412777576	0.968669567017442
NT5C3A	0.104785090128125	0.531033681449936	0.815870874410608
HDHD2	-0.256396993828538	0.29230767744634	0.675048042602641
DDX47	-0.234452841598792	0.448669020403111	0.77443412077674
RAB1B	-0.422665242474295	0.308299130114091	0.685854111914839
TSPYL1	0.266280199052989	0.197505240210024	0.603979976275839
SMG9	-0.48266160931971	0.0265632360452132	0.344196459412973
BKGD	-1.34449516417904	0.024490322583714	0.336400527683357
ANAPC1	0.266175880667433	0.177275445733401	0.581845095979385
POLR3F	0.146848229115214	0.538767122316622	0.82024907991756
NUCKS1	0.00728099380501135	0.983897543530975	0.995343853855649
KIF13A	-0.703593058388041	0.358185524453603	0.730003040736936
ASCC2	-1.23219126372786	0.00849481903284562	0.225815513139313
RBSN	-0.466403099685898	0.604678078025384	0.856735040308358
OSBPL2	0.035622459077512	0.962081503619501	0.988293632217146
ATG5	-0.0526533070243254	0.809472348466945	0.938954242857333
EHD4	0.422070646050102	0.179825893371372	0.581845095979385
VPS33B	0.298198292058828	0.581068729819273	0.847630855381846
VPS16	0.890522107236841	0.0545531990615961	0.400824448609114
SH3BGRL3	0.0137051754821229	0.951114744397422	0.98496190847771
GAN	-0.0465590647402934	0.808018372626683	0.938308517016987
SLK	-0.188993888622893	0.267552864559998	0.656630517348678
PPIL3	0.0122680004620221	0.960984570563816	0.988293632217146
PDCL3	0.394986996118124	0.161086363658883	0.56687058449483
RAB3GAP2	-0.251125105650786	0.682364525168708	0.892956517468344
DPH5	0.231181735938982	0.405456433942448	0.754258396894288
DHX36	0.209617908927424	0.651964123349067	0.874956821104909
PPA2	-0.347276652247945	0.406633291290896	0.755030156442141
TRIT1	0.818738187802467	0.554159115530324	0.832365012961199
C11orf68	0.0141367778473764	0.942952892006936	0.982125055590022
BOLA2	-0.653984459268028	0.0293811356438119	0.353344430343761
TXNIP	0.256615338089553	0.817944503716864	0.942024824516392
NELFA	-0.0213610825690296	0.950867594075659	0.98496190847771
ACBD3	0.160925302513839	0.454996317420432	0.775108987030197
CDC42EP4	0.0926253501561334	0.666400540732329	0.883481384051652
PTPN23	-0.149200478723138	0.435363632723925	0.770066358504022
UNC45A	-0.167959924826874	0.488095127188415	0.794848609502509
DSN1	-0.383202081657853	0.384010841428981	0.745800747199375
C1orf198	0.407982058760382	0.170663241118169	0.578440356197548
CHMP4B	0.030517960881344	0.864613172553231	0.954272542173835
RWDD1	0.22115892350719	0.413930966930749	0.760328672233725
CUEDC2	-0.163191604375612	0.61239855112011	0.857262674549234
TOR1AIP2	-0.206488415329115	0.405612208911928	0.754258396894288
WNK1	-0.466939769308166	0.0348716283745281	0.373617074807683
RNPEP	-0.170992352450426	0.318108971484664	0.694475176951341
GOLPH3	0.550403648017912	0.219630234169666	0.617605567166604
EPB41L1	-1.92328731060776	0.00132430284853664	0.0877021519571887
FAM83D	0.354298011688996	0.0819124042093548	0.450861999754227
SMARCAD1	-2.30352948212214	0.109240127090677	0.484040989168788
EHD1	-0.0602274593173711	0.727121656319061	0.908592110320774
PCIF1	0.229294341455173	0.529958559067215	0.81573428990597
HEATR1	-0.516640100504237	0.711454215628963	0.902901467883624
RABEP2	-0.0794906770954213	0.774325796406021	0.929241252913364
STEEP1	-0.0506799183324809	0.827839891147486	0.944561209255849
CIAO2A	-0.581579622299365	0.0399328364943052	0.38601135688761
BICC1	-1.32935812223205	0.0012051908163864	0.0873172562068189
HAUS4	0.317997131827561	0.0926274582479983	0.4662921774201
TUT1	0.211080214290291	0.812018924873828	0.939683660322203
CIAO3	0.403418526201879	0.424481777008953	0.763612544327207
YTHDC2	-0.111948472193692	0.618945454593649	0.860937484966293
EPS8L2	0.301101736235371	0.418108198158253	0.762405090978407
RPAP3	0.370554043942779	0.065392105618194	0.414945070765468
WDR55	0.338529303151535	0.27357527744239	0.659400293639681
RANBP3	0.24943162945711	0.237253933604476	0.632505977394329
DCTPP1	0.191491070839255	0.39963563623759	0.75297529652629
SH2D4A	0.314179464897837	0.419498791388977	0.76257653815303
RPF2	-0.606314360747131	0.224831380435997	0.621707868062802
SYNC	-0.0649626873626552	0.81090133526199	0.939619121905757
DOCK5	0.390642642070048	0.24781966475572	0.643981797105014
WDR26	0.836905403828922	0.0724709690636271	0.430167942508621
C8orf33	0.407857985743899	0.0767712709565217	0.438759971394286
PLEKHG2	0.332964299573575	0.63891058470501	0.867579244563925
PHAX	-0.0783354010641233	0.760652225453523	0.923094834758297
UBE2Z	-0.0571217321865873	0.807531196711212	0.938308517016987
TUBA4B	-0.147437713669742	0.443251403885185	0.773453728671088
VCPKMT	0.130995472111493	0.547393563445277	0.826233340249305
RMND5A	0.304262765135011	0.664208252011802	0.88169944163355
MINDY3	0.40507819461904	0.0972967636681375	0.472009708272987
AKTIP	-0.117266057042645	0.902125051358918	0.968669567017442
ANKZF1	-0.116250348630544	0.649745930991689	0.874293960311104
GORASP2	0.116367747463379	0.723791521377344	0.907810479120599
ZWILCH	-0.175262299133429	0.445060016738877	0.773453728671088
JPT2	-0.156666621408291	0.546253487027414	0.825524185916685
QTRT2	-0.667732621889716	0.123106369444062	0.502406599313361
WDR54	-0.410046676387282	0.139205362543896	0.528094265502767
ACTR8	-0.314383237600602	0.211548916967021	0.60830602972229
MARCHF7	0.929195426280877	0.0633682444241337	0.412842720673579
DCPH1	0.163862862356204	0.397285260275952	0.752770200171992
PANK3	0.128013178746073	0.609449290760466	0.857262674549234
CNOT10	-0.0397731391759457	0.908068830585826	0.970546991770612
LRRC40	-0.262461419547993	0.219174033764483	0.616792120913758
VIPAS39	-0.521633189531919	0.0650964332288068	0.414945070765468
COG4	0.823310319389702	0.180458587278045	0.581845095979385
ACTR5	-0.0202871970553709	0.898985578682249	0.968669567017442
VPS37B	-0.705650666100023	0.151786246092035	0.551475102566439
COPS7B	-0.425839922799916	0.37612687075619	0.740387140973211
NHEJ1	0.295281081230922	0.195281042498742	0.602017602934305
ELP3	0.12037313431896	0.563810199185137	0.836137398357825
JMJD4	-0.237794948874537	0.296805365153985	0.67848559254293
GPN2	0.125036659972974	0.901076244540815	0.968669567017442
POLR1B	0.415578585611378	0.055877979055607	0.404443149809907
UCK1	0.083477984640794	0.756984198390934	0.921831203870151
FN3KRP	-1.75317763073667	0.187609208256722	0.591481249580705
PPCS	-0.044450072580613	0.889228779726823	0.966473454153978
WDR41	0.163805847941802	0.474044162726077	0.786172882079378
C17orf75	-0.0774523218089733	0.911370002451408	0.970825025677336
PLEKHA5	0.245580672274933	0.545673847787419	0.825163048439366
UPF2	-0.0699000112201524	0.822458872696961	0.94294715202794
XPO5	-0.347886488892062	0.179397140079579	0.581845095979385
CLSPN	-0.125985018435951	0.776984617602194	0.930618529024346
MYG1	-0.220501528568537	0.351940442925714	0.726897672783965
BCL2L12	-0.356914586857531	0.480237902248768	0.789710302095771
PLEKHA2	-0.209576855776071	0.371438528471922	0.738281529157478
CACYBP	-0.374984380205408	0.208387435386727	0.60690783576684
FANCE	0.398667942249315	0.290539120871443	0.672645395751867
PARVB	0.429371127518557	0.0992129463437176	0.472592000295749
NMRAL1	-0.442548387655496	0.128225027405829	0.508007146702636
SPC25	-0.598836380374756	0.0327411550740347	0.367449165721744
ETNK1	-0.54164925337577	0.287424117680663	0.670320125008471
EML4	-0.501486285223287	0.226557553625627	0.622401606428768
GLOD4	0.00487509858901092	0.980661694709609	0.993674110773852
TANC2	1.89191055516404	0.0787623232398868	0.44354439300639
MOV10	0.0155054447638783	0.960859590436228	0.988293632217146
GPN1	0.269199889687172	0.170616449301307	0.578440356197548
XAB2	-1.18306650708779	0.101116938612085	0.473534913545004
SRA1	-0.34925819494849	0.168732044544954	0.576215253783367
GOPC	0.127527852197048	0.50288835517471	0.801281790586698
SEPSECS	-0.35860332029857	0.11495947732525	0.490502619765356
CHMP1A	-0.901662978483508	0.0977006679181663	0.472069835502634
MYO10	0.779780961094168	0.013437857450836	0.280579658050735
WDR6	-0.366784166276823	0.127885778868935	0.5075595627505
TUFT1	0.834145588152403	0.0319240818715582	0.365199636270612
SH2D2A	-0.0192631765378835	0.960957728871739	0.988293632217146
RAB18	-0.390498436665261	0.507638283079158	0.804173777551995
PALMD	-0.175875728409149	0.37661599386213	0.740387140973211
SSU72	0.143036924189438	0.369582334331116	0.737368642199499
VTA1	0.105665569041022	0.705657601352772	0.902528500172549
MID1IP1	-0.0641832370288391	0.737306024493174	0.915131259826093
ENY2	0.314686055582865	0.689653487006975	0.897014510888202
EXOSC4	-0.0980044205630719	0.682250530571698	0.892956517468344
UBE2T	-0.236072609810908	0.209748662049866	0.60690783576684
NOP10	-0.991643837244297	0.0376275162257431	0.379873422005794
OSGEP	0.0843228333631671	0.733584447955995	0.912658092659057
DCP1A	-0.105208035834274	0.744922730607391	0.917665860238977
ACOT13	-0.687121429942437	0.0148767547538152	0.284588370729921
MED4	0.00598217794801315	0.989627619021725	0.995922462493734
RIC8A	0.971269894995068	0.00145095264036603	0.0924356897612494
LUC7L	0.180352215739404	0.592859743165724	0.851798591896814
LZTFL1	0.633643488753219	0.00912907267551176	0.2326339554208
TIGAR	0.0313556530846526	0.97542396764638	0.991251804305108
WASH6P	1.92519587618946	0.133409754622535	0.518682788093989
JADE2	0.0428637785046107	0.94628982458391	0.983002783760907
RTN4	0.321823789811639	0.233287363555444	0.627819962372445
HINT3	0.637654015130025	0.454629762168885	0.775108987030197
RPRD1B	0.272740563618463	0.25669933410883	0.648328119980949
PFDN4	-0.210019916208754	0.528470744254085	0.81573428990597
NIT2	-0.503793819690213	0.0486457238076196	0.398985030734214
AVEN	0.480773068633233	0.0514751697191995	0.398985030734214
EXOSC5	0.0707284007666757	0.704724677453457	0.902398064844582
EXOSC3	-1.48095261589772	0.0800016478061029	0.447002425279572
KIF13B	-0.820801974671848	0.114482250643204	0.490502619765356
XPNPEP1	-0.162812233018968	0.59728988775652	0.852703109793943
GPHN	-0.233699612261294	0.356894085757761	0.729241591080906
BIN3	0.483827525149479	0.0353220396912947	0.374147162389511
STARD7	0.648915033411097	0.254904123719519	0.647228022344404
BIRC6	-0.275202159129623	0.13347113862088	0.518682788093989
PDLIM7	0.542673421156969	0.0865333773469353	0.455711744507811
ACSS2	-1.18695415437409	0.0026218464307156	0.12747003370387
DDX21	-0.542875425830413	0.0874812786259517	0.455914421047802
SAR1A	-0.623330942630549	0.5571121071392	0.833962430222145
POLE4	-0.255348000815978	0.189423811219861	0.595677431878625
NANS	-0.132841870732406	0.606495487316708	0.856735040308358
SH3GLB2	0.508208188089704	0.0198127236919796	0.311159361567609
EIF2B3	-0.203161021260311	0.420109545576604	0.76257653815303
SH2B1	-0.972159545693323	0.142952361559834	0.533655253315036
CTPS2	-0.279500369026742	0.216695970462774	0.613556789930995
POLE3	-0.400720899112748	0.28700294419009	0.670320125008471
CHRAC1	-0.278653565303848	0.164289112458873	0.572147286084389
PRTFDC1	0.117466810372868	0.530656148538179	0.81573428990597
SMYD2	-1.90103481594749	0.0559669913044597	0.404443149809907
YAE1	-0.0580504754192575	0.769800545525645	0.926820793651763
SNRK	0.726311388476745	0.0664907709566041	0.415923241565814
STRN4	-0.113306957976555	0.700700768597579	0.901266084179261
AASDHPPT	-0.344367958438262	0.177016476703274	0.581845095979385
METTL5	-0.0338930034119365	0.897462415434451	0.968669567017442
UBQLN4	0.626147998519144	0.132609263298774	0.518682788093989
SNX15	-0.198661548170257	0.420191023458612	0.76257653815303
HEBP1	0.406889086199566	0.0611764147721509	0.412704158085212
VPS45	0.658730608701809	0.0761764126698231	0.436390457077514
PNO1	-0.746073149440743	0.158995983792199	0.561117631434743
PHPT1	-0.353294628235137	0.16399127502337	0.571648831331466
ARHGAP35	-0.472388332236125	0.279199997846961	0.665215865708939
FAM114A2	-0.0633893148512925	0.853051154794379	0.95306287680245
LANCL2	-0.289159261648873	0.613910772730889	0.857262674549234
KIF15	-0.0991594069742767	0.591413285163391	0.851798591896814
HOMER3	-0.316365069368445	0.374061802942914	0.740380167843881
FARSB	0.252348191618331	0.389334694528884	0.747000445881874
SLX9	0.0542101939607029	0.827904401741938	0.944561209255849
KLC4	0.556642292156887	0.0521839765021204	0.398985030734214
DIAPH3	-0.494216942735157	0.0529179273361702	0.398985030734214
ATG3	-0.0433916846322759	0.88157855944916	0.962882878263271
SMC4	-1.89566705169129	0.00399257535680427	0.165583078270264
OLA1	-0.677323272430435	0.0627502059564037	0.412704158085212
CUTC	0.148517990257005	0.449288374911761	0.77443412077674
ECHDC1	0.389050024947931	0.0491251759488031	0.398985030734214
RBM12	0.366264811387857	0.446847121594781	0.774347762805493
PDRG1	0.921093019644857	0.0462218173134511	0.398985030734214
TCP11L1	0.125841079360615	0.735579606728599	0.913422628593627
STAU2	-1.19856317454018	0.0526192814665257	0.398985030734214
BLOC1S4	-0.435384858184285	0.144920305760798	0.537412311447311
LIN7C	-0.941690543683158	0.347450329379447	0.720847258313901
TXLNG	0.252010317980456	0.529898437810818	0.81573428990597
SPATS2L	0.215504586543641	0.403612643477437	0.753602980228853
ABCF3	0.261351867656757	0.496576640297037	0.799847727069551
CYRIB	0.420985082789933	0.0492174893695029	0.398985030734214
AP5S1	-0.33609597492649	0.732708561929086	0.912182660487862
DDX19A	0.0354459173698558	0.860156414334524	0.9539353977919
TDP1	0.706496099346747	0.0563289295243069	0.404918391346058
TBC1D23	0.460296699567195	0.169910105985469	0.577569311514541
DCAF13	0.944560679690653	0.0883189678046245	0.456433199922357
NUDT15	-0.359146898359086	0.174482233875284	0.581829130356674
EXOC1	0.891673667338765	0.263424431257019	0.654135264445354
INTS9	0.132145882378992	0.683880369708231	0.893563443353451
SEPTIN11	-0.24185186387507	0.559548235346115	0.835028566075886
PARVA	0.300673018918026	0.122754330144842	0.502406599313361
PANK4	-0.517336038346919	0.0513713736863763	0.398985030734214
TBC1D13	0.0629018075971501	0.822158078974434	0.94294715202794
INTS7	-0.265535172055891	0.466458257535888	0.78201599890885
FANCI	0.092898186850821	0.676980447985266	0.889876469336734
PRMT7	-0.0477219510218241	0.824194541726319	0.943778000942131
DNAJC17	-0.295768916970292	0.349168084372313	0.72319286533391
INTS13	-0.0156129072709206	0.945243362306826	0.982561630138693
RIC8B	-0.078855359099574	0.729287264344002	0.910377176267259
GNL3L	0.767650770329148	0.0565461136494088	0.404918391346058
ASF1B	0.144379989835706	0.453860926962619	0.775108987030197
FAIM	-0.0137379367336123	0.926970955317895	0.977977799353879
KLHL11	0.17438570504153	0.868347555843172	0.956759337693826
DNAAF2	-0.909013925851216	0.0039499445895997	0.165583078270264
PNPO	0.303008079706139	0.227854857510944	0.624152052849901
ARMC1	0.47780455811704	0.0509769576911775	0.398985030734214
HAUS2	-0.380870769936525	0.595750653473318	0.851798591896814
NLE1	-0.0775704747065511	0.734294052726205	0.912877596539339
KBTBD4	-0.922797506178078	0.000506062240523682	0.0479136849721139
NECAP2	-0.181801936230151	0.752481739876358	0.920643162786728
POLR3B	0.923083671101114	0.0405759686027785	0.386333431670243
RBM28	-0.00359397580276166	0.997114187211256	0.998194776956269
RBM22	0.665823645747711	0.00883583812779652	0.226748499795603
BSDC1	-0.053835187482548	0.868463009100161	0.956759337693826
GPATCH2	0.0592049103681695	0.766879776681985	0.925112887639547
WDR70	0.116431022815721	0.607245985421323	0.856735040308358
ASNSD1	-0.2896884399016	0.676231381501495	0.889212041995373
CUEDC1	-0.717161472669389	0.147128070977927	0.541472332931712
C14orf119	0.167490846004839	0.472920732131469	0.785186239026303
PIH1D1	0.0857154470969448	0.674621101028935	0.88874267672812
HIF1AN	0.431913664263792	0.062845116705486	0.412704158085212
GID8	-0.296767889010447	0.164831927657376	0.572419147268801
BABAM1	0.0263939438335186	0.889060082840057	0.966473454153978
ASB6	0.0723081165739181	0.707519365862784	0.902901467883624
HPF1	-0.219314959037934	0.242767382526816	0.639421564836833
IRAK4	-0.25715082685959	0.3683059986832	0.736809808868267
UCKL1	-0.423889891780043	0.0992996631411029	0.472592000295749
TXNL4B	-0.489353963214803	0.0863311704360247	0.45570524965873
COMMD8	0.018921591746988	0.947342225190814	0.983592619274232
ADPRS	0.29165624413876	0.148789111198886	0.545412466150678
HYPK	0.00283497158881119	0.988179948423908	0.995922462493734
DUS2	0.00993202398237614	0.96909193564067	0.990509489718706
SIRT5	0.542733609627707	0.0314666767746691	0.361748447990678
MIOS	-0.299587961163862	0.639120623464954	0.867579244563925
DCAF16	0.471721806378859	0.0894451741988722	0.457657238252009
THUMPD1	-0.468644338032263	0.199182300683088	0.603979976275839
TRMT1	0.467682520376066	0.0884037365685662	0.456433199922357
FBXL12	-0.417260215740157	0.0532089962500707	0.398985030734214
GDAP2	-0.555657632488746	0.146202459774706	0.539678410457082
NDE1	-1.77778872584047	0.0262025685059332	0.344196459412973
BABAM2	-0.0351837915028597	0.858432015148473	0.953409786425665
GAR1	0.447692232696539	0.157621502141048	0.55947305515002
PPP4R2	0.00535720062086398	0.990108484323302	0.995922462493734
DPP3	-0.351878095020229	0.061762506088905	0.412704158085212
DDX56	-0.090335315396711	0.909225246936405	0.970700535130026
SPHK1	-0.218479227785132	0.279588698090929	0.665215865708939
TERF2IP	0.0551394299592971	0.730308175712959	0.910521487353834
ABI2	0.1708036393958	0.369946649282091	0.737525992762241
UTP6	-0.554845805750801	0.30082675198908	0.679850060305596
COA4	-0.448439109126653	0.204025148474573	0.604086405817586
TAB2	-0.426623880765916	0.667988757989736	0.884349143952731
MAP3K20	-2.20680401770076	0.134809613947684	0.520008384149842
TMOD3	0.507908097714335	0.104605923657646	0.474874751362697
NKIRAS2	-0.198397114515664	0.433924857322912	0.768717327221367
RRN3	-0.46884846290159	0.110378214476434	0.485554820821522
GTSE1	1.7087466186687	0.181039430216845	0.58224580509574
UBAP1	-0.0673516536502916	0.822494904191083	0.94294715202794
ACTR10	-0.0121180067748092	0.966490539995208	0.990095412408741
C9orf78	-0.0785793685591365	0.773001965892129	0.928835152749843
FAM120A	-0.279140191786496	0.347178963143261	0.720688915064241
GLTP	-0.628493943371893	0.0254405410509652	0.339360285860349
SPG21	-0.891190385843053	0.041425223977694	0.387509373664758
UBP1	0.334053364548524	0.257480800569349	0.648883717851436
IGF2BP1	0.561109523351565	0.0156822357833851	0.288287866764219
DTL	0.42309016307231	0.258324208108109	0.648883717851436
HSPBP1	0.176067820221892	0.449496151493483	0.77443412077674
MAT2B	-0.109490879441406	0.53206738343243	0.816779801322322
MYOF	-1.60279316293023	0.0416796163875396	0.387924893077982
EHD2	-0.0972324141897403	0.74111554062747	0.916166585017899
NCKIPSD	-0.317378741507593	0.141533939048299	0.531471447950677
OGFR	0.336359257983332	0.050691688692447	0.398985030734214
PALS2	0.00381715401365312	0.988677627235947	0.995922462493734
CHMP5	-0.582820167904622	0.119751818766961	0.498077592200816
COMMD9	-0.658272328049112	0.0186120242168441	0.307015310184103
THYN1	0.00868299353425783	0.986508180010259	0.995922462493734
CRIPT	0.606114758131593	0.245762899028754	0.642670850609516
CCDC59	0.287745610686407	0.522933029539458	0.811558564825795
KCMF1	0.200401426686753	0.557593486824062	0.833962430222145
RAI14	-0.140714565226965	0.898130859067947	0.968669567017442
MARK1	-1.95474810378037	0.0504648913011187	0.398985030734214
RNF181	-0.0894443076978035	0.775477668737099	0.929416148551274
GMIP	1.48368947084011	0.0570101778875358	0.405252485497543
ABRACL	0.574250066983915	0.266472005249679	0.655535325830603
CALCOCO1	-0.120788413902602	0.862692459816807	0.9539353977919
NHSL3	0.266978785403605	0.459754180459422	0.779028501211029
ARHGAP23	0.430508230169941	0.357079935976526	0.729241591080906
NYAP2	-1.8665590922865	0.125000526524872	0.503047399932446
RCC2	-0.0457806218024643	0.778338222575459	0.931937696829656
RELCH	0.358887025349009	0.27352339973677	0.659400293639681
DIP2B	0.110142847371073	0.638220345127541	0.867579244563925
SLAIN2	-0.24177537973322	0.484127801150894	0.790827685788043
BCCIP	-0.0664322028513276	0.792756974854541	0.935260862735481
STK26	-0.140555841239639	0.691412265039527	0.897014510888202
PTGFRN	0.451483177056119	0.438017138888572	0.77020307817295
CTTNBP2NL	0.353039173105966	0.176385141435555	0.581845095979385
IBTK	-0.738933548225962	0.190644441697307	0.596691905478358
HEATR5B	0.357608809647463	0.423911903260824	0.763368742878581
ZNFX1	0.329763377449098	0.510005322145522	0.804984906163052
RRBP1	0.030302840708174	0.898930723286875	0.968669567017442
CPSF2	-0.569975151962659	0.0820798268476316	0.450861999754227
LARS1	0.0515982557572769	0.783000129039297	0.933336253330782
KLHL42	0.465585982910195	0.103539183525663	0.474874751362697
EIF2AK4	0.378589084932926	0.458771888783474	0.779028501211029
KLHL13	-0.559321639310035	0.112936995127506	0.489217112539429
ANKFY1	-1.33106417882216	0.101242917916253	0.473534913545004
GMPR2	-0.245455504393895	0.293861395252661	0.677366098227438
IMPACT	0.0519722252660237	0.957523817811476	0.988161773878778
ATXN10	0.299282533592603	0.355500837214937	0.728549968668438
NCDN	0.263156303779937	0.269971682693493	0.656630517348678
EPS15L1	-0.697349547436083	0.126466649694029	0.506135213180225
ORC3	0.768880640658193	0.019276315185684	0.310242359320659
SAE1	-0.0924567488006716	0.650169033860164	0.87433044216615
COPG2	-0.349468695929758	0.317845951943486	0.694475176951341
PI4KB	-1.38546866296362	0.000324176383489698	0.037432241781076
COMMD3	0.0302076277063499	0.92110138136927	0.976605338352785
GNG12	-0.368649790126575	0.298550765721342	0.678493164602113
MTRR	0.718615138632707	0.014943158219628	0.284588370729921
UXT	0.265405922308556	0.358814386960774	0.730881565501687
SPAST	-0.352751656136252	0.121235120336539	0.501639159735175
METTL1	-0.130122153902512	0.506378941062436	0.804069697991277
VPS29	-0.0289546815165025	0.936001835086455	0.979901504052859
EIF3K	0.257941050936488	0.176403972864998	0.581845095979385
GRHPR	0.829319820075973	0.248437853428649	0.643981797105014
RPS6KB2	0.180648895551446	0.425584848801601	0.764398818852185
RNF14	0.277574672959346	0.345080250706212	0.71754165805259
UBA2	-0.39198732978214	0.091241657213039	0.462189799753012
CTNNAL1	0.0964079218281491	0.752006246406276	0.920643162786728
NXF1	0.395917455250967	0.195575195245409	0.602017602934305
PEF1	0.149655562809322	0.585421290294249	0.850621969184919
COPS7A	-0.0616245628622138	0.84841695335142	0.951989262870786
DNAJB4	-0.422034830345915	0.104229743234075	0.474874751362697
MALT1	-1.02652686103241	0.0696783417373241	0.422769498228372
STK17A	-1.15357256824028	0.0305192250181644	0.356074383368399
FTSJ1	-0.574312641344619	0.111504881259509	0.485554820821522
ADD3	0.29327557363554	0.282778989226806	0.666817345312742
CNOT8	-0.175166902613785	0.640550639635025	0.86824453905041
ABCF2	0.555034396905938	0.0165070867917281	0.291835816724571
TES	-0.405600459384658	0.150068586921862	0.549013295719089
TUBGCP4	0.846111973387696	0.206792885632137	0.604086405817586
ZC3H7B	-0.367304874424541	0.258230440195795	0.648883717851436
NDRG3	-0.140596387721597	0.473024240344398	0.785186239026303
ARMCX3	-0.599356540400009	0.0282757939732643	0.348325535499977
SWAP70	-0.246461509916774	0.268746433598017	0.656630517348678
NDOR1	-0.175203973864683	0.693809291167189	0.897473699507437
LIMA1	-1.72007901268169	1.07895853619013e-05	0.00284767985087324
SRP68	0.540619249117313	0.162563733880432	0.569358290699711
CHORDC1	0.0309583006892922	0.902331288245381	0.968669567017442
TBK1	0.738269215288511	0.0114757052772614	0.258553237801713
SEPTIN9	0.00998705964900637	0.956776260720432	0.988062684002794
UBQLN2	0.518213613389221	0.0741721729280762	0.432281039383662
DDX20	0.835310021706015	0.321733822227493	0.697656380945181
SHPK	-0.300000301498958	0.530724014325832	0.81573428990597
USP25	-0.336030843166157	0.252639285620145	0.646835814835334
BAIAP2L1	-1.03962647697145	0.287994865778384	0.670959034710673
SAP30BP	0.10628733317397	0.71658224264819	0.905530569967531
ZNHIT2	0.59778853787142	0.0176599196674353	0.303504200796155
PFDN2	0.27086102206701	0.280173043301141	0.666177216858246
PUF60	-0.338862312100339	0.0630582157627534	0.412704158085212
NRBP1	0.256523326904961	0.266242983295328	0.655535325830603
ENOPH1	0.0695104096218309	0.789972448198528	0.934660672063776
EIF2B4	0.36297970478812	0.128901361050098	0.509401635379797
ATP6V1H	-0.585202373487519	0.0641691822373737	0.41346506181585
IPO11	0.309938278822671	0.178096299066082	0.581845095979385
TRMT112	-0.229845005237411	0.279336234595087	0.665215865708939
XPO7	-0.531208109166272	0.0508171812041819	0.398985030734214
LCMT1	-0.0468529839275504	0.794101345097381	0.935592793800135
VPS51	0.485569060216989	0.184670348585437	0.586901144833445
FKBPL	0.0299427279370441	0.899061379205824	0.968669567017442
CNOT7	0.262728446845152	0.2455210874185	0.642493213889064
RABGEF1	1.58531728586792	0.087374766206157	0.455914421047802
NAGK	0.338278993095265	0.216630973235573	0.613556789930995
TRMT6	-0.465248974457566	0.413741138789903	0.760328672233725
HOOK1	-0.501860486326997	0.41316220779005	0.760276074593743
SH3BGRL2	-0.168867049662481	0.478379351739775	0.788786558815924
RASAL2	0.601208731374776	0.284565676624883	0.666817345312742
TSR3	-0.287940345436287	0.449570976723581	0.77443412077674
DBNL	0.493089859216397	0.0200274737213734	0.311159361567609
DCTN4	-1.11431421187257	0.0103553363863282	0.247218373816332
CDC23	-0.46944938598466	0.231241496551598	0.626156641462847
ANAPC7	0.23432022348933	0.331105568320344	0.708575114581629
ANAPC5	-0.0897705610519459	0.787018958270421	0.934660672063776
ANAPC4	-0.396999736997969	0.193580068881038	0.600569567183404
ANAPC2	-0.0211042078758013	0.968196445982436	0.990095412408741
GGA2	-0.518250760137541	0.0136048921060534	0.280579658050735
GGA1	-0.577264018797624	0.05062988282973	0.398985030734214
VPS28	-0.016626700187004	0.939246579747999	0.980648802534291
LSM7	0.0784165189819603	0.871729272944561	0.958923728710461
DBR1	-0.0251978676779387	0.964004735349221	0.989443749198714
JPT1	-0.544278189803972	0.514328014326325	0.806639224505845
FBXO3	-0.346247496248253	0.0993786154884431	0.472592000295749
AKAP11	-0.612124633597915	0.437765031257821	0.77020307817295
DNAJC12	0.189841738260871	0.751597584184155	0.920643162786728
MRTO4	-0.0381470545081584	0.878762855243665	0.962090501143097
CPSF3	0.467287383805392	0.16867517627195	0.576215253783367
APPL1	0.0553962703585569	0.811692460340667	0.939683660322203
PARP4	-0.0862988186986584	0.898963358236589	0.968669567017442
NUDT5	-0.237328985842826	0.197379204459015	0.603979976275839
RCOR1	1.39236722123375	0.135172378596582	0.520008384149842
GTF3C4	0.850621253432511	0.0145833363038145	0.284588370729921
PACSIN3	0.525515556389649	0.025127576167283	0.339360285860349
FBXO4	0.224801905084902	0.466934173607334	0.782458853278503
ACIN1	-0.237514520301175	0.52961429155055	0.81573428990597
AGO2	1.00676331307128	0.314031284489736	0.69137718622583
NUP50	0.0974032024191125	0.74074542276277	0.916166585017899
CDV3	0.187877150449058	0.445867184221589	0.773464434600362
BAG5	0.217184732653678	0.377721785359097	0.740807853981881
RAB21	-0.148826973272907	0.724591802629537	0.908197663065176
RAB22A	0.185808001912854	0.629156428127276	0.865487339206904
TRAPPC2L	-0.485923837184473	0.0422300428395645	0.390796767814568
BLOC1S6	0.410046772552132	0.367794265632575	0.736585263692338
PSME2	0.24441740937738	0.467898165206095	0.783008931357119
MKLN1	0.184627187542006	0.725284073182152	0.908592110320774
DNPEP	-0.208075284440294	0.221228349671447	0.619741282817282
MCTS1	-0.131908464452749	0.575297496700282	0.844882452427481
MRTFB	0.597416890454724	0.0449194430556275	0.398985030734214
ANKRD50	-0.835708574338604	0.0948526792339115	0.467069796992223
TBC1D24	-0.540414391162194	0.0867348751810096	0.455711744507811
ISY1	0.465973481147216	0.211826525413618	0.608373473406857
HECTD1	-0.180076786817736	0.391506651816432	0.748379243901561
MYO5B	-0.21187911640493	0.497106016310874	0.800003931365988
NOB1	0.104165370782376	0.589355737526639	0.850809536616637
AKAP8L	0.0409942700044361	0.897201830396003	0.968669567017442
MYO6	0.425645743132083	0.131339127143852	0.515976623066322
DDX19B	-0.214046663227787	0.297946387538992	0.678493164602113
PRPF19	0.103658456730798	0.622115438936555	0.862557803703778
UBQLN1	-0.610249620602321	0.0902044899321435	0.458528452816335
SUFU	-1.06763682270226	0.0415494001309669	0.387689478494755
NOL7	0.693574185090156	0.0664624220919439	0.415923241565814
SNX12	-0.639529520145366	0.0067063698239756	0.210007710377038
SYNRG	0.35866183206717	0.453699961566126	0.775108987030197
NDRG2	0.0538435791966059	0.825007562393257	0.943778000942131
VPS4A	-0.286776912652492	0.302943680448429	0.682097256574613
G3BP2	-0.505570566779227	0.0653487996504727	0.414945070765468
STUB1	-0.519180726206855	0.0885254664958168	0.456433199922357
PACSIN2	0.428418773955592	0.153575760247867	0.553288390128321
MAGED2	-0.0462178996403502	0.829347450503185	0.944561209255849
SNX7	-0.608014754731538	0.59229551289164	0.851798591896814
SNX6	0.0748120744190572	0.67052590715743	0.886754913008842
DUSP12	-0.00618452558441263	0.975210410848234	0.991251804305108
PSMD13	0.202684631536801	0.260893577782567	0.65013169032198
FAF1	0.288128712344221	0.181417908607006	0.582491858109763
PROCR	0.0229893341362519	0.973054730550729	0.991251804305108
PPIE	0.110912732040099	0.613035133094537	0.857262674549234
TIMELESS	-0.0797552962727863	0.678952711404395	0.890252047068574
COPS3	0.327701012742509	0.181654201276364	0.582491858109763
NSFL1C	-0.193738196835888	0.360544573540242	0.731582756304884
COG5	0.0708930402599428	0.74039491880378	0.916166585017899
AP4E1	-0.357710706534203	0.539816241791728	0.821006415930183
MACF1	0.547587235419439	0.520318775960922	0.811558564825795
CEP131	0.645364165437556	0.0575183065451301	0.405252485497543
PPP6R1	-0.225445297901036	0.44456737174485	0.773453728671088
TRIM33	0.373562884555771	0.377540245251749	0.740807853981881
LIMCH1	-0.506362136368473	0.0595566882013395	0.410563363626771
EXOC7	0.608288168285704	0.0234034153986056	0.327559166279725
USP24	-0.0326142239414935	0.890357390995236	0.966473454153978
TBC1D2B	0.321569803763065	0.205962548455937	0.604086405817586
AGTPBP1	0.537241618561161	0.203167329610899	0.604086405817586
DICER1	0.314288657006117	0.455888232487626	0.776270515687455
HPS5	0.664403366622526	0.578687323240029	0.846161321476814
SHOC2	-0.0245233644382168	0.910329058022617	0.970754940661925
SRRM2	0.770840660078719	0.069404508962621	0.422573940376617
PA2G4	0.438583825239302	0.0344798536987393	0.373617074807683
BAIAP2	0.601525077328979	0.123771068610674	0.502406599313361
SMC3	-0.404931620951555	0.100305080615334	0.473534913545004
CHMP2B	0.102877527959954	0.764690078436961	0.923917885497695
GNE	0.00729083322558211	0.973182805894384	0.991251804305108
RTRAF	-0.120074467089616	0.638733544621336	0.867579244563925
RUVBL2	-0.0769160271470248	0.660070346432662	0.879221315814234
PIN4	0.783912703148218	0.00869700347217588	0.226305829786548
POMP	0.266426608871612	0.28427329763977	0.666817345312742
GINS2	0.283653967438838	0.242931718291231	0.639421564836833
EIF3L	-0.0262283047197656	0.88125450908524	0.962854348781851
PLAA	0.201658363874635	0.637854960142669	0.867579244563925
RUVBL1	0.375399249759965	0.13774996966784	0.525269492180257
NUDC	-0.345963606132123	0.119050289495384	0.497449692182719
CFL2	-0.162623847621745	0.429922999622112	0.765942856125219
FARSA	0.151214553361715	0.532952108394763	0.817798189584157
ASF1A	-0.450930405012276	0.0577328431386993	0.405252485497543
DRG1	0.442200968130798	0.0871754067959326	0.455914421047802
TRAPPC4	-0.107168050416867	0.629966404763853	0.865487339206904
NCKAP1	0.231262363119772	0.418978659027873	0.76257653815303
CNPY2	0.565185576542618	0.0565087950242069	0.404918391346058
EXOC6B	0.403052473870588	0.0509399354630982	0.398985030734214
PALM2AKAP2	-0.445306793285557	0.621144859088873	0.862392881679217
DLGAP4	-0.0877583702351465	0.636930456305533	0.867474395889769
STK38L	-0.493917072657236	0.0148018550168447	0.284588370729921
NISCH	0.117379693800775	0.659910546034185	0.879221315814234
PIKFYVE	0.164237300482394	0.721638979111348	0.905725552926777
AMOTL2	-0.42636711356489	0.365577937500581	0.735368947495245
DIS3	-0.0344787202884618	0.849168978626651	0.952254742344605
MRPS28	-0.559094924394699	0.142330019359281	0.532901643255528
AP3M1	-0.351673055666136	0.135067401291181	0.520008384149842
GDA	-0.113645938569135	0.593886781532753	0.851798591896814
MAP3K2	0.411566919596289	0.108809787129608	0.484040989168788
LEMD3	0.445266927379482	0.270383406572669	0.656630517348678
KLHDC2	-0.63121055789134	0.0180006485974067	0.304530240409334
CARHSP1	-0.13162456868768	0.721609363456578	0.905725552926777
COG6	-0.0594301231901539	0.787237440665217	0.934660672063776
THRAP3	-0.179027734239078	0.720770227087048	0.905725552926777
WBP11	-0.893815852117051	0.253698810911224	0.647228022344404
NOP58	-0.0148738509868487	0.952617389262763	0.98496190847771
GIT1	-1.21553018100621	0.198159299470238	0.603979976275839
ZNF281	1.26164155448858	0.0192800243536056	0.310242359320659
SUGT1	0.3592475068188	0.0837106100265129	0.45474090017365
AMDHD2	-0.131518316851746	0.699021802184312	0.900915791975052
AAR2	0.00300170534213606	0.992953120923888	0.996729633744571
NOSIP	0.17350650379251	0.592728295753735	0.851798591896814
DERA	0.0450455783922123	0.805733767682698	0.93828751074301
MEMO1	0.0964528991123146	0.634111178069163	0.866188836586157
LSM2	-0.372180862529028	0.294949280067478	0.677687689935838
SNX24	-0.0905955814777002	0.781627319796687	0.932853018943398
SH3GLB1	0.132570570067426	0.536612833862823	0.818655830356371
CAB39	-0.579568351910233	0.0365940636370278	0.374438732216729
LUC7L2	-0.159140027323804	0.475117649089759	0.786893641141488
MOB4	0.318606493927849	0.256286611069243	0.64831622709962
SBDS	-0.22154449676319	0.297468649504613	0.67848559254293
EXOSC1	-2.50904042941432	0.00634493496757741	0.210007710377038
SF3B6	-0.248862348717029	0.230991119626206	0.626156641462847
REXO2	-0.0318962241403362	0.923193313686963	0.976950505474834
RRP15	0.152010819602786	0.493691766044901	0.798914342660907
NOP16	0.661262221999817	0.0800863520585642	0.447002425279572
TPRKB	-0.370088558453261	0.241466440857151	0.637775304412855
PPIL1	0.475189163315111	0.0519406454273004	0.398985030734214
UFC1	-0.298828069070133	0.176888445368487	0.581845095979385
FIS1	0.120345288305465	0.566689290465337	0.838812049916804
AK6	-0.416417708056915	0.0858797968213725	0.45570524965873
GOLT1B	0.319808177709543	0.11150807317847	0.485554820821522
CHMP3	0.084181545373923	0.734840020023571	0.912990542699091
STRAP	-0.314105043530272	0.167791911102149	0.576199917771784
RTCB	0.063418822134345	0.666615994245197	0.883481384051652
FBXO7	-0.188118882050187	0.319654647670235	0.696007026011501
RAP2C	0.393929722704602	0.286175141789582	0.669675205137748
RABGAP1	0.461310318033576	0.105127888123054	0.474874751362697
TSC22D4	-0.111144886181204	0.62830584457201	0.865021236028151
R3HCC1	0.274119056779565	0.135118907505261	0.520008384149842
RPL36	-0.0192078652689247	0.954019311739919	0.985491013944367
CCDC9	-0.347133845582803	0.272857386368396	0.659400293639681
SAMHD1	-0.242811952548109	0.447690829734107	0.774347762805493
FAM32A	-0.413592364841179	0.123643015801981	0.502406599313361
PKP3	0.341350376273549	0.341169485764977	0.716669272257867
KNSTRN	0.173421214493267	0.558540467705275	0.83453579788556
HBS1L	-0.584519406839412	0.00804171618356602	0.223414596227643
PRKAB1	-0.0525687322850175	0.873849248274024	0.959896625105794
WDR45	-0.602121646602011	0.41882560818969	0.76257653815303
DMXL1	0.236314210005311	0.6021713688173	0.856107428926481
TLN1	0.270456788227726	0.205749230066254	0.604086405817586
KIF3A	-0.225719019031267	0.563744627961711	0.836137398357825
MTCL1	0.51371263608781	0.0351075108184257	0.374147162389511
DCAF1	-0.349940171285347	0.303317011151596	0.682097256574613
TCAF1	-0.311999473788326	0.1192062081216	0.497449692182719
WDR7	-0.141305539821953	0.846285288871758	0.950701556046192
USP15	-0.671995920034693	0.00534275820632295	0.197716949762468
CEP170B	0.837229738597088	0.0159693253614615	0.289248319659806
TLN2	0.54091185107244	0.0672651042661108	0.417387533433617
RAPGEF2	-0.0267714864539208	0.961107052241598	0.988293632217146
IRS2	-0.121437606672522	0.705267961778198	0.902398064844582
TRAF6	1.91147249898962	0.028937230685528	0.352721590695764
HYOU1	0.279277188024984	0.232927841767725	0.627819962372445
ATG4B	-0.227947198171112	0.368870987957282	0.73711653475613
TELO2	-0.14275318992328	0.438953569824187	0.77020307817295
MMACHC	-0.288483234370151	0.477695533490832	0.78833630917759
LAS1L	-0.543873696460803	0.133209310654902	0.518682788093989
ARIH1	-0.122634193460996	0.507595873175937	0.804173777551995
LSM5	-0.293992964354636	0.272713304445656	0.659400293639681
LSM4	0.219723192002657	0.508154053347879	0.804177514279641
RNF114	0.516246626735533	0.0315244926259806	0.361748447990678
PRRC2C	0.461980865002552	0.111322432503283	0.485554820821522
POLR3H	-1.99203986044638	0.136683307083733	0.523362507434604
IFT25	-0.541218329087812	0.0522888022056012	0.398985030734214
PPME1	-0.282247108396767	0.173090041727075	0.579570464025289
ASB3	-0.401842615797872	0.376134571460843	0.740387140973211
RBM7	0.346558122850269	0.330084158285446	0.707681386375994
AP4S1	0.72629074945965	0.0660253318198232	0.415923241565814
KCTD3	-0.547453595147623	0.635948981647265	0.867049712184196
NUB1	-0.298593866077177	0.250352947345382	0.646204900553257
YTHDF2	0.12665821859941	0.701954469271724	0.901266084179261
NME7	-0.56770842724703	0.0673242137825265	0.417387533433617
SUPT16H	0.114490872435688	0.690113916954092	0.897014510888202
UCHL5	0.0860798480873051	0.689240294038058	0.897014510888202
CD2AP	0.845337149088834	0.0120309355601892	0.264802537999083
ATP6V1D	0.251353915587956	0.270108306715612	0.656630517348678
TNPO3	-0.646049631431595	0.0263249024456269	0.344196459412973
HEMK2	0.209087057179786	0.283764782257482	0.666817345312742
CERT1	-0.806946056916647	0.282972010519084	0.666817345312742
GMPPB	-0.335723535498467	0.143346801159044	0.533655253315036
GTF3C5	0.339090684702718	0.191300302283968	0.597510242552207
GTF3C3	2.47598067109209	0.0181568280403115	0.304530240409334
TRAPPC1	-0.366889161657141	0.165743075160104	0.57330558814152
CDC42BPB	1.56605464974666	0.173165302377245	0.579570464025289
USP16	0.808668596197009	0.00303948001815419	0.142236056970225
SNX5	-0.389632421364791	0.0942884486718741	0.467069796992223
FLVCR1	0.164294461102784	0.677631494701426	0.890252047068574
NUBP2	0.0312519054091496	0.846497461269816	0.950701556046192
HEBP2	0.0113865090807295	0.958471345013971	0.988293632217146
MRFAP1	-0.493864031450585	0.417464112273268	0.762119513265675
PUS1	0.231237384407997	0.313286124478169	0.69027562906788
FHOD1	-0.065503599600234	0.811962558700631	0.939683660322203
PSAT1	-0.280684764000078	0.162228228471743	0.568722300002933
KPTN	-0.474513321954703	0.284598482183723	0.666817345312742
COPG1	-0.262315380475972	0.270471352477588	0.656630517348678
CLIC4	0.289983967633937	0.114903769225963	0.490502619765356
CFAP20	-0.114394434654535	0.555436665560798	0.833129018812815
TACC3	-0.461628385942809	0.150516493884142	0.549021169695857
SAR1B	-0.669638062985442	0.495184810715049	0.799847727069551
ARFGEF2	-0.722279603712686	0.0276043953491808	0.34811686285059
ARFGEF1	0.263427869803746	0.228942315685433	0.624445584377045
MAD1L1	-0.640385996798205	0.0747010027527712	0.433312723974081
STK24	-0.0246634190153046	0.936145035323613	0.979901504052859
BZW2	0.242298506888158	0.463693913536631	0.780924799689085
COMMD10	-0.065563463062297	0.81645556133678	0.941868029703216
DYNC1LI1	0.573030020179402	0.046578323490599	0.398985030734214
EPN1	0.14845497385177	0.454074036805018	0.775108987030197
OAS3	0.301390576992802	0.312992143821288	0.69027562906788
IKBKG	-0.252708139810753	0.29730338747449	0.67848559254293
NCOA3	0.307389708499109	0.123399610490426	0.502406599313361
NUMBL	-0.297890480357427	0.210371372243188	0.607282984717639
DDX49	-0.245659038733699	0.447597439954633	0.774347762805493
CAPN7	0.040091112177727	0.807559263464556	0.938308517016987
WASF2	1.50019176874342	0.00258429257343293	0.12747003370387
IVNS1ABP	-0.0654871257741476	0.694792421053948	0.897473699507437
SEC23IP	0.0152268848226136	0.942875198761176	0.982125055590022
ANXA2P2	0.95488668897119	0.0254391741967052	0.339360285860349
AP4M1	0.217255842859572	0.449991322349938	0.77443412077674
EML1	1.06151359474633	0.0154924047351877	0.288287866764219
THAP12	-1.62555001448457	0.169417201170953	0.577263182151638
FOXO3	0.744061762392757	0.0130787386051863	0.277735282449214
EVI5	0.227266996724417	0.505910422048883	0.803671113271979
N4BP1	-0.186351357952027	0.412112116415399	0.759099835570737
RNF40	0.148243985695416	0.451480923115073	0.775108987030197
ULK1	-1.21045957355646	0.0453656093830837	0.398985030734214
ARL6IP5	0.634633019619226	0.0475551247138528	0.398985030734214
RSL1D1	-0.10228077768982	0.764649812015444	0.923917885497695
PHF14	-1.06016752867952	0.0253381326297908	0.339360285860349
TOX	-1.02580122318586	0.00472837777522135	0.181993290410863
POP4	-0.408488321156902	0.0855703773469099	0.45570524965873
NUDT14	0.112324330819288	0.795499848277663	0.935592793800135
GLUD1	0.608736529090073	0.385938815973636	0.745800747199375
GNAI3	0.849373050106902	0.0359363725443153	0.374147162389511
JMJD7	-0.595724662816817	0.42295316772637	0.763368742878581
UBB	0.810000367493679	0.691713373331739	0.897014510888202
RALA	-0.982827666339588	0.0366838487313818	0.374438732216729
ALAD	0.0620010255101171	0.837021726460946	0.946967323721125
CREB1	0.0602285764239667	0.897649185686375	0.968669567017442
PLCG2	-1.56064523914053	0.000518435804180608	0.0479136849721139
XRCC1	0.286060555412504	0.362926154066741	0.733595262186329
ATP2B1	-0.0918440626322798	0.936674455294912	0.979901504052859
RAB6A	-0.344198170132874	0.764244994785833	0.923917885497695
CDK11A	-0.145222000985306	0.529286687589058	0.81573428990597
APC	1.57365892250305	0.01062563381932	0.247218373816332
PSMB6	-0.17164256024008	0.269326453172945	0.656630517348678
S100A2	-0.222942409157646	0.468250939131074	0.78324455413731
ARRB2	-0.212004640233168	0.606693938369055	0.856735040308358
GBP1	0.422068853569037	0.407249632673177	0.755415357794875
PHB1	-1.37438421386977	0.000676755382400042	0.0568320713174581
POLR2I	0.335795431103911	0.270197473744236	0.656630517348678
ANP32A	0.124695885067641	0.929083011477708	0.977977799353879
MDH2	-0.566219348948891	0.323456827233954	0.699749986317013
KDM5C	1.6890030442377	0.00222063207411165	0.118916456722356
MAP2K4	0.0873035197773717	0.798975780325771	0.936796717396242
MAP1A	-0.477841857314246	0.0692539773545497	0.422573940376617
HNMT	-1.03510335550664	0.00733179827838646	0.210007710377038
HLCS	0.0932880397430154	0.829652804375285	0.944561209255849
HSD17B4	1.30904769581114	0.0579421754740739	0.405252485497543
CCNH	-2.49428364053399	9.01562555500171e-05	0.015142152920787
KPNA1	-0.111687283240361	0.885142623564915	0.965064028938436
PMS1	-0.528079024078295	0.203776596700802	0.604086405817586
GNAI1	-0.165515234183768	0.559152675589789	0.835028566075886
XIAP	-0.0717456208184473	0.788376859376477	0.934660672063776
TFAP4	-0.43542723067057	0.283332903972056	0.666817345312742
CALCOCO2	1.07343563251637	0.063106319165939	0.412704158085212
SRSF9	-1.05988136423262	0.0178600918257128	0.304530240409334
UNC119	0.968861987205941	0.000800229574707617	0.0642793104031445
NFYC	-0.417837626835485	0.342842891452868	0.717110180096661
DAG1	-0.206373868859021	0.738350430895324	0.915980502744859
KEAP1	-1.18671750336828	0.0472584692510797	0.398985030734214
DHX34	0.16614182347265	0.775146619111446	0.92932081687761
TFDP1	-0.373646776136468	0.524293759392832	0.812270625138999
HLTF	-0.00507760633052357	0.990253321558454	0.995922462493734
IRF3	-0.449512044357711	0.34229095324786	0.717110180096661
SAFB	-0.694987512445355	0.0738867039672363	0.432281039383662
NHERF2	0.811304677282187	0.259932164285234	0.65013169032198
PKN1	-0.841242055138395	0.470812012539068	0.784520203033952
CSRP2	-0.516656711824051	0.262075532523614	0.651661569767667
PUS10	-1.08627623057269	0.00989870283637314	0.243803407371052
LARP7	0.0603981200832706	0.821544773770374	0.94294715202794
HSP90AB3P	0.634461380373516	0.0405706397512288	0.386333431670243
CEP78	0.396010328619468	0.343558292564193	0.717110180096661
WIPI1	0.488832994745714	0.109515092542654	0.484040989168788
LDLRAP1	0.0578387031708196	0.746005672487356	0.917912407539387
UBAP2	0.991943132867217	0.0992358562477075	0.472592000295749
TMCO4	-0.640552121555075	0.0611448883260129	0.412704158085212
FBXW9	-0.166693067211412	0.632903905287194	0.866140714828216
RINT1	-1.1570492606259	0.00616745105839847	0.210007710377038
MZT2A	-0.0450392458144506	0.911727115972062	0.970825025677336
RFWD3	-0.441155470628647	0.0313860849334297	0.361748447990678
FIGNL1	1.00896382964601	0.26078952841851	0.65013169032198
ZC3H14	-2.41665475074117	0.0897751348403305	0.458175584578759
BLOC1S2	-0.969060597645527	0.00580706081203867	0.204353235242694
DHRS11	-0.863164495279758	0.0713460977362938	0.426453540281201
VPS13C	-0.137537914726011	0.652852252716106	0.874956821104909
TUBA1A	-4.77203878377195	0.0432130242855697	0.395228031522723
SH3BP5L	0.748348266279709	0.283814129898205	0.666817345312742
TRMT1L	0.578813858922576	0.133733331377945	0.518682788093989
PABIR2	-0.570429674528373	0.12572617761071	0.504406326027767
WAPL	0.329494361829287	0.451813417844034	0.775108987030197
IRF2BP2	0.0358773102753105	0.864276125108794	0.954272542173835
BCDIN3D	-0.0404846484375625	0.814867608987628	0.941505883430046
ZNF598	-1.85511101136174	0.0278441074356502	0.348325535499977
PACS2	1.42243428947689	0.212215497947338	0.608373473406857
SESTD1	-0.506310741123368	0.0515833936055536	0.398985030734214
RALGPS2	0.349450603597411	0.644649976586691	0.871882014453815
NCAPG2	0.627812876684118	0.0129570747846887	0.27674214641286
MIB1	0.960622646478569	0.0106401572372714	0.247218373816332
DHX40	0.732478316726027	0.150977589058401	0.54991885710339
RAVER1	-0.593304353923727	0.103193705795605	0.474874751362697
MIER1	-0.0366601172315768	0.907815801175814	0.970546991770612
MICALL1	-0.585447357712049	0.478395312126248	0.788786558815924
METTL25	-0.342383273616946	0.174896463881584	0.581845095979385
DDX55	0.606958253162734	0.0268807450733315	0.344876225854027
NANP	-1.14527343493888	0.0497429319960118	0.398985030734214
SMCR8	-5.11908632784629	0.00053283143932362	0.0480198089829458
PPIL4	0.34664339318519	0.147857823609423	0.543076201030635
HNRNPLL	-0.0023128215414232	0.996805430604397	0.998194776956269
DDB2	0.422337009255678	0.300030049377742	0.679712466248165
TBC1D5	0.420471504526112	0.49732314759071	0.800003931365988
NSMAF	0.17853475739604	0.54579120172823	0.825163048439366
DLG3	-0.00482114402674227	0.98925426385937	0.995922462493734
CORO2A	2.31890722422161	6.24744658509084e-05	0.0121496395431109
DVL3	0.226218888938419	0.500808143777522	0.800729593794004
SNX21	-1.78269438153458	0.0121108816960914	0.264802537999083
NT5C3B	-2.57035312506948	0.0714834017668617	0.426453540281201
LRRC59	-0.0257167697972633	0.928668551634365	0.977977799353879
ACD	0.0586175332232877	0.793566217902655	0.935592793800135
SLC7A6OS	0.416853212982542	0.0903934665606896	0.458796509535368
ELP4	0.359723556514687	0.804595396170134	0.93828751074301
HOOK2	-1.3947818325936	7.25527929482694e-05	0.0134041284971928
C8orf76	-0.889822421801135	0.0305481947301171	0.356074383368399
PRMT6	1.06268957829734	0.438745791424709	0.77020307817295
USP28	0.453476889160005	0.415148500918593	0.760522414920279
FIZ1	-0.454012401592834	0.379821151111633	0.742560398601843
CRBN	1.16455459847644	0.0110302980140108	0.250042645164234
SMAD5	0.479046360628669	0.0768275240844664	0.438759971394286
NAPG	-1.20594840743816	0.0142898834296498	0.284588370729921
MYD88	0.454330701150038	0.117938862146552	0.49703041066384
PHAF1	0.0563329211376811	0.870241605415582	0.95786199940738
MSTO1	-0.888870356917405	0.0413249684699813	0.387509373664758
HTATIP2	-2.05532340439751	0.000151553700665346	0.0216413970816082
CARD14	-0.128278115868696	0.710245275689923	0.902901467883624
FRMD8	1.59464877541622	0.0200921223602717	0.311159361567609
AP5M1	4.79256165965727	1.07396708427082e-07	5.6690119662581e-05
ILRUN	0.0604092305214579	0.822312331531812	0.94294715202794
WDCP	3.78906652784235	0.0501934558533594	0.398985030734214
LDAH	0.417256781360376	0.124534584212916	0.502901954827021
GEMIN7	0.59330994660499	0.178951135629428	0.581845095979385
CAAP1	0.571717393821547	0.41993508302833	0.76257653815303
IPPK	0.132340142898364	0.605242672883298	0.856735040308358
TRIM36	0.2395703950226	0.453186926546659	0.775108987030197
HOXC10	-1.08895046242306	0.104000421172793	0.474874751362697
ARHGEF12	-0.496825739779307	0.156599135899338	0.557450681260168
LMCD1	2.33405420985888	0.0640986656344648	0.41346506181585
TBC1D7	-3.27381056105519	1.22474070212135e-08	1.1313542235846e-05
RPUSD1	-0.7702295366784	0.340565493856615	0.716214854752528
CNOT11	-0.0724562866826233	0.86668588599011	0.955941596636853
PPM1H	1.88249731313064	0.00662024121037507	0.210007710377038
RCL1	0.00430546396070852	0.991051113847472	0.995922462493734
ZNF330	1.39274703842669	0.0649554934266758	0.414945070765468
NOC2L	1.81730283223381	0.00839480606536635	0.225815513139313
SNX9	-0.696228793781458	0.0968581432328185	0.472009708272987
SNX8	-0.990406046174712	0.0651747762368877	0.414945070765468
GOLIM4	1.19756451661495	0.0623401212113811	0.412704158085212
SOCS2	0.27711801974187	0.474805372550537	0.786729081423424
PGRMC2	1.79616994296993	0.000841979719376893	0.0661939375127153
OIP5	-0.211486245547022	0.563911880029148	0.836137398357825
SLC16A7	-0.0241763389398031	0.947836080599589	0.983779302757158
RBBP9	0.0464379397869266	0.860672188846447	0.9539353977919
STAM2	0.264558637813991	0.447843347527832	0.774347762805493
RPP14	0.803519571166674	0.40488417031948	0.754258396894288
CD2BP2	0.507484523760418	0.117838750772813	0.49703041066384
SEC24B	0.130333112894142	0.480841791489334	0.790000186550951
CDC25B	-1.37423392579297	8.39769648390471e-05	0.0147759469085847
SHMT2	-0.242616593679216	0.329203925064274	0.707214245995636
GPX4	-0.646677681731969	0.22613983672727	0.621716292192903
TUFM	0.134684595256452	0.752809433238023	0.920643162786728
NUP153	0.514852165493313	0.261147072404473	0.650228054268549
CTBP2	0.159552859201437	0.611977222135517	0.857262674549234
RWDD2B	-0.950703147404681	0.153562602819398	0.553288390128321
DENND2B	0.569699653396533	0.102811277899432	0.474874751362697
CDK16	0.473265389326979	0.389934744887986	0.747000445881874
RELB	-0.105210869742248	0.614352249582239	0.857262674549234
SPIRE1	-1.14120372445746	0.00411478117982806	0.165583078270264
DMWD	-1.16000808283049	0.00397766184480616	0.165583078270264
ATCAY	-1.00741898249857	0.00655618373672925	0.210007710377038
TRIM32	0.0151429097372109	0.961293162549972	0.988293632217146
CBLB	-0.529674013498465	0.249005349739444	0.644310061125522
TRA2A	-0.13442970435478	0.788173983691357	0.934660672063776
BMS1	0.107584299071924	0.773281863738849	0.928835152749843
COBLL1	-0.146448831576578	0.755363055228345	0.921144055798262
ANKRD40	-1.36765517051391	0.0300495948555177	0.353609085959038
ZYG11A	-1.61423941718905	0.0399174807469481	0.38601135688761
MOB3B	-0.377861879375921	0.312444049562341	0.69027562906788
FCHSD1	1.06159172199119	0.0449913646852868	0.398985030734214
SMAP1	-0.584236256531369	0.11847419013258	0.49703041066384
LSM14A	0.561966440343156	0.312896554152114	0.69027562906788
SMARCC2	0.674518568473122	0.0470147945409721	0.398985030734214
WASF1	0.20438424390403	0.600553605857276	0.8554531895307
TAF15	-0.298343271940581	0.339549849127716	0.716111234711328
STARD4	0.383545129666722	0.181608027537002	0.582491858109763
ZC3HAV1L	0.0651765853919848	0.832751717004762	0.945784442477572
LRR1	-0.388405785177572	0.482408967219526	0.790115750831626
ARHGEF17	1.79376925103999	0.176067125509968	0.581845095979385
LYSMD1	-0.00234652532151713	0.992166288734087	0.996534364675553
CDC5L	-0.620738160610664	0.0383811749151456	0.383805228585082
ATXN2	0.468725704969629	0.0932997801520878	0.467069796992223
EBNA1BP2	0.399610119432236	0.400362661109576	0.75297529652629
CCDC28B	-0.0623540656787682	0.754658518950107	0.920643162786728
OSBPL11	0.61397301483052	0.288227481042525	0.671077846535683
OSBPL1A	1.55745277200956	0.0459001146775689	0.398985030734214
RACGAP1	0.490062142363666	0.264208021194588	0.654944745179356
CCDC86	-1.19997159908104	0.424139656056759	0.763368742878581
PLEKHF2	-0.362718741805502	0.0696797359732283	0.422769498228372
NCKAP5L	0.683119127388281	0.0296669229239752	0.353344430343761
TECR	-1.15514424451671	0.0395178958988857	0.38601135688761
CNOT2	0.492445587604458	0.103607506655292	0.474874751362697
CWC15	2.09576695190995	9.81016817797567e-05	0.0157602484424435
STK39	-2.38583150731626	0.00670925627266111	0.210007710377038
LIMD1	0.478449723612353	0.172687468447589	0.579570464025289
FBXO9	0.304370095196514	0.300235674648994	0.679761530531883
DIMT1	-0.0634987219449705	0.753570033942378	0.920643162786728
SSX2IP	0.677536161372267	0.073553443550576	0.431396783999013
WASHC3	-0.255015339890079	0.415052373682224	0.760522414920279
POU2F1	-0.236887687820094	0.33449287966459	0.713632207661578
TBP	-0.516515475144235	0.509708808698406	0.804984906163052
KIF23	0.0253910420541956	0.964821470756456	0.990007035391587
HSP90AA2P	-1.69989157025801	0.015872624738165	0.289248319659806
PRR27	-0.438350853546403	0.117566760517949	0.49703041066384
UBA3	-0.992653671425813	0.00706544862543359	0.210007710377038
LPIN2	0.518775256697985	0.479949361504377	0.789710302095771
EME1	0.876777592219195	0.0384324586133911	0.383805228585082
DDX27	-2.38697467292502	5.63077567796413e-05	0.0115587311833764
MTMR9	0.409442557902263	0.319263065328645	0.695564284427678
SIKE1	-0.143421132604338	0.855306224486313	0.95306287680245
BCAS3	-0.602368412728886	0.179076226427424	0.581845095979385
SIK3	0.652712715761975	0.0443800511666738	0.398108939705511
PES1	-0.227002915416723	0.62539131446021	0.863189796124191
KATNA1	-0.386996560308532	0.171035115307721	0.578440356197548
BUD31	1.86096482766005	0.0142465988978509	0.284588370729921
DNA2	1.33637719618609	0.0211371129141749	0.311159361567609
SMARCA4	-1.18161399775126	0.00141370938872572	0.091643091076167
ATP6V0D1	-0.332545216528285	0.318795365324155	0.695222281660658
FOXK2	-0.893736143877415	0.0118960200965239	0.264793941305155
VASN	-1.90742496716857	0.00355699377754818	0.156929573462869
APTX	2.71366490481666	5.35519511102391e-05	0.0115587311833764
CCDC50	-0.362581006454384	0.427282559687671	0.764926869208307
FHIP1B	-0.755821246928175	0.0949220375048807	0.467069796992223
CPSF7	-0.48052285687973	0.320454025042692	0.696106773975748
NECAP1	0.464693952199422	0.588012635842185	0.850809536616637
NCOA7	1.42101207751696	0.0715564803719472	0.426453540281201
TRAPPC12	-1.0062636674107	0.00727260945966517	0.210007710377038
PSPC1	-1.70710665992169	3.63117514289246e-06	0.00103209170407597
UHRF1	-0.282440491764472	0.303769029751559	0.682097256574613
NOC4L	-1.64199764226264	0.0217600128840241	0.314628628090065
CINP	-0.23174516226392	0.609554416229157	0.857262674549234
HYCC1	-0.0441333186177033	0.897294714951669	0.968669567017442
DOCK9	1.25722903539243	0.0535852229637312	0.399994745153509
MAF1	-3.66720645226665	1.64767323011488e-06	0.000507346048772873
WDR13	-0.886664673331971	0.00593288028191541	0.20681125133658
FBRSL1	1.30335187561738	0.00183760415716717	0.109515280011818
DROSHA	-1.52266905453605	0.0207476808667202	0.311159361567609
NARF	0.34766991865002	0.366194681968398	0.735774524128999
AGO1	-1.29749854305092	0.000308477417034152	0.0367685179335868
IFI44L	0.7728333459658	0.0544053533267244	0.400824448609114
GMEB2	-1.07113811282581	0.0249814658976052	0.339360285860349
ETHE1	0.841140070265638	0.0205414304547627	0.311159361567609
CDC42EP1	-0.255868965055626	0.308978764918411	0.686103687724475
MAVS	3.44794287404495	4.33091913957129e-08	2.66712437011932e-05
GTF3C6	-3.24335349440416	8.48726743957851e-07	0.000285095028993115
THOC3	-0.494413320336747	0.14223071161456	0.532901643255528
AHR	-1.00611196822933	0.000389362217399077	0.0423145115673408
ACTMAP	-0.182519737831541	0.75900945238953	0.922242659184253
CSDC2	0.442928116858006	0.2143445602315	0.610171918378578
PFKFB3	0.637567446897929	0.026087842761037	0.344196459412973
MOB2	-0.694179764298536	0.0241693905180112	0.334479018591952
COPRS	0.245368388656516	0.754703150224898	0.920643162786728
RTKN	0.180826906102389	0.465588874876796	0.781485926143294
TBCEL	-0.136808102807819	0.862607684707074	0.9539353977919
