gene	logFC	P_Value	BH
RBM47	0.547598920404088	0.094670586038299	0.57162874306059
UBA6	-1.7650158368016	0.138044829989434	0.62096769675782
BLTP3B	0.191876533170074	0.56759856019388	0.865014087428816
SHTN1	-0.708914567535032	0.215594035479253	0.693318671866713
SH3PXD2B	0.169032789545255	0.677622583047121	0.906815341677001
SBNO1	-0.46603921847441	0.242851457342456	0.703823957092988
WDR91	0.0695151894263972	0.88192571148397	0.97332404507937
CNOT1	0.0475289506624392	0.894497452079452	0.975768273652489
MAP1LC3B	0.488656424240901	0.182646693984525	0.669921103774655
FAM83G	0.0842818476317504	0.894995007513168	0.975768273652489
RIMOC1	-1.23123858630712	0.0155683399927484	0.340174556261495
UNC119B	0.0387010874845117	0.894006317566844	0.975768273652489
CCDC85C	0.0439943632119792	0.935151413639611	0.984118407658306
SAC3D1	-0.143632270621286	0.633281842697379	0.894409545349578
RTL8C	0.16244071610695	0.531466292062247	0.854056755374805
ZSWIM8	-0.515293277131903	0.26766626874765	0.715875152100146
SNRPG	0.527871587162043	0.0824953720858151	0.562089924310351
EIF3C	1.44631339395141	0.464851003068796	0.811522355531145
NACA	-2.37096930649016	0.115890026607178	0.602798332058062
RSMC	-0.235409769751922	0.288623303948954	0.725093491157769
ASDURF	-1.45460117218677	0.241725853379711	0.703823957092988
KIF2A	0.237402681543209	0.352949585005678	0.760376491538854
DDX39A	-2.28930333073198	0.150486369590402	0.638718351797896
PDLIM1	-1.46559342567803	0.000720993679253352	0.0605168981145377
ACOT7	-0.826751503201063	0.387847739454248	0.78098597018045
MYO1C	0.633989941670443	0.565462712394738	0.863880571936714
SNAP23	0.332115740466627	0.34153352365337	0.750952755398087
AIP	-0.168955736093192	0.579376371549762	0.866759840537911
GTPBP1	0.0742960160983799	0.782495208277066	0.942705789353054
STXBP3	0.460592844511204	0.293163233582691	0.729463766576235
SMAP	-0.966633305637835	0.0386218795190835	0.494146762527411
AP3B1	-0.0489934797718909	0.831017375064708	0.961306717951752
PSMD11	0.00626061043847415	0.980172792433045	0.993406488689762
PSMD12	-0.0531257524414848	0.855463489332658	0.96552575740393
PSMD9	-2.52331154566903	0.000162335994663956	0.020932507971524
SUPT5H	0.0404209419034522	0.923703860605526	0.980255575642583
DFFA	-0.099458179094988	0.707147932625159	0.910476320072509
CLIC1	-0.938273819301592	0.288129565060739	0.724299863784512
EIF3F	0.173267343789508	0.535465853634346	0.854476135649611
WASL	-0.0806265147204392	0.760627265794539	0.935165228278697
IPO5	-0.216797993224773	0.559910788176413	0.863880571936714
IGF2BP3	0.908661190995158	0.00874836114962783	0.283725258193612
DNM1L	-0.168198731819878	0.68321641727368	0.908620528843935
RTCA	0.337199521488593	0.27017655488013	0.717692911543341
PIK3C2A	-0.0305185587808197	0.911584786899845	0.977578775731021
IFRD1	0.236749276259804	0.534492258889166	0.854476135649611
PIK3R2	-0.0125973958455212	0.976902737944475	0.993187473464484
EXOC5	0.0778576281584265	0.740040273442059	0.926891258941879
PSMD14	-0.41319630950095	0.224149866208344	0.696758979257474
ZNF593	-0.38879223861996	0.325087401579501	0.744224153027723
BIN1	0.309981934621469	0.369342247987003	0.77054296473312
KPNA3	0.125610901232772	0.863482249009752	0.968531656653399
VWA5A	-0.491124248591905	0.249172994444882	0.705393357536013
PITPNM1	-0.45386536874399	0.233252227658002	0.697313398466417
DDX3X	0.293334325593833	0.269822719269751	0.717460286455778
PIR	-0.800551027346565	0.297233339700017	0.730992545228958
KPNA4	-0.414136153990853	0.531120211445468	0.85394314935582
NFIB	0.36350714501809	0.43853221343424	0.80364239962056
PPP6C	-0.26318141372785	0.50717269118847	0.835497347426233
PDXK	1.15392307075528	0.312751772190605	0.734910263048988
SCD	-0.200147087017072	0.720955641796837	0.917430005027841
TXNDC9	-0.630698529725848	0.353346985802868	0.760376491538854
UBFD1	-0.388218059601048	0.127000683169537	0.612829208724818
COPE	0.172506883467996	0.550361240721648	0.861496356021351
RFXANK	0.0776948970868716	0.815526454766228	0.958086924493474
EIF1AX	0.0942646033231362	0.736798359834199	0.926127998613976
AP3D1	0.129399989701103	0.5758222319297	0.866759840537911
ABLIM1	-0.525059466449484	0.084026969375623	0.564396138822547
CHD1	0.265945004220608	0.398252395712786	0.787001023029229
GOSR2	0.714298024550672	0.268856816729561	0.71637160065737
RIOK3	-2.34651989125245	3.85227702243351e-06	0.00149923617573071
MAP2K7	0.0712399258702447	0.797740079057081	0.950494093638565
PDCD5	-1.0002181805261	0.0730031158678542	0.547331591996994
PRMT5	-0.181719444077157	0.564887612722917	0.863880571936714
NHERF1	-0.38219595044059	0.129105920795395	0.614361469432021
CHEK1	-0.0284461746831042	0.909212436890585	0.977491526270722
TCERG1	0.119404924728414	0.656853681862442	0.903408601208454
NDC80	-0.141343827880419	0.55437532668073	0.863011190370984
UNC13B	-0.254195931767335	0.543022271283988	0.8578148868512
POLR3A	0.0228232290316512	0.95565924922143	0.988590725913015
TSPAN4	0.170476982475723	0.680181314562238	0.907685850262139
PSMA7	-0.0276094116462886	0.908866531783358	0.977491526270722
SCAMP3	-0.333836343037039	0.39925959219906	0.788290429933894
IFIT3	0.0870645905427558	0.910844631827757	0.977491526270722
GEMIN2	0.273138227374034	0.526108941163991	0.85135772229341
TAX1BP3	-0.883054854910611	0.0465758775606816	0.511259825223789
GIPC1	0.151571220928613	0.717014446569232	0.915510101748732
IKBKB	-0.369191815988987	0.419059541877465	0.796085160684037
HAT1	-0.850953991639482	0.0799540644980584	0.558324262617749
MYL12A	-0.209591353017821	0.686897451932787	0.909492386084926
HGS	0.278892691251158	0.314170624580377	0.736767259573062
AURKA	0.292983178367177	0.287629310268593	0.724299863784512
PPP1R12A	0.0817585516952626	0.744521027594832	0.927617729666321
GAK	0.274416078418366	0.365948555111747	0.768054038250732
HNRNPDL	2.01346004468219	0.062475029920471	0.544722590230742
XPO1	0.0296551149738349	0.895378706320294	0.975768273652489
BTAF1	-0.978046449900866	0.0661911506827121	0.544722590230742
ARHGEF10	-0.305735300070104	0.67656764534256	0.906586463017914
SPTBN2	0.449240942161307	0.240199474701584	0.703823957092988
SEC16A	-0.358710991819535	0.275013523047335	0.719131411179691
SYNJ2	0.464756889883393	0.462393550590841	0.810883761591436
KIF3B	0.273014919875948	0.305986592530669	0.733794905462472
PFAS	1.10572079480294	0.208339756795912	0.687135977537211
MCF2L	-0.689707409000945	0.181704244798748	0.668893211162157
ANKRD28	-0.85805749110478	0.0127889071119554	0.32876576162511
ARHGEF11	0.27877024188826	0.499280730404671	0.829374139650024
CHUK	-1.13044965725362	0.0957865517091307	0.572459568995773
LSM1	-0.131842875423089	0.574014439851316	0.866759840537911
ARPC1B	-0.455016917783965	0.114276379538669	0.601993131615572
ARPC2	-0.498284469264458	0.0446646317020305	0.50718644115754
ARPC3	-0.708566041459978	0.049931650211014	0.520428612671634
ZBTB7B	0.451909723034973	0.122076344839465	0.607684688671801
POLR1C	0.269466280845563	0.400093066220644	0.788290429933894
TRIM24	0.0654672167399077	0.847692578559407	0.96552575740393
PFDN6	-0.362229314398967	0.316212641875946	0.737753979176782
OGT	-0.661519647788769	0.248719638069719	0.705393357536013
POLR3G	-0.233751163889512	0.498190698598445	0.829188831905312
MID1	-0.177686213083227	0.424475901172115	0.797709101368668
HMGB3	0.206697378162687	0.455054931018669	0.806934072098587
PPM1G	-0.385674833156688	0.221105796756623	0.696758979257474
INPPL1	-0.524330422897179	0.490217167233317	0.825867416902052
FANCA	0.829042813251061	0.0284255174917177	0.457283506019946
EIF3D	0.326655794192412	0.233673947729554	0.697599839770027
EIF3H	-0.0401090837463727	0.896220708246108	0.975768273652489
IPO8	-0.383106986746743	0.436825929541438	0.801909007018394
SLC16A3	-0.0619476190674035	0.819469074271255	0.959296447075539
MAGEB2	-0.217341846762892	0.498073829363342	0.829188831905312
YKT6	-0.777714917117461	0.368161576384379	0.769654629900242
ARPC5	-1.2922921608858	0.0592069035165353	0.540436575595496
PDPK1	-0.469417888114776	0.0697159873059202	0.544722590230742
DHX15	-0.385002443619371	0.1761263959016	0.659088374873031
RNMT	0.040481356118832	0.849382844298793	0.96552575740393
TTI1	-0.663608303675634	0.0595242672335226	0.541026301542909
PRPF4	-0.312130472471033	0.202705554504857	0.682482623605129
PHGDH	-0.810088984296236	0.119944853772601	0.604307086641645
DYNC1LI2	-0.186113176185479	0.428059133826312	0.79837120079299
PSMD3	-0.390668953213144	0.252993953810686	0.705393357536013
ZW10	0.195788590018143	0.495076964252151	0.829188831905312
AP5Z1	0.420300168036132	0.581398043871608	0.866933133338333
PPIP5K2	0.354883701866065	0.18820646583522	0.67432603558699
EEF1E1	-0.0639363606536918	0.839461297206139	0.962521274636923
RIPK2	-2.15673231498892	2.53008318377404e-06	0.0011337667512232
WDR62	-1.99089483492998	0.000937082382697227	0.0703798189531023
HNRNPR	0.155545991591953	0.635482189230853	0.894982474303889
TXNL1	0.229356305478095	0.274607029251691	0.719131411179691
TPD52L2	-0.658137897466997	0.152840204935555	0.6397427990457
FIBP	0.217681580031964	0.470763376024826	0.814532023895215
EIF4G3	-0.268735501678915	0.639141157749739	0.895048510411067
PPIH	-0.276438793537732	0.475376244144187	0.818618544320702
EPB41L2	0.298863147624861	0.181746729497007	0.668893211162157
WIPF1	0.0661794488998275	0.829549074271713	0.961306717951752
AKAP10	0.2514237519189	0.51321816678314	0.839544123805358
DENR	0.0833756906358687	0.74498725725854	0.927928556393311
XPOT	-1.79083632307926	0.0180074477176019	0.36709468418597
TRAPPC3	-0.163340202371167	0.440835119190748	0.80475652694345
CHMP2A	-0.578931978957232	0.18723912794496	0.67432603558699
ZNF207	-0.173613335759796	0.593785311897185	0.873181278316401
GET3	-0.163204250123478	0.68319886339062	0.908620528843935
BUB1	0.158428815328616	0.823167090599492	0.961304407372603
BUB3	-0.092031323634906	0.707550455003184	0.910476320072509
ACTN4	0.182050731206463	0.426001266534781	0.798265745248768
BUD23	-0.142286556536	0.576598681629921	0.866759840537911
HTATSF1	0.409940753538617	0.2088370805709	0.688216023060547
TRAF3IP2	-0.650065211914008	0.0764489410434982	0.55283431859327
AP1G1	0.508375930317186	0.175305961877864	0.659088374873031
SGTA	-0.560625464778838	0.0535324203442501	0.530491415494756
NARS1	-0.531754785455451	0.271920822787675	0.719085622472263
MYO1B	0.672568944625279	0.304908198185699	0.733794905462472
NUDT21	0.483140360913488	0.113959168360808	0.601993131615572
LANCL1	-0.426743445865434	0.079203175380829	0.558324262617749
STRN	-0.195231694268582	0.611451927711879	0.883019484391418
RRP9	-0.433234979948089	0.0795799811903044	0.558324262617749
AKAP8	0.41498845933058	0.233095373896689	0.697313398466417
NRDC	-0.854877648693428	0.298378033044938	0.730992545228958
CALU	0.599279306726487	0.0954858190458413	0.572459568995773
AHCYL1	-0.402822728788827	0.25532911106252	0.707066134778811
ORC5	0.703249610431421	0.0152688179068324	0.338160593690087
PDE6D	-1.85435981426175	0.000386337621066	0.0359545946909466
DHX16	0.547456559799429	0.199179355248713	0.680651802705885
ZNRD2	-1.33542229338721	0.00020670254265723	0.0245803773643223
PRPSAP2	-0.280852533957777	0.408635487853891	0.792286468977584
SMARCA5	0.592857109329451	0.0400540160972791	0.497381342867134
SPAG9	-0.127572202105405	0.762571490113621	0.935795256803592
LCMT2	-0.342013787790144	0.504097495195637	0.832821998899829
AQR	-0.0275166608532622	0.914121001214366	0.977777231378392
KIF1B	-0.125372465401473	0.712305624780418	0.912168824314977
KDM1A	0.371191117842333	0.198011098075906	0.679021487722544
TBC1D4	0.0442647584955331	0.854872578912289	0.96552575740393
ACSL4	-0.198500357348035	0.466136466030192	0.811522355531145
SNX3	-0.305311474440536	0.29631177379395	0.730992545228958
OGA	-0.428909451402557	0.290295563016136	0.72511002347403
SORBS3	-0.130986691977466	0.619998276056386	0.885971044529064
SYNCRIP	0.486078978179656	0.108236885499554	0.597116117040709
RANBP6	-0.0143321805266297	0.96399217918682	0.989657180887103
NEMF	-0.0987490731420841	0.72301814612876	0.917657677797795
BUB1B	-0.221216608767662	0.35120277894728	0.759342978117831
PLOD3	2.04279533155182	0.0101510369726344	0.29799876338284
EIF4E2	0.183937515784546	0.450716996556737	0.806332325621789
DIAPH1	-0.185109586431935	0.592992388084733	0.873181278316401
EXOC3	0.602447068241617	0.0414180537839537	0.502881151822912
PLIN3	-0.645949087109006	0.249299847525671	0.705393357536013
RAD1	-0.140306758734052	0.663674164588513	0.904874449927716
PRMT3	0.0676812535539995	0.843230298457579	0.964689713441179
KPNA6	-0.23260597664116	0.345638545292024	0.755696758325862
UGDH	-1.50734940164087	0.273705231974158	0.719131411179691
CTNND1	0.261882253935816	0.244457447446241	0.703823957092988
EIF1	1.47778931135158	0.0948707273282772	0.572030399566697
SNX2	-0.0637607947768579	0.788031707331034	0.944689309843561
USO1	0.205930789096811	0.390812646414157	0.782539260663708
TOM1	-0.190222519326305	0.747972722163592	0.928645211952639
H2BC11	-0.88454894504736	0.360972307940835	0.765828966800843
PFKFB2	-0.68761752281268	0.311461020071907	0.734348023607838
CCDC22	0.0731613952444157	0.768890578151513	0.939060592158222
DKC1	0.216798815365376	0.541573481045897	0.857638051177289
EIF5B	-0.538348088379518	0.0445504578140375	0.50718644115754
EDF1	-0.202705090445587	0.542331336279307	0.857638051177289
DNAJA2	-0.0006828042656295	0.997977576933826	0.999144529198716
CUTA	-0.567681805061476	0.361466185845727	0.766057792874037
HUS1	-0.0326787236815882	0.902681345935743	0.976805661917324
SRGAP2	0.238102153600661	0.487389713641936	0.824420800747717
WDR1	0.00770952286148585	0.979231199425447	0.993406488689762
ROCK2	-0.25282467407569	0.333739641490313	0.748528859172489
CLASP2	0.187362943414101	0.53010963496299	0.85394314935582
COBL	0.547609657866861	0.159601780062539	0.647064323082098
CPNE3	-0.981135780712247	0.112116231028733	0.601993131615572
ATG13	-0.824434014479998	0.0575458094568072	0.535030611856517
CLUH	-0.356704615922705	0.352092349500378	0.760114648618819
PPP6R2	0.0866075405968658	0.817293993719968	0.958585092360324
CNOT3	0.247043740165921	0.436554287989309	0.801909007018394
ANKRD17	0.11346272348948	0.609921009106278	0.88251117299599
ZPR1	0.277025481457365	0.761208849084594	0.935611565584595
HMMR	-0.219531849561879	0.383017215900196	0.77784473494722
PDCD6	-0.143424829212744	0.701329453409297	0.910476320072509
TBCA	-1.0696448015967	0.13172323430879	0.616291984782436
ATP6V1G1	0.34609779146453	0.266164364051077	0.714014376277403
VPS4B	-2.13475850116776	0.0335058168476251	0.486115495122247
FLNB	0.27558858152462	0.378788955554112	0.775511964957988
NCOR1	-0.0498132251930059	0.924303781878297	0.98041241085753
TRIM3	-0.151065428335606	0.575856018249951	0.866759840537911
TULP3	-0.381359280526041	0.484245074014894	0.822904588425444
CS	0.284141969539608	0.575693742259332	0.866759840537911
SPAG7	-3.71113339222176	0.00574267874132989	0.247660963411422
SEC22B	0.428011758763738	0.125341842973819	0.612829208724818
CDC45	-0.255412172956632	0.34905633741597	0.758533086536938
VPS26A	-0.16185377655971	0.521875102397504	0.848195743457682
PSIP1	-0.137164223599918	0.660627611133141	0.904874449927716
GMNN	0.0738768757014476	0.811434864012298	0.955769828519835
HSBP1	-0.0299092067693891	0.887556669085242	0.974974443411107
BANF1	-0.518872189036873	0.332314834699343	0.748461444298966
SF3B1	0.384323763713677	0.230252489202189	0.697313398466417
CSDE1	0.150068530045765	0.697394165031538	0.910476320072509
PRKRA	0.700815834483741	0.399789351380292	0.788290429933894
CRCP	-0.168285943174968	0.6421265416161	0.895713171931744
RPS6KA5	0.307408808497268	0.542509869957256	0.857638051177289
MYCBP2	-0.3562545905394	0.285406784260865	0.723013523904459
NPM3	-0.137923565952718	0.668072146454173	0.905672023259241
SNRNP200	-0.186729782025818	0.578982673285031	0.866759840537911
TIPRL	-0.397647300025334	0.373748785428609	0.774180269143341
OFD1	0.114399185637399	0.753877506765602	0.931522148775168
TOM1L1	-0.2221739414972	0.406461907613685	0.791428108944015
RPS6KA4	-0.102016002450512	0.680847341112141	0.908134391679137
NUP155	-0.20372089962763	0.442801370684139	0.80475652694345
WDHD1	0.149316196277482	0.569917207024621	0.866104211314307
RNASEH2A	-0.662423887153683	0.126755874263729	0.612829208724818
CDC123	0.132208769111429	0.639828633998864	0.895425427312565
POP7	0.012844097151838	0.949160201285901	0.987883784112543
RPP40	0.00265691386392319	0.990583072608192	0.997372989137195
EIF3G	-0.109297988600197	0.667038031814533	0.905560300810477
EIF3J	-0.539712358469618	0.125504958509336	0.612829208724818
PSMD10	-0.267483513875518	0.561872304178863	0.863880571936714
AP1G2	0.106645263587019	0.645799336340818	0.897508898918763
IDH1	-0.63111698851322	0.3821059125461	0.77784473494722
BCAS2	-0.307292324466978	0.30687936053181	0.733794905462472
DCTN3	0.225539844356796	0.406703156608024	0.791428108944015
DNAJC8	-0.0981699447074185	0.78658417190357	0.944298048210651
TRIO	1.0812909354945	0.135750399966966	0.62096769675782
MPDZ	0.131632896883747	0.578309734840634	0.866759840537911
GLRX3	-1.02401240663706	0.152093856833572	0.6397427990457
SNCG	-0.522419039936182	0.34316948619177	0.753505569964675
SRP72	0.375354539540133	0.201510654214472	0.68220736958223
DDAH1	0.271586377120926	0.675958782007949	0.906586463017914
RECQL4	0.665860368740745	0.198854999713187	0.6804942076516
URI1	0.151126991367232	0.571433450928692	0.866759840537911
MTA2	0.0157204614405906	0.959595882115418	0.988590725913015
STK10	0.443188197485306	0.0588565425138492	0.540436575595496
LTN1	0.358613798534968	0.276122925222286	0.719131411179691
SEC24D	0.25788314598563	0.373733599298201	0.774180269143341
FCHSD2	0.408064068081991	0.176039082529261	0.659088374873031
UBXN7	-0.126384595773082	0.612660075650601	0.883652390144775
FRYL	-0.186034527270103	0.429553816616395	0.79837120079299
HAUS5	-0.116137520050675	0.656758964196102	0.903408601208454
FBXO21	-0.134767691101654	0.681319996580107	0.90826586964004
USP19	0.0547867258495138	0.874858331542323	0.970677774637743
WDR47	-2.26765674700505	0.000177141905587758	0.021666985652034
AP2A2	0.460906692678922	0.167596482536099	0.652907242547528
SEC31A	0.313941083017994	0.230148862583003	0.697313398466417
HEXIM1	-0.14553459935404	0.645202542262954	0.897508898918763
CCNB2	0.612010347651388	0.0993419333573913	0.580431198153247
UBR5	0.0043275364106421	0.987947473705959	0.996193644981704
AGFG2	3.39433062806319	1.23582461003812e-05	0.00311209715033717
UBE4B	-0.0749675233845153	0.727467622811921	0.920842369384339
ELP1	-0.430303419261961	0.243885146838139	0.703823957092988
GABARAP	0.153002139873145	0.61204440637102	0.88339922578366
ZRANB2	-1.25524205192919	0.0222640105135439	0.405901597738401
SNX4	-0.0686190276780145	0.899558443671812	0.976805661917324
ZWINT	-0.711981169361628	0.251253420962391	0.705393357536013
LUC7L3	0.408594454353775	0.27989534409556	0.721157643615108
KIF4A	0.151960030066771	0.507443490795292	0.835523063048722
SBF1	-0.800757432947034	0.203520377085019	0.683392581917859
SNAPIN	-0.146233039834556	0.680941695232429	0.908134391679137
PGLS	-0.916021366287371	0.40489898625322	0.791133071725256
SMC2	0.273168465596559	0.212624917147676	0.691640680291313
ATG7	-0.0668635699911064	0.86694147847048	0.969027798781234
TACC2	-0.0655907350115541	0.858231105123547	0.966865095008922
TRIM16	-0.195444385147258	0.856709210504226	0.965913123562969
IPO7	-0.382575386458122	0.271945718940106	0.719085622472263
TNFAIP8	-0.1137088664088	0.818693571253082	0.95865075999301
BAG4	0.0112013532938917	0.977179546421959	0.993187473464484
AHSA1	-0.930795509775376	0.159612222652346	0.647064323082098
PARN	0.113365049853325	0.664005869476103	0.904874449927716
PSMG1	-0.505170005853522	0.158862274936768	0.646509683397005
FMNL1	0.265675354003946	0.48994375588858	0.825867416902052
SEC24A	0.11892770292917	0.628834578150867	0.891412724969605
TDP2	-0.0102884289424239	0.976578517026376	0.993187473464484
POLR1A	0.352519516195674	0.524241012606087	0.850402739757917
PCNT	-0.00441633706999767	0.990770691182808	0.997372989137195
CNOT4	-0.406533508513199	0.130399962780954	0.614361469432021
STAMBP	-0.659646239077468	0.0426386249928551	0.507044315540035
EYA4	0.67939538640919	0.308335427640203	0.733794905462472
CEP43	-0.157737971633882	0.864034882643097	0.968560705052396
HERC2	0.135083725478907	0.738998655282724	0.926127998613976
SNAP29	-0.110336958393596	0.715084570446294	0.914256072456983
OXSR1	-0.494911073234721	0.143642308649551	0.628765565775796
LDOC1	-0.00737743702418925	0.978795421533036	0.993406488689762
HSPA4L	-0.76928908019779	0.124080730869944	0.611139040472587
PTBP3	0.259973561315697	0.371814684593362	0.7724465623594
LSM8	0.153873143866207	0.624872431243417	0.888435363053162
AP2A1	0.0159794896965337	0.958096335838977	0.988590725913015
STAU1	0.973139699495228	0.117330835243053	0.603657714049279
TTC4	-0.971963638869362	0.00459275920541439	0.216061562179989
BAG2	0.022559174733324	0.947072127279516	0.987838851550511
BAG3	-1.3858902471767	0.0135815102848078	0.32876576162511
CLIC3	0.327327150718734	0.247995942433081	0.705393357536013
GNA11	0.0989394368781511	0.729710510311802	0.922590281938815
DDAH2	-0.37861135450094	0.118736432014403	0.603657714049279
TXNDC12	-0.0676430339544822	0.921103317979537	0.979562939544027
ECD	-0.611833953657079	0.176008552641234	0.659088374873031
PTTG1	-0.275384352302481	0.306427478070209	0.733794905462472
ZBED1	0.623362561416648	0.0377451705057572	0.49264352114374
MOCS2	0.0379857562276023	0.94957397766513	0.987883784112543
PAK4	0.282057790351459	0.190176869556551	0.67432603558699
ACTL6A	0.450052661260944	0.18416790695082	0.67179914603353
LDHA	-0.969141342465068	0.280677554962457	0.722095667733537
GSR	-0.408775868443392	0.621259176784316	0.88652274393277
SOD1	-1.27678128528053	0.196533090816739	0.679021487722544
PNP	-0.821996824460847	0.358120631166782	0.764027012904483
HPRT1	-0.345881165369448	0.674128841266753	0.906586463017914
ABL1	-0.546054403512144	0.115865201210583	0.602798332058062
PGK1	-0.926851288600201	0.329878684893429	0.747829499718675
ASS1	-0.119073052306533	0.714900196069217	0.914256072456983
NRAS	0.770772326409769	0.129469869530634	0.614361469432021
LMNA	-0.134006270981409	0.559283025427431	0.863880571936714
TFRC	-0.0626325954958844	0.860922188621725	0.967851756636963
FTL	1.21475148574513	0.0284990038309056	0.457283506019946
FTH1	-0.15360417603474	0.561213819758191	0.863880571936714
CAT	-1.49606834929993	0.28434649283105	0.722783488148459
ALDOA	-0.810212334136164	0.114161166547746	0.601993131615572
ANXA1	-0.931217438431059	0.325329416183248	0.744380133982086
NR3C1	-0.599412397343439	0.0499640644260784	0.520428612671634
KRT1	-0.151574781004822	0.622034678938538	0.88652274393277
GAPDH	-0.794161359898698	0.116603468680312	0.603657714049279
HLA-A	0.288393672572617	0.234792555985356	0.699487857297161
CAPNS1	-1.09475236360117	0.0702575273361743	0.544722590230742
HSPB1	-0.943393195152389	0.107779840979744	0.596131135961605
TYMS	-0.672414707789564	0.198079739374289	0.679021487722544
GNAI2	-0.154881835090233	0.556449980919266	0.863768366838121
ATP1A1	0.407587851098384	0.181871454751869	0.668893211162157
ATP1B1	0.41363984832747	0.152220062421501	0.6397427990457
ALPL	0.402473553951406	0.144644741381061	0.631359174870457
EIF2S1	0.0155842381023739	0.945749310397026	0.987838851550511
RPLP1	0.098738139780334	0.61634814842537	0.884244779962805
RPLP2	0.195468792456197	0.467774462844588	0.812061020047722
RPLP0	0.02409449836939	0.928944864865499	0.982171639044011
SSB	-0.0757129169695503	0.801318147433385	0.951041137021604
ITGB1	0.827249423529924	0.0108407785136305	0.3076794572591
KRT18	-0.154774860109583	0.507231395926367	0.835497347426233
KRT8	-0.0886844141400402	0.774310033731603	0.941175824646505
UROD	0.0754818473730445	0.937700367814039	0.985525040609641
CDK1	-0.935788267388219	0.0226321882527255	0.405901597738401
ATP5F1B	0.21656267183047	0.377731135458739	0.775511964957988
EIF4E	-0.571561464820718	0.0888240465146946	0.570144187339576
ENO1	-0.730845363169038	0.451295665178741	0.806332325621789
PYGL	-1.45399950351534	0.0266402338356971	0.448576158899983
GPI	-0.701497646333959	0.425726079111723	0.798265745248768
POLB	0.479240316383855	0.143325453696064	0.62802074439391
NPM1	0.647853513463442	0.0874569985306893	0.569454565357029
TPM3	0.0767458382003099	0.862916591541258	0.968531656653399
ITGAV	1.26691178990851	0.0120829132254832	0.32633188222096
HEXA	1.46117325369768	0.0067022877268024	0.25996949524775
LDHB	-0.840987913397544	0.281844365295876	0.722500435827332
P4HB	0.771504849599218	0.0442477629895849	0.50718644115754
CTSD	0.998396503401764	0.0141548063940893	0.331712511424781
ANXA2	-0.102765444469163	0.777309605772289	0.942705789353054
CAPN1	-0.532617616715775	0.479790154172289	0.82126415434289
TUBB	-0.609495276870071	0.314893435891037	0.737312315848039
PSAP	-0.299695287082276	0.570529341036951	0.866317051217091
HEXB	1.40313247895762	0.00148157756757795	0.103977599455757
PFN1	-0.969413484656428	0.319522476271215	0.738358564325366
APRT	-1.29916710180529	0.175665300735296	0.659088374873031
EPRS1	-0.166331010064138	0.645889658268554	0.897508898918763
CTSB	1.58172721338213	0.181632832492763	0.668893211162157
HSP90AA1	-0.571007722122051	0.209537539337983	0.688216023060547
HNRNPC	-0.00905999247278544	0.978884546041316	0.993406488689762
LYN	-0.111937567197185	0.86063055662287	0.967851756636963
TPM2	-0.227606276187057	0.459536765890507	0.80991226627306
FH	0.549504003186179	0.481079066952891	0.821579976735937
ERCC1	0.326105391827095	0.679752731496661	0.907661636122371
SP1	-0.382159600364947	0.41724406615674	0.79605336871937
ANXA6	-1.20240779831939	0.0115518015584039	0.319704535085174
CD55	0.109073823126437	0.703506761387069	0.910476320072509
SLC3A2	0.681489673726855	0.0299994149102688	0.465521903250828
PFKM	-0.195903758603443	0.428456877944574	0.79837120079299
HSP90AB1	-0.429682137473744	0.454047577663857	0.806920096566448
ASNS	-2.28637236394844	0.164601258427106	0.651779570131785
SNRNP70	-0.774451583229919	0.0802664448946371	0.558324262617749
ITGA5	0.31660777020506	0.228677772352498	0.697313398466417
NFIC	0.665359691305987	0.047625182695116	0.514361314641556
VIM	0.275123830658934	0.357220885120592	0.763486075487396
RPS17	0.240245022980758	0.390152266021132	0.781948432039544
KRT7	0.422444557279533	0.229266520795643	0.697313398466417
ANXA5	-1.14714481663942	0.251341335567993	0.705393357536013
RPSA	-0.0556739786282527	0.830957593705428	0.961306717951752
SNRPA	-0.426019393766829	0.230880344807203	0.697313398466417
GSTP1	-0.523625384726543	0.55189849094067	0.86159501845938
LGALS1	0.356032954712656	0.331160387876768	0.748461444298966
QDPR	-1.43011317016641	0.16688165929885	0.652907242547528
HMGB1	-0.234024701916987	0.338023133664227	0.748528859172489
TPM1	-0.233953511591213	0.302553715064426	0.733794905462472
CLTB	-0.12700561196181	0.670173217733563	0.90648074095336
ANXA4	1.42555083800394	0.190895462925545	0.67432603558699
CNP	-0.0177100666544483	0.951091580928087	0.987883784112543
HNRNPA1	0.11472212007844	0.809048240739133	0.954581387519691
SNRPA1	-0.0932459252377775	0.705000275240195	0.910476320072509
PARP1	0.363607882271918	0.168324137838948	0.653221260648559
POLA1	-0.472654649578782	0.2589933774216	0.709594969023678
IFIT2	-0.0959105346086631	0.756429699799398	0.932420562407479
IFIT1	0.574455408387522	0.239988213436702	0.703823957092988
ALPI	-0.0673625762424095	0.81154480884597	0.955769828519835
LTA4H	-1.25690366194276	0.207572550577484	0.687135977537211
H2AZ1	-0.270832824093496	0.439430683611473	0.80364239962056
FBXO45	0.248680812229523	0.496127555247485	0.829188831905312
POLR2M	1.2829445992794	0.00109782443810118	0.0810308003363993
RPS27A	0.0858346613683985	0.702168212661655	0.910476320072509
TRAPPC2	0.164939041154412	0.558574529653702	0.863880571936714
RAB34	-0.722126941164021	0.116659658787273	0.603657714049279
HSPA1A	-0.552026759391595	0.0643127484362787	0.544722590230742
CALM1	-0.262856705533153	0.529276717397812	0.85394314935582
POLR1D	-0.123552726261654	0.631113737372209	0.893747241048769
RO60	0.33420264162207	0.378163202358429	0.775511964957988
RRAS	0.43862245842201	0.591807666946994	0.87297810412205
HLA-C	0.715764534996843	0.0639274116340208	0.544722590230742
ARAF	-0.016276133381357	0.982578167747192	0.99422498405701
H1-4	-0.333465582910538	0.601105488165455	0.877970861424877
PTPRF	-1.38358145701273	0.0682092872084394	0.544722590230742
TXN	0.0972069110650224	0.909416468303537	0.977491526270722
MAPT	0.0451474381883656	0.905354503288101	0.977389568523119
PRKAR1A	-0.978160348918081	0.109581203645896	0.600662141879744
HSPD1	0.371682422909831	0.474506256774216	0.818136417737782
CLU	0.730340677215199	0.00795329970996551	0.279463448320539
HSPA5	0.510920743256239	0.642776811387234	0.896036317013594
HSPA8	0.0088657806620418	0.970444637962764	0.990811708828665
SLC2A1	1.10137630872525	0.0740897947768266	0.548751576885112
EPB41	0.0620173044788217	0.897455081942449	0.976615456480839
UMPS	-0.484813924171789	0.593608510408212	0.873181278316401
PYGB	-1.20054693884234	0.0829654740101257	0.563473508489842
BCR	2.09448976461404	0.0045163926980979	0.21482974600619
TOP2A	0.0196295108620426	0.968417020981638	0.990652561358272
G6PD	-0.364538834195958	0.485781425728321	0.823615953878393
UBL4A	-1.11762638148106	0.0133889351181704	0.32876576162511
DMD	0.562124468071715	0.0462926390968457	0.511259825223789
MTHFD1	-0.536332664804807	0.11102162612226	0.601254065793282
ADH5	0.268116450457555	0.707339094810462	0.910476320072509
CDK4	-0.732159840759731	0.0224290163797918	0.405901597738401
PRPS2	-0.51992422301333	0.131175630300625	0.614518827227844
PABPC1	0.510167051391818	0.0701999172900721	0.544722590230742
PCNA	-0.247328778262542	0.542589688085252	0.857638051177289
HARS1	-0.627643425455791	0.0446479563215	0.50718644115754
IMPDH2	-0.917243904736047	0.075325063354531	0.551224950804696
TPR	0.528272618712663	0.112355865491866	0.601993131615572
CKB	-0.444166046466528	0.530083142326661	0.85394314935582
ANXA3	-0.742038972241794	0.41935146408864	0.796116903664509
ACTN1	-0.0473253433368157	0.839985863593447	0.962521274636923
PEPD	-0.820323977686588	0.300347623420355	0.7334787084213
XRCC6	0.0838613827250896	0.713023126030538	0.912814594060028
XRCC5	0.0564020812557793	0.805694300527878	0.952727316959017
UNG	0.141439483461745	0.547832562978996	0.860676515421257
LAMP2	-0.0140480226467545	0.983599712514768	0.994518273329173
RNH1	-4.16320772491402	1.83434649027224e-05	0.00413307227623972
EEF2	-0.565770566353688	0.0609858482680921	0.544722590230742
KRT10	-1.38331452343464	0.0761640282240017	0.55283431859327
PDIA4	0.808813002229645	0.0252235344957008	0.430206976797192
TPT1	0.196792999654971	0.420845922920419	0.796481607436921
PLS3	0.0479788000004397	0.866118864093933	0.968614121521976
APEH	-0.72522488847904	0.136214554279722	0.62096769675782
GYS1	0.0250147485318841	0.953626969690732	0.988590665308118
PRKAR2A	0.233267029784624	0.447316793369756	0.806332325621789
ENO3	-2.53064695513716	0.0155744482661185	0.340174556261495
GTF2F2	-0.121301486275673	0.664766715122127	0.905461758650278
MIF	-0.54505091071276	0.393541302602215	0.784965553583891
CD99	-1.11873112065798	0.114242336905339	0.601993131615572
PRKCSH	0.323626171087614	0.328353555016579	0.74651172014125
FDPS	-0.765035945433397	0.268911273594112	0.71637160065737
CPM	-0.114058395480324	0.608714420128595	0.88156509897514
PKM	-0.336008507570888	0.623492381515105	0.887563595787688
HSP90B1	-0.192050902987152	0.64784833140447	0.898835796034135
CCNB1	0.531892163028807	0.166221601094553	0.652907242547528
SNRPB	-0.0398475249772403	0.889274945960449	0.975522990149849
IDE	0.434672917808911	0.33588397325996	0.748528859172489
HNRNPL	-0.008451083537107	0.969954176644587	0.990783543358501
DARS1	-0.175145272066899	0.537446311827239	0.855318833060376
JUP	0.457515141088422	0.22084884345074	0.696758979257474
ETS2	-0.209338501899467	0.491098364538079	0.826411988438489
AKR1B1	0.421890694818345	0.545804440335385	0.85935594302162
ANPEP	0.489542501893009	0.217008772949842	0.693318671866713
GSPT1	0.475322987552378	0.373798321961992	0.774180269143341
EZR	-0.0830763483962187	0.872450300653882	0.969867498597577
UCHL3	-0.925502388469287	0.278507606008279	0.72041755971084
NME1	-0.891208096486523	0.0930233225169401	0.571547284880805
NQO1	-1.20706618940736	0.111557871158831	0.601254065793282
GNS	0.772640082968856	0.061221240452605	0.544722590230742
RPS2	0.160379692100403	0.65973410093665	0.904651404903843
TCF3	-0.557705768707109	0.0639810433227634	0.544722590230742
DSP	-0.284119930883296	0.268003324291986	0.716181168098621
RPA2	0.134473117656977	0.654085561715566	0.901816518423297
CD44	-0.0871533158024427	0.763827372051547	0.936654084843243
CBR1	-0.363748865192413	0.6756176474986	0.906586463017914
NCK1	-0.953655226626523	0.0683170031347875	0.544722590230742
GCFC2	0.230212006783585	0.701025588902895	0.910476320072509
H1-5	-0.207606535492292	0.74925030649017	0.928645211952639
POR	0.479938340480583	0.15866641512742	0.646509683397005
STMN1	-0.77846018705733	0.208305605266481	0.687135977537211
YBX3	-0.184273052079721	0.58778104905463	0.869785921535731
HSPA6	-0.296430139742476	0.478789346282	0.820800137809221
HMGA1	-0.157409825572881	0.51587606145783	0.842724327494238
GOT1	-1.1869529501932	0.0618544797705719	0.544722590230742
NPR3	-0.15196980286823	0.696969430583255	0.910476320072509
JUND	-0.440045840484718	0.24641995409834	0.705393357536013
PRKACA	0.0353903300611407	0.865514021716853	0.968614121521976
CAPN2	-0.461363827823366	0.169121317764439	0.654027426693374
PTPN2	0.312598958343997	0.551990847153541	0.86159501845938
CTPS1	-0.916000217297153	0.137946465829675	0.62096769675782
DDX5	-0.14719152314224	0.583241111682309	0.867666198668151
PFKL	-0.129056533232323	0.870851933935382	0.969409222185043
LGALS3	-0.354303947794204	0.229888408622866	0.697313398466417
PSMC3	-0.155242889169109	0.590941560360558	0.87297810412205
TCP1	-0.163705226808247	0.706428187202445	0.910476320072509
ERCC2	0.580206400761575	0.103672611374344	0.590409812866491
RPL35A	-0.392736331842165	0.13016673893176	0.614361469432021
ARF4	-0.350580419250029	0.402371312452708	0.789437025027517
RPL7	-0.105614640103429	0.658210171176949	0.903694301594937
VCL	0.555481020847385	0.35356271101277	0.760376491538854
NELFE	-0.0325137477052735	0.874650602159703	0.970677774637743
RPL17	-0.523660133543714	0.0442979867769247	0.50718644115754
PGAM1	0.944362150608846	0.350962735009938	0.759342978117831
RCC1	0.333435089674442	0.376147515080887	0.775116115344763
LIG1	-0.629341777202196	0.350329849714093	0.758605000822475
PLCG1	0.614185337230957	0.0386776303628988	0.494146762527411
NCL	0.357013610599413	0.251026589587501	0.705393357536013
HK1	-0.226725053641808	0.439550906205669	0.80364239962056
POLR2C	0.167004937418529	0.591133883053603	0.87297810412205
POLR2E	-0.155118496800345	0.612601134300474	0.883652390144775
EIF2AK2	0.0932016529199799	0.743337059399073	0.927510717646225
SRM	-1.21519706777057	0.184230833320104	0.67179914603353
CSNK2A2	0.239076529545102	0.412371425254025	0.794492381418758
RXRA	0.186122582525382	0.738967460605995	0.926127998613976
NFKB1	-0.0597325804946607	0.879168706807475	0.97203544262469
EIF2S2	0.0144982580715123	0.951125613123164	0.987883784112543
BTF3	0.057462026492491	0.919646664628822	0.979562939544027
RAB5A	-0.386008561829904	0.556475859784989	0.863768366838121
PSMB1	-0.349787554908261	0.340839013760647	0.750588432546536
LMNB1	-0.477606925108873	0.253076848452536	0.705393357536013
BCL3	-0.286110384006733	0.37667709340254	0.775116115344763
CAST	0.114887100686328	0.660445086122797	0.904874449927716
IMPDH1	-1.15633982890098	0.00764917604380957	0.278108548375458
PTMS	-1.65857422038262	0.089823156297352	0.571061052685429
CDK11B	0.136831876102619	0.723255342785827	0.917657677797795
GSTM3	-1.04512827701735	0.277130785862089	0.719131411179691
ATP6V1B2	-0.360820006806737	0.242203844399549	0.703823957092988
ATP6V1C1	-0.163305776392807	0.757192236705071	0.93281725621134
CSRP1	0.329426656821237	0.236002416921095	0.701224966231779
FLNA	0.107948995545993	0.688220843629185	0.909492386084926
NF1	0.115495043801978	0.676683580687391	0.906586463017914
ACO1	-0.223948742440172	0.477462811320762	0.820151329239039
TGM2	-0.0373224162104933	0.959780241375473	0.988590725913015
OSBP	-0.582644574696836	0.135824519422911	0.62096769675782
PCMT1	-1.09077413283589	0.126402303343103	0.612829208724818
FBL	0.3845916060944	0.250604357914453	0.705393357536013
GART	-0.486908015779843	0.412058803138741	0.794492381418758
PAICS	-0.878754675037175	0.0810678018570395	0.560393787323419
UBA1	-0.994221942405101	0.19175164334339	0.675380990568791
NME2	-0.536980429780034	0.304133119375351	0.733794905462472
HNRNPA2B1	0.310485643376836	0.13810761963618	0.62096769675782
RFX1	0.304289446342175	0.430923416861847	0.79837120079299
CBL	-0.933407221982602	0.0358948638045556	0.48982083384319
PRKACB	0.223165885248818	0.422244168679058	0.797105175145679
NR4A1	-0.0778441675420076	0.834787303153319	0.961519008851179
XPA	-0.426014081294504	0.31185347043192	0.734348023607838
TCEA1	0.0174343138348902	0.943142918000949	0.987187000479721
SFPQ	-0.015508734519404	0.965339488899397	0.989788505317824
TUBG1	0.245052770073677	0.309628976670837	0.733794905462472
PPIB	1.25912788512736	0.039170798787756	0.494661326284317
WARS1	-0.911712965661263	0.137710523255231	0.62096769675782
RPS3	0.211902520992773	0.460901232721589	0.810854473143589
SP100	-0.652191853534383	0.223490277953479	0.696758979257474
AHCY	-1.00830753485378	0.233154776133202	0.697313398466417
CFL1	-0.312992265238137	0.406713814453827	0.791428108944015
EIF4B	-0.440412987912843	0.153315094587072	0.6397427990457
F8A1	-0.394810558049802	0.684091407218554	0.908679160298929
DGKA	2.21768673045939	0.00594134664031312	0.247660963411422
DTYMK	-2.52975708024783	9.54308151049437e-05	0.0149604524292555
RRM1	-0.456554767029921	0.103758761440226	0.590409812866491
EEF1B2	0.095541640702784	0.679951148573801	0.907661636122371
ACP1	-0.406025910586756	0.617320604830377	0.885046721124864
MYL9	-0.961091053665506	0.16760793324725	0.652907242547528
POLR2A	-0.208733498108302	0.491700573770315	0.826504557765825
CDK2	-0.0470495167311	0.839250758925524	0.962521274636923
GRK2	-0.498374656523975	0.249189927477719	0.705393357536013
MCM3	0.114106349729134	0.700289758941057	0.910476320072509
NFYB	-0.0800064020267222	0.773730424686269	0.941175824646505
MPST	-1.26428838940971	0.0804084051083926	0.558324262617749
RPS12	-0.273291611951556	0.465258816662775	0.811522355531145
YY1	-0.495072953624629	0.323080501375258	0.742063450019262
DNAJB1	0.309061470254736	0.285759205716642	0.723013523904459
DNAJB2	1.23669546862445	0.128725011483458	0.614361469432021
PSMA1	-0.204752928070704	0.365624674015929	0.768054038250732
PSMA2	-0.146078618963791	0.650421236478343	0.900452503210764
PSMA3	-0.139944614971675	0.597760595937912	0.877275663767638
PSMA4	0.118779866735366	0.684259705275362	0.908679160298929
ITGA3	0.406319215393072	0.277674427161885	0.719131411179691
MSN	0.70349572767477	0.295953220261415	0.730992545228958
DDX6	0.318799862782718	0.255894464734106	0.707066134778811
DNMT1	0.0732845948971601	0.806166955404498	0.952727316959017
U2AF2	0.45359201676553	0.12585089218149	0.612829208724818
RPL13	-0.324530496469301	0.320283077307219	0.738358564325366
S100A4	-0.917140743141829	0.368465530232519	0.769654629900242
HMGB2	0.220670360599097	0.45484695844648	0.806934072098587
PTBP1	0.254570036760569	0.451666647241544	0.806332325621789
TARS1	-0.887866726788079	0.096928655184216	0.573734022165281
VARS1	-0.426173481904399	0.153720724994047	0.6397427990457
EEF1G	-0.197744861632547	0.447215380152397	0.806332325621789
STOM	-0.444492202299578	0.233247150239847	0.697313398466417
YWHAQ	-0.653574668159585	0.0146122911565683	0.335893268635594
MAPK3	-0.0925107541465948	0.730344021963231	0.923118617663004
MARK3	0.179319398188404	0.477607396354339	0.820151329239039
ARNT	-0.233419749701447	0.55109395985966	0.861496356021351
RPL10	0.08276968051468	0.755876647066847	0.932420562407479
RPA1	-0.18795200222764	0.443478405446434	0.805486234075597
APEX1	-0.121170706497537	0.666928076934086	0.905560300810477
CAD	-0.685403905002723	0.143108778381438	0.627713811732516
CALR	0.32394781127536	0.31562343609768	0.737545813282844
MAP4	-0.436454508206431	0.102169769430146	0.587099037490544
CANX	0.512001105074802	0.248718765636433	0.705393357536013
PSMB8	0.0443385722166738	0.930411831693756	0.982297363458231
PSMA5	-0.0839079694206681	0.825065407770427	0.961306717951752
PSMB4	-0.251639736174734	0.43529449582792	0.801811129646866
PSMB5	-0.4419846288142	0.119612523493006	0.604307086641645
TMOD1	-0.39658411640135	0.218460209140141	0.693452997804024
POLD1	0.0841478883677631	0.806596555499252	0.952727316959017
SMARCA1	0.00207514853029522	0.993942536949294	0.997655593666899
MAPK1	-0.497727399479004	0.0605501366397287	0.544722590230742
ERCC5	0.0445549372843885	0.836554889558914	0.962240545400543
LAP3	-0.471218050641816	0.445480759950288	0.806045280366519
GTF2E1	0.630515433060676	0.0928601699927896	0.571547284880805
GTF2E2	0.073709309573001	0.917680879028665	0.978830700609312
TPP2	-0.528926669799695	0.281252405209508	0.722095667733537
IMPA1	-2.31883866238552	0.000363862657375776	0.0346154674716821
SHC1	-0.392916269936606	0.0843900230868862	0.564396138822547
MPG	0.0173181529706987	0.932848498670871	0.983626705125615
CRABP2	-1.7541896442345	0.191996885195566	0.675380990568791
TKT	-0.806530961352966	0.288105465600253	0.724299863784512
PML	-0.102563127072496	0.744001823031333	0.927510717646225
EEF1D	-0.12798739660677	0.560497308330828	0.863880571936714
MARCKS	-0.807574514470176	0.00520710349983373	0.237144788114768
ERP29	-0.175918823889475	0.58398394790945	0.86793977271836
PRDX6	-1.10702015905035	0.252612525193875	0.705393357536013
BLVRB	-0.751431786462987	0.401928237598177	0.789291185852199
PRDX5	-0.425777447526809	0.593950918583826	0.873181278316401
DDT	-1.03271911141805	0.315974727327539	0.737753979176782
PRDX3	0.356638441633358	0.536118406997163	0.854476135649611
RPL12	-0.386507933583289	0.123638673936539	0.610492691029206
CMPK1	-1.04397077740112	0.428496683985059	0.79837120079299
PEBP1	-1.7010162154398	0.177891822172852	0.662797990184489
PDIA3	0.799736379312208	0.0336177070640995	0.486115495122247
PPP2R1A	-0.297040280643753	0.330473468441324	0.748152786037709
PPP2R1B	0.2858415805796	0.33851606695767	0.748547150126955
CDC27	-0.233883977790285	0.424268811047053	0.797687621199172
WEE1	0.34795046439254	0.297084221261943	0.730992545228958
NMT1	-0.0454041606808673	0.877210705956203	0.971124652753686
ADSS2	-0.85576487960947	0.308373357705878	0.733794905462472
LRPAP1	0.493227545795833	0.219692415462742	0.694610953172819
ADSL	-0.859787951814422	0.156396361483381	0.641314965048231
CLIP1	0.0885064700080527	0.790190190022446	0.945974329833918
SERPINB1	0.448904943702559	0.741794037120928	0.927311472943712
SLC7A1	0.403746482754531	0.335558463963238	0.748528859172489
POLR2B	0.234000851307044	0.699619840590722	0.910476320072509
MAT2A	-0.795296809523414	0.144929867104494	0.631359174870457
PRKAR1B	-0.205683913515792	0.551177476530395	0.861496356021351
CPS1	0.524276748314087	0.409462164639029	0.79254780287099
RRM2	-0.854232060450059	0.114126451961544	0.601993131615572
DNAJA1	-0.170251295252669	0.444737632357286	0.805722303902472
ATIC	-1.22993412591837	0.0547185261116214	0.530702092386409
HNRNPH3	0.312095165440091	0.277624470352479	0.719131411179691
HNRNPH1	-0.049364184722954	0.898910001788015	0.976805661917324
YWHAB	-0.337131671390715	0.111655450199874	0.601254065793282
SFN	-0.363293650381028	0.337381436034161	0.748528859172489
STIP1	-0.596966787256669	0.155893496523715	0.641095157173893
S100A11	0.728222403306969	0.465182136014928	0.811522355531145
L1CAM	0.215581980265881	0.489955748448427	0.825867416902052
INPP5B	-0.685424004667407	0.293550041310156	0.72964830163803
PRDX2	-0.644443701209461	0.382918311133518	0.77784473494722
HPD	-0.779564709388794	0.249319095480148	0.705393357536013
CTH	0.0034128187484761	0.996395124419259	0.999144529198716
RPL9	0.176759053856994	0.452615168492065	0.806920096566448
ACSL1	-0.092591841673233	0.738387077605161	0.926127998613976
KIF5B	-0.230644108815923	0.478153084964892	0.820718878022653
CSTF2	-0.25867351111091	0.715384575355141	0.914256072456983
DUT	-2.64955246289308	0.0245992736537637	0.426354212598229
TTK	-0.199972388175283	0.574485197744938	0.866759840537911
MCM4	-0.412342864501593	0.283665941571098	0.722783488148459
MCM5	0.111911595065276	0.640271120749175	0.895459218532251
MCM7	-0.43597024943611	0.193760892789866	0.679021487722544
SHMT1	0.108874507281456	0.787800873474379	0.944689309843561
HSPA1L	0.153917231534173	0.519843889980832	0.845857732044068
HSPA4	-0.841402369267758	0.104438533736281	0.590622672291966
GPC1	0.336069601156733	0.304606509719602	0.733794905462472
PFN2	-1.41482653803872	0.036696863507539	0.48982083384319
CTNNA1	-0.128776772405278	0.666943218095205	0.905560300810477
CTNNB1	-0.0875436824347915	0.690874928366904	0.909492386084926
SERPINB6	-0.345391307736239	0.672000266208699	0.906586463017914
NF2	0.409679326225373	0.162138606464804	0.650680451109916
RDX	0.343843705448862	0.173076307292242	0.658639622312128
RPA3	-0.298745378262669	0.429572445537022	0.79837120079299
RFC4	0.388574969989797	0.0888325525592669	0.570144187339576
RFC2	0.297151899113544	0.298817321689016	0.730992545228958
RPL22	-0.343607159673212	0.275824336251348	0.719131411179691
GTF2F1	-0.363278925230702	0.196679487390988	0.679021487722544
SPR	-0.667640173247833	0.375542121879465	0.775116115344763
AGL	-1.2417206520375	0.0887054620004386	0.570144187339576
MYH9	-0.0866189594113607	0.793547898354919	0.947873480149946
COPB2	0.0751979040509383	0.78411487535599	0.942705789353054
ADD1	-0.0297519242420989	0.920135607777499	0.979562939544027
BSG	0.35561975121022	0.126372954418146	0.612829208724818
FUS	-0.943748396815206	0.0036024834548413	0.1793282752346
NUP214	-0.0759928562473426	0.749220537919804	0.928645211952639
DEK	0.384751231814711	0.115400366449345	0.602798332058062
CHKA	0.0305960730736636	0.944460392653447	0.987600132132244
PSMC2	-0.0922659572415903	0.839925752809286	0.962521274636923
ARL2	0.442725070301314	0.568045895982664	0.865102981395157
ARL3	-1.34101642306946	0.0374534043881559	0.492352893860232
MAP2K2	-1.27138619894772	0.00855537231531513	0.279619496760416
ATP6V1E1	-0.461568705350633	0.243566861044433	0.703823957092988
RPL4	0.134390646019103	0.675068293178223	0.906586463017914
PGM1	-1.16464664413924	0.146876575670486	0.631359174870457
PPP1CC	-0.0871616958772314	0.787164273602517	0.944491051974113
GNL1	-1.01456136411159	0.255841589325558	0.707066134778811
SRP14	0.0748640468942057	0.828434966319451	0.961306717951752
NUP62	0.487950089699279	0.118408479034237	0.603657714049279
FDFT1	0.0348108277764823	0.959334518550154	0.988590725913015
TAGLN2	-1.28240338891481	0.213668172226819	0.691640680291313
TALDO1	0.00870473244281555	0.989438832586519	0.996890478301457
SNCA	0.213990348187782	0.752794971300116	0.931151479958335
ETFB	-0.231702090326863	0.476996781973445	0.81995000377363
ATP6V1A	-0.840643194986633	0.0330917996809924	0.486115495122247
HSPA9	0.347945297945405	0.5820912016458	0.867324946238548
EIF4A3	-0.566530023281686	0.270413143265454	0.717692911543341
IGHMBP2	-0.107497717058557	0.615708064002574	0.884244779962805
RPS19	-0.840584265000199	0.0249787813776991	0.429454470192489
RPL3	0.174380726865891	0.395830080618705	0.785945086891242
FEN1	0.025868480590745	0.955211105966212	0.988590725913015
CAPG	-1.94353274657033	0.00342944950674078	0.176885220944063
TXLNA	-0.0626735642579952	0.781213758700105	0.942705789353054
CCT6A	-0.0485123846158793	0.914012227859918	0.977777231378392
NNMT	-0.476398363556967	0.580833510762871	0.866845434718218
PBX2	-0.403728655228285	0.333729014190564	0.748528859172489
ARL1	-0.141358322697869	0.622491793567369	0.88652274393277
MLH1	-0.120996465312473	0.60531242658068	0.87997910311713
STAT3	-0.405573075828858	0.189271365582315	0.67432603558699
USP8	0.0172213361943889	0.950605022354863	0.987883784112543
PEX19	-0.258216343288794	0.359730244510184	0.765610305648642
MDH1	-1.05568562356252	0.315585400397673	0.737545813282844
RFC5	0.452654859521477	0.0738904109821123	0.548751576885112
RFC3	-0.234091174296786	0.455727330922362	0.806934072098587
EIF2S3	0.439304944737408	0.326551028475478	0.745605106857282
ETV3	-0.153405568483755	0.600864411250491	0.877918274595
CETN2	-0.298994618400918	0.486752144032949	0.824420800747717
EIF2D	0.398571640231804	0.276536897081569	0.719131411179691
NAA10	-0.935965720293797	0.0356102518716558	0.48982083384319
PPP1R2	-0.710418827053175	0.024315870053662	0.423155445933849
CSK	-0.261469303584221	0.456608030880699	0.80753421213269
GARS1	-0.139033923539131	0.815048604405979	0.95805136613454
IARS1	-0.315914288969672	0.216507918515258	0.693318671866713
PRKCI	0.151851341494162	0.606507653430492	0.880155682825741
STAT1	-0.717298568123201	0.056364773089777	0.534714797946429
STAT6	-0.613048953991097	0.0410458725893258	0.502881151822912
MTREX	0.260623339176728	0.377035894773171	0.775259685650311
MTOR	-0.132871990072175	0.578950213691709	0.866759840537911
EPS15	-1.91654726732391	0.146132650961951	0.631359174870457
RPS27	-0.501947117878078	0.0977277615184243	0.577065582152241
ABL2	0.109056146479176	0.873679333321489	0.970677774637743
RPL35	-0.246510661845633	0.498128417304812	0.829188831905312
CDKN2A	-1.58792190032856	0.0188180296348725	0.374937348043077
PRCP	1.72730073489089	0.0323635744387568	0.484435182420693
HTT	-0.254285864364196	0.797296731558756	0.950376118846232
PAFAH1B1	-0.222058847269363	0.375866664067745	0.775116115344763
MCAM	0.157137781173173	0.570664350486381	0.866317051217091
MATR3	-0.268322143019059	0.422968462335502	0.797105175145679
MSH2	0.160984432382193	0.629948598027976	0.892687834544113
MAGEA1	-0.141625260408404	0.641749462181081	0.895478959451502
MAGEA12	0.592676551282342	0.0285153293513263	0.457283506019946
RANBP1	-0.230714554330653	0.453886567254426	0.806920096566448
NAMPT	-0.909816534806897	0.201974152917587	0.68220736958223
PSMC4	-0.0860013205295971	0.738970625616976	0.926127998613976
CBX5	-0.2070904551375	0.663809205905476	0.904874449927716
USP5	-0.204611737739636	0.733131194085144	0.925091971305457
MAPK8	-0.887012846681483	0.0308807378812363	0.470464195265383
RANGAP1	0.582827912104705	0.186122681630344	0.67432603558699
RECQL	0.0941573532405187	0.722414516923348	0.917430005027841
NOP2	0.164687948771494	0.783297394924469	0.942705789353054
CRK	-2.13966552852872	0.0333711326357157	0.486115495122247
CRKL	-1.4929122883235	0.0691623401956355	0.544722590230742
BAG6	-0.211531116620382	0.423043278258009	0.797105175145679
MAP2K3	0.34739419029566	0.667165893192302	0.905560300810477
RPL27A	-0.561306657033732	0.0856598319588393	0.564396138822547
RPL5	-0.163646522943193	0.662865342565142	0.904874449927716
RPL21	-0.617645103683664	0.136789038790983	0.62096769675782
RPL28	-0.48545650172138	0.259169179326421	0.709594969023678
RPS9	0.253342752488269	0.426311574775551	0.798265745248768
RPS5	-0.134023299428598	0.818423028686759	0.95865075999301
RPS10	-1.45160867130384	0.0202044357806619	0.385981671589848
MAP1B	-0.880253248125246	0.165066620141433	0.651779570131785
GNPDA1	-0.678125241059583	0.254750302752427	0.707066134778811
YAP1	-0.0727777258237268	0.797419065380907	0.950376118846232
IQGAP1	-0.320527039503126	0.244285012790631	0.703823957092988
GYG1	-2.40305543115757	0.00839221494743025	0.279463448320539
PLA2G4A	-0.654997245281628	0.209989650563004	0.688830694616015
CAPZA2	-0.108289070559074	0.661749555511407	0.904874449927716
CAPZB	-0.13845488413515	0.587201456659258	0.869785921535731
QARS1	-0.260062120106827	0.315225441757361	0.737420828504515
RPL29	-0.334128333959381	0.260843381318218	0.712176714653767
LIMS1	0.416362194840779	0.169672191013242	0.654384369124045
ME1	-0.23080330454205	0.702328318071069	0.910476320072509
IREB2	0.0649614192150629	0.875837380700988	0.970677774637743
PIP4K2A	0.0805558506902209	0.883290487969093	0.9739910097437
SOX9	-0.508739985093442	0.186713541964295	0.67432603558699
ARCN1	0.351548633687951	0.226128074837031	0.697313398466417
GCLM	-1.62341606961531	0.0439358398605983	0.50718644115754
PSMD8	0.0112049106784902	0.975211472610174	0.992817197288652
PRRC2A	-0.237848809751714	0.3582709431382	0.764027012904483
GSS	-0.319413889481964	0.706727816372532	0.910476320072509
CCT5	-0.279685109015674	0.419776957931253	0.796179677493658
CSNK1A1	0.0454749524297391	0.84923551897353	0.96552575740393
CSNK1D	1.30098685013999	0.41876014631068	0.79605336871937
PITPNB	-0.692659595397018	0.34015013825521	0.750588432546536
ADGRE5	-0.235023033137914	0.516285154432494	0.842724327494238
POLD2	-0.077905753180417	0.798741603954318	0.950668420446453
MARCKSL1	-0.335705331374474	0.225806929383343	0.697313398466417
PXN	-0.341973127892715	0.495243828908406	0.829188831905312
MAPKAPK2	-0.264676156888861	0.55761719513716	0.863880571936714
ALDH9A1	-0.230981685031459	0.748921537355444	0.928645211952639
RPL34	-0.042867940768506	0.90216557823959	0.976805661917324
RPIA	-0.699965924613618	0.231058134359381	0.697313398466417
LMAN1	0.265252062940313	0.417053914308802	0.79605336871937
NASP	-0.339574398969397	0.578821039370129	0.866759840537911
FASN	-0.595843169985052	0.272793932373229	0.719131411179691
FNTA	-1.09704197903065	0.0153174903246841	0.338160593690087
FNTB	-0.814775370192578	0.0247124853085323	0.42658931292672
CCT3	-0.258552425883781	0.504952294842106	0.833425641461094
ALDH7A1	-0.256810033293544	0.636103117567824	0.894982474303889
CDC34	0.0433778769618982	0.953720964195872	0.988590665308118
SRP9	-0.359532335398654	0.229609482769269	0.697313398466417
PCYT1A	-1.09957367081921	0.014678572406454	0.335893268635594
AARS1	-0.496753878492072	0.245169811621044	0.703823957092988
CARS1	-0.147270968811309	0.637751106415941	0.894982474303889
SARS1	-0.253324658409543	0.616155406373727	0.884244779962805
PRIM1	-0.374922919517182	0.130259952361968	0.614361469432021
PRIM2	0.11898016600114	0.717080435681309	0.915510101748732
CSNK1E	-1.66918339220877	0.382388768894685	0.77784473494722
PSMB3	-0.164806119248667	0.511804255915	0.838246478884704
PSMB2	-0.358698972760752	0.212512764494879	0.691640680291313
MCM2	-0.380002511507342	0.222499780909817	0.696758979257474
TMED10	0.526753399197432	0.165641635118646	0.651779570131785
NUMB	-0.137122533047034	0.896017927972055	0.975768273652489
EIF2B2	-0.681435364359942	0.0328493754316309	0.486115495122247
HINT1	-0.793832548761383	0.219965857256468	0.694962239789624
RANBP2	1.03687756714808	0.0415837252383347	0.502881151822912
TSC2	-1.28480891379863	0.229244331737789	0.697313398466417
GSK3A	0.205368653436231	0.404285310144583	0.790655739026478
GSK3B	-0.85314053214773	0.0441572892133064	0.50718644115754
TAF6	0.236236725798889	0.328169631889287	0.746490007501613
NT5C2	-1.09497270668714	0.104923691531514	0.591801390095067
SEPHS1	-0.255015754468864	0.442888665610551	0.80475652694345
GMPS	0.0629900661326417	0.853430584286633	0.96552575740393
LIG4	0.172313552224882	0.579261361210195	0.866759840537911
CDKN1C	0.0291383493818564	0.947351296411888	0.987838851550511
MRE11	0.301019133971433	0.394006173665957	0.785175811354749
GDI2	-1.22047036322853	0.0808297489697643	0.5599225814556
SERPINH1	0.970574886534585	0.0687048183010578	0.544722590230742
ST13	-0.0860404471757761	0.778809411661972	0.942705789353054
VASP	-0.136918751270695	0.552892674211453	0.861643079104198
DNM2	-0.66429070662911	0.126186424918566	0.612829208724818
METAP2	-0.262586236313911	0.335806028680361	0.748528859172489
CDK7	-0.0700449065399447	0.727861729101691	0.921068892191646
CDK9	0.330277447884058	0.298575068740762	0.730992545228958
LRBA	-0.844104264455183	0.196857664713738	0.679021487722544
RPL14	-0.127290431070126	0.598639867317763	0.877663449310734
CCT8	-0.23104408326855	0.465212552346956	0.811522355531145
CCT4	-0.374926551108874	0.162629756714787	0.650680451109916
ANXA11	-1.25116623352249	0.0678040545887489	0.544722590230742
PAPOLA	-0.144368137934947	0.658906413607382	0.903805945739571
FXR1	0.664802410988976	0.027862432958479	0.457007952089075
FXR2	0.16148429340117	0.541449603492309	0.857638051177289
RAB5C	-0.247011155572764	0.458049674588456	0.809290407310434
RAB7A	-0.0405835229490137	0.893065780036608	0.975768273652489
RAB9A	0.368158067887034	0.638464371150275	0.894982474303889
RAB13	-0.241445842544323	0.538833738714588	0.856253613748014
HCFC1	-0.0807857496571884	0.762122309116725	0.935795256803592
IRAK1	0.190939659454092	0.688703003129901	0.909492386084926
PSMD7	-0.0831387334773979	0.751215169433808	0.930272531196451
STAT5B	-1.1855290676034	0.10240190143489	0.587644155553304
USP11	-0.28498103013888	0.437376572501327	0.802231836708733
RPS6KA3	-0.70344794954605	0.0668772878766595	0.544722590230742
HDGF	-0.225675162651463	0.563785938736867	0.863880571936714
HNRNPA3	-0.0767166567938276	0.792493719186929	0.947873480149946
PGD	-0.55018822981468	0.48713262278857	0.824420800747717
HNRNPM	0.36339474822633	0.178899089022558	0.665971304439626
KPNA2	0.191843421737566	0.400682077910804	0.788290429933894
RAP1GDS1	0.215309330298091	0.699150828029794	0.910476320072509
POLR2H	-0.0150266729609712	0.970214894537545	0.990811708828665
POLR2J	-0.597232555797593	0.317218284084599	0.738014388767954
MAP2K6	-0.262347580910497	0.698370593018186	0.910476320072509
ARHGDIA	-0.877193439879591	0.238371875237415	0.703823957092988
SLC7A2	-0.533551158209679	0.243514397494478	0.703823957092988
AGFG1	0.191048930260671	0.560530879375381	0.863880571936714
HNRNPF	0.250860697610584	0.320742177920205	0.738621443612909
STAT2	-0.742942573484942	0.446113722506397	0.806332325621789
MSH6	0.42368344715068	0.177188718714505	0.661906548705757
KIF11	0.571204592855366	0.297942062928804	0.730992545228958
VAV2	-0.351030386605679	0.717267199548061	0.915510101748732
SMS	0.437806404553985	0.256351237560152	0.707113175254518
HK2	-0.0906706469567098	0.758780341662167	0.93395948074447
THOP1	-0.0552271395771555	0.937935567717675	0.985525040609641
CAPZA1	0.137790430632347	0.588422494064011	0.870434242255713
CRIP2	-0.930607820143358	0.00330856796577953	0.174863943969162
NUP98	-0.365182097982434	0.53507818727898	0.854476135649611
BLVRA	-0.48312533410429	0.308521582403253	0.733794905462472
PPP5C	-0.665584410151002	0.0782455316707503	0.558324262617749
PLK1	0.0780738030703247	0.811414078423198	0.955769828519835
ARFIP2	0.556754654679047	0.0821701508060237	0.561826180788743
ARFIP1	0.38997148369214	0.427406567165567	0.79837120079299
ACLY	-0.63678736704977	0.177774084399029	0.662797990184489
METAP1	-0.544725153950644	0.141576150119111	0.624189959908183
MVD	0.134210075681359	0.817829298464004	0.95865075999301
COPB1	0.295834789062418	0.238005828678384	0.703662260063647
COPA	-0.0545819282001823	0.8329988993342	0.961519008851179
CTSC	0.0225982723468512	0.950281880974004	0.987883784112543
CLTCL1	0.773588829102124	0.0605266931933249	0.544722590230742
AP3M2	0.292731122052913	0.575931192449627	0.866759840537911
AP2S1	-0.333449211233692	0.194504235955198	0.679021487722544
SLC16A1	-0.0274216629419506	0.934547590961993	0.984106223224855
IST1	-0.0312249035122676	0.902560466825368	0.976805661917324
SEC24C	0.390908238141762	0.207794450599715	0.687135977537211
SUB1	0.0206013924396196	0.945188433887356	0.987838851550511
CLNS1A	-0.435336803507241	0.474148303900063	0.818136417737782
RARS1	-0.490534954588959	0.142197802038256	0.624998758240016
ATN1	0.0257871801515002	0.91710060895738	0.978830700609312
YARS1	0.0322697817936231	0.942184141078575	0.9870252043198
USP14	-0.0414352549580137	0.869899501826232	0.9692971804576
PRKAG1	-0.126411767888243	0.69960988436801	0.910476320072509
PRKAA2	-1.21617790415097	0.00321839382656394	0.172224299644003
HSPA2	0.0507179376052704	0.838199733606838	0.962488319860048
ATP1B3	0.692981250828339	0.06339763900698	0.544722590230742
RAD23A	-0.489960805084721	0.11112685146853	0.601254065793282
RAD23B	-0.23385822323349	0.405838843211706	0.791428108944015
PDE1A	0.371452633648179	0.286736380123983	0.723346165769459
AK2	0.251905919687154	0.539863353187408	0.857253343840985
NAPA	0.26648677499065	0.233177934150908	0.697313398466417
EIF5	-0.387701649351062	0.155399510993548	0.640293846548008
PSMD4	-0.202424599346102	0.501813151970137	0.831692645599751
DRG2	-0.440805921602553	0.320708912712969	0.738621443612909
CSE1L	-0.725654101586969	0.0523544551006168	0.529807504973953
VCP	0.25104155080864	0.28580771943561	0.723013523904459
MFAP1	-0.201710049007186	0.645108950918884	0.897508898918763
NAP1L1	-0.104923473214331	0.702140441966203	0.910476320072509
ADK	0.0986826049165082	0.859664339955356	0.967835663770776
ADAR	-0.496708841928665	0.0527569445584606	0.529807504973953
TPD52	0.427497710641916	0.376553599646476	0.775116115344763
SEC13	-0.000387399108266351	0.998557931030101	0.999258182033628
SNU13	-0.383162626985797	0.227368656929259	0.697313398466417
NPEPPS	-0.869744344172695	0.0204540738134664	0.385981671589848
EIF3B	-0.0154161889602449	0.951192074737399	0.987883784112543
MARS1	0.0896699872002813	0.710843403921973	0.912168824314977
AP1S2	0.560881661425025	0.110270643857333	0.601254065793282
EIF6	-0.395101391322829	0.253110741198813	0.705393357536013
BCAR1	-0.353684820397628	0.6512793844208	0.900452503210764
CFAP298	0.122423647655758	0.663899325971066	0.904874449927716
WDR4	-1.00877564870816	0.0684458503170731	0.544722590230742
GEMIN4	0.38773339564748	0.225643352897424	0.697313398466417
NUP107	-0.0325730255117413	0.901242419080595	0.976805661917324
EEFSEC	0.0677040578118557	0.854618804673161	0.96552575740393
SESN2	0.113505523043404	0.746197441151994	0.928578581791827
EPPK1	-0.238280033954261	0.609986115602694	0.88251117299599
MTPN	-0.808268743757065	0.382271143624698	0.77784473494722
ARPC4	0.0087152630655325	0.977032368799869	0.993187473464484
TPI1	-0.395259197292635	0.610502417974045	0.882661550606851
EIF3E	-0.166800298617449	0.574450086382844	0.866759840537911
PPP4C	-0.592901149695045	0.0898462255754747	0.571061052685429
GABARAPL2	-0.214094189619832	0.580269493805572	0.866759840537911
MYL6	-0.903293482255194	0.00284825744927033	0.15513617376999
EIF4A1	0.0142725745641243	0.959389887001963	0.988590725913015
RPS20	-0.0979434032153677	0.657614070908977	0.903627965523664
PRPS1	-1.03792156855819	0.118689285978232	0.603657714049279
PSMA6	-0.696394440026456	0.0460540489935738	0.511259825223789
S100A10	0.0560307950269028	0.889952171166606	0.975522990149849
CDC42	-0.376784768795918	0.430956048367739	0.79837120079299
DSTN	-0.418416143091193	0.386086947929215	0.780051268909739
RAB8A	0.109202682864872	0.735664402424218	0.925482002860366
SRP54	0.729611494026663	0.0674663046304341	0.544722590230742
RAB2A	0.0227128341374971	0.924864024325045	0.980520774674472
RAB10	-0.180608824113175	0.546948229035025	0.860676515421257
UBE2D2	-1.18082393706592	0.0359218676688883	0.48982083384319
UBE2M	-1.01933317330521	0.0100674210392835	0.29799876338284
UBE2K	1.11854897002791	0.307179920330761	0.733794905462472
UBE2N	-1.06661399330762	0.182776886056715	0.669921103774655
RAB14	-0.607550792224643	0.243136860453794	0.703823957092988
ACTR3	-0.653545125047152	0.0179509892542165	0.36709468418597
ACTR2	-0.275521433350807	0.236374139227569	0.701502639860543
ACTR1A	0.323816012747244	0.154734316828678	0.6397427990457
COPS2	0.172228333659323	0.609310576088751	0.882130056217769
ARF3	-0.451057016570381	0.190270780545408	0.67432603558699
ABCE1	0.0551626980050699	0.868750345460041	0.9692971804576
RAP1B	0.431391456797829	0.567785467338232	0.865014087428816
RAP2B	0.765439650427542	0.0639658800498394	0.544722590230742
RPS3A	-0.181981415846703	0.54270999314162	0.857638051177289
RPL26	-2.02446011245339	0.146737537141624	0.631359174870457
PSME3	-0.130187179763286	0.684514068857097	0.908679160298929
RPL15	-0.319420968866591	0.402314920075991	0.789437025027517
RPL27	-0.134251523032923	0.605718879995978	0.87997910311713
PCBD1	0.755898801666568	0.171709381682197	0.658639622312128
RPL37A	-0.576440318473026	0.188622355168268	0.67432603558699
NAA20	-0.0442629820412783	0.901780949865834	0.976805661917324
HSPE1	0.349674076270912	0.370091427628517	0.771354139083583
VBP1	-0.844820127487306	0.0129756844944951	0.32876576162511
STXBP1	-0.16111269788599	0.696003253707323	0.910476320072509
COPZ1	0.0285051345996692	0.889452843287957	0.975522990149849
UFM1	0.196449280868755	0.499706778255299	0.829486125518006
DCAF7	0.120309704379451	0.639814946353668	0.895425427312565
WDR5	0.325046695488542	0.239346482900888	0.703823957092988
AP1S1	-0.0958698938326172	0.720336629827148	0.917421845268931
HNRNPK	0.340387570517635	0.202051641968644	0.68220736958223
YWHAG	-0.118933170044016	0.593418530531652	0.873181278316401
RPS7	0.723836753125131	0.0190928152005118	0.374937348043077
PPP1CA	-0.0352879311588943	0.865476288753911	0.968614121521976
PPP1CB	0.103757006648262	0.740791982584766	0.927018555231038
PSMC1	-0.00262005532927745	0.992047065205589	0.997555865950198
PSMC5	-0.220304848411235	0.482369322968397	0.821579976735937
RPS8	-0.569380739499923	0.0879244788829807	0.569454565357029
RPS15A	-0.136328223082778	0.6386501862743	0.894982474303889
RPS16	-0.435003529856608	0.0935320167003225	0.571547284880805
UBE2H	-0.126511452103113	0.644550929378811	0.897340659730305
YWHAE	-0.242123965231904	0.651069540590785	0.900452503210764
RPS14	-0.137936328210479	0.570958527135466	0.866456382370411
RPS23	-0.377417619677303	0.225201615449753	0.697313398466417
RPS18	-0.0804979831958761	0.782884590633693	0.942705789353054
RPS29	-1.07192842929995	0.187216911295576	0.67432603558699
RPS13	0.211145802359333	0.360684578343975	0.765828966800843
RPS11	0.251698394481796	0.455891836452834	0.806934072098587
SNRPE	-0.0476709802607544	0.909895644135746	0.977491526270722
SNRPF	-0.186442026997174	0.484592961322248	0.822904588425444
LSM3	-0.0622190204315203	0.825937106538702	0.961306717951752
LSM6	-0.313936027768754	0.28242235813233	0.722683870391217
SNRPD1	-0.00289149099531016	0.993265113435746	0.997555865950198
SNRPD2	-0.335132300008965	0.326779905843985	0.745605106857282
SNRPD3	0.241307758720566	0.344841681371037	0.755510357190076
TMSB4X	-0.768367223656924	0.472987619172111	0.817464674071783
ARF6	0.345653684000474	0.203579642187773	0.683392581917859
PSMC6	-0.101684877419999	0.671195933766068	0.906586463017914
RPL7A	0.0054485383727112	0.984672971856785	0.994861798620988
POLR2G	0.410006386443094	0.284186780679099	0.722783488148459
ETF1	-0.0111600834000853	0.956120797365606	0.988590725913015
YPEL5	-0.363239397932652	0.314257653814625	0.736767259573062
RPS4X	-0.356921036323733	0.137556865626783	0.62096769675782
PPP2CA	-0.277759169636152	0.290247183802985	0.72511002347403
RPL23A	-0.545910237696123	0.0724415070531383	0.546863283592589
RPS6	-0.247455705993385	0.305701735720617	0.733794905462472
H4C1	-0.124408383038649	0.800152404084167	0.950668420446453
RAB1A	0.30969357772241	0.172568226849245	0.658639622312128
RAN	-0.467103149497522	0.118822111864522	0.603657714049279
RPL23	-0.168289042403256	0.503240417498428	0.831803948768637
RPS15	-0.672065915534755	0.0633474681919758	0.544722590230742
RPS24	0.447366725317703	0.194689603098729	0.679021487722544
RPS25	-0.467760436019972	0.16232097644876	0.650680451109916
RPS26	0.395430579084465	0.105199920079969	0.591801390095067
RPS28	-0.529587645109235	0.0557370365903301	0.532612173310721
FAU	-0.505293988690184	0.099842191614805	0.580697606155972
GNB1	1.84987483188969	0.022755520545951	0.405901597738401
POLR2L	-0.743478070050635	0.0419313208183415	0.504235911301461
RBX1	-0.189384762472233	0.439314398846456	0.80364239962056
RPL30	-0.269336174921321	0.263566970393316	0.713451901662528
RPL39	-0.457247951143092	0.103866360391524	0.590409812866491
RPL31	0.111688755600156	0.658482074118045	0.903694301594937
RPL10A	-0.401188907385425	0.206398347610017	0.687127570036784
RPL32	-0.33385357984314	0.351555461900515	0.759430705703175
RPL11	-0.15971405661611	0.511551492690342	0.838246478884704
RPL8	-0.456914290042185	0.189742868940545	0.67432603558699
PPIA	-0.492914394328885	0.387635781134489	0.780926484252587
FKBP1A	-0.507804055551063	0.653003217649946	0.901485577155569
GRB2	-0.735883993797472	0.00674062461399211	0.25996949524775
RAC1	-0.83644090663471	0.118584323706744	0.603657714049279
AP2B1	0.292310875809108	0.276295040653851	0.719131411179691
GNAS	0.450439106146828	0.355759054963102	0.762646226488252
PPP3R1	-0.562769509431583	0.101535933718495	0.584241037968919
YWHAZ	-0.687283007572788	0.0320568895166995	0.483223746552783
PPP2R2A	-0.637643411605929	0.022660859793683	0.405901597738401
SUMO1	0.19712570988176	0.535968012677797	0.854476135649611
DYNLT1	-0.0632752450377119	0.81104347203527	0.955769828519835
RPL38	-0.155963423492249	0.518455691575934	0.84456195419961
SKP1	-0.161027337749466	0.637743784399927	0.894982474303889
RPS21	-0.48700360180295	0.0910451020801159	0.571547284880805
EIF5A	-0.0697420054025457	0.801718640392572	0.951041137021604
RACK1	-0.206356533454041	0.547255482012791	0.860676515421257
SUPT4H1	0.403689357109258	0.491643709192733	0.826504557765825
UBE2I	-0.722652468494356	0.00731591844986685	0.274731990209474
TMSB10	-1.16950377642869	0.191043751565991	0.67432603558699
YBX1	-0.36745747418577	0.291638208328604	0.727990186504231
CSNK2B	-0.0284628650136938	0.927645516067567	0.981363163471328
TPM4	-0.533237559021458	0.0958087833664508	0.572459568995773
UBE2L3	0.157186108248055	0.829700251761413	0.961306717951752
EEF1A1	0.0252028343411403	0.914510636402495	0.977777231378392
TUBA1B	0.308627605098224	0.890346993484515	0.975522990149849
TUBA4A	-0.695151020366044	0.250406464738055	0.705393357536013
TUBB4B	-1.20229521996993	0.138708152204469	0.62096769675782
CSNK2A1	-0.0285023732396468	0.918039795739308	0.978830700609312
PAFAH1B2	-1.0437495800959	0.217117707148893	0.693318671866713
IGBP1	-0.941982802429891	0.200066354305904	0.681371569438006
EIF4G2	0.274351093116344	0.332358141932337	0.748461444298966
RPP38	-0.649415303851303	0.0505074786622267	0.522276609065199
RPP30	0.197814873793757	0.344248667031183	0.755164014907557
GTF2I	0.317771657279351	0.423223560641469	0.797105175145679
PIP4K2B	0.345970961363051	0.304201490140951	0.733794905462472
SRPK2	-0.0132562589117065	0.951585156843529	0.987883784112543
CCT2	-0.162007907302396	0.560572993476774	0.863880571936714
RAE1	-0.0398362398714838	0.88629314864657	0.974801112660063
GSTO1	-0.806198903423898	0.415929982568662	0.79605336871937
PRKDC	0.386117345646582	0.215429322443402	0.693318671866713
IFI35	-0.0626822308781065	0.81653749732661	0.958358373710502
BASP1	-0.205990470678596	0.502459149071058	0.831780931260057
HMGN5	0.203637515262045	0.502594262646519	0.831780931260057
SARNP	0.275493720803439	0.396287283265197	0.785945086891242
COG7	-0.495182413300395	0.344330800537153	0.755164014907557
RPL24	-0.090806963229948	0.814333890816277	0.957733564897424
ARF1	-0.435349657789708	0.682323453682828	0.908279448139361
ARF5	0.0313583632782226	0.910947259880001	0.977491526270722
RHOG	0.21391775764063	0.517335663062204	0.843656539255791
RPL19	-0.51837695043983	0.582310656233769	0.867324946238548
SRSF3	0.128752198766183	0.764645865731869	0.936654084843243
FOXK1	-0.511386122073887	0.146648593094328	0.631359174870457
CCZ1	0.695955450377642	0.0943793471188341	0.571547284880805
DAB2	-0.472575905145181	0.266453770182471	0.714014376277403
RBM3	-0.951571479301634	0.00817303955042573	0.279463448320539
CYCS	-0.52076573349742	0.275820357604878	0.719131411179691
PITPNA	-0.766569494438059	0.283034176883856	0.722783488148459
HDLBP	0.101824115743135	0.726410016254529	0.920358460604115
GTF2B	-0.0318602018238039	0.913245044346605	0.977777231378392
CDK6	-0.848640778615227	0.0509150604095238	0.522891667135446
CDK5	-0.313969589953068	0.336216344150281	0.748528859172489
PURA	0.356713613649319	0.213344660352069	0.691640680291313
CLTC	0.00935165279685535	0.966152412257025	0.989788505317824
HSF1	-0.701272453387745	0.0926640239119917	0.571547284880805
NFKB2	-0.0564357442019805	0.859994141987412	0.967835663770776
FKBP3	-0.205469031415895	0.499445580943182	0.829374139650024
REEP5	0.0724804985171694	0.798262501393662	0.950587418210366
SORD	-1.01027659976227	0.305668031808637	0.733794905462472
HNRNPU	0.107766281143824	0.733820162317415	0.925091971305457
SPTBN1	0.121227839406409	0.674780263133895	0.906586463017914
TIAL1	0.549538165166368	0.436716511984865	0.801909007018394
SET	-0.147762170459757	0.662564277979235	0.904874449927716
SRSF2	-0.344032067371618	0.41076123567062	0.793003645124872
AMPD2	-0.683197793534948	0.13522960355882	0.62096769675782
CAP1	-0.0612594075094783	0.925213858146935	0.980616142102595
HMGCS1	-0.90183830109623	0.125526121488691	0.612829208724818
IFITM3	-0.659727225139711	0.0541232467244171	0.530702092386409
SLC7A5	0.223656660165567	0.441972492426994	0.80475652694345
DR1	-0.189789487567882	0.40007925162764	0.788290429933894
EXOSC10	0.288163123157201	0.183531954849057	0.671538716845141
OTUD4	-0.364108660625035	0.23710611069468	0.702632661148334
PFKP	-0.422769695057035	0.356034767026317	0.762855274093924
EWSR1	-0.693597817684179	0.1498891945031	0.637861840267461
OCRL	0.0359575667741368	0.921196505065232	0.979562939544027
PLCB3	0.215302503793474	0.363371906346267	0.76743716382258
COL7A1	1.51624983069388	0.0092379251740139	0.287098910923881
RPL18A	0.370848568200707	0.241017563447439	0.703823957092988
MAP2K1	0.513141482664722	0.485124550621876	0.823203045620481
FKBP4	-0.0881761951543432	0.75969110109335	0.934282563568121
RASSF7	-0.602041407895474	0.0668427499866073	0.544722590230742
RPL6	-0.490075018176334	0.164793315887244	0.651779570131785
DST	-0.161066767828771	0.818415810230309	0.95865075999301
TNFAIP2	-0.0359975780931023	0.875645277329245	0.970677774637743
MVK	-2.21442672569461	1.41183968931553e-05	0.00335782539442211
UBXN1	0.129321793370952	0.633705615252006	0.89445886544472
GBE1	-0.434830485164881	0.671683343875645	0.906586463017914
EIF4G1	0.166297477057494	0.447431190084291	0.806332325621789
KRT17	-0.125495492955107	0.579917087270596	0.866759840537911
TLE3	-0.687184143079065	0.0435163386541459	0.50718644115754
GLO1	0.15099486556451	0.89406632066511	0.975768273652489
YWHAH	-0.225157879287266	0.414387453444286	0.795512416230937
PLP2	-0.372569088064054	0.388610714660343	0.781134134824875
CSTF1	-0.302325908468575	0.431355428038819	0.79837120079299
UBE3A	0.528651899188123	0.517720269405096	0.843684991748465
DNM1	0.264371868925839	0.368521439239647	0.769654629900242
PTPN12	-1.09104885413781	0.0801563942290329	0.558324262617749
PTK2	-0.221530267431007	0.54368616840907	0.858546841371903
EEF1A2	-0.211385775496005	0.403097240393513	0.79013703577135
PRKCD	-1.49290684911503	0.127503225379933	0.612829208724818
CALD1	0.375174615340999	0.202490664742375	0.682482623605129
FPGS	-0.324983683508826	0.195937375435543	0.679021487722544
PTPN11	-0.324855451936102	0.511279014875905	0.838246478884704
PPAT	-0.378695613897374	0.56980872955567	0.866104211314307
GFPT1	-1.02797853945303	0.262518070835218	0.712651973332354
EXOSC9	-0.42331620537983	0.279578790341383	0.721157643615108
PSME1	-0.037704110154607	0.903263480283894	0.976805661917324
GABPA	-0.26657553420581	0.409881064133701	0.79254780287099
PRDX1	-0.814819235032708	0.203903839893194	0.683392581917859
RPL18	-0.31563386218799	0.222690257455064	0.696758979257474
C1QBP	0.446620523432998	0.387407756173346	0.780834559405881
TJP1	0.479135198192989	0.120891870993113	0.606016510212547
BAX	-0.0985362800169263	0.763731826328533	0.936654084843243
POLE	0.055951239472332	0.835068366014643	0.961519008851179
KLC1	-0.828492478709901	0.0489690046338257	0.520428612671634
SRSF1	0.0534448656414241	0.861521129816606	0.96802413562858
ARHGAP1	-0.486200046263207	0.259487782094756	0.709819294024058
TLE5	-0.615896485437489	0.149892317521389	0.637861840267461
PPP3CA	-0.578691834762807	0.100628828322052	0.582095643441473
DHX9	-1.27591853268853	0.16231869388552	0.650680451109916
CRYZ	1.97123442303721	0.360007328181084	0.765610305648642
GOLGA3	-0.17519689176293	0.552135645624442	0.86159501845938
GOLGA2	0.474549826228372	0.161500086661808	0.650406275634242
PPID	-0.0343696457246132	0.901931910547137	0.976805661917324
SSRP1	0.0686267278740402	0.809197817170979	0.954581387519691
CAMSAP2	-0.334416820926101	0.320174370020014	0.738358564325366
VAC14	-0.737881962655965	0.0352295191305013	0.48982083384319
NSUN2	-0.0982916386219976	0.723451217605129	0.917657677797795
RBBP4	0.307695591650585	0.432905996994902	0.799847976459382
NCBP1	-0.056587158096125	0.859996931787908	0.967835663770776
AHNAK	0.089661489226323	0.805751145644682	0.952727316959017
FCHO2	0.415291590743323	0.402853897060093	0.790021774307952
HSPA14	0.155974660506033	0.533213342258384	0.854476135649611
GALNT2	0.421404254269099	0.140497217641052	0.623693793904561
AP1B1	0.179862266339889	0.4310054880714	0.79837120079299
CPSF1	-0.289064832509666	0.523014349834539	0.849402288179689
BST2	-0.710242453293482	0.201607089797133	0.68220736958223
WASHC5	-0.478813697813262	0.459484851003827	0.80991226627306
NUP160	-0.107635267040134	0.799875203126014	0.950668420446453
TWF1	-0.679987325773808	0.0302301072421701	0.465521903250828
TFCP2	0.328727985127024	0.251632249025873	0.705393357536013
AKAP13	-0.385457672335388	0.170243769221711	0.655997818216151
CDC20	0.0942501682608885	0.726440373366341	0.920358460604115
GRSF1	-0.409567529326683	0.344592998126587	0.755352086523257
MAP4K2	0.647202240247527	0.121368361718575	0.606219994504851
SF3A3	0.504442573880155	0.122379856636691	0.608487997981038
TP53BP1	-0.51779040048482	0.191936364734108	0.675380990568791
IFRD2	-0.186388695818863	0.495237079671781	0.829188831905312
TRIM26	0.180894930568833	0.472861108161927	0.817464674071783
AIMP1	-0.577593283482891	0.109182913907641	0.599803060196273
ILF2	-0.130772768850839	0.600557380906675	0.877918274595
ILF3	-0.248643623205567	0.551188628624733	0.861496356021351
TRAP1	-0.135663987945755	0.95571964961147	0.988590725913015
TRAF2	-0.819282735207466	0.0201889264905249	0.385981671589848
MYO1E	-0.202028537162366	0.534132728738234	0.854476135649611
NFATC3	-1.60526985962925	0.00277101493273056	0.15513617376999
PPP1R8	0.120628166510222	0.706607862983414	0.910476320072509
PTP4A2	0.263700546927645	0.335186936109307	0.748528859172489
ABR	-0.561148096947388	0.261764869110354	0.712406487388064
NPRL3	0.50492875840915	0.0719861078170339	0.546863283592589
MLLT11	0.258360861494836	0.698617310308919	0.910476320072509
ARHGAP5	-0.014973445041381	0.966205597692872	0.989788505317824
STRN3	-0.444662532554762	0.11887022960606	0.603657714049279
CDC16	-0.349148338913118	0.31007591310012	0.733794905462472
STK4	1.09200342836678	0.189148718349372	0.67432603558699
FLII	-0.177376712783634	0.453560750375472	0.806920096566448
COASY	-0.372974623670689	0.445151015268701	0.806045280366519
ACACA	-0.830397972711889	0.0451088092402276	0.509527209386318
GPS1	0.190445817328769	0.523797276257423	0.850351209578319
USP4	-1.0908585849126	0.00118404898499433	0.0859137916061137
CHAF1B	0.498139893922176	0.0798124424906782	0.558324262617749
IK	0.153892219301177	0.569889275939315	0.866104211314307
MTAP	-0.467058061742826	0.694978031969796	0.910125712714194
PRKAA1	-0.417583343829182	0.581136743200487	0.866845434718218
PPFIA1	-0.215799643019217	0.463137273933119	0.811522355531145
EIF2B5	-0.472522511428132	0.165075077623847	0.651779570131785
TARDBP	0.844326442075044	0.0387609415986169	0.494146762527411
HNRNPA0	0.0756698498668058	0.747958343108415	0.928645211952639
PAK1	-0.580523331945766	0.0425582203399919	0.507044315540035
AIMP2	-0.529479180109242	0.0448601943108234	0.508059502234484
PRDX4	0.258467317756175	0.443866188361179	0.805506762919679
PAK2	-1.50354941987099	0.0454953003869514	0.511259825223789
CBX3	0.106268516463601	0.614572138539803	0.884244779962805
STX5	-0.115390184067266	0.802366246414545	0.951041137021604
PSMD2	-0.757655097621605	0.0121202451000076	0.32633188222096
NME3	0.649975419033911	0.580805198170299	0.866845434718218
SRSF5	-0.23121924055641	0.617150828549732	0.885046721124864
SRSF6	0.172169273179506	0.689426036655241	0.909492386084926
MAD2L1	-0.370594191154154	0.125805888858764	0.612829208724818
TRIM28	-0.04280851696846	0.872996461910083	0.970222703384492
G3BP1	0.542161024245306	0.0699813707569242	0.544722590230742
NMI	-0.208564335515621	0.409345231110072	0.79254780287099
KCNAB2	0.361925276694329	0.208153268790349	0.687135977537211
SKP2	0.337471389371682	0.288938170454231	0.725093491157769
PABPC4	0.273048050355438	0.32702714970196	0.745605106857282
IFIT5	-0.0796597272895987	0.692418586751211	0.909492386084926
EIF3I	-0.154652214579016	0.492576715200707	0.827539041495952
PPP2R5C	0.387814833854165	0.0999189305298729	0.580697606155972
CTBP1	0.249817623716158	0.348692038521605	0.758533086536938
PDCL	0.706680491407823	0.0642254254593771	0.544722590230742
TARBP1	-0.0405233480513623	0.865916970211314	0.968614121521976
DYNC1I2	0.0504540374325977	0.868169140732347	0.9692971804576
ORC2	0.391855025723004	0.141142319351403	0.623693793904561
ILK	0.266253093126096	0.262098115006837	0.712651973332354
SNTA1	0.360642684883658	0.425038137215763	0.798264666412073
SNTB2	0.29440927718343	0.364539932548541	0.767808994497652
XRCC4	-0.00645138767720255	0.980231578763061	0.993406488689762
TCOF1	0.861235580886731	0.0521383836845396	0.529807504973953
SF3B2	0.105799593186376	0.662606162647571	0.904874449927716
GOLGA4	-0.434984407249409	0.286462410751743	0.723115583533795
PDAP1	-0.252472221589507	0.378364247685794	0.775511964957988
FKBP5	-0.0815708661759231	0.740473745755951	0.926891258941879
MYO9B	-1.10295146804198	0.0783516337777951	0.558324262617749
ROCK1	-0.920834028003149	0.276502751030135	0.719131411179691
BIRC2	-1.28345378072582	0.0379268463951893	0.492782762058909
PICALM	0.542898906771576	0.0481037620116802	0.51741760093468
SQSTM1	-0.603623666466152	0.0798981097402268	0.558324262617749
TUBB3	-0.491760687501145	0.427895422207062	0.79837120079299
PIN1	-1.05114171997264	0.0101434663382948	0.29799876338284
HDAC1	-0.0124869750991117	0.970953228134648	0.990889947779014
CAMK2G	0.56965860023417	0.356540778225917	0.763101044009468
CAMK2D	0.318292992767351	0.14804961474694	0.633800400731651
DCTN2	0.136146844818953	0.584100557159915	0.86793977271836
NAE1	-1.88749469805776	0.24300215799126	0.703823957092988
TDG	-0.247017980684646	0.427481386075706	0.79837120079299
ITPK1	-0.997177482825229	0.020964402240524	0.388522103860101
SNW1	-0.321145155947114	0.34986288872434	0.758605000822475
IQGAP2	0.252937814135841	0.314442279858	0.736796606498137
SNX1	1.24190879166027	0.0173392984187577	0.36033755597428
PWP1	0.0747926780802644	0.801614052677373	0.951041137021604
MTMR1	-1.92592800118136	0.0374928856338322	0.492352893860232
MTMR2	0.118808991274133	0.677466332935789	0.906815341677001
CUL1	-0.00164289635189618	0.994159953885306	0.997655593666899
CUL2	-0.0474218389837411	0.84498796633884	0.964994258952975
CUL3	0.158057453221069	0.529344948934634	0.85394314935582
CUL4A	-0.150511139387241	0.508314708857909	0.835995108959166
CUL4B	0.520134702481592	0.22962103027582	0.697313398466417
TP53BP2	0.402845815334125	0.361897351936094	0.766543331409541
GFUS	-1.01583529409343	0.0542449948308128	0.530702092386409
RAB31	-0.152321708170938	0.871745371119595	0.969551032533843
RAB32	0.60763457418561	0.0695589558336533	0.544722590230742
FHL1	-1.41490923180301	0.0162107659211505	0.348735120142941
FHL3	-0.482311234990316	0.318091927631646	0.738358564325366
PMS2P11	-0.5422900267539	0.0509061846417798	0.522891667135446
RIN1	-0.153590261888805	0.759097048984763	0.93395948074447
AAMP	-0.622155381390478	0.213535015201138	0.691640680291313
ALKBH1	0.531256996822741	0.482824681691484	0.82185783790109
ALCAM	0.202789724410405	0.556436774432549	0.863768366838121
SPTAN1	0.506005494395755	0.0856250129309334	0.564396138822547
GNL2	-0.116526042467438	0.63313130240098	0.894409545349578
DDX39B	0.8405271629595	0.00568184977917721	0.247660963411422
BLMH	-0.713891528966045	0.169064565956408	0.654027426693374
EXOSC2	0.123426166674001	0.647676176832196	0.898835796034135
TUBB2A	0.0361802882426403	0.94594821564112	0.987838851550511
KLF5	-0.323626754365094	0.429989112558455	0.79837120079299
BYSL	-0.12519609328411	0.741734489484454	0.927311472943712
IDI1	-0.917677448436287	0.358432052986953	0.764027012904483
CBFB	0.065604542838031	0.826244424068906	0.961306717951752
CKAP5	0.378068968986785	0.138072604394353	0.62096769675782
CIRBP	-0.172436374334758	0.534735060689581	0.854476135649611
HNRNPD	-0.238340045507247	0.435681715100747	0.801811129646866
IL18	-0.905764287326306	0.467720712295702	0.812061020047722
DSG2	0.335691033807286	0.682101091075153	0.90826586964004
BOP1	0.111344685063074	0.802660958181208	0.951041137021604
UBE4A	0.131021243368377	0.618680676723257	0.885424000102049
SEPTIN6	0.033573854238238	0.922053317900613	0.979967788960408
SAFB2	-0.0462946899043928	0.89954765679468	0.976805661917324
EIF3A	0.170851678066001	0.587527713915189	0.869785921535731
ARHGEF7	-0.0516746526252163	0.814554522259173	0.957733564897424
UBAP2L	0.328283893571079	0.24288900374242	0.703823957092988
SCRIB	-0.164964974531657	0.525183284821567	0.850665774620177
GIT2	-0.194704181033899	0.398372159986998	0.787001023029229
TTLL12	-1.01015962326663	0.223400067709244	0.696758979257474
POLA2	0.367827588788391	0.466052573322819	0.811522355531145
DOCK1	0.470366854335399	0.110754268234271	0.601254065793282
DPYSL3	0.547881943419597	0.355721146970621	0.762646226488252
DCTN1	0.538871172512472	0.074522767874156	0.549108380842103
DYNC1H1	0.566983544835065	0.0275315805918132	0.454488244762125
EIF2B1	-0.773851096654269	0.0170023740562793	0.356651946408226
EIF4A2	0.313902268009588	0.251792838599695	0.705393357536013
ELOA	0.55480839238605	0.238428407257185	0.703823957092988
MAP7	-0.5223219907055	0.781101454127943	0.942705789353054
CTTN	-0.305868400077248	0.202885547153379	0.682482623605129
TRIM25	0.168033112175515	0.495983162706024	0.829188831905312
FAM50A	-0.0507468445167909	0.855915513488508	0.96575187581174
FRG1	-0.0432805445148254	0.846986392061389	0.96552575740393
GALE	-3.66868257799052	1.08949452492641e-05	0.00310941737413996
PDE3A	-0.376218000333171	0.180477287040157	0.668893211162157
CAPRIN1	0.085307401951134	0.768148519154503	0.9384828226314
BECN1	0.408653678133248	0.118673884438558	0.603657714049279
RBM39	-0.0310001787369245	0.926785337367435	0.981099908325913
PRPSAP1	0.0192387608920725	0.963102028934147	0.989215178445922
MCM6	0.154212287684121	0.565705822778823	0.863880571936714
ITPR1	1.04004712008446	0.0205356298967439	0.385981671589848
PLS1	0.0683533666371723	0.788234107629339	0.944689309843561
LAGE3	1.63619339301623	0.0571346375312924	0.534714797946429
TRIP12	0.302158757367238	0.418416723800458	0.79605336871937
PUM1	0.187897458400151	0.585633333650805	0.868887186203986
ESPL1	-0.172798420939802	0.464957066416541	0.811522355531145
CLINT1	0.0516922511665783	0.910904421228818	0.977491526270722
SMC1A	-0.112326106808659	0.669672217257268	0.90648074095336
GINS1	0.408262227873394	0.417945956259091	0.79605336871937
USP10	0.513988830628772	0.0613788891109488	0.544722590230742
GANAB	0.729343932436031	0.0743295253376507	0.549108380842103
PPP2R5D	-0.922897615428166	0.18747763465797	0.67432603558699
COG2	-0.552245247228317	0.465475851914396	0.811522355531145
MVP	-0.23204252958217	0.461091265316225	0.810854473143589
NAA30	-0.0250835670903697	0.92078823365088	0.979562939544027
CHD4	0.0968616615154083	0.756111115440376	0.932420562407479
LASP1	-1.01554769008344	0.0126836869556396	0.32876576162511
PTGR1	-0.724577644403222	0.298712586749391	0.730992545228958
DRAP1	-0.870004086407455	0.163040688883022	0.651098124168114
KPNB1	0.100889324223406	0.792902781863348	0.947873480149946
NOLC1	0.303317136820553	0.549108123109885	0.861496356021351
NUMA1	-0.0805522154364482	0.769897354096483	0.939514795246966
PSME4	-0.979612185184216	0.37120912774863	0.771804893585179
GAPVD1	-0.965084574441274	0.0486080067791971	0.520227192554357
NAA25	0.329376509003637	0.193826402335193	0.679021487722544
NCAPH	-0.1425101491173	0.647926912004106	0.898835796034135
PCLAF	-0.188196719034323	0.731467084813525	0.923992502238625
PSMD6	-0.298885356167162	0.353812186672599	0.760376491538854
MORF4L2	-0.473895803575996	0.382916401720366	0.77784473494722
ABRAXAS2	-1.55471236656658	0.00597911238388879	0.247660963411422
SEPTIN2	0.629226503278282	0.0553220514721942	0.532210567084188
SART3	-0.602599808519152	0.449885025724937	0.806332325621789
NCAPD2	-0.120547599550317	0.622483772319597	0.88652274393277
SUZ12	0.280595820988871	0.450639799370994	0.806332325621789
EXOSC7	0.944041500620969	0.0192843849115346	0.375256599119453
EFTUD2	-0.301393517656216	0.530526143342645	0.85394314935582
R3HDM1	-0.331222662006461	0.141585995480238	0.624189959908183
SNX17	-0.391092437269322	0.223391890880273	0.696758979257474
RAB3GAP1	0.0676320467244942	0.819923776388646	0.959566344100545
KARS1	-0.745378995544385	0.0615639512116829	0.544722590230742
SETDB1	0.437630543872345	0.212480320154878	0.691640680291313
LRRC14	-0.769429055512219	0.199219039661405	0.680651802705885
POLD3	-0.276357614965384	0.540870335895368	0.857638051177289
EIF4H	-0.255005856053948	0.400458980931544	0.788290429933894
ACAP2	0.809105391692075	0.039166546234781	0.494661326284317
KIF14	0.529906978078902	0.33129960667237	0.748461444298966
EEA1	0.243032018290741	0.53386570023132	0.854476135649611
PDIA6	1.26458527777363	0.00808160738796192	0.279463448320539
PAFAH1B3	-1.0579925201957	0.246271264273832	0.705393357536013
PLCB4	0.523164970556945	0.0673769041077495	0.544722590230742
PLEC	-0.0143639605992725	0.963104149442327	0.989215178445922
PCM1	0.531844242887122	0.068709938740756	0.544722590230742
PPP2R5A	-0.471598300309164	0.324916705216046	0.744224153027723
PPA1	-0.829416088686607	0.316229514550198	0.737753979176782
PTGES3	-0.77473736310106	0.106327153203846	0.595015088713286
STK38	0.0443952729127659	0.903833976857755	0.976852626843739
NONO	-0.107694021421793	0.737880317902009	0.926127998613976
PTPA	-0.828048249961199	0.255809018394967	0.707066134778811
RAB35	1.10308083596824	0.0286325049901972	0.457283506019946
RBBP5	-0.0154623244481016	0.956785830955109	0.988590725913015
RCN1	0.57498693171252	0.141925604554186	0.624443487252281
RALBP1	-1.83365986772854	7.84127350459839e-05	0.0134273967492743
E2F5	-0.457910777844972	0.360031564958172	0.765610305648642
LLGL1	0.0425556958799831	0.893796830878072	0.975768273652489
LRRC41	0.324149121782717	0.210140828584096	0.688830694616015
PCBP1	-0.136021804820331	0.712172157997996	0.912168824314977
PCBP2	0.564360882108783	0.0903780880963391	0.571547284880805
ELOC	-0.0726777532569614	0.817145268959304	0.958585092360324
ELOB	-0.659020244451209	0.0190783968218357	0.374937348043077
RHEB	-0.084817314662871	0.833360674214089	0.961519008851179
UBE3C	-0.0606527270686321	0.833102085264489	0.961519008851179
SF3B3	0.282125736266515	0.481051295445156	0.821579976735937
DLGAP5	0.408101294390661	0.308744472151038	0.733794905462472
RSU1	0.441131797019899	0.201031964187905	0.68220736958223
CNN3	-0.602874060627109	0.0402075261119815	0.497381342867134
RPS6KA1	-0.0693657410709569	0.80238102415986	0.951041137021604
SF3B4	-0.374254775824102	0.106907643962796	0.595931483027722
PPP1R7	-0.845926493882388	0.120030935346001	0.604307086641645
SEC23A	0.313864577827076	0.213627302440821	0.691640680291313
SEC23B	-0.347250084112847	0.59962448880793	0.877706097630649
SF3A1	-0.168275627088754	0.480503695984923	0.821579976735937
STIL	-0.647617306302323	0.176084740520165	0.659088374873031
SKIC2	-0.00588222835371965	0.979579220812489	0.993406488689762
TAF7	-0.255841161571659	0.834303303685544	0.961519008851179
MAPRE2	0.0362386131069456	0.87641650277621	0.970677774637743
TSN	0.0923062247052542	0.902472032306395	0.976805661917324
TARBP2	0.0221375378877084	0.938072614930247	0.985525040609641
SF1	-0.422489696781867	0.115017448318113	0.602798332058062
TRIP10	-0.646465653010559	0.0401100401847167	0.497381342867134
TRIP11	0.193907499783339	0.587770676155912	0.869785921535731
TRIP13	-0.301006826577105	0.378450041626815	0.775511964957988
OASL	0.400788948016153	0.14042285591313	0.623693793904561
TRIP6	-0.200721179249815	0.855112074332079	0.96552575740393
MAPRE1	-0.22941310488099	0.379817363597238	0.776874406860857
ELAVL1	0.215964956240455	0.395858206075233	0.785945086891242
NAB2	0.157600571906887	0.754182613327431	0.931522148775168
TAB1	-0.649309846175981	0.133346138590492	0.619424448803626
HERC1	-1.6317546274937	0.000154460853107164	0.0206639660047428
SLC1A5	0.485327678639166	0.279183979842446	0.720860444936978
MLF2	-0.438783854239365	0.434064683928819	0.800616506634758
TOMM34	0.0354231294046095	0.921674853961161	0.97980880303147
TBCE	-0.544942884467886	0.129611140857493	0.614361469432021
STXBP2	-0.683721122815523	0.0365586918811146	0.48982083384319
NEDD8	-0.81566830562457	0.0821468211010546	0.561826180788743
RAB11B	0.0850004056629672	0.837498138097625	0.962246250455162
ZYX	-1.21674143936045	0.00626481028287161	0.250650960943676
SEPTIN7	0.228507881016373	0.70420852207033	0.910476320072509
ADRM1	0.0571333158712193	0.82944508920359	0.961306717951752
CCDC6	-0.678896534319403	0.0458730664683664	0.511259825223789
UAP1	-0.896876987913675	0.302835556028266	0.733794905462472
PDCD2	-0.0163741143609712	0.958049093558907	0.988590725913015
PSMD5	-0.214703414296952	0.516127870560049	0.842724327494238
PKN2	0.0807969422307906	0.746810571620944	0.928578581791827
DDB1	-0.172827275114628	0.598507235877127	0.877663449310734
PPP2R5E	-0.245447313610129	0.264747427160692	0.713451901662528
MAPK14	-1.45657664892685	0.0102326134588361	0.29799876338284
CDC37	-0.481131691867692	0.284942101208882	0.722783488148459
DPYSL2	-0.158472965435422	0.683846040837276	0.908679160298929
RBBP7	-0.203482125328733	0.582119738233707	0.867324946238548
TAF9	-0.250272231447525	0.628269634573635	0.89130147515521
MEA1	0.443777859753173	0.0811952270109705	0.560393787323419
SRSF7	-0.0078490164112246	0.975702773695584	0.99286512341117
CPSF6	0.0125587908912692	0.967690445086757	0.990598468535726
SMN1	0.314628164712211	0.448398654019007	0.806332325621789
DBN1	-0.256374471767277	0.279783673472857	0.721157643615108
NRF1	0.129507785261229	0.685476494747782	0.909084533461975
FSCN1	-1.58424219199044	0.0532405266144254	0.529807504973953
NDUFA5	1.00690996046513	0.0141482063772289	0.331712511424781
KYNU	-2.646471564045	0.104694332305825	0.591288174935668
UBE2S	0.145908929355503	0.686334475709162	0.909377248687999
H2AC18	-1.82799487848422	0.0735054472231847	0.548751576885112
HADH	0.612325511194147	0.239519145332285	0.703823957092988
UGP2	0.122353351010489	0.776173868850852	0.942638392212908
ATP6V1F	1.00405478631338	0.13466486008436	0.620880051517195
TXNRD1	0.352762723433642	0.469669770348043	0.813837814425643
TPD52L1	1.44246000000305	0.202755964551696	0.682482623605129
HNRNPUL2	-0.0902534958532968	0.752628496343042	0.931151479958335
INF2	0.0481167426888689	0.916052713037776	0.978473709840827
PDS5A	0.546645238036213	0.0785908687615215	0.558324262617749
AAK1	0.101958596091421	0.689566528466066	0.909492386084926
WASHC4	0.51766563515557	0.0968617858151528	0.573734022165281
ERCC6L	-0.116883865832843	0.826909747351704	0.961306717951752
TSR1	-0.0439482481594347	0.849290090382915	0.96552575740393
QRICH1	-0.524374978013014	0.461586627201805	0.810854473143589
SMU1	0.135338437821794	0.643023788297321	0.89608881435574
AP5B1	0.680665532100413	0.0525837094163427	0.529807504973953
LRRFIP1	-0.54471607806655	0.227309373726715	0.697313398466417
TRMT5	-0.800271374872779	0.043426089948219	0.50718644115754
EML3	0.0268698303032515	0.91086496659518	0.977491526270722
EDRF1	0.256395846811387	0.489662098605993	0.825867416902052
MAP7D1	-0.001254811446465	0.996749564531386	0.999144529198716
LSM12	0.0214227668162721	0.938728409614117	0.985941197634454
CCDC88A	-0.758529972283668	0.145943312303485	0.631359174870457
RABL6	-0.654747772255515	0.0464798366134228	0.511259825223789
PARP14	0.462636141448051	0.0602840860928564	0.544722590230742
C5orf22	-0.432215290998467	0.297272083688273	0.730992545228958
VPS26B	0.136573431907358	0.683547809243618	0.908679160298929
PREPL	-0.921279136985845	0.103449695833447	0.590409812866491
TBC1D10B	0.19887266331364	0.538787594014349	0.856253613748014
GRIPAP1	-0.196471693923797	0.722328012046043	0.917430005027841
FAM98B	0.226207124492639	0.381861419296461	0.77784473494722
PDCD4	-0.419640657634151	0.113372419114407	0.601993131615572
CEP55	0.00994051616160618	0.976656717213979	0.993187473464484
PHLDA2	-0.107012919648497	0.705164948276085	0.910476320072509
PDLIM3	-1.79252136022287	0.00418084094123529	0.203388409879867
PYCR3	0.0494457049555557	0.909516208481274	0.977491526270722
KLHL26	-0.571440496728531	0.318850559959916	0.738358564325366
SOWAHC	-0.0201942862925435	0.947949615269547	0.987838851550511
WDR81	-0.0114211549331138	0.969131727859949	0.990652561358272
ACTBL2	0.39807544892534	0.17558848109128	0.659088374873031
CCDC93	0.113153947183356	0.69117903454891	0.909492386084926
DCAF6	-0.733756609512675	0.117529065244042	0.603657714049279
ZC3H12A	-1.44462193576571	0.0123816562722138	0.327196731489797
DNAJC21	-0.356114686322115	0.141722177302208	0.624189959908183
HERC4	-0.283030445301954	0.377784095336765	0.775511964957988
PPP6R3	-1.22490059542393	0.410667935883907	0.793003645124872
DDX60L	0.785241662547953	0.352718222710818	0.760376491538854
PSMG4	-0.147970691534805	0.671197280991665	0.906586463017914
WDR44	-0.201358409134187	0.410231113911384	0.792866545668006
PRRC2B	0.562547159434317	0.296117791927673	0.730992545228958
TJAP1	-0.246341965767613	0.827387020926946	0.961306717951752
RRP12	-1.17215694718582	0.0227403746817354	0.405901597738401
PCID2	-0.149002022837273	0.583307037435833	0.867666198668151
SAMD9	0.297801449988533	0.2493581832317	0.705393357536013
SPECC1	-0.757035160927163	0.029888157211264	0.465521903250828
PPP4R3B	-0.0245499971651029	0.944184326834774	0.987600132132244
SAMD4B	-0.386169118422075	0.611575045835214	0.883019484391418
ATAT1	-0.311441948081395	0.396066426660937	0.785945086891242
SNAP47	-0.321319513560155	0.684736782893801	0.908679160298929
NUP188	-0.44940779265211	0.130609495359192	0.614361469432021
HP1BP3	0.46346435718165	0.558844460179493	0.863880571936714
CEP170	0.0365430290771869	0.886810541310492	0.974801112660063
CC2D1B	-0.274802594592245	0.469760018739452	0.813837814425643
FNBP1L	0.334147488527108	0.30184509269646	0.733794905462472
CHCHD2	0.19047525075305	0.545304363881431	0.859200582177551
DDX59	-0.19816218521164	0.591977443650155	0.87297810412205
ARMH3	0.125171340525696	0.806735931786133	0.952727316959017
HECTD3	0.177862125236473	0.839877837787355	0.962521274636923
UBR4	-1.2922673763588	0.0226487797397874	0.405901597738401
STXBP5	0.123632862980795	0.814417371815365	0.957733564897424
ARHGAP21	0.581619530167245	0.119647655412831	0.604307086641645
CAMSAP1	-0.525027925294015	0.0965911128401022	0.573734022165281
KANK4	-0.352050462280921	0.247875449930294	0.705393357536013
EEIG2	-0.0857920493198563	0.775156810082832	0.941937639501733
RBM26	0.325184971860757	0.304069730603896	0.733794905462472
INTS11	-0.338495020432237	0.39632225600708	0.785945086891242
DCAF8	-0.0805181369579344	0.941629350705165	0.9870252043198
RNASEH2B	-0.637584358558769	0.136340083891994	0.62096769675782
DDI2	-0.0328980590176933	0.912678431108362	0.977771862756481
NT5DC1	-0.261996238081771	0.70070679438813	0.910476320072509
VPS53	0.236296016914984	0.35324067354396	0.760376491538854
STRIP1	0.135893600749171	0.624323883863823	0.888245445935867
CDC42BPA	0.730061483518192	0.162632114619857	0.650680451109916
RPRD2	0.208212051617391	0.498967539597109	0.829223616853736
RNF220	0.438209244607144	0.444177533083036	0.805506762919679
ANGEL2	-0.446871243808673	0.27553527513196	0.719131411179691
RNF20	-0.167843430179904	0.491732564501181	0.826504557765825
PDE4DIP	0.290867770459108	0.670063352441554	0.90648074095336
ARHGEF16	-0.394017484755707	0.237986021213944	0.703662260063647
BROX	-1.81176937289199	0.0496438989382398	0.520428612671634
FOCAD	0.260798327257429	0.420806793193838	0.796481607436921
ECPAS	0.0495335007266569	0.852523348600037	0.96552575740393
TUT7	0.032995445274814	0.899830814359303	0.976805661917324
DENND4C	-1.49851824473788	0.243394286295609	0.703823957092988
NAA35	-0.134761014163612	0.638056312010538	0.894982474303889
CARMIL1	0.230538421171623	0.389040098505688	0.781134134824875
FHIP2A	0.167201043683619	0.665029160937075	0.905531118947715
RNF213	1.02197877722008	0.0329293294402687	0.486115495122247
KANK2	0.373654729518254	0.124197842843062	0.611139040472587
WASHC2A	-1.2330720907816	0.189685818449657	0.67432603558699
FAM91A1	0.275619267681261	0.335339431938461	0.748528859172489
MAP1S	-1.26983407146456	0.0841031236657272	0.564396138822547
ARL6IP4	-0.735017654561993	0.0992741619791031	0.580431198153247
ATG16L1	-0.880232197107183	0.00169768023965754	0.115361414380538
TNS3	-0.40304620360271	0.35872326464331	0.764027012904483
HAUS3	-0.784721176157174	0.0412167508086371	0.502881151822912
INTS3	-0.206049288630901	0.499956247030399	0.829578563386487
ARHGAP17	0.388497513936464	0.134958872467122	0.620880051517195
CWF19L1	-0.0861225295494066	0.708862300914141	0.911576903037981
HEATR6	0.244662895682122	0.331906806343121	0.748461444298966
ATL3	0.168550117830279	0.575286369425995	0.866759840537911
NXN	-0.113930450713966	0.891874966951554	0.975768273652489
CIAPIN1	-1.02972749995885	0.230622343403909	0.697313398466417
OTUD7B	-0.495960271756985	0.227175542108381	0.697313398466417
RALGAPA1	0.387006986740143	0.844810343343575	0.964994258952975
ELP2	-0.543114208681104	0.22988668453259	0.697313398466417
TWF2	0.156486798921364	0.681903501361879	0.90826586964004
DESI1	-1.28736477222445	0.00234488334398782	0.141386557684674
PPP4R3A	-0.252279532964927	0.317044856972725	0.738014388767954
SDE2	-0.354141794047138	0.308753801014211	0.733794905462472
KRT80	0.311264489491482	0.225574557119472	0.697313398466417
PDE12	-0.0275275956208034	0.940957271214359	0.986829514470522
PRR5L	0.150007597867095	0.6206172972445	0.885971044529064
NAA16	-0.607611343864939	0.0530822993331356	0.529807504973953
ALKBH2	-0.261114757965892	0.407869695237198	0.792099497098592
HIBCH	0.487625532074716	0.701880383804365	0.910476320072509
ARMC6	0.250442652337409	0.541018934420157	0.857638051177289
TTI2	0.0660456826581104	0.743886734697382	0.927510717646225
JMJD6	-0.150466661450977	0.579313311315587	0.866759840537911
MZT2B	0.90003184989401	0.230247772853193	0.697313398466417
CAVIN1	0.335325336855941	0.294060883453129	0.730205708853158
ZCCHC8	0.0542558663587087	0.883960018236522	0.9739910097437
DHX57	0.247494130696651	0.409618663944596	0.79254780287099
CDC73	0.802950200703989	0.0342992234982018	0.487760852837215
PMF1	0.453602770052552	0.0686502711929329	0.544722590230742
FAM117B	-0.704850362275636	0.320258971535482	0.738358564325366
CC2D1A	0.26139568327952	0.307100689737477	0.733794905462472
TATDN1	0.315809542988362	0.297044625979825	0.730992545228958
METTL2B	-0.931544072692997	0.00925476517343975	0.287098910923881
DUS1L	0.0149692899201632	0.968639128286332	0.990652561358272
MED27	0.0137808188905986	0.961987517020241	0.989017425639686
EDC4	0.681253776204777	0.0376271121297875	0.492604486322998
CEP85	0.107321568330942	0.852216928574312	0.96552575740393
PRMT9	-0.0105852542140425	0.980411682951236	0.993406488689762
PRPF8	0.151663770914908	0.720531774963365	0.917421845268931
SCYL2	0.455572543564841	0.187546563480501	0.67432603558699
WDR73	-0.62688717475864	0.188082997829862	0.67432603558699
RPL22L1	-0.306507976698175	0.372004351347833	0.7724465623594
PDXDC1	-0.508205358784281	0.283481613760927	0.722783488148459
MEAK7	-0.181804292940452	0.534936346351246	0.854476135649611
PSRC1	-0.283836503970587	0.433274341838194	0.799847976459382
SKIC3	-0.318141322237086	0.340024720393814	0.750588432546536
TTC33	-0.0109116136131924	0.96908627481277	0.990652561358272
BRAT1	-0.283905840648728	0.44409614768743	0.805506762919679
LARP1	-0.0190139380958492	0.92950573470523	0.982297363458231
BLOC1S3	-0.637632670861713	0.198352008201412	0.679315957688197
RICTOR	-0.267398857465359	0.444242342268947	0.805506762919679
WDR74	0.296250608533974	0.364353171044261	0.767808994497652
FAM111B	-0.204740576603168	0.505338356955508	0.83349539095109
NHS	-0.143578243435442	0.638884943114385	0.894982474303889
AFTPH	-0.0169809443689566	0.94275197659135	0.987030875720325
FIP1L1	0.188054553309772	0.419148785840182	0.796085160684037
CRTC3	-3.46161996059258	0.00614964132961248	0.248364288038406
SASS6	-1.01823636127519	0.281649726389263	0.722434079492171
LRSAM1	-1.95828820773374	0.0141812723901823	0.331712511424781
CWC27	-0.282539938666368	0.27032062608569	0.717692911543341
WDR82	1.01577060880936	0.0203395195363558	0.385981671589848
RANBP10	-0.212105528363306	0.722387896289971	0.917430005027841
PACS1	-0.0573800102637847	0.885908559468844	0.974801112660063
MPRIP	-0.0771134226172663	0.753992680423345	0.931522148775168
NAPRT	-0.441899414699733	0.370994205270602	0.771804893585179
DNMBP	-0.149806497267086	0.652873064838382	0.901485577155569
GIGYF2	0.215456527455022	0.467467808940913	0.812061020047722
THADA	-0.960266726629406	0.0919573415247634	0.571547284880805
HSDL2	0.565306095550383	0.15910363889914	0.646840150168297
RIPOR1	-0.0608191616272293	0.878593773559634	0.971963423031567
NBEAL1	0.29114008111323	0.463793873542597	0.811522355531145
ARHGEF18	0.0926274881803124	0.733402725327767	0.925091971305457
TOM1L2	-1.74757008402966	0.049715599074965	0.520428612671634
SYDE1	0.418704309958454	0.224569123828192	0.696758979257474
PAXIP1	0.441370028283711	0.261676563282286	0.712406487388064
STXBP4	0.784260861274355	0.266087069599814	0.714014376277403
USP34	-0.0660786983680772	0.87035569835934	0.969409222185043
RAPH1	-0.166486036804301	0.517505739800445	0.843656539255791
UNC13D	0.275706265901185	0.324900120383079	0.744224153027723
UBE2R2	-0.739197413351349	0.419871301061161	0.796179677493658
LARP4	0.18192871819144	0.607914358819588	0.881328185234199
RPS27L	-0.361342242914105	0.224377914211234	0.696758979257474
MTSS2	0.0972533684752896	0.738476196456128	0.926127998613976
SUPT6H	-0.307996701925699	0.284135979250526	0.722783488148459
SND1	0.102161738013084	0.642482477712402	0.89591774823674
MARK2	0.103385513444238	0.651185296269717	0.900452503210764
DDX46	-0.382549120161254	0.245294404107157	0.703823957092988
BZW1	-0.0124600879334622	0.95551998218058	0.988590725913015
KCTD9	-0.00224668492560198	0.993148544319874	0.997555865950198
DHX30	0.25346938182976	0.774030781747612	0.941175824646505
EIF3M	0.195962416774954	0.437241603143953	0.802231836708733
MEPCE	0.313006110823814	0.308250056263791	0.733794905462472
RRAGA	-1.44884121058166	0.104217371400902	0.590542130591403
CYFIP1	0.0740196933248924	0.796428655275489	0.950376118846232
GET4	-0.523406794151946	0.0869225348382302	0.568115071209868
COPS6	0.0635279938407649	0.783676239737474	0.942705789353054
MAEA	0.225017009331808	0.560865393555579	0.863880571936714
TAOK1	-0.618649804961162	0.0935744934998845	0.571547284880805
MOB1A	0.0274281989136043	0.903171580562248	0.976805661917324
KDM3B	0.531628668948425	0.0985518966272412	0.578625813037537
MICAL3	-1.05779353721684	0.266525338306772	0.714014376277403
DYM	0.435164328785824	0.118307248054261	0.603657714049279
ZC3HAV1	-0.0114213084487389	0.969562275737162	0.990760163960471
EFL1	-0.442870944297471	0.0596940883406025	0.541420322428219
TRAPPC11	0.986018510555546	0.156257984175361	0.641314965048231
NEGR1	0.271895055221506	0.301989696402102	0.733794905462472
NUP54	0.761884783574232	0.219233729514532	0.694366248511349
CCDC186	-0.100918773293902	0.712094127832482	0.912168824314977
ZFYVE16	-2.19367597428477	9.52492792274475e-05	0.0149604524292555
MON2	-0.577063888235312	0.484424103818338	0.822904588425444
NUFIP2	0.147089616597643	0.595135598610685	0.874622553262047
CLASP1	0.395676482357604	0.264433841848424	0.713451901662528
DHX29	0.199390821997913	0.557465967363896	0.863880571936714
COMMD6	0.359897563065825	0.215204687046821	0.693318671866713
TRMT11	0.378651608121686	0.429566785946825	0.79837120079299
HAUS6	-0.0634984276965156	0.783722192562599	0.942705789353054
HEATR3	-0.25703780723827	0.296304368631641	0.730992545228958
KIF21A	-0.312720837009334	0.42538925532644	0.798264666412073
HDGFL2	-0.583665593224381	0.105543669442981	0.592955969665881
DCXR	-0.0128232723311115	0.971572904951797	0.990889947779014
BRAP	0.00833643989408017	0.985127002682516	0.994861798620988
R3HCC1L	-0.767701267631406	0.524623600957874	0.850402739757917
SH3RF1	-1.28646667432434	0.00184647775050847	0.119727812331335
TSEN54	-0.464062457830938	0.239419595256464	0.703823957092988
HUWE1	-0.0149890720008941	0.981945204676389	0.99422498405701
YTHDF3	0.387645781308038	0.111053722324266	0.601254065793282
PHLDB2	0.826822234531775	0.365074871779785	0.768054038250732
TEDC1	-0.0382068674485048	0.921108598260721	0.979562939544027
PATL1	0.352801017628593	0.329551241466967	0.747829499718675
MYPN	-0.128676505164908	0.62746498600477	0.891233445615933
PEG10	-0.470296142409147	0.147166938264159	0.631485844488587
DPP9	-0.526444482480098	0.119450995373468	0.604307086641645
TRPT1	0.215804828174821	0.453695495046965	0.806920096566448
SETD3	0.246559236488309	0.30575026908035	0.733794905462472
RBM23	1.76043233192383	0.0521427699741505	0.529807504973953
NOP9	0.408368997457117	0.230175292213159	0.697313398466417
PABPN1	-0.0258238897509528	0.926411513860165	0.980946745197964
METTL3	-0.263495016941253	0.347484139371951	0.758533086536938
LDB1	0.277937703194453	0.298429024317387	0.730992545228958
YRDC	-0.451719441387553	0.221397245387527	0.696758979257474
PRPF39	-0.843698233259623	0.241903809290149	0.703823957092988
SAPCD2	-0.388901260291952	0.260954807499352	0.712176714653767
MTDH	0.997040562317515	0.100258607546842	0.581581434834729
RIMS1	0.600314448908719	0.0293925735633197	0.462608850825632
SMG6	-0.266217352431816	0.615224348916763	0.884244779962805
BCL9L	-1.33529733175824	0.0234708743559897	0.411798414417999
PHLDB1	-0.586093565038048	0.47619644889052	0.819701245557023
USP48	0.336669212976219	0.175172405310161	0.659088374873031
NAA40	-0.223454050304564	0.616287739667021	0.884244779962805
LUZP1	-0.0115434071161076	0.964423477914126	0.989788505317824
ALYREF	0.397486470944237	0.138135119746079	0.62096769675782
IQGAP3	0.242671543561862	0.292696341194708	0.728931376762388
VPS36	0.0262645901131862	0.923926944106009	0.980255575642583
TAX1BP1	-0.361032969912358	0.46147713019319	0.810854473143589
CAND1	0.0113965904264148	0.961169753840619	0.988894165971826
HOOK3	0.0761581175745754	0.781809583137679	0.942705789353054
RTTN	2.31041175400979	0.0666801473559601	0.544722590230742
THOC6	0.197691788113687	0.449168825759595	0.806332325621789
METTL16	-0.183148068556832	0.42551739517691	0.798264666412073
PARG	0.0887402904595618	0.693951121086356	0.909583755324904
PPFIBP1	-0.278342541361834	0.335237558104962	0.748528859172489
ZC3HC1	3.04647381326445	5.029955363076e-07	0.000940299277975581
CCDC25	-0.183619290809872	0.539052200918979	0.856282921014527
RALGAPB	-0.532892860118555	0.264788452295556	0.713451901662528
CARM1	-0.58153112653897	0.0801833383260111	0.558324262617749
COMMD2	0.439445561971269	0.185437260416874	0.673902302075244
HEATR5A	0.0848677726852216	0.748226099448858	0.928645211952639
SFR1	0.263155203589555	0.508588363801634	0.836123957540243
DDX42	0.408798927847073	0.110223848407656	0.601254065793282
SPATS2	0.00096249127720327	0.996537535139448	0.999144529198716
CACUL1	-0.0826445641553306	0.820271864551055	0.959711356147327
DNAAF5	0.0543732625324473	0.881075032093794	0.972635949559962
PTRH1	1.30082992933904	0.0825869101591242	0.562089924310351
PTOV1	-0.895852648064814	0.196818268369202	0.679021487722544
HOMER1	-0.385199040583014	0.58247120309176	0.867324946238548
CPNE8	0.251832517592181	0.447963888616979	0.806332325621789
HPS6	0.177689069455383	0.692663068750944	0.909492386084926
IRF2BP1	0.448348550432872	0.362688647163062	0.766898736552665
ERC1	0.00852880356367791	0.978089491655932	0.993404771952323
CRLF3	-0.192160183798336	0.482374335858529	0.821579976735937
ARMC8	0.546070606769874	0.0499399180173167	0.520428612671634
PLD3	1.19164925575796	0.0916377616890106	0.571547284880805
KIAA0825	-0.078137521386541	0.816192865355036	0.958358373710502
ANKMY2	0.118821250066926	0.781614703699886	0.942705789353054
ERI1	-0.172936647986031	0.458522088064762	0.809790865926257
LIX1L	-0.274745564879058	0.489776630155332	0.825867416902052
NUDCD3	-1.06145571437094	0.177828179651124	0.662797990184489
AHNAK2	0.12187535584221	0.676816242888403	0.906586463017914
KSR1	0.78792851957839	0.514460436596989	0.841254823938774
CEP97	-0.290355737359768	0.780457805608372	0.942705789353054
MAP7D3	-0.216491896011835	0.467296081036771	0.812061020047722
CCDC117	0.424284087055959	0.65396795238756	0.901816518423297
FAM114A1	0.404036976315098	0.361000433310932	0.765828966800843
GCC2	0.458243561517246	0.245087493240981	0.703823957092988
ARHGAP12	0.543698498081334	0.070631007824938	0.544722590230742
CHERP	-0.0957515427378617	0.758216278315957	0.933541526451139
ANKHD1	0.0592365328733919	0.894609433143983	0.975768273652489
NELFCD	-0.0625795349077833	0.789204487141952	0.945058576071243
GPALPP1	-0.293778332694544	0.349854889139693	0.758605000822475
RPAP2	-0.924373515260129	0.227341302497453	0.697313398466417
DDX60	0.23619584588198	0.651296176333138	0.900452503210764
CMIP	-0.682599846997707	0.152352467178772	0.6397427990457
MB21D2	0.782293288131264	0.0422058439511143	0.506115456455799
DIS3L2	0.0344497383982016	0.912430661383049	0.977771862756481
GSPT2	-0.518273966182736	0.289694428009519	0.72511002347403
EXOC8	-0.234761673115081	0.366175728117202	0.768054038250732
PM20D2	-2.68201898505935	4.59581513297436e-06	0.0016395570486886
CMTR2	-1.41481614080957	0.0385383015447149	0.494146762527411
PHACTR4	-0.114077350695929	0.692827407369857	0.909492386084926
TRMT2A	0.110305176224578	0.777489774009414	0.942705789353054
RPUSD2	0.082033699779867	0.859847635856493	0.967835663770776
ALDH16A1	0.0758230055465248	0.911527671755575	0.977578775731021
SCYL3	-0.234316768874272	0.722087104481706	0.917430005027841
XRN1	0.255972123692015	0.579694662941633	0.866759840537911
PELP1	0.174365272107259	0.469953076053153	0.813837814425643
ABI1	-0.330836599595919	0.312950574524248	0.734910263048988
WDFY3	0.212899653638804	0.552474167427428	0.861618182425071
SPART	-0.253533068716258	0.404546552714277	0.79080538455243
SPICE1	-0.578907362968948	0.109129924687037	0.599803060196273
TTC5	0.339492434311921	0.323450221381907	0.742063450019262
RPTOR	0.0550840683631613	0.834550500125201	0.961519008851179
CCAR2	0.159865958123376	0.470128688407992	0.813837814425643
VPS52	0.365937038671415	0.14798734026323	0.633800400731651
NUP93	0.0443340156343979	0.846849214369567	0.96552575740393
CMTR1	-0.425255064093825	0.115109186385462	0.602798332058062
LRRC47	-0.0499697222730688	0.884595983197541	0.974111454490066
ARHGAP18	-0.102836214154429	0.896691343757217	0.976032454265101
ASCC3	2.20141936838116	0.0590527403383142	0.540436575595496
EHBP1L1	-1.92717951347174	0.0440860814713441	0.50718644115754
PALS1	-0.0610639873730783	0.828367244094823	0.961306717951752
FNBP4	-0.561772181356726	0.236456040485579	0.701502639860543
MINK1	-1.16166864418466	0.215761610528878	0.693318671866713
CARNMT1	-0.188599131524317	0.611031855733191	0.882830703474111
OGFOD1	0.0297772132556915	0.923749532340658	0.980255575642583
RPP25L	-0.0754623057501931	0.869460497039905	0.9692971804576
RFLNB	0.183568405349579	0.380317293522383	0.777154335832612
COMMD1	0.859516563009102	0.0256863940078837	0.436362907729167
ARFGAP2	0.299023922681108	0.262980605927013	0.713286647989467
OTUD6B	0.013464447127717	0.969055641630728	0.990652561358272
C1orf52	-0.617281394758876	0.0618223104600994	0.544722590230742
METTL13	1.19202070983454	0.0241866839406648	0.422625281428515
ARFGAP1	-0.367680774135568	0.24929662244597	0.705393357536013
PAF1	-0.996630905128889	0.0151733573426008	0.338160593690087
UBR7	-0.161436182253169	0.800303037302444	0.950668420446453
CGAS	-0.716576763143649	0.138959834967062	0.62096769675782
ENAH	-0.26009058374391	0.290315015238142	0.72511002347403
ABTB2	0.180459842558221	0.45237853117563	0.806920096566448
ASCC1	0.104676559092777	0.907160741598494	0.977491526270722
LRRC57	0.00266991884431178	0.99252880911884	0.997555865950198
EIF1AD	-2.27449584614801	0.154204766725443	0.6397427990457
MLKL	0.262801294863177	0.350254255572822	0.758605000822475
AFG2A	-0.081507590811384	0.75741414650401	0.93282219826918
FANCB	0.164246610587693	0.6023240728779	0.878252505446284
SUMF2	1.2828679712871	0.0653987872642734	0.544722590230742
TXNDC5	0.6967243260587	0.049213823828064	0.520428612671634
SPC24	-0.308007493983951	0.18613234474215	0.67432603558699
SERBP1	-0.61999206050444	0.0696151574784416	0.544722590230742
FAM98A	0.307002416401719	0.465083491384854	0.811522355531145
TSEN2	-0.569166562889997	0.0798706042748413	0.558324262617749
NFATC2IP	-0.30407623572717	0.440728941008425	0.80475652694345
NAXE	-0.905074237240818	0.305183384246144	0.733794905462472
SMG8	0.178041956980373	0.524928062496126	0.850574199676728
RNF214	-2.09825608730676	0.000486568635296731	0.0443191559086235
TENT4B	-0.0893554201143445	0.893143777285159	0.975768273652489
NPEPL1	0.29981394676809	0.19810741372704	0.679021487722544
EHBP1	-0.857861820985313	0.0539433304358636	0.530702092386409
ABCF1	0.262036026097668	0.273327833292527	0.719131411179691
PIK3C3	-0.0114504554359804	0.953030576845786	0.988590665308118
SHCBP1	0.0699910694609329	0.804072245253879	0.951418817559939
APPL2	-1.26255314087027	0.164820477760033	0.651779570131785
NAV1	-0.441304100553843	0.272742816159324	0.719131411179691
VPS37A	0.0732356867982489	0.851910479566641	0.96552575740393
FBXO22	-0.330363603755067	0.458799473350302	0.80991226627306
LPCAT1	0.703948042498897	0.320003713498845	0.738358564325366
ZMIZ2	0.141758333044649	0.627704890112713	0.891278485762031
USP32	0.537219100812933	0.264192779555028	0.713451901662528
NUP43	-0.290819048281065	0.50223794705287	0.831780931260057
NUP37	-0.529987854685025	0.252623221838143	0.705393357536013
CMAS	0.270959660435537	0.498293479444549	0.829188831905312
FBH1	0.134004205292172	0.734772908883815	0.925165536156356
HELB	-0.627007853021354	0.407924100955171	0.792099497098592
KNL1	-0.486086914645007	0.262520944159104	0.712651973332354
RASSF8	0.513461595859489	0.12730160223846	0.612829208724818
NEDD1	0.369539782977476	0.489258977555525	0.825867416902052
CDC26	-0.259812055588114	0.424098651992893	0.797687621199172
PATJ	-0.523976854740749	0.317085509398319	0.738014388767954
WDR36	0.00536796408372808	0.983077401895193	0.99422498405701
WDR48	0.133654201706783	0.686020666063554	0.909242870408073
EXOC6	0.291303719822409	0.339675376144257	0.750335544516803
CEP76	0.217698083239405	0.445344353609021	0.806045280366519
PPP1R35	-0.503518628254614	0.0543850619381033	0.530702092386409
NPLOC4	-0.0376999743232531	0.871066533107416	0.969409222185043
FBXO30	0.0382153792166662	0.939135195918477	0.986126508149866
SHKBP1	0.366738106387405	0.397168227011337	0.786379541732575
ZCRB1	0.712360410782583	0.10928436976246	0.599803060196273
RAB3IL1	-0.287929325065456	0.378325084785139	0.775511964957988
TMEM167A	0.356618877058203	0.364033099771996	0.767808994497652
PIP4K2C	0.162209206064283	0.507219591887589	0.835497347426233
TRMT10A	-0.204482684954652	0.580965061044028	0.866845434718218
TBC1D15	-0.0173923092972643	0.950754640073275	0.987883784112543
IFI44	-0.207453478550505	0.519336113783828	0.845352814870178
CIP2A	-0.84262441736373	0.0970295332977491	0.573734022165281
BICD2	-0.019232925995869	0.931712913842758	0.982913500286064
NEK9	-0.960077848140841	0.1506903843298	0.638718351797896
BRIX1	-0.0303513099460773	0.951150248667014	0.987883784112543
RNASEH2C	0.580103199258097	0.0873348931908008	0.569454565357029
NEK7	0.457988282467863	0.0887987539629419	0.570144187339576
ELP5	-0.311186918504454	0.490525598945766	0.825867416902052
NSUN6	-0.369033893573942	0.54138772830555	0.857638051177289
DTD1	-0.339487312544883	0.285928964253737	0.723013523904459
DCAF11	-0.632283067504158	0.0995179863220002	0.580431198153247
UTP15	0.408010279049719	0.673257390042927	0.906586463017914
TRPC4AP	-0.145296515590132	0.561330617993297	0.863880571936714
GEMIN5	0.292587474819605	0.337355936503037	0.748528859172489
ARHGEF40	-0.592060011528787	0.393674618907875	0.784965553583891
RAPGEF6	0.20730498550121	0.421391486426304	0.796646118282653
PARD3	0.291163154175479	0.255974995004479	0.707066134778811
IPO4	-0.180117468040468	0.476442170562216	0.819794586887799
DYNLRB1	0.0233233897572944	0.951713536209919	0.987883784112543
DIS3L	0.118878039405221	0.701255716130565	0.910476320072509
ABHD5	0.523435431015901	0.175882809455717	0.659088374873031
SCARB1	0.377309822301498	0.114287696967579	0.601993131615572
COG1	0.106959733817348	0.675113131410576	0.906586463017914
SMAP2	-1.1266828403873	0.00842111301876887	0.279463448320539
ZC3H15	-0.00290960882125546	0.991461323521949	0.997555865950198
GTF3C2	0.0603689260335294	0.918181882917046	0.978830700609312
PPP1R13L	-0.23300855936575	0.384654544647152	0.778617455494772
TMEM263	0.728198936274595	0.151890473542591	0.6397427990457
STYX	0.0475986794019185	0.901973692823668	0.976805661917324
NUP133	-0.549306422879386	0.223545709264812	0.696758979257474
PDCD6IP	-0.482147390672033	0.290050328369422	0.72511002347403
C15orf40	-0.769500049122993	0.414067368589539	0.795512416230937
CHMP7	0.278914918994118	0.701626515902592	0.910476320072509
CHTF18	0.15056699309536	0.709432694106358	0.911771293573611
SNRNP27	0.54651743809185	0.579491232580503	0.866759840537911
SKA2	-0.621233945339412	0.0267196730949534	0.448576158899983
SCFD1	-0.493341925431913	0.530457731939699	0.85394314935582
UBLCP1	-0.216403954740446	0.505000260207914	0.833425641461094
KBTBD7	-0.182889254167073	0.698925589815489	0.910476320072509
PCNP	-0.450510181171765	0.154752110063906	0.6397427990457
DNAJA4	-0.318185456776511	0.394949490360046	0.785945086891242
TRUB1	-0.00508589781397717	0.982417676883143	0.99422498405701
LMO7	0.253248502798812	0.32327610845037	0.742063450019262
ATXN2L	-0.325399146412447	0.173146426996131	0.658639622312128
ARAP3	-0.433811131210483	0.182154899805766	0.66936062323475
PRPF31	0.0915917464219191	0.704645581011477	0.910476320072509
NELFB	0.133544489244354	0.564436509092328	0.863880571936714
PALLD	0.0455224398960397	0.857444576638764	0.966487686306095
GEMIN6	-0.530724451875372	0.288953397784432	0.725093491157769
CASKIN2	-1.53704383927415	0.0040694558711892	0.200245294075413
MADD	-0.263395054306137	0.507975502954275	0.835758312124232
MYO3B	-0.0768353892544056	0.845299806370861	0.964994258952975
DNAJC9	0.0711604136440798	0.806293126552971	0.952727316959017
IFT81	0.418998219584125	0.187116630803593	0.67432603558699
CTNNBL1	0.548811417129393	0.15383496505579	0.6397427990457
DDX1	0.462622242137815	0.0786809879170227	0.558324262617749
SEC14L1	-0.562044234903055	0.212872170699451	0.691640680291313
GBF1	-0.0671770236786671	0.84845888996288	0.96552575740393
RTF1	-0.213823155232614	0.403405329866567	0.790379046754588
RGP1	0.233094430820795	0.69283329201517	0.909492386084926
IP6K1	0.214067863253497	0.430123454612934	0.79837120079299
AP3S1	-0.152391362132608	0.576541282825467	0.866759840537911
TSC1	-0.335138772391478	0.261542235792431	0.712406487388064
HSPH1	-0.567550562013281	0.181326931066651	0.668893211162157
CNOT9	0.48336776117284	0.0763872457073511	0.55283431859327
MYO18A	0.181788871256828	0.502857465896291	0.831780931260057
LARP4B	0.0875999889052395	0.793830003140082	0.9479459535405
GCN1	0.710314944240725	0.0190087132115212	0.374937348043077
ARHGAP45	-0.347579461782214	0.436023431398716	0.801811129646866
DHX38	-0.216665470438127	0.329278486094883	0.747829499718675
NUP205	-0.442118979157641	0.255196033368802	0.707066134778811
ANP32B	-0.444205106639647	0.0999705993312196	0.580697606155972
PRCC	-0.00350022592476762	0.988437919202646	0.996351008266194
TFG	-0.0922796814809743	0.79342175380091	0.947873480149946
ARPC1A	-0.213663874753671	0.552833620310238	0.861643079104198
HDAC2	-0.41926467147583	0.452760622129345	0.806920096566448
STAM	0.0969591155017113	0.673026115007104	0.906586463017914
DDX17	0.38146795933341	0.20667674158916	0.687127570036784
KIFAP3	-0.141203374187317	0.788904335955416	0.944963475720519
RAD50	0.179964259181091	0.532903025603301	0.854441143298776
OSTF1	-0.312297908025123	0.608340328825539	0.881328185234199
ARHGEF1	-0.549339937161378	0.152571221276063	0.6397427990457
ERCC4	0.180717981288772	0.741835823525267	0.927311472943712
UFD1	0.07054041176022	0.769060134572933	0.939060592158222
UPF1	0.0723227236494282	0.747671706852955	0.928645211952639
COPS5	0.178278876571397	0.446480513207832	0.806332325621789
GPKOW	-0.246814329434603	0.335200956489756	0.748528859172489
SMARCC1	-0.0119300855218931	0.965971596429469	0.989788505317824
KHSRP	-0.201838903439508	0.574754383076904	0.866759840537911
SNAPC3	0.0768904505206649	0.933678884758528	0.984106223224855
TNPO1	-0.176303372024023	0.610373911183276	0.882661550606851
ARHGEF2	0.0563943952125499	0.866375648280799	0.968648250271638
EMG1	0.203518613042203	0.468742926240597	0.813082847340355
CLP1	-0.0907679376980965	0.743563047472722	0.927510717646225
GLMN	-0.208796642982332	0.534255012090403	0.854476135649611
USP13	-0.21902536524793	0.477107091660853	0.81995000377363
USP9X	-0.420366407700175	0.227347748496775	0.697313398466417
USP7	0.196678908305863	0.413345318340184	0.794642173599113
CUL5	0.104515970042627	0.771558572109466	0.939514795246966
LPP	-0.949025744684835	0.0476539058963261	0.514361314641556
PHKB	-2.28810064723636	0.000260695455762685	0.027075339268695
TSR2	-0.501812789749479	0.0456472492108468	0.511259825223789
HPS3	0.499311587725991	0.266505171668503	0.714014376277403
MYDGF	0.802703851843766	0.265030844865468	0.713451901662528
BORCS5	0.224315213035691	0.441921675293543	0.80475652694345
LSM10	0.56855755283874	0.0266682665892654	0.448576158899983
NEIL2	0.0622211195063684	0.810779924719039	0.955769828519835
ZNF622	-0.804361493042052	0.107706619426643	0.596131135961605
PSMG2	-0.414362593915993	0.168595177850074	0.653221260648559
SYAP1	0.578548726199852	0.0835836654943729	0.564396138822547
EXOC4	0.168232563463771	0.469716927576111	0.813837814425643
MAGOHB	-0.490623562073612	0.132586033891983	0.618869857145069
FERMT2	-0.440511784533776	0.414220618028549	0.795512416230937
FUBP1	-0.156759748507522	0.682012560113731	0.90826586964004
VPS33A	0.0422713992500547	0.865905125754579	0.968614121521976
ISG20	0.729765809356454	0.0161923198629119	0.348735120142941
ARK2N	0.542998626066282	0.0861498979446441	0.565042269930477
AKT1S1	0.0424876862925601	0.844862566663604	0.964994258952975
LENG9	-0.118256686896409	0.673505879305219	0.906586463017914
SH3KBP1	-0.454692354945166	0.14076864948782	0.623693793904561
SKA1	0.0726458474761884	0.934682528295319	0.984106223224855
RNF25	0.410038621361245	0.0928731373233149	0.571547284880805
PPWD1	0.219786809498824	0.413377276478679	0.794642173599113
LENG1	0.0482073037578843	0.912623482370191	0.977771862756481
ARMC5	0.0629274420758321	0.830688953616059	0.961306717951752
EFHD2	-1.29041334533272	0.00165970005270809	0.114599611703925
CUSTOS	0.387136193756668	0.154817458493657	0.6397427990457
DCPS	-0.218151268895596	0.863827357671007	0.968560705052396
CHMP4C	0.274581838020545	0.485153301588525	0.823203045620481
ISOC1	-1.58833847630408	0.0846476866432428	0.564396138822547
GCC1	-0.082667246129553	0.824549629279054	0.961306717951752
FLYWCH2	-1.28076240671318	0.275368390205366	0.719131411179691
HAUS1	0.222618133362669	0.845108375090822	0.964994258952975
CCDC124	-0.528179359348975	0.0526105119449845	0.529807504973953
OPTN	-0.60448027906823	0.38881209526588	0.781134134824875
AP2M1	0.10258546219973	0.704930462473283	0.910476320072509
TUBGCP3	0.349101390486901	0.162553133811051	0.650680451109916
NMD3	-0.0806313369114484	0.755210938942402	0.932254333798276
REPS1	0.164332980835052	0.783611895438385	0.942705789353054
MSI2	0.115843972039062	0.672011639705286	0.906586463017914
SNRNP40	0.0489142533581521	0.850529057707584	0.96552575740393
RMC1	0.206537961022843	0.500316143117025	0.829854090927541
SPDL1	-0.696768045358986	0.0391447787184154	0.494661326284317
SIRT1	-0.0588561057614463	0.861141635372621	0.967851756636963
SEH1L	0.0529920454415631	0.865051530251204	0.968614121521976
TCEAL4	-0.492311055130134	0.120716359550061	0.605846113990402
KIFBP	-0.334055631917202	0.386850027528918	0.780077705064201
GNPNAT1	0.880225772199417	0.108202240253542	0.597116117040709
FAM120B	0.0367284526594389	0.864893471514331	0.968614121521976
KTI12	0.0435627877482361	0.889952289889729	0.975522990149849
MOCOS	-0.408680238438563	0.17060594303988	0.65621207740676
DAZAP1	0.403664926535885	0.137375760966867	0.62096769675782
SAAL1	-0.171636464422797	0.637411965860058	0.894982474303889
DYNC2I2	0.0944944322120591	0.694305210101575	0.909583755324904
MVB12A	-0.287182640638939	0.295820353955831	0.730992545228958
CYFIP2	0.211647478457323	0.574543971301239	0.866759840537911
CCDC97	0.0027510448340351	0.991942074327617	0.997555865950198
EDC3	0.436338572104074	0.563666027965701	0.863880571936714
S100A16	-0.291517323754732	0.549615405969655	0.861496356021351
SIPA1	-0.217066184728495	0.556039868185525	0.863768366838121
OTUB1	-0.313034820956155	0.72069368503607	0.917421845268931
TRMT61A	0.199309501114634	0.391555177164645	0.782833620319198
HMCES	-0.260478742722306	0.690479363794413	0.909492386084926
CHMP6	-0.595740462581805	0.0911086853267555	0.571547284880805
DUS3L	0.14312055105254	0.547633760956948	0.860676515421257
OTUD5	-0.53747353963637	0.392056828302817	0.782833620319198
LTV1	-1.56048566792325	0.200388044183642	0.681924655922237
DCUN1D1	0.540271928043616	0.06529717358458	0.544722590230742
TOE1	0.307169617590496	0.244561914294995	0.703823957092988
MASTL	0.776516114793846	0.0396821199132458	0.497381342867134
SNF8	0.188104296068254	0.439637888734533	0.80364239962056
PDLIM5	-0.280997499948157	0.333886971348954	0.748528859172489
ERO1A	0.294092153852944	0.319745613466296	0.738358564325366
NAF1	-0.0970838286755331	0.77858827561497	0.942705789353054
LRCH3	0.384862859103041	0.169462700371943	0.654384369124045
GMPPA	-0.758968217166121	0.293250909198248	0.729463766576235
NGLY1	-0.241805537215551	0.459131477243821	0.80991226627306
PAWR	-0.0518541882919905	0.88378931831213	0.9739910097437
RBM41	-0.357099374590984	0.327501424509627	0.745762552300912
ITCH	0.182365421399677	0.417178473370802	0.79605336871937
COG3	0.162900636057895	0.657721266192884	0.903627965523664
VPS50	0.208502999762494	0.454973454387459	0.806934072098587
VCPIP1	0.242881209400849	0.36093017503505	0.765828966800843
ELMO2	0.0162279870217183	0.947397952485825	0.987838851550511
ZFP91	-0.353667433366208	0.604603324142193	0.879777984586243
BTF3L4	-0.182050568737147	0.564045538163499	0.863880571936714
PBK	-0.82962210066459	0.360182003171307	0.765610305648642
SCYL1	-0.26013750429669	0.374610325938007	0.774737587121067
EXOC2	0.0584302818153155	0.780952098265131	0.942705789353054
CNDP2	-2.98610692691074	0.0018885017676155	0.119727812331335
ZFR	-0.275910939710275	0.442809990044818	0.80475652694345
TRIM47	0.616076190221396	0.110063399937026	0.601254065793282
PRRC1	0.514313884488796	0.0907354747716312	0.571547284880805
FBXL18	0.155519568156162	0.544818243138011	0.859056831183484
CCDC43	-0.198369147629343	0.573587927111683	0.866759840537911
COG8	0.63651420121397	0.348763495084735	0.758533086536938
DNAAF10	0.334213106066539	0.305851245715869	0.733794905462472
DOCK7	0.128254642701744	0.689385407342402	0.909492386084926
RILP	-0.0154346522251316	0.974374605479698	0.992693404583196
ZMAT2	-0.0114520458710814	0.96615066131938	0.989788505317824
SAMD11	-0.319240769626795	0.363210127519347	0.76743716382258
NSUN5	0.389946555885572	0.237165193963873	0.702632661148334
RPRD1A	0.16827546405635	0.603089214795317	0.878447529487087
AGAP3	0.270486295544778	0.209519243444839	0.688216023060547
ARAP1	-0.686977565228666	0.0644420418497148	0.544722590230742
IPO9	-0.839460907818683	0.0432243461109313	0.50718644115754
INPP4A	0.322360057727611	0.289959301831989	0.72511002347403
RBM14	-0.00573180181742217	0.987965790210688	0.996193644981704
NEDD4L	-0.264104977610614	0.396368942442932	0.785945086891242
PUS7	-0.109491304804571	0.771626727420774	0.939514795246966
TRNT1	-0.161551903289428	0.772161405127408	0.939898486025145
SMG1	-0.0671171055445576	0.741892500544783	0.927311472943712
ALKBH3	-0.411734280292585	0.218676502608074	0.693452997804024
DEPDC7	-0.283996465405735	0.435947726480278	0.801811129646866
VPS35	0.353546386297179	0.196529677146675	0.679021487722544
XPO6	-0.806612856253562	0.174844075878917	0.659088374873031
SPAG5	-0.551566588012598	0.0839255653314281	0.564396138822547
NACC1	-0.0414160731546964	0.910727762168198	0.977491526270722
SNX18	0.189375132752701	0.440293094706862	0.804479188408056
TGS1	-0.522029029153309	0.408169000373626	0.792099497098592
NUDCD1	-0.557635666130373	0.111432471966112	0.601254065793282
ERBIN	1.0834800340994	0.0621613932840516	0.544722590230742
FNBP1	0.0792007974046598	0.803467373546736	0.951228934223888
TP53RK	-0.386128150590512	0.243428105616803	0.703823957092988
WRNIP1	0.00959797389849371	0.971684302781379	0.990889947779014
RANBP9	-0.316740556813276	0.292635974591631	0.728931376762388
UBL7	-0.208140627409776	0.423022878511154	0.797105175145679
PLEKHF1	-0.353607936026581	0.283096643066704	0.722783488148459
SRPK1	0.195276931153909	0.415523228115303	0.79605336871937
CDK5RAP2	0.391396534790708	0.223650448198063	0.696758979257474
IWS1	-0.0133959410346236	0.956171031420636	0.988590725913015
OSBPL9	-0.0204224931968966	0.966596291103465	0.989929875964418
RUFY1	1.04866929720898	0.205482033685881	0.685634127988508
SPEN	-0.181512519717465	0.743133229575994	0.927510717646225
MMS19	-0.118088065719448	0.615139336271574	0.884244779962805
NIBAN2	-0.395975122991775	0.334628871710868	0.748528859172489
TCF12	-0.391313846847421	0.321512450382562	0.73959957017074
MYCBP	-0.734632133271198	0.0724272231648008	0.546863283592589
TBCB	-1.41480339248734	0.021321588073981	0.393438442003073
PSMB7	-0.680356921769786	0.22556269610726	0.697313398466417
CNN2	-7.67638991925337	1.65518015359846e-06	0.00106257591597025
PSMD1	-0.237346634076125	0.454257751162144	0.806920096566448
PFDN5	-0.142652577188844	0.703611550577757	0.910476320072509
PARK7	0.183084597099757	0.874419741248747	0.970677774637743
GAS2L1	0.671823870079663	0.0276026497636423	0.454488244762125
EYA3	0.0912885825924299	0.724727591957059	0.919004390156448
VAT1	-0.0826479079044589	0.778260125374101	0.942705789353054
DNAJC2	-0.0337830280642848	0.905472326270192	0.977389568523119
NUP88	-0.558002744177514	0.145668068723481	0.631359174870457
PIK3R4	-0.157476783761219	0.614409574509523	0.884244779962805
POP1	-0.572128277999663	0.0440445012066572	0.50718644115754
S100A13	-0.916537280115552	0.0130642350269772	0.32876576162511
TSNAX	0.341086201637729	0.284313674384854	0.722783488148459
TTC1	-0.518767295144329	0.0623767239504751	0.544722590230742
DNAJC7	-0.0456418057063885	0.884122649816402	0.9739910097437
C12orf57	0.0893852612203361	0.850702833573779	0.96552575740393
COPS8	-0.438494977717166	0.114444238974354	0.601993131615572
RAD9A	-0.0644066969658148	0.835031840408373	0.961519008851179
CHP1	0.40327126991491	0.181796392356919	0.668893211162157
KIF2C	0.20740626704066	0.40166859473267	0.789291185852199
MTR	-0.0701086236093502	0.880590960119387	0.972415685543017
HNRNPAB	0.217981891414908	0.487411596984927	0.824420800747717
NAP1L4	-0.515860010265904	0.104286346817823	0.590542130591403
TSG101	0.0165144447723549	0.94739741409091	0.987838851550511
CPNE1	-0.951790929406382	0.146799526125183	0.631359174870457
CCT7	-0.309195396226247	0.348261467367817	0.758533086536938
HAUS7	-0.0431247665725394	0.926240506130849	0.980946745197964
PRMT1	-0.279035341902869	0.391930458893351	0.782833620319198
BAG1	-0.409701988573406	0.368889693937317	0.769974051558095
SH3GL1	0.52517337653067	0.247379656186509	0.705393357536013
SH3GL2	1.34857691864849	0.00601618071046537	0.247660963411422
AKAP9	0.151793577582573	0.619668694345822	0.885971044529064
NCAPG	-0.0820756220346297	0.764059001055767	0.936654084843243
ARPC5L	-0.41921216627065	0.214149134435006	0.691903731710385
RBM4B	-0.90420437336018	0.218433305691856	0.693452997804024
ELAC2	-0.417020973728732	0.423563120195266	0.79739389514333
TRIR	0.101913909172779	0.77645440346553	0.942705789353054
GRWD1	-0.0718166503926199	0.824923265189015	0.961306717951752
MACROD1	-0.118162064038152	0.733362850957267	0.925091971305457
CMSS1	-0.163129608201519	0.53641315551501	0.854627733070249
WDR77	-1.09425198579309	0.140949968163103	0.623693793904561
DPH2	-0.266663485462498	0.529965375120998	0.85394314935582
KXD1	0.659177141930329	0.0692180020216942	0.544722590230742
APOL2	0.23573609887849	0.6205532559224	0.885971044529064
MYBBP1A	-0.1817619185517	0.744266135976133	0.927570110076805
FERMT1	-0.00472417951154469	0.98736911109565	0.996193644981704
FYCO1	-0.962566603139422	0.253230756675183	0.705393357536013
CORO1B	-0.082219013490775	0.709652406023656	0.911771293573611
NAA38	0.51314618536022	0.208203784442317	0.687135977537211
VPS25	0.0681548222076316	0.77097163552714	0.939514795246966
CHLSN	0.024300991323333	0.929885992087073	0.982297363458231
PDCD2L	-0.472210052315418	0.173182387233069	0.658639622312128
PAAF1	-0.320815576602776	0.569646763735789	0.866104211314307
PYM1	-0.512716550031559	0.165647318921603	0.651779570131785
PYGO2	0.384956194536262	0.338332946157152	0.748528859172489
AIFM2	-0.164821902805048	0.530379474684003	0.85394314935582
RIOK1	-0.252012288650572	0.265148791297613	0.713451901662528
PELO	0.0461600708286731	0.880056528578123	0.972415685543017
GINS3	-1.40554858811785	0.00780076028305518	0.279463448320539
ATG101	-0.200523199738846	0.425235498686631	0.798264666412073
NTPCR	-0.531885478237097	0.0812904793104048	0.560393787323419
TUBGCP2	0.335910343249601	0.195083817720992	0.679021487722544
ESYT1	0.217107539086605	0.817563317215822	0.958638334976975
TSEN34	0.0122690205753315	0.964793523872843	0.989788505317824
HAUS8	0.240782212595096	0.473883296831798	0.818136417737782
PSMG3	-0.509565715261246	0.567593167237713	0.865014087428816
COPS4	0.376161503643722	0.11691532202874	0.603657714049279
RBM42	0.0471376807657862	0.863274079279771	0.968531656653399
MCMBP	-0.833485587150808	0.232928553021525	0.697313398466417
AARSD1	-1.10350497878284	0.265055823957068	0.713451901662528
DCUN1D5	0.302750106570162	0.411372261098633	0.793638868753154
ANP32E	-0.214966527704437	0.575763775923117	0.866759840537911
FSD1	0.156842936472366	0.559615508057943	0.863880571936714
TBCD	-0.349021193801345	0.528915599304294	0.85394314935582
HGH1	-0.454974907880782	0.218678240372677	0.693452997804024
MKNK1	-1.85126769540595	0.114605092797639	0.601993131615572
TUBB6	-1.7962801442874	0.0925625920203106	0.571547284880805
POLR3C	-0.0129542120357762	0.961804912513541	0.989017425639686
HNRNPUL1	0.155586283149766	0.498379551958284	0.829188831905312
PDCD10	0.0580154966531765	0.820752441480708	0.959749030860123
RPP25	-0.141154868385115	0.687857982221284	0.909492386084926
DDX23	-0.217531646933221	0.34929696447258	0.758605000822475
WRAP53	0.0138432545008733	0.962578986083858	0.989215178445922
WDR18	-0.0319831737699694	0.876263920359816	0.970677774637743
CEP250	0.471602101514804	0.524479225481851	0.850402739757917
NTMT1	-0.708442282872237	0.164625863199931	0.651779570131785
KATNB1	-3.80148159342379	0.010852510639132	0.3076794572591
DSCC1	0.283356146445271	0.265098235314267	0.713451901662528
MLST8	-0.16451406781762	0.552258054345372	0.86159501845938
KIFC3	0.361556267910643	0.420153508233837	0.796179677493658
DUSP23	-4.05820548109891	8.03495850077455e-06	0.00264597364167814
TMED9	0.582518974052757	0.0921157937892548	0.571547284880805
DPCD	0.59502111411836	0.0472213809071749	0.514361314641556
GNL3	0.329287479932514	0.240086498484321	0.703823957092988
AFG2B	-0.0082741186080284	0.971910042215389	0.990889947779014
RIOK2	-1.32272645280301	0.0628414828363293	0.544722590230742
TIPIN	-0.210683117322439	0.640814176976212	0.895478959451502
NUP85	-0.288439893138779	0.484286535762838	0.822904588425444
DDA1	-0.653159198955514	0.209119582873243	0.688216023060547
IFT27	0.486449617014895	0.0572061148001553	0.534714797946429
YJU2	-0.348246072622995	0.207083998353778	0.687135977537211
TARS2	0.16069908296182	0.632811358437	0.894409545349578
ACAT2	-0.00944686185015442	0.968585787390748	0.990652561358272
REPIN1	-0.624331597444243	0.17940605894603	0.666058598574251
RBM4	0.160221232559284	0.727277946399268	0.920842369384339
SSBP4	-1.11617917168238	0.0269592317349637	0.45082996506789
SCNM1	0.458465006040932	0.243496657866468	0.703823957092988
RPAP1	-2.14148809483215	0.0356477717704109	0.48982083384319
SLC4A1AP	0.418385464827491	0.150435015205539	0.638718351797896
SSBP3	0.760122885235756	0.146889450635593	0.631359174870457
OSBPL10	0.338941541353108	0.277495258918934	0.719131411179691
NAA15	-0.497793653325974	0.152944533550994	0.6397427990457
SRRT	0.672254069556939	0.0379860573416118	0.492782762058909
QTRT1	-0.702992075524097	0.114475995891256	0.601993131615572
AP1M1	0.425654901345656	0.20080949669327	0.68220736958223
NUSAP1	0.282154144619966	0.256003856320289	0.707066134778811
FANCD2	0.128411406956786	0.651440840194506	0.900452503210764
RTF2	0.513630117354303	0.165419639323947	0.651779570131785
CHMP4A	-0.874430046643994	0.130088975497249	0.614361469432021
EIF2A	0.075543164331684	0.720187676219956	0.917421845268931
GNB1L	0.450907982974094	0.0937945843795621	0.571547284880805
NIFK	0.266840797370335	0.337629505284345	0.748528859172489
PARD6B	0.625385362830951	0.0726099244123589	0.546863283592589
YTHDF1	0.121122155716201	0.668159572094091	0.905672023259241
NLN	-0.226261649403099	0.75601802292916	0.932420562407479
CEP41	0.0719613276956359	0.806223188075154	0.952727316959017
TBC1D2	-1.82457013497676	0.0287337685399125	0.457283506019946
LDHAL6B	-2.34283655180401	0.0402557995678832	0.497381342867134
NUF2	0.00024477592819494	0.999196108961919	0.999663132149094
GTPBP4	-0.056184557522279	0.825729920750834	0.961306717951752
DPH1	-0.875944092917432	0.385921959386101	0.780051268909739
WDR11	-0.323038975184502	0.337213387786999	0.748528859172489
TBL1XR1	-0.258203833648864	0.416656826416264	0.79605336871937
UBXN6	-0.112919787354119	0.691968493670399	0.909492386084926
UCK2	-1.72049293442733	0.00601652422209481	0.247660963411422
API5	0.192616737573786	0.37112056051703	0.771804893585179
TRIM2	0.0155875370303669	0.941717829489017	0.9870252043198
FTO	-0.347437879687607	0.685758548945626	0.909176942717939
TANGO6	-0.508340362647942	0.128136387277392	0.614234554867126
TNKS1BP1	0.306471678213299	0.160746699807864	0.648951409392365
AMBRA1	1.39049343541674	0.222488541289369	0.696758979257474
UBE2O	-1.95115293342477	0.00280156105889328	0.15513617376999
ZYG11B	0.506703930349598	0.0483714856064866	0.518993307973357
TANC1	0.0471186771832883	0.84819111957663	0.96552575740393
XPO4	0.067709528901382	0.834975652398021	0.961519008851179
CEP44	0.442753244446987	0.145885818635356	0.631359174870457
MTMR12	0.445479841131487	0.194327799295681	0.679021487722544
WDR12	-0.0542061646182646	0.900678242237393	0.976805661917324
ACTR6	-0.889490033715909	0.0431392408517824	0.50718644115754
ADISSP	-1.03739742402102	0.152535930859967	0.6397427990457
PITHD1	-0.865934882755898	0.0509333859368094	0.522891667135446
COMMD5	0.722094888159312	0.0174632715049234	0.361160701993125
DDX24	-0.259356890239054	0.389381042680748	0.781134134824875
SKIC8	-0.341382447137971	0.196482315374364	0.679021487722544
NIF3L1	-0.56243902884605	0.136973810696537	0.62096769675782
EGLN1	0.0959556138979387	0.692604964293153	0.909492386084926
PSME3IP1	-0.514232544490913	0.135778871218648	0.62096769675782
NAA50	-0.369202953735016	0.201546531684867	0.68220736958223
UBA5	-0.636920483406616	0.252996616936775	0.705393357536013
MKRN2	0.123848973182806	0.675181300284856	0.906586463017914
PAIP1	-0.257240410808919	0.4904947795795	0.825867416902052
COMMD4	0.429608533143909	0.226143996187225	0.697313398466417
KLC2	-0.470058421067652	0.308759411603458	0.733794905462472
ILKAP	-0.0493751751828704	0.848105398719327	0.96552575740393
XRN2	0.141424143772422	0.532595922885432	0.854441143298776
PUS7L	-0.520635496769696	0.183901741537562	0.67179914603353
CSTF2T	0.197974439131702	0.743793338666369	0.927510717646225
NT5C3A	0.0471009044077206	0.909322945789854	0.977491526270722
DDX47	0.195150163008044	0.41849700222158	0.79605336871937
RAB1B	0.211989352049955	0.427000701596976	0.79837120079299
TSPYL1	-0.19716807381694	0.56459841169628	0.863880571936714
SMG9	0.112205226626827	0.668305984927807	0.905672023259241
ANAPC1	0.0849387596120508	0.788619578988177	0.944886766764171
POLR3F	0.118636746516906	0.569172473374561	0.866104211314307
ASCC2	-0.92797228479116	0.187416847936159	0.67432603558699
RBSN	-0.186879537424765	0.628840558142539	0.891412724969605
OSBPL2	-1.08270021585048	0.00199511118468662	0.122015299737763
ATG5	-0.429015645524828	0.434414631702345	0.800916898500318
EHD4	0.218619479594032	0.376749438475582	0.775116115344763
VPS33B	0.766398711721184	0.111627352506265	0.601254065793282
VPS16	-0.0264112312873976	0.904822193204823	0.977389568523119
SH3BGRL3	0.031639817264189	0.941851005262994	0.9870252043198
SLK	-0.0495340612176562	0.915830524105781	0.978473709840827
PPIL3	-0.0968061042554815	0.701955535310248	0.910476320072509
PDCL3	-0.543103385235778	0.122988758740818	0.609329981954278
RAB3GAP2	-0.00489021910772891	0.984098533676758	0.994787679497096
DPH5	-0.0881181335099939	0.90227456975205	0.976805661917324
DHX36	0.100382936413197	0.723396421895198	0.917657677797795
PPA2	-0.343881507197661	0.287920961231589	0.724299863784512
C11orf68	-0.530871943093413	0.194259648349707	0.679021487722544
TXNIP	0.506791454565295	0.307504657952214	0.733794905462472
NELFA	0.30738800182915	0.253637091500731	0.705393357536013
ACBD3	-0.33334579425631	0.217526819196278	0.693318671866713
CDC42EP4	-0.0457288542355485	0.849929243504068	0.96552575740393
PTPN23	-0.476882572588828	0.158871335420147	0.646509683397005
UNC45A	0.109940721007526	0.75314874173349	0.931319977862817
DSN1	1.20800834172296	0.0399955127523352	0.497381342867134
CHMP4B	-0.638051817812332	0.0804685984665151	0.558324262617749
RWDD1	-0.708853355264729	0.14282484480738	0.627110933969635
CUEDC2	0.098858175979359	0.782185239471396	0.942705789353054
TOR1AIP2	0.242307606692275	0.663378411266768	0.904874449927716
WNK1	-0.75047598094573	0.017816684014407	0.366698193584982
RNPEP	-0.424309845535547	0.663872407003328	0.904874449927716
GOLPH3	0.177963584519652	0.405494705986582	0.791213690213563
EPB41L1	0.708351209230337	0.480271726038701	0.821579976735937
FAM83D	-0.126609345248724	0.596073539862677	0.875399939674827
SMARCAD1	0.13016996957624	0.643821616358487	0.896616896431581
EHD1	0.010998321835288	0.965254212900639	0.989788505317824
PCIF1	-0.0562813719927675	0.834534464520574	0.961519008851179
HEATR1	-0.419326794231765	0.27577583766612	0.719131411179691
RABEP2	-0.754341640545963	0.160835656474024	0.648951409392365
STEEP1	0.0916966722772266	0.711787126602252	0.912168824314977
CIAO2A	-0.453629087813454	0.455907883474808	0.806934072098587
BICC1	-1.11004153673796	0.197055628379182	0.679021487722544
HAUS4	-0.158559955449171	0.496170354677142	0.829188831905312
TUT1	0.0898671796140356	0.875017759193432	0.970677774637743
REEP4	-0.333594343788686	0.268474399683002	0.71637160065737
YTHDC2	0.292343050386133	0.20740067188511	0.687135977537211
EPS8L2	-0.2979596234346	0.690914805490203	0.909492386084926
ESRP2	0.415116568930593	0.115727859775636	0.602798332058062
RPAP3	-0.341741336464203	0.192806860547774	0.677673374388357
WDR55	0.092418593307027	0.705157383277006	0.910476320072509
RANBP3	-0.00268962674414652	0.993659479872526	0.997621067855132
DCTPP1	1.53081596601016	0.0360836820085491	0.48982083384319
SH2D4A	0.437945430594809	0.0822856845023456	0.561826180788743
RPF2	0.171513968751732	0.631537098371167	0.893755477066766
DOCK5	-0.337675393989809	0.197622970469329	0.679021487722544
WDR26	-0.198712036502172	0.386528988840157	0.780051268909739
C8orf33	-0.23240117105447	0.484417677142754	0.822904588425444
PHAX	-0.104816381875974	0.694351719785514	0.909583755324904
TUBA4B	-0.82242834860854	0.187728361747061	0.67432603558699
RMND5A	-0.385645246647357	0.221998371049393	0.696758979257474
AKTIP	0.476221579877691	0.195873918350809	0.679021487722544
ANKZF1	0.0600817074119746	0.801807872970053	0.951041137021604
GORASP2	-0.00472521741369647	0.992875389986574	0.997555865950198
ZWILCH	-0.839621825034651	0.163463114013083	0.651779570131785
JPT2	-0.176079824803502	0.554940129981088	0.863576407287909
ACTR8	-0.49613259752941	0.0820515964839173	0.561826180788743
MARCHF7	-0.15872760049368	0.752606676607385	0.931151479958335
CNOT10	0.117662649193466	0.785393987358357	0.94339833329998
LRRC40	-0.218836464042358	0.619245691644031	0.88573030602342
VIPAS39	0.0665278605211874	0.797151230863212	0.950376118846232
COG4	0.586717331221273	0.0994630174196582	0.580431198153247
ACTR5	-0.34972778140153	0.433220595033165	0.799847976459382
VPS37B	-0.614848089435505	0.279972904388767	0.721157643615108
COPS7B	-0.901938500637741	0.309680228604665	0.733794905462472
NHEJ1	0.124421875975983	0.620645300165723	0.885971044529064
ELP3	-0.353032039926358	0.372424829676033	0.772831166186669
POLR1B	0.274372578350444	0.49834743455638	0.829188831905312
C17orf75	0.0604815554067706	0.852102377671425	0.96552575740393
PLEKHA5	0.211387742276337	0.707497800988433	0.910476320072509
UPF2	-0.0959347101173194	0.791773872488368	0.94734039913994
XPO5	-0.638227295323574	0.0231657660660321	0.408117878718862
CLSPN	-0.175329859342508	0.605989401231275	0.880000212574996
MYG1	-0.308358295193194	0.880448806214914	0.972415685543017
PLEKHA2	-0.0822160611431713	0.729710260557025	0.922590281938815
CACYBP	-0.367905471922935	0.131988748094662	0.616860077066865
FANCE	-0.595187705061186	0.16749079948627	0.652907242547528
PARVB	0.198763074160709	0.463505959119607	0.811522355531145
SPC25	-0.278557731660577	0.412622408408804	0.794618322266348
EML4	-0.617470632127077	0.0215421868909792	0.395803013220095
GLOD4	-0.810085952610009	0.173237144294197	0.658639622312128
TANC2	0.492143106098716	0.56612824734556	0.863880571936714
MOV10	0.344951681930073	0.186858445616046	0.67432603558699
RAVER2	0.423616714602215	0.238793157161791	0.703823957092988
GPN1	-0.478677819672065	0.278459084290697	0.72041755971084
XAB2	0.223046697929576	0.400661497229131	0.788290429933894
SRA1	-0.609274304280952	0.279003338471608	0.720828782134553
GOPC	-0.487459020916198	0.0365581884063671	0.48982083384319
MYO10	-0.817351670111773	0.0950192874348129	0.572120350926067
WDR6	0.0574226320267606	0.832936058626127	0.961519008851179
ARFGAP3	0.793003601089215	0.0158220119960164	0.34382758048196
RAB18	0.398832245790324	0.153503051099876	0.6397427990457
PALMD	0.412855125819824	0.248861475750481	0.705393357536013
SSU72	-0.0827745033826766	0.7973077965843	0.950376118846232
VTA1	-0.295131054965442	0.28958730722086	0.72511002347403
MID1IP1	-2.14089521293954	0.059100449415807	0.540436575595496
EXOSC4	-0.0524818818596309	0.834094385289734	0.961519008851179
UBE2T	-1.48125951622685	0.00258721094072586	0.151723973112978
NOP10	0.129363699866733	0.783292629989045	0.942705789353054
OSGEP	-0.774840772530379	0.449179077776948	0.806332325621789
DCP1A	0.213622055891342	0.495775607081804	0.829188831905312
ACOT13	-0.238626529090162	0.422949397446493	0.797105175145679
MED4	0.388787178736255	0.323321693353265	0.742063450019262
RIC8A	-0.967872116148964	0.418283658405398	0.79605336871937
LUC7L	0.682872885783574	0.145436977812403	0.631359174870457
LZTFL1	0.204447972546227	0.771407165332894	0.939514795246966
TIGAR	-1.96384298433931	0.0979758755381356	0.577733778483139
WASH6P	0.527522985083046	0.0707126597794662	0.544722590230742
JADE2	0.0627108171904069	0.930134348704681	0.982297363458231
RTN4	-0.0588778294748593	0.799945665850813	0.950668420446453
RPRD1B	0.0948018933708283	0.679404931385413	0.907498443451155
PFDN4	-0.435221866772874	0.26536510721404	0.713585442200569
NIT2	-1.09279200310132	0.301656158470554	0.733794905462472
AVEN	0.209784994943632	0.549033166396822	0.861496356021351
EXOSC5	0.255275425747588	0.421095667922022	0.79660210091656
EXOSC3	-0.926771538650321	0.0529856080270232	0.529807504973953
KIF13B	0.308876316143863	0.374905281146552	0.774973205498981
ANLN	-0.207493179599524	0.511859954615524	0.838246478884704
XPNPEP1	-0.22231532474256	0.688126191558374	0.909492386084926
GPHN	-0.59757075898062	0.376785011920685	0.775116115344763
BIN3	0.314288910497396	0.244775698792055	0.703823957092988
BIRC6	-0.620443914954159	0.116025654196646	0.602798332058062
PDLIM7	0.359262545614079	0.126088871926088	0.612829208724818
DDX21	-0.092857477771588	0.750031347206402	0.929075288596819
SAR1A	0.0655611775196405	0.915276997341827	0.9783522660725
POLE4	0.0253951259325476	0.918080416905	0.978830700609312
NANS	-0.0200980235164323	0.977732126234663	0.99330941891036
SH3GLB2	-0.135775681596151	0.842440151286886	0.964043380823084
EIF2B3	-0.51996830634646	0.0818313123848683	0.561826180788743
SPHK2	0.31945677913383	0.382371197274101	0.77784473494722
CTPS2	-0.810445583132147	0.17245667731159	0.658639622312128
POLE3	0.550866445268355	0.11255736394695	0.601993131615572
CHRAC1	-0.00519664053033608	0.987016118242812	0.996090523856077
SMYD2	-0.567700819139244	0.110885818792266	0.601254065793282
STRN4	-0.355514949408935	0.219452822760069	0.694366248511349
AASDHPPT	-0.757376592215728	0.205183697194825	0.685172704907213
METTL5	-0.389177661734607	0.224093473917421	0.696758979257474
UBQLN4	-0.341196999184753	0.206151843017039	0.687127570036784
VPS45	0.0960355303754277	0.742468116290177	0.927510717646225
PNO1	0.176740691123989	0.6943041981173	0.909583755324904
ARHGAP35	-0.299627638946951	0.307656977979333	0.733794905462472
FAM114A2	0.15867669226618	0.734498390672097	0.925091971305457
LANCL2	0.204960608978332	0.602191284150544	0.878252505446284
KIF15	-1.06242284503428	0.181576349829128	0.668893211162157
HOMER3	-0.524354863745494	0.0528727660295462	0.529807504973953
FARSB	0.000669300561263242	0.997471569674404	0.999144529198716
SLX9	-0.277100846114386	0.239223820141076	0.703823957092988
KLC4	-0.978853301339875	0.0798590820340691	0.558324262617749
DIAPH3	0.296764121089534	0.388258197576636	0.781134134824875
ATG3	-0.632798615729943	0.364624079844365	0.767808994497652
SMC4	-0.836918917806099	0.201572969663154	0.68220736958223
OLA1	-0.636494729775357	0.175790003397746	0.659088374873031
CUTC	-0.0818025633474058	0.71364601354586	0.91333888908515
ECHDC1	-0.614646363359494	0.121133415586392	0.606219994504851
RBM12	-0.242556770088385	0.479567114705287	0.821210727221334
PDRG1	-0.11138325184465	0.635302835293764	0.894982474303889
STAU2	0.0641290381294333	0.8256086739253	0.961306717951752
BLOC1S4	0.123671886852431	0.824089288436223	0.961306717951752
LIN7C	-2.37175851478743	0.00757424906031216	0.278108548375458
TXLNG	-0.381285911542822	0.188774459444068	0.67432603558699
SPATS2L	0.00956896293094189	0.973660117362842	0.992201609719192
ABCF3	-0.173787388718736	0.49729149642345	0.829188831905312
CYRIB	-1.12202388217187	0.236034846143423	0.701224966231779
AP5S1	0.0791875939843152	0.747720841373077	0.928645211952639
DDX19A	0.0464650534717563	0.883852917804704	0.9739910097437
TDP1	0.37420404457103	0.195481991677262	0.679021487722544
TBC1D23	-0.0750611986037661	0.771330907486891	0.939514795246966
DCAF13	-1.50332430428079	0.184575007028851	0.672481366034479
EXOC1	0.183172848657613	0.667420582042849	0.905618862670503
INTS9	-0.560818101603061	0.0656467974125648	0.544722590230742
SEPTIN11	0.273184587944534	0.376772984167891	0.775116115344763
PARVA	0.296131911821519	0.30338564280174	0.733794905462472
PANK4	-0.677630962572298	0.18489990915565	0.673092271339573
INTS7	-0.0813013947112537	0.802864440363484	0.951041137021604
FANCI	-0.0129653081813039	0.956193262397707	0.988590725913015
DNAJC17	0.610306087620998	0.127547494738102	0.612829208724818
INTS13	0.054486792209083	0.833133419793759	0.961519008851179
GNL3L	0.196609051841527	0.41654136967228	0.79605336871937
ASF1B	-0.296234243356349	0.311547798813233	0.734348023607838
PNPO	-0.68127412394929	0.123118531742689	0.609329981954278
SDAD1	-0.0743173510465347	0.871021578210129	0.969409222185043
HAUS2	0.20628186698578	0.37667826920871	0.775116115344763
NLE1	-0.0655063558639064	0.837043632579216	0.962240545400543
KBTBD4	0.331113155625832	0.340952460724578	0.750588432546536
NECAP2	-0.117973758649747	0.782221935196533	0.942705789353054
POLR3B	0.631112815383126	0.145319118618163	0.631359174870457
RBM28	0.0823949364217214	0.792925794918343	0.947873480149946
RBM22	-0.416654458213856	0.427664952329555	0.79837120079299
BSDC1	0.123199079477196	0.733582031899186	0.925091971305457
GPATCH2	-0.307928420085517	0.800170041268015	0.950668420446453
WDR70	-0.470093836288093	0.0876166223005837	0.569454565357029
PIH1D1	-0.301206279261791	0.278817430060101	0.720783465028557
HIF1AN	-0.17149800173793	0.507637348047121	0.835523063048722
GID8	-0.0714274029611843	0.802736333683617	0.951041137021604
ASB6	-0.0479580111605138	0.900635334361378	0.976805661917324
HPF1	0.15753090126702	0.578272640687139	0.866759840537911
UCKL1	-0.291026428027436	0.577524856530817	0.866759840537911
COMMD8	0.443378654119357	0.190679801109513	0.67432603558699
ADPRS	0.639659656474915	0.0662635342209638	0.544722590230742
HYPK	-0.120428958674527	0.661575011968025	0.904874449927716
DUS2	0.150987868555241	0.81630659211801	0.958358373710502
MIOS	-1.03570536190273	0.0110487639190955	0.309155969599835
DCAF16	-0.626874629578346	0.158204734761605	0.646509683397005
THUMPD1	-0.445440338792714	0.573664704724393	0.866759840537911
TRMT1	-0.443532418027463	0.282353916222713	0.722683870391217
FBXL12	-0.272556094878436	0.273024974088823	0.719131411179691
GDAP2	0.122669055490601	0.650454451719623	0.900452503210764
NDE1	-0.218669540961407	0.558508792658923	0.863880571936714
BABAM2	0.266175953043906	0.405219570639039	0.791213690213563
PPP4R2	-0.398001525626352	0.16712812846624	0.652907242547528
DPP3	-0.576691661351799	0.451170421704868	0.806332325621789
DDX56	0.727342253143107	0.401313290522357	0.789169589676717
SPHK1	0.417608503331671	0.383452234781006	0.778007911309096
TERF2IP	0.131576591081853	0.73440769095232	0.925091971305457
ABI2	-1.26682759080305	0.0723609893203682	0.546863283592589
BCLAF1	0.446958800128538	0.382289802759776	0.77784473494722
UTP6	0.405649398118342	0.16786895520617	0.652907242547528
TAB2	-0.3942032882379	0.248361451423903	0.705393357536013
MAP3K20	-1.32275244340583	0.121640498780581	0.606219994504851
TMOD3	0.16206959646842	0.563220216988002	0.863880571936714
NKIRAS2	-0.0850679398105072	0.718125615966709	0.916059523824041
GTSE1	-0.451760312362008	0.271184501473656	0.718403991837081
ACTR10	0.230785580020861	0.439209875868366	0.80364239962056
C9orf78	-0.787911509051384	0.0229942430638894	0.408117878718862
FAM120A	0.191850654943522	0.532126157923267	0.854441143298776
SPG21	-0.328193212744814	0.331869278196898	0.748461444298966
UBP1	0.187129501091228	0.575421541022606	0.866759840537911
IGF2BP1	0.458042971068593	0.197672394836144	0.679021487722544
DTL	-0.0397153721451424	0.908237355297796	0.977491526270722
HSPBP1	-0.268821147502976	0.315006826836268	0.737312315848039
MAT2B	-0.961133795232826	0.146347254664379	0.631359174870457
MYOF	-0.35940229389703	0.211357745780319	0.691013311629906
EHD2	0.237556687751621	0.295262667624697	0.730992545228958
NCKIPSD	0.00120289662779882	0.997558635329675	0.999144529198716
OGFR	-0.156756154553616	0.76218436448256	0.935795256803592
PALS2	0.128319765820194	0.637838298786588	0.894982474303889
COMMD9	0.309654596599813	0.374479571122526	0.774737587121067
THYN1	-0.441604434639331	0.179250743927887	0.666058598574251
CRIPT	-0.36041267868773	0.391730296907452	0.782833620319198
CCDC59	-0.802047299517863	0.0748513951852878	0.549637774936908
RAI14	0.0109690544579522	0.957297345759471	0.988590725913015
MARK1	0.664908061940622	0.356680849913312	0.763101044009468
GMIP	0.135846176759337	0.599409925645702	0.877706097630649
NHSL3	-0.156055701293212	0.636260859424555	0.894982474303889
ARHGAP23	0.16828413485538	0.784597226691178	0.942705789353054
NYAP2	-0.630501449289348	0.217366203503055	0.693318671866713
VPS18	-0.0510135321805976	0.853301579568875	0.96552575740393
RCC2	-0.152272866843258	0.653255056910578	0.901542520513921
DIP2B	0.448641512458043	0.380005669781042	0.77688838220279
SLAIN2	0.334721385513753	0.316896879487813	0.738014388767954
BCCIP	-0.363211712051783	0.336820666492196	0.748528859172489
STK26	0.149161127919562	0.544317755489705	0.859016607695842
PTGFRN	1.6862329513926	0.0434484042108594	0.50718644115754
CTTNBP2NL	0.141977485581521	0.607735739088129	0.881328185234199
IBTK	0.567228709794581	0.0626642531504463	0.544722590230742
HEATR5B	0.322729253457613	0.452616325697228	0.806920096566448
ZNFX1	-0.201739490048098	0.876354095854889	0.970677774637743
RRBP1	1.16902293715429	0.0519719177878108	0.529807504973953
CPSF2	0.0265001466410908	0.937376993811986	0.985525040609641
LARS1	-0.220403514857303	0.366432177833241	0.768215550099954
KLHL42	-0.775147011215672	0.149268913265545	0.637108891016748
EIF2AK4	-0.29184822620488	0.301140979167452	0.733794905462472
WDR35	0.164493827969146	0.622448594932776	0.88652274393277
KLHL13	-1.0562826713434	0.365534860510915	0.768054038250732
ANKFY1	-0.740633667795944	0.235092654757291	0.69987725734652
GMPR2	-0.309941454697835	0.586745999408098	0.869785921535731
ATXN10	0.213475675167349	0.475106213620716	0.818482776865306
NCDN	-0.295909452379899	0.25183101362796	0.705393357536013
EPS15L1	0.438599013870345	0.189579064379057	0.67432603558699
ORC3	0.418252270649809	0.465772651586067	0.811522355531145
SAE1	-0.84365748791641	0.111459903051233	0.601254065793282
COPG2	-0.0754208618946279	0.761804992188724	0.935795256803592
PI4KB	-0.224370240490263	0.551579051329108	0.86159501845938
COMMD3	0.514050457461668	0.144080528506478	0.630039573581442
MTRR	-0.380797219109397	0.180744340306318	0.668893211162157
UXT	-0.322182701510471	0.416289345066008	0.79605336871937
SPAST	0.444388983468595	0.0728129109198261	0.546863283592589
METTL1	-3.79009714506224	0.016318690380259	0.349301567589444
GULP1	0.266256672272441	0.641502956970999	0.895478959451502
VPS29	0.460148659820177	0.193095623031238	0.678131552253263
EIF3K	-0.136378339191857	0.563261989344684	0.863880571936714
RPS6KB2	0.000175283250676728	0.999475312694351	0.999708834963672
UBA2	-0.894552951965267	0.1453150822631	0.631359174870457
CTNNAL1	0.124861573099917	0.701950266172421	0.910476320072509
NXF1	0.359588890319063	0.208316265188571	0.687135977537211
COPS7A	-0.214404367604679	0.413340720304288	0.794642173599113
CLIP2	0.327479287699099	0.675643465196959	0.906586463017914
DNAJB4	0.100715946922541	0.693296048732367	0.909583755324904
FTSJ1	-0.0658056472716098	0.854992489016791	0.96552575740393
ADD3	-0.461438911912936	0.0797900633295968	0.558324262617749
LRWD1	0.506574352525512	0.100891139321087	0.582095643441473
CNOT8	0.0262666268055334	0.920063556378051	0.979562939544027
CGGBP1	-0.282049596688211	0.465034371801977	0.811522355531145
ABCF2	0.186410574514717	0.430417800585214	0.79837120079299
TES	-1.12658681176205	0.0322381418484522	0.484250825449908
TUBGCP4	0.160460734172958	0.419955542970491	0.796179677493658
PARP2	0.240583876557508	0.565316094153654	0.863880571936714
ZC3H7B	0.759456769452122	0.0878178532837044	0.569454565357029
NDRG3	0.00887309128574287	0.988049104553215	0.996193644981704
ARMCX3	-0.0807212214171997	0.768037049111494	0.9384828226314
SWAP70	-0.496957705956284	0.27696435870975	0.719131411179691
LIMA1	0.0432703919252191	0.900653427111333	0.976805661917324
SRP68	0.700482695013839	0.0495603505420348	0.520428612671634
CHORDC1	-0.79967430515174	0.127164473008283	0.612829208724818
TBK1	-0.424029460727226	0.242313336072364	0.703823957092988
SEPTIN9	0.331654984754934	0.368556877200536	0.769654629900242
UBQLN2	0.154080881886372	0.678673731624595	0.907140067742067
DDX20	0.69011353942004	0.0699283715336625	0.544722590230742
USP25	0.593517095608593	0.547391125041706	0.860676515421257
BAIAP2L1	0.363481244826907	0.224131359855623	0.696758979257474
SAP30BP	-0.0355664031526182	0.90105133908772	0.976805661917324
ZNHIT2	-0.526048703754771	0.0856943448340704	0.564396138822547
PFDN2	-0.826053607586729	0.0476964659003205	0.514361314641556
PUF60	0.330994387885827	0.306545900724234	0.733794905462472
NRBP1	-0.980292288224099	0.0579897696569549	0.535030611856517
ENOPH1	-2.11632298705257	0.0619520263269845	0.544722590230742
EIF2B4	-0.925986512219549	0.0140044477848191	0.331712511424781
ATP6V1H	0.172584668049467	0.603278611701013	0.878447529487087
TRMT112	-0.674382764734542	0.0288648791022648	0.457668694210354
XPO7	-0.312320938601083	0.245279216373104	0.703823957092988
VPS51	0.420325946873138	0.135382640583878	0.62096769675782
CNOT7	0.327077542405839	0.330112365963768	0.747829499718675
RABGEF1	-0.363578061619329	0.259806100108706	0.710236216197556
NAGK	-0.743322667771345	0.204169473169235	0.683392581917859
TRMT6	0.312912549870251	0.274175378340809	0.719131411179691
HOOK1	0.314344465106444	0.561937128597311	0.863880571936714
SH3BGRL2	-0.0701352933954311	0.803860520394076	0.951418817559939
RASAL2	-0.386336093549414	0.556336513814602	0.863768366838121
TSR3	-0.0239931080716573	0.930440506616008	0.982297363458231
TUBE1	-0.163765709508272	0.621489929287779	0.88652274393277
DBNL	-0.288083028120965	0.421491113737493	0.796646118282653
DCTN4	0.401963434655791	0.0922796803725116	0.571547284880805
CDC23	-0.411276615298441	0.175508471746878	0.659088374873031
ANAPC7	0.0291975426286228	0.890526476408692	0.975522990149849
ANAPC5	0.254087065073573	0.545012462857823	0.859056831183484
ANAPC4	-0.0525826647340111	0.845098789056745	0.964994258952975
ANAPC2	-0.383552193115897	0.317375493978464	0.738014388767954
GGA2	-0.621990781076711	0.0690046082667788	0.544722590230742
VPS28	-0.154330793891436	0.676036927245003	0.906586463017914
LSM7	2.20900596943207	0.000571463916319072	0.0499272862400397
DBR1	-0.479910204599982	0.17637899659483	0.659457191635343
FBXO3	0.0608157438454349	0.886269587986693	0.974801112660063
MRTO4	0.337745639144075	0.224435814528702	0.696758979257474
CPSF3	-0.050143687530845	0.864293066811995	0.968596497126217
TLK1	0.0543709663001479	0.878835411722823	0.971963423031567
PARP4	-2.65213902350549	0.000109320063417038	0.0158014456473946
NUDT5	-1.09723364619247	0.366065366274931	0.768054038250732
RCOR1	0.578170253342321	0.066652051300355	0.544722590230742
GTF3C4	0.0690164011460972	0.826417113218453	0.961306717951752
PACSIN3	0.207561869848835	0.435009378215723	0.801668165364404
ACIN1	-0.0439021285144747	0.905713067022301	0.977402984603597
AGO2	0.116521126844727	0.71456333029198	0.914239574710092
NUP50	-0.149790634050529	0.647551267219758	0.898835796034135
CDV3	-0.840761189233849	0.0305242060132597	0.467125551374176
BAG5	-0.531498179052008	0.065710041687743	0.544722590230742
RAB21	-0.249169322067548	0.699526088222851	0.910476320072509
TRAPPC2L	-0.00553979601180288	0.988944515571164	0.996626994152578
BLOC1S6	-0.327365807873928	0.497877406416562	0.829188831905312
PSME2	-0.471900200257174	0.130800399152465	0.614361469432021
MKLN1	0.269518121981029	0.573104953229626	0.866759840537911
DNPEP	-0.297754782318524	0.239776305225694	0.703823957092988
MCTS1	0.235972466476976	0.585212532464062	0.868687535186772
MRTFB	-0.0112114489120465	0.975026458204407	0.992817197288652
ANKRD50	0.0267698976426907	0.93427552156401	0.984106223224855
CNOT6	0.54404000390906	0.041753760926872	0.503515071909688
ISY1	0.0589017822647406	0.854600162520935	0.96552575740393
HECTD1	-1.05649843487081	0.3272581162777	0.745605106857282
CORO1C	0.33420857505374	0.332989101288439	0.748528859172489
NOB1	-0.437373733651896	0.0900411610751377	0.571061052685429
AKAP8L	-0.0960005771734807	0.693632515401671	0.909583755324904
MYO6	0.3385575932992	0.153174827826728	0.6397427990457
DDX19B	-0.16501296282452	0.524529135235737	0.850402739757917
PRPF19	0.219369508261099	0.482469530837221	0.821579976735937
UBQLN1	-0.319791658060215	0.449188891776784	0.806332325621789
NOL7	-3.5072106488343e-05	0.99989719840039	0.99989719840039
SNX12	-0.291427989153611	0.342918344219242	0.753505569964675
SYNRG	-0.130212211248814	0.748752138915916	0.928645211952639
VPS4A	-0.24083244464353	0.350129568471285	0.758605000822475
G3BP2	0.449189447077643	0.254870807656376	0.707066134778811
STUB1	-0.311501833415985	0.206732144407236	0.687127570036784
PACSIN2	0.059383021223276	0.840451871111414	0.962797554248853
MAGED2	-0.353105724845459	0.403665280480046	0.790526562550356
SNX7	0.174764931968859	0.759210229617088	0.93395948074447
SNX6	0.394945842861638	0.196236605067335	0.679021487722544
DUSP12	-0.283908402317902	0.354057054459818	0.760520948390608
STX8	0.831378364608312	0.249833415004418	0.705393357536013
PSMD13	-0.202477157351868	0.464991252507459	0.811522355531145
FAF1	-0.245113104093594	0.367884761342124	0.769654629900242
PROCR	0.730722112163456	0.187693544736771	0.67432603558699
PPIE	-1.48771830316656	0.0187617269032151	0.374937348043077
TIMELESS	0.111865443879239	0.738552648423399	0.926127998613976
COPS3	-0.0188394649051205	0.934169792741083	0.984106223224855
MINPP1	0.600816191623835	0.0548737695832737	0.530702092386409
NSFL1C	-0.298516141164249	0.275078989028597	0.719131411179691
COG5	0.0425509271986897	0.850783231582003	0.96552575740393
AP4E1	0.0529184665766103	0.89441842668489	0.975768273652489
MACF1	-0.245092101312082	0.643699409289879	0.896616896431581
CEP131	-0.411024501747519	0.295456384340155	0.730992545228958
PPP6R1	-2.33765661332379	0.0142572067512636	0.331712511424781
TRIM33	0.529823769760789	0.105106640223211	0.591801390095067
LIMCH1	0.0941107648601474	0.651623885761959	0.900452503210764
TNRC6B	-0.7475842766776	0.298397808510808	0.730992545228958
EXOC7	0.266473801882707	0.320084724024488	0.738358564325366
USP24	1.56247598832571	0.167916578847192	0.652907242547528
AGTPBP1	-0.126030395313951	0.855137800175102	0.96552575740393
DICER1	0.0999871973966897	0.842248363491984	0.964043380823084
HPS5	0.535759598318457	0.241518115280604	0.703823957092988
SHOC2	0.155678089389816	0.661219085231494	0.904874449927716
SRRM2	-0.0237651421316194	0.95122272475883	0.987883784112543
PA2G4	-0.154418286693407	0.530744981339421	0.85394314935582
BAIAP2	0.459591718535091	0.114115577440534	0.601993131615572
SMC3	0.263643639177147	0.294720550052442	0.730992545228958
CHMP2B	0.0908191805709784	0.707793784910374	0.910476320072509
GNE	-1.17299253727064	0.0554739304189422	0.532475103415901
RTRAF	0.609227000189929	0.0568536853742687	0.534714797946429
RUVBL2	-0.251943078490001	0.265784541132841	0.714014376277403
PIN4	-0.492351129156663	0.204374985031428	0.683538524155892
GINS2	-0.319234067004455	0.438093619467075	0.803202905755266
EIF3L	0.352838971947435	0.168607683489058	0.653221260648559
PLAA	0.0750687190292254	0.784154611156182	0.942705789353054
RUVBL1	0.146403118736551	0.579078420489394	0.866759840537911
NUDC	-0.86368582601391	0.127832152717308	0.61350834729013
CFL2	-0.0264326058072513	0.933832052747	0.984106223224855
FARSA	-0.296772682055739	0.233454303430044	0.697430476611317
ASF1A	-0.261693410286533	0.603171336276298	0.878447529487087
DRG1	0.450569913603779	0.0770196283239589	0.556021971087468
TRAPPC4	0.210488864302839	0.4654590734087	0.811522355531145
BTRC	-0.295662214718888	0.572945483499246	0.866759840537911
NCKAP1	0.131706945925359	0.677569765250758	0.906815341677001
CNPY2	0.239571817401853	0.317678871846729	0.738318811278961
EXOC6B	0.402649648315485	0.106974107156637	0.595931483027722
PALM2AKAP2	0.0247776333408218	0.935153861797241	0.984118407658306
STK38L	0.512326847993343	0.123333501623307	0.609689053636696
PIKFYVE	-0.586107762174386	0.0459614024636564	0.511259825223789
AMOTL2	-2.02340464326053	0.0153242595598871	0.338160593690087
DIS3	0.149130337354205	0.515708603570795	0.842724327494238
MRPS28	-1.41546478171302	0.000802532494350319	0.0636229927465503
AP3M1	0.109604823600577	0.675010991446325	0.906586463017914
KLHDC2	-0.267008540647023	0.635848670148885	0.894982474303889
COG6	0.0631915250123143	0.779048766558459	0.942705789353054
THRAP3	0.385705573163335	0.29721907521442	0.730992545228958
WBP11	0.48456925225242	0.0740381505114561	0.548751576885112
NOP58	0.0698354452186081	0.796928263951366	0.950376118846232
GIT1	-0.215163278615336	0.351598144990351	0.759430705703175
ZNF281	0.0891698998989021	0.771356773601032	0.939514795246966
SUGT1	-0.360710666891734	0.213828955379144	0.691640680291313
AAR2	0.273968504798031	0.397998943107119	0.786990057940682
NOSIP	-0.515179248711547	0.131200702659717	0.614518827227844
DERA	-0.876504874995426	0.0282171393016766	0.457283506019946
MEMO1	0.0420663555895686	0.849432664001596	0.96552575740393
LSM2	-0.172188778186289	0.441822902168835	0.80475652694345
SH3GLB1	-0.215905700837034	0.568521034219878	0.865518686875995
CAB39	0.109971228040134	0.696189362189195	0.910476320072509
LUC7L2	-0.708216298870624	0.117679551826059	0.603657714049279
MOB4	-0.255689396808478	0.330155980954986	0.747829499718675
SBDS	-0.489236414381867	0.0612763571070185	0.544722590230742
EXOSC1	-0.165920296911708	0.520407792306843	0.846453555799998
SF3B6	-0.450059497904615	0.163850735120379	0.651779570131785
RRP15	-0.266317218608716	0.39142638973177	0.782833620319198
NOP16	-0.371964659870663	0.185231239474988	0.673725519279885
TPRKB	-0.991085660564146	0.0760000032191731	0.55283431859327
PPIL1	-0.541612477388036	0.0796974382653279	0.558324262617749
UFC1	-0.258392807656932	0.276092610095388	0.719131411179691
FIS1	-0.270913505510421	0.25369099397173	0.705393357536013
GOLT1B	0.625856447238206	0.0732053840139883	0.547888547139657
STRAP	0.269383961798489	0.349042002444803	0.758533086536938
RTCB	-0.0410134449182671	0.853970683234912	0.96552575740393
FBXO7	-0.578674774169833	0.232699531718674	0.697313398466417
R3HCC1	-0.0362294763290052	0.880313848047839	0.972415685543017
RPL36	-0.155567553365483	0.541753143935951	0.857638051177289
CCDC9	0.379802120642054	0.374214437004152	0.77466731374022
SAMHD1	-0.0673113365376494	0.936989198172902	0.985525040609641
PKP3	0.318895953279032	0.249766704108142	0.705393357536013
KNSTRN	-0.226716085454804	0.404153936671742	0.790655739026478
HBS1L	0.0404125284490569	0.887683165873696	0.974974443411107
PRKAB1	0.131127991188905	0.779475717250519	0.942705789353054
DMXL1	0.0025518220613634	0.997317657420836	0.999144529198716
TLN1	-0.302362909983195	0.310605180474506	0.733930273765069
KIF3A	-0.581375538547341	0.538716854177614	0.856253613748014
MTCL1	-0.37461089328292	0.610926981715494	0.882830703474111
DCAF1	0.50349749301445	0.0943659315243608	0.571547284880805
TCAF1	-0.0976727910465698	0.638489605544525	0.894982474303889
WDR7	0.109434712284923	0.675806056111254	0.906586463017914
USP15	-0.576273002062187	0.106040097418302	0.594185414983967
FARP1	0.442732784416286	0.156903066664626	0.642777060661497
CEP170B	0.0895473376728155	0.908051255020572	0.977491526270722
TLN2	0.66568375519817	0.00713770881832367	0.270411782754369
RAPGEF2	-0.159460637007562	0.591792285013656	0.87297810412205
TRAF6	-0.0934499356099678	0.711905805307548	0.912168824314977
HYOU1	1.55351796623518	0.00193893106958953	0.120298027665402
TELO2	-0.0319801990195749	0.900533313511645	0.976805661917324
LAS1L	-0.0934994866718064	0.670874592123654	0.906586463017914
ARIH1	-0.821891003674061	0.0148292052726296	0.335893268635594
LSM5	0.215739720070651	0.378339207329667	0.775511964957988
LSM4	-0.336353304180527	0.392469984296147	0.783293241385457
RNF114	-1.44458240253446	0.00286282591166298	0.15513617376999
PRRC2C	0.151110745253654	0.653730676754689	0.901816518423297
POLR3H	1.14754948689269	0.0694985650899112	0.544722590230742
IFT25	-0.838579750018262	0.310647431922987	0.733930273765069
PPME1	-1.20403351045893	0.0879556726536831	0.569454565357029
ASB3	0.336181499401768	0.241589770531445	0.703823957092988
RBM7	-0.456786510894403	0.147213938986127	0.631485844488587
AP4S1	-0.0232101455564511	0.960186927901499	0.988590725913015
KCTD3	-0.80898224420352	0.122783708009885	0.609329981954278
NUB1	-0.238964862781465	0.502974537995467	0.831780931260057
YTHDF2	-0.00303623137701692	0.992748152297578	0.997555865950198
CTDP1	-0.202378609669434	0.706611375912509	0.910476320072509
NME7	0.239767157902655	0.33700600735224	0.748528859172489
SUPT16H	0.304604557920307	0.253025413170577	0.705393357536013
UCHL5	-0.390982649352264	0.14864686623061	0.63572151282042
CD2AP	-0.451552246981088	0.139809505034456	0.622814246672745
TNPO3	-0.614339534764738	0.283293268607601	0.722783488148459
CERT1	-0.73182202830947	0.230281700567002	0.697313398466417
GMPPB	-0.395916944157221	0.528529862179004	0.85394314935582
GTF3C5	-0.163967499315461	0.625675716907206	0.889282119548389
GTF3C3	0.680435618236423	0.247119928288603	0.705393357536013
TRAPPC1	0.281803788611604	0.396152499911775	0.785945086891242
CDC42BPB	-0.31914555084192	0.322318503173113	0.7410555918819
USP16	0.595901890204775	0.13949942769611	0.62208026038234
SNX5	0.573581400359569	0.038783768327309	0.494146762527411
NUBP2	-1.74674930027594	0.0654853440157004	0.544722590230742
MRFAP1	0.937988844745735	0.0187008558018019	0.374937348043077
PUS1	0.0494939875694058	0.848221714667714	0.96552575740393
FHOD1	0.161614526980657	0.562417612869825	0.863880571936714
PSAT1	-0.913224928439725	0.267721588066418	0.715875152100146
KPTN	0.502310905265858	0.391929187786441	0.782833620319198
COPG1	0.266554509288923	0.25669564778251	0.707607255735303
CLIC4	0.0071069582191754	0.979445457167129	0.993406488689762
CFAP20	0.0421062673706523	0.871939143951248	0.969551032533843
TACC3	-1.07188670607931	0.06707790538412	0.544722590230742
SAR1B	-0.317635720621972	0.78271150934906	0.942705789353054
ARFGEF2	0.0811378623005083	0.735672799750952	0.925482002860366
ARFGEF1	-1.43626284578633	0.0752996288011805	0.551224950804696
MAD1L1	-0.0430127854435938	0.89615454353705	0.975768273652489
STK24	-0.160153247926452	0.550824562578549	0.861496356021351
BZW2	0.254668820336885	0.366913485954917	0.768848082904063
COMMD10	0.49913376932788	0.0843498205044517	0.564396138822547
DYNC1LI1	0.0261731237482365	0.895387392543939	0.975768273652489
EPN1	0.885683322912005	0.0147745555480322	0.335893268635594
OAS3	0.235213216250749	0.311748651898647	0.734348023607838
IKBKG	-1.52404717842282	0.0496047666508574	0.520428612671634
ROBO1	-0.0781895914654598	0.764856394056312	0.936654084843243
NCOA3	-1.03643101005463	0.0895561898196841	0.571061052685429
NUMBL	0.246672803462797	0.39684774468439	0.786166217026317
DDX49	-0.302612181319354	0.197737766823414	0.679021487722544
CAPN7	-0.760018900047687	0.046349210031721	0.511259825223789
WASF2	0.0839786876353301	0.71095733508175	0.912168824314977
IVNS1ABP	-1.07154876314536	0.00190177323955402	0.119727812331335
SEC23IP	0.0411644949850682	0.839886975588506	0.962521274636923
MIF4GD	-0.0291506623001361	0.914161777772085	0.977777231378392
AP4M1	0.174363933961448	0.591835937351026	0.87297810412205
EML1	-1.92453131324127	1.08317953686237e-05	0.00310941737413996
KHNYN	-0.435857363463459	0.688250843663169	0.909492386084926
FANCG	-0.176654244163426	0.832483515025849	0.961519008851179
POLR2D	0.673173766188267	0.1364510303707	0.62096769675782
THAP12	0.144647582943239	0.577743928006313	0.866759840537911
KIN	0.305937011349446	0.348448117746869	0.758533086536938
RNGTT	-0.125690146775913	0.628345679051256	0.89130147515521
RNF40	0.00637462066401184	0.977763581239957	0.99330941891036
KDM4A	0.564091399325861	0.227344181886239	0.697313398466417
ULK1	-0.377151259858923	0.53688172249172	0.854738063959485
CREG1	0.0730037708018969	0.931328393120437	0.982750024882571
CCNK	-0.0358183191459851	0.903518723254851	0.976805661917324
ARL6IP5	0.542301587567959	0.0899855317103129	0.571061052685429
SMNDC1	-1.01903509555224	0.370695543455088	0.771804893585179
RSL1D1	0.0613844333276603	0.85634060279873	0.96575187581174
PHF14	0.626029160369058	0.19665778213853	0.679021487722544
EPN2	0.523885788146007	0.353621109863637	0.760376491538854
POP4	-0.345812940628299	0.32693349674507	0.745605106857282
GLUD1	0.398878822646502	0.349041023473606	0.758533086536938
SOD2	0.497800979823023	0.297789768210911	0.730992545228958
SNRPC	-0.23138736402284	0.418186059858224	0.79605336871937
GAA	1.70035647788027	0.013585065093364	0.32876576162511
RALA	-0.549053347244708	0.36443285954376	0.767808994497652
P4HA1	0.47719909409885	0.310914593441274	0.734156301446273
CREB1	0.0506895701473624	0.830665155029637	0.961306717951752
GLB1	1.79860684067864	0.00272593322838979	0.15513617376999
XRCC1	0.274399538489465	0.299550235671025	0.732049795785332
ATP2B1	-2.0350332249913	0.0472734042623999	0.514361314641556
RAB6A	0.151016111880288	0.698361373074099	0.910476320072509
APC	-0.354040004665201	0.4607991414579	0.810854473143589
FKBP2	1.03019254218014	0.164428558114038	0.651779570131785
PSMB6	-0.129547658392035	0.691760738500764	0.909492386084926
RXRB	0.755745089480428	0.511126871869187	0.838246478884704
ARRB2	0.260040206173247	0.536686298921934	0.854738063959485
PHB1	-0.0525473542645081	0.930786081850492	0.982419925148411
POLR2I	-0.285177731963941	0.542376563220585	0.857638051177289
ANP32A	-1.21693180155094	0.00354674533002081	0.178630785386107
PBX1	-0.0465150464007174	0.9143270339293	0.977777231378392
MDH2	0.577347773098904	0.357059113546712	0.763486075487396
KDM5C	0.532379405811387	0.120127383959832	0.604307086641645
NCAPD3	0.565186551182975	0.0546415134671509	0.530702092386409
PPT1	0.270263687792102	0.243950035681515	0.703823957092988
HSD17B4	0.838566584528607	0.133289381392471	0.619424448803626
CCNH	-0.27096353717689	0.415651492784824	0.79605336871937
ZNF143	-0.234598154293419	0.451091186341949	0.806332325621789
PMS1	-0.0620161399296322	0.825621968454109	0.961306717951752
MAX	0.0234451222317098	0.947962263025156	0.987838851550511
BTG1	0.0756297462761744	0.904114862383917	0.976909572404227
GNAI1	0.38376244321584	0.244568686947566	0.703823957092988
CDK17	1.15826276538609	0.0938177954302804	0.571547284880805
TFAP4	0.0417903799362342	0.945680134349535	0.987838851550511
RING1	0.181315771347869	0.417248044865727	0.79605336871937
GTF3C1	-0.00393522114490708	0.991561779841924	0.997555865950198
CALCOCO2	-0.0538348113100326	0.862870899141446	0.968531656653399
ERCC8	-1.02521212591859	0.204692935762681	0.684067492583949
SRSF9	-0.12186747837184	0.68283103606204	0.908620528843935
MTM1	-0.106157252484238	0.729704684367267	0.922590281938815
NFYC	0.368321636899871	0.13495374187262	0.620880051517195
DAG1	-0.791990643975947	0.00883017662016736	0.284225459480725
DHX34	-0.90777986072808	0.199643073751657	0.681371569438006
TFDP1	-0.0991365051184196	0.867761430001131	0.9692971804576
HLTF	0.238812240403444	0.321453647249952	0.73959957017074
SAFB	-0.186579787585345	0.547849452119347	0.860676515421257
RBMS2	-0.082762146146198	0.827080703004306	0.961306717951752
NCOA2	-0.0256636993237898	0.963996833520023	0.989657180887103
NHERF2	0.0599714366426767	0.866061944451415	0.968614121521976
TRIP4	0.148538717291522	0.635183321171905	0.894982474303889
CSRP2	-0.180870237096165	0.511445990782868	0.838246478884704
CPEB4	0.349848380736475	0.22460345512154	0.696758979257474
LARP7	0.131814546635635	0.605333742410743	0.87997910311713
ARHGAP29	-0.124987920963854	0.770397551152024	0.939514795246966
NCBP3	0.870772282036601	0.140833987130054	0.623693793904561
NOL9	0.261945856257412	0.498559227592682	0.829188831905312
UBAP2	0.1668306156661	0.561033956673203	0.863880571936714
MBNL2	-1.42867197437607	0.00442385864042726	0.212792571232237
UTP25	0.0800966143186272	0.868725658726865	0.9692971804576
BLTP3A	0.350129084132455	0.613943163099321	0.884244779962805
RINT1	0.428834945512399	0.449221030360266	0.806332325621789
RFWD3	-0.363162086754155	0.173507642818397	0.659082714201915
FAM199X	0.00991756586531167	0.986246263840792	0.995548280005289
CCDC174	0.632787448985436	0.303504182905009	0.733794905462472
FIGNL1	-0.880588596993242	0.172026417785888	0.658639622312128
ZC3H14	0.833874681521117	0.0841934933449448	0.564396138822547
BLOC1S2	0.845458214544198	0.316739046481252	0.738014388767954
VPS13C	-0.313634853569937	0.33221811101124	0.748461444298966
TUBA1A	-1.8215717675806	0.431354869803396	0.79837120079299
TRMT1L	-0.407387302285734	0.0968652779635946	0.573734022165281
WAPL	0.697095005561881	0.0705350171995819	0.544722590230742
IRF2BP2	-0.989095203131182	0.00924794744695997	0.287098910923881
BCDIN3D	0.341925339907853	0.462550372764842	0.810883761591436
TAF8	-0.0603146755228892	0.89851000480903	0.976805661917324
ZNF598	0.0452963023203665	0.891323206154686	0.975768273652489
NCAPG2	0.286284262244404	0.28750122752598	0.724299863784512
MIB1	0.241708755924627	0.661005941039264	0.904874449927716
NAV2	0.213327533627528	0.684746314207976	0.908679160298929
WDR75	0.392550563092197	0.232855930808168	0.697313398466417
DHX40	0.442719707479846	0.10704772493537	0.595931483027722
PHC2	0.754741806460949	0.0103119079973797	0.298278906329612
IFT20	0.82002280145344	0.0414194684081972	0.502881151822912
RAVER1	0.414040070659517	0.152733850751435	0.6397427990457
ASPM	-1.16218171811989	0.119744191418747	0.604307086641645
MIER1	0.0354200920810541	0.912036885863677	0.977771862756481
PLCD3	0.412136334590485	0.395376600650079	0.785945086891242
MICALL1	-0.0190411311005327	0.940572192173439	0.986829514470522
NOPCHAP1	0.212072519706719	0.482050473568082	0.821579976735937
SPRYD3	-0.000915501699079613	0.997527609805294	0.999144529198716
DDX55	0.12468977170164	0.660215613489191	0.904874449927716
PPIL4	0.202700440084968	0.429768710000359	0.79837120079299
HNRNPLL	0.114658150931039	0.673200450737292	0.906586463017914
DDB2	0.377962283954883	0.257810962375526	0.708400981983072
TBC1D5	0.0105629576789426	0.980394851249381	0.993406488689762
DLG3	0.0749411522114194	0.778352886036336	0.942705789353054
GGH	0.199498551524943	0.715430470154378	0.914256072456983
CORO2A	0.471050908979716	0.0943895883076036	0.571547284880805
SMARCE1	0.27968513222703	0.385900460305955	0.780051268909739
ERGIC1	0.685153668157231	0.0337160381451933	0.486115495122247
UTP4	0.360509863088922	0.103447203834782	0.590409812866491
LRRC59	1.46051431741503	0.000908320532767681	0.0703798189531023
ACD	0.255323369062598	0.275236508173811	0.719131411179691
FKBP10	0.890174971417569	0.422480528063062	0.797105175145679
ESS2	0.818842590656903	0.129546250884372	0.614361469432021
HOOK2	0.546469905369143	0.0513466712692683	0.525873444267314
PRMT6	-0.000735033002950303	0.998279247611838	0.999212873281805
NEK1	0.349170703381724	0.531196123974433	0.85394314935582
USP28	0.201209047227948	0.504245414890997	0.832821998899829
LGMN	0.991062996587029	0.0721474812637588	0.546863283592589
SMAD5	0.445628113537246	0.0880586130031192	0.569454565357029
NAPG	0.953034777192137	0.274711011502402	0.719131411179691
PHAF1	-0.36449145001604	0.271902993811674	0.719085622472263
HTATIP2	-0.302752738000695	0.426284016670366	0.798265745248768
FRMD8	-0.446692337383954	0.348193311563565	0.758533086536938
PRKD2	-0.0240354341325357	0.958324854170385	0.988590725913015
NAT10	-0.0836795776759729	0.895991128456429	0.975768273652489
TOLLIP	-0.152839961163615	0.830934207854049	0.961306717951752
AP5M1	0.281947797812496	0.449865994372733	0.806332325621789
SENP3	0.948927788495944	0.0122292317662338	0.327196731489797
LDAH	-0.738699237079896	0.384325730785739	0.778617455494772
GEMIN7	0.794134811973969	0.0168705955976138	0.355778422430466
CAAP1	-0.0442674707291992	0.861082480212614	0.967851756636963
SMURF1	0.239805902206466	0.549248263494017	0.861496356021351
ZCCHC17	-0.219830223735556	0.617589162194588	0.885135320841992
APOBEC3C	0.200702815277751	0.592542090109164	0.873181278316401
BMP2K	-0.0498322348181155	0.890274491822964	0.975522990149849
TBC1D22B	-0.135438479472526	0.496038311483407	0.829188831905312
MDN1	0.480088035347908	0.442395161591101	0.80475652694345
HOXC10	0.486909353172624	0.268649395950679	0.71637160065737
ARHGEF12	-0.396542124715491	0.39438866456896	0.785292033962659
TBC1D7	-0.920191097373252	0.0148059810751336	0.335893268635594
TFIP11	-0.179361537191554	0.602013986977283	0.878252505446284
MAD2L2	0.0524443400982193	0.925412103268975	0.980616142102595
HERC5	0.503720228767783	0.0343382415646745	0.487760852837215
CNOT11	0.1721531047863	0.519103023253321	0.845294805077013
EPDR1	0.116411280344995	0.650835053911834	0.900452503210764
SMG5	0.205472519545985	0.811323938219088	0.955769828519835
MAPRE3	0.304851580316232	0.461386025801217	0.810854473143589
RCL1	0.441161301284613	0.29792994957557	0.730992545228958
NOC2L	-0.24604956165264	0.479135609527036	0.820800137809221
SNX9	0.214777998369929	0.415188548806006	0.79605336871937
SNX8	-0.0980329227111696	0.791770623026325	0.94734039913994
AP4B1	-0.415319671925502	0.693007279469523	0.909492386084926
PGRMC1	1.39063288902239	0.000238534656095502	0.0268728121774959
CDC7	0.463201778382913	0.0895012027246072	0.571061052685429
GOLIM4	-1.18682151877518	0.00983791431309781	0.296592332213885
CASK	-0.959953203803281	0.090559077131205	0.571547284880805
PGRMC2	0.772388472779909	0.34557193881023	0.755696758325862
CYB5B	1.21302902654013	0.105820684449524	0.593733093222036
HTRA2	0.504111221248245	0.348818511252205	0.758533086536938
PLRG1	0.379390518088908	0.34113088237536	0.750588432546536
CDC40	-0.0487588015513865	0.869258421568671	0.9692971804576
TACC1	-1.02250057022442	0.335529043827481	0.748528859172489
ECI2	0.865383852934009	0.256203727733327	0.707113175254518
ATP6AP2	-0.269113467130357	0.638587280950051	0.894982474303889
STAM2	0.25735080658427	0.319839502997175	0.738358564325366
RPP14	0.160643674780111	0.617891947441815	0.885272900601877
KIF20A	0.0227307738231346	0.955083679682351	0.988590725913015
CD2BP2	-0.00636016442525644	0.985333806622982	0.994861798620988
SEC24B	0.895649088780441	0.0594862080300847	0.541026301542909
ACSL3	-0.13578531155661	0.821854743829785	0.960513283738823
CYB5R3	0.718361024831129	0.390002742517278	0.781948432039544
GOT2	0.440759006230543	0.304116677795792	0.733794905462472
GBA1	1.28915434141285	0.0704254291353257	0.544722590230742
RPN1	2.21847682515041	2.82022729389136e-05	0.00574923478340424
EPHX1	1.11411466215414	0.0932771318535137	0.571547284880805
CTSA	0.66088311702514	0.1551685803066	0.640293846548008
LAMC1	1.36533960290658	0.049161204090652	0.520428612671634
MAP2	0.148574115264431	0.647934423396716	0.898835796034135
PDHB	0.297413197371593	0.574678857325046	0.866759840537911
ACADM	-0.0410777162081253	0.917151370846931	0.978830700609312
ZNF24	-0.288566511104502	0.361248876163829	0.765976443218105
UBTF	-0.51479219607625	0.304546590241381	0.733794905462472
AGA	0.965183231195837	0.161026405389967	0.649109266925094
VDAC1	-0.33100768915493	0.333047279285273	0.748528859172489
ACAT1	-0.287751684572171	0.793265474824835	0.947873480149946
HMOX2	1.43535140045112	0.130880088792806	0.614361469432021
SHMT2	0.0605950524629613	0.835408061733725	0.961651495639171
DDOST	0.925290500153963	0.0712013406048118	0.546259747543368
ECI1	0.0989105296763029	0.945684383825965	0.987838851550511
SSR1	1.62142543011379	0.00270927716163564	0.15513617376999
VDAC2	1.28970604327252	0.029897701642674	0.465521903250828
NSF	0.152381817845949	0.559222220993432	0.863880571936714
TUFM	0.376273533243456	0.426516728766769	0.798265745248768
VPS41	0.214058586369411	0.44905725570774	0.806332325621789
RBM25	0.0614669078283008	0.893162134657603	0.975768273652489
NUP153	-0.839015014470679	0.224173139899297	0.696758979257474
SSR4	1.26311570712461	0.00943365793322329	0.289682405006601
UBE2E1	0.0330750167998843	0.92772172916806	0.981363163471328
CTBP2	0.267778081798141	0.333737732828462	0.748528859172489
PRAME	0.380180645009627	0.305000100939053	0.733794905462472
DENND2B	0.207002899451396	0.412301537713254	0.794492381418758
CDK16	0.768347798967685	0.06844106355372	0.544722590230742
PLOD1	1.44678337631503	0.0565293142334313	0.534714797946429
NUCB1	1.19236976248975	0.173211256204716	0.658639622312128
SSBP1	0.135356456655177	0.746649796035104	0.928578581791827
LMAN2	0.476418442353637	0.12618110942155	0.612829208724818
CSTF3	-0.00439630165728744	0.984755493576901	0.994861798620988
ECH1	0.372060276779369	0.525640317011501	0.851084038247442
TRIM32	0.241998696437111	0.467682526569658	0.812061020047722
CBLB	-0.540118078315317	0.157853051698686	0.646050587305997
GRB10	0.622832983812643	0.0646270826327176	0.544722590230742
TRA2A	-0.974851547065093	0.232464577965792	0.697313398466417
ZMYM3	-0.150653162041369	0.618677412985474	0.885424000102049
RRP1B	-0.497000749442783	0.509337319532621	0.836712611250633
BMS1	0.266503252610757	0.550880223371117	0.861496356021351
NSDHL	0.914364340472922	0.0579262741778496	0.535030611856517
QSER1	0.332171170800958	0.282017289973696	0.722511082212682
COBLL1	0.0148108500555786	0.956875761589096	0.988590725913015
EXOSC6	0.175919808725087	0.535904211150335	0.854476135649611
GPATCH4	-0.111433326773753	0.753368354575553	0.931322531313296
LARP1B	1.41062552863207	0.134971718268768	0.620880051517195
ALKBH5	-0.0110689128805745	0.971622839152727	0.990889947779014
FBXO38	-0.334685822990529	0.319045144939245	0.738358564325366
POGLUT2	-0.0248398081796211	0.944433489380324	0.987600132132244
C15orf39	-1.86122867702941	3.57098599866914e-05	0.00664669176534895
ARHGAP27	1.01679102576141	0.0344087310340665	0.487760852837215
MON1B	0.464540310044548	0.0577101087683408	0.535030611856517
VPS35L	1.01019163730318	0.0738020819284094	0.548751576885112
SRGAP1	0.131006222212793	0.749931490600857	0.929075288596819
TRAPPC6B	0.206598895728636	0.65205454351434	0.900756857303934
KTN1	0.687748223732733	0.304633475033184	0.733794905462472
MON1A	-0.295966998735143	0.378702851689665	0.775511964957988
CHD1L	0.0422337865699056	0.860308352988226	0.967851756636963
ANKLE2	0.266310071837299	0.364035662506922	0.767808994497652
RIOX2	-0.0677768027064083	0.822707498264675	0.961247489102367
DNAJC10	2.83260347496819	0.00024509604271982	0.0269040040739372
SMAP1	-0.197115521221694	0.537960949754678	0.855819704905156
STAG2	0.707853731467829	0.0650884617477886	0.544722590230742
FBXL6	0.486386835411523	0.340384186065313	0.750588432546536
KRI1	-0.336611324292782	0.578957286374305	0.866759840537911
COLGALT1	0.813287018842914	0.272973476835672	0.719131411179691
SCCPDH	-0.565433638052177	0.355629622730655	0.762646226488252
LSM14A	-0.418734596540006	0.212973356751692	0.691640680291313
ATL2	0.735094657326993	0.167400402565765	0.652907242547528
SMARCC2	0.587894522388041	0.127184939601881	0.612829208724818
RDH11	1.41779951957726	0.103329205916438	0.590409812866491
HM13	3.85422722651451	7.30678766204057e-07	0.000940299277975581
NSMCE1	1.35235669668276	0.00793086560842507	0.279463448320539
LEO1	0.451127666456927	0.309614593452532	0.733794905462472
SMG7	0.264449263277193	0.277635816202066	0.719131411179691
WASF1	-0.179994217874565	0.886633620453752	0.974801112660063
SEPTIN8	0.043527218886382	0.92388046028488	0.980255575642583
TAF15	-0.362799623334904	0.36723820086178	0.769152024407672
POP5	0.0136153179723379	0.951885215945863	0.987883784112543
BORCS6	0.294788456218726	0.433265991399615	0.799847976459382
INTS4	0.546845745636013	0.126068223740307	0.612829208724818
FUBP3	-0.485651053198559	0.210310955170518	0.688860902130824
CLPTM1L	1.96124065320448	0.000743116454935223	0.0605168981145377
LRR1	0.586474492152991	0.0946496965322617	0.57162874306059
SNX27	0.125017752902309	0.632848054925444	0.894409545349578
KIF16B	0.331794188939941	0.384670852224117	0.778617455494772
IFT74	0.133001943729141	0.526207085538043	0.85135772229341
CIC	1.17568142030436	0.0548610076659777	0.530702092386409
GFM1	1.19572687349028	0.233106100520327	0.697313398466417
IFT140	0.339533126071238	0.281078075614399	0.722095667733537
LYSMD1	-0.0209027636096764	0.938101971615111	0.985525040609641
KCTD15	0.385607066623333	0.190909240377903	0.67432603558699
CDC5L	-0.228602025639869	0.553233745939961	0.8618608684021
SCAF11	-0.155265926134874	0.6641241582978	0.904874449927716
PRPF18	0.0731576272505805	0.829513932981542	0.961306717951752
ATXN2	0.123176074143259	0.665555364949456	0.905560300810477
HSD17B10	0.51870934071378	0.29598063226034	0.730992545228958
MGST2	0.563621300511553	0.0623237960356969	0.544722590230742
EBNA1BP2	-0.0791942356457689	0.807768169524827	0.953420329124838
VRK1	-0.232605235833617	0.369944712036036	0.771354139083583
MAPKAP1	-0.0818745363300124	0.769961287148145	0.939514795246966
SDF4	0.182786892086202	0.851619075262737	0.96552575740393
TRIM56	-1.51153099563153	0.0354948130633924	0.48982083384319
TMEM43	2.68772539206986	1.79231018162671e-06	0.00106257591597025
PAXX	-0.696482899969361	0.0680646059732497	0.544722590230742
UTP14A	-0.948593806016444	0.356684230101132	0.763101044009468
BTBD1	-0.396345798457901	0.194721429151535	0.679021487722544
OSBPL11	0.394126843399061	0.232146611058634	0.697313398466417
RACGAP1	0.376240184712302	0.248959161582053	0.705393357536013
PNN	0.0261001283557789	0.949426261564484	0.987883784112543
TMX1	0.667145219556723	0.160588467931497	0.648951409392365
CCDC86	-0.277383025404195	0.375275843549879	0.775116115344763
NCKAP5L	-0.166218554412438	0.636453753402958	0.894982474303889
APMAP	-1.0994481842259	0.462382293915778	0.810883761591436
DIABLO	1.24334562428041	0.00916087992778876	0.287098910923881
RAD18	0.210348348579497	0.482001820684129	0.821579976735937
MRGBP	0.342079729463286	0.32724523337978	0.745605106857282
SLTM	0.0911520367841661	0.800329125739083	0.950668420446453
GEMIN8	0.479587633899801	0.113386328820524	0.601993131615572
OSER1	-0.107622831748522	0.800943289264375	0.951041137021604
CDKN2AIP	0.332396866789558	0.269512630455786	0.717081150392305
UGGT1	3.18402069081278	3.0035000191099e-05	0.00584453799173158
TECR	2.1287081139697	0.181396443239394	0.668893211162157
CNOT2	0.0646193298681581	0.768083787088214	0.9384828226314
CWC15	0.103835028164557	0.757030674760827	0.93281725621134
VAPA	0.0554514510730222	0.916076297370249	0.978473709840827
SEPTIN10	0.0509513099253809	0.846826980413578	0.96552575740393
DHCR7	0.864106550943628	0.0139150278611064	0.331712511424781
NUFIP1	-1.36576489821109	0.0882139348990569	0.56959857511744
SSR3	1.80923059527578	0.038345427268579	0.494146762527411
DIMT1	0.0477360346411473	0.868589764582001	0.9692971804576
NIP7	0.134439698885455	0.777099285254821	0.942705789353054
SSX2IP	-0.286289936335574	0.362653009405978	0.766898736552665
GSTK1	0.150084847493538	0.722166106340385	0.917430005027841
WASHC3	0.5469957958815	0.109082366555725	0.599803060196273
RAD54L2	-0.768787115567214	0.383976013101251	0.778617455494772
WASHC2C	0.951100284425564	0.549843199536312	0.861496356021351
TSSC4	0.500076409808294	0.283064140290697	0.722783488148459
CTIF	-4.05273435990197	0.00337779556709155	0.176345644179499
SNRPB2	-1.74072958458431	0.163551417038509	0.651779570131785
TIA1	0.554381660023651	0.362053402501773	0.766543331409541
NCBP2	0.280348988480721	0.447579711668957	0.806332325621789
CENPE	0.715768198713704	0.0406063549018289	0.499528176249223
KIF23	0.377275068812487	0.234486289704031	0.699487857297161
EIPR1	-0.0992417508192318	0.784322692830286	0.942705789353054
ZMYM1	0.180704516178348	0.516343356930013	0.842724327494238
LIN9	1.19470461360908	0.0494305809487319	0.520428612671634
DAB2IP	0.465800702970739	0.28083899893656	0.722095667733537
FRA10AC1	-0.207677058983201	0.453908461215358	0.806920096566448
KHDC4	-1.04433394950332	0.0302171077903348	0.465521903250828
INO80E	0.127518646815446	0.712074177605298	0.912168824314977
SYMPK	-0.663911115577182	0.0570466469245099	0.534714797946429
EME1	0.21653638040285	0.59995725378144	0.877706097630649
DDX27	0.14582133502693	0.770126213670077	0.939514795246966
MTMR9	-0.163904576017028	0.63632641953971	0.894982474303889
PHB2	2.33330730262782	0.0798481568026874	0.558324262617749
BCAS3	-0.971868116086391	0.0762268594626108	0.55283431859327
IFT56	-0.780346706300879	0.447668529706536	0.806332325621789
ESYT2	0.200275304181751	0.462233958391272	0.810883761591436
MED19	-0.210958981734777	0.605769310181308	0.87997910311713
ARHGAP10	0.290608797151492	0.584721320579377	0.868259442733373
MEX3A	-0.251439969384329	0.623637303463996	0.887563595787688
PIPSL	-0.0481624254946027	0.913725418139315	0.977777231378392
TRAPPC13	-0.0698366145603799	0.821484750150269	0.960343040795549
MEIS3	2.68282271968323	1.07882653891038e-06	0.000940299277975581
SMCHD1	0.261625769023787	0.336629802687555	0.748528859172489
HMX3	0.570755082686134	0.695519981331238	0.910476320072509
ARHGAP42	0.482761016475322	0.31973525911366	0.738358564325366
WASH2P	0.430441099237029	0.100661344425592	0.582095643441473
AGPS	-0.982435556669877	0.119319098269251	0.604307086641645
MEN1	0.229792942139799	0.654333161506299	0.90181714659769
HIP1	-0.385294067838739	0.451545692955844	0.806332325621789
MEIS1	-0.543321116934464	0.319725153107243	0.738358564325366
KRIT1	-0.0340685637996216	0.906587178454147	0.977491526270722
PES1	0.0511410518173854	0.838608136668531	0.962488319860048
NOP56	-0.527505054565822	0.424278139096126	0.797687621199172
E2F3	-0.125225652101403	0.772451993961563	0.939984930684892
PIK3C2B	-0.214723156741087	0.641587540291013	0.895478959451502
ARID1A	-0.758371930911984	0.354518679439474	0.761130625215842
CIT	0.300598500459405	0.264674750665436	0.713451901662528
STX16	-1.03341729114348	0.0757688652009827	0.55283431859327
KMT2D	-0.00522617186115326	0.990849643261035	0.997372989137195
MEIS2	0.146469948532051	0.68685649633109	0.909492386084926
VPS26C	0.332041070953856	0.496660305814516	0.829188831905312
U2SURP	0.158904992971415	0.632019718556381	0.894142899914034
SETD1A	0.982987518820842	0.253488633341665	0.705393357536013
CEP290	-0.644374635609374	0.309823254489303	0.733794905462472
SCAMP1	-0.0652850230483182	0.902826075337517	0.976805661917324
NKRF	-1.36599005741489	0.0275716088635817	0.454488244762125
CASC3	0.268781962066523	0.492734645356968	0.827539041495952
RER1	-0.301294928603827	0.474536256382362	0.818136417737782
SURF4	0.53477564827984	0.367947383129548	0.769654629900242
RAD51B	-0.636278325619372	0.258658734640672	0.709594969023678
HDAC3	0.444914620141432	0.15297221892344	0.6397427990457
NVL	-0.156278237856352	0.740145670186747	0.926891258941879
YY2	0.539198485098623	0.149561544621889	0.637722084189548
STX7	-0.131152574517294	0.669869802584731	0.90648074095336
FOXP2	-0.0419674736766389	0.898688930994064	0.976805661917324
POLR1G	-0.210690317253103	0.665776380068052	0.905560300810477
OGG1	0.498338586317619	0.257110946982989	0.708295987151978
RBFOX1	0.530878328563396	0.0801765016442251	0.558324262617749
B4GALT5	-0.561491880255154	0.284993816396776	0.722783488148459
SART1	-0.480424114252038	0.257707710577696	0.708400981983072
DAPK3	0.336122434075492	0.305193150788267	0.733794905462472
PRPF3	-0.442639759707696	0.0858576002067553	0.564602744216773
SYNJ1	-0.0491858720492431	0.869537028299474	0.9692971804576
CBFA2T2	0.431380266961973	0.190309539035682	0.67432603558699
RAD51C	0.316663207745293	0.640131580746247	0.895459218532251
XRCC3	0.0516057245309938	0.824503107116494	0.961306717951752
PRC1	0.661525229980569	0.0919758751455273	0.571547284880805
STX6	-1.37037454483958	0.0889643347682403	0.570144187339576
SYNGR2	-0.476309060781613	0.188052239691184	0.67432603558699
KIF1C	0.175783510155302	0.583421752746327	0.867666198668151
ORC4	0.0689158627420241	0.841926679903163	0.963971146473774
RAD21	-0.122953668203998	0.737850448711433	0.926127998613976
MED14	0.42589260910222	0.338113119385805	0.748528859172489
URB1	-0.295672500284162	0.844313837874018	0.964994258952975
ZFC3H1	0.689430101486305	0.0707464985209746	0.544722590230742
PIP5K1C	-0.949308758280132	0.216904989231263	0.693318671866713
PPL	-0.109172583572271	0.719587297229886	0.917377373270143
STX10	0.109250360814595	0.666253974560628	0.905560300810477
CCNT1	0.213389966508149	0.875219744890779	0.970677774637743
PQBP1	-0.196134848865498	0.436442485532922	0.801909007018394
BRD4	0.154556657872739	0.707415131204678	0.910476320072509
OPHN1	0.555184311424881	0.154171195372122	0.6397427990457
RNASEH1	-0.0376289007295298	0.886190158710977	0.974801112660063
NBN	0.57436309500908	0.130736612939693	0.614361469432021
DEPDC5	-0.0267998174699109	0.948532836808582	0.987883784112543
HIP1R	-0.426357817863156	0.133405592571115	0.619424448803626
ZC3H11A	-0.236009064506852	0.418005224264026	0.79605336871937
DNAJC13	0.268369918395273	0.55052636986302	0.861496356021351
ZNF217	0.342705117267336	0.455962046345826	0.806934072098587
PRPF40A	-0.211235969131046	0.427467245217017	0.79837120079299
SAP30	0.122294535992729	0.7116145161227	0.912168824314977
MED24	0.536625136047046	0.0963816000925423	0.573734022165281
KATNA1	1.46148929478219	0.164650835717059	0.651779570131785
SRSF10	-0.157237258062388	0.624563596923593	0.8882912818704
TADA3	-0.164670869535676	0.529867323795626	0.85394314935582
EED	-0.113396671460229	0.628129118234023	0.89130147515521
RAD51D	-1.03349944212935	0.113416574181173	0.601993131615572
ZMPSTE24	0.578571147020597	0.2537504719938	0.705393357536013
PIAS1	0.577834484721887	0.035491713491975	0.48982083384319
PIAS2	0.159376439323079	0.482394142492956	0.821579976735937
RAD17	0.367303635952954	0.154446980138665	0.6397427990457
DXO	-0.228490964945042	0.462415705962829	0.810883761591436
RECQL5	-0.528201470792524	0.13502436999825	0.620880051517195
USP1	-0.0339761001032066	0.896005908664173	0.975768273652489
TOX4	-0.305832464536028	0.692349395647053	0.909492386084926
SUPT7L	-0.492320026665094	0.284865309650922	0.722783488148459
UFL1	0.119109520412437	0.732890307129119	0.925091971305457
SORBS2	-0.212480291128898	0.578357634098886	0.866759840537911
PRPF6	0.151076692620627	0.83106661133834	0.961306717951752
PCF11	0.577872758906121	0.054370658819502	0.530702092386409
KDM4B	0.175183746264821	0.74907734384345	0.928645211952639
YIF1A	0.197684386147614	0.51222910272422	0.838246478884704
SNUPN	-0.56503381317809	0.199788381423889	0.681371569438006
MBD4	0.212007025505557	0.442774784886562	0.80475652694345
KAT7	0.268332592086146	0.389011505731317	0.781134134824875
ZBTB7A	-0.626953833402162	0.309911674995363	0.733794905462472
SLU7	-0.662909128353967	0.057518127129667	0.535030611856517
YEATS4	0.393794300477538	0.304601571630954	0.733794905462472
WIZ	-0.0728048592482153	0.854396164637326	0.96552575740393
MAP4K4	0.33391335210062	0.338302526065424	0.748528859172489
CRYZL1	0.454565214221127	0.386654705121809	0.780051268909739
AIFM1	0.166623524324333	0.460757707741732	0.810854473143589
LATS1	-0.798933943584487	0.298692822724716	0.730992545228958
SYF2	0.335160445359655	0.417756162760412	0.79605336871937
MBD3	0.292523596826896	0.405449317385044	0.791213690213563
TOP3B	-0.0603919657179048	0.852437686453911	0.96552575740393
LDLR	0.157680439715818	0.77738082802271	0.942705789353054
OAT	-0.338756605444402	0.65471798449559	0.90181714659769
RPN2	1.47668698163152	0.0094733792807578	0.289682405006601
SLC25A5	0.937966598003705	0.0343856861990066	0.487760852837215
POLR3D	-0.177215561891174	0.453378397805538	0.806920096566448
RB1	1.83442405535738	0.0293379824358084	0.462608850825632
LPL	1.5475855260996	0.0168111684161618	0.355778422430466
LAMB1	-0.0113948255568452	0.981818558342882	0.99422498405701
SRPRA	1.54293116027847	0.0371224097858224	0.492352893860232
PDHA1	0.263724777385416	0.591359463499736	0.87297810412205
COL4A2	1.26638008161735	0.0504107699278021	0.522276609065199
FGF2	0.412549344370284	0.444642503075227	0.805722303902472
SRP19	-0.274635787500689	0.406575635673346	0.791428108944015
HMOX1	-0.719001799065055	0.136701183602717	0.62096769675782
DLD	0.464092907889999	0.251839926257166	0.705393357536013
ZFTRAF1	0.0384897469735854	0.908039174732208	0.977491526270722
MYBL2	0.693544521586666	0.0693695407149256	0.544722590230742
DLAT	0.355940847044369	0.564745171673797	0.863880571936714
NR2F6	0.504303482404975	0.6000109238945	0.877706097630649
MGST1	1.18771463848331	0.0338384530591987	0.486115495122247
RALB	-0.954728266477144	0.120366502901743	0.604799294509814
LAMP1	0.600128383097498	0.33195656330132	0.748461444298966
VDR	-0.303190520196143	0.240394784501998	0.703823957092988
ESRRA	0.30735095251725	0.408008125504002	0.792099497098592
PC	-0.674485563260546	0.308433604507923	0.733794905462472
IGF2R	0.0416078824494193	0.916494638068404	0.978676364572421
SLC25A6	0.971357926855863	0.215625959232774	0.693318671866713
SRC	-1.63453347421603	0.00352431917713684	0.178630785386107
NR2C1	-0.114089370603502	0.787186188610987	0.944491051974113
ETFA	-0.319196374595368	0.426636772980421	0.798265745248768
MTHFD2	0.646614050836483	0.378977108729524	0.775526291812185
B4GALT1	-0.593505472414904	0.0930977945802424	0.571547284880805
FER	0.334466282206812	0.22940461520716	0.697313398466417
ATP2A2	0.40166477667891	0.237496829713011	0.703128580913832
ITGA2	0.471876614575201	0.274181242672627	0.719131411179691
PTPN1	0.180630676557456	0.685147942158612	0.908930381277044
SON	0.559167513745777	0.17044565928193	0.656185132541314
ATF1	0.284118160166631	0.382643018440848	0.77784473494722
ERCC3	0.167792224014928	0.574623586565909	0.866759840537911
CCNA2	-0.081201797254721	0.765602368636019	0.936976559981183
NR1D1	-1.83518740914538	0.0436456437717949	0.50718644115754
MSH3	-0.302510267565495	0.293665971437124	0.72964830163803
M6PR	-0.20841272287684	0.67476849842251	0.906586463017914
ME2	-0.443048924939802	0.689941491993018	0.909492386084926
ITPKA	0.183997135737538	0.612839043760766	0.883652390144775
CCNC	-0.267315876962037	0.441430778975173	0.80475652694345
CCNE1	-3.74131374652169	1.20876522881201e-05	0.00311209715033717
BRD2	0.513003230944506	0.129323528259717	0.614361469432021
ATP5F1A	0.537181135512135	0.259240021385899	0.709594969023678
COL8A1	2.22168756151233	0.000929632080603924	0.0703798189531023
TEAD1	-0.228034627863437	0.559451862147198	0.863880571936714
ECHS1	1.06463198169153	0.164073015832446	0.651779570131785
ALDH1B1	0.781883122696058	0.138049038119585	0.62096769675782
SDHA	-0.037692516598554	0.975206928541536	0.992817197288652
CORO1A	-0.116902080566831	0.848969838349515	0.96552575740393
HIBADH	1.07641901657453	0.218143578158657	0.693452997804024
ELF1	0.0208880148867614	0.940945463098659	0.986829514470522
GTF2H1	0.24107122637232	0.615916440045891	0.884244779962805
BMI1	-0.407783311766984	0.390580028420162	0.782439448603984
RFC1	0.702847880677517	0.145731387074047	0.631359174870457
KRT9	-0.991406564057691	0.167699772290336	0.652907242547528
ACTN2	-0.769288998225065	0.0464618793347846	0.511259825223789
LONP1	0.0693400522837138	0.889833531693953	0.975522990149849
DLST	-0.296999269382994	0.76457385927278	0.936654084843243
ZEB1	0.564076412709568	0.092585810933548	0.571547284880805
COIL	-0.830613518142457	0.0181455555809912	0.3681569831385
CDKN1A	-0.141403843093144	0.871358721552919	0.969409222185043
CUX1	0.352867191137889	0.553870510438599	0.862538979697214
PBX3	0.557860495123549	0.310256635050622	0.733816936271664
BUD31	0.589300345055591	0.0671028319101355	0.544722590230742
ACTR1B	1.03252309033594	0.457445847136483	0.808557254992271
PI4KA	-0.202013105649016	0.843998779089681	0.964994258952975
MATK	-0.884987841463602	0.160455667989172	0.648951409392365
HELZ	0.334399033993481	0.55545663159258	0.863768366838121
RBM34	0.379085460661443	0.357852952690431	0.764027012904483
LRPPRC	0.200418863669029	0.717907887579274	0.916054744180886
ACAA2	-0.251937441754855	0.774175783064155	0.941175824646505
SLC1A3	0.912631178423048	0.00566249572106147	0.247660963411422
GRK6	0.336625995149593	0.219392208615234	0.694366248511349
PTPN9	0.011273070464096	0.971498743086214	0.990889947779014
TSFM	0.331598107171331	0.497725351257275	0.829188831905312
MKI67	0.349678335851891	0.428571149022528	0.79837120079299
ATRX	0.213800581076477	0.597346343380222	0.876968345682692
BRCC3	-1.21588599029555	0.0403156566164203	0.497381342867134
UTRN	-0.670465387057337	0.340931604911202	0.750588432546536
RFX3	0.719242090357753	0.0930983797258094	0.571547284880805
RFX5	0.244258649753142	0.409737048853571	0.79254780287099
LSS	-0.194077277831298	0.512047135759316	0.838246478884704
TRAPPC10	-0.437397629361268	0.247278821574976	0.705393357536013
IDH2	0.508538204443958	0.285505858238552	0.723013523904459
CDK8	0.154568282675985	0.75256871065686	0.931151479958335
CENPF	0.0890319860586963	0.734094520073065	0.925091971305457
ACADVL	-0.118250670397977	0.82320531591403	0.961304407372603
YLPM1	0.154872268501215	0.852574273888015	0.96552575740393
WHR1	-0.207859779917676	0.65589662396381	0.902859629321244
LIG3	0.16428369137633	0.665601005333528	0.905560300810477
IDH3A	-0.155081346889318	0.764901350294785	0.936654084843243
EMD	-0.107026267362613	0.69065166101821	0.909492386084926
TOB1	0.427588356999202	0.252027022065694	0.705393357536013
DNA2	-0.810482231164524	0.071880999998878	0.546863283592589
SMARCA4	-0.328416505515293	0.689178755066812	0.909492386084926
BCAP31	-0.560404146155516	0.383461035473532	0.778007911309096
VAMP7	-1.05101090061444	0.232361526164444	0.697313398466417
MNAT1	-0.0751646041395659	0.890144734195389	0.975522990149849
NEK4	0.493740708976976	0.408397148613892	0.792183141466276
RBM5	0.174375485661812	0.544585627957607	0.859016607695842
SMTN	-0.186366781461444	0.53234509547828	0.854441143298776
PMS2	0.471627187216917	0.154684473875732	0.6397427990457
PRRX1	-0.137097565978788	0.722170861684921	0.917430005027841
ALDH18A1	0.829833398588296	0.325972185010129	0.745452416681817
ELL	0.741019803201464	0.0332452683419845	0.486115495122247
PKNOX1	0.386045608123673	0.17128457349806	0.658230932805381
HNRNPH2	-1.00582074694195	0.27571793057958	0.719131411179691
OXCT1	0.470408795445103	0.70951788374913	0.911771293573611
RRP1	-0.189318785669371	0.638867030652735	0.894982474303889
MAZ	-0.279098454296186	0.570136977337482	0.866130731008431
POLE2	0.343263133382024	0.288104272359007	0.724299863784512
RIPK4	1.16167532852723	0.136578759898518	0.62096769675782
TMEM33	0.149730423469908	0.670705998633309	0.906586463017914
ANAPC15	0.0292031855911361	0.964917413875913	0.989788505317824
SEC61G	1.74940660266698	0.000110731924648876	0.0158014456473946
SPCS3	0.841152021685261	0.0280734671389028	0.457283506019946
ATP6V0D1	-0.0194530101465489	0.953081617783423	0.988590665308118
TRA2B	-0.221213328135732	0.651559648294508	0.900452503210764
FAM193A	0.103326267591505	0.820645939245138	0.959749030860123
NOP14	-0.366423253757468	0.183073551024805	0.670434449903499
PITX1	-0.116916004501409	0.690429277239818	0.909492386084926
NTHL1	0.596374920717274	0.133937300753158	0.620502465215354
LSM11	-1.04123537706755	0.00855644804382492	0.279619496760416
TXNL4A	0.124319622756722	0.663968362311083	0.904874449927716
RPL36A	-0.184616745138023	0.58022298203704	0.866759840537911
ERH	0.252442674020692	0.406028404914065	0.791428108944015
RBM10	-0.0847706515721818	0.807068788101334	0.952857551533869
ATP2C1	-3.27139598440052	0.0195458357142723	0.378623179605429
SLC25A3	1.04158350516736	0.0586465017394313	0.539926180530119
U2AF1	0.251515188552119	0.613476276468336	0.883975745392442
FOXK2	-0.40109154308195	0.144784663982049	0.631359174870457
MEF2A	-0.502607997535129	0.0958779516397965	0.572459568995773
SP3	-0.734802357531564	0.372059054329615	0.7724465623594
TOP2B	1.20348349018892	0.225169372132276	0.697313398466417
MLLT1	1.02557343541043	0.0135436212844957	0.32876576162511
MECOM	0.165834487700124	0.601461829045659	0.878191708780514
PPARD	-1.06620553649062	0.138590646214154	0.62096769675782
ATP7A	0.0708018659143299	0.835053294617864	0.961519008851179
NOTCH2	0.643261885085803	0.0117247400159711	0.319704535085174
SRSF11	-0.251767553707207	0.566024878680488	0.863880571936714
RBPJ	0.57632125776799	0.117263772608111	0.603657714049279
MEF2C	0.169364278689947	0.673913473953639	0.906586463017914
RAD51	0.227984331419979	0.53243508793992	0.854441143298776
FMR1	0.558889869724396	0.0559628841540136	0.533579303036374
KHDRBS1	-0.000714014322973355	0.997573284903216	0.999144529198716
SLFN5	0.422198806501662	0.0933133513139392	0.571547284880805
EP300	0.0437644968273929	0.836159248734949	0.962240545400543
FAAP100	0.44509509214847	0.454217998136707	0.806920096566448
NEXN	1.06069158108546	0.00688758863272399	0.263265776220459
MGAT2	0.112136556144037	0.777863825626916	0.942705789353054
PMPCA	-0.663410911307452	0.188072405458209	0.67432603558699
TBL3	0.00595240939103547	0.982665287705229	0.99422498405701
SMARCB1	-0.0969841129948037	0.743855744999763	0.927510717646225
BPTF	0.49697727343835	0.308450978774069	0.733794905462472
NFIA	0.768216678934703	0.0471125066807891	0.514361314641556
SFSWAP	0.616720530135016	0.299591507174936	0.732049795785332
CHD3	0.749566290185392	0.197313374113403	0.679021487722544
EPS8	0.307098763246529	0.497156650303434	0.829188831905312
ANK3	0.177410235637616	0.494411942515058	0.829188831905312
DLG1	-0.891840411760693	0.100798217914115	0.582095643441473
IFT88	0.0686188669940364	0.858017359042632	0.966865095008922
CHAF1A	0.130864378663968	0.767598900042469	0.9384828226314
STK3	0.0984986215606725	0.796291393569028	0.950376118846232
GPS2	-0.303734778360589	0.432241210636227	0.799319491461636
ATM	0.357530274767708	0.211757860663865	0.691483906561408
MTA1	0.535574533734227	0.117604586928436	0.603657714049279
PPIL2	0.0473240358467741	0.869768584975503	0.9692971804576
TMED1	0.651054929392878	0.0372112378801913	0.492352893860232
TOP3A	0.874473759384028	0.0856690656002106	0.564396138822547
SMAD4	0.173108540085146	0.690729105183101	0.909492386084926
NAB1	-0.502851596589018	0.0696043516541625	0.544722590230742
ATR	-0.127693041119826	0.74750262697995	0.928645211952639
MOGS	1.71487857915554	0.00957089350673498	0.290588617747038
RUNX3	-0.623851414425353	0.448369413804	0.806332325621789
THOC5	0.0467063902761069	0.876580302908086	0.970677774637743
MORC3	0.15311322879047	0.540609908122085	0.857638051177289
WRN	0.46715347264437	0.25295735811046	0.705393357536013
BTG3	0.426838131927596	0.271164598263517	0.718403991837081
GRB14	-1.18874589754859	0.00815303134532337	0.279463448320539
DHX8	-0.434740073110749	0.323675222748762	0.742181911401955
RASA3	0.462878582004443	0.394146885914823	0.785175811354749
MDC1	0.223467206042208	0.735281115349118	0.925482002860366
MELK	-0.429122256604323	0.206589470452574	0.687127570036784
GSE1	0.176547181793545	0.459470924996492	0.80991226627306
DIP2A	-0.0424447577797125	0.958139602413652	0.988590725913015
PDCD11	0.594175083256175	0.407714580663787	0.792099497098592
CBX2	2.46059223634836	0.0414789504255638	0.502881151822912
GOLGB1	-0.997965941105765	0.252164962309516	0.705393357536013
KIF22	0.0330072527149738	0.94677577570777	0.987838851550511
MEF2D	-0.699812517818156	0.162880259063128	0.651064789028247
NFIX	0.572931199224392	0.312170736518188	0.734690996720374
ZNF638	0.323688658910175	0.345315674448302	0.755696758325862
SHPRH	0.402775371121425	0.70470170765334	0.910476320072509
WTAP	0.84262404310585	0.0101809590423289	0.29799876338284
MAD2L1BP	0.18194779990327	0.641700329406125	0.895478959451502
RRS1	0.336073883605753	0.211452333154678	0.691013311629906
BRD3	0.0645006089086522	0.83478256606461	0.961519008851179
WDR43	1.27388838848151	0.103094599698511	0.590409812866491
PCOLCE	0.993877359545859	0.229022889281769	0.697313398466417
EBP	1.42032602538955	0.000500124071843215	0.0446048156575167
PWP2	0.0328456253255638	0.95897421334621	0.988590725913015
RNPS1	-0.373479841097964	0.650135097168594	0.900452503210764
TMED2	0.302629315705381	0.343222579171015	0.753505569964675
PUM3	-0.159291337363033	0.608160156694474	0.881328185234199
SF3A2	-0.427860415563387	0.455581300106705	0.806934072098587
TERF2	0.587591332612948	0.12158761679189	0.606219994504851
TGFBI	0.964192206249471	0.0761532232748883	0.55283431859327
TGIF1	0.0499223194840397	0.890871599892025	0.97565139911429
MED1	0.300888671165179	0.442309426987367	0.80475652694345
HMGN3	0.0782758686506142	0.895623159462905	0.975768273652489
JMJD1C	0.159456517950215	0.580197799987142	0.866759840537911
ELF2	0.582380826059055	0.214832102192972	0.693318671866713
ITSN1	0.318900773924209	0.412993058295659	0.794642173599113
VAMP3	-0.168152094177472	0.692003096446246	0.909492386084926
ATP6AP1	0.34372688948957	0.451246505000643	0.806332325621789
EZH2	0.302722547163111	0.283908465611598	0.722783488148459
SNAPC1	0.465670990587999	0.196185610411826	0.679021487722544
SYPL1	-0.385400373166288	0.341192499354253	0.750588432546536
NFIL3	-0.375136543292609	0.309669514203977	0.733794905462472
IFI16	0.187921011860325	0.641259778991355	0.895478959451502
MAN2A1	0.346140091485324	0.312461973314693	0.734910263048988
UPP1	1.05396838850248	0.0687170961393021	0.544722590230742
CYP51A1	1.41251557034392	0.152902269653763	0.6397427990457
FAM98C	0.43191719050423	0.216129881012261	0.693318671866713
KNOP1	0.299963801884026	0.564797147612617	0.863880571936714
MTHFSD	-0.251897000567439	0.633461747605681	0.894409545349578
KIZ	0.311231925442275	0.583511092260128	0.867666198668151
RALGAPA2	0.353472978534477	0.312896374966312	0.734910263048988
ASTE1	0.614681059042585	0.559085372923337	0.863880571936714
CWF19L2	0.252060207464282	0.357651987408292	0.764026026993462
GFOD2	-0.438416621480279	0.224567851969769	0.696758979257474
CHD9	1.28682092849402	0.00591310967680889	0.247660963411422
GON4L	0.414827001197228	0.174474870936137	0.659088374873031
TPRN	1.64062663957563	0.0476994725327489	0.514361314641556
ARID4B	0.919340883472856	0.0649619190526376	0.544722590230742
LIN52	0.467887259895168	0.276739356496167	0.719131411179691
KLHL12	0.361093212711467	0.828619231130211	0.961306717951752
HSD17B12	2.00827768380992	9.78492567201948e-05	0.0149604524292555
GLE1	-1.30462584368164	0.134531890108495	0.620880051517195
USP39	0.778288008643692	0.020835584834129	0.387813646412636
EAPP	-0.167415295174365	0.600784991062428	0.877918274595
PAN3	0.63707787490473	0.0726183446474667	0.546863283592589
ODF2	0.378044598589362	0.549621990690103	0.861496356021351
SH3D19	0.163487067158066	0.598102616251383	0.877476799236522
DOCK11	0.107228977217908	0.710183655969306	0.912168824314977
AMER1	-1.4117061600728	0.0350298947488457	0.48982083384319
TEX30	0.648345958470131	0.128270425613457	0.614234554867126
HABP4	0.421123476702586	0.230372961221036	0.697313398466417
WDR45B	0.195950346572346	0.534141965626245	0.854476135649611
DNTTIP2	0.396389547246145	0.615293424134896	0.884244779962805
SNAPC4	0.312418109275228	0.305763789705839	0.733794905462472
NHSL1	0.274581742785699	0.366027264816579	0.768054038250732
SZT2	0.445311271491232	0.179394664436919	0.666058598574251
FKBP15	0.278302728837943	0.396754942917451	0.786166217026317
SPOUT1	0.183858191810714	0.572618492548487	0.866759840537911
KIAA1217	0.348499364997771	0.255979553178926	0.707066134778811
DCAF12	-0.200262107686623	0.441081969632363	0.80475652694345
GORAB	0.743105868105758	0.0079665477186978	0.279463448320539
WLS	0.73775510305876	0.155642954056279	0.640680275302817
CCDC18	-0.0451622006835635	0.935670667200939	0.984420281712268
TUT4	-0.584026405291667	0.150639773578142	0.638718351797896
RC3H1	0.433260291010868	0.138402371462248	0.62096769675782
VPS13D	-0.0502722675327405	0.928502318038326	0.981946250870077
RIF1	1.03730332585472	0.0571120288440711	0.534714797946429
CEP350	-0.0189015834423074	0.959954427660917	0.988590725913015
PRPF38B	-0.586589282420473	0.329466216870597	0.747829499718675
MYSM1	0.945483783537512	0.011049022038957	0.309155969599835
ZMYM4	-0.206182816344569	0.593364491556376	0.873181278316401
OBI1	-0.847571948228616	0.21227828836135	0.691640680291313
TENT4A	0.201544091958436	0.496934222851961	0.829188831905312
ICE2	0.197030953488746	0.678712832744181	0.907140067742067
CEP135	-0.449141603337367	0.202064691574461	0.68220736958223
ARID2	0.555789495821202	0.230276033727998	0.697313398466417
SPTY2D1	0.98386624622762	0.0562618478840831	0.534714797946429
ZFYVE26	0.306432527725804	0.400430331972249	0.788290429933894
VIRMA	0.395127286973441	0.50125378179027	0.831087312100754
SPECC1L	0.384489651529357	0.691789594457861	0.909492386084926
AMMECR1L	-0.103214103984964	0.706710460741223	0.910476320072509
RPL7L1	-0.623110953764751	0.0251535997214464	0.430206976797192
VASN	-0.485799914908412	0.159399815654925	0.647064323082098
LAMTOR1	0.119467977493514	0.726774684349605	0.920509592810846
NCAPH2	-0.0547514341792841	0.841731296184244	0.963971146473774
NIPBL	-0.17814801180149	0.564196111088205	0.863880571936714
LIN54	0.381274015143088	0.213906157604695	0.691640680291313
HMBOX1	0.462478848269789	0.169594486523355	0.654384369124045
PPP1R18	0.291161168089591	0.326161463471768	0.745487039574287
MSANTD2	0.672840121773955	0.292511863245702	0.728931376762388
TAF2	2.05942634462802	0.0556812718266143	0.532612173310721
NFRKB	0.211301415900575	0.73848795184981	0.926127998613976
PKN3	-0.103230779769774	0.707613087959267	0.910476320072509
INTS5	0.119252862522959	0.701887570930554	0.910476320072509
RSBN1L	-0.184444817529865	0.706594212381537	0.910476320072509
FBXL19	-0.896613290447494	0.107212564308371	0.59607401013524
CTR9	-0.0795148463994693	0.818563307440949	0.95865075999301
C16orf87	0.175704333645282	0.600104122346393	0.877706097630649
DARS2	-0.153147407575474	0.767402166076239	0.9384828226314
WDR59	0.671453998996196	0.261015011747667	0.712176714653767
MTHFD1L	0.509981145137559	0.50894041530479	0.836381542387641
ABRAXAS1	0.480631417118836	0.125416423399009	0.612829208724818
ATF7IP	1.8779278373832	0.0986677980652655	0.578625813037537
PPP1R21	0.160026113425495	0.545510274041078	0.85920878703821
AEBP2	0.135357644810071	0.621690063574247	0.88652274393277
QSOX2	0.388190219329235	0.217120074613882	0.693318671866713
MMS22L	-0.0877148926692861	0.737023376705238	0.926127998613976
SRCAP	0.126552722954376	0.882355280269867	0.973547153308068
FAM83H	-0.54215964174298	0.631478829568283	0.893755477066766
C1orf122	0.490222939771023	0.117361377206427	0.603657714049279
TPGS1	1.1092031502977	0.0628510797946355	0.544722590230742
CRACD	-2.8648317920817	0.0366234011664184	0.48982083384319
KCTD1	0.465191091987151	0.286476063927427	0.723115583533795
MED25	0.183637556292521	0.679206111479531	0.907498443451155
INTS8	-0.0367988234812842	0.92472631435891	0.980520774674472
ASXL2	0.578515829727419	0.0862363321244945	0.565042269930477
RSRC2	-0.912541586550478	0.0723620589016766	0.546863283592589
HS2ST1	2.09871632914085	0.0231209970912157	0.408117878718862
APTX	0.0659578211139227	0.823815194319074	0.961306717951752
SETX	0.214763274316816	0.563802564401216	0.863880571936714
ATG9A	-0.3411290560623	0.257598585020965	0.708400981983072
UBE3B	0.584756437926544	0.42031442913704	0.796179677493658
TTC21B	0.0530053045519097	0.831842402657742	0.961519008851179
EMSY	-0.52567811300224	0.478321326948498	0.820718878022653
CPEB2	0.795063246655793	0.0533396483634136	0.529807504973953
RBBP6	1.0983189374925	0.0673377028935033	0.544722590230742
PXK	0.0304946842902964	0.909909160418122	0.977491526270722
VPS13B	-0.722175676118919	0.318325177157936	0.738358564325366
TMED4	-0.880477158616724	0.183941217639618	0.67179914603353
USP37	-1.12874045620723	0.0938974447255519	0.571547284880805
PBRM1	-0.0324461158260547	0.953389506833138	0.988590665308118
TLK2	0.326336254020347	0.263685805692091	0.713451901662528
DTX2	0.272624933719623	0.460248525601557	0.810832896337558
FAM83A	-0.0565224567895442	0.929610937927802	0.982297363458231
KBTBD6	-0.576438428186854	0.0798750813000218	0.558324262617749
COMMD7	0.51247085886056	0.0780129795103555	0.558324262617749
AMZ2	0.219478822250707	0.384386947756191	0.778617455494772
PROSER2	0.182963907729807	0.633197904452004	0.894409545349578
IFT70A	0.122314556174707	0.746431320962713	0.928578581791827
ERICH1	0.163868521466213	0.737392701922719	0.926127998613976
VRK2	0.643779512297961	0.0317670103323888	0.480546188102319
GATAD2A	-0.536635701310047	0.0986329669789971	0.578625813037537
PRAG1	-0.0695860067420639	0.874139401027273	0.970677774637743
DCP2	0.254141039500457	0.591415517641537	0.87297810412205
VRK3	-0.443109902241627	0.319839868353929	0.738358564325366
FOXP4	0.449616409264124	0.116792860198728	0.603657714049279
MAP4K3	-0.174900263189709	0.589841997317118	0.872232673752878
CCDC50	-0.268029635670345	0.334376066657983	0.748528859172489
MISP	-0.0207718879041252	0.947871447863485	0.987838851550511
ARID3B	0.493801990926315	0.277194917340399	0.719131411179691
MFN1	-2.99302902433868	0.00137307559410943	0.0979689436397081
DENND6A	0.564081112063686	0.0958675197300042	0.572459568995773
BRSK2	0.31107873384234	0.620655725891769	0.885971044529064
ZC3H7A	0.128476497920833	0.855320388154711	0.96552575740393
SUGP1	0.123643123245706	0.592481983368278	0.873181278316401
CCAR1	-0.0811917753359772	0.799331848299485	0.950668420446453
SKA3	-3.4814672945067	0.00176324711167581	0.11794470132944
PARP9	-0.241986805968757	0.566331507810161	0.863880571936714
RBM12B	0.25819262670737	0.698445960764567	0.910476320072509
KLHDC8B	-0.291903265021546	0.601870620500785	0.878252505446284
SMC5	0.200996372717029	0.486082600263535	0.823800321349246
MICALL2	-0.272624730481578	0.470910245069062	0.814532023895215
DHX37	0.26413022191916	0.745521033216894	0.928323310995207
FTSJ3	0.527650850599279	0.229888358282799	0.697313398466417
SRRM1	0.179576214609341	0.754509432924918	0.931657018272735
SUPV3L1	0.375230232961844	0.110015338846558	0.601254065793282
FANCM	0.873308760058343	0.0135929782311713	0.32876576162511
RNF168	-0.594169373973777	0.217440974520831	0.693318671866713
RCOR2	-0.312815836477622	0.421822270236344	0.796920184855158
SELENOH	-0.188061305842922	0.720658771450018	0.917421845268931
AHI1	-0.839008551349693	0.134072595263771	0.620502465215354
SIX5	1.24464508075212	0.149248856174498	0.637108891016748
DOCK4	-0.0697493452855547	0.850652938805466	0.96552575740393
INTS1	0.244886206259377	0.435701081170274	0.801811129646866
PIAS4	0.308458274983025	0.232620265509285	0.697313398466417
AGGF1	0.285851264403703	0.698876152716546	0.910476320072509
HROB	-0.173082320676205	0.746428682061452	0.928578581791827
VPS8	-0.144864445131621	0.701072541411173	0.910476320072509
SYNPO	0.216828017128034	0.52944043566289	0.85394314935582
RYBP	-0.115384982192658	0.756434621172898	0.932420562407479
AFAP1	0.615378965682559	0.089508553421176	0.571061052685429
ZGPAT	0.0745196658668164	0.850791345938583	0.96552575740393
SRBD1	-0.0638008738433484	0.853869739984596	0.96552575740393
ARRDC1	0.0675477392768613	0.815374385587946	0.958086924493474
FHIP1B	0.834722856290572	0.132707902092776	0.618869857145069
CPSF7	-0.0487909991522955	0.878876526642185	0.971963423031567
ANKRD13C	-0.225211180967406	0.448779117178759	0.806332325621789
SIRT6	0.567148310149875	0.0924387753254502	0.571547284880805
GPATCH11	0.0988919507718862	0.76266985540475	0.935795256803592
CEP120	-0.833691802376975	0.113708802457171	0.601993131615572
BANP	0.282184601943257	0.630888182999557	0.893723465063237
POC5	-0.844437073215072	0.0579305183042227	0.535030611856517
PRPF38A	-0.14796427177178	0.70264482143432	0.910476320072509
GATD1	0.0413376708130073	0.919456326691894	0.979562939544027
KDM1B	0.512171799797432	0.311702275694633	0.734348023607838
GOLM1	0.572622211795963	0.482109487182752	0.821579976735937
POGLUT1	3.01606862318687	0.000260603497947727	0.027075339268695
POC1A	1.10538774268548	0.0315164287338194	0.478446210671918
NECAP1	-0.535733082557204	0.101156213642656	0.582839502832044
MTMR14	1.14064598784232	0.0841532114875718	0.564396138822547
DAGLB	0.0264563307707988	0.925668446035832	0.980645042682355
CHST14	0.428483427030876	0.235254233431825	0.69987725734652
DYNC2H1	-0.694813598042742	0.489901612589832	0.825867416902052
MROH1	0.445596816235685	0.474218288037034	0.818136417737782
TNRC6A	-0.812401014303401	0.0721456179951712	0.546863283592589
TTC21A	-0.0557726467484727	0.923550796659499	0.980255575642583
SRFBP1	0.105671386254834	0.80345489137501	0.951228934223888
WDR19	-0.228130374647478	0.593766143760133	0.873181278316401
BOD1L1	0.351775656849242	0.35377845793878	0.760376491538854
ARID1B	0.028472775026998	0.951083953442049	0.987883784112543
ENGASE	0.403543405907278	0.107592044378766	0.596131135961605
BBS1	-0.62956564232644	0.510082329979507	0.83761505740018
NCOA7	0.421838139623461	0.466137227809177	0.811522355531145
THOC2	0.138288964735608	0.541081978026331	0.857638051177289
ABHD4	0.992671166428128	0.0962235748453675	0.573723013806432
SLC35B2	0.0426486017499741	0.96265294170293	0.989215178445922
PUM2	0.586136390309953	0.113862528755607	0.601993131615572
GOLGA5	1.01800588193395	0.431897638328048	0.799029295454786
KLHDC4	-0.575269335119508	0.0821177782657393	0.561826180788743
WDR20	-0.881031134318054	0.190924732355395	0.67432603558699
PI4K2B	1.3654303067039	0.0206469990175368	0.385981671589848
DYNC2LI1	0.0531683558629865	0.910062445134369	0.977491526270722
CCHCR1	0.260940922430905	0.44785342527868	0.806332325621789
DTX3L	-0.0805913569285508	0.712303767671715	0.912168824314977
HELQ	-1.97706204265698	0.0679692489291497	0.544722590230742
DMXL2	-0.468555367291206	0.414638280607929	0.795637148938837
DLG5	-0.548511716182521	0.47709609878337	0.81995000377363
RB1CC1	0.481135260774433	0.358710609872799	0.764027012904483
TBCK	0.855114316209384	0.179544878008569	0.666058598574251
GPX8	-0.0919587177129593	0.81665296596494	0.958358373710502
DENND1A	0.484624680359929	0.557395901752109	0.863880571936714
PHF10	0.13862575903439	0.828258587632079	0.961306717951752
ARB2A	1.12245602898804	0.0830534416858422	0.563473508489842
TGFBRAP1	-0.236562950312326	0.784388110491715	0.942705789353054
CACTIN	0.600298202376631	0.222626721296481	0.696758979257474
GATAD1	0.05127884284299	0.863556489943009	0.968531656653399
BCL7C	0.237446360139167	0.33710825439034	0.748528859172489
SNX33	0.0516910169552141	0.883676176834371	0.9739910097437
MITD1	0.273610814101062	0.39788576567731	0.786990057940682
STAG1	-0.730969748210001	0.0624985188270676	0.544722590230742
TRAPPC12	0.0885989305896757	0.701203589543121	0.910476320072509
TSEN15	0.554555386372918	0.0622466949451643	0.544722590230742
CKAP2	-0.0969750564549479	0.765602430930665	0.936976559981183
SREK1	0.168887613062925	0.705872826708455	0.910476320072509
ATRIP	-0.0430270786898213	0.887748278536906	0.974974443411107
PSPC1	0.124127643867268	0.67168676687369	0.906586463017914
GATAD2B	-0.623512237466265	0.0705994121681732	0.544722590230742
PIBF1	0.116565008978288	0.733960533950987	0.925091971305457
BBX	1.0779409314676	0.115887854393593	0.602798332058062
ZCCHC14	0.146747014474698	0.813354134931051	0.95737394875992
CTTNBP2	-0.116137773550026	0.813990178471378	0.957733564897424
FAM3C	0.240552423466756	0.456678422698725	0.80753421213269
H1-10	0.0230063491424346	0.960418471642974	0.988591362612063
TOPBP1	0.351674218073565	0.451223698856775	0.806332325621789
BAP1	-1.69736161868669	0.0985876758933018	0.578625813037537
FIG4	-0.0570066675736811	0.877482473192233	0.971174371183027
DCUN1D4	0.306356563466021	0.433940501161065	0.800616506634758
NR4A3	0.00286302414074413	0.993361517529944	0.997555865950198
PHF3	1.39432487572424	0.00645867570314683	0.256014728566404
MAML1	-0.368413182042758	0.430286153042509	0.79837120079299
AKAP1	-0.507778523409392	0.216682527743667	0.693318671866713
CENPI	0.414482806011463	0.263087974112443	0.713286647989467
RAD54L	0.0876710085840386	0.800301575825258	0.950668420446453
GTF2H4	-0.214463047815709	0.706959267653174	0.910476320072509
RREB1	1.08115181457699	0.053268399996682	0.529807504973953
DPF2	0.233315676204647	0.67812051136112	0.907140067742067
CREBBP	0.261275579529329	0.401808311243633	0.789291185852199
GOLGA1	1.34036674941661	0.195630729253765	0.679021487722544
APBB2	0.729460127759939	0.0850948337574042	0.564396138822547
CELF1	0.187246060921439	0.535983416871936	0.854476135649611
SMARCD2	-0.327134804648285	0.249320028110594	0.705393357536013
RIT1	-0.410750160661618	0.824924878870388	0.961306717951752
BRF1	-0.603365795177993	0.345040621641598	0.755559540280144
ATP6V0A1	-0.387266570958882	0.244580532844581	0.703823957092988
SECISBP2L	0.0857270083970363	0.726134733468882	0.920358460604115
MED12	0.554915490618122	0.12294778601302	0.609329981954278
PTP4A1	0.0371083079799703	0.961405633911408	0.988894165971826
YIPF5	0.260896023721202	0.678569358982693	0.907140067742067
L3MBTL2	0.295274641131208	0.44956273198549	0.806332325621789
ITFG2	-1.33239056250714	0.0437755176728016	0.50718644115754
CCDC102A	0.514489392876726	0.572907020031641	0.866759840537911
RAD51AP1	0.0130112621156755	0.958983393498803	0.988590725913015
EXOSC8	-1.29478848536487	0.0116208431870331	0.319704535085174
NACC2	-0.112360546317536	0.668985487305729	0.906305971884755
PINX1	0.0104417477902956	0.990237940537478	0.997372989137195
TADA1	-1.64848449696713	0.118769027923564	0.603657714049279
ENTR1	0.0169642952800544	0.975423763558998	0.992817197288652
INTS12	-0.219969495877059	0.503032195989789	0.831780931260057
TRIM44	-1.20420363728915	0.0200846142206815	0.385981671589848
THAP11	1.26877599818314	0.0349749503661777	0.48982083384319
SGF29	0.623540064696989	0.165641153889701	0.651779570131785
RBM33	-0.145208645980034	0.571948858913321	0.866759840537911
DTNBP1	0.433879697777318	0.618824715791948	0.885424000102049
TMA16	-0.197859310673575	0.645313916436584	0.897508898918763
TRIM11	0.147917583665173	0.549406228574139	0.861496356021351
DDX11	-0.207667953642865	0.585752959445153	0.868887186203986
STAMBPL1	-0.293597621024052	0.77792052150658	0.942705789353054
WDR89	0.540927296059564	0.121416430622195	0.606219994504851
IFT43	-0.595052746284235	0.173718508465104	0.659088374873031
THOC1	-0.546789075114827	0.373499064648278	0.774180269143341
BICD1	0.200437955712552	0.49855921420939	0.829188831905312
AURKB	2.29690320650905	0.0423596643812119	0.506541126301587
SMARCD1	-0.0623761462302568	0.863035595831965	0.968531656653399
LIN37	-0.101593814256141	0.782702374449502	0.942705789353054
RBM18	-0.324118202807519	0.270944961702267	0.718403991837081
TONSL	0.237012651730996	0.381083506544543	0.77784473494722
DOCK6	-1.00136532674479	0.704165848085489	0.910476320072509
DDRGK1	0.648346540854007	0.281076368901321	0.722095667733537
RBM17	0.023573874122782	0.923187390168158	0.980255575642583
TENT5A	0.687748884072828	0.030015224847895	0.465521903250828
NSL1	-0.0670943913042166	0.827451657092968	0.961306717951752
CDK5RAP3	3.66914332402941	0.000749216444772366	0.0605168981145377
VPS39	0.469398358721037	0.0904946161032735	0.571547284880805
EAF1	-0.278182726991879	0.603501970755852	0.87847396695199
SPG11	0.198175851856625	0.626081602276022	0.889563670542201
CHAMP1	0.252154357911877	0.608344963178477	0.881328185234199
MYO15B	0.370811271780894	0.483257181663826	0.822267088514642
CNOT6L	-0.123012669384355	0.599603289876295	0.877706097630649
CCDC138	-0.0498242450756727	0.91079077578311	0.977491526270722
KICS2	-0.112430538673205	0.863041201996865	0.968531656653399
NSMCE2	0.195048023768628	0.450865640159424	0.806332325621789
NSMCE3	0.329770422619806	0.328012202575078	0.746490007501613
TCEANC2	-0.348614388092425	0.333582459624179	0.748528859172489
ZNF830	-0.203701869838682	0.661508993588534	0.904874449927716
SCLT1	-0.21131955516498	0.430552023095521	0.79837120079299
ANKRD27	0.624050669992677	0.154320038735257	0.6397427990457
MUS81	-0.696632361007751	0.141172456503976	0.623693793904561
KLHL5	-1.02074992608121	0.0373506788499168	0.492352893860232
UHRF2	0.365647073826281	0.223184094157641	0.696758979257474
QKI	-0.681337355095518	0.124426204326833	0.611559794171264
TRAPPC9	-0.339849239358781	0.289842525013547	0.72511002347403
PPP1R10	-1.25970617082604	0.124015690409786	0.611139040472587
PURB	-0.0538637403740694	0.875705232609964	0.970677774637743
UIMC1	-0.0581153227404343	0.851011014133403	0.96552575740393
MED15	-0.887259597620201	0.0286825994006311	0.457283506019946
TUBGCP6	0.289858348350897	0.439647395447641	0.80364239962056
TUBGCP5	0.559949948888914	0.107715537739847	0.596131135961605
WDR24	0.425127451184451	0.204111235489563	0.683392581917859
RPS6KC1	1.17607340809735	0.00470293464728357	0.218839817663272
SMC6	0.186061409504585	0.658051990759958	0.903694301594937
STRBP	-0.254694990263591	0.473968685494908	0.818136417737782
SIN3A	0.046050148095695	0.921214761645469	0.979562939544027
INTS14	-0.332783450115286	0.404160507439732	0.790655739026478
RSF1	0.979625779553956	0.133920729835902	0.620502465215354
RBM15	0.182163457950935	0.785778214799831	0.943595101699321
PNKP	0.0584158323229893	0.889797616312755	0.975522990149849
UHRF1	0.0857326572015964	0.675314578586098	0.906586463017914
COL12A1	0.733947541630222	0.345809378547154	0.755696758325862
CDC6	0.0788341518240649	0.838460273794742	0.962488319860048
ACO2	0.968829909792731	0.257627272922538	0.708400981983072
TM9SF2	-0.0708854490946678	0.812693219290885	0.956859095650242
ARID3A	1.45657833803557	0.000325761964505096	0.0324322551173561
FOXC2	1.07180497316977	0.0549173153298714	0.530702092386409
ZFYVE21	0.569117404208441	0.22357916041227	0.696758979257474
TCF25	-0.334673461843437	0.204171715083612	0.683392581917859
CCDC77	-0.854066810404767	0.466663156460717	0.812061020047722
NUDT16L1	0.258177190439454	0.381920322280332	0.77784473494722
UTP23	-0.218893170768307	0.478935867522734	0.820800137809221
CENPK	2.62827944375051	4.77097679005543e-07	0.000940299277975581
ERP44	0.290718311174217	0.362758687577469	0.766898736552665
BTBD10	-0.218808605877442	0.775960710516682	0.942638392212908
TINF2	-0.40942337281524	0.535294898451977	0.854476135649611
NAA11	-1.45175950053746	0.0365174013449354	0.48982083384319
POLR3GL	-1.33143910886556	0.050387933319305	0.522276609065199
WAC	-0.576075869593645	0.0799094756455339	0.558324262617749
DIDO1	-0.658795518988367	0.0456610462596895	0.511259825223789
MTA3	0.551345628124579	0.172666829726776	0.658639622312128
DCTN5	0.470788381471618	0.158336336903781	0.646509683397005
LRRC1	0.494901944934306	0.292342555472974	0.728931376762388
SPINDOC	0.143348267882644	0.562077818736705	0.863880571936714
PHF23	-0.00915703443415694	0.982989591164116	0.99422498405701
C2orf49	-0.43146076150024	0.155360283971009	0.640293846548008
NOC4L	0.572607353871479	0.0802058045948796	0.558324262617749
RUSC1	-0.582159224891075	0.138508729086248	0.62096769675782
KIFC1	-0.0919157615889148	0.825685587815345	0.961306717951752
CINP	-0.465892079777305	0.30111610073967	0.733794905462472
RTL8A	-0.160312335628593	0.830348483022542	0.961306717951752
SF3B5	-0.442354961860293	0.229599724155283	0.697313398466417
PAPOLG	0.0246199643955158	0.942296662007714	0.9870252043198
MND1	0.441434805800576	0.0701469454263773	0.544722590230742
LSM14B	-0.317858582184968	0.416872370664795	0.79605336871937
BRIP1	-0.514533921182856	0.273405247682546	0.719131411179691
CARD6	0.0760753898199873	0.909344912035289	0.977491526270722
SCAPER	0.801880328891212	0.211037842651992	0.690713306110992
POLDIP3	-0.623376167493149	0.0674248035378618	0.544722590230742
HYCC1	-0.0274480068106726	0.918239685505021	0.978830700609312
HELZ2	-0.458874254226512	0.0856469681451728	0.564396138822547
DOCK9	0.242742303183878	0.332261713261317	0.748461444298966
UACA	0.0644018089881513	0.784106774512132	0.942705789353054
UPF3B	-0.547057859996613	0.0443352042420733	0.50718644115754
CRNKL1	-0.757247039868354	0.115398268010395	0.602798332058062
PPP1R12C	0.154305911828398	0.641365544582048	0.895478959451502
ZCCHC2	-0.416374656473671	0.130264689062132	0.614361469432021
CEP295	1.27928128427148	0.00614680907320477	0.248364288038406
ZC3H12C	1.81238037504101	0.00238374422655701	0.141733458804036
TGIF2	-0.144464153170638	0.656928515665012	0.903408601208454
SENP6	-0.0465914340799038	0.828263743216053	0.961306717951752
REXO4	-0.122134289272136	0.695828946843056	0.910476320072509
POLR1E	-0.0488054899758694	0.911046762396678	0.977491526270722
MAF1	0.576768361630378	0.191569070831328	0.675380990568791
CLPB	0.450681645636909	0.562755675766899	0.863880571936714
MIS12	-0.416978770558472	0.286385015118076	0.723115583533795
LSG1	0.269679160074848	0.762541674339642	0.935795256803592
BRD8	0.0619766800194164	0.910776454564716	0.977491526270722
PARP12	-0.264518776842735	0.655085628182999	0.902033314329822
LMAN2L	-0.321550991559683	0.182743138235172	0.669921103774655
ALX4	-0.278477913510155	0.532714211843444	0.854441143298776
METTL9	0.729003483345682	0.0955617317091247	0.572459568995773
IRF2BPL	-0.437603183291614	0.240148542352438	0.703823957092988
WDR13	-0.256795822146245	0.66690289114961	0.905560300810477
CDT1	0.372313880933419	0.352607471438774	0.760376491538854
VPS11	0.345776084670604	0.166593213590956	0.652907242547528
TRIOBP	-0.0321980049630604	0.913557885136248	0.977777231378392
TAOK3	0.639800632425622	0.0135857817487281	0.32876576162511
ADNP	0.255829277783679	0.485418619491869	0.823326905722936
FOXP1	0.1472808296088	0.561753209091515	0.863880571936714
GGNBP2	0.468075095853639	0.175094334218583	0.659088374873031
KCTD10	-0.680639444719265	0.191046556556777	0.67432603558699
GOLPH3L	-0.0800401921538416	0.784514243498962	0.942705789353054
ST6GALNAC4	0.621557434210214	0.258751939415768	0.709594969023678
ZHX3	0.936822298423582	0.054622551872574	0.530702092386409
RGCC	-0.394294644761388	0.48073786681004	0.821579976735937
ESF1	0.127773610701439	0.663275606136252	0.904874449927716
DHX35	0.450656817387955	0.779394720317125	0.942705789353054
DHX33	-0.0341195381798336	0.908406630857886	0.977491526270722
NOL6	0.307368990677279	0.649968755963024	0.900452503210764
PEAK1	-0.0406313001252663	0.961294825227385	0.988894165971826
SMYD3	-0.413509095284095	0.522083836792085	0.848212867289152
TDRD3	-0.99597697874232	0.0192809672649761	0.375256599119453
SUDS3	-0.527884888989327	0.409295670814325	0.79254780287099
NRDE2	0.483126685298778	0.294589210340689	0.730992545228958
KAT8	0.177466728317029	0.565785581154498	0.863880571936714
YY1AP1	-0.761926729942225	0.0728032070731583	0.546863283592589
NOL11	0.534183879909151	0.126931301606697	0.612829208724818
DDX31	-0.838639614644372	0.221967070271266	0.696758979257474
PAAT	-0.648961375687001	0.386624541994243	0.780051268909739
ECT2	0.374596752204944	0.370967446375958	0.771804893585179
PSTPIP2	-0.0698184763556036	0.89572355181962	0.975768273652489
RMI1	0.0285761248669623	0.953967429311074	0.988590725913015
EHMT1	-0.229984049157959	0.479109386214391	0.820800137809221
AGO3	0.522899124265173	0.138860675783082	0.62096769675782
ISG20L2	-0.166519490390876	0.606203298426392	0.880012316230378
MEAF6	0.222976637213627	0.407840886997747	0.792099497098592
FBRS	-0.336072248349289	0.212239063748325	0.691640680291313
SMURF2	0.180059646527262	0.654550149843731	0.90181714659769
BRF2	0.337071956708307	0.304395223580656	0.733794905462472
PLEKHA1	0.0393300559440206	0.901256182251998	0.976805661917324
RC3H2	0.799284544780388	0.128994693746488	0.614361469432021
IFT122	0.342784531767109	0.337684067918114	0.748528859172489
TMEM165	-0.614496009586357	0.388769300476317	0.781134134824875
GPBP1L1	1.14142901747521	0.0711384066978869	0.546259747543368
NEK6	1.59049962658943	0.0125855258232957	0.32876576162511
NCOA5	0.0405788076381235	0.893728060880163	0.975768273652489
METTL14	-0.304442251776013	0.389211273782423	0.781134134824875
CWC22	0.399203282375581	0.301416462539055	0.733794905462472
CHD8	0.226672228822782	0.399608544592725	0.788290429933894
MRPL47	-2.67084314446647	0.0134657415666431	0.32876576162511
TM9SF3	-0.329495864288912	0.365690703449995	0.768054038250732
HMG20A	-2.0126063989388	0.189174363944657	0.67432603558699
POLM	-1.52433783292948	0.084635350763345	0.564396138822547
DMAP1	0.16195221057491	0.638168591315222	0.894982474303889
PPAN	-0.374468852890708	0.307979679337013	0.733794905462472
PLCB1	0.736432550448487	0.281349117911595	0.722095667733537
FERRY3	0.146966293480219	0.533825574477736	0.854476135649611
IFT46	0.128316285843791	0.83676374769826	0.962240545400543
PRDM11	0.900270381883473	0.241134575570338	0.703823957092988
MBNL1	-0.980797544234317	0.00600851761108955	0.247660963411422
EIF4ENIF1	-0.0555582817690237	0.87132514394629	0.969409222185043
AAAS	0.850617604167336	0.0131947064017563	0.32876576162511
BAZ1A	1.33795849903233	0.172158553253649	0.658639622312128
ZNF277	0.151048986341646	0.668003158425173	0.905672023259241
LATS2	1.60882902369418	0.0206104114528783	0.385981671589848
DROSHA	-0.310195948841915	0.468284854164112	0.812617535742425
HELLS	0.305471753973428	0.243750959485118	0.703823957092988
FIRRM	-0.12879187609353	0.669791268372602	0.90648074095336
CENPM	1.97290259323819	0.130545283089777	0.614361469432021
PDS5B	1.25432579821927	0.113473216875958	0.601993131615572
MBNL3	-0.325591428917793	0.599990355488768	0.877706097630649
IMP3	0.810444441909407	0.0167710371198348	0.355778422430466
MED17	0.311302922900254	0.386304261657548	0.780051268909739
FBXO28	-0.412651949660066	0.339451310720232	0.750227703248999
ARL8B	-0.103151459625437	0.718440589240401	0.916188311748036
DDX18	0.209945978284043	0.645929670069776	0.897508898918763
INTS10	-1.11321865164684	0.264939616146027	0.713451901662528
POLR3E	-0.160792553831136	0.481675216608299	0.821579976735937
RLIM	0.0776188629166867	0.854246319886583	0.96552575740393
FANCL	0.0233419431617108	0.94639937887919	0.987838851550511
ARGLU1	-0.408282524600555	0.511525470130938	0.838246478884704
IFT57	0.56610235062206	0.234796554761976	0.699487857297161
PAK1IP1	-0.699810813036294	0.0127674198422647	0.32876576162511
FAM120C	1.04641053180811	0.0106739022769006	0.306677688908803
LYAR	0.377161117520266	0.381029870166173	0.77784473494722
BPNT2	0.325873815380163	0.397322809803214	0.786379541732575
GFOD1	0.337816887616114	0.332138804353936	0.748461444298966
MTMR10	0.149669807320986	0.544423486694907	0.859016607695842
TEX10	0.309843479376877	0.193467664445115	0.678881206138964
KCTD5	0.0296282445733169	0.923850586849092	0.980255575642583
NSMCE4A	0.532202144043275	0.0678314501165317	0.544722590230742
RTEL1	0.513766316655722	0.615474406758801	0.884244779962805
SMARCAL1	0.339483647045157	0.329773560946157	0.747829499718675
SACS	0.67050879934926	0.0305524770812355	0.467125551374176
ITSN2	0.656246242704285	0.41085776334664	0.793003645124872
NOP53	0.0465839306338012	0.905227182115682	0.977389568523119
SH3BP4	0.427032322354528	0.33648655889283	0.748528859172489
HMG20B	-0.711725804917421	0.0744751009946022	0.549108380842103
VPS54	0.193832193704139	0.493045598454869	0.827736551758938
ACTR3B	-0.192793244164545	0.516979018058163	0.843440234873093
CEP72	1.22594717501883	0.0622791478554987	0.544722590230742
POGK	-0.387725136832621	0.168139137531719	0.653179353696271
CCDC88C	0.320835871042107	0.217572039075534	0.693318671866713
RCOR3	0.996344717369869	0.103987152277817	0.590409812866491
RBM27	0.157952960027181	0.587526337097879	0.869785921535731
PSMC3IP	0.0776928880090964	0.798123321073786	0.950587418210366
UVRAG	-0.0179655746443217	0.97235643606958	0.991109024479493
MBD2	0.419837832068158	0.276551519764353	0.719131411179691
ASH2L	-0.100589290777606	0.67626201096531	0.906586463017914
CTSZ	0.0823921780959083	0.867586722656633	0.9692971804576
MORF4L1	-0.177138625627631	0.555954860785796	0.863768366838121
ZMYM2	0.0460924872975674	0.919862332898967	0.979562939544027
APEX2	0.499303572986918	0.267117472445746	0.715153157936358
TJP2	0.293230537312368	0.521875166612365	0.848195743457682
VTI1B	0.698266433717958	0.167735445716333	0.652907242547528
IFT172	-0.270357045464429	0.614274595990071	0.884244779962805
KDM5B	-0.603556577244085	0.34847240491542	0.758533086536938
POLL	-0.141239324000754	0.673604766770498	0.906586463017914
AFF4	1.16024112231472	0.0170786379382589	0.356651946408226
TRPS1	0.283248944488161	0.658613926880683	0.903694301594937
NARF	1.07979410169617	0.0337286050591368	0.486115495122247
EVL	-0.307856071720956	0.613341782111933	0.883975745392442
BAZ1B	0.692781851070745	0.2096317902525	0.688216023060547
LNPEP	-1.27286941434091	0.063680995253439	0.544722590230742
SIX4	0.730928302664417	0.0706306089895462	0.544722590230742
TUBD1	0.329535741850098	0.584503818919009	0.868237629698916
DDX41	0.153140720914362	0.634003909988757	0.894515310537933
FEM1B	-2.56257322645148	0.0943900795166385	0.571547284880805
PTBP2	-0.481217673353804	0.218334246354518	0.693452997804024
TNIK	-0.0336580027043887	0.979630271152428	0.993406488689762
MAN1B1	1.06597635773974	0.011656862688869	0.319704535085174
RALY	-0.188465403702217	0.505431916587019	0.83349539095109
ZHX1	-0.0603726677879202	0.837464928640162	0.962246250455162
INTS6	0.491251874270016	0.106655807453439	0.595931483027722
AGO1	-0.0376717955293984	0.966806076011967	0.989929875964418
TAOK2	0.127078464045489	0.666695765044854	0.905560300810477
ASAP1	-0.0320399589131242	0.903562350196824	0.976805661917324
MED23	0.506171584823299	0.0919716459209681	0.571547284880805
YEATS2	-0.0208640003040017	0.969699856807843	0.990760163960471
TTC7A	-0.188640887096323	0.845533840610139	0.965004098014397
CIZ1	0.327047246914312	0.688361408899071	0.909492386084926
TPX2	0.155296456436382	0.605650986548853	0.87997910311713
FZR1	-0.146326246481607	0.721936032033386	0.917430005027841
ANAPC10	-0.646665712871616	0.0566753209340423	0.534714797946429
SPATA2	-0.411362658939083	0.175671720383814	0.659088374873031
SOX13	-0.0591388087199576	0.880648356190207	0.972415685543017
L1RE1	-0.136009098447822	0.70006289386692	0.910476320072509
WDR3	0.0184462788502913	0.942763198042609	0.987030875720325
TTF2	1.36274229539868	0.00838166405722552	0.279463448320539
SCAF8	0.535012932262532	0.129730283329769	0.614361469432021
PHF8	0.53460312610591	0.243685248496789	0.703823957092988
ANKRD26	0.27827924308572	0.742584808342034	0.927510717646225
ZC3H4	-0.925408393162563	0.564533958474645	0.863880571936714
FOXJ3	0.100951645152499	0.74037836798035	0.926891258941879
DNM3	0.371249568712685	0.233051849072061	0.697313398466417
EXO1	-0.185399424299412	0.445900345924208	0.806332325621789
ZNF148	-0.378533589303299	0.247695092528947	0.705393357536013
MTMR6	0.0961935222074892	0.767266296457892	0.9384828226314
CDYL	0.517220040066007	0.156222446552894	0.641314965048231
ERGIC3	0.662326917914356	0.00901537470815422	0.287098910923881
SBNO2	0.645563094940627	0.284565099458383	0.722783488148459
R3HDM2	-0.6122572356206	0.336697874068883	0.748528859172489
KDM2A	0.553911363707584	0.0848373259493649	0.564396138822547
TRAPPC8	0.0297672701477865	0.927132343386095	0.981224613605902
LRCH1	0.130966177245853	0.618545785969625	0.885424000102049
POLDIP2	-0.0144922269276258	0.984897519622758	0.994861798620988
TMED7	1.02044205289199	0.0149640356250728	0.337163350057562
CHTOP	-2.13854663988405	0.00743397823689146	0.276737920279412
ATP6V0A2	0.0521366094512707	0.886907342632784	0.974801112660063
TRRAP	-1.0112624040937	0.167531555250174	0.652907242547528
KDM3A	0.017047730104526	0.940942044952743	0.986829514470522
MFHAS1	-2.14257984633187	0.23214270393766	0.697313398466417
HECTD4	-0.459479970348788	0.705481377108235	0.910476320072509
MARF1	0.0423496047517986	0.939508315408968	0.98627638505782
PLEKHM1	0.296283644013425	0.314064530850633	0.736767259573062
MYO5A	0.338514453602976	0.530852609484547	0.85394314935582
MAP4K5	0.369542925665868	0.450463934642852	0.806332325621789
AMMECR1	0.396873332698934	0.217664166080089	0.693318671866713
OARD1	0.136121417630633	0.565098277231599	0.863880571936714
UTP18	-0.0913565767715916	0.956347448018485	0.988590725913015
PHLDA3	1.15597514036791	0.0188893219581047	0.374937348043077
ORC6	-0.0934344338112396	0.730801775440803	0.923424557456339
HCFC2	0.289116042481943	0.45576740935356	0.806934072098587
LRRFIP2	-0.0166839565997137	0.957371374759107	0.988590725913015
NCOR2	-1.47029559428683	0.073703748675417	0.548751576885112
RAD54B	0.318694700979201	0.26935499684573	0.717081150392305
ADGRG1	0.0392375773662579	0.932722492603473	0.983626705125615
SPIN1	0.41073777342211	0.13920661041558	0.621421792689361
GMEB1	0.195867900929073	0.595769879843051	0.875254240085141
USP3	-0.00584843355249376	0.982932051043478	0.99422498405701
TAF6L	0.0182412487977537	0.960040957063278	0.988590725913015
IGF2BP2	1.01697646973062	0.309616251512751	0.733794905462472
PIAS3	-2.29320169650341	0.00656688743591943	0.257916010212579
MAU2	1.08725743853315	0.0550752997099022	0.531030085716422
ZHX2	0.286515116422773	0.351104063987602	0.759342978117831
MORC2	0.512982261759333	0.191066919216776	0.67432603558699
STK25	0.468964780088459	0.248610676040312	0.705393357536013
TRIM38	0.450040370952067	0.560068994491544	0.863880571936714
ZNF609	1.9812866372767	0.153123058821998	0.6397427990457
ZBTB43	3.0188646274087	0.00187549605899275	0.119727812331335
IDH3B	0.921939483700562	0.174961092066998	0.659088374873031
CLPX	0.930756239830544	0.209361910219272	0.688216023060547
DUSP14	-0.565290596902948	0.335417374108939	0.748528859172489
RAB3D	2.42342195862962	0.0123475292419602	0.327196731489797
CCNE2	0.309252935251564	0.681870864648144	0.90826586964004
NSD2	3.03241632256806	0.00835263934662171	0.279463448320539
ALB	-0.570813110938559	0.736010502031155	0.925634829375844
PABPC4L	0.220913248841995	0.634163505602109	0.894515310537933
TOP1	0.800163298891775	0.189461258342636	0.67432603558699
FOSL2	-0.0471246425934062	0.94814992782552	0.987838851550511
NDUFS1	0.689008831467465	0.35008474373968	0.758605000822475
PPIF	0.651714019970456	0.498859646707051	0.829223616853736
HADHA	0.758583578209493	0.200002115840356	0.681371569438006
DAP3	0.677852745312506	0.474714053179316	0.818136417737782
RAP1A	-0.0881197487554459	0.892466642420721	0.975768273652489
SEC11A	3.02327099795181	0.000346624152589695	0.0337249544826473
PRP4K	0.37356630601861	0.637696767177695	0.894982474303889
GTF2H3	0.96835500253988	0.217345045567728	0.693318671866713
CLPP	0.736380484424409	0.208207126682909	0.687135977537211
NADK2	0.910942163980188	0.162273598647044	0.650680451109916
IFI44L	0.073806187156638	0.827836928945681	0.961306717951752
SAMD1	1.07805812314004	0.26163384571648	0.712406487388064
ZC3H18	-0.119684905055585	0.868841540593261	0.9692971804576
RETREG3	0.463689169263816	0.430523519624804	0.79837120079299
SBF2	-1.55157312034802	0.039629847326872	0.497381342867134
SUGP2	0.516196812681692	0.489989765156868	0.825867416902052
HOMEZ	1.75769004200711	0.0333894818361929	0.486115495122247
CLASRP	0.563212087278245	0.558370895058994	0.863880571936714
NKAP	0.548692922825534	0.527743499019034	0.853520936645441
NUP35	1.68923339381177	0.000166247435419719	0.020932507971524
PNPT1	0.00219607129783128	0.997793657615046	0.999144529198716
TRAF3IP1	-0.597188370070583	0.490581836295706	0.825867416902052
PNISR	0.55945896997104	0.25827677089473	0.709225693521705
GLG1	2.90199458651729	0.000140147549395471	0.0193539244826455
IMP4	1.32509071163194	0.0638882534967922	0.544722590230742
EP400	0.648706950709929	0.496059046903154	0.829188831905312
YTHDC1	0.341875680170649	0.566436058263573	0.863880571936714
LENG8	0.858022834361325	0.113931274991951	0.601993131615572
RNF2	1.24894760998193	0.0272683968060232	0.454225707107336
MPHOSPH6	1.36274274209698	0.0347171393018688	0.48982083384319
DDX50	-0.266705989793941	0.657297330547993	0.903625520897867
SRSF8	0.636796968162017	0.418759720466619	0.79605336871937
OSBPL8	2.7413706914216	0.000265630518403455	0.027075339268695
NSRP1	0.0183557336391829	0.943490232602349	0.987309138540859
INTS2	-1.16668898995	0.0746609347337502	0.549181205490008
CPVL	1.71735107413045	0.0333197536291085	0.486115495122247
ACTL8	0.0562906513906398	0.884687067287404	0.974111454490066
ZCCHC4	0.38127289485011	0.487234043529922	0.824420800747717
MCCC2	0.3047979425994	0.572574308686349	0.866759840537911
MRPL39	1.64855526810078	0.140423853705211	0.623693793904561
PLEK2	-0.0957023916095459	0.838526595849433	0.962488319860048
CDK12	0.0842527589528146	0.788114100836201	0.944689309843561
RERE	-0.361056089504654	0.716577024510047	0.915447998187857
MED13	0.853514106028236	0.252304463131112	0.705393357536013
GMEB2	0.905041637505406	0.0863204028345087	0.565042269930477
GPATCH8	0.809661192597787	0.20294332629043	0.682482623605129
MED16	0.801897772096282	0.172035407740174	0.658639622312128
WNK2	-0.580219557033523	0.587691028036529	0.869785921535731
MPHOSPH10	1.45402219755882	0.00516391611829295	0.237144788114768
RRP8	0.624507208013721	0.262469383021366	0.712651973332354
GLS	1.73919654557539	0.0838253525608183	0.564396138822547
TEC	0.669275883876896	0.200769093912353	0.68220736958223
RBM6	0.667817645619458	0.490566559076649	0.825867416902052
ADARB1	0.895310567275068	0.0852892809402454	0.564396138822547
OGDH	1.76149911140633	0.153669588218546	0.6397427990457
DDX10	-4.3789233670471	2.54257170289752e-05	0.00544237473005213
ORC1	0.109267553942075	0.852950928827718	0.96552575740393
CDK13	1.90398356451913	0.00023258168134773	0.0268728121774959
POLR1F	2.10381605233649	0.0140854983820753	0.331712511424781
MPP7	0.168441713860421	0.579178485816715	0.866759840537911
PHF5A	-0.205665152511184	0.603125451452842	0.878447529487087
ZBTB33	2.22662599391766	0.0350004099470971	0.48982083384319
C2CD5	0.0562677378441307	0.856256809297399	0.96575187581174
FAM89B	1.16462512024097	0.46765978046833	0.812061020047722
DDX51	2.10807975970676	0.306911735709666	0.733794905462472
DDX54	-0.430737875179322	0.132878710853525	0.618992123138131
AHCTF1	0.395283553105934	0.836893298687158	0.962240545400543
B3GALT6	0.0312515331447187	0.957979057124792	0.988590725913015
DNTTIP1	0.532241288531139	0.230570828824943	0.697313398466417
RIOX1	0.524631125771581	0.268495963111328	0.71637160065737
UTP3	1.15315476558919	0.00599021008828792	0.247660963411422
ZNHIT6	-0.825406743780256	0.0367279812342126	0.48982083384319
RBM19	0.549222033505135	0.295329865475755	0.730992545228958
USH1C	-2.19374812565993	0.0132808958186127	0.32876576162511
C2orf68	-0.430349197160449	0.160488204106067	0.648951409392365
HECA	0.507969971678143	0.158445786993474	0.646509683397005
JAK1	-1.49499807009348	0.00060995207146723	0.0522240963590243
VAV3	-3.10549996795081	1.09822387056246e-06	0.000940299277975581
PHF21A	-0.948908952582926	0.231043346577778	0.697313398466417
ZNF346	-1.3740261657887	6.49484231844834e-05	0.0115851749855322
KLF10	-2.42444261106419	1.98565926833964e-06	0.00106257591597025
ZCCHC24	-1.04012723946305	0.00766568762165476	0.278108548375458
TET2	0.589898202745303	0.30816605754266	0.733794905462472
DDX12P	-2.50401019940045	2.6483689587087e-06	0.0011337667512232
RNF10	-1.20208935241466	0.036366217818771	0.48982083384319
