gene	logFC	P_Value	BH
RBM47	-0.102910081685803	0.668171841071628	0.905789513165222
CNOT1	-0.238738168628558	0.63349640386714	0.895040494363577
MAP1LC3B	0.0833191008690015	0.71129612421577	0.922435179739649
SAC3D1	0.28551427876215	0.513478155549512	0.842597853055587
RTL8C	-1.06223518478479	0.0555539514770972	0.576976471888164
SNRPG	0.504057573512842	0.11342004112199	0.63658877277747
EIF3C	-0.0881754099721093	0.804827088160969	0.945203070881262
RSMC	0.117344798764861	0.740055496447659	0.927265050220499
ASDURF	-0.203051727627013	0.569779344556256	0.867572208311915
KIF2A	0.218788212777667	0.450342315153774	0.822711887503837
DDX39A	-0.880167890927623	0.531509425567821	0.852201923885492
MYO1C	-0.729326895987356	0.512600063196607	0.842597853055587
GTPBP1	-0.435758386746528	0.255748784562827	0.719717008847187
STXBP3	0.293215796451648	0.487687060682251	0.834147794372914
SMAP	-0.372143334558757	0.318530267781291	0.760082391649644
AP3B1	0.278873682690673	0.521804374575095	0.847292915000292
PSMD11	-0.149204335474735	0.688767757926473	0.91501156706445
PSMD12	-0.171196255908505	0.590065350444688	0.875613876640656
SUPT5H	-0.140302681439863	0.57059173401031	0.867572208311915
CLIC1	0.0413814667579899	0.972268609137464	0.993119523732739
EIF3F	-0.559500106178863	0.224943195878779	0.701899280512851
IPO5	-0.717490151596724	0.269053968251864	0.731880566029874
IGF2BP3	-0.581055677826331	0.127594068401863	0.649887333297212
PIK3C2A	-0.267294820494829	0.552236016082399	0.861693358760836
IFRD1	-0.167322372307897	0.654046280107895	0.901190504072286
EXOC5	-0.77645131264838	0.0368217821463188	0.558157119462616
PSMD14	-0.31831875338321	0.39926593009062	0.797203126070981
ZNF593	-0.102837562015612	0.69426554274578	0.917164176143935
KPNA3	-0.0707802967939308	0.880991926266442	0.972457400847355
SDCBP	-0.0413040592279152	0.903316125192975	0.974614111370534
DDX3X	-0.247526302242736	0.382125390776075	0.796771950681588
KPNA4	-0.274118872181131	0.36594846091758	0.78394018243783
NFIB	0.168810031655418	0.482604049444422	0.834147794372914
PPP6C	-0.109519385395892	0.857173859525892	0.963211240153407
SCD	0.305784149577583	0.286992179575338	0.74287451103787
COPE	-0.618213210995371	0.269386777483877	0.731935380959915
RFXANK	0.176158767467925	0.756166797764547	0.931860208689478
EIF1AX	-0.283764651214511	0.664874387517573	0.905375405089911
AP3D1	-0.427457834299048	0.1585100969045	0.661593370834279
ABLIM1	0.639091358521796	0.071710943632805	0.600597233215677
CHD1	0.356381083448383	0.240402578288765	0.711638509790105
GOSR2	0.091237215670116	0.6980291995134	0.917623069798402
PRMT5	-0.442695760136591	0.223099672803086	0.701899280512851
NHERF1	0.0224768234495016	0.979563096446046	0.99470156156565
TCERG1	0.0362054521375015	0.934129200944474	0.984824151066696
NDC80	0.279423605020863	0.595113020094291	0.876955981232993
POLR3A	0.544295467422895	0.2100502829198	0.689188715435406
PSMA7	-0.427061825968366	0.198074431465401	0.681341718601544
GEMIN2	0.165129864778052	0.512506409864002	0.842597853055587
GIPC1	0.012289358978915	0.967073127016926	0.991406264948917
MYL12A	-0.756328760883147	0.0454619868237872	0.569177429727642
AURKA	0.266137601887095	0.303061206135643	0.747550975134586
PPP1R12A	-0.0401803757510635	0.868538411554112	0.969340120919805
GAK	-0.182948372946967	0.676115755872931	0.910671001923728
HNRNPDL	0.207624684264577	0.631253838953998	0.894315382993935
XPO1	-0.504023409993604	0.228182758584383	0.701899280512851
BTAF1	-0.081621903147358	0.794682684876771	0.942030915316149
SPTBN2	-0.172635253128615	0.778854720763165	0.936283560294792
SEC16A	-0.216282115595423	0.647081588773788	0.899453701783143
PFAS	-0.244559902924355	0.762999339024716	0.933084518667015
ARPC1B	-0.584152328630527	0.266548787733208	0.728706908214675
ARPC2	-0.658819960538786	0.171339027009067	0.670936313295416
ARPC3	0.0923393903365266	0.740844324620286	0.927265050220499
ZBTB7B	-0.358534490666713	0.282959789000463	0.739108811433012
POLR1C	0.683964512967208	0.033601770864608	0.555810264670567
TRIM24	0.0645890024253859	0.828365128095802	0.955167725500973
PFDN6	-0.777389449200918	0.0459001178974602	0.569177429727642
OGT	-0.124361169108305	0.588939221750565	0.875028216020041
POLR3G	-0.00866436891011446	0.972444590580114	0.993119523732739
MID1	-0.782567704279664	0.216138575026429	0.694936511010389
HMGB3	-1.20351872844888	0.219888931913043	0.698913027123109
PPM1G	0.309885242698559	0.716970940021028	0.923124547433856
FANCA	0.866021704965775	0.0587386487994776	0.576976471888164
EIF3D	-0.248332129562275	0.631214645398959	0.894315382993935
EIF3H	-0.367760048152658	0.436226630012314	0.816206240069581
SLC16A3	-0.140107378649606	0.722361025611969	0.92409837949179
MAGEB2	-0.419085477017376	0.216632006056243	0.694936511010389
RNF113A	-1.4336062804061	0.0605958466881469	0.576976471888164
DHX15	0.061386029745627	0.88578841948108	0.972457400847355
RNMT	-0.39229967547282	0.431477318750652	0.813234451908375
PRPF4	0.54537174952204	0.10503144050314	0.623073070668822
PHGDH	-1.21619069701651	0.160260282845557	0.661593370834279
DYNC1LI2	-0.496571634246354	0.319855909540309	0.760430986436755
PSMD3	-1.07435095963626	0.148086457046917	0.658526823577364
ZW10	0.198928762149013	0.744964778602761	0.927517580482977
PPIP5K2	-0.820587416919075	0.144704121835029	0.652604885263541
EEF1E1	0.239952152814823	0.441898886854245	0.818931813014507
HNRNPR	0.0117104083944106	0.962105605897427	0.99137851306409
TXNL1	-1.40130740990297	0.0109636253609138	0.40963113971022
FIBP	-0.785567241535755	0.0309877630529438	0.549632042359184
EIF4G3	-0.404888288495954	0.274497418038752	0.735153775094254
PPIH	0.135411036088858	0.654152193935699	0.901190504072286
EPB41L2	0.00197061869126713	0.993812771889405	0.998634525771245
DENR	-0.836975575672348	0.365031870621203	0.783460298108986
ZNF207	0.509919634974576	0.144590007678611	0.652604885263541
BUB3	-0.306446805241791	0.206416506347839	0.687634008471693
ACTN4	-0.609697530327157	0.251373848075113	0.718824284036976
BUD23	0.0479413549320178	0.86422528037703	0.966420934130534
HTATSF1	0.212513941354313	0.57337104362132	0.867572208311915
AP1G1	0.337221659685973	0.574629635026163	0.867572208311915
NARS1	-0.915488758775766	0.175182062428055	0.672449372685789
MYO1B	0.365896690154351	0.28863906576874	0.74375564112194
NUDT21	0.0565026491172738	0.843124901106887	0.957148170196534
STRN	-0.630587766650667	0.409887191762871	0.801477725914983
RRP9	0.300312295078538	0.32842393562171	0.764397549663814
AKAP8	0.190628415833416	0.63643878896153	0.895137594316058
CALU	0.507561524051987	0.455759503480042	0.825558908925589
AHCYL1	0.253643832095332	0.477609352711602	0.83348933338825
ORC5	0.464605461477593	0.132795332660586	0.652604885263541
PEX1	-0.29581989054228	0.323112514195096	0.764397549663814
DHX16	-0.149629656923182	0.568428282799252	0.867572208311915
PCDH7	0.125185768603124	0.703912408871418	0.919902595637015
SMARCA5	0.259190925171133	0.36422086636536	0.783460298108986
AQR	-0.11501956959599	0.603176815167585	0.88228837012217
KDM1A	0.00491155917924502	0.985495879168688	0.996213473610576
ACSL4	-1.16981502737424	0.198858778336285	0.681341718601544
SYNCRIP	0.0654856665567749	0.769026588341755	0.933607335606297
NEMF	-1.68783245104099	0.0434304366846741	0.569177429727642
PLOD3	0.0699432833107458	0.778164242289069	0.936283560294792
EIF4E2	-0.604077925116513	0.117117752386472	0.641187680833303
DIAPH1	-0.131308405395181	0.890202020270294	0.972457400847355
PLIN3	-2.64364733734984	0.000412494534224684	0.0843877174453012
KPNA6	0.113146030588055	0.625469754821122	0.892758515214717
CTNND1	-0.132669345992774	0.61633181449024	0.888830110093538
DKC1	0.203980676365084	0.385124674772655	0.797203126070981
EIF5B	-0.586256216037427	0.176884841457855	0.672449372685789
EDF1	-0.226150046786678	0.682890377110556	0.913212827680861
DNAJA2	-0.161050756274697	0.639098883065845	0.89579958780956
SRGAP2	-0.0420511489129183	0.912929812139506	0.977845844312438
WDR1	-0.583148542728594	0.202772248181228	0.68167630322795
CLASP2	-3.44796539362461	0.0119249199527966	0.423888718895767
COBL	-0.110810594553904	0.689000617039616	0.91501156706445
CLUH	-0.749632779149334	0.0647173971723668	0.587700139302671
CNOT3	-0.119179650507988	0.659800495703342	0.903926425867675
ANKRD17	-0.896677465974243	0.0300197605387842	0.542252944649659
DNAJB6	1.04569082060907	0.391436436407798	0.797203126070981
HMMR	-1.27627578557151	0.0237558206382856	0.531057506776581
PDCD6	-1.14787431580572	0.188499838425676	0.679458739828158
FLNB	-0.740627951511485	0.258216082936422	0.721288887710616
NCOR1	-0.564192226404366	0.209473292159797	0.689188715435406
CS	-0.922725102254308	0.0824902837445486	0.621283875394209
SEC22B	-0.25519188042653	0.338687943906285	0.766175806936481
VPS26A	-1.42577367883739	0.10834175180986	0.623073070668822
PSIP1	-0.200563287048155	0.445129449815209	0.820723594383005
BANF1	0.310252099346087	0.345351474881661	0.771555143880074
SF3B1	0.315697215231914	0.349304311723671	0.772856702823615
CSDE1	-0.89830834535195	0.150397605611927	0.661336425228313
PRKRA	0.172499909240717	0.560019870491308	0.863983140617928
MYCBP2	-0.823962348437629	0.172812518859801	0.671837269493146
NPM3	-0.607146558379714	0.0587833895750686	0.576976471888164
SNRNP200	0.365341436253814	0.290694502453466	0.744015030116054
OFD1	0.0789737798194956	0.888496890092382	0.972457400847355
RPS6KA4	0.523885114444742	0.495563389161337	0.835263843324591
NUP155	0.219864070906937	0.441869329589818	0.818931813014507
WDHD1	-1.38399130735406	0.0123740186484628	0.423888718895767
CDC123	-0.564415521205888	0.325159147788859	0.764397549663814
POP7	0.255452321989058	0.301540264375386	0.747016020590278
RPP40	0.407716932418086	0.159684965744495	0.661593370834279
EIF3G	-0.512106198569661	0.183244935066749	0.674009755182922
EIF3J	-0.979699125110599	0.126395277041091	0.649887333297212
BCAS2	0.139807899844271	0.51294233183082	0.842597853055587
DCTN3	-0.346690089020967	0.293391278855515	0.744653182894866
DNAJC8	-0.460082871633919	0.471259010202155	0.829163475475721
TRIO	0.11088178012529	0.693732427538909	0.917164176143935
MPDZ	-0.29297097354614	0.538300967498103	0.855797571070451
SRP72	-0.0516539778220064	0.83637180875132	0.957148170196534
RECQL4	-0.21683308780818	0.601459088425718	0.881600225380928
URI1	-0.265517941246102	0.29549901155732	0.745540506354936
MTA2	0.113633557207056	0.686526038343774	0.914679702029144
TOMM70	0.137362212342801	0.667601011591703	0.905789513165222
SEC24D	-0.645191698470711	0.19478987679162	0.679872010488863
UBXN7	-0.667293509531429	0.0641309505283237	0.587507337652504
USP19	-0.975790437068731	0.0634172759207279	0.587507337652504
AP2A2	-0.360709817682345	0.124761953480331	0.649887333297212
SEC31A	-0.978937680518637	0.0325766129246318	0.555810264670567
HEXIM1	-0.554280212412372	0.218749326387281	0.697034851891245
CCNB2	-0.399365276163884	0.584038585526823	0.872167339123324
UBR5	-0.476804163418318	0.129915233243591	0.649887333297212
ELP1	-3.37990930936184	3.50178569013343e-07	0.00133453052650985
ZRANB2	-1.21306380892433	0.0139422222450154	0.432301415881616
LUC7L3	0.0854715926939775	0.701044272523092	0.918678289108121
KIF4A	-0.511687208233177	0.143764483465993	0.652604885263541
SMC2	-0.227714755828192	0.392571004723214	0.797203126070981
IPO7	-0.410666409639752	0.446778932282223	0.821864786227901
BAG4	-1.46687083642371	0.0127545425297809	0.423888718895767
AHSA1	0.838969515100754	0.424442213975619	0.80914728588216
PARN	0.00471178013692253	0.981390563274966	0.995087682450531
SEC24A	-0.624610148121032	0.452814778317473	0.824499340739555
POLR1A	-0.535817351229909	0.0967344556630472	0.621651397277103
EYA4	0.0592414920472706	0.796844641038968	0.942219958733946
CEP43	0.469612874662165	0.223511138918642	0.701899280512851
HERC2	-0.134674619384828	0.618391220172608	0.889225987602055
LDOC1	-1.6435608957564	0.00163145418585704	0.172795789625241
HSPA4L	-0.53794623837187	0.147848496238383	0.658526823577364
PTBP3	0.182791013973407	0.396533958364043	0.797203126070981
LSM8	-0.219745075967555	0.44231591883165	0.81902820360401
AP2A1	0.604121866823288	0.060351870079195	0.576976471888164
STAU1	-0.0725280744670727	0.84294111104237	0.957148170196534
BAG2	0.347571318038909	0.351604584034827	0.774696924570315
BAG3	-0.771769576014119	0.0851998750751903	0.621651397277103
ECD	-0.488233960370692	0.0495495995486509	0.573576614639264
ZBED1	0.393890217653436	0.375241348480845	0.794028194925319
PAK4	-0.0553313100096808	0.930174322722012	0.982672047796565
ACTL6A	-0.00895397169374945	0.974049190478593	0.993303896742763
LDHA	-0.733191688854752	0.580247492924007	0.868889271329426
GSR	0.585809930016087	0.457282323757466	0.825558908925589
PGK1	-2.36331506218551	0.0482348189911563	0.57087855644502
ASS1	-1.83204338026568	0.055491936762326	0.576976471888164
LMNA	-0.0476139188864977	0.854614162083205	0.961616830596933
TFRC	-0.702379496273799	0.377760045117828	0.796771950681588
CAT	-0.873742578779868	0.266927875409234	0.729220167157413
ALDOA	-1.04990726119561	0.300920327553494	0.747016020590278
ANXA1	-3.43787902351065	0.059911089009107	0.576976471888164
KRT1	1.02127732650123	0.0381430504866035	0.558157119462616
GAPDH	-1.63155083697987	0.094896056794436	0.621651397277103
HLA-A	0.0115657862509053	0.976913894795046	0.993835221835429
HSPB1	-1.5470285507521	0.0334296299645518	0.555810264670567
GNAI2	-0.0437888248439222	0.948885058904312	0.990192921330354
ATP1A1	0.270964021579243	0.450547904249475	0.822711887503837
ATP1B1	1.09203638853992	0.00194229628355362	0.181612116773689
ALPL	-0.52059708076672	0.144872749502633	0.652604885263541
EIF2S1	-0.627079240192622	0.135296551469277	0.652604885263541
RPLP1	-0.311759909237303	0.473986077014324	0.830601549025331
RPLP2	-0.266054832869393	0.556668378531105	0.863320329845387
RPLP0	-0.474833847208927	0.0997430139033159	0.621651397277103
SSB	-0.276973180829401	0.400614199419985	0.797203126070981
ITGB1	0.333641078514134	0.398042119976033	0.797203126070981
KRT18	0.223023222417485	0.512240207453751	0.842597853055587
KRT8	0.182929399302843	0.559795175938009	0.863983140617928
CDK1	-1.76664923057924	0.00878795428827255	0.380117068668535
ATP5F1B	-0.172913432144043	0.700488021160987	0.918637250049732
EIF4E	-1.41680966711865	0.00125639016674268	0.154454933079237
ENO1	-0.67925519636837	0.573754353358644	0.867572208311915
GPI	-1.08695441512225	0.460601759401482	0.825940122812177
POLB	-0.744477301181252	0.0676873759779798	0.596019801785537
NPM1	-0.263316832055793	0.394177466710015	0.797203126070981
TPM3	-1.54379819394153	0.118784668993094	0.641343710734243
ITGAV	-0.129087110057704	0.86231064135545	0.965692305857935
LDHB	0.136953372822372	0.80737767194689	0.946743479319877
P4HB	-0.163181920679662	0.569002704140144	0.867572208311915
CTSD	-0.734830038365168	0.266285531879049	0.728509807603055
ANXA2	-0.205860222519185	0.735906892284282	0.927248967010819
TUBB	-1.15883583158761	0.221227512273191	0.701551787943203
PFN1	-1.72873353071848	0.336181025786942	0.764397549663814
EPRS1	0.0784452812075145	0.778033894386947	0.936283560294792
CTSB	0.383339279395578	0.399133878000399	0.797203126070981
HSP90AA1	-0.996225123963747	0.192233784189577	0.679458739828158
HNRNPC	0.0140150076537502	0.968694574819766	0.991713356058568
TPM2	-0.500180314642712	0.256712657202676	0.719717008847187
FH	-0.0462734085410226	0.927634483046144	0.982292759165303
ERCC1	-0.0759958141725328	0.891871257810741	0.972457400847355
SP1	-0.101611081974248	0.813441742756668	0.949181408954581
SLC3A2	-0.577734535021275	0.262730196821318	0.724544783745824
PFKM	0.183442213882003	0.801978759925623	0.944189389581881
HSP90AB1	-0.861049664047144	0.183093315216155	0.674009755182922
SNRNP70	0.170782303358273	0.485593284972088	0.834147794372914
NFIC	0.155233831133103	0.495568270711043	0.835263843324591
VIM	0.657512946726719	0.171056571024814	0.670936313295416
RPS17	-0.212313962116511	0.577413670033924	0.868399169889221
KRT7	0.686769322838749	0.0378531052378128	0.558157119462616
RPSA	-0.414309771683129	0.159045663271468	0.661593370834279
SNRPA	-0.16729051442794	0.491022865157802	0.834279152526252
HMGB1	-1.23582758402787	0.246337565617755	0.71722967096949
TPM1	-0.950354794678649	0.289823224815475	0.744015030116054
CLTB	-0.182176579340634	0.640601766713818	0.897144481479947
CNP	0.137468177939922	0.529667660059086	0.852098148499812
HNRNPA1	0.0920933745868098	0.74332057948665	0.927265050220499
SNRPA1	-0.270915346974888	0.352969311098183	0.776512590912748
PARP1	-0.225214669851962	0.489605409749019	0.834147794372914
POLA1	-0.144080513603654	0.734805043127472	0.927248967010819
ALPI	-0.495508172610673	0.176709568044012	0.672449372685789
H2AZ1	0.411552882044287	0.244836569007005	0.717196129504764
FBXO45	-0.307030230470634	0.456674904637271	0.825558908925589
HSPA1A	-1.0014101532311	0.114520818283185	0.640290394733442
CALM1	-0.193499243269251	0.597466297214229	0.878074555601868
POLR1D	0.0635652808696179	0.805108254027874	0.945203070881262
RO60	-0.826349093368705	0.336028285145741	0.764397549663814
H1-4	-0.173961456760239	0.580136750042554	0.868889271329426
PTPRF	-0.484943425841887	0.136062648247732	0.652604885263541
TXN	0.531695916278697	0.154362026226667	0.661336425228313
HSPD1	-0.131445438287699	0.690974663391552	0.916250675777733
CLU	-0.272381439564107	0.550535871100629	0.861559448233273
HSPA5	-0.0204031914598346	0.945960291606558	0.989584043731153
HSPA8	-0.752312546041338	0.0334511903096015	0.555810264670567
SLC2A1	-0.248847973720697	0.634778329942044	0.895137594316058
EPB41	-0.646371268606465	0.0139872049124761	0.432301415881616
TOP2A	0.117938961051973	0.710783180568623	0.922435179739649
DMD	-0.295105452408862	0.624543587618631	0.892753072701168
MTHFD1	-1.13938903282604	0.0912493536983463	0.621651397277103
PABPC1	-0.137783812892685	0.647016040335799	0.899453701783143
PCNA	-0.440609402535024	0.329069871773267	0.764397549663814
HARS1	-1.56207000183919	0.0259483073298421	0.542252944649659
IMPDH2	-0.483331305341412	0.192036605488332	0.679458739828158
TPR	-0.173395891562866	0.586407534835821	0.873524844019014
CKB	-0.659898478153657	0.513445442820106	0.842597853055587
ACTN1	0.0167534544974615	0.954194883527715	0.990677322449378
XRCC6	-0.156103172723121	0.56098404030085	0.863983140617928
XRCC5	0.158086376716824	0.487662914654848	0.834147794372914
UNG	-0.319410452884274	0.486494117667815	0.834147794372914
LAMP2	-0.34433935375063	0.689968668163759	0.915536810728142
EEF2	-0.737894757299919	0.386140992914873	0.797203126070981
KRT10	-1.31107754243418	0.0619610870435503	0.583712500865375
PDIA4	-0.0662345350453322	0.878002829597437	0.972457400847355
PLS3	-1.60581487043959	0.0391688332347308	0.558157119462616
PRKAR2A	-0.649152335153261	0.130354606267583	0.649887333297212
GTF2F2	-0.256232631427544	0.513606615756528	0.842597853055587
PRKCSH	-1.27592113346223	0.076695399477498	0.609541039310663
CPM	-0.169594660425368	0.832061138004808	0.955690806253151
PKM	-0.905519078814653	0.439861930404838	0.818091446436616
HSP90B1	-0.628447369268731	0.554007589965968	0.863320329845387
CCNB1	-0.157722113482066	0.65998020798969	0.903926425867675
HNRNPL	-0.0942290546502917	0.818211800766417	0.950707390240568
DARS1	-0.209280932746708	0.456379910525063	0.825558908925589
JUP	-0.876095605322924	0.35037042334565	0.773616270782313
ANPEP	-1.56567691905054	0.18846856625135	0.679458739828158
EZR	-1.97767502290507	0.0683447740595696	0.59602273213048
NME1	-0.77512466890504	0.334743739158271	0.764397549663814
NQO1	0.344180944135744	0.679926171884281	0.912393887694013
RPS2	-0.464361740370748	0.0937958673806825	0.621651397277103
DSP	-0.91920146385073	0.164435647832731	0.666251542662775
RPA2	-0.270606127546802	0.596116864558416	0.87769054723586
CD44	-0.0463801339188663	0.946615782189535	0.989701076845088
GCFC2	0.962484143881543	0.0213499685362793	0.524466426157048
H1-5	-0.137369872177022	0.69576049695507	0.917164176143935
POR	0.926823117419833	0.114751597901585	0.640290394733442
YBX3	-0.389957564355203	0.360441158887737	0.780360183846196
HSPA6	0.752647367430978	0.440737702188593	0.818543558986709
HMGA1	-0.0175772499787215	0.948238457672994	0.990064866353913
JUND	0.0767653354557361	0.772736589512699	0.935866729741914
PRKACA	-0.247075838658851	0.507651319249475	0.840505956146121
PTPN2	-0.0328910408099432	0.977008018772029	0.993835221835429
DDX5	0.0567575768712487	0.8399810447312	0.957148170196534
PSMC3	-0.067099172757267	0.792220792626038	0.940507352547414
TCP1	-0.777897505378427	0.143187263999039	0.652604885263541
ERCC2	0.464321538129465	0.0784443540884886	0.611352624603742
RPL35A	-0.269887106895318	0.326507528620391	0.764397549663814
ARF4	-1.07931093834779	0.182417715790859	0.673637514417602
RPL7	-0.162593441026061	0.614258391992446	0.888064769303191
NELFE	-0.362838033256427	0.396638844184812	0.797203126070981
RPL17	0.0506111325234073	0.91728586555692	0.979694617909459
PGAM1	0.377114353301831	0.606366136961285	0.884595305358753
RCC1	-0.0257048917561917	0.923571919617394	0.981794305623958
NCL	-0.155624143172723	0.537325167422819	0.854838962766499
POLR2C	0.292997995543772	0.232708725990793	0.703661370723017
POLR2E	-0.344474783409225	0.161702086936188	0.663999798634432
EIF2AK2	-0.329838249462895	0.443540404887622	0.819753871496958
CSNK2A2	-0.261212761073615	0.38301921113846	0.796771950681588
RXRA	-0.00256476355556146	0.992420846511423	0.998077385521658
NFKB1	0.720901370321755	0.033982894549724	0.555810264670567
EIF2S2	-0.127198324175119	0.665132981611222	0.905375405089911
BTF3	-1.03429252133106	0.148275649604049	0.658599651096774
RAB5A	-0.373791689197951	0.275214735098993	0.735153775094254
PSMB1	-0.487967940120491	0.130796007514816	0.649887333297212
LMNB1	0.205291605526021	0.552379132892344	0.861693358760836
IMPDH1	-0.279407602137788	0.500315558039639	0.836640013904811
CDK11B	-0.112077826669783	0.707660308048893	0.92185738177641
CSRP1	-1.15232277363559	0.296435407592718	0.745540506354936
FLNA	-0.779942512510278	0.213682766269792	0.692766762708308
NF1	0.175194804512877	0.554812415945859	0.863320329845387
ACO1	-0.690317347176233	0.499758865689498	0.836640013904811
TGM2	0.648254049043864	0.47470708411626	0.830755404952684
OSBP	-0.107570926590554	0.730898061060038	0.925414977958432
FBL	0.818331365383052	0.0347107958519011	0.555810264670567
PAICS	-0.912241362349928	0.429726315515278	0.811941987322123
UBA1	-1.35250628296235	0.0677933998651209	0.596019801785537
HNRNPA2B1	0.10101591730723	0.74924603699436	0.92932042195648
RFX1	-0.188524243120757	0.573207363063233	0.867572208311915
PRKACB	-0.0716318208886939	0.847211430858526	0.958077971217164
NR4A1	-0.724482066902194	0.194916382482971	0.679872010488863
TCEA1	-1.93148320701905	0.106804619182412	0.623073070668822
SFPQ	0.118933390281811	0.756371642143114	0.931860208689478
TUBG1	-4.49741802806935	0.000353469257682133	0.079239490648624
PPIB	0.0432437806338548	0.843563876125161	0.957148170196534
RPS3	-0.647168261155517	0.0400555466762864	0.558157119462616
SP100	-0.715981782155652	0.504492995797883	0.840307170885372
CFL1	-0.649825319512921	0.370055821346456	0.788183474194861
EIF4B	-1.19628081576984	0.210138359311452	0.689188715435406
RRM1	-1.24613022095485	0.116174078590724	0.641187680833303
EEF1B2	-1.44623504202328	0.100333934336601	0.621651397277103
POLR2A	0.459368254005685	0.334847895974224	0.764397549663814
CDK2	-0.269125126780509	0.397570865108546	0.797203126070981
MCM3	0.0355187789751739	0.89878280566822	0.973990248776355
NFYB	0.237818532309245	0.769194281994079	0.933607335606297
RPS12	-0.487996925703094	0.209681710905598	0.689188715435406
YY1	-0.571495556511771	0.280194402618553	0.737445351090681
DNAJB1	-0.0816255961498342	0.813240001815682	0.949181408954581
PSMA1	0.51711248904153	0.601738356103488	0.881670463325796
PSMA2	-0.201357864685452	0.527382816185379	0.85163386122139
PSMA3	-0.361071186773255	0.384597992799193	0.797203126070981
PSMA4	-0.362170684615073	0.342401462485945	0.770406884987718
MSN	0.780966872950685	0.320491360905251	0.761293054681992
DDX6	-0.0717087376629593	0.822343341476157	0.952858155781586
DNMT1	-0.0282585105611126	0.939516681397604	0.987451205958706
U2AF2	-0.149144939134821	0.479901203459736	0.834147794372914
RPL13	-0.558005381548483	0.225608262409906	0.701899280512851
S100A4	-0.828949907232332	0.402357182054759	0.797203126070981
HMGB2	-1.50441527309751	0.12434703464527	0.649887333297212
PTBP1	0.0111036831425047	0.966695154298655	0.991406264948917
TARS1	-1.57022161857478	0.0100392237137466	0.392856759555248
VARS1	-1.21831136751227	0.119914197376279	0.641343710734243
EEF1G	-1.19793154343257	0.129676948878658	0.649887333297212
STOM	-0.229375906761067	0.449756571289633	0.822711887503837
YWHAQ	-1.0415495443054	0.191682175806062	0.679458739828158
MARK3	0.325355465386775	0.292088223759867	0.744653182894866
ARNT	0.251065208214982	0.562451988288695	0.864664996921427
RPL10	-0.425229572786549	0.228180833886645	0.701899280512851
RPA1	-0.0578703907780529	0.893989013417883	0.972759141349428
APEX1	-0.667837835440341	0.223865893961758	0.701899280512851
CAD	-1.37188721257298	0.0603738796215177	0.576976471888164
CALR	-0.728071889059134	0.336438401604246	0.764397549663814
MAP4	-4.0509310054331	0.00291539404581374	0.205751235344373
CANX	-0.446330803773442	0.521617665362061	0.847292915000292
PSMA5	-0.337095210195653	0.473311514904681	0.830601549025331
PSMB4	-1.55200149338288	0.000657044825992105	0.108869470950257
PSMB5	-0.625441913302744	0.0627977237876682	0.583712500865375
TMOD1	-0.918094433394462	0.290544510218201	0.744015030116054
ITPRID2	-0.163160830078763	0.487630731667265	0.834147794372914
POLD1	-0.665051845102955	0.393094063366872	0.797203126070981
SMARCA1	-0.112652798211712	0.678378419728363	0.911279576166652
ERCC5	0.149209507953849	0.594344940782886	0.876925607059143
GTF2E1	0.769162677235677	0.32061804060997	0.761293054681992
TPP2	-0.582784930225976	0.39345403742911	0.797203126070981
SHC1	-0.260608674499757	0.380742678307863	0.796771950681588
MPG	0.0153790858869982	0.943966080287553	0.988583328380287
TKT	-1.51447552063473	0.0750851618465855	0.606018577927897
EEF1D	-1.12987699691934	0.166474267925917	0.667460469311403
MARCKS	-1.20675617487202	0.11160695487008	0.631059502982012
ERP29	-0.973978524975827	0.0095631097639238	0.383631698003301
PRDX6	-1.1427068365149	0.328370532965774	0.764397549663814
PRDX5	0.029462136929574	0.977850488570524	0.993835221835429
PRDX3	-0.0238723938770988	0.95043970249972	0.990192921330354
RPL12	-0.469597284573904	0.270872015996004	0.734237631158695
PDIA3	-1.0992645288434	0.0216062001854255	0.524466426157048
PPP2R1A	0.0794497723019489	0.742827045268026	0.927265050220499
PPP2R1B	0.392400306276254	0.560519063925241	0.863983140617928
CDC27	0.0776255402813	0.744573613331444	0.927517580482977
NMT1	-0.115100070682551	0.844543006033999	0.957148170196534
LRPAP1	-0.336220043886271	0.291116144456463	0.744015030116054
CLIP1	-0.557303828963569	0.0918427886585455	0.621651397277103
POLR2B	0.00355884738578283	0.987944473942099	0.996526806423336
MAT2A	-0.245796463547656	0.570993243639062	0.867572208311915
CPS1	-0.263818698851921	0.722307421627245	0.92409837949179
DNAJA1	-0.331679435373935	0.460545780480139	0.825940122812177
HNRNPH3	0.824751689340978	0.0238286102489623	0.531057506776581
HNRNPH1	-0.515004853919947	0.125585191627616	0.649887333297212
YWHAB	-0.563560672765124	0.407508041100379	0.79928622986801
STIP1	-0.741882038819533	0.162346811053064	0.664697715720369
L1CAM	0.502253757444038	0.370662308570117	0.788183474194861
RPL9	-0.472513707492201	0.176264376107755	0.672449372685789
KIF5B	-0.875230522707955	0.0600188950775987	0.576976471888164
CSTF2	0.467285781969526	0.0827316078332913	0.621283875394209
TTK	0.761551643265555	0.335061990116582	0.764397549663814
MCM4	0.105506932218688	0.803140539194497	0.944681665083404
MCM5	0.0393703656738467	0.907637577620093	0.976568833515012
MCM7	0.11166386944118	0.661801214695816	0.904403989305043
HSPA4	-0.812718982104961	0.102525099185907	0.623073070668822
GPC1	-0.0633594461134912	0.862869814734545	0.965692305857935
CTNNA1	-0.735714316777752	0.0831755371271715	0.621283875394209
CTNNB1	-0.591228840976019	0.0829748489918965	0.621283875394209
RDX	-0.372585918790733	0.395890249511117	0.797203126070981
RPA3	-0.0985925834837147	0.839672766996978	0.957148170196534
RFC4	-0.0375704261673668	0.862354214014449	0.965692305857935
RFC2	-0.151833117453339	0.529673841458622	0.852098148499812
RPL22	-0.794339413747814	0.0366401811315782	0.558157119462616
GTF2F1	-0.159878193306319	0.703386971427426	0.919902595637015
MYH9	-0.714392602474675	0.0994583072596823	0.621651397277103
COPB2	-0.299819654672255	0.668609537080542	0.905789513165222
ADD1	0.129126938888081	0.579069330539417	0.86870061470466
BSG	-0.315354426652355	0.53120846074782	0.852201923885492
FUS	6.61015418046418e-05	0.999810425770279	0.999818180247427
NUP214	0.111316978527306	0.733077242110303	0.926005094359418
DEK	0.265820017220367	0.346427638947422	0.772067679548903
PSMC2	-0.283921001902602	0.458383997133854	0.825558908925589
RPL4	-0.00209306500012474	0.994731881831362	0.998634525771245
PPP1CC	-0.0233297299500279	0.933800095015437	0.984824151066696
SRP14	-0.176218386962628	0.649708026187684	0.900704724554843
NUP62	0.520921706371297	0.14432604992311	0.652604885263541
FDFT1	-0.621477215508065	0.273108169499499	0.735153775094254
ETFB	-0.911838274075713	0.169029186669425	0.669168751984375
RBMX	1.45480309898793	0.156611769049157	0.661336425228313
ATP6V1A	0.512346707148176	0.430052104086716	0.812154890324319
HSPA9	-0.144627743362385	0.698826269649629	0.917698610642688
EIF4A3	-0.40891776858145	0.179904735286617	0.672588150651729
IGHMBP2	-1.08975883733756	0.0510998465383532	0.573576614639264
RPS19	-0.397125844567594	0.243274036000935	0.715920734517039
RPL3	-0.301666335005912	0.38719068895605	0.797203126070981
FEN1	-0.958984733170823	0.0892356113135417	0.621651397277103
TXLNA	-1.45810605886293	0.0127911841178203	0.423888718895767
CCT6A	-1.9969578788324	0.017333112732744	0.492958900182741
PBX2	-0.878400393595324	0.262397412079412	0.724544783745824
MLH1	-0.109309426744417	0.705041824440823	0.92061247182719
RFC5	-0.135474315430685	0.559878327863873	0.863983140617928
RFC3	-0.178349021840731	0.478659933899795	0.834147794372914
EIF2S3	-0.604211944918571	0.0874906519910786	0.621651397277103
CETN2	0.0575506004529878	0.844796672832804	0.957148170196534
EIF2D	-0.339116431769725	0.42511871650586	0.809254459842073
NAA10	-1.42301437287097	0.0423474636629359	0.566785703355903
GARS1	1.14600958981422	0.410891884596959	0.801909781017385
IARS1	0.247795183272753	0.420749219369059	0.806904185680669
PRKCI	-0.802085565452181	0.118095135266065	0.641343710734243
MTREX	0.0403332584078484	0.898772426180572	0.973990248776355
MTOR	-0.122022243651397	0.825403056480972	0.954082817181979
EPS15	-0.288109122198865	0.444224180997514	0.820448625026505
RPS27	0.0333435429633866	0.89172165399345	0.972457400847355
RPL35	0.445979784566191	0.209792782812526	0.689188715435406
PAFAH1B1	-0.552282886939597	0.0991101248287237	0.621651397277103
MCAM	-0.195767770063423	0.731615853841494	0.925414977958432
MATR3	0.395897887922889	0.294430684951623	0.744653182894866
MSH2	-0.180747916474601	0.681952713579736	0.913184044782985
MAGEA1	0.237596799792797	0.6959523107904	0.917164176143935
PSMC4	-2.59669664360469	0.0783389286613131	0.611352624603742
CBX5	-0.670049564570004	0.0386547044749621	0.558157119462616
RANGAP1	-0.345746858514474	0.251734110067503	0.718824284036976
RECQL	-0.0190463625606121	0.962311488008967	0.99137851306409
NOP2	0.629228482847331	0.0444736768122887	0.569177429727642
BAG6	0.271927698242145	0.783438978360457	0.936967369759609
RPL27A	-0.527818469256296	0.190240722814863	0.679458739828158
RPL5	-0.578732617630223	0.0882088224755174	0.621651397277103
RPL21	-0.308125780305943	0.380231787601536	0.796771950681588
RPL28	0.157199439534736	0.494654670117914	0.835263843324591
RPS9	-0.0693216772446235	0.767561571694761	0.933607335606297
RPS5	0.422811827720274	0.104323524092264	0.623073070668822
RPS10	-0.187879508187322	0.73778082366587	0.927265050220499
YAP1	0.507741129580616	0.144269563185621	0.652604885263541
IQGAP1	0.0583983883958581	0.957888687347092	0.991179415552476
CAPZA2	-0.0977133401826045	0.729341932163674	0.925273669599122
CAPZB	-0.289022462524557	0.195169435725672	0.679881827742722
QARS1	0.0919366515222571	0.690196079040134	0.915536810728142
RPL29	-0.634471514266078	0.197659270362254	0.681341718601544
LIMS1	-1.44724704107777	0.0520174061137413	0.576003344718154
PIP4K2A	0.186559202138433	0.71902540136857	0.923899389369971
ARCN1	-0.594617681184477	0.455763700380944	0.825558908925589
PSMD8	-0.0579661781161036	0.842382548542845	0.957148170196534
PRRC2A	0.0561849191364239	0.938307588561901	0.986724674395531
CCT5	-0.514327770846901	0.408713319462331	0.80082594368686
CSNK1A1	0.53272686946454	0.091830937781295	0.621651397277103
CSNK1D	-0.443251066666654	0.59500554356077	0.876955981232993
ADGRE5	-0.205190384101506	0.591086464761887	0.875747124027379
POLD2	-0.0871213674316031	0.729249190350002	0.925273669599122
RPL34	-0.0304286455542595	0.899366099759566	0.974029083938849
LMAN1	-0.67273132235421	0.295709915959409	0.745540506354936
FASN	-0.749451217502582	0.306384698740329	0.75137199929176
CCT3	-0.826642631596663	0.0973144353019257	0.621651397277103
SRP9	-0.125120236695839	0.628017824847893	0.893656768581026
CARS1	-0.444746931143872	0.487392194903471	0.834147794372914
SARS1	-2.1512968910544	0.0205585710100476	0.521475439049152
PRIM1	-0.958015995713964	0.0599229309080942	0.576976471888164
PRIM2	-0.105423573816378	0.80927280090824	0.947508032031122
CSNK1E	-0.154230205317269	0.886174045086611	0.972457400847355
PSMB3	-0.248640608813986	0.414688728321897	0.802630138971432
PSMB2	-0.380794913152123	0.311365108568031	0.756768130582121
MCM2	0.143659874065843	0.625226350668767	0.892753072701168
TMED10	-0.567593379079472	0.091887559101817	0.621651397277103
NUMB	1.83280432028542	0.0872172611818933	0.621651397277103
EIF2B2	0.026900235818637	0.966976841827439	0.991406264948917
RANBP2	0.29665727542228	0.266237387445726	0.728509807603055
GSK3B	0.0868324476276285	0.896346047736402	0.973489537738224
TAF6	0.275865404296262	0.380209198809445	0.796771950681588
LIG4	-1.0875540389152	0.118438550690572	0.641343710734243
MRE11	-0.304086047623809	0.28131985337065	0.738241532875372
SERPINH1	0.044183580502235	0.874200733251591	0.971489590829341
VASP	-1.2693370241478	0.0334224831781734	0.555810264670567
DNM2	-0.236071739272294	0.651469528136128	0.901190504072286
METAP2	-1.75401559505712	0.0477977173232608	0.569240939746709
CDK7	-0.42639794761028	0.163611983928014	0.665001129042733
CDK9	-0.63951715478856	0.0445990559668903	0.569177429727642
RPL14	-0.24351011056952	0.506956166936166	0.840505956146121
CCT8	-0.35377803261342	0.4628518198346	0.825940122812177
CCT4	-0.830376756074827	0.184596882406551	0.674142637432519
FXR1	-0.00768591991485579	0.972288955364349	0.993119523732739
FXR2	0.0320602491332806	0.899713667760896	0.974029083938849
RAB5C	-0.320606622761954	0.551268307202638	0.861634571949598
RAB7A	-0.53537383510637	0.401612081063235	0.797203126070981
RAB13	-0.0982449181524849	0.695263470951287	0.917164176143935
HCFC1	0.509935503614372	0.0507279469354105	0.573576614639264
PSMD7	-0.180048529785939	0.606926840445247	0.884595305358753
RPS6KA3	-0.885854925431552	0.105949363555079	0.623073070668822
HDGF	-1.75574294828675	0.0797763655078088	0.615440746862873
HNRNPA3	0.595604368757574	0.180925421790171	0.672617620445106
HNRNPM	0.0631295508197809	0.845114891030026	0.957148170196534
KPNA2	-0.295027274569918	0.374352452164209	0.793027901721957
POLR2H	0.458963930456267	0.206632983326777	0.687753973326067
POLR2J	0.540188903570225	0.0918089398208172	0.621651397277103
SLC7A2	0.300153108282029	0.526349349761957	0.851544353004346
AGFG1	-1.01282106854082	0.176034797621891	0.672449372685789
HNRNPF	0.572191502335915	0.156082908267787	0.661336425228313
MSH6	-0.743705309542854	0.0888210082653945	0.621651397277103
RIDA	0.184358371452955	0.669062576636079	0.905789513165222
HK2	-0.515250913296278	0.569813456068621	0.867572208311915
CAPZA1	-0.691056682444025	0.255117633670258	0.719717008847187
NUP98	-0.172607614157226	0.589597792755034	0.875324187062499
PLK1	-0.0365558524912117	0.875256444866393	0.972195369101085
ACLY	-1.12161214848058	0.177982426047067	0.672449372685789
METAP1	-0.256321985295571	0.469906629294857	0.828916339768491
COPB1	-1.32267288749953	0.10902108823838	0.623073070668822
COPA	-0.497295897010922	0.33105590753044	0.764397549663814
AP2S1	-0.0906340631563545	0.681327850286893	0.912667992071476
SLC16A1	-0.430583297362872	0.399121814734224	0.797203126070981
IST1	-0.750855161367546	0.0986187116363499	0.621651397277103
SEC24C	-0.469589606635548	0.202147140319051	0.68167630322795
SUB1	-0.19724336520175	0.555973201955525	0.863320329845387
CLNS1A	-1.75830425660846	0.214167350258905	0.692766762708308
RARS1	-0.220915424540177	0.429499295238694	0.811915582417988
YARS1	-1.12274552667749	0.0458232982966973	0.569177429727642
HSPA2	0.384547610718375	0.329182758144834	0.764397549663814
ATP1B3	0.0644383531314929	0.811168145536549	0.948761645019128
RAD23B	0.48689337050342	0.226432404437498	0.701899280512851
AK2	0.0753256701825755	0.918251129807646	0.979965011396511
NAPA	-0.0916797554251474	0.780715363484688	0.936749784047282
EIF5	-0.488383908171279	0.48890298964827	0.834147794372914
PSMD4	-0.96271542234031	0.0583328932161599	0.576976471888164
CSE1L	1.31746669943557	0.246492553965731	0.71722967096949
VCP	-0.127922544422169	0.708507024723985	0.92185738177641
MFAP1	0.162667946712048	0.630319954290758	0.894150037558103
NAP1L1	-0.37076714665579	0.365252024056914	0.783460298108986
ADAR	0.287169522285364	0.406177003658886	0.79881856560221
SEC13	-0.516242585054588	0.128091148381031	0.649887333297212
SNU13	0.0563194044947153	0.818447614967451	0.950707390240568
EIF3B	-0.374376546434831	0.298903948678156	0.747016020590278
MARS1	-0.0754777118257977	0.714247651676518	0.922435179739649
EIF6	0.0256581353461343	0.956196016517459	0.990677322449378
GEMIN4	-0.261756107911733	0.255425967823511	0.719717008847187
NUP107	0.0374279702285811	0.869647414422833	0.969922825977587
EEFSEC	-0.075780652656114	0.77247696437203	0.935866729741914
EPPK1	-0.0320266543406156	0.952628049254193	0.990677322449378
ARPC4	-1.11978556261947	0.0572905200918595	0.576976471888164
TPI1	-1.141264869093	0.412844157516954	0.801918171535668
EIF3E	-0.675324388072774	0.191198854408867	0.679458739828158
PPP4C	-0.499536725050191	0.170522170434853	0.670936313295416
MYL6	-0.919530260033618	0.114742771171823	0.640290394733442
ACTB	0.0196536636920186	0.950045858730527	0.990192921330354
EIF4A1	-0.917462773413071	0.21134638043748	0.6919288593806
RPS20	-0.236739381266929	0.493849145365016	0.835136500087844
PRPS1	-0.467206302243085	0.258583116464233	0.721288887710616
PSMA6	-0.4788827700147	0.170550827155562	0.670936313295416
S100A10	-0.1892071933785	0.547150737675334	0.861559448233273
CDC42	0.153762673479235	0.798632682216418	0.942384632648738
DSTN	0.0920155311348623	0.887038940673493	0.972457400847355
RAB8A	0.0471714814303681	0.878203607502523	0.972457400847355
SRP54	-0.624763978793723	0.146958428550046	0.657899458434022
RAB2A	-0.681026841730855	0.085930535534313	0.621651397277103
RAB10	0.451574352965519	0.626756133460467	0.893447985992922
RAB14	-1.93001888506259	0.0735190531832342	0.603836112524297
ACTR3	0.472968561753518	0.365773295100965	0.78394018243783
ACTR2	-1.00379294402447	0.0893585907332238	0.621651397277103
ACTR1A	-0.478239676605376	0.116656401961427	0.641187680833303
COPS2	-0.27103540310754	0.519871855620649	0.846034812128365
ABCE1	-0.235740583576082	0.743084453593497	0.927265050220499
RAP1B	-0.807298896714315	0.179076694631278	0.672449372685789
RPS3A	-0.481325044193856	0.0861818234872443	0.621651397277103
RPL26	-0.670119988777593	0.0562202927500526	0.576976471888164
PSME3	-0.186950633513796	0.641298047248488	0.897144481479947
RPL15	0.166443246040735	0.738533890758932	0.927265050220499
MAGOH	0.0749972200936497	0.956109932935514	0.990677322449378
RPL27	-0.326095387740285	0.385315563693513	0.797203126070981
RPL37A	-0.849672160598416	0.0208062848364781	0.521662838893539
NAA20	-0.731316253651904	0.0450838354099428	0.569177429727642
HSPE1	-0.480695655840385	0.433383946143535	0.815091312661415
UFM1	-0.243692771091023	0.75106020468903	0.930221137494278
DCAF7	-0.200913334301518	0.353327090335722	0.776512590912748
WDR5	-0.0894748981007574	0.725745661507877	0.924139195078597
AP1S1	-0.307474202448422	0.233484367192099	0.703661370723017
HNRNPK	-0.00289980339937301	0.99151801538751	0.997538320127191
YWHAG	-0.98400974659473	0.18396890650874	0.674009755182922
RPS7	0.0367900385582232	0.921289720707879	0.980895829983806
PPP1CA	0.0153101536268601	0.955257607847741	0.990677322449378
PPP1CB	-0.214148893016755	0.418844607946625	0.804139446289464
PSMC1	-0.179728514976567	0.573029457653364	0.867572208311915
PSMC5	-0.404059192387159	0.289550518850009	0.744015030116054
RPS8	-0.668629326897634	0.151345087329144	0.661336425228313
RPS15A	-0.547154980626406	0.161175412520458	0.663325590837434
RPS16	-0.32831181025843	0.26188570700186	0.724544783745824
YWHAE	-0.908114169704273	0.30038138868853	0.747016020590278
RPS14	-0.105782297684161	0.756627608036214	0.931860208689478
RPS23	-0.184623051369574	0.653236080512338	0.901190504072286
RPS18	-0.588753056749507	0.182157448814024	0.673637514417602
RPS29	0.0871816542685302	0.918953394260023	0.980164291346351
RPS13	0.0177010039236087	0.964464739080201	0.99137851306409
RPS11	-0.270751016967118	0.353804898949159	0.776512590912748
SNRPE	0.205488566582623	0.33807490623526	0.76598198483787
SNRPF	-0.284921650171576	0.399425145062015	0.797203126070981
LSM3	-0.423482412103034	0.0720544438602963	0.600597233215677
LSM6	-0.0487434149150374	0.816062796412836	0.950707390240568
SNRPD1	0.25923806288257	0.395284803778564	0.797203126070981
SNRPD2	0.363968769849951	0.274008097257606	0.735153775094254
SNRPD3	0.064545769162045	0.885705997804921	0.972457400847355
ARF6	-0.369148133777234	0.512950632125061	0.842597853055587
PSMC6	-0.88360341946246	0.0257782280839484	0.542252944649659
RPL7A	0.0424984233169212	0.887237016079984	0.972457400847355
POLR2G	0.211014451447774	0.473508318175038	0.830601549025331
ETF1	-0.736838373366972	0.188518658909049	0.679458739828158
YPEL5	-0.0823495301054216	0.816573776494943	0.950707390240568
RPS4X	-0.566483902741123	0.0550525801327227	0.576976471888164
RPL23A	-0.182913075220167	0.624675985806474	0.892753072701168
RPS6	-0.411895462264784	0.27990212151973	0.737185200491839
H4C1	0.118222131963705	0.565358502765748	0.866337456389331
RAB1A	0.0763595319874142	0.940685119061481	0.987876038750637
RAN	-0.702005567635958	0.0586507592784003	0.576976471888164
RPL23	-0.873194313289012	0.0852212727211974	0.621651397277103
RPS15	-0.588701687770488	0.234676883282329	0.703661370723017
RPS24	-0.181977369320084	0.683085607766353	0.913212827680861
RPS25	-0.385785960837193	0.214099754130111	0.692766762708308
RPS26	-0.109785867228389	0.764797415942006	0.933499142519634
RPS28	-0.382536293434725	0.29392445877677	0.744653182894866
POLR2L	0.041337882732158	0.910416143557959	0.976985590976689
RBX1	-0.230782456946748	0.438020042350053	0.81654900192037
RPL30	0.131822510511714	0.519465371934314	0.846034812128365
RPL39	-0.4914670491167	0.296247159269126	0.745540506354936
RPL31	-0.276758861760609	0.472135098165714	0.829555951641096
RPL10A	0.246963571231316	0.436370295492028	0.816206240069581
RPL32	-0.268877912053298	0.449959519485591	0.822711887503837
RPL11	-0.501853490463528	0.179225918026726	0.672449372685789
RPL8	-1.06064299817961	0.0304116324442798	0.54669212851486
PPIA	-1.61099868170635	0.287520310622109	0.74287451103787
RAC1	0.409409066201853	0.345590299292387	0.771555143880074
AP2B1	-0.478600854153751	0.0656189016641136	0.587700139302671
GNAS	-0.333342212408436	0.448876069082106	0.822711887503837
YWHAZ	-1.17057041727205	0.225376817546351	0.701899280512851
PPP2R2A	-0.868497839113946	0.227567797361107	0.701899280512851
SUMO1	-0.535855867501631	0.221271385229003	0.701551787943203
DYNLT1	-0.128955162381757	0.743226767627964	0.927265050220499
RPL38	-0.216633230517736	0.458791936056414	0.825558908925589
SKP1	-0.416937745889339	0.209803453703617	0.689188715435406
RPS21	-0.31403901965021	0.402773085486217	0.797203126070981
EIF5A	-0.177305538013499	0.810401153229592	0.948246482946876
RACK1	-0.422464543587907	0.161591922250446	0.663999798634432
SUPT4H1	0.26065710368697	0.382982869603842	0.796771950681588
UBE2I	-0.608258308724437	0.181082571130065	0.672617620445106
YBX1	-0.206824169454737	0.694992890008343	0.917164176143935
CSNK2B	-0.698308775851388	0.0636972753005986	0.587507337652504
TPM4	-1.22416630436118	0.135416516503287	0.652604885263541
TUBA4A	-0.729016998730554	0.336567590746754	0.764397549663814
TUBB4B	-1.00926159010215	0.284286263081897	0.740113373337119
CSNK2A1	-0.455111615658176	0.152908602876504	0.661336425228313
EIF4G2	-0.454057836733512	0.384731805931947	0.797203126070981
RPP38	0.0453156940743078	0.862859738914749	0.965692305857935
RPP30	0.0811970661894996	0.718333819202113	0.923606675094215
GTF2I	-0.562751778976917	0.0970261149895644	0.621651397277103
PIP4K2B	0.490049221973731	0.493498486144083	0.835134427484503
SRPK2	-0.186761785397916	0.481719511042219	0.834147794372914
CCT2	-0.530112175031146	0.341140656707039	0.769737739911502
RAE1	0.0654269735670603	0.781461493816707	0.936749784047282
PRKDC	0.170822215570702	0.467735707072992	0.828337560158309
BASP1	-1.20477503668009	0.0617529353627049	0.583712500865375
HMGN5	-0.665785526033069	0.136799741972411	0.652604885263541
SARNP	-0.156826941630456	0.596719025948075	0.87769054723586
RPL24	-0.143272494109684	0.611595441562449	0.886418969224312
RHOG	-0.735741223813456	0.115141584797876	0.641187680833303
RPL19	0.421542913875385	0.318112050361154	0.760082391649644
SRSF3	0.326931193550422	0.41187256323857	0.801918171535668
FOXK1	-0.362008529760146	0.347259058516914	0.772565249274932
CCZ1	1.12409365943845	0.360672119044311	0.780360183846196
DAB2	-0.909382454780289	0.0403529859882022	0.558157119462616
RBM3	0.268966700394024	0.471889732839681	0.829517685209947
CYCS	-0.728707855563933	0.0343795611922973	0.555810264670567
HDLBP	-0.510541714149454	0.141439686640741	0.652604885263541
GTF2B	-0.538224849733624	0.353520231496603	0.776512590912748
CDK5	-1.53415829231362	0.00934405495380627	0.380117068668535
PURA	-0.296911250352252	0.257177098522684	0.720058523975263
CLTC	-0.349588888450214	0.517904777666798	0.845282701365383
HSF1	-0.742402662790905	0.0883185694769562	0.621651397277103
NFKB2	-0.818196395912246	0.236292050505476	0.705728059934458
FKBP3	-0.415054104916862	0.51422178694627	0.842686218574185
REEP5	-1.19301854869498	0.0826250962516892	0.621283875394209
HNRNPU	0.0152947731232196	0.945448953272827	0.989549120772073
SPTBN1	0.190853251228742	0.474779656779571	0.830755404952684
TIAL1	0.0173765648975781	0.950334353971047	0.990192921330354
SET	-0.51193367409256	0.364731626630593	0.783460298108986
SRSF2	-0.531824737434011	0.0996255697691285	0.621651397277103
CAP1	-3.2359462904519	0.00451124957210967	0.257408965581982
IFITM3	-0.523823850171954	0.474607389645713	0.830755404952684
SLC7A5	-0.2346707332261	0.714076605122131	0.922435179739649
EXOSC10	0.0686081370370246	0.784994771011128	0.937810367499501
OTUD4	-0.577752828807792	0.140511385542701	0.652604885263541
EWSR1	-0.504432978396522	0.193774888005031	0.679872010488863
OCRL	-0.728233215328324	0.0314894059840179	0.549632042359184
PLCB3	-0.724499547519919	0.0869801768416136	0.621651397277103
COL7A1	0.146784455091712	0.568398451263578	0.867572208311915
RPL18A	-0.0890112957036884	0.735641801845915	0.927248967010819
RPL6	-0.19097961282359	0.629514390234282	0.894150037558103
DST	-0.425026493930915	0.384643246465891	0.797203126070981
TNFAIP2	-1.61049507538758	0.0530099271457312	0.576003344718154
EIF4G1	-0.747632465344957	0.252734054291162	0.718824284036976
KRT17	0.596089400448726	0.0627090812436843	0.583712500865375
TLE3	0.773914080314103	0.462140765006969	0.825940122812177
YWHAH	-0.360350490381386	0.547425801929581	0.861559448233273
PLP2	-1.67241450634605	0.0599161275957438	0.576976471888164
CSTF1	-0.16822162026569	0.507524388629632	0.840505956146121
EEF1A2	-1.67171867553094	0.0271647570568202	0.542252944649659
CALD1	-0.860968642103469	0.338270186429319	0.76598198483787
PTPN11	1.61976091293746	0.00662907768300101	0.324541888262958
EXOSC9	0.0928430859782203	0.791007224758402	0.940332744845854
GABPA	-0.511135525661686	0.329313557277912	0.764397549663814
PRDX1	-1.4903590806029	0.10871179465871	0.623073070668822
RPL18	-0.591615677969898	0.0884612545076251	0.621651397277103
C1QBP	-0.300056114639901	0.228492405871252	0.701899280512851
TJP1	0.279660360834711	0.436669045819488	0.816206240069581
POLE	-0.157722510286867	0.654314910723699	0.901190504072286
KLC1	-0.483120703995475	0.286534153967361	0.742844667190212
SRSF1	-0.00492074195133085	0.990969745398442	0.997538320127191
DHX9	0.230230431527268	0.521059966079238	0.846805770033252
CRYZ	0.921069032208845	0.446429719262081	0.821864786227901
GOLGA3	-1.80912286223372	0.0169159883552359	0.490224583837101
GOLGA2	0.104136029270322	0.774763276832317	0.936283560294792
SSRP1	-0.474469253052984	0.109206465799897	0.623073070668822
NSUN2	-0.559357571372299	0.0554344932801145	0.576976471888164
RBBP4	-1.4680467574597	0.0440764068708663	0.569177429727642
NCBP1	0.018494106987454	0.947400623623196	0.989732394908991
AHNAK	-1.13533356764896	0.0555547609199214	0.576976471888164
FCHO2	-1.0316350369396	0.221513222464545	0.701703257621406
HSPA14	-0.641298851691225	0.369008719709482	0.78793159579312
GALNT2	0.255936289747847	0.275723477929943	0.735153775094254
AP1B1	-0.829219596603995	0.0509324318002935	0.573576614639264
CPSF1	-0.249901174978358	0.358438100932403	0.778264824399312
WASHC5	-2.02273382098382	0.159772964535288	0.661593370834279
NUP160	-0.230092222225796	0.397026766848684	0.797203126070981
TWF1	-1.77393153129432	0.0193499357186449	0.519314119885603
TFCP2	-1.18349280690246	0.186059333192035	0.676851442497681
CDC20	-0.145878860837509	0.570475367082502	0.867572208311915
GRSF1	0.0744372888354832	0.895025385985828	0.972759141349428
SF3A3	0.294342179498688	0.328287241244316	0.764397549663814
TP53BP1	0.350203888231768	0.282848610097638	0.739108811433012
IFRD2	-0.566078198946425	0.250370294028781	0.718824284036976
TRIM26	0.0217910327750914	0.942968051046123	0.987876038750637
AIMP1	-0.0676589075907259	0.77511072989419	0.936283560294792
ILF2	0.359974674693483	0.234088994997865	0.703661370723017
ILF3	0.584153967901528	0.0511718837516006	0.573576614639264
TRAP1	-1.41664325389957	0.0792703328596842	0.615126457393132
MYO1E	0.395179663960086	0.558114527578732	0.863983140617928
PPP1R8	-0.392774792855871	0.248041988126507	0.71722967096949
STRN3	-1.24443929084846	0.417960194469026	0.803995005712165
CDC16	-0.144648785150295	0.6424318029191	0.897144481479947
FLII	-1.00397782719248	0.070151984806115	0.597610499979832
GPS1	-0.400214273202796	0.129179913787366	0.649887333297212
CHAF1B	0.408872535669715	0.164792758386064	0.666251542662775
IK	0.155752075764141	0.5079294574437	0.840505956146121
PRKAA1	-1.16399575443698	0.250685138553971	0.718824284036976
PPFIA1	-0.176719575734214	0.766625210765084	0.933607335606297
TARDBP	0.700929765793081	0.0287879244782247	0.542252944649659
HNRNPA0	0.200303603706871	0.481782888032479	0.834147794372914
AIMP2	0.0138126651565571	0.958634819899842	0.991316251178992
PRDX4	-0.10185463045385	0.776612007482507	0.936283560294792
CBX3	-1.26064493543009	0.014406720684277	0.439232100222238
STX5	0.112559086005067	0.760109390863308	0.932639049768212
PSMD2	-0.703707595971164	0.0528819303344311	0.576003344718154
SRSF5	0.020744785227933	0.942088512232456	0.987876038750637
SRSF6	0.0669684835429933	0.833998713542774	0.957148170196534
MAD2L1	-0.493727353952828	0.15747232406568	0.661392457792788
TRIM28	-0.0724905332348982	0.805319960942392	0.945203070881262
G3BP1	-0.674296741959015	0.0377134660895376	0.558157119462616
KCNAB2	-1.05603281328601	0.0293617639601929	0.542252944649659
SKP2	-1.62654079082006	0.0127079640291225	0.423888718895767
PABPC4	-0.723410271051598	0.0562074627745919	0.576976471888164
EIF3I	-1.00092414761201	0.0659887550940492	0.587700139302671
PPP2R5C	-0.207192171836645	0.500159885847382	0.836640013904811
CTBP1	-0.27878077096922	0.238683842677698	0.710089090120771
DYNC1I2	-0.516593624171914	0.222303717205176	0.701899280512851
ORC2	-0.0668548580767876	0.814011790890768	0.949555841776773
ILK	-0.828709838768912	0.205375258723152	0.686759587169515
SNTB2	0.318200134332507	0.154335354341383	0.661336425228313
XRCC4	-1.3612575918899	0.0127001971475205	0.423888718895767
TCOF1	-0.242375093484803	0.510492835716554	0.842567430452918
SF3B2	0.108283988978371	0.748354201462769	0.92932042195648
GOLGA4	-1.85369056418357	0.000465389467962743	0.0886799631203007
PDAP1	-0.333913905032698	0.653528527988877	0.901190504072286
FKBP5	0.0212764173817064	0.940446734434642	0.987876038750637
PICALM	-0.0144680300178806	0.969334099007653	0.991713356058568
SQSTM1	-0.712859665745285	0.0870536767141919	0.621651397277103
HDAC1	-0.132457466341762	0.648409163557045	0.899886133399817
CAMK2G	-1.97445527555437	0.0653415220679104	0.587700139302671
CAMK2D	0.135258367151504	0.844537090090825	0.957148170196534
DCTN2	-0.192191162026628	0.539769941771383	0.855797571070451
SNW1	-0.121936199472636	0.607798394720995	0.884595305358753
PWP1	-0.354171479595401	0.296964179650169	0.745540506354936
CUL1	-0.210233119614223	0.44643104529416	0.821864786227901
CUL2	0.394364117049349	0.0899483430666984	0.621651397277103
CUL3	-1.2810313622951	0.0678361299354461	0.596019801785537
CUL4A	0.354261114317211	0.106533538197462	0.623073070668822
CUL4B	0.171998494926804	0.627187823975302	0.893537494269112
TP53BP2	-0.535574433195087	0.252531045850426	0.718824284036976
RAB31	0.238718192526516	0.72360304588841	0.924139195078597
ALKBH1	-0.151401259844793	0.773824642693708	0.935907874739994
SPTAN1	0.18235548459009	0.529995673703409	0.852098148499812
GNL2	0.348212011617409	0.232952859687737	0.703661370723017
DDX39B	0.312291795101267	0.262425885860208	0.724544783745824
EXOSC2	-0.0911766320914573	0.731225401445319	0.925414977958432
KLF5	0.184449467368541	0.493469790972617	0.835134427484503
BYSL	-0.130135371540632	0.579337532569776	0.86870061470466
CBFB	0.258581265997151	0.399619493485991	0.797203126070981
CKAP5	-0.353654435468282	0.275260253393918	0.735153775094254
CIRBP	-0.0156507570618736	0.950204929044073	0.990192921330354
HNRNPD	-0.348656472559508	0.201332213818708	0.68167630322795
DSG2	-1.93912099459241	0.0060051326221704	0.313500827713581
BOP1	-0.138098690811908	0.713326123188186	0.922435179739649
SEPTIN6	-0.719776119903706	0.239669660688146	0.710802394461107
SAFB2	0.0159606447573353	0.968385388201562	0.991713356058568
EIF3A	-0.219553912485402	0.685828364448286	0.914679702029144
UBAP2L	-0.560950372500816	0.104000167817199	0.623073070668822
SCRIB	-1.05101858009556	0.0990507108060465	0.621651397277103
POLA2	-0.306038830396986	0.331963329312346	0.764397549663814
DCTN1	-0.63781673851015	0.116861273942556	0.641187680833303
DYNC1H1	-0.405804797967903	0.294656782945541	0.744653182894866
EIF4A2	-0.38503645999026	0.356686259686013	0.777778047112092
ELOA	0.297117213047414	0.487903090615445	0.834147794372914
CTTN	-1.07672621226182	0.0285044401001803	0.542252944649659
TRIM25	-0.880710332793505	0.0502887659832845	0.573576614639264
FAM50A	-0.575888781852974	0.140622259314542	0.652604885263541
FRG1	-0.40866678851485	0.0956694143699382	0.621651397277103
PDE3A	-0.10706454900529	0.699788001654602	0.918035137454626
CAPRIN1	-0.393886170157526	0.281480570120597	0.738241532875372
RBM39	-0.0408809592545047	0.857841181860784	0.963522765715134
MCM6	-0.211226974499858	0.502008778292951	0.837703442907506
ITPR1	-1.60855787031759	0.122206362871396	0.646962443623554
PLS1	0.0202590558000857	0.956837161495595	0.990677322449378
TRIP12	0.272532513047246	0.318491295230814	0.760082391649644
PUM1	-0.236868800225743	0.609091517624575	0.885296633740372
CLINT1	-0.581314446236501	0.489918664084361	0.834147794372914
SMC1A	0.0944222178383569	0.744394046381117	0.927517580482977
USP10	-0.411552423143412	0.200545475068886	0.68167630322795
GANAB	-0.610963342244943	0.348718053284439	0.772856702823615
MVP	-0.893219570522302	0.184287107032434	0.674009755182922
CHD4	0.0310555860227844	0.92245074414504	0.981423725833822
DRAP1	-0.605385315134086	0.296276941940701	0.745540506354936
KPNB1	0.0811776915532079	0.801387623251915	0.943851436080797
NOLC1	-0.0604775158312236	0.841518459620643	0.957148170196534
NUMA1	0.223198846129996	0.369052190629945	0.78793159579312
PSME4	-0.112370593448524	0.696148391462436	0.917164176143935
NAA25	-1.15244749188701	0.0467273943860197	0.569177429727642
NCAPH	0.127739773732195	0.623211419433025	0.891873345647488
PSMD6	-0.00648195416325947	0.98431888587399	0.996091508696668
MORF4L2	-0.225928212526142	0.544087627905095	0.859667475102122
SEPTIN2	-1.00780901023492	0.118863107026143	0.641343710734243
SART3	-0.252579933105057	0.391662684005458	0.797203126070981
NCAPD2	-0.365829428903609	0.433771567237124	0.815139764665028
SUZ12	0.572901239240966	0.0469250610108785	0.569177429727642
EXOSC7	-0.321201199039468	0.386141029086839	0.797203126070981
EFTUD2	0.197182505220695	0.423859101786158	0.80914728588216
KARS1	-0.196024239742449	0.470938798242848	0.828982799124015
SETDB1	0.68949976513499	0.039605595354057	0.558157119462616
POLD3	-0.438937885566837	0.379420119857577	0.796771950681588
EIF4H	-1.56526083222682	0.110437125290456	0.628172961913325
KIF14	-0.592860699422879	0.0988443748147825	0.621651397277103
PDIA6	-0.865168884463213	0.138649501676229	0.652604885263541
PLCB4	-0.107643181226315	0.642807726760221	0.897144481479947
PLEC	-0.111869555697496	0.684150427374473	0.913879172353353
PCM1	-0.161519943106324	0.576408509956906	0.867572208311915
PTGES3	-1.42165053810815	0.0264351094445587	0.542252944649659
NONO	-0.11379371994078	0.756784924139054	0.931860208689478
RAB35	0.147423954493551	0.629950887992102	0.894150037558103
RBBP5	0.254220569862866	0.470046743939676	0.828916339768491
RCN1	-0.288254004293986	0.571036237850333	0.867572208311915
LRRC41	-0.182741059578746	0.693149881309831	0.917164176143935
PCBP1	-0.374669996290095	0.390306585630283	0.797203126070981
PCBP2	0.144213331298502	0.729858021645687	0.925312348799639
ELOC	-0.268234424595402	0.394125994474542	0.797203126070981
ELOB	-0.263481171548509	0.360796285472841	0.780360183846196
UBE3C	-0.0993753485574125	0.898831235548209	0.973990248776355
SF3B3	0.295472040610235	0.289745993466099	0.744015030116054
DLGAP5	-0.693362912665705	0.163344000122601	0.665001129042733
SF3B4	0.0141625743646685	0.951864561657374	0.990443666335703
SEC23A	-0.64797802742941	0.16520800519977	0.666251542662775
SEC23B	-1.19246418567772	0.0236341589858852	0.531057506776581
SF3A1	-0.397571849962002	0.11602610212471	0.641187680833303
SKIC2	-0.736675615343263	0.424822699608094	0.80914728588216
TAF7	0.00471409777395593	0.98708453461222	0.996526806423336
TSN	0.00119177027553974	0.998562289449214	0.999641772596098
TARBP2	-0.215397948988489	0.486658082068562	0.834147794372914
SF1	-0.354888371591564	0.221687410699599	0.701703257621406
TRIP13	-0.399416188615291	0.600258989491167	0.880518479195857
OASL	-0.0861038285638749	0.667750366175265	0.905789513165222
TRIP6	-0.551137826590661	0.179272779493246	0.672449372685789
MAPRE1	-1.12597987087764	0.106156605509143	0.623073070668822
ELAVL1	0.0260090587181345	0.921554995895963	0.980895829983806
SLC1A5	-0.5585154533006	0.335273366355046	0.764397549663814
MLF2	0.518378594796268	0.155323649435985	0.661336425228313
SMAD1	-0.281591208979997	0.436909139265795	0.816206240069581
NEDD8	0.184014973916334	0.5201415809018	0.846034812128365
RAB11B	-0.40291145789049	0.584718620249436	0.87229194805968
SEPTIN7	-0.388675429517775	0.638547433379482	0.895658545678766
ADRM1	-0.912031608945753	0.0897459536763031	0.621651397277103
PDCD2	0.228724427159737	0.348617203066562	0.772856702823615
PSMD5	-0.439234164864281	0.564998939299779	0.866134737599139
PKN2	-0.85841494792788	0.135333431572054	0.652604885263541
DDB1	0.0797531168737748	0.756492890824483	0.931860208689478
PPP2R5E	-0.61408340382993	0.232537260968082	0.703661370723017
CDC37	-0.561532509612491	0.267270198250221	0.729529577038884
RBBP7	1.03099447766479	0.277436559088245	0.736284081963036
TAF9	-0.349961702420217	0.378334376314529	0.796771950681588
SRSF7	0.421202625163289	0.168259786258728	0.669168751984375
CPSF6	-0.0107604887609654	0.961010096056656	0.99137851306409
SMN1	-0.148322718216843	0.713871573213263	0.922435179739649
DBN1	0.71347271265968	0.134366947012199	0.652604885263541
NRF1	-0.603317482572777	0.181720216888834	0.673637514417602
FSCN1	-1.12060642269385	0.107063669988125	0.623073070668822
NDUFA5	-0.139549713140241	0.764907825878985	0.933499142519634
H2AC18	-0.397497555850592	0.586825248290091	0.87359024266935
HADH	-0.598889005631317	0.129260829792193	0.649887333297212
HNRNPUL2	0.286310875854454	0.27915877150174	0.737185200491839
INF2	-0.894210716721922	0.0960950786718602	0.621651397277103
PDS5A	0.436097158399321	0.167870595588411	0.669168751984375
TSR1	-0.277510317570044	0.534728660109442	0.852974161379905
SMU1	0.267538434687292	0.369788251556576	0.788183474194861
LRRFIP1	-0.946201409221032	0.105696317888522	0.623073070668822
EDRF1	-0.0146647334034142	0.954442464665128	0.990677322449378
MAP7D1	-0.496457399650581	0.202928514956114	0.68167630322795
LSM12	-0.763733133059134	0.0543956971494599	0.576976471888164
PARP14	-0.471203919428429	0.631787518184619	0.894406475409206
TBC1D10B	-0.0416740643311115	0.920967964682972	0.980895829983806
FAM98B	-0.605018934678256	0.086241272810325	0.621651397277103
PDCD4	-0.856054888111537	0.177765932644457	0.672449372685789
SETMAR	0.467791781551007	0.271865150141326	0.734807154034463
ACTBL2	-4.39954939085519	0.0638584366994439	0.587507337652504
DNAJC21	0.023209824404578	0.951979834633346	0.990443666335703
PPP6R3	-2.15369697835168	0.180868350331566	0.672617620445106
DDX60L	3.36381626451516	7.08543273283404e-05	0.0300028712720339
PRRC2B	-0.247607202361305	0.693370182008677	0.917164176143935
RRP12	-0.28310916227327	0.402083496278122	0.797203126070981
PCID2	-0.131306983235888	0.617348939066129	0.888830110093538
SPECC1	-0.157499821458195	0.508361644953243	0.840505956146121
SAMD4B	-0.546717580329137	0.547318027254152	0.861559448233273
NUP188	0.406281946708432	0.168383257046177	0.669168751984375
HP1BP3	0.314020069738724	0.315780921488478	0.760082391649644
CEP170	-1.46135229384205	0.05447571049272	0.576976471888164
CHCHD2	-1.09736927552628	0.00381251265651289	0.242158095566177
ARHGAP21	0.00052609755636368	0.998152375589907	0.999641772596098
EEIG2	0.407755969874636	0.580215839825211	0.868889271329426
RBM26	0.04387611640405	0.866504750928085	0.968191918969281
INTS11	0.0755541695622135	0.783607532221572	0.936967369759609
VPS53	-0.831756590342327	0.208746692548265	0.689188715435406
CDC42BPA	0.212938502999233	0.608144765163982	0.884595305358753
RPRD2	0.200418338155636	0.354612423863121	0.777129354423435
ANGEL2	-0.392414370782511	0.405872337484661	0.79881856560221
RNF20	-0.342406210594017	0.165647832242182	0.666392328723157
ECPAS	-0.691800596034355	0.251085536832627	0.718824284036976
TUT7	-0.0128119722906384	0.984439192751235	0.996091508696668
RNF213	-0.448763463263415	0.493009162384216	0.83504796348722
KANK2	0.0248173979283806	0.959978487247593	0.99137851306409
FAM91A1	0.416685368504218	0.530129811097627	0.852098148499812
ARL6IP4	-0.0627497121175651	0.878534009426858	0.972457400847355
INTS3	0.411523975804855	0.407107921494567	0.798912610100821
ARHGAP17	-2.49774082082715	0.00971978672589481	0.385855283462345
CWF19L1	0.83066598785004	0.0284814584499428	0.542252944649659
ATL3	0.164361152010194	0.714219729299513	0.922435179739649
RALGAPA1	1.81050427912283	0.0694908237974297	0.597610499979832
TWF2	-0.940271060206328	0.147935746686797	0.658526823577364
PPP4R3A	-0.455262884465924	0.241131971840408	0.711815603937873
RAB12	0.0398251574337252	0.897302185537394	0.973990248776355
SDE2	0.0864222631720679	0.732851671306934	0.926005094359418
KRT80	0.487407057480095	0.0990397682153898	0.621651397277103
PDE12	0.111255874741424	0.695636643563399	0.917164176143935
ALKBH2	-0.686069878094539	0.169070790905135	0.669168751984375
HIBCH	-0.371206147920496	0.556820092038824	0.863320329845387
JMJD6	-0.0915590197152234	0.819618687913555	0.951070856455678
CAVIN1	-0.180690760568403	0.520715911782226	0.846607653499173
ZCCHC8	-0.234259797970697	0.334181701603284	0.764397549663814
DHX57	0.183443333208011	0.786104299192426	0.93825351839096
CDC73	-0.045122558545529	0.879186332675475	0.972457400847355
PMF1	0.429902024817849	0.100482094128233	0.621651397277103
CC2D1A	-0.477200606045905	0.344654558434167	0.771555143880074
TATDN1	0.0904165293202155	0.769227770612378	0.933607335606297
MED27	0.377064683082576	0.212966515729285	0.692539261517807
EDC4	-0.210603462732195	0.561465277573955	0.863983140617928
PRPF8	0.304728378476018	0.24554161298583	0.71722967096949
SCYL2	-0.638250592091367	0.332698264097551	0.764397549663814
SKIC3	-1.19752895685411	0.120200510300744	0.641343710734243
LARP1	-0.313420105327406	0.457706826619412	0.825558908925589
RICTOR	-0.0117614152621286	0.989961493102946	0.997300810368275
WDR74	0.305679936146468	0.270966674752204	0.734237631158695
FAM111B	-0.712516584866524	0.0964633342471891	0.621651397277103
NHS	-0.418717779544863	0.150072263467095	0.661336425228313
FIP1L1	0.300656573510878	0.252158496577323	0.718824284036976
CWC27	0.0816061494894562	0.755181957745473	0.931860208689478
WDR82	0.354042086919684	0.123848611126468	0.649887333297212
RANBP10	-0.0227574071449546	0.97272396163581	0.993119523732739
MPRIP	0.223154472539935	0.313986717229699	0.759671040999247
GIGYF2	0.291418658747297	0.500976548157625	0.837010795716225
HSDL2	-0.194488380556855	0.400606415413706	0.797203126070981
PAXIP1	-0.193613201930731	0.736770933047679	0.927248967010819
LARP4	-0.61418489367508	0.138217014804286	0.652604885263541
RPS27L	-0.0255411279911044	0.928083214009298	0.982292759165303
SUPT6H	-0.188523853799914	0.781814177001998	0.936749784047282
SND1	-0.193383190721129	0.712627573486155	0.922435179739649
MARK2	-0.0825629737670361	0.723080915152065	0.92409837949179
DDX46	0.0818302395647024	0.713496711327276	0.922435179739649
BZW1	-0.757612203068639	0.236804719114611	0.7061524135726
DHX30	0.984037815035627	0.124051491783731	0.649887333297212
EIF3M	-0.943680530072772	0.136754299614738	0.652604885263541
MEPCE	-0.325925430662505	0.17812553770842	0.672449372685789
CYFIP1	-0.48539263256778	0.108016817113694	0.623073070668822
COPS6	-0.471517812235732	0.106089548821755	0.623073070668822
MAEA	1.01184431021539	0.281096124173375	0.738241532875372
TAOK1	-0.452719094596212	0.196254672816757	0.681318440128622
KDM3B	0.422936566289621	0.108483552557486	0.623073070668822
ZC3HAV1	-0.254716311007009	0.330522730067907	0.764397549663814
NUP54	-0.032617168223176	0.882358760382145	0.972457400847355
NUFIP2	-0.867807598103894	0.190643422533937	0.679458739828158
CLASP1	-0.473225416995749	0.275181971584589	0.735153775094254
DHX29	-0.00944226335170839	0.978778603832483	0.994169845204049
HEATR3	-0.185169267650497	0.66210630547391	0.904403989305043
HDGFL2	-0.42370712268119	0.128195323577417	0.649887333297212
DCXR	-0.607474131318952	0.0177002297920274	0.49599688042218
BRAP	-1.48200532180015	0.201414951769766	0.68167630322795
HUWE1	0.438100310881566	0.696529365939603	0.917233384103602
YTHDF3	-0.434732076069309	0.189208255503775	0.679458739828158
PHLDB2	0.19055086643807	0.457338575558537	0.825558908925589
TEDC1	0.795137183506782	0.545656857645286	0.861005895289143
PATL1	-0.0204465200656898	0.962978558996777	0.99137851306409
PEG10	-0.748683594255162	0.0657432306239154	0.587700139302671
SETD3	-1.56010408512134	0.0170656796069369	0.490224583837101
NOP9	0.019901683784795	0.929804236540838	0.982672047796565
PABPN1	0.441026880737496	0.138080227843395	0.652604885263541
METTL3	-0.287105035297436	0.653756604581314	0.901190504072286
LDB1	-0.157652983411793	0.580757708297915	0.869311714973824
MTDH	-0.739304952384956	0.0694161539922293	0.597610499979832
RIMS1	-0.00260038938741758	0.994494027405598	0.998634525771245
USP48	-0.0809514703159948	0.845711154941464	0.957148170196534
NAA40	-0.135848551125527	0.573980467025999	0.867572208311915
LUZP1	-0.300419080495104	0.274604829694321	0.735153775094254
ALYREF	0.511537051208578	0.120493859062114	0.641343710734243
CAND1	-1.11639010165084	0.19440731314985	0.679872010488863
HOOK3	-0.450809185279233	0.293309056704183	0.744653182894866
THOC6	0.511469208434008	0.205433201095053	0.686759587169515
METTL16	-0.515742821594657	0.30007137471847	0.747016020590278
PPFIBP1	-0.765100203395104	0.175372470659061	0.672449372685789
ZC3HC1	0.426606419008827	0.551437082389155	0.861634571949598
DDX42	0.0659153929289857	0.758034191649249	0.932202647443239
SPATS2	-1.1190475855243	0.00404327465153276	0.246790073859018
CACUL1	0.680555294662661	0.107421803710368	0.623073070668822
PTRH1	0.154648075376464	0.576328337540378	0.867572208311915
IRF2BP1	0.228113134646499	0.754901837835549	0.931860208689478
ERC1	0.145800464553961	0.778347204443154	0.936283560294792
PLD3	-0.517360934594521	0.143163666315597	0.652604885263541
ERI1	-0.444478788366691	0.129829760417395	0.649887333297212
AHNAK2	-0.326427624850044	0.238226206434639	0.709281306814382
MAP7D3	-0.126516660836316	0.594185321560544	0.876925607059143
CHERP	-0.0418233757865103	0.890986665023103	0.972457400847355
ANKHD1	-0.595599087910369	0.0508181000926809	0.573576614639264
NELFCD	0.266035960638874	0.382996938805507	0.796771950681588
GPALPP1	0.0897799707535576	0.764161650882041	0.933403862663929
DDX60	-0.4102216844014	0.481644723875611	0.834147794372914
TRMT2A	0.135426715377669	0.710905835349274	0.922435179739649
XRN1	-0.246834855179301	0.481538061121209	0.834147794372914
PELP1	0.302225608261899	0.332917719271984	0.764397549663814
ABI1	-0.479975539211694	0.116559714613112	0.641187680833303
TTC5	-0.805545049457397	0.213549694433084	0.692766762708308
RPTOR	-0.86634280583953	0.426493888721958	0.809810237877134
CCAR2	0.568430807272374	0.060680774158985	0.576976471888164
NUP93	0.140890904046262	0.572950578251844	0.867572208311915
CMTR1	-0.146524998625821	0.584808692545915	0.87229194805968
LRRC47	-0.991620719585129	0.0398496447484963	0.558157119462616
ASCC3	-0.294921288444399	0.637740202778445	0.895137594316058
PALS1	0.249082501363119	0.332405953306156	0.764397549663814
FNBP4	0.58464605426601	0.0951306311625061	0.621651397277103
CARNMT1	-1.30865135403926	0.00751667954352377	0.353655132597149
RPP25L	0.220590574596397	0.417618554201238	0.803995005712165
RFLNB	-0.386272125737996	0.22829647685956	0.701899280512851
ARFGAP2	0.386934997623939	0.358834957789565	0.778326706964162
C1orf52	0.0671631632053646	0.882397459972011	0.972457400847355
METTL13	-1.04625521954213	0.245864685930732	0.71722967096949
PAF1	-0.00722461306662225	0.975008933531647	0.993303896742763
CGAS	0.0959564695192299	0.774766010563293	0.936283560294792
ENAH	-1.1232756200048	0.24880996437661	0.717800737501334
ASCC1	0.264215091317045	0.56988923827465	0.867572208311915
EIF1AD	-0.453898197483383	0.723589005173394	0.924139195078597
AFG2A	-1.71036722558773	0.00223977157920844	0.181612116773689
FANCB	-0.890499515927875	0.0511407894945832	0.573576614639264
TXNDC5	-0.750902845004561	0.263380101533578	0.725246796925191
SERBP1	0.245424076516588	0.575978153730467	0.867572208311915
FAM98A	-0.0714164620745663	0.777309146555903	0.936283560294792
TENT4B	-0.510358988146898	0.20005809055763	0.681341718601544
ABCF1	-0.57139798106909	0.227000319110342	0.701899280512851
SHCBP1	0.445599248410669	0.0927435670707977	0.621651397277103
NAV1	-0.246177584126265	0.588772211833641	0.875028216020041
LPCAT1	-0.559964888275697	0.171385294828078	0.670936313295416
NUP43	0.3248346370547	0.180639491642152	0.672617620445106
NUP37	-0.049862103514986	0.871969388075686	0.971489590829341
CMAS	0.284279290098851	0.397582885614445	0.797203126070981
KNL1	-1.18582650657812	0.385480286016686	0.797203126070981
MOSPD2	0.135552097887764	0.642100711265428	0.897144481479947
RASSF8	0.0734752790984246	0.765619793001666	0.933607335606297
NEDD1	-0.552706174606001	0.456300335880672	0.825558908925589
CDC26	0.402349366248163	0.379540136382733	0.796771950681588
PATJ	1.14029911857341	0.0528301304708271	0.576003344718154
WDR36	0.417680461661369	0.20053416476862	0.68167630322795
WDR48	0.499134988808329	0.31603026873202	0.760082391649644
NPLOC4	0.000562943703826591	0.999117163951335	0.999641772596098
SHKBP1	-0.209382815001504	0.772256594212821	0.935866729741914
ZCRB1	0.269372688095409	0.36706234784218	0.785002585649017
TMEM167A	0.170358652742021	0.709733207628876	0.922435179739649
PIP4K2C	-0.681858763563532	0.242237726331712	0.713973685266942
BICD2	-0.349470765449801	0.14167264960863	0.652604885263541
BRIX1	0.500064714370499	0.117311175384009	0.641187680833303
DTD1	-0.555927748458117	0.119736255488922	0.641343710734243
UTP15	0.419453455086078	0.649070960843397	0.900476677020089
GEMIN5	-0.680645660743703	0.149830674605609	0.661336425228313
PARD3	0.0336696653772108	0.929385953981487	0.982672047796565
SCARB1	-1.07270323477015	0.031584732951105	0.549632042359184
ZC3H15	-0.481678718086798	0.244068414722417	0.717150908640811
GTF3C2	0.147022467291521	0.696817907198845	0.917296388371261
CCDC12	1.23682530002612	0.272919069134795	0.735153775094254
NUP133	-0.00489791370188897	0.981424442571635	0.995087682450531
CHTF18	-0.339392749891701	0.399221049102077	0.797203126070981
SNRNP27	0.317112062216552	0.305295315527964	0.7505666881916
SCFD1	-0.0349091815749603	0.883303117053785	0.972457400847355
PCNP	-0.66963796426375	0.283931181707582	0.740113373337119
LMO7	0.153442835261586	0.591472571902591	0.875747124027379
ATXN2L	-0.567562270762267	0.0355416414155751	0.558157119462616
PRPF31	0.11615054932501	0.604988572459765	0.884053469955584
NELFB	-0.196379638792646	0.487885243241933	0.834147794372914
PALLD	-1.61612976013417	0.0962655798468064	0.621651397277103
GEMIN6	-2.18574603352913	0.0292115591106624	0.542252944649659
MYO3B	0.393919849641581	0.382765472253535	0.796771950681588
DNAJC9	-0.0986959368864362	0.796630269782495	0.942219958733946
CTNNBL1	-0.0440025912065174	0.892919230372616	0.972457400847355
LZIC	1.82945629243181	0.00193507660685255	0.181612116773689
DDX1	0.0732070317961231	0.726783609361341	0.924139195078597
AP3S1	0.490855599161886	0.132420681840062	0.652604885263541
HSPH1	-0.328888416829361	0.43599119723833	0.816206240069581
CNOT9	-0.322321276578627	0.369776067651379	0.788183474194861
MYO18A	-0.455742886419046	0.0943336026938381	0.621651397277103
LARP4B	-0.608626723968708	0.0420737888064935	0.566785703355903
GCN1	-0.944290741119659	0.224440136777341	0.701899280512851
DHX38	-0.171974250119668	0.529564189420205	0.852098148499812
NUP205	0.253588425052325	0.33364474313966	0.764397549663814
ANP32B	-0.315045890962576	0.714276099556994	0.922435179739649
PRCC	-0.32587375456642	0.334846590766269	0.764397549663814
HDAC2	0.418497246707986	0.382518399562559	0.796771950681588
DDX17	-0.109419196655796	0.843913781565664	0.957148170196534
RAD50	-0.11172273179702	0.697579643732966	0.917623069798402
ERCC4	0.181755092510219	0.740413975611724	0.927265050220499
UFD1	-0.194045661047117	0.470570344112245	0.828916339768491
UPF1	0.280237384179923	0.585985835303658	0.873364105726336
COPS5	-0.568127897024944	0.0979146972344314	0.621651397277103
GPKOW	0.222959468322809	0.376500904963417	0.795977353226695
SMARCC1	0.200715863161445	0.449293258372882	0.822711887503837
KHSRP	-0.0218777272310007	0.951395026344032	0.990443666335703
TNPO1	-0.172933659263734	0.790835693015589	0.940332744845854
ARHGEF2	-0.252275861805266	0.42378410830263	0.80914728588216
EMG1	0.164114067737739	0.529318013269105	0.852098148499812
CLP1	-0.187221470372549	0.574856286400926	0.867572208311915
USP7	0.0906185487530813	0.711557342832148	0.922435179739649
LSM10	0.0888550781742055	0.820791260270281	0.951348994187969
ZNF622	-0.699859950519297	0.0342307592783631	0.555810264670567
EXOC4	-0.653212113720379	0.107368551144478	0.623073070668822
MAGOHB	0.20004361747457	0.641075792520266	0.897144481479947
FERMT2	-0.580556282405187	0.483888969405543	0.834147794372914
FUBP1	-0.141073456164829	0.727904083300992	0.924538614468707
VPS33A	-0.709466863152226	0.194280908214498	0.679872010488863
PPWD1	0.0163561593373558	0.94264479644756	0.987876038750637
CUSTOS	0.154685737682296	0.467092471873389	0.827948562934645
GRAMD1A	-1.89460852866549	0.00110761933471522	0.154454933079237
CCDC124	-0.510270792743327	0.225196355857144	0.701899280512851
AP2M1	0.0688132077263326	0.808326473870696	0.947191881137669
TUBGCP3	-0.651161654381692	0.33875912354586	0.766175806936481
NMD3	-0.257441860841283	0.398492693716919	0.797203126070981
REPS1	-0.0855652670916491	0.898532118018027	0.973990248776355
MSI2	-0.0142424382198669	0.943031495401421	0.987876038750637
SNRNP40	-0.140940381446352	0.642626405705598	0.897144481479947
RMC1	-0.377804907856913	0.391513807071875	0.797203126070981
SEH1L	0.272963900482964	0.280883965147468	0.738241532875372
KIFBP	1.20519441109326	0.0957578204804946	0.621651397277103
GNPNAT1	-0.608453291130203	0.55978169309986	0.863983140617928
FAM120B	-0.372538007189082	0.403928649852564	0.797602116366902
DAZAP1	0.0252180104375377	0.902119955985375	0.974483886695086
CYFIP2	-0.911798388471354	0.188461848671542	0.679458739828158
CCDC97	-0.159175032254261	0.519698957686442	0.846034812128365
EDC3	-0.383798849734966	0.498758905208631	0.836238533985962
SIPA1	1.02946956560617	0.1369564726467	0.652604885263541
TRMT61A	0.0889704213293747	0.777861455119143	0.936283560294792
CHMP6	0.0332874405903851	0.964062331492209	0.99137851306409
LTV1	0.115754747060745	0.843534122657444	0.957148170196534
TOE1	-0.428029192321304	0.0839572804586769	0.621283875394209
PDLIM5	-0.458250141866177	0.484377179295742	0.834147794372914
NAF1	0.339971020887603	0.492921128270057	0.83504796348722
LRCH3	-1.62302643468774	0.0393520618994179	0.558157119462616
PAWR	-0.615575332074791	0.209130751628576	0.689188715435406
ITCH	0.247854891981213	0.766288863780638	0.933607335606297
ELMO2	-0.151387538915237	0.780861890782845	0.936749784047282
ZFP91	0.125643580804997	0.850637386671534	0.959958270833644
SCYL1	-1.1682770398302	0.0880017395868838	0.621651397277103
EXOC2	-0.0530188819908126	0.936853222260255	0.98580136224959
ZFR	-0.0377053038201751	0.881829973126239	0.972457400847355
DNAAF10	-0.502178614524759	0.0707849435894614	0.597610499979832
DOCK7	-0.036213951677432	0.934640616477898	0.985042972731546
NSUN5	0.142542349077267	0.626078080644691	0.892957921159027
RPRD1A	0.00566090380586459	0.982936405248943	0.99590320293841
RBM14	-0.0386000501270338	0.914476534571164	0.978128002596325
SMG1	-0.903854102333966	0.100376131130123	0.621651397277103
VPS35	-1.61787474847762	0.0811430639699464	0.621283875394209
SPAG5	-1.6428534234139	0.229949965502751	0.703322085498383
NACC1	-0.588873132168413	0.227760962435325	0.701899280512851
TGS1	-0.272896951177309	0.569877064224506	0.867572208311915
ERBIN	1.00105618280539	0.142768940289737	0.652604885263541
WRNIP1	-0.548047989087806	0.165942356325971	0.666392328723157
RANBP9	0.362090220173517	0.236219516594738	0.705728059934458
SRPK1	-0.09549898104774	0.708437381309093	0.92185738177641
CDK5RAP2	-0.551598420438278	0.370824709848173	0.788183474194861
IWS1	-0.143470559386333	0.731881591069723	0.925414977958432
OSBPL9	-0.843998760366368	0.245397856892784	0.71722967096949
SPEN	0.261480690149359	0.384441337985953	0.797203126070981
NIBAN2	-0.578285947708295	0.514905670536889	0.842686218574185
TCF12	-0.439645573275527	0.272960725531088	0.735153775094254
PSMB7	-0.412192227771662	0.242665426082409	0.714681560123696
PSMD1	-0.588073422040583	0.0394258302931838	0.558157119462616
GAS2L1	-1.67339798690332	0.00306752887967483	0.212551864735287
EYA3	-2.34297890694337	0.0151950403207499	0.454624289434486
DNAJC2	-0.825398849139287	0.0812844726158647	0.621283875394209
NUP88	0.00499835955349326	0.980869919222946	0.995087682450531
PIK3R4	-0.169386914301377	0.650582134195679	0.901190504072286
POP1	0.333653831920262	0.216893432215566	0.695189966504224
DNAJC7	-0.465351030321795	0.401613902890949	0.797203126070981
COPS8	-0.405147390023153	0.279528751960091	0.737185200491839
CHP1	-0.0110081948424359	0.969782473862346	0.991905799218841
KIF2C	-0.362074359377054	0.287116848110667	0.74287451103787
HNRNPAB	0.13419347348594	0.584511917325506	0.87229194805968
NAP1L4	-0.303628412174245	0.729731616361683	0.925312348799639
OLFM1	0.174191336240064	0.544731102527195	0.86032748932082
TSG101	-0.277893487141746	0.666751057279262	0.905789513165222
CCT7	-0.615274632655808	0.272610066977658	0.735153775094254
PRMT1	-1.51295704947222	0.212741284551275	0.692539261517807
BAG1	-1.0874004283589	0.00252918699351659	0.192774632645834
AKAP9	-0.266519975224988	0.633813693598318	0.895040494363577
NCAPG	-0.522104159782824	0.211223782982608	0.6919288593806
ARPC5L	-0.452743843515997	0.1569666837747	0.661336425228313
RBM4B	1.0790723008333	0.230523389916472	0.703661370723017
ELAC2	0.523751778398484	0.136662425704904	0.652604885263541
TRIR	-0.252941457839771	0.415853973155795	0.803660999846215
GRWD1	-0.100909776631891	0.658732367503226	0.903926425867675
MACROD1	0.0802372956317221	0.792434822626541	0.940507352547414
CMSS1	0.244167185256906	0.326052080975785	0.764397549663814
WDR77	-0.950608806884439	0.247432464604721	0.71722967096949
MYBBP1A	0.56183782430287	0.0258374986105707	0.542252944649659
CORO1B	-1.31930198086143	0.00904062986356691	0.380117068668535
CHLSN	-0.0161773617060348	0.947393956605948	0.989732394908991
PDCD2L	-0.667369205354127	0.548473769525415	0.861559448233273
PYM1	1.40545144906418	0.0020680617798525	0.181612116773689
AIFM2	0.748601373349025	0.0297650490093766	0.542252944649659
RIOK1	-0.523350819167412	0.319307224440643	0.760333456706144
PELO	-0.518179438723887	0.167130258440452	0.66834566098275
GINS3	0.861593958584159	0.0269994679775564	0.542252944649659
NTPCR	0.105444150387605	0.699164859548358	0.917698610642688
TUBGCP2	-0.686398176401759	0.323541117219632	0.764397549663814
ESYT1	-0.158185218845176	0.65383243250496	0.901190504072286
TSEN34	-1.51290359222675	0.00664242122395979	0.324541888262958
CNPY3	-0.338458083181653	0.739799354052318	0.927265050220499
COPS4	-0.498454605026048	0.239437325880821	0.710666393249072
RBM42	0.0523361660146691	0.836765218689281	0.957148170196534
DCUN1D5	-0.619341812454454	0.470683536934929	0.828916339768491
PAGR1	0.486887240529086	0.396829209327267	0.797203126070981
ANP32E	-0.606352893074437	0.449026881088482	0.822711887503837
MED18	0.443935526736297	0.403517404930706	0.797203126070981
POLR3C	-0.0287706770448786	0.89309916110358	0.972457400847355
HNRNPUL1	-0.419915044248107	0.15261422233687	0.661336425228313
PDCD10	0.531566629998014	0.59176893153436	0.875747124027379
RPP25	0.69709557456445	0.031204322025892	0.549632042359184
EFHD1	-0.799373813311821	0.345540830088893	0.771555143880074
DDX23	-0.0287124463338273	0.921336685348596	0.980895829983806
WRAP53	-0.092783558715805	0.716494917869352	0.923124547433856
WDR18	0.107016350628548	0.740879556627327	0.927265050220499
NTMT1	-0.61879812914529	0.402860263418721	0.797203126070981
DSCC1	-0.0197086748489959	0.956883553906104	0.990677322449378
KIFC3	0.0306854469025382	0.913462825704283	0.977867086730062
TMED9	-0.288361993643189	0.413900037630716	0.801918171535668
GNL3	-0.0302990320794585	0.92070841742431	0.980895829983806
AFG2B	-0.61931542986607	0.151509129689335	0.661336425228313
NUP85	-0.0635090783477956	0.772219231474195	0.935866729741914
TARS2	-0.0344270652154037	0.891417376422936	0.972457400847355
RBM4	-0.561057947072655	0.0690212368608819	0.597610499979832
SSBP4	-1.9650029924021	0.0416600362631862	0.566785703355903
SLC4A1AP	0.0702004617872412	0.809249026549453	0.947508032031122
SSBP3	0.43467870595342	0.28414386595779	0.740113373337119
OSBPL10	-0.14818291254079	0.824025228716802	0.953334896359508
NAA15	-1.83456900961018	0.0504648592358761	0.573576614639264
SRRT	0.00919918860748936	0.971409998872557	0.993119523732739
AP1M1	0.246278655836328	0.563680284697992	0.864809003616767
NUSAP1	0.236089284734813	0.548998568452953	0.861559448233273
FANCD2	0.136003327472714	0.732853895692981	0.926005094359418
RTF2	-0.517273854141301	0.343504812711269	0.7711036249217
EIF2A	-0.573643360797298	0.194110300245898	0.679872010488863
NIFK	0.220823441628745	0.322345041597746	0.764397549663814
YTHDF1	0.00480573915667293	0.984376162421574	0.996091508696668
NUF2	-0.0479083409401468	0.845042397959241	0.957148170196534
GTPBP4	0.101695890575161	0.717262391127023	0.923124547433856
WDR11	-0.268590070619471	0.602867694701984	0.88228837012217
TBL1XR1	-0.426628462928992	0.126370539246628	0.649887333297212
API5	0.0236269470293813	0.921003862109032	0.980895829983806
DPY30	-0.280385743904937	0.765194225009249	0.933499142519634
TNKS1BP1	-0.285060732604933	0.329293912094559	0.764397549663814
TANC1	0.14072961378286	0.634349088238263	0.895040494363577
WDR12	0.0306630616545398	0.886639192681894	0.972457400847355
ACTR6	0.589368485956733	0.198391675764544	0.681341718601544
IMUP	-0.22792397489507	0.462352753539743	0.825940122812177
DDX24	-0.271798518209017	0.225704600000935	0.701899280512851
SKIC8	-0.55748364136134	0.045613003949704	0.569177429727642
EGLN1	-0.486605375225885	0.222219647269327	0.701899280512851
PAIP1	0.0131987447822546	0.973930479833812	0.993303896742763
KLC2	0.901078505267712	0.107879763080524	0.623073070668822
XRN2	0.398213322087198	0.25388174831559	0.719717008847187
CSTF2T	0.0687874500194319	0.890853229947012	0.972457400847355
NT5C3A	0.124090677143222	0.741259542025469	0.927265050220499
DDX47	0.0967991329789335	0.753078913680267	0.931812902608928
RAB1B	0.226197481338033	0.826971646846455	0.954737638937243
TSPYL1	0.207891109209598	0.768059607480673	0.933607335606297
SMG9	-0.68760795843297	0.284599328257726	0.740227243715466
ANAPC1	-0.0523340687715361	0.901939615870024	0.974483886695086
POLR3F	-0.112577216509269	0.666567355005199	0.905789513165222
ASCC2	-1.4640811247986	0.0388735044454151	0.558157119462616
EHD4	-0.891022126077743	0.187337035529575	0.679297281068706
PPIL3	0.0945301024502534	0.775931888134464	0.936283560294792
DHX36	0.475922107759661	0.0745918014135499	0.606018577927897
PPA2	0.456217771370966	0.393680298891978	0.797203126070981
EPB41L4B	1.00847005612632	0.0288273293870379	0.542252944649659
TXNIP	0.636807516122268	0.144203185535858	0.652604885263541
NELFA	0.224454878575571	0.358045474679319	0.778264824399312
CENPH	0.213945669672615	0.646325271913489	0.899453701783143
UNC45A	-0.756377034910436	0.307904632066458	0.751778322271303
DSN1	0.13185346495446	0.840968480641133	0.957148170196534
CHMP4B	-0.501109945497497	0.451064370834549	0.822711887503837
GOLPH3	0.16917673678315	0.511926625490432	0.842597853055587
EPB41L1	1.73925306695448	0.00462923294734687	0.259441275916749
FAM83D	0.0822244521573694	0.840886522084875	0.957148170196534
SMARCAD1	-1.08770958487348	0.0427839726274821	0.568117490185834
HEATR1	0.00318003715541337	0.995746724827453	0.998799042402162
STEEP1	-0.00286455631075455	0.99257761509501	0.998077385521658
TUT1	-0.531666570032002	0.144696226699305	0.652604885263541
REEP4	0.334329756313149	0.322834810503039	0.764397549663814
YTHDC2	-0.30013100255854	0.533352492775286	0.852961120422415
RPAP3	-0.284107002248525	0.358244752323923	0.778264824399312
WDR55	-0.453011229465368	0.252908988933211	0.718824284036976
DCTPP1	-1.25155486142399	0.047190705816914	0.569177429727642
RPF2	0.40139841290226	0.199165982097068	0.681341718601544
DOCK5	-0.382094773654167	0.697152340618332	0.917419741055409
WDR26	-0.11431768630041	0.683411961308269	0.913212827680861
C8orf33	-0.310702543140707	0.536340472309308	0.854155261166223
PHAX	-0.111850348131462	0.745013306663506	0.927517580482977
TUBA4B	-0.704653714817827	0.281628290090641	0.738241532875372
RMND5A	-1.9543934502377	0.00875160520432089	0.380117068668535
ANKZF1	-0.104606705832254	0.812710291413343	0.949181408954581
ACTR8	0.147022591237942	0.722799291123374	0.92409837949179
CNOT10	-0.517004553791374	0.285823623040561	0.742517946426434
ACTR5	0.454336208499978	0.148755420293548	0.65996147466672
COPS7B	-1.08527998737672	0.402792378422821	0.797203126070981
ELP3	-0.675448075025102	0.317122381278941	0.760082391649644
POLR1B	0.321526305943518	0.469002389883323	0.828731241630737
C17orf75	-1.0621259228422	0.0377046155322304	0.558157119462616
PLEKHA5	0.386708433972871	0.541548994847923	0.857077748905911
UPF2	-1.03884313012033	0.0998056263048226	0.621651397277103
CLSPN	-0.0065313702129437	0.98815922368769	0.996526806423336
CACYBP	-1.01117985807142	0.0474936821446839	0.569177429727642
PARVB	-0.447130624852203	0.534906578605459	0.852974161379905
SPC25	-2.83492150721572	1.00153350458868e-06	0.00190842209299373
MOV10	-0.317468420453974	0.432150602706823	0.814094397511909
RAVER2	-0.99523580380832	0.150842292079625	0.661336425228313
XAB2	-0.0581792229094056	0.823300530774319	0.953097910929808
WDR6	0.0928940406547696	0.795696015849563	0.942030915316149
RAB18	-0.550140278652091	0.28216155226747	0.739049948928749
VTA1	-1.31666182995611	0.0273107388219748	0.542252944649659
ENY2	0.747540663797647	0.0682698014315181	0.59602273213048
EXOSC4	0.214537668676329	0.427887204984105	0.809810237877134
NOP10	0.857601622849288	0.0297536888532844	0.542252944649659
DCP1A	0.554481486847422	0.135231575186778	0.652604885263541
ACOT13	-0.353367199625161	0.250952388817626	0.718824284036976
MED4	0.493534506242739	0.277929668028222	0.736543029853532
LUC7L	-0.187124823989606	0.618665354092541	0.889225987602055
JADE2	1.13232592157288	0.058217811333882	0.576976471888164
RTN4	-0.717034564549728	0.307534685578625	0.751778322271303
RPRD1B	-0.361295794377217	0.164560461883191	0.666251542662775
EXOSC5	0.552357662954403	0.0751837119578838	0.606018577927897
EXOSC3	-0.402606580785648	0.130713634676597	0.649887333297212
ANLN	-0.841171297509508	0.111591104187961	0.631059502982012
PDLIM7	-0.0655345314292859	0.854322427802822	0.961616830596933
DDX21	0.0599294005432434	0.822630776753874	0.952887981292186
SPHK2	0.21378433504173	0.484583646163568	0.834147794372914
POLE3	0.169585716534904	0.574845477165336	0.867572208311915
CHRAC1	-0.347160692626456	0.15655182510419	0.661336425228313
UBQLN4	0.238500354607048	0.350021461738747	0.77329379170224
VPS45	-0.610130763448034	0.156071317530688	0.661336425228313
PNO1	-0.00206902766793249	0.993968229371306	0.998634525771245
LANCL2	-0.917531521648037	0.100079849238637	0.621651397277103
HOMER3	0.624327279172086	0.256839446872783	0.719717008847187
FARSB	-0.714701221620572	0.0861347873045935	0.621651397277103
SLX9	0.866827307844254	0.037575589664082	0.558157119462616
DIAPH3	0.554821162242657	0.743231147172855	0.927265050220499
SMC4	1.67299082061094	0.160332373214515	0.661593370834279
CUTC	0.333029287401672	0.243747773106828	0.716761391442994
STAU2	0.0880010655138008	0.73825263396276	0.927265050220499
TXLNG	0.619090339280511	0.325902098660271	0.764397549663814
SPATS2L	-0.0664473620496295	0.829112515361588	0.955167725500973
ABCF3	-0.814797280769362	0.0291228175943503	0.542252944649659
DDX19A	-0.5494004380486	0.357092959114823	0.778091061856254
TDP1	-0.297114745673085	0.539301754632092	0.855797571070451
DCAF13	-0.276888474952791	0.524111020223867	0.849951956626875
EXOC1	-0.707201978651209	0.436717958465463	0.816206240069581
INTS9	0.671369220734622	0.195730567856882	0.681213875892766
SEPTIN11	-0.67005322932653	0.334827745096623	0.764397549663814
PARVA	-1.35261910722327	0.0181610691897593	0.501535033928787
INTS7	0.291620350526767	0.329669225459702	0.764397549663814
FANCI	-0.0569831081593435	0.86730964831728	0.968733021611124
DNAJC17	2.81174413092856	0.0536947351512814	0.576976471888164
INTS13	-0.0753228925108438	0.763142083726263	0.933084518667015
GNL3L	-0.0690615700553359	0.79896214854056	0.942384632648738
ARMC1	-0.596049504291997	0.0297098910619094	0.542252944649659
SDAD1	0.264886279441534	0.35412723248658	0.776512590912748
NLE1	0.192910854888307	0.403225756479677	0.797203126070981
POLR3B	-0.368712703934406	0.234455625822683	0.703661370723017
RBM28	0.187765512241079	0.556048789458711	0.863320329845387
RBM22	0.275852579008223	0.712469240920862	0.922435179739649
GPATCH2	0.067191391222849	0.850591393895041	0.959958270833644
WDR70	-0.454706572725541	0.346414281287649	0.772067679548903
PIH1D1	-1.64842046689428	0.0654540019889843	0.587700139302671
GID8	0.148035102778611	0.667566805762656	0.905789513165222
BABAM1	-0.148268254041831	0.637375841637789	0.895137594316058
HYPK	-0.308352202917451	0.590252440065559	0.875613876640656
DUS2	0.765296250253506	0.0200711627143073	0.521475439049152
MIOS	0.0392610253594938	0.925524737735095	0.981999621684012
TRMT1	-1.7889350581507	0.000188165328804451	0.0478065378715842
BABAM2	-0.0528265403422061	0.854444327047044	0.961616830596933
GAR1	0.0660418523191026	0.79813981201184	0.942384632648738
PPP4R2	-1.12714413352381	0.301205937380417	0.747016020590278
DDX56	-0.0212213821839313	0.942112801579949	0.987876038750637
TERF2IP	0.348755118734971	0.31239514270403	0.75782169881926
ABI2	-0.168369294554374	0.679669901658833	0.912371255801977
BCLAF1	0.437655348064382	0.272284809104785	0.735153775094254
UTP6	0.0454932150999277	0.871286204779476	0.971466274550785
MAP3K20	-1.44028644354275	0.172641729010133	0.671837269493146
TMOD3	0.130880275874361	0.754303047034951	0.931860208689478
NKIRAS2	0.57345068898875	0.25733920484238	0.720058523975263
RRN3	0.269645856726598	0.720887761584338	0.92409837949179
ACTR10	0.230153943462724	0.396787627741789	0.797203126070981
C9orf78	-1.84559459590803	0.00408897599591809	0.246790073859018
FAM120A	-0.004015581181676	0.987592297816753	0.996526806423336
UBP1	-0.0752791807271471	0.782926889444595	0.936967369759609
IGF2BP1	0.00182196079104102	0.99553443481628	0.998799042402162
HSPBP1	1.17708442385398	0.0271050829289294	0.542252944649659
MAT2B	-0.164420489473251	0.758167054829661	0.932202647443239
MYOF	0.275300108296314	0.555617263420087	0.863320329845387
EHD2	0.271788627933269	0.485618535249256	0.834147794372914
PALS2	0.028993531767032	0.92556878538152	0.981999621684012
CCDC59	1.05595759995451	0.0837026105681029	0.621283875394209
RAI14	-0.0374293680208986	0.904999812533589	0.975890844985252
MARK1	1.13651199640443	0.292850966888349	0.744653182894866
NHSL3	-0.220329476875754	0.575978502271576	0.867572208311915
RCC2	-1.12018575626118	0.0752156356231686	0.606018577927897
DIP2B	-0.242900815759782	0.314662122836756	0.759934949385853
SLAIN2	-1.01387306942665	0.154812737549203	0.661336425228313
BCCIP	-0.403815594955237	0.116837138945073	0.641187680833303
IBTK	2.07451180140598	0.015825795958719	0.46753572402076
RRBP1	0.0009008515920641	0.997257515662479	0.999641772596098
CPSF2	0.0356936099268772	0.928164845382907	0.982292759165303
LARS1	-0.147665851546996	0.458891780436996	0.825558908925589
KLHL13	-0.283392479277836	0.725889230566714	0.924139195078597
ATXN10	-0.450891385073689	0.208252842386996	0.689188715435406
NCDN	-1.345238716302	0.0469114958978381	0.569177429727642
EPS15L1	0.123756068403317	0.6189562578211	0.889225987602055
ORC3	0.346637549409365	0.190455912456428	0.679458739828158
UXT	-0.357170214164633	0.223975509698733	0.701899280512851
SPAST	-0.739905424966636	0.307098424560519	0.751778322271303
GULP1	-0.626351306319179	0.0539650886131226	0.576976471888164
VPS29	-1.71873534262826	0.177260660694731	0.672449372685789
EIF3K	-0.515272940954851	0.194789028056306	0.679872010488863
CTNNAL1	0.0940307533313174	0.812467762033898	0.949181408954581
NXF1	0.402956586198695	0.227229449865019	0.701899280512851
COPS7A	-0.101728273712244	0.698846133434587	0.917698610642688
DNAJB4	-0.547813126942739	0.0969196289793928	0.621651397277103
ADD3	-0.376255442660348	0.520007055894659	0.846034812128365
LRWD1	-0.054252404891443	0.811339333801453	0.948761645019128
CNOT8	-0.0623548656886435	0.924983002083047	0.981999621684012
ABCF2	-0.643859784885269	0.112692612105432	0.6360529530738
PARP2	-0.0549857103990732	0.917160487579686	0.979694617909459
ZC3H7B	-0.0986811515559403	0.720316189361018	0.92409837949179
ARMCX3	0.0802918741639864	0.717058099252079	0.923124547433856
LIMA1	0.0262060941057065	0.936912236701132	0.98580136224959
SRP68	-0.275557075909376	0.631685293122295	0.894406475409206
SEPTIN9	-0.660189043793121	0.364055714375496	0.783460298108986
DDX20	-0.893505594570932	0.01891308969977	0.51484132032731
BAIAP2L1	0.322786591744645	0.45964239129973	0.825940122812177
SAP30BP	0.469658342692149	0.1644718308061	0.666251542662775
PFDN2	-1.09452773811573	0.0367947066054164	0.558157119462616
PUF60	0.0786518059499102	0.744027840700387	0.927517580482977
EIF2B4	-2.07234819620309	0.0037947786130565	0.242158095566177
TRMT112	-0.552887300135247	0.138239538827052	0.652604885263541
CNOT7	-0.0208903471437161	0.942257055460173	0.987876038750637
RABGEF1	-0.931785811068103	0.0102005998485504	0.392856759555248
TRMT6	0.234998745054771	0.351672967595551	0.774696924570315
TSR3	-1.75140696803126	5.96600233680809e-05	0.0300028712720339
DCTN4	0.378584341619273	0.184677227362779	0.674142637432519
CDC23	0.748512135761253	0.043989709516298	0.569177429727642
ANAPC7	-0.169849814921427	0.457372283976329	0.825558908925589
ANAPC5	0.597727324955937	0.0488753471757565	0.573147712567024
ANAPC4	-0.121626947769023	0.665059107024743	0.905375405089911
ANAPC2	0.258024473436983	0.426955378293864	0.809810237877134
LSM7	1.7791228463885	0.00110664367734291	0.154454933079237
MRTO4	-0.0616448887674039	0.802420206901326	0.944198257994412
CPSF3	0.305875449066583	0.318866621946267	0.760082391649644
TLK1	-0.703617520114527	0.135238749066585	0.652604885263541
RCOR1	-0.0305130255716293	0.910065838273382	0.976974904129537
GTF3C4	0.12980481891011	0.608053647453708	0.884595305358753
PACSIN3	-0.50976444635619	0.0838434888961275	0.621283875394209
ACIN1	-0.113120266392666	0.805936266858256	0.945635194888182
AGO2	-0.324104046493154	0.245820664735037	0.71722967096949
NUP50	-0.0141826660256399	0.958327364183017	0.991316251178992
BAG5	-0.0496048834520977	0.853610888745635	0.961616830596933
RAB21	-0.230052530141496	0.391197574097935	0.797203126070981
RAB22A	0.614789066836991	0.183851460973117	0.674009755182922
MKLN1	-1.74755557682734	0.0404370108315658	0.558157119462616
MCTS1	-0.414084847473163	0.572492405420301	0.867572208311915
CNOT6	-0.287858352068668	0.636001979609067	0.895137594316058
ISY1	-0.10308455584083	0.819802614394359	0.951070856455678
CORO1C	-0.532987944670019	0.197905576171002	0.681341718601544
NOB1	-0.190739149277853	0.661005615281821	0.904177667217745
AKAP8L	0.418652000349812	0.311109269819291	0.756768130582121
MYO6	-1.1930421975891	0.0405655563784328	0.558157119462616
DDX19B	-0.960186467588343	0.163078552662961	0.664697715720369
PRPF19	-0.111592155673048	0.708477497782495	0.92185738177641
NOL7	0.0319962175814332	0.915081577552367	0.978226056676597
G3BP2	-0.121177416862	0.722785830017712	0.92409837949179
STUB1	-0.517592157065195	0.120069788007515	0.641343710734243
MAGED2	-0.391332646246248	0.259864014712288	0.722770025756537
DUSP12	-0.51957633687973	0.178839534365806	0.672449372685789
STX8	-0.0853744319423306	0.927332678514408	0.982292759165303
PSMD13	-0.348580295280257	0.335487447747891	0.764397549663814
FAF1	-0.895340859734265	0.10418783249761	0.623073070668822
PPIE	0.302741968637143	0.2374759874133	0.707600459759255
TIMELESS	0.4148480384275	0.157716628262112	0.661392457792788
COPS3	-0.403261910145574	0.209055340685135	0.689188715435406
MACF1	-1.03861071302292	0.123149452707352	0.648235586005135
CEP131	-0.257905711604842	0.382417173719637	0.796771950681588
TRIM33	-0.123656145162499	0.589550253398339	0.875324187062499
AGAP1	0.293180690805723	0.545838426402144	0.861005895289143
EXOC7	-0.337398713083573	0.335732571314292	0.764397549663814
DICER1	-0.246289584318653	0.648272578317471	0.899886133399817
SLC7A11	0.949047208681087	0.010724335955909	0.40465786463336
SHOC2	-0.31111057037845	0.59529916647855	0.876955981232993
SRRM2	-0.266056702086129	0.625718656103212	0.892779407865721
PA2G4	-0.698749165154997	0.162531425180946	0.664697715720369
BAIAP2	0.320642438565766	0.294606674418587	0.744653182894866
SMC3	-0.106343471148161	0.656899851985498	0.902487978852483
RTRAF	0.00996681271324462	0.967195839504192	0.991406264948917
RUVBL2	-0.101030107322117	0.724448334440088	0.924139195078597
PIN4	0.559010039448303	0.461336163961035	0.825940122812177
EIF3L	-0.531092681615597	0.250489492008073	0.718824284036976
RUVBL1	0.0775300115582098	0.716303557569405	0.923124547433856
FARSA	-0.741510300579936	0.202661361280617	0.68167630322795
ASF1A	-0.247757179456709	0.73124046355889	0.925414977958432
DRG1	-0.358647195785505	0.398027590517608	0.797203126070981
NCKAP1	0.00123992049408628	0.995916127296829	0.998799042402162
EXOC6B	-1.25926184160326	0.138323792799372	0.652604885263541
PALM2AKAP2	-0.0799421667497029	0.839574471576719	0.957148170196534
DIS3	-0.0104173222242707	0.963212313273932	0.99137851306409
MRPS28	0.591957562425502	0.0297685260191731	0.542252944649659
AP3M1	0.137638866929713	0.676848425662083	0.910671001923728
LEMD3	0.618297888082829	0.137694722646918	0.652604885263541
THRAP3	0.155478881052581	0.556771323156291	0.863320329845387
WBP11	0.206017650853756	0.556359792569266	0.863320329845387
NOP58	0.740006734539961	0.0502722230487454	0.573576614639264
ZNF281	-0.278263229555289	0.495766678981954	0.835263843324591
SUGT1	-0.361949132807535	0.458668976076961	0.825558908925589
AAR2	0.651339597694928	0.316624617784639	0.760082391649644
NOSIP	-0.352218741066316	0.619494882467451	0.889225987602055
LSM2	-0.158757352866804	0.552378846281722	0.861693358760836
CAB39	-2.57932568809115	0.00209766760111716	0.181612116773689
LUC7L2	-0.302408834132621	0.31124206603395	0.756768130582121
SBDS	-1.45291424183441	0.0299018064138496	0.542252944649659
EXOSC1	0.0124997739497488	0.963258349094669	0.99137851306409
SF3B6	0.356162234685012	0.389140420088388	0.797203126070981
RRP15	0.52144538413404	0.197497912093361	0.681341718601544
NOP16	-0.217161861202904	0.628846551838267	0.893895639334441
PPIL1	-0.344819812860059	0.248438926801488	0.717354576154867
GOLT1B	0.210696321543665	0.42740839978888	0.809810237877134
STRAP	-0.814158784755534	0.125442788494953	0.649887333297212
RTCB	-0.0396283996916367	0.87392069848263	0.971489590829341
RPL36	-0.127473578650473	0.738893813109712	0.927265050220499
CCDC9	0.902907957022208	0.10937703602137	0.623073070668822
PKP3	-0.00165075245324786	0.994334033274901	0.998634525771245
HBS1L	0.0815258562039034	0.892423610447057	0.972457400847355
TLN1	-0.314344973092155	0.714875466378939	0.922583949329541
MTCL1	-0.347039003904747	0.398173002993785	0.797203126070981
DCAF1	-0.348486480164585	0.347767673634281	0.772794521411222
TCAF1	0.0812720051286888	0.843841649683383	0.957148170196534
FARP1	-0.434508521391706	0.61695950282118	0.888830110093538
HYOU1	0.411459658526592	0.416332701262893	0.803770985062251
LAS1L	1.06873215756617	0.129250804476901	0.649887333297212
LSM5	0.188842162623143	0.481954092421863	0.834147794372914
LSM4	0.0419900978211238	0.926133164484805	0.98205161097707
PRRC2C	-0.151403242891941	0.652932386055449	0.901190504072286
POLR3H	0.876715760741305	0.455118381027064	0.825558908925589
ASB3	0.867788324578385	0.0561947850795062	0.576976471888164
RBM7	-0.0297801066397554	0.954276426875733	0.990677322449378
YTHDF2	-0.431262842971812	0.19237365003269	0.679458739828158
SUPT16H	-0.212414409985659	0.480180448598639	0.834147794372914
UCHL5	-0.481472985247986	0.102999381712649	0.623073070668822
CD2AP	0.443714575214699	0.651802723525545	0.901190504072286
GTF3C5	-0.122190030433703	0.699290675756066	0.917698610642688
GTF3C3	0.282253550318906	0.307838628315902	0.751778322271303
CDC42BPB	-0.317604021466082	0.848634492660134	0.958846721916365
RBM8A	0.0289387260929281	0.897938434474588	0.973990248776355
MRFAP1	0.600469251055124	0.165129240405973	0.666251542662775
PUS1	-0.0628792034657302	0.834959282081442	0.957148170196534
COPG1	-0.600615407627885	0.293704561948811	0.744653182894866
CLIC4	-0.294821932511105	0.554186325280627	0.863320329845387
CFAP20	0.191927258656868	0.594978787554305	0.876955981232993
MAD1L1	-0.0525601526060342	0.927480232939161	0.982292759165303
BZW2	-1.2608326741226	0.0583439733205251	0.576976471888164
DYNC1LI1	-0.457568329433109	0.198279498449622	0.681341718601544
EPN1	-0.605209709462518	0.0509234627338678	0.573576614639264
OAS3	-0.354091559683173	0.268480720415571	0.731880566029874
ROBO1	-0.505895497217239	0.141575357549719	0.652604885263541
NUMBL	0.057820525991346	0.968941179991204	0.991713356058568
DDX49	0.0320894147425861	0.890700434330601	0.972457400847355
WASF2	-0.0524236920652186	0.899792868141599	0.974029083938849
FANCG	-0.354336526290751	0.174646227981795	0.672449372685789
POLR2D	0.0562116439535494	0.872522734894555	0.971489590829341
THAP12	-0.0931064536749773	0.877176084308639	0.972457400847355
KIN	0.19827283986902	0.647166071999953	0.899453701783143
RNGTT	-0.782215905490403	0.115847417745852	0.641187680833303
RNF40	-0.0458569881651449	0.868143844084664	0.969340120919805
KDM4A	-0.144204160110625	0.72387711686317	0.924139195078597
MACROH2A1	-0.0201164770019204	0.950110296159094	0.990192921330354
CREG1	0.550469224913641	0.302461181333883	0.747037953378762
CCNK	0.0327883027828619	0.901049403962582	0.974483886695086
ARL6IP5	0.299448893123451	0.344650260921057	0.771555143880074
SMNDC1	0.70299110998236	0.0902806922315728	0.621651397277103
RSL1D1	0.529764893021472	0.162976065572608	0.664697715720369
PHF14	0.57843071416675	0.169443150266314	0.669168751984375
EPN2	0.356531182585385	0.215000853709174	0.693204952187531
POP4	0.385440816362159	0.282383668796405	0.739108811433012
GLUD1	0.0449911297343135	0.89493699770665	0.972759141349428
GNAI3	1.39589850013523	0.36189759293185	0.781357288853513
SNRPC	-0.108766225472319	0.761396309136279	0.932937969558092
RALA	-0.179712800975743	0.805110892418895	0.945203070881262
P4HA1	-0.0711407939481319	0.742482461495538	0.927265050220499
CREB1	-0.00513859039627818	0.98271917171149	0.99590320293841
GLB1	-0.538734417076491	0.476285061152912	0.832624939474196
XRCC1	0.305092943251712	0.317729161575129	0.760082391649644
ATP2B1	-0.073665239158835	0.873227990341951	0.971489590829341
RAB6A	0.24401045622837	0.531536072704228	0.852201923885492
APC	-2.62486990777458	0.0420924862965641	0.566785703355903
FKBP2	2.80799835779716	0.00223790969751449	0.181612116773689
PSMB6	-0.175615941776165	0.578358730495107	0.86844961462445
RXRB	0.0520786829568785	0.883002081737626	0.972457400847355
ARRB2	-0.136289928243752	0.701242493575315	0.918678289108121
PHB1	-0.238846307522468	0.271418424988575	0.734237631158695
POLR2I	0.386755444068402	0.284747609364176	0.740227243715466
PBX1	0.349478094935922	0.359397729342954	0.779103951379976
MDH2	-0.430568247712458	0.416110557901347	0.80374928340701
NCAPD3	0.289872653214609	0.302313197380467	0.747037953378762
PPT1	-0.118495995546098	0.738891522991647	0.927265050220499
HSD17B4	-0.428695416224549	0.108418412828596	0.623073070668822
CCNH	-0.095274612476878	0.776065251389692	0.936283560294792
KPNA1	0.0822803337205116	0.942407133855201	0.987876038750637
PMS1	0.335902123062993	0.591934038891271	0.875747124027379
MANF	-0.529060863833365	0.0477299700919253	0.569240939746709
MAX	0.136954571745502	0.659539831090339	0.903926425867675
GNAI1	2.19467353715078	0.00014386071531668	0.0421733220055283
CDK17	0.672440654746392	0.0861653168009152	0.621651397277103
TFAP4	0.520204368963956	0.0998870989181586	0.621651397277103
RING1	-0.217139327279359	0.443493351604541	0.819753871496958
GTF3C1	0.713353207185918	0.0229702003548631	0.527345985255321
SRSF9	0.251417522873155	0.523172781559604	0.84915309647515
NFYC	0.208015945855266	0.345038198996055	0.771555143880074
DHX34	0.272777946747645	0.409792625589401	0.801477725914983
TFDP1	0.823845426422846	0.0934103065168575	0.621651397277103
HLTF	0.118195293468798	0.742613050445088	0.927265050220499
SAFB	0.190424489364275	0.616349910782416	0.888830110093538
RBMS2	-0.00874684891332578	0.975528416735327	0.993516514211205
NHERF2	-0.28819120980274	0.503473466963124	0.839342687050072
TRIP4	-0.031499931259539	0.91135759011339	0.976985590976689
CSRP2	-0.214181876623297	0.626890557477059	0.893447985992922
CPEB4	-0.150968343998699	0.578275015655006	0.86844961462445
LARP7	0.00330225269076578	0.989016679798837	0.996863942531967
NCBP3	0.295636894314022	0.401276271686339	0.797203126070981
NOL9	0.454838475561342	0.199542607389184	0.681341718601544
UBAP2	-0.185576967615788	0.577010555226079	0.868135501763358
UTP25	-0.26809315223484	0.483459585010454	0.834147794372914
RFWD3	-0.421242438373564	0.156185642735598	0.661336425228313
ZC3H14	-0.0462440423360704	0.912015047174786	0.977140664825164
TRMT1L	0.00854078332718089	0.981509996938217	0.995087682450531
WAPL	-0.142508997012833	0.533879535308879	0.852974161379905
TAF8	1.39986789409991	0.102065751135108	0.623073070668822
ZNF598	0.719472406559696	0.209687510011951	0.689188715435406
NCAPG2	0.445451167526389	0.0762068133760557	0.607581936770185
MIB1	-0.543024918871822	0.201352693088001	0.68167630322795
WDR75	0.205315606689879	0.616432858362235	0.888830110093538
DHX40	0.110853591951962	0.686886186518673	0.914679702029144
PHC2	1.03833498990981	0.00871073426015857	0.380117068668535
RAVER1	0.307876569426391	0.404827363674876	0.798292850682173
ASPM	0.980806381939285	0.0958938963511192	0.621651397277103
MIER1	-0.282580636215748	0.275605662173682	0.735153775094254
PLCD3	0.0520544981137334	0.828458728085062	0.955167725500973
NOPCHAP1	0.22007011125077	0.642801702544357	0.897144481479947
SPRYD3	-0.119962511442449	0.83973480124104	0.957148170196534
DDX55	0.113917796573666	0.612162225961901	0.886716169950895
PPIL4	-0.0482198805858864	0.883404440511484	0.972457400847355
HNRNPLL	0.149343737026591	0.554536291078107	0.863320329845387
DDB2	-0.0453624529244401	0.858394791145312	0.963724582419768
DLG3	-0.177331468259613	0.646915165215578	0.899453701783143
GGH	0.0742017839244227	0.765219449286628	0.933499142519634
CORO2A	0.359032670719856	0.142694829623448	0.652604885263541
SMARCE1	0.00787347758222268	0.978188380242638	0.993835221835429
ERGIC1	-0.0997853055189886	0.830550756459888	0.955476082606002
UTP4	-0.0148570117972362	0.955719925500786	0.990677322449378
LRRC59	0.0589972624278694	0.866466006669987	0.968191918969281
ACD	-0.598198072394762	0.252946231668821	0.718824284036976
FKBP10	-0.26918928279904	0.427883248375551	0.809810237877134
ESS2	0.848537660135555	0.0429944002661792	0.568929372966698
USP28	-0.0217740278687906	0.933871087850354	0.984824151066696
LGMN	-0.116801783821369	0.73526227027331	0.927248967010819
NAT10	0.147006017245705	0.669025277625864	0.905789513165222
SENP3	0.186658027548063	0.395293067531184	0.797203126070981
CAAP1	0.547293334611734	0.198673432450011	0.681341718601544
IPPK	-0.115855456167246	0.726901439109722	0.924139195078597
ZCCHC17	-0.108590623090461	0.642902539732809	0.897144481479947
APOBEC3C	-0.231826347939119	0.464511341932342	0.826448517322202
BMP2K	0.0378085731140274	0.893438481014221	0.972549000612738
MDN1	-0.369636174355271	0.687823826625442	0.91501156706445
HOXC10	0.225448591149373	0.853275664602169	0.961616830596933
TFIP11	-0.297095559049193	0.566259457588721	0.867020808706555
HERC5	-0.300641445876273	0.271461774416846	0.734237631158695
CNOT11	-0.0660733678223018	0.77305391373066	0.935866729741914
EPDR1	2.00339336924002	0.0205638315511633	0.521475439049152
RCL1	0.406954499712974	0.278836608860733	0.737185200491839
NOC2L	0.148220777704438	0.554886041606086	0.863320329845387
SNX9	-0.347665079270474	0.403080781433403	0.797203126070981
SNX8	0.299533061475387	0.696236148408398	0.917164176143935
UBXN8	1.22575997362032	0.176670001688644	0.672449372685789
PGRMC1	-0.793013628787627	0.144007849684566	0.652604885263541
CDC7	-0.14376291912032	0.785499260693895	0.937825088503895
GOLIM4	0.0910445978012788	0.667851510961236	0.905789513165222
PLOD2	0.266506124258413	0.31975855620417	0.760430986436755
MGST3	0.317917104412516	0.328950452523953	0.764397549663814
CASK	0.324325017225206	0.383704977018152	0.797203126070981
PGRMC2	0.0553814377758854	0.85731108018902	0.963211240153407
P4HA2	-0.216120242279306	0.512905688933018	0.842597853055587
CYB5B	-1.06279991999472	0.0795742176580462	0.615126457393132
HTRA2	0.890628101789119	0.292582266969949	0.744653182894866
OIP5	-0.0488430878365591	0.876130410747356	0.972457400847355
PLRG1	-0.0273016271354862	0.923049313380279	0.981512537190916
TIMM8A	0.476648477815289	0.0678752542573925	0.596019801785537
FADS1	0.889177748438659	0.0102054104423956	0.392856759555248
CDC40	-0.145825350596958	0.550364007750475	0.861559448233273
SLC16A7	0.217670941810184	0.583796282639126	0.872147249367977
H2BC12	8.13481374569652	0.00785096916421029	0.364878579082993
TACC1	0.590141424899759	0.645725345646805	0.899428074086762
ECI2	0.243856607311017	0.394278220650552	0.797203126070981
ATP6AP2	2.03482510777889	0.00343076870793263	0.229379992033882
RPP14	0.520190243789685	0.0640052189949241	0.587507337652504
KIF20A	0.149311768814449	0.624782397060582	0.892753072701168
FKBP9	1.00849724592641	0.0719918734040541	0.600597233215677
CD2BP2	0.275815215456312	0.254158464590056	0.719717008847187
SEC24B	-0.258489082801365	0.616503982890839	0.888830110093538
ACSL3	-0.252212791080645	0.296631741597093	0.745540506354936
CYB5R3	-0.480159668988907	0.265667838186636	0.728399863346724
GOT2	-0.0836479675909345	0.890772457763511	0.972457400847355
GBA1	-0.778270470330519	0.154322583448462	0.661336425228313
RPN1	-0.243036425680376	0.389901692936401	0.797203126070981
JUN	0.830521112012377	0.0682852173309311	0.59602273213048
ACAA1	-1.05122212156757	0.00933736834356897	0.380117068668535
CTSA	-0.342861600307316	0.260015141777017	0.722770025756537
TFPI	1.66072356160461	0.20711411667234	0.688753838253306
LAMC1	-0.0254663424218151	0.906213570450118	0.975953079495828
PDHB	-0.501813406507175	0.400126124095324	0.797203126070981
ACADM	0.173273540614716	0.829217665566422	0.955167725500973
UBTF	-0.242888237492316	0.518388639245323	0.845710232946887
VDAC1	-0.456935874292292	0.261373539374402	0.724432406222433
ACAT1	-0.761122525557454	0.08552880950583	0.621651397277103
ABCD3	0.446856577756126	0.244781751850417	0.717196129504764
HMOX2	1.40081383735754	0.0244705265763706	0.53749232503814
ABCD1	0.221498617648543	0.550529219736885	0.861559448233273
SHMT2	0.303211303573587	0.446839107075363	0.821864786227901
DDOST	-0.0713671625331074	0.725881217031594	0.924139195078597
ECI1	-0.0509296278798281	0.962995310902724	0.99137851306409
SSR1	-0.0615937155054809	0.820434807388658	0.951225144800175
PPIC	-0.4615580360291	0.171775735921896	0.671131201167868
VDAC2	-0.497230564412888	0.173147491197689	0.671837269493146
NSF	-0.247741952634751	0.380388570412859	0.796771950681588
TUFM	0.0388834022164914	0.899909841130592	0.974029083938849
RBM25	0.440953438348831	0.128968671130489	0.649887333297212
NUP153	0.0371766058311067	0.878335278191698	0.972457400847355
CPT1A	-0.0853252313144992	0.766674630950541	0.933607335606297
SSR4	-0.0649827919319534	0.796174170312075	0.942219958733946
CTBP2	-0.342707885448835	0.356417888644947	0.777778047112092
DENND2B	0.97547594175607	0.0279153736978496	0.542252944649659
PLOD1	0.0955762271030736	0.678286671839813	0.911279576166652
SSBP1	-0.119215753346658	0.659236179742424	0.903926425867675
LMAN2	-0.176761926452787	0.543970597905411	0.859667475102122
CSTF3	0.238855930337834	0.397457938336958	0.797203126070981
ECH1	-0.154800483406781	0.498051955102104	0.836068299608999
TRIM32	-1.13131798505759	0.00042072071148274	0.0843877174453012
REST	0.691211040884468	0.189834916156622	0.679458739828158
TRA2A	0.196386477229172	0.606699783910288	0.884595305358753
ZMYM3	0.644784269326891	0.17954697354526	0.672588150651729
RRP1B	-0.188321233621703	0.41191036867588	0.801918171535668
BMS1	0.651770077073902	0.124234889903101	0.649887333297212
ACOX1	-0.804199840767815	0.0388989490464175	0.558157119462616
DHCR24	0.121609292774671	0.756580379833302	0.931860208689478
NSDHL	0.436742204884265	0.376742829268848	0.795977353226695
QSER1	0.17469729600727	0.490449714932434	0.834147794372914
P3H1	-0.370159836101145	0.454291533190339	0.825558908925589
TOR1AIP1	0.223994641026483	0.439880653462349	0.818091446436616
EXOSC6	0.496308405390263	0.0952466943697239	0.621651397277103
GPATCH4	-0.125088065346599	0.674251415636717	0.910178537057474
CDCA2	2.17890119738384	0.0375823059832573	0.558157119462616
ALKBH5	0.153036449257833	0.52586343855028	0.851344759692063
FBXO38	-0.818803532052431	0.0672016612627453	0.595594258307726
POGLUT2	0.0359433945732768	0.882917279183445	0.972457400847355
GTF2H5	-0.039548543475604	0.889104049993091	0.972457400847355
KTN1	-0.313670760489867	0.198280268626201	0.681341718601544
CHD1L	-0.572547421812466	0.279634260191611	0.737185200491839
ANKLE2	-0.397865642805925	0.246704848141124	0.71722967096949
RIOX2	-0.0314001250204612	0.893081594103639	0.972457400847355
DNAJC10	-0.0971381231442017	0.75828606850539	0.932202647443239
STAG2	0.152577646386412	0.56674019940846	0.867177750199297
FBXL6	-0.34645183204362	0.178258244656428	0.672449372685789
KRI1	-0.365997224660195	0.17444992575107	0.672449372685789
COLGALT1	0.477127833016834	0.225777285380044	0.701899280512851
SCCPDH	-0.528885766306431	0.143040642990467	0.652604885263541
SMARCC2	0.000758801352613858	0.998607857473912	0.999641772596098
RDH11	-0.0742791010225652	0.757887135778443	0.932202647443239
HM13	-0.899427342012189	0.160185611173869	0.661593370834279
NSMCE1	0.436843083561804	0.247188353424825	0.71722967096949
LEO1	0.414208234573593	0.223617277280931	0.701899280512851
SEPTIN8	0.0965564271701389	0.881649908060118	0.972457400847355
TAF15	-0.124561295824702	0.692466339047092	0.917164176143935
POP5	0.600261065713045	0.133814462527329	0.652604885263541
IGSF8	-0.554341610252834	0.151832505913949	0.661336425228313
RCN3	-0.113150552189222	0.779070662349944	0.936283560294792
INTS4	0.170907714725857	0.466351443087852	0.827790102285889
FUBP3	-0.169411616636268	0.550710788742129	0.861559448233273
CLPTM1L	0.441568596621003	0.0822488249850668	0.621283875394209
LRR1	0.624104355055042	0.125754818005456	0.649887333297212
SNX27	1.43193430171047	0.205028768722452	0.686612159579318
ARHGEF17	0.498945819447229	0.476572553698346	0.832745530556807
CIC	0.153542640322762	0.656096125621389	0.902219612264837
GFM1	-0.0643566854751008	0.960190098822575	0.99137851306409
CDC5L	-0.13239752053909	0.607573831837107	0.884595305358753
SCAF11	0.165878723223166	0.537442706583189	0.854838962766499
PRPF18	-0.19336227980164	0.496729457514572	0.835408633092689
ATXN2	-0.796853596888155	0.0907575249318583	0.621651397277103
HSD17B10	-0.124735922925783	0.636490294965198	0.895137594316058
MGST2	-0.397129078360685	0.226518249700017	0.701899280512851
EBNA1BP2	0.0498158379574001	0.849166918466504	0.959150896940085
VRK1	-0.0744355386710147	0.736438391242504	0.927248967010819
MAPKAP1	-0.124934892386356	0.792167720446197	0.940507352547414
SDF4	-0.961714481682165	0.118925246556591	0.641343710734243
TRIM56	0.243814722582965	0.419396534135181	0.804793651354065
TMEM43	0.0755233314891726	0.783299073657009	0.936967369759609
UTP14A	0.0353784541655955	0.90308499568608	0.974614111370534
RACGAP1	0.113547673078731	0.616858413782607	0.888830110093538
PNN	0.409771465585465	0.300373661782268	0.747016020590278
TMX1	-0.677513044402598	0.0714638359721304	0.600597233215677
CCDC86	0.457968351074328	0.129346421932377	0.649887333297212
PTGES2	-0.40724144477154	0.507015360098222	0.840505956146121
GRPEL1	0.24988526756243	0.549770893053696	0.861559448233273
APMAP	0.0582939402558154	0.903519195873024	0.974614111370534
RAD18	-0.128363523580681	0.664997971610112	0.905375405089911
MRGBP	0.381364481694423	0.255975785705246	0.719717008847187
SLTM	0.202878769048446	0.494581967258268	0.835263843324591
GEMIN8	-0.230620471081771	0.360530708437067	0.780360183846196
MED29	1.099011575592	0.0688023773709959	0.597610499979832
CDKN2AIP	0.389536502842901	0.177984281890419	0.672449372685789
UGGT1	0.360930485068828	0.440521136666384	0.818540249554163
TECR	0.196774968605521	0.709937918496975	0.922435179739649
CNOT2	-0.705653704819451	0.0347022024709975	0.555810264670567
CWC15	-0.342821190801889	0.334875566239349	0.764397549663814
VAPA	1.01814085850823	0.0498301684020023	0.573576614639264
SEPTIN10	-1.54442083438871	0.0105193503286023	0.400892441023035
DHCR7	0.0990718117233982	0.782129974452849	0.936749784047282
NUFIP1	0.998024574938594	0.235566839232938	0.70522012907834
SSR3	0.272881630133533	0.318334485187834	0.760082391649644
DIMT1	0.133110215850355	0.538994417114167	0.855797571070451
NIP7	0.301269125276324	0.351070015037526	0.774263788951396
SSX2IP	-0.986322792070169	0.157221412032761	0.661336425228313
GSTK1	-0.670336203447327	0.268829092258259	0.731880566029874
TSSC4	0.184099239275252	0.56333693718956	0.864809003616767
SNRPB2	-0.0866816938623813	0.87818491670138	0.972457400847355
TIA1	1.09135004682458	0.26304995547344	0.724861446355228
NCBP2	-0.944848602529675	0.0942570387345599	0.621651397277103
SYNJ2BP	0.311928248498482	0.417995682597324	0.803995005712165
CENPE	0.08857851932488	0.845059434499294	0.957148170196534
KIF23	0.398734780085761	0.162889121956194	0.664697715720369
NDUFA9	0.338176323037221	0.240569476085685	0.711638509790105
ZMYM1	0.54824514231267	0.0984323366153605	0.621651397277103
LIN9	0.238416697693157	0.469949259794488	0.828916339768491
INO80E	0.657753281235177	0.0200318134762305	0.521475439049152
SYMPK	0.0499293651937229	0.831959308190211	0.955690806253151
EME1	-0.247494933492174	0.338958911176832	0.766175806936481
DDX27	0.182243918794704	0.539434828126356	0.855797571070451
PHB2	-0.177317153029286	0.511935933266725	0.842597853055587
ESYT2	0.0433495182945052	0.886031613225997	0.972457400847355
MED19	0.258073323821069	0.464008869834918	0.825940122812177
SMCHD1	0.0999344371927613	0.709731636040352	0.922435179739649
AGPS	-0.0531705690224804	0.841798134633137	0.957148170196534
MEN1	0.231820474769808	0.441273626102246	0.818931813014507
TAF4	0.554692661418247	0.220090719093509	0.698971442054468
HIP1	0.70704660449934	0.357965538543267	0.778264824399312
MEIS1	-0.581767589386626	0.269458236548612	0.731935380959915
KRIT1	0.384353869321455	0.465957159311132	0.827475644983562
PES1	0.491230539193161	0.180015721245018	0.672588150651729
NOP56	-0.147291314107978	0.728034736819887	0.924538614468707
E2F3	0.122099810594506	0.6808786318475	0.912667992071476
ARID1A	0.279253860153084	0.58655210596816	0.873524844019014
CIT	-0.0385363900563647	0.89233398437146	0.972457400847355
STX16	0.0989024120236621	0.884242970858076	0.972457400847355
KMT2D	0.398725037266722	0.173292058754071	0.671837269493146
VPS26C	0.121673624601719	0.887248925424649	0.972457400847355
U2SURP	0.425901778077051	0.166558621441917	0.667460469311403
SETD1A	0.131185675318605	0.637712819443497	0.895137594316058
NKRF	-0.412926943227262	0.152128175546607	0.661336425228313
CASC3	0.00675440813950701	0.986871973537137	0.996526806423336
RER1	0.325815884116778	0.176336989750794	0.672449372685789
SURF4	-0.264953450854758	0.610392986620028	0.885959711459016
HDAC3	0.0560611901800598	0.82690826410933	0.954737638937243
NVL	0.250344279399258	0.470258951975945	0.828916339768491
YY2	-0.0199147668272239	0.936812864536222	0.98580136224959
STX7	-0.999812602840436	0.0215638108086031	0.524466426157048
POLR1G	0.175382307787622	0.504061283345477	0.839955203685882
OGG1	1.58890002757484	0.024772774431466	0.53749232503814
RBFOX1	0.389081423564551	0.127859465648201	0.649887333297212
B4GALT5	0.711993486111528	0.0537343090757552	0.576976471888164
SART1	0.289261563930328	0.382611958830519	0.796771950681588
DAPK3	0.3866371465719	0.275941352863559	0.735153775094254
PRPF3	-0.134545333298028	0.605983936082985	0.884595305358753
PRC1	-0.204544251536852	0.412029806164197	0.801918171535668
STX6	-0.290096818267934	0.397383391149695	0.797203126070981
KIF1C	-1.17313079278863	0.0447237703461404	0.569177429727642
ORC4	0.0794906667670574	0.709929862495991	0.922435179739649
RAD21	0.7025776498262	0.055825330806469	0.576976471888164
PPP1R12B	-0.653108471144272	0.388643252432402	0.797203126070981
MED14	0.388368135512778	0.44947052329661	0.822711887503837
URB1	0.0814907001437248	0.736059877506075	0.927248967010819
ZFC3H1	0.88636800168544	0.0088167053238207	0.380117068668535
PPL	0.126652199641882	0.716995708536984	0.923124547433856
STX10	-0.0677748236392794	0.797984221940416	0.942384632648738
CCNT1	-1.1826955550483	0.15979870758096	0.661593370834279
DPM1	0.395956187565233	0.100840022742612	0.622854662353474
PQBP1	0.152348085781096	0.525026069276805	0.850679326457478
BRD4	-0.215291003038821	0.426678638661673	0.809810237877134
NBN	0.0716399378202048	0.794817658106635	0.942030915316149
HIP1R	0.166120266122011	0.762641572489172	0.933084518667015
ZC3H11A	0.326008646239508	0.342447982988505	0.770406884987718
DNAJC13	-0.0900430603259572	0.877859596172073	0.972457400847355
ZNF217	1.0637941823168	0.0823015829428833	0.621283875394209
PRPF40A	0.135796188652535	0.593133680492838	0.876476330499497
SAP30	0.205750224887218	0.602557151729344	0.882191819147341
MED24	-0.0416617198020468	0.869457433507075	0.969922825977587
SRSF10	0.196180570591263	0.488563500898712	0.834147794372914
TADA3	0.449128079080822	0.30560827367347	0.7505666881916
EED	-0.251503968810834	0.342909167527897	0.770596939957865
PIAS1	-0.07641904374794	0.744166325957144	0.927517580482977
PIAS2	0.0417438551052669	0.97453769479348	0.993303896742763
RAD17	-0.435640767054508	0.195956816963439	0.681318440128622
RECQL5	0.343522936757765	0.293067999810473	0.744653182894866
B3GAT3	0.205200123988757	0.555643686299192	0.863320329845387
USP1	-0.507355002625093	0.361484897296861	0.780963119953705
TOX4	-0.0998480444231618	0.730635957422725	0.925414977958432
SUPT7L	0.795723501306355	0.0816814391423621	0.621283875394209
UFL1	0.258178961037871	0.291875243905749	0.744653182894866
SORBS2	0.264406939345704	0.34941802649307	0.772856702823615
PRPF6	0.522320447348477	0.232585554903084	0.703661370723017
PCF11	-0.0353524332917488	0.888407463887298	0.972457400847355
KDM4B	0.0661426030693519	0.898202918370444	0.973990248776355
MBD4	0.459234639476723	0.0953365315341857	0.621651397277103
KAT7	-0.00671406183380796	0.986504249238203	0.996526806423336
ZBTB7A	0.225975042245757	0.572458673573174	0.867572208311915
SLU7	0.172958064644519	0.662475563592443	0.90458415365489
YEATS4	0.647854553039071	0.313210008540518	0.75931510340198
WIZ	0.101712705016332	0.815152897160899	0.950595988702627
MAP4K4	0.148139089616556	0.620124159815576	0.88953821706485
AIFM1	-0.616700995623791	0.129765467861305	0.649887333297212
SYF2	0.376667163871595	0.490507795116689	0.834147794372914
MBD3	-0.104500873589807	0.745226667918887	0.927517580482977
TOP3B	0.0559282039151867	0.86861624585178	0.969340120919805
CLPTM1	-2.52071282280274	0.0146225612272696	0.44227445108829
OAT	0.0764292249034604	0.890604022480991	0.972457400847355
RPN2	0.12629736297702	0.630169951567781	0.894150037558103
SLC25A5	-0.21120547117053	0.61920844335481	0.889225987602055
POLR3D	0.265519156130246	0.395582569662427	0.797203126070981
LPL	0.26109339165609	0.328095636276058	0.764397549663814
LAMB1	-0.241606343008193	0.339945855433193	0.767738306511046
SRPRA	-0.150749873243349	0.500780101738112	0.837010795716225
PDHA1	-1.24707609426101	0.131530213126343	0.651835685597521
COL4A2	0.49070269089286	0.14627692890172	0.655926467230252
FGF2	0.510337995260162	0.258438861192741	0.721288887710616
SRP19	-1.86679719279559	0.00163228770047459	0.172795789625241
HMOX1	-0.015431043145373	0.953523488004041	0.990677322449378
DLD	-0.801294331053079	0.266198017294224	0.728509807603055
MYBL2	0.30891034645148	0.546666154151666	0.861559448233273
DLAT	0.115670551952995	0.871882606328734	0.971489590829341
NR2F6	0.0408547644769257	0.862324292735525	0.965692305857935
MGST1	-0.290640917973086	0.284315397157057	0.740113373337119
ESRRA	-0.122499520211274	0.617353267231066	0.888830110093538
IGF2R	0.16979315147217	0.681317574078184	0.912667992071476
SLC25A6	0.0794261489149122	0.757558574924154	0.932202647443239
NR2C1	-0.297388494639137	0.363119013348069	0.783161607170056
ETFA	0.614599103441755	0.297170188153827	0.745566548422801
MTHFD2	-0.259703217970412	0.768582324227938	0.933607335606297
B4GALT1	0.390831471682702	0.151981240028811	0.661336425228313
ATP2A2	0.383401699880746	0.194371683721062	0.679872010488863
CEBPB	0.428494364959274	0.209095265583677	0.689188715435406
PTPN1	-0.334300694730707	0.2314771249511	0.703661370723017
SON	0.440823479021116	0.132189698867511	0.652604885263541
ATF1	0.837745298954765	0.0423862307678909	0.566785703355903
ERCC3	0.344916569961359	0.159054598448555	0.661593370834279
CCNA2	0.384696219194819	0.275037076889519	0.735153775094254
MSH3	-0.881444429429855	0.149760827028991	0.661336425228313
ME2	0.240694067787707	0.54805151708528	0.861559448233273
CCNC	0.421816753013658	0.130427468092742	0.649887333297212
BRD2	-0.0286019932933073	0.911674792387138	0.977050796903089
ATP5F1A	-0.315158953198186	0.452765493832475	0.824499340739555
COL8A1	0.789218476542466	0.141300198760638	0.652604885263541
TEAD1	0.168988441239371	0.65297921642684	0.901190504072286
ECHS1	-0.554090166206599	0.331407209465928	0.764397549663814
ALDH1B1	0.303941991788005	0.705617693573136	0.92061247182719
SDHA	0.0690182053836494	0.817307336547985	0.950707390240568
FOXN2	-1.90867212941313	0.0089891097881159	0.380117068668535
ELF1	0.157851398868203	0.563508741087989	0.864809003616767
GTF2H1	0.13422131404802	0.53199596566867	0.852580582490875
BMI1	0.309903387208983	0.398282073449242	0.797203126070981
RFC1	0.237467945878414	0.495134295611288	0.835263843324591
KRT9	-0.285129124824273	0.64738953135428	0.899453701783143
ACTN2	-2.32167297332056	0.0140659605272423	0.432301415881616
LONP1	0.203428976855598	0.355354045146963	0.777778047112092
DLST	-0.299546386457234	0.789204941530656	0.940332744845854
ZEB1	0.675423404535998	0.140571857573612	0.652604885263541
COIL	0.285416108382691	0.287947612089799	0.743474491649203
CUX1	0.239869068667222	0.433531905212461	0.815091312661415
PBX3	0.648705748864899	0.172459210183749	0.671837269493146
BUD31	0.609405045429881	0.102269430884701	0.623073070668822
ACTR1B	-0.631974245395934	0.358602212449539	0.778264824399312
PI4KA	0.460924041816426	0.192117649551511	0.679458739828158
HELZ	0.017820107913419	0.967212934421431	0.991406264948917
RBM34	0.626609986922755	0.0883595125009662	0.621651397277103
LRPPRC	-0.462083085558504	0.306121036142846	0.751208801507009
ACAA2	-0.0668368716215397	0.747255213841754	0.92932042195648
SLC1A3	0.141046523113367	0.62523168486996	0.892753072701168
TSFM	0.192432264917777	0.798510041528797	0.942384632648738
MKI67	-0.321126233829631	0.326343018217219	0.764397549663814
ATRX	0.232348618984627	0.341734684570485	0.770166104611542
BRCC3	-0.133846939549972	0.668084054793015	0.905789513165222
RFX3	0.577790358070047	0.173872292581672	0.672449372685789
RFX5	0.604433135414986	0.21273432344198	0.692539261517807
IDH2	0.207147454840591	0.618204888846018	0.889225987602055
CDK8	0.0625744813152807	0.831121284135108	0.955476082606002
CENPF	0.484856917883008	0.139832271388197	0.652604885263541
ACADVL	-0.46278495849516	0.129650549685929	0.649887333297212
YLPM1	0.544568541140276	0.214806068907229	0.693163360377179
WHR1	0.0832463995470825	0.838084629362831	0.957148170196534
LIG3	-0.0293295610866124	0.928151409405134	0.982292759165303
IDH3A	0.134930300661502	0.829125559011888	0.955167725500973
EMD	0.381499162056055	0.140547590456741	0.652604885263541
SMARCA4	0.11960687461513	0.604260777163586	0.883328661975615
BCAP31	0.072682918753074	0.797430913805627	0.942328437988603
VAMP7	-0.784740899943554	0.216306853766261	0.694936511010389
MNAT1	2.04448128852437	0.0784329200083325	0.611352624603742
RBM5	0.354943359002426	0.256243474468904	0.719717008847187
PMS2	-0.0774299388374189	0.771041146940846	0.935510286848635
ALDH18A1	0.093314714302565	0.805206944839868	0.945203070881262
ELL	-0.0977751407678014	0.791053996320076	0.940332744845854
PKNOX1	-0.402227883959476	0.403348642641408	0.797203126070981
HNRNPH2	0.0534409751334586	0.823615899952702	0.953173457248633
OXCT1	0.204904675182206	0.630433259228187	0.894150037558103
RRP1	0.512690711576205	0.043988868060302	0.569177429727642
MAZ	0.0779748265113298	0.901147368513075	0.974483886695086
POLE2	0.510585649277917	0.107644972160794	0.623073070668822
TMEM33	0.915185648463684	0.128046447992265	0.649887333297212
ANAPC15	0.438771426324291	0.353729470403468	0.776512590912748
SEC61G	1.03765660526152	0.00218503156657776	0.181612116773689
SPCS3	0.223137130266814	0.556296511126877	0.863320329845387
ATP6V0D1	0.560585561240437	0.396085043556212	0.797203126070981
GNB2	-0.139563116041554	0.793279347399925	0.941216560691505
TRA2B	-0.590908035024025	0.126957811869308	0.649887333297212
FAM193A	-0.486206195467648	0.401611084644183	0.797203126070981
NOP14	-0.051037317380171	0.866571145527215	0.968191918969281
NTHL1	0.824594984761784	0.0407157384441373	0.558157119462616
LSM11	-1.13014468264164	0.0467681900956	0.569177429727642
TXNL4A	-0.272657415506817	0.277573708961725	0.736284081963036
ERH	-0.247631329987538	0.473771262423517	0.830601549025331
RBM10	0.258920780761141	0.366727932638128	0.785002585649017
SLC25A3	-0.269901419994554	0.495714631973861	0.835263843324591
U2AF1	1.06820857194931	0.119435935751828	0.641343710734243
FOXK2	-0.797633370650331	0.250686517736665	0.718824284036976
MEF2A	2.66023508391299	0.0370518363430282	0.558157119462616
SP3	0.411365463942943	0.660683447854582	0.904080653419681
TOP2B	0.562454854440801	0.0869753872406105	0.621651397277103
MLLT1	-0.343042606347854	0.19640571857912	0.681318440128622
MECOM	0.419346520849334	0.0744080874095174	0.606018577927897
TAP1	3.28428048489635	3.22613097783752e-05	0.0245895703130776
NOTCH2	0.0220636274722708	0.962642559079924	0.99137851306409
SRSF11	0.0716011985056326	0.758848556330104	0.932292665433277
RBPJ	0.0898375169419126	0.800969264718493	0.943851436080797
FMR1	0.398101273973882	0.122468419988523	0.646962443623554
KHDRBS1	0.312020785291153	0.180529850999669	0.672617620445106
SLFN5	2.07620295055304	0.0346226527644257	0.555810264670567
EP300	0.0939006914405489	0.779193559187179	0.936283560294792
FAAP100	-1.74885587828582	0.108819862507525	0.623073070668822
NEXN	0.76322064943755	0.0448680317444202	0.569177429727642
MGAT2	0.513868457469904	0.108766522857897	0.623073070668822
GALNT1	-0.101011501379446	0.719531195919725	0.923899389369971
PMPCA	-0.668986732111229	0.143900600413393	0.652604885263541
ST3GAL4	0.358855377180749	0.278112154279515	0.736543029853532
TBL3	0.237164526971238	0.423267881763898	0.80914728588216
SMARCB1	0.0111335915843398	0.975059007534683	0.993303896742763
BPTF	-0.320559062225161	0.401468942812226	0.797203126070981
NFIA	0.247480291274456	0.513941818907725	0.842686218574185
SFSWAP	0.203850658185793	0.465652362988474	0.827319885943624
CHD3	0.282709693810155	0.275846953283461	0.735153775094254
EPS8	-0.0511144843775497	0.854630334618686	0.961616830596933
DLG1	-0.0494607206815019	0.909871093641279	0.976974904129537
CHAF1A	0.534449256449857	0.133498175241669	0.652604885263541
STK3	-0.87473050174868	0.0924278283358813	0.621651397277103
GPS2	0.905187484805978	0.0943199361753899	0.621651397277103
ATM	0.827443670723479	0.108968990944228	0.623073070668822
MTA1	0.606809099844366	0.0542796119178703	0.576976471888164
PPIL2	0.115840048296526	0.673056001322641	0.909580291149144
TMED1	-0.311523456544833	0.28293339381728	0.739108811433012
TOP3A	-0.298149044134892	0.292155761609204	0.744653182894866
NAB1	1.25352008686521	0.147254851231756	0.657899458434022
ATR	0.0499790433951617	0.946494070897676	0.989701076845088
MOGS	-0.504385419019034	0.291107315136803	0.744015030116054
RUNX3	0.736624599193178	0.358445908931788	0.778264824399312
THOC5	0.188198487133644	0.725389084485163	0.924139195078597
MORC3	0.853667377392405	0.0434724747955883	0.569177429727642
WRN	-0.430690264856018	0.1749656592364	0.672449372685789
BTG3	-0.0414864893573466	0.906283250602437	0.975953079495828
FKBP8	0.344362315010887	0.130749436806006	0.649887333297212
DHX8	-0.0667540584988409	0.816361265984464	0.950707390240568
RASA3	-0.145058320979043	0.797416791200573	0.942328437988603
MDC1	0.501868330830359	0.111373655597154	0.631059502982012
GSE1	-0.381580512457802	0.316605843251907	0.760082391649644
PDCD11	0.551336616764139	0.106217219004674	0.623073070668822
CBX2	0.701167737817887	0.0761012728252175	0.607581936770185
GOLGB1	-0.550335395265027	0.194302409468503	0.679872010488863
KIF22	0.019074321102071	0.939234761348998	0.987427220827871
NFIX	0.498535588967229	0.489780380461857	0.834147794372914
ZNF638	-0.324042872388929	0.172067953136735	0.671188300311254
SHPRH	0.47308334597744	0.61399634957466	0.888022803881985
WTAP	-0.286654335133324	0.415203885198007	0.803219292634317
RRS1	0.303652725039832	0.350841456287441	0.774207753278191
BRD3	0.045064865227527	0.889300974494593	0.972457400847355
WDR43	0.491098999613552	0.198790328609845	0.681341718601544
PCOLCE	-1.36365057283583	0.021601589326781	0.524466426157048
EBP	0.622013850205125	0.217973071455974	0.697034851891245
PWP2	0.244508694897871	0.43556206073793	0.816206240069581
RNPS1	-0.0622987494732747	0.848435153607528	0.958846721916365
TMED2	0.330670416883343	0.333051221480782	0.764397549663814
PUM3	0.0948057128658562	0.803884895374489	0.945203070881262
SF3A2	0.383440453652447	0.171475195263641	0.670936313295416
TERF2	0.648018537734377	0.0222643099240465	0.527345985255321
TAF1C	-0.26615769677711	0.497692134951286	0.836068299608999
TGFBI	0.658598329313886	0.0326122866541118	0.555810264670567
MED1	0.209615108688666	0.463733521146464	0.825940122812177
HMGN3	0.612883556165919	0.444945761780449	0.820723594383005
JMJD1C	0.0576001905014891	0.911118795963797	0.976985590976689
ITSN1	-1.18372913204115	0.175596534259199	0.672449372685789
ATP6AP1	0.0450293748515485	0.878379493975266	0.972457400847355
VPS72	0.391485808980011	0.300823172522707	0.747016020590278
EZH2	0.108251797617921	0.66470538173497	0.905375405089911
NFIL3	0.740322162434246	0.143804523534231	0.652604885263541
IFI16	0.465706633699352	0.0605818084107658	0.576976471888164
MAN2A1	-0.0965315066618864	0.685817115561051	0.914679702029144
CYP51A1	0.00381104772707275	0.991503539402929	0.997538320127191
KNOP1	-0.861985561152451	0.159795340730537	0.661593370834279
MTHFSD	0.915862326235995	0.288181058930321	0.743573470266387
ASTE1	-0.240493545957904	0.559484350327294	0.863983140617928
CWF19L2	0.165522154797696	0.611724452652831	0.886418969224312
CHD9	0.349720169777523	0.156337495689854	0.661336425228313
GON4L	0.600917530758711	0.206297444707928	0.687634008471693
TPRN	0.243872630414483	0.503194927125903	0.83924545613865
ARID4B	-0.1088681302138	0.787495824727084	0.939326005644731
KLHL12	-1.31122669950377	0.0276714998159329	0.542252944649659
HSD17B12	0.421018124663657	0.131855980051705	0.652601480489672
GLE1	-0.105843689464024	0.779294529849142	0.936283560294792
USP39	0.422140236625982	0.233539659051526	0.703661370723017
ESCO2	-0.0128120265513978	0.96916892170134	0.991713356058568
EAPP	-0.0529926376451755	0.863066909932335	0.965692305857935
ODF2	-0.101381638806977	0.773036563107974	0.935866729741914
SH3D19	-1.07790439225178	0.37048064104448	0.788183474194861
C3orf38	0.494656348251603	0.528788811966831	0.852098148499812
AMER1	0.531851936779283	0.413138229172892	0.801918171535668
DNTTIP2	0.305787053523563	0.299180628523042	0.747016020590278
SNAPC4	-0.532123413648428	0.452096228346661	0.823978348268352
FKBP15	-0.589970246022105	0.456848273773627	0.825558908925589
SPOUT1	0.244766546597962	0.502050554605286	0.837703442907506
PHF19	0.397055584692996	0.275824845545096	0.735153775094254
GORAB	0.71142959784099	0.0595524574496292	0.576976471888164
WLS	-0.146503230249948	0.524405009887813	0.85006698965651
RC3H1	0.380841392469005	0.438378183660215	0.81654900192037
RIF1	-0.174290116093669	0.61620740200466	0.888830110093538
PRPF38B	0.155004455220059	0.641530487919579	0.897144481479947
ZMYM4	0.229999073509372	0.349629019865409	0.772874822915937
OBI1	0.0708991000694468	0.831003117070697	0.955476082606002
ICE2	0.406865558392642	0.332195664644936	0.764397549663814
ARID2	-0.0124327706949749	0.960059460174415	0.99137851306409
SPTY2D1	-0.059856818894005	0.911011965783227	0.976985590976689
VIRMA	-0.0945955686288649	0.826309745146039	0.954551815323297
SPECC1L	0.0980378336272523	0.736953628350347	0.927248967010819
RPL7L1	0.362124602354079	0.234034686093327	0.703661370723017
LAMTOR1	-1.11254403147976	0.0454200772243424	0.569177429727642
NCAPH2	-0.0477616553018727	0.827984004476581	0.955167725500973
NIPBL	0.870565999817952	0.0183231781286554	0.502371452146084
LIN54	0.52508719693526	0.258941111326368	0.721362993614612
HMBOX1	0.0724019860843441	0.741081671107087	0.927265050220499
PPP1R18	-0.109421075645983	0.656914629581944	0.902487978852483
RPUSD3	0.276068935547091	0.281659194122485	0.738241532875372
TAF2	0.410435408332873	0.21315889628979	0.692539261517807
NFRKB	0.361016701512586	0.536033455951015	0.85409978149828
PKN3	-0.660364387611768	0.0724940244763084	0.600597233215677
INTS5	0.438404849548323	0.116044367492063	0.641187680833303
RSBN1L	-0.286127410935109	0.31393970960638	0.759671040999247
CTR9	-0.126791949539072	0.602022619965178	0.881747964906723
DARS2	-0.0361636133476608	0.888183807362804	0.972457400847355
WDR59	-1.71546122678783	0.0312990964478007	0.549632042359184
CCDC137	0.781445854132901	0.154882706066793	0.661336425228313
MTHFD1L	0.326253426742994	0.190975923199868	0.679458739828158
ABRAXAS1	-0.363011340961709	0.485087346347074	0.834147794372914
ATF7IP	-1.37551799386902	0.122568062003728	0.646962443623554
AEBP2	0.159454122382822	0.680502483821966	0.912524618524107
QSOX2	0.210561116772272	0.551893220832253	0.861693358760836
MMS22L	-0.275433738773899	0.790839191563899	0.940332744845854
SRCAP	0.526240405081772	0.0972563350101252	0.621651397277103
FAM83H	-0.0516418275765957	0.96550059563543	0.991406264948917
TPGS1	-0.211617421146791	0.643643703306406	0.897849982906557
CRACD	-0.0672652640824722	0.832154043369403	0.955690806253151
MED25	0.0976804370415181	0.778279228691112	0.936283560294792
INTS8	-0.122321740397314	0.761487958668098	0.932937969558092
ASXL2	0.747719358713315	0.0120833500294498	0.423888718895767
RSRC2	0.0333376106187337	0.889675398190518	0.972457400847355
HS2ST1	-0.320593352125279	0.258725245211339	0.721288887710616
APTX	-0.12369901607936	0.651498084132852	0.901190504072286
SETX	-0.243573396242049	0.601215127591585	0.881581704983274
EMSY	0.439412617762635	0.218603729560755	0.697034851891245
RBBP6	0.487128063537209	0.162845175003091	0.664697715720369
TMED4	-1.33039811167197	0.0708790202022787	0.597610499979832
PBRM1	0.124570237522345	0.71819802837814	0.923606675094215
TLK2	0.436642999828351	0.276770644232743	0.735545972922583
CENATAC	-0.108046463029044	0.820207972207985	0.951225144800175
FAM83A	0.021537242591716	0.968187022040915	0.991713356058568
ERICH1	0.535689284892634	0.0496059826192272	0.573576614639264
VRK2	0.0636147166769803	0.807366793261076	0.946743479319877
GATAD2A	0.0724475028039571	0.819266752015092	0.951070856455678
DCP2	0.355053081889206	0.347568528419325	0.772794521411222
VRK3	0.554946340684467	0.199514843728315	0.681341718601544
FOXP4	-1.40222981798497	0.00612101095811173	0.315232064342754
CCDC50	0.147955015625932	0.60992555927068	0.885833196029178
MISP	-0.0103484112355581	0.975860874024904	0.993524523648218
ZC3H7A	-0.190671142823213	0.560037246565554	0.863983140617928
PHF6	-0.127315571221811	0.694886506452113	0.917164176143935
SUGP1	0.0173276829653375	0.957439955693761	0.990984158378306
CCAR1	0.122414975249569	0.673855179766891	0.910014914986401
PARP9	0.294769042013286	0.256753056773378	0.719717008847187
RBM12B	0.00801134652496671	0.983098359867305	0.99590320293841
SMC5	0.0680772277257695	0.781997534569708	0.936749784047282
DHX37	-0.085039597836122	0.834429991486273	0.957148170196534
FTSJ3	0.487737418828544	0.0759650348764961	0.607581936770185
SRRM1	-0.0755179230012537	0.747899981687201	0.92932042195648
SUPV3L1	0.203083164723719	0.445141870792357	0.820723594383005
FANCM	0.37315801296895	0.309977208764643	0.75532170243098
RNF168	0.0193776151162908	0.96423698439919	0.99137851306409
RCOR2	0.875066337508933	0.083845309057112	0.621283875394209
INTS1	0.0451261123319533	0.856817467753329	0.963211240153407
PIAS4	-0.978927347729275	0.00390936686661231	0.244239297191139
AGGF1	-3.95736815100089	0.000140108325282516	0.0421733220055283
SYNPO	0.063006133482844	0.818491458246996	0.950707390240568
RYBP	-1.09006757187981	0.0127011808077969	0.423888718895767
AFAP1	0.140891716308467	0.563043881788432	0.864809003616767
ZGPAT	-0.0720638988361841	0.773483340595612	0.935907874739994
SRBD1	0.362711597270607	0.1691060627559	0.669168751984375
CPSF7	0.0773177184548643	0.795116544272333	0.942030915316149
SIRT6	-0.884728524815401	0.0300224012912826	0.542252944649659
GPATCH11	-0.0947791968449039	0.748410317704096	0.92932042195648
CEP120	0.739936149073749	0.326178679418827	0.764397549663814
BANP	0.490259275115417	0.305662424579733	0.7505666881916
SCAI	0.423499416797291	0.442021185875319	0.818931813014507
PRPF38A	0.424650627548651	0.262744920266788	0.724544783745824
KDM1B	0.388602115772009	0.191598212814335	0.679458739828158
GOLM1	-0.0925421671785358	0.74039324136303	0.927265050220499
POGLUT1	0.112585475253429	0.688337363933828	0.91501156706445
HSD17B11	-0.0508000778223234	0.861583493631847	0.965692305857935
POC1A	-0.899702580893837	0.0257574434464926	0.542252944649659
CHST14	0.0606808977781057	0.792333458850756	0.940507352547414
SRFBP1	0.117658704378464	0.637416220244393	0.895137594316058
NGDN	0.165004001780233	0.610710092364953	0.885959711459016
BOD1L1	-0.0230587466214018	0.93215741824674	0.983786186911749
ARID1B	0.122090395907374	0.676758258971341	0.910671001923728
COP1	-0.00760951464527437	0.994965965456158	0.998634525771245
THOC2	0.486518431575959	0.0770093062219087	0.610150656988969
PUM2	-0.152033522897508	0.57816201691073	0.86844961462445
DLG5	-0.0843380700707783	0.84281783020093	0.957148170196534
GPX8	-0.414332827892423	0.252360778148571	0.718824284036976
PHF10	-0.0553843405901908	0.848646022834925	0.958846721916365
ARB2A	-0.02136405055208	0.940830195642558	0.987876038750637
CACTIN	0.524147395746372	0.142973000923515	0.652604885263541
GATAD1	0.83449432652764	0.122566715643519	0.646962443623554
BCL7C	0.165185288050054	0.760747929398995	0.932837362094128
MITD1	0.976413907214738	0.504934954008619	0.840505956146121
STAG1	-0.292354973075145	0.399752305042296	0.797203126070981
CKAP2	-0.00374212097582927	0.987417213551287	0.996526806423336
SREK1	0.118157080734989	0.60331763120923	0.88228837012217
ATRIP	0.0554606892891591	0.90173418705521	0.974483886695086
PSPC1	-0.330660206555734	0.188690631719277	0.679458739828158
GATAD2B	0.391189870956559	0.117604352900152	0.641187680833303
PIBF1	-0.0934724825975337	0.883193011560909	0.972457400847355
BBX	0.332984047173792	0.228147170154762	0.701899280512851
FAM3C	0.454748585155567	0.131121572127537	0.650656655440163
H1-10	0.596057227911409	0.0744811491764729	0.606018577927897
TOPBP1	-0.238817957285935	0.72677368028469	0.924139195078597
BAP1	0.494785522907272	0.227542403707003	0.701899280512851
PHF3	-0.0697064008568411	0.839873979209659	0.957148170196534
AKAP1	0.269262151011826	0.620891785388763	0.88955586244984
CENPI	0.140250925962654	0.620593114220321	0.88953821706485
GTF2H4	0.248745731313953	0.440064934451604	0.818091446436616
RREB1	0.395819602224439	0.202346149942919	0.68167630322795
DPF2	0.00207655999614786	0.994358134365203	0.998634525771245
CREBBP	-0.0873232892680065	0.755380230052888	0.931860208689478
CELF1	-0.293540639407972	0.382104415912265	0.796771950681588
SMARCD2	0.287934450732564	0.371651063881235	0.788620381097655
KAT5	0.202212460892994	0.639440543892624	0.895922026755437
MED12	0.611111868355142	0.0965676323028211	0.621651397277103
PTP4A1	0.445456946952241	0.193440309900946	0.679872010488863
L3MBTL2	0.0982521909384886	0.659126737505115	0.903926425867675
RAD51AP1	0.0935190780139301	0.793789595016742	0.941528834923375
EXOSC8	-0.0614780797299446	0.883903743300232	0.972457400847355
NACC2	-2.60160733946441	0.0869058201888276	0.621651397277103
PINX1	1.12932104575987	0.424850096838153	0.80914728588216
TADA1	0.172346349817655	0.559889461434201	0.863983140617928
ENTR1	0.360080100726712	0.178963449993377	0.672449372685789
INTS12	-0.0168607184171385	0.947736643099582	0.989812098342699
THAP11	-0.164318572732626	0.767985873968045	0.933607335606297
SGF29	-0.914285168484671	0.0872661450708366	0.621651397277103
RBM33	0.435717272378302	0.155479063246713	0.661336425228313
MCRS1	0.390229470767881	0.28907967231914	0.74387753626485
WDR89	0.704781769526996	0.276293418516262	0.735153775094254
THOC1	0.286245057627713	0.270175050944407	0.733359771473742
BICD1	0.235630108611147	0.44943963797519	0.822711887503837
AURKB	-0.0856434067773719	0.812933863729389	0.949181408954581
SMARCD1	-0.332918778457454	0.202628796718129	0.68167630322795
LIN37	-0.728463958305476	0.00735739077729522	0.350812197462118
TONSL	0.245771096706601	0.477654343773271	0.83348933338825
DOCK6	0.391915835735503	0.276084266262178	0.735153775094254
DDRGK1	0.56268821376608	0.0564910545398413	0.576976471888164
RBM17	-0.0153410169641717	0.950865363817324	0.990365646763548
TENT5A	-0.108756981196152	0.845201426472944	0.957148170196534
NSL1	0.190195411389261	0.637941145673685	0.895137594316058
CDK5RAP3	-0.0858363461027842	0.879580470492081	0.972457400847355
VPS39	-0.217226467684945	0.605685097970836	0.884595305358753
EAF1	0.171943701096062	0.750185467322864	0.92974205397315
CHAMP1	0.0910603541508337	0.861551759654432	0.965692305857935
CNOT6L	1.26174342049078	0.0130399417530233	0.424745453168991
CCDC138	-0.358528237856	0.37378458292707	0.792265320097365
NSMCE2	2.11711782134827	0.00356109120853024	0.233988251650151
NSMCE3	0.50689420010718	0.166888033099081	0.668078040063651
TCEANC2	0.208881042658881	0.628444014641079	0.893656768581026
ZNF830	-0.104893026879498	0.70256208575467	0.919639256968992
MUS81	0.646765588527874	0.0176166523937191	0.49599688042218
UHRF2	0.104059067390704	0.694587459840586	0.917164176143935
PPP1R10	0.15500601215134	0.63426188812611	0.895040494363577
PURB	-0.709471382094392	0.0224975603779445	0.527345985255321
UIMC1	-0.642709792565018	0.0767724216397582	0.609541039310663
MED15	-0.0996249963949225	0.826145746927907	0.954551815323297
WDR24	0.206058597348147	0.705161979125864	0.92061247182719
SMC6	0.204128212153694	0.5413439826951	0.857077748905911
STRBP	0.111761559377474	0.619326929023329	0.889225987602055
SIN3A	0.257142159190664	0.29681636666633	0.745540506354936
INTS14	0.297304403350481	0.371060032536098	0.788244026753104
RSF1	-0.10497223786129	0.73379333513222	0.926602518286577
RBM15	0.297513044296917	0.488674947986995	0.834147794372914
PNKP	0.124711360759406	0.627758139812074	0.893656768581026
UHRF1	0.49660875580868	0.226693038269442	0.701899280512851
COL12A1	0.120433202438345	0.570046893557944	0.867572208311915
CDC6	-0.048454669775456	0.872758327083196	0.971489590829341
ARID3A	-0.674666208120499	0.218389589368344	0.697034851891245
ZFYVE21	-1.32147085854615	0.129611819204627	0.649887333297212
TCF25	0.738189033729832	0.380005613483688	0.796771950681588
CCDC77	-1.84813380349779	0.0235531433377177	0.531057506776581
NUDT16L1	-0.208064168015788	0.377499003105651	0.796771950681588
UTP23	0.194247917791571	0.491682717295635	0.834656051498292
CENPK	0.632554134090256	0.290584186603755	0.744015030116054
ERP44	0.107540861872245	0.693621903766319	0.917164176143935
TINF2	0.205353875270305	0.716747820300446	0.923124547433856
POLR3GL	0.455245175018579	0.423981340486663	0.80914728588216
WAC	-0.077886031364045	0.755136832486864	0.931860208689478
DIDO1	-0.167340756870338	0.547782197226714	0.861559448233273
MTA3	0.0726484967886059	0.751042592790791	0.930221137494278
DCTN5	2.86260848929196	0.000611843331780245	0.108359821602479
PI4K2A	-0.662526544552925	0.155334045421774	0.661336425228313
SPINDOC	-0.578388005876501	0.3365280606096	0.764397549663814
PHF23	-0.351097973316616	0.408569137881813	0.80082594368686
C2orf49	0.381027473894967	0.16766499212056	0.669168751984375
NOC4L	0.334226224798773	0.299514912468038	0.747016020590278
KIFC1	0.446798595637183	0.516749382245174	0.844119972454505
SF3B5	-0.606049180516962	0.0369610287047113	0.558157119462616
PAPOLG	0.637123387248035	0.406272402744902	0.79881856560221
BRIP1	0.457018228821259	0.151144147063156	0.661336425228313
SCAPER	0.265909211028866	0.453262583670136	0.824526828814744
POLDIP3	-0.0397091210822644	0.884788677042516	0.972457400847355
KIAA1671	0.709654989344962	0.190458587548114	0.679458739828158
HELZ2	0.570085661677499	0.0545368746644563	0.576976471888164
DOCK9	-0.140721189259736	0.748155974240598	0.92932042195648
UPF3B	0.318457660165333	0.607923609872726	0.884595305358753
CRNKL1	-0.510077432962191	0.447896377550622	0.822711887503837
WDR33	0.50498458041281	0.0963940462138149	0.621651397277103
SENP6	0.251732675984474	0.570249548767496	0.867572208311915
REXO4	0.16679737138999	0.575059943112935	0.867572208311915
POLR1E	0.118256657471573	0.702626339356876	0.919639256968992
MFF	0.979564971132046	0.117205746125562	0.641187680833303
CLPB	0.0263901286187114	0.908788324579139	0.976974904129537
MIS12	0.611959259865706	0.0272877212140923	0.542252944649659
LSG1	-0.8619921730916	0.022725887172528	0.527345985255321
BRD8	0.439683050083975	0.10809902913638	0.623073070668822
PARP12	0.0460034777359049	0.887761501275204	0.972457400847355
METTL9	-1.31179211337512	0.0315041080860824	0.549632042359184
CDT1	0.510810550545884	0.31229982595566	0.75782169881926
TRIOBP	0.280321566362417	0.247781609226774	0.71722967096949
TAOK3	0.00896637026159652	0.984591108176423	0.996091508696668
ADNP	-0.0787924704172482	0.796364530814558	0.942219958733946
FOXP1	0.0450498415423404	0.855006464347117	0.961756090798957
GGNBP2	0.650119787189976	0.493937987719234	0.835136500087844
ST6GALNAC4	0.556244266809664	0.130264833462616	0.649887333297212
ESF1	0.208751835845337	0.490268409776369	0.834147794372914
DHX35	0.386561707316655	0.23422240224082	0.703661370723017
DHX33	0.247486927312007	0.308128506792909	0.751778322271303
NOL6	0.83105122625615	0.105027938817697	0.623073070668822
PEAK1	-1.61220874165014	0.0724551376817121	0.600597233215677
TDRD3	-0.464684275040703	0.301345269762302	0.747016020590278
SUDS3	0.272973638339501	0.451185474910265	0.822711887503837
NRDE2	-0.463980332828093	0.187243436373376	0.679297281068706
KAT8	-0.28868699633842	0.50579527951787	0.840505956146121
NOL11	0.217456191460201	0.500098376973508	0.836640013904811
DDX31	0.446956252539309	0.304621680166693	0.749459795426255
ECT2	0.206504258080418	0.727057137822105	0.924139195078597
RMI1	0.18702919358563	0.63089967766457	0.894315382993935
EHMT1	0.144849984117236	0.684869433419461	0.91451906473776
AGO3	0.0561516779671223	0.862188778194682	0.965692305857935
ISG20L2	0.267916890187074	0.417750179922612	0.803995005712165
MEAF6	0.210566482197287	0.492354191845885	0.834838815905045
FBRS	1.00095663447079	0.0204819423622941	0.521475439049152
RC3H2	-0.945173138942089	0.139183440456086	0.652604885263541
GPBP1L1	1.35355680858792	0.211518530878614	0.6919288593806
NCOA5	-0.195048464952606	0.532895289745592	0.852945799756594
CWC22	0.467743144894577	0.213050919634414	0.692539261517807
CHD8	0.31564862593148	0.260232315343949	0.722846467766611
MRPL47	0.430277235562812	0.301142501183601	0.747016020590278
TM9SF3	-1.13955975211704	0.0136686869994168	0.432301415881616
HMG20A	1.23494535107428	0.0331077939792976	0.555810264670567
DMAP1	-0.0985463204238535	0.655954586853377	0.902219612264837
PPAN	-0.142386816762542	0.532536223663561	0.852831172021356
PRDM11	-0.694037541936872	0.250426573414739	0.718824284036976
PRDM10	0.356063349454224	0.319415865701007	0.760333456706144
AAAS	0.117045567044951	0.672228546129403	0.909106809545478
BAZ1A	0.0621342667264031	0.879148555334889	0.972457400847355
DROSHA	-0.324154281612344	0.264818585038788	0.728155575456581
HELLS	0.315173942322318	0.632980791620083	0.895040494363577
CENPM	-0.991150575342299	0.244545025797193	0.717196129504764
PDS5B	0.173748770899369	0.434014719931222	0.81519472531192
IMP3	0.37238431432953	0.294336446405544	0.744653182894866
MED17	0.181401170553656	0.506112005549691	0.840505956146121
FBXO28	0.168247635407063	0.590669487225783	0.875747124027379
ARL8B	0.599519092257218	0.125707638801337	0.649887333297212
DDX18	0.44697985245142	0.138792438886594	0.652604885263541
INTS10	0.214354516055263	0.423686515892436	0.80914728588216
POLR3E	0.265313846672171	0.818011111758674	0.950707390240568
RLIM	0.684945293051353	0.229536505660904	0.703175411026658
FANCL	-0.815068354305534	0.35672147164326	0.777778047112092
ARGLU1	0.424869253875713	0.371578715723057	0.788620381097655
PAK1IP1	0.064810824284244	0.783831032402727	0.936967369759609
FAM120C	-0.172621557866467	0.674823722831232	0.910178537057474
LYAR	0.299476370956206	0.309645235775069	0.754995517299288
BPNT2	-0.317455091448934	0.720441069932135	0.92409837949179
TEX10	0.286125300725356	0.250711104158749	0.718824284036976
NSMCE4A	0.382326260271661	0.224919001104349	0.701899280512851
RTEL1	0.573357250036221	0.0352600609843249	0.558157119462616
ITSN2	0.97284616535628	0.0140556637231355	0.432301415881616
NOP53	0.142664476109353	0.551136007942638	0.861634571949598
SENP1	-0.0287116766406612	0.892392344604809	0.972457400847355
SH3BP4	0.622350521391787	0.409756605810061	0.801477725914983
HMG20B	-0.423295792480339	0.228842732430097	0.701899280512851
CEP72	-0.774721023377371	0.191049398545528	0.679458739828158
POGK	0.539150177894545	0.561175582257147	0.863983140617928
RCOR3	0.397275131517322	0.175832514134517	0.672449372685789
RBM27	-0.582675598719614	0.31833002895328	0.760082391649644
MBD2	0.252058308867237	0.392776408161997	0.797203126070981
ASH2L	-0.101129720380037	0.700929161527918	0.918678289108121
MORF4L1	-0.0259064639370692	0.906571423193449	0.975953079495828
ZMYM2	0.278453347689283	0.424230654562192	0.80914728588216
TJP2	-1.08598575408274	0.00278137830389322	0.20384293684879
VTI1B	0.37434149279391	0.199981878431146	0.681341718601544
KDM5B	0.563676223873617	0.0729073096040564	0.601406400218743
AFF4	0.175084762710448	0.581325169131369	0.869478108147428
TRPS1	0.212086647257472	0.489528379012107	0.834147794372914
BAZ1B	0.277817166976391	0.381492405499868	0.796771950681588
SIX4	0.721881969245366	0.328321523403771	0.764397549663814
DDX41	-0.0540476716241827	0.858613057040931	0.963724582419768
PTBP2	0.1885160103459	0.492344315898171	0.834838815905045
MAN1B1	-0.211499775122007	0.489791179085532	0.834147794372914
RALY	0.229967032427759	0.550316585679225	0.861559448233273
ZHX1	-0.192592830978182	0.65259591885343	0.901190504072286
INTS6	0.610498276917077	0.0226310625124997	0.527345985255321
AGO1	0.330512815071152	0.479793169082194	0.834147794372914
TAOK2	-0.1559023531204	0.722954316448984	0.92409837949179
MED23	0.125546468527187	0.612770491033978	0.887260008104289
YEATS2	0.155143315680412	0.568161462700198	0.867572208311915
CIZ1	0.248536620832642	0.621911811635811	0.890347826500404
TPX2	0.00374911991303861	0.987705066350396	0.996526806423336
TMCO1	0.159905989554325	0.457191657071453	0.825558908925589
FZR1	0.355089102669027	0.451070116089555	0.822711887503837
ANAPC10	-0.361097711066591	0.35666966904592	0.777778047112092
L1RE1	-0.118597027664521	0.884731920456001	0.972457400847355
WDR3	0.132814630394783	0.689060615971337	0.91501156706445
TTF2	-0.0513678686245669	0.874249807326228	0.971489590829341
SCAF8	0.146604341234291	0.478288689421912	0.834147794372914
PHF8	-0.148545041751468	0.591200353173751	0.875747124027379
ZC3H4	0.188743322381761	0.455524390089977	0.825558908925589
EXO1	-0.0129936962235178	0.955987005979117	0.990677322449378
ZNF148	-0.084249236939705	0.773738849109935	0.935907874739994
CDYL	0.0130569919633885	0.974368958982725	0.993303896742763
ERGIC3	-0.36911721315477	0.356609608379985	0.777778047112092
KDM2A	1.25482919762883	0.0774742027995777	0.611292312358573
POLDIP2	0.184809359046184	0.488934270341654	0.834147794372914
FCF1	-0.242629354504622	0.58102324558228	0.869367722384793
TMED5	-0.0253093724083513	0.937981267430418	0.986653770405002
TMED7	-1.54583281957311	0.0333917207428779	0.555810264670567
MED31	0.198860484157315	0.679645148974934	0.912371255801977
CHTOP	0.396313568749473	0.413809017896768	0.801918171535668
TRRAP	0.156126860494751	0.621534907268569	0.890142627433489
MARF1	-3.67719392433868	0.00123089250328009	0.154454933079237
UTP18	-0.23303932102872	0.454133581886862	0.825558908925589
HCFC2	1.12098918183003	0.09515211920551	0.621651397277103
LRRFIP2	-0.0665702837000346	0.895844738522082	0.973222434010164
NCOR2	-0.316484352637122	0.38111265865828	0.796771950681588
ADGRG1	0.472076335948493	0.20254988073775	0.68167630322795
SPIN1	0.815230541527651	0.0140479164572143	0.432301415881616
USP3	-0.229178373509306	0.415545742463847	0.803472767392045
TAF6L	0.046514331920509	0.874366123470123	0.971489590829341
PRSS21	-0.362463520903606	0.248467079644299	0.717354576154867
IGF2BP2	-1.26937204588398	0.153553472807892	0.661336425228313
PIAS3	0.107787522685275	0.886199435286622	0.972457400847355
MAU2	1.0735292888242	0.0179352946947971	0.498915387458919
ZHX2	-0.0104156553057742	0.978032470898793	0.993835221835429
MORC2	-0.295635207025104	0.367036116063808	0.785002585649017
RFXAP	1.95906130316837	0.0280073880333035	0.542252944649659
SLC27A2	0.340273315095033	0.335649330780361	0.764397549663814
ZNF609	-0.104976533849733	0.79145262944207	0.940507352547414
SPTLC1	-0.449958480954258	0.0756576723200919	0.607581936770185
BCAT2	0.0455876422233388	0.955466990723765	0.990677322449378
ZBTB43	0.482086790892573	0.174432999120171	0.672449372685789
SUPT3H	0.425222111994515	0.526804448138	0.851544353004346
KHDRBS3	0.217932630566107	0.42760357899754	0.809810237877134
TAF5L	0.0424130229898445	0.910852747890859	0.976985590976689
ATP5MG	0.0477594025746662	0.834634964570043	0.957148170196534
CLPX	0.35659644489024	0.234247342405052	0.703661370723017
GOSR1	0.603444173906418	0.298253100333498	0.747016020590278
RAB3D	0.0807311780000113	0.816116411701966	0.950707390240568
NSD2	2.06828193157977	0.10620147941056	0.623073070668822
EGFR	2.10904718155838	0.01277516886243	0.423888718895767
COL3A1	-0.42379958975426	0.39976527869959	0.797203126070981
TOP1	-0.24894043424829	0.337972095274009	0.76598198483787
FOSL2	0.850200993797031	0.0258042496278507	0.542252944649659
MGAT1	-0.0274837622015767	0.90994414160852	0.976974904129537
NDUFS1	0.186344048250994	0.469056228863159	0.828731241630737
PPIF	-0.272355448740193	0.314929869189469	0.760082391649644
HADHA	-0.297665181865554	0.214379399174832	0.692766762708308
CTCF	0.261214783630667	0.487892203340032	0.834147794372914
DAP3	-0.220762808747224	0.365061407395703	0.783460298108986
ALDH3A2	-0.1857530807603	0.482244099686327	0.834147794372914
SEC61A1	0.557902543394572	0.117845701356621	0.641343710734243
RAP1A	1.58519629278775	0.0401265652147077	0.558157119462616
SEC11A	0.82630404798623	0.169024158658288	0.669168751984375
CKAP4	-0.164228621969009	0.572165705552274	0.867572208311915
LGALS3BP	-0.635505189095429	0.0206619761995335	0.521475439049152
PRP4K	0.516100391725598	0.0375683645308138	0.558157119462616
GTF2H3	0.184210857888687	0.538878255727233	0.855797571070451
ARID5B	-0.455686370342931	0.345327619026949	0.771555143880074
PDK3	0.23429512603601	0.61463343281525	0.888270008516844
MED22	0.398802944047141	0.179107807018445	0.672449372685789
FLYWCH1	0.416893858507397	0.347971276250012	0.772796348361769
SGO2	-0.18302350440057	0.779136813883005	0.936283560294792
SAMD1	0.62139981398736	0.328684909485831	0.764397549663814
RAB11FIP1	-0.0144201136487041	0.963959060132054	0.99137851306409
ZC3H18	0.0861520280927266	0.790214351981955	0.940332744845854
SUGP2	0.22784526752292	0.468567069858887	0.828731241630737
HOMEZ	-0.432186188579919	0.47617250112852	0.832624939474196
KLHL7	1.39153701107771	0.0570687881310928	0.576976471888164
ZNF687	0.325344343247544	0.43538335123074	0.816206240069581
CLASRP	0.436302952926049	0.387582634970734	0.797203126070981
NKAP	0.382413847465411	0.301104134241522	0.747016020590278
EMC1	0.265902881205179	0.278828975376656	0.737185200491839
NUP35	-0.107682363021425	0.782140596388993	0.936749784047282
PNPT1	-0.320946058659906	0.333182006323039	0.764397549663814
PNISR	0.502492611180383	0.0963876200800938	0.621651397277103
GLG1	-0.191868103994302	0.530075563264528	0.852098148499812
TBRG4	2.26942004394197	0.0774614090114427	0.611292312358573
PTCD3	-0.205331566909663	0.546997651335856	0.861559448233273
CDCA5	0.70827750458928	0.0916615954489757	0.621651397277103
IMP4	0.0651299344032275	0.843910491049318	0.957148170196534
RSRC1	0.217116834026829	0.57110359957257	0.867572208311915
EP400	0.176702321357585	0.883941432021358	0.972457400847355
YTHDC1	0.503699190109785	0.302331404420769	0.747037953378762
LENG8	0.303738507021286	0.222601928748788	0.701899280512851
CCNL2	-0.0396677692331764	0.882914185342576	0.972457400847355
PPP1R9B	0.664714017606258	0.26900242563524	0.731880566029874
RNF2	-0.0218568405630251	0.927052355958385	0.982292759165303
MPHOSPH6	0.139170147520762	0.596484459815534	0.87769054723586
PIP5K1A	0.0546418343609787	0.841760624533357	0.957148170196534
DDX50	0.418470208948424	0.358326714002071	0.778264824399312
SRSF8	0.410833453144736	0.450529986239719	0.822711887503837
CCDC106	-0.0854322387166064	0.841958390092282	0.957148170196534
CHID1	-0.0306374304723001	0.905471012298045	0.975890844985252
NSD3	-0.0833318889073063	0.720248613343192	0.92409837949179
OSBPL8	0.311257028936915	0.303305631364886	0.74766996192211
INTS2	-0.421879789440798	0.158283803712135	0.661593370834279
CPVL	-0.0563950541625431	0.850909937914108	0.95998157886047
ACTL8	0.787766821434584	0.203172537197813	0.68167630322795
ZCCHC4	-0.900362365119257	0.37227142026174	0.78949715226349
ANTXR1	0.649376568244932	0.0462981367348935	0.569177429727642
MED20	0.0254708359460665	0.914964149361762	0.978226056676597
SFXN1	-0.52706346746497	0.228762906356977	0.701899280512851
MCCC2	0.212109249320619	0.799416441310325	0.942628730765362
CWC25	0.60899197940574	0.0592486372551956	0.576976471888164
MRPL39	-0.37476674912979	0.333872320836549	0.764397549663814
CDK12	-0.0787406449895514	0.772803220277829	0.935866729741914
DNAJB11	-0.654145032387461	0.129111702871731	0.649887333297212
DAXX	0.586527768645968	0.181610962034199	0.673637514417602
PCYOX1	-0.786629163703541	0.254439511169565	0.719717008847187
MED13	-0.0707945117684901	0.840370695939121	0.957148170196534
GPATCH8	0.94188598993933	0.0696723213539149	0.597610499979832
ZMYND8	0.0798784516312452	0.766824708834375	0.933607335606297
MED16	-0.0548126982522916	0.830932784988547	0.955476082606002
CSNK1G3	0.135840688164244	0.760760567144726	0.932837362094128
HACL2	-0.166984827820954	0.795449166830817	0.942030915316149
GTPBP10	-0.300507217997822	0.219591739561696	0.698551017921221
ELL2	-1.91117705865128	0.171376856980346	0.670936313295416
MPHOSPH10	0.261081746251953	0.48172054249891	0.834147794372914
ZNF195	0.961249784931102	0.290067623137833	0.744015030116054
LIN7A	-0.496256755224344	0.120492880778406	0.641343710734243
LAMA5	-0.39089424160413	0.164913289016943	0.666251542662775
SPTLC2	-0.176789121122702	0.708137657466977	0.92185738177641
RRP8	-0.161050361467112	0.609433043908082	0.885455329902287
SIPA1L1	1.3351403797802	0.216589412103228	0.694936511010389
TIMM44	-0.550818266211056	0.234430505505344	0.703661370723017
GTPBP6	0.297984648242377	0.428674759147563	0.810759060601173
CCNT2	0.706808608146595	0.292436335111473	0.744653182894866
PMPCB	0.482586561079074	0.055188821192685	0.576976471888164
MED6	0.624872066734881	0.124728340840149	0.649887333297212
ERAL1	-0.030019625449242	0.885345279819206	0.972457400847355
MICAL2	0.877721972991253	0.0338720752193007	0.555810264670567
ERLIN2	-0.262843773878785	0.675331175956301	0.910395157965852
SCAF4	-1.42126643307581	0.143323124627433	0.652604885263541
MFN2	-0.974624724898245	0.105948443518254	0.623073070668822
VAPB	-1.5895506010492	0.0950573127860115	0.621651397277103
CPSF4	0.157429381790372	0.719440567401574	0.923899389369971
C3	0.308967573799073	0.575135506203884	0.867572208311915
KRAS	0.0868460451188042	0.914025819761946	0.978109167942974
TGFB1	0.864803863044973	0.0419292271822189	0.566785703355903
COL1A1	0.233350218545134	0.534786759240158	0.852974161379905
CENPB	0.249556851462295	0.508091558031324	0.840505956146121
TRIM27	0.111783516164227	0.654152999841191	0.901190504072286
HIVEP1	0.387662402975742	0.542632037666247	0.858435324012481
ATF7	-1.11670346580744	0.0733712587660131	0.603836112524297
SDC1	1.1590059114487	0.0998377558412805	0.621651397277103
PYCR1	0.497268787927815	0.154954503325421	0.661336425228313
BRCA1	0.533219014611369	0.463682815128068	0.825940122812177
NR2C2	0.714842078475996	0.097047798111759	0.621651397277103
ZNF131	0.00280564222567392	0.990540970016985	0.997538320127191
SUCLG1	0.0406329382608455	0.924995518179184	0.981999621684012
BLM	0.725805557040008	0.0443368100289563	0.569177429727642
SEC61B	0.27758526469448	0.234072227385962	0.703661370723017
TMEM258	-0.0789285878450983	0.741611675503655	0.927265050220499
DAD1	-0.105651292293246	0.656151655393972	0.902219612264837
RBM6	0.441157684370758	0.279538857650112	0.737185200491839
ADARB1	0.31237303473053	0.260690919995595	0.723592932340287
MRPS35	-0.433186427571641	0.323112747892266	0.764397549663814
MRPS9	0.172192462359341	0.463779054656814	0.825940122812177
OGDH	0.0127831956307816	0.97279327790457	0.993119523732739
KMT2A	0.70367446659461	0.152293917115984	0.661336425228313
CEBPZ	0.354667331721569	0.263966589893882	0.726336948798257
CTDSPL2	0.0126639214157436	0.955884353666328	0.990677322449378
COL16A1	0.301853656235465	0.615074864087796	0.888571003426305
SPOCK1	0.647035254310339	0.169160039474384	0.669168751984375
ASPH	0.4069007037942	0.214501385462032	0.692766762708308
DDX10	-0.0276512851730786	0.935537542108338	0.985443220833299
ORC1	-0.577684545239919	0.457257212487302	0.825558908925589
MED21	0.108147401996007	0.906412581625619	0.975953079495828
KRR1	0.372983548317773	0.265671952257136	0.728399863346724
C1D	0.922241118270581	0.0927525440119684	0.621651397277103
CDK13	1.16230668989833	0.0248225266876706	0.53749232503814
NID2	0.233029041190854	0.606471327424388	0.884595305358753
URB2	0.462457096470104	0.0842749468988517	0.621381884755302
MLEC	-0.218720460926569	0.442503036268868	0.81902820360401
SEMA3A	0.350623450891412	0.353501979340568	0.776512590912748
LBR	0.230608271893139	0.435773987243844	0.816206240069581
ATXN7L3	-0.107483113369671	0.890738274006889	0.972457400847355
ZFHX3	0.445555088766088	0.53259989226209	0.852831172021356
RFX7	-0.338496992380389	0.654063340923777	0.901190504072286
POLR1F	1.06792160389473	0.0779677267841945	0.611352624603742
GLYR1	0.279452785449941	0.318239054396652	0.760082391649644
TMEM41B	0.609770983192245	0.432574430585572	0.814094397511909
NOM1	0.234089829265415	0.436361097682189	0.816206240069581
MEST	0.0127073677805498	0.964584499197493	0.99137851306409
AARS2	-1.08636784504255	0.158670943628006	0.661593370834279
ZC3H13	0.576273893755101	0.185765182733068	0.676817506114457
MPP7	-0.661450893325132	0.488589289117093	0.834147794372914
LRIF1	0.0315084426386782	0.921697183723959	0.980895829983806
IBA57	0.273991553656778	0.430644430133174	0.812444889818642
ACBD5	0.0200789868942302	0.958801286236096	0.991316251178992
PRR14L	1.13118663818347	0.204167889597994	0.684330542882987
RSBN1	0.639742459822791	0.223309944991345	0.701899280512851
THOC7	0.361667527022171	0.332884427039599	0.764397549663814
MIDEAS	-0.201773449521411	0.396017618443315	0.797203126070981
SMARCD3	0.591288826893912	0.111004971886088	0.630461919311299
BCOR	0.0620069619425685	0.837020619535969	0.957148170196534
IKBIP	-0.136256446732293	0.52522919316569	0.850679326457478
CBLL1	0.893254816493094	0.117286691086319	0.641187680833303
NOL8	0.78732031537217	0.00917573676612956	0.380117068668535
TRMT10C	0.0659611059178538	0.892002689997233	0.972457400847355
PHF5A	0.552123029824795	0.102356968361408	0.623073070668822
POGZ	0.150071260161511	0.508213223666306	0.840505956146121
CENPV	0.530074406667044	0.116941082777512	0.641187680833303
ZBTB33	-0.412606504705778	0.361280117776615	0.780963119953705
GPR180	-0.687734557084809	0.334938161491004	0.764397549663814
MGA	-0.0906030253274892	0.754720958184309	0.931860208689478
ZZZ3	0.186760261886526	0.462675718747747	0.825940122812177
CCNQ	0.229640302809901	0.465107354171249	0.826736999415405
CBR4	0.390285116717664	0.25158569509559	0.718824284036976
MMGT1	-0.144034048875735	0.74891273092549	0.92932042195648
CISD2	0.372813474770581	0.234582984075398	0.703661370723017
DDX51	0.0788256241628673	0.703783229267013	0.919902595637015
C19orf47	1.58569402263767	0.0829245907654218	0.621283875394209
RNF169	-0.0402845179579892	0.965882828744558	0.991406264948917
RBM15B	0.390308655095495	0.186129706569816	0.676851442497681
PHC3	-0.947803045491046	0.335592290728536	0.764397549663814
KDM2B	0.587410305927023	0.0969124495831561	0.621651397277103
SNIP1	-0.506131079523367	0.416993837753019	0.803995005712165
ZCCHC10	0.296040643498468	0.628406647402095	0.893656768581026
DDX54	0.0759884157341197	0.813022328948124	0.949181408954581
SPRYD4	0.501066538405631	0.301668238175922	0.747016020590278
AHCTF1	0.374952331056058	0.236585823404156	0.70605213233613
DGCR8	0.0846203757048798	0.812937264899543	0.949181408954581
PXDN	0.0358175451147211	0.889521081507691	0.972457400847355
P3H4	0.0554746541461668	0.790284639590364	0.940332744845854
NCLN	-0.105538035742647	0.818111460608053	0.950707390240568
CCDC47	-0.0234203595782532	0.928772675127041	0.982663149613868
MRPL24	-0.490396460592919	0.460550488534358	0.825940122812177
PYCR2	0.178581596077407	0.508014829500648	0.840505956146121
MRRF	0.352533602640012	0.514838567240962	0.842686218574185
MARS2	-0.3436305166884	0.24783026806425	0.71722967096949
TMX3	-3.08253777534365	0.000132233855720186	0.0421733220055283
DNAJC1	0.147719341761185	0.591955400891376	0.875747124027379
EHMT2	0.384961928826669	0.154865826709246	0.661336425228313
B3GALT6	-0.123621886955526	0.665968095001338	0.905789513165222
ATAD5	0.527079248389327	0.501353914377401	0.837274218971199
PIGS	0.187774864474946	0.510045725679783	0.84219422034907
BARD1	0.176850574688601	0.570164847207754	0.867572208311915
BUD13	0.285309933796974	0.416626012069279	0.803929990884061
MRPL45	-0.245196233733619	0.427220501716091	0.809810237877134
GPATCH1	0.443689986915835	0.0898696431283009	0.621651397277103
PRXL2A	-0.376953038932847	0.328585894084691	0.764397549663814
PCGF1	0.388175665113568	0.317872792830481	0.760082391649644
MMTAG2	0.144156331223506	0.619378983791999	0.889225987602055
PHF20	1.09575817888319	0.0479636923088865	0.569438104016094
FUNDC2	-0.404170249397438	0.682579190617132	0.913212827680861
MRPL13	-0.586998772053104	0.0646577440964665	0.587700139302671
SETD2	0.274668214263613	0.527048660015321	0.851544353004346
DNTTIP1	-0.196336351199903	0.412269454075563	0.801918171535668
ZNF106	0.61530070574543	0.136616859461796	0.652604885263541
SMOC1	0.371186286148188	0.527103943515417	0.851544353004346
TFB2M	-0.302296317978421	0.325214872218127	0.764397549663814
CCDC134	0.233582589005721	0.509612203848463	0.841843133448847
RIOX1	-0.0136410539302823	0.949405683271663	0.990192921330354
SCAF1	-0.142672047868949	0.731879685305203	0.925414977958432
NT5DC2	-0.195464489375439	0.487092474596672	0.834147794372914
TMT1A	-0.120015135921971	0.802481804682209	0.944198257994412
BRD9	0.128111240660921	0.610494350945506	0.885959711459016
WDR76	0.473128553500828	0.379930758289261	0.796771950681588
L2HGDH	0.0789429846733718	0.908816402561813	0.976974904129537
CARS2	-0.3478280267625	0.507217409462889	0.840505956146121
BRMS1	0.521741952650569	0.316470025714641	0.760082391649644
MRPS30	-0.58307371591961	0.0706160945060259	0.597610499979832
UTP3	0.588068583814685	0.0488777241102815	0.573147712567024
ASH1L	0.464337890799403	0.0934732587981435	0.621651397277103
IARS2	1.15479324589718	0.015269459209555	0.454624289434486
DECR2	-0.302790739384154	0.400216263925328	0.797203126070981
ABHD10	1.16838889642494	0.230222085005607	0.703589708064449
ZNHIT6	0.293875483647572	0.483930333943898	0.834147794372914
OXSM	-0.473946171635795	0.721497609980931	0.92409837949179
CHCHD3	0.0474437162489423	0.881598654345817	0.972457400847355
MCM9	-1.18992521472291	0.0381308642433697	0.558157119462616
ING3	0.0102488775910601	0.975005201718981	0.993303896742763
AATF	0.190658999480824	0.514987195764701	0.842686218574185
FKBP11	0.301037017872645	0.262192118830231	0.724544783745824
FASTKD2	0.205955277634416	0.35603008324231	0.777778047112092
HACD3	0.0978898769848264	0.739939538688493	0.927265050220499
USP36	0.0167656366050011	0.959854331171855	0.99137851306409
CHD7	-0.028813163803612	0.913337914447192	0.977867086730062
XPR1	1.34200748047797	0.0723052902480911	0.600597233215677
SEC63	-0.34634409335116	0.160089538364415	0.661593370834279
TCF20	0.248503520320664	0.41094983005168	0.801909781017385
NOL12	0.341103943506475	0.533309499902181	0.852961120422415
SALL4	0.724957690128925	0.246165589243158	0.71722967096949
SCML2	-1.11361098002488	0.00736420251822865	0.350812197462118
ICE1	0.183790387423159	0.759328772328668	0.932582001722382
FNDC3A	-0.396272740618397	0.261703357363788	0.724544783745824
MRPS17	-0.52021421409917	0.101100983105413	0.623073070668822
ACOT9	0.528643169614806	0.163676478363181	0.665001129042733
MRPS2	0.334893383463246	0.318911504656988	0.760082391649644
MRPS23	0.0221033062050253	0.930088957633284	0.982672047796565
RBM19	-0.372716346143029	0.385300269211404	0.797203126070981
TBL2	0.146622915990907	0.511379680597681	0.842597853055587
PAXBP1	0.266792352835957	0.38118879567223	0.796771950681588
SRPRB	1.1584861190752	0.0387059518112826	0.558157119462616
ALG5	0.244576467245988	0.507839949612422	0.840505956146121
DNMT3A	0.309662125233661	0.286330013571283	0.742820749979686
BDP1	0.468146158988784	0.356745218145352	0.777778047112092
NDUFS3	-0.0124859052370425	0.960161958263313	0.99137851306409
SVIL	0.213621969307571	0.749445657670658	0.92932042195648
ZKSCAN1	0.950929423213008	0.201658171237523	0.68167630322795
UQCRC2	-0.345536658744791	0.577773429873608	0.86844961462445
CLK2	0.244017642294207	0.304122920645011	0.749200032694336
MRPS34	-0.0913823260455011	0.780588079751886	0.936749784047282
SRSF4	0.343628227324658	0.302793981804524	0.747375560011036
RBM45	0.717307722673098	0.0548363747182859	0.576976471888164
MSL3	0.768684276082077	0.0955044047507183	0.621651397277103
NCSTN	-0.422221580191369	0.506562564069147	0.840505956146121
NOL10	0.30957044262987	0.255940859926002	0.719717008847187
MAK16	-0.0314365927639884	0.917725861921152	0.979694617909459
MRPL1	-0.39524012611589	0.291280615306521	0.744015030116054
SIRT7	0.09956288156312	0.798858497623329	0.942384632648738
MRPL16	1.038760885042	0.246838440199331	0.71722967096949
SLC25A13	0.0850822230940196	0.8587795019411	0.963724582419768
VDAC3	-0.4272416359426	0.244317785569409	0.717196129504764
DDX52	0.14710488856543	0.721712833143632	0.92409837949179
RRP7A	0.211921646048442	0.427706233881493	0.809810237877134
VWA8	0.262129242430071	0.233176598765769	0.703661370723017
NDUFS8	-0.0535051822041055	0.817683917806992	0.950707390240568
AGRN	-0.7021733358328	0.125574867297079	0.649887333297212
NDUFAB1	-0.0214765036822229	0.941813427878151	0.987876038750637
ACOT8	0.152854846024894	0.665193160391433	0.905375405089911
UQCRQ	0.175375818579898	0.599849339264473	0.880258072088207
NPC1	0.00720485202068488	0.981183727016433	0.995087682450531
GNPAT	0.206305035603066	0.549062679666241	0.861559448233273
TAPBP	-0.43201893569001	0.168963069819411	0.669168751984375
GPAA1	0.150531642968758	0.585366294542582	0.872782061229178
NDUFS5	0.268830304305197	0.545092942635094	0.860542338186554
OPA1	-0.0474192429929019	0.909707556345567	0.976974904129537
ABCB7	0.245520530941807	0.467746635912013	0.828337560158309
NDUFS2	0.425529668324611	0.138168200931824	0.652604885263541
LRCH4	-0.630937699782613	0.315728712900606	0.760082391649644
SURF6	0.16952630132262	0.817859144900242	0.950707390240568
CRTAP	0.0518163230554265	0.829599887538237	0.955167725500973
ATP5PD	0.389035006861569	0.17559071283102	0.672449372685789
PRSS23	-0.161277262379222	0.597258507747602	0.878074555601868
LETM1	0.248030957366016	0.46038041994717	0.825940122812177
SGPL1	0.149855205289342	0.592978038662713	0.876476330499497
CTDNEP1	0.0211497224101294	0.966866345294232	0.991406264948917
TOMM40	-0.463430686458327	0.152422206824438	0.661336425228313
MT-CO2	0.0159359313163563	0.976057679490666	0.993524523648218
APP	-0.560045605205612	0.301556103509409	0.747016020590278
COL5A2	0.279754358890578	0.782648960800263	0.936967369759609
SERPINE2	0.0801429707247721	0.917740694289364	0.979694617909459
CYC1	-0.350763052852923	0.147248221895432	0.657899458434022
MET	0.056112754989222	0.83975053994078	0.957148170196534
CFH	0.605526215418131	0.333171409454227	0.764397549663814
COX4I1	-0.493952728339014	0.144899124945892	0.652604885263541
CYBA	-1.83125876577445	0.0545443364550391	0.576976471888164
COX7A2	-0.0347921814911594	0.894597805872238	0.972759141349428
NDUFV2	0.253163329804483	0.388155703917704	0.797203126070981
COL5A1	-1.12649268771096	0.2747759971643	0.735153775094254
MMUT	0.246918432231993	0.453177575093789	0.824526828814744
CPT2	0.240255207988383	0.530430664070842	0.852183082121613
ATP5PB	-0.185036027170696	0.463855118011756	0.825940122812177
GRN	-0.793869032026713	0.324490209002362	0.764397549663814
ATP5F1D	0.945370374502751	0.00414446725976834	0.246790073859018
UQCRC1	-0.797575196297	0.0936225611168015	0.621651397277103
FBN1	-0.847878574633995	0.0703011025980679	0.597610499979832
ATP5F1C	0.0369204748898859	0.905470223498723	0.975890844985252
SREBF1	0.963011375406921	0.0378471329993594	0.558157119462616
GGCX	0.0158283468862486	0.96455915771722	0.99137851306409
COL18A1	0.176057955497306	0.632960340856601	0.895040494363577
GPD2	-0.492651295222579	0.235000384226167	0.704077409029815
STT3A	0.0528588006013528	0.872981249200559	0.971489590829341
UQCRFS1	0.264770593211555	0.425566404348729	0.809702230141291
ATP5PO	-0.243110296990046	0.379265295138366	0.796771950681588
MRPL19	-0.0935617757357861	0.707759920687865	0.92185738177641
NDUFV1	0.18060967983147	0.499675417455121	0.836640013904811
NDUFA8	-0.0696194161436168	0.842822895982818	0.957148170196534
MRPL12	-0.190988169965092	0.636149377429231	0.895137594316058
HCCS	-0.110321080965562	0.740385477210757	0.927265050220499
SLC12A2	-0.102111651100095	0.784043280546679	0.936967369759609
HADHB	-0.074888107316557	0.762213440368887	0.933084518667015
ATP5MF	-0.204248174482554	0.51260050524687	0.842597853055587
ATP5ME	0.120803194261402	0.781271034223875	0.936749784047282
HSD17B7	0.0230847779879326	0.946851253260874	0.989701076845088
TGFB2	-0.791862739899354	0.145042334772558	0.652604885263541
TIMM10	0.0436670483039237	0.903001571617168	0.974614111370534
VAMP2	1.17470191773669	0.212662025508964	0.692539261517807
MRPS22	0.384696171241629	0.202646049895529	0.68167630322795
MRPS25	-0.0743032491116793	0.748126900218159	0.92932042195648
LACTB	-0.384760241329765	0.342936869632259	0.770596939957865
CBX1	-1.05623647749679	0.00119492905878172	0.154454933079237
HSPG2	0.189486899369335	0.54765626195409	0.861559448233273
TFAM	0.0258397921049749	0.901620348396861	0.974483886695086
SLC25A11	0.192478496800007	0.660096363996258	0.903926425867675
LMNB2	0.436273460221255	0.189638362985432	0.679458739828158
STX4	0.728047476438729	0.515872802203742	0.84341108931723
BNIP1	0.23103430067378	0.61150529743568	0.886418969224312
DNAJC3	-1.06828043473519	0.255373759489986	0.719717008847187
MRPL49	0.26578402944223	0.404940941209311	0.798292850682173
NNT	-0.261221668672551	0.607734742957986	0.884595305358753
ADAM9	-1.15155008982736	0.00076421943604724	0.116497610831041
ADAM15	0.315412978222383	0.847086286034521	0.958077971217164
MTX1	0.355194297393052	0.247327616591559	0.71722967096949
LAMB3	1.0666164939751	0.346801948297109	0.772450160701509
SQLE	-0.0108247510726045	0.985860850720148	0.99631813898024
MESD	-0.808967756447885	0.489744410168645	0.834147794372914
PON2	0.598654830808979	0.0850792237807158	0.621651397277103
DECR1	0.212928100020871	0.449560599873823	0.822711887503837
UGT8	0.231348465045976	0.418347440652643	0.803995005712165
IMMT	-0.533066130300384	0.0426580591619666	0.568117490185834
LY6K	0.687084958737639	0.487603482470916	0.834147794372914
ALG11	-2.18373398306386	0.0206573213026085	0.521475439049152
HSDL1	0.190804263646154	0.539841868499964	0.855797571070451
TIMM50	-1.18580872099474	0.0581541563209401	0.576976471888164
TMEM97	0.28045147813954	0.413389419233067	0.801918171535668
PIGG	0.260013703334799	0.411174371383379	0.801918171535668
MIA3	0.180761130810708	0.636362884841351	0.895137594316058
ODR4	0.229447502782492	0.687500781622786	0.91501156706445
MTARC1	-0.477142513290964	0.0584627528962402	0.576976471888164
CDKAL1	-0.0469014558859442	0.838328346936925	0.957148170196534
LPCAT4	0.0905628471742439	0.824255702835103	0.953334896359508
STEAP3	-0.545037540001879	0.36531329040663	0.783460298108986
MCTP2	0.67012156297703	0.0456040556247503	0.569177429727642
DHRS7B	0.38378927747101	0.101863230234209	0.623073070668822
SLC25A24	0.929900858684888	0.141535266623153	0.652604885263541
RETSAT	0.241932793743679	0.747393638164375	0.92932042195648
TMEM214	0.125055563093071	0.697860136799764	0.917623069798402
SLC27A4	0.136955052111535	0.540096698140419	0.85584553705328
TMEM205	-0.263874068434742	0.75228392610558	0.931131549979982
LCLAT1	0.152644604528803	0.661877169288453	0.904403989305043
ACAD11	0.512347662474834	0.0881574325554904	0.621651397277103
ERMP1	0.688964016486814	0.0232293845884048	0.530102902194076
MRPL21	-0.101165674327888	0.801444042812243	0.943851436080797
P4HA3	0.203203976113038	0.724346484480642	0.924139195078597
GALNT7	0.220864492583921	0.509322582022099	0.841729557713017
ADGRG6	-0.374028966442424	0.291138647088783	0.744015030116054
DHDDS	1.36487370465102	0.0166956309006179	0.489438841248113
GALNT10	-1.52266285711344	0.00211869390855184	0.181612116773689
GPAT4	0.14217463167823	0.692220896596478	0.917164176143935
LONP2	0.403187193268042	0.10431392926501	0.623073070668822
TMEM126B	0.089845254515236	0.768967469686935	0.933607335606297
P3H2	-0.228141377811163	0.462608507128465	0.825940122812177
P3H3	0.367846479159912	0.190340989084104	0.679458739828158
FUNDC1	-0.0969241782964119	0.819648969717674	0.951070856455678
ITPRIP	0.734578767073891	0.0652819268919314	0.587700139302671
MICU2	0.338471550457061	0.142498989530135	0.652604885263541
GHDC	0.348786938103554	0.329462596134182	0.764397549663814
ABHD12	0.546299959755789	0.267423988224435	0.729529577038884
PTGR3	-0.431345604226159	0.49929139731409	0.836640013904811
DHRSX	-1.15359932220876	0.0246969040499013	0.53749232503814
XXYLT1	-0.349704117573921	0.199446452401783	0.681341718601544
UBAC2	-0.401648929897014	0.645162614464307	0.899310432963963
RDH13	0.0337326797395789	0.925473714015314	0.981999621684012
TTC13	-0.252719598907845	0.528480075359097	0.852098148499812
UXS1	0.0507711124762977	0.90806379576049	0.976751658380815
DIPK2A	-0.265792668725013	0.411878853379632	0.801918171535668
VANGL1	2.24528642077047	0.145613909278677	0.654404019175752
DNAJB14	0.708563399604948	0.0625411558158853	0.583712500865375
STT3B	-0.169890243364456	0.507670244686585	0.840505956146121
NUP210	-0.355518535708001	0.529003070308588	0.852098148499812
USP33	0.309037435862777	0.394637861781118	0.797203126070981
THEM6	-0.392606285700666	0.203197134732866	0.68167630322795
NUDT8	0.0226250132946397	0.965687891549762	0.991406264948917
DCAKD	-0.490015771047872	0.413807253020118	0.801918171535668
TFB1M	-0.262482746241059	0.345930738802246	0.771863024341545
FAR1	0.838806344381201	0.0795715145235862	0.615126457393132
BRI3BP	0.0352518333351384	0.895101778363546	0.972759141349428
UBXN4	0.545917674354278	0.144493991998773	0.652604885263541
PIGK	0.132123012982753	0.572086943255975	0.867572208311915
PIGT	-0.376092502787913	0.239900214530044	0.710932906356142
FAM162A	-0.257478318470888	0.473688083884396	0.830601549025331
TTC17	0.0812426354617699	0.842349136706172	0.957148170196534
FAF2	-0.203661829999689	0.506216868506913	0.840505956146121
NUS1	0.228953694632281	0.400540878769798	0.797203126070981
DNAJA3	0.404331272531444	0.392189980300582	0.797203126070981
MMAB	0.57669615410812	0.307050430593352	0.751778322271303
ATP5MK	-0.0583789046159282	0.842534022040607	0.957148170196534
SLC35E1	0.0115913405995904	0.977860734298787	0.993835221835429
MBOAT7	0.112629208656664	0.706025459897538	0.920829236026529
MIA2	-0.186503857069219	0.620474966340736	0.88953821706485
TMEM237	0.215175106334549	0.380735865159026	0.796771950681588
FYTTD1	0.16912557906203	0.60866901296022	0.88502007187768
H2AC1	1.43294611115393	0.0657488157957599	0.587700139302671
VPS13A	0.338167833709726	0.221945102538426	0.701899280512851
CYP2S1	0.246151830984505	0.484122917929365	0.834147794372914
CDK5RAP1	-0.112950532448664	0.713495578226645	0.922435179739649
YME1L1	0.198196155456472	0.397698193567547	0.797203126070981
PKMYT1	-0.307546675301815	0.471895655086635	0.829517685209947
RNF5	-0.264398828520708	0.492447561835356	0.834838815905045
ADPGK	0.361343856801206	0.702699951795777	0.919639256968992
NDC1	0.671358829314244	0.1704654022919	0.670936313295416
ISCA1	0.0747486683798257	0.818296101592717	0.950707390240568
DERL1	0.544882076148259	0.0253858761042413	0.542252944649659
ABHD6	0.338060463892234	0.340053073049238	0.767738306511046
TMEM109	0.864963995542528	0.0241612256179532	0.535339714128022
NUP58	0.404169121791757	0.117449467285577	0.641187680833303
PECR	0.618387677308561	0.0192391543124124	0.519314119885603
MRPL20	-0.113894593098582	0.656245805614833	0.902219612264837
MRPL37	-0.252590321106858	0.401878358205156	0.797203126070981
SLIRP	0.145272154523138	0.689079820906579	0.91501156706445
MAGT1	-0.0921893059546761	0.763165690024951	0.933084518667015
UNC93B1	-0.0842503196962738	0.845720295235002	0.957148170196534
MRPL46	0.0725792389110538	0.768300220136823	0.933607335606297
TRABD	2.61996041618291	9.95146290000944e-05	0.037925025111936
POMK	1.09746161436201	0.00587965293917354	0.31121329654431
ACAD9	0.151039573690142	0.637607885661597	0.895137594316058
MRPL44	0.0408236372185868	0.900420669934622	0.974305273458501
RDH14	-0.000974815436286747	0.999020834669089	0.999641772596098
PREB	0.536758324335619	0.135457239539603	0.652604885263541
ABCB6	0.401732889804634	0.337666829331818	0.765981122966404
PNPLA8	0.17517138826776	0.624517646129599	0.892753072701168
SARS2	-0.700535197704966	0.0526252198795164	0.576003344718154
TOMM22	0.279993828635121	0.461331804971143	0.825940122812177
SACM1L	0.319545095088941	0.34498166512951	0.771555143880074
UFSP2	-0.581273910134477	0.22415764383881	0.701899280512851
TMEM30A	-0.688703837391767	0.130243611504442	0.649887333297212
ATAD3A	0.752740001694995	0.0647986527884576	0.587700139302671
MRPL22	-0.245622276347543	0.519218901437095	0.846034812128365
SMPD4	0.127283145806722	0.707454309840005	0.92185738177641
TOR4A	0.906697364153839	0.42172748062989	0.807234268548724
QPCTL	0.198852250522016	0.63911810004046	0.89579958780956
DNAJB12	0.135994450746725	0.79554587305747	0.942030915316149
UGGT2	0.164507546745188	0.637826635698011	0.895137594316058
MTCH1	0.502232414694031	0.0779770590320276	0.611352624603742
NDUFAF4	0.00917209508715544	0.985165293825545	0.996213473610576
NDUFA13	0.294893116753297	0.336383943098742	0.764397549663814
CHPF2	0.0603293525521096	0.895163030362751	0.972759141349428
STX18	-0.488115397414987	0.348315589675561	0.772856702823615
DPM3	-1.19911293842942	0.186326644298314	0.676921679142875
MRC2	0.153751921104121	0.778108688376486	0.936283560294792
STOML2	-0.339650437860495	0.486416884254745	0.834147794372914
HIGD1A	0.031887567120652	0.936831697450661	0.98580136224959
HPSE	0.44465568463751	0.150018247094585	0.661336425228313
PRELID1	0.0441667157800794	0.926056857360025	0.98205161097707
YARS2	0.477207030025927	0.385466914511741	0.797203126070981
MRPL11	-0.251007739784065	0.482812953445248	0.834147794372914
TIMM8B	0.147034136125523	0.651161687335957	0.901190504072286
TIMM13	0.0163248688632365	0.956467917630376	0.990677322449378
FADS3	1.97303895635141	0.0014589688084504	0.165935445626943
AUP1	0.0972556723774431	0.716156102212759	0.923124547433856
MTCH2	-0.408901767845471	0.177660828207269	0.672449372685789
CEPT1	0.470107032713294	0.133311616581064	0.652604885263541
COX11	0.769606115552644	0.0450783022970059	0.569177429727642
LAMC3	-0.844178007925191	0.135232116372711	0.652604885263541
PDHX	0.534497362305398	0.192754728971005	0.679872010488863
ADAM10	-0.400462008676794	0.395549835575755	0.797203126070981
ICAM1	-0.202556547211813	0.64967565235217	0.900704724554843
FECH	-0.162536170041271	0.778206659563941	0.936283560294792
KRT2	-2.24120342695052	0.00525914102878866	0.28632266372448
COL15A1	-0.493281725943024	0.488385598403635	0.834147794372914
HARS2	0.00878655462645384	0.980363292018123	0.995087682450531
EHHADH	-0.0234706397116327	0.922735086667918	0.981452250988399
ENDOG	0.276457947408375	0.296421177804982	0.745540506354936
NFE2L1	1.1491361580127	0.0749758016555021	0.606018577927897
PDIA5	-0.615474639155806	0.0824033171009075	0.621283875394209
ACSF3	-1.35415159975196	0.171877211319821	0.671131201167868
RARS2	0.72247250200585	0.122827947286403	0.647437492542853
ATAD3B	-1.97011057194588	6.47521875254092e-05	0.0300028712720339
GOLM2	0.430311613879297	0.133781469488476	0.652604885263541
MRPL10	-0.415442257540604	0.467057508668077	0.827948562934645
PIP4P1	0.200586351209132	0.51652378516795	0.844113269843507
KIAA2013	-0.530715576822864	0.199259771550068	0.681341718601544
MCU	-0.13421833078527	0.561575488565953	0.863983140617928
MAIP1	-0.160455695395122	0.563157181979594	0.864809003616767
RTN4IP1	-0.10167902351732	0.704108074382885	0.919902595637015
MRPS27	-0.358861063905326	0.247409045849104	0.71722967096949
RAB8B	-2.29983816347429	0.000174300331151061	0.0474470401440497
PGAM5	0.0813991513011665	0.74958329008746	0.92932042195648
MICU1	0.274981629133087	0.834847679307448	0.957148170196534
NDUFAF3	0.223720210056705	0.805307628980603	0.945203070881262
TMEM126A	0.626628562779175	0.0601435874581831	0.576976471888164
XYLT2	0.293146799755405	0.382617375869684	0.796771950681588
OTULINL	1.2056533046883	0.228023051236456	0.701899280512851
RAB20	0.0132813873762601	0.989973488749196	0.997300810368275
SETD1B	-0.22341202123437	0.575775075949602	0.867572208311915
PTRH2	0.224647561546075	0.530629875065492	0.852183082121613
SLC12A7	0.248809466936578	0.397130232813468	0.797203126070981
NFS1	0.368007627220592	0.200011483271498	0.681341718601544
NBAS	-0.0858596338304238	0.827304802890828	0.954833011452739
TMEM131L	-1.48178513238357	0.421231721405584	0.807096073542825
METTL15	0.244293723682684	0.43731994801557	0.81654900192037
WWP2	-1.83386747955461	0.00494183567437156	0.272946895000435
AGPAT2	1.58177536361228	0.136430991861888	0.652604885263541
MRPL3	-0.278952649098159	0.287494558642857	0.74287451103787
GJA1	0.282317462722276	0.496012561404667	0.83530882523782
FDXR	-0.435135922209177	0.253997958537257	0.719717008847187
EPHA2	1.47572261900273	0.0320805186415856	0.5547676664345
SOAT1	0.598807606371317	0.10024036632111	0.621651397277103
PNPLA4	-0.184126790455856	0.582950180688149	0.871566551040618
NES	0.622955642071553	0.134134119504071	0.652604885263541
BRPF1	0.56178170590762	0.206009467464987	0.687634008471693
NDUFA6	0.3743646371686	0.16579177098284	0.666392328723157
UBE2G2	0.113467205205687	0.686909815588405	0.914679702029144
CNTNAP1	0.279035158938683	0.469783603157253	0.828916339768491
MRPS5	0.980099634676058	0.0216044428368441	0.524466426157048
MRPS15	-0.408503389300495	0.304338817981211	0.749247568040308
MRPS21	-1.1698954094603	0.446265251987326	0.821864786227901
PDE3B	-0.668793674328278	0.259323943756055	0.721901789374963
PEX6	-0.244614205211704	0.588496316295908	0.875028216020041
SPCS2	0.310180140438611	0.405817021075707	0.79881856560221
MTX3	0.361936800173797	0.736416580620431	0.927248967010819
EARS2	-0.571394175876197	0.0485988542738917	0.573147712567024
MRPL2	-0.133394706589062	0.690043507376339	0.915536810728142
GOLGA7	0.189302045315099	0.613521677058118	0.888010296721796
ADCK1	-0.465853436431537	0.108524600713651	0.623073070668822
PDSS2	1.53213302722099	0.307246245611589	0.751778322271303
PNPLA6	0.108405022533471	0.664563120811269	0.905375405089911
UBE2J2	-0.0444299762167297	0.886249343098162	0.972457400847355
JAGN1	0.310624742978796	0.335457819815855	0.764397549663814
LEMD2	0.137876408011053	0.599850488903982	0.880258072088207
COQ8A	-0.404998569352887	0.184283407169956	0.674009755182922
GADD45GIP1	0.36596049862807	0.498218606248239	0.836068299608999
LPGAT1	0.433948937031296	0.241092260152557	0.711815603937873
MRPS31	-1.93461999413937	6.62877113568538e-05	0.0300028712720339
TAMM41	-0.155378209371271	0.674683485275326	0.910178537057474
FOXRED1	0.53747162426059	0.0847179405790046	0.621651397277103
MRPL38	0.000317947433799759	0.998838062180621	0.999641772596098
MRPL48	0.117966185526342	0.677168408533682	0.910671001923728
NARS2	0.908328073702148	0.126731474136983	0.649887333297212
PKP2	0.401040364826542	0.331874869699573	0.764397549663814
MGME1	-0.0496940526559406	0.82986740593133	0.955187159167714
UQCC2	0.183955050353866	0.556403797272086	0.863320329845387
RAB11FIP5	0.214809200147432	0.430845217088291	0.812444889818642
MRPL9	-0.233735824353133	0.712539083726702	0.922435179739649
MRPL4	0.0692027935033899	0.837966682488285	0.957148170196534
ZDHHC5	0.534240992182358	0.38913209503975	0.797203126070981
GHITM	0.494395584719342	0.142637932698571	0.652604885263541
OSGEPL1	0.104958214864695	0.694706858149983	0.917164176143935
RHOF	0.158784300377107	0.517209948110203	0.844510330868888
XPNPEP3	-0.575808156392338	0.21304075870331	0.692539261517807
DDX28	-0.123005233949641	0.647883741867799	0.899812296012457
UQCC1	0.614671468000232	0.219274493980269	0.698124558528661
CLN6	0.104840501691235	0.790583278234848	0.940332744845854
OCIAD1	-0.235669736152104	0.660562168177974	0.904080653419681
ELOVL5	0.112288942760813	0.710182247921643	0.922435179739649
CISD1	-0.659614540090288	0.0517645196996465	0.575164153537471
MRPL15	-0.645183123610877	0.413560045640587	0.801918171535668
MRPL27	-2.74805515116321	0.0653384761583463	0.587700139302671
AFG3L2	0.0708338795814996	0.789191164245201	0.940332744845854
TIMM22	-0.0407856066189822	0.854553094466697	0.961616830596933
PEX16	0.536075350069741	0.256340883361786	0.719717008847187
NDUFA10	1.17537315545481	0.239293890781416	0.710666393249072
JUNB	0.362086316237313	0.22497681087617	0.701899280512851
ATF6	-1.80693716970497	0.00148040019714407	0.165935445626943
TOMM20	0.855481366379344	0.335436156813198	0.764397549663814
IGFBP7	-0.317295949482247	0.153093633596121	0.661336425228313
AGK	-0.279041237107023	0.461199780673438	0.825940122812177
EMC4	0.426826475620032	0.1768896378183	0.672449372685789
ASPHD1	0.306875820836183	0.548920867841722	0.861559448233273
LMF1	0.560994631010832	0.302355193735495	0.747037953378762
CXXC1	0.268047300342616	0.677447465351291	0.910671001923728
TIMM9	0.124814208475403	0.761577020019739	0.932937969558092
PXMP4	1.01340102644067	0.00229454702454176	0.182177473136014
C1orf226	1.17673896380845	0.00937575556411501	0.380117068668535
GET1	0.951950732335838	0.30807606290405	0.751778322271303
POLRMT	0.242737740285513	0.274384257548416	0.735153775094254
NME4	-0.0158004704844643	0.985454359255169	0.996213473610576
BCKDK	0.595319048804559	0.134545599135056	0.652604885263541
PRORP	0.888005948748699	0.00920877194362496	0.380117068668535
NDUFA1	-0.159300740506637	0.829584901267989	0.955167725500973
ABCC5	-0.331723220185225	0.276430165234864	0.735153775094254
NDUFS4	-0.431096622068566	0.344855744206091	0.771555143880074
EMC8	1.06624134710608	0.0638372397588935	0.587507337652504
NDUFB5	-0.164889349263088	0.559770672011762	0.863983140617928
NDUFB3	0.24651744759845	0.689026872479213	0.91501156706445
SLC25A17	0.211854870004487	0.437533249036508	0.81654900192037
SCO2	0.280300760516809	0.549963348937101	0.861559448233273
MAN1A2	-0.178798353622589	0.742850616396988	0.927265050220499
TPST1	-0.371171277826281	0.369871620712294	0.788183474194861
FKTN	0.976601631916122	0.0359941475027963	0.558157119462616
PTCD1	-0.153394362192671	0.680286655215028	0.912524618524107
NDUFS7	0.189115388001724	0.449813536317844	0.822711887503837
NDUFS6	1.07798890325927	0.083765455773939	0.621283875394209
PEX14	0.176843991913763	0.549405015896715	0.861559448233273
NME6	0.203213342749976	0.490880424316804	0.834279152526252
MTX2	0.132429335527544	0.571307845970827	0.867572208311915
SCO1	0.241811464110832	0.666716454449835	0.905789513165222
WFS1	0.980027377039981	0.104727599394265	0.623073070668822
GLCE	0.0499100692290746	0.874066131002842	0.971489590829341
NDUFB6	0.0422719520602541	0.854429185815438	0.961616830596933
ZFPL1	0.467753600556584	0.310242543559523	0.755485197128013
NDUFB4	0.669065226905818	0.112823877270503	0.6360529530738
NDUFB8	0.142146616203725	0.686374075903954	0.914679702029144
NDUFA7	-0.496619085051613	0.542882970966461	0.858475934586382
NDUFC2	0.38792721578789	0.314325852604358	0.759671040999247
PIGN	0.694029908146284	0.0321709929892481	0.5547676664345
CDS2	0.851637017068228	0.119718230455167	0.641343710734243
ABHD16A	0.608773725456533	0.450239663455477	0.822711887503837
TRUB2	0.279174587212189	0.374654026199325	0.793225829914237
NDUFB10	-0.427470343423494	0.277627978425842	0.736284081963036
PEX11B	0.130982099688001	0.63420002786888	0.895040494363577
MT-ND3	-0.124821937962203	0.756662814419784	0.931860208689478
MT-ND4	1.53355632733134	0.060861858225936	0.576976471888164
MT-ND5	0.566446825491504	0.154272119313036	0.661336425228313
UQCRH	-1.29143375743332	0.00868019799026586	0.380117068668535
SRGN	0.638774078225662	0.106737634458919	0.623073070668822
DBT	0.57082162180555	0.0401466075105441	0.558157119462616
SLC25A4	0.11457621953604	0.674931657235482	0.910178537057474
BCKDHA	-0.0471989839738249	0.845886916090771	0.957148170196534
ALAS1	-0.298019570300994	0.438614342866474	0.816589770720143
TMEM11	0.0287720297710941	0.919209440375717	0.980164291346351
NDUFB7	0.623203669543351	0.463798281748603	0.825940122812177
ATP5PF	0.128593259880176	0.722566394189082	0.92409837949179
BCKDHB	-0.189463693439642	0.42091984285835	0.806904185680669
JAK1	0.0385808844077999	0.918727908246756	0.980164291346351
CRAT	0.578357918290468	0.206397543205664	0.687634008471693
MTIF2	0.828916414628122	0.0117686967054439	0.423888718895767
PTDSS1	0.467881179210032	0.0621229916272076	0.583712500865375
DGKE	0.267595710913398	0.49663961886866	0.835408633092689
SLC25A1	-0.0841287006584892	0.763106374169444	0.933084518667015
POLG	0.517717173433645	0.0790288748205683	0.61465110600242
PEX3	0.345320997481174	0.271232115690725	0.734237631158695
YBEY	0.970038324540948	0.109291708745547	0.623073070668822
ROMO1	-0.408171994763215	0.240698514594449	0.711638509790105
SELENOT	-0.583631021047104	0.376789069855932	0.795977353226695
MRPS10	0.251985345300582	0.712917425210859	0.922435179739649
MRPS11	-0.964272800949658	0.0838966129380744	0.621283875394209
HTD2	0.519001629426825	0.157928925896467	0.661392457792788
DHODH	-0.018358930575527	0.934174575204961	0.984824151066696
MGAT5	-0.238331388943458	0.488126864556984	0.834147794372914
ST3GAL1	0.773778458149284	0.105208154682114	0.623073070668822
MRPL28	0.147357152876328	0.645955035102458	0.899428074086762
PPIG	-0.530425906399735	0.299391792577262	0.747016020590278
TUSC3	0.352979919440674	0.326289299114646	0.764397549663814
STIM1	0.598252181934363	0.406637345907461	0.79881856560221
AUH	0.0871476384379406	0.703745595286276	0.919902595637015
MRPL58	0.588386510060911	0.104821530242159	0.623073070668822
ITPR2	-0.391957574812672	0.363548434974667	0.783201292079399
ITPR3	0.243634165402032	0.596690722768071	0.87769054723586
MBTPS1	0.634373969580448	0.232918814323901	0.703661370723017
SLC75A1	0.533410525377256	0.388924799987893	0.797203126070981
FASTKD3	-0.743639851484147	0.177354547687509	0.672449372685789
EMC2	-0.138982259302004	0.531449429328346	0.852201923885492
OXA1L	0.0874145540853561	0.768261688292642	0.933607335606297
PDK1	0.526646403117478	0.0515944132495757	0.575164153537471
PDK2	-0.0676500135117166	0.856202788460222	0.962817594223047
MTFR1	0.361342729639208	0.663621158213917	0.905375405089911
TRAM1	-0.876115305748296	0.182283452644745	0.673637514417602
MRPL23	0.221309171127515	0.573037844396259	0.867572208311915
CYP1B1	-0.0213510952625668	0.951692074730114	0.990443666335703
DPY19L1	0.255091078635679	0.668944081907631	0.905789513165222
FNDC3B	0.277799423979587	0.265240866886661	0.728319700460094
MPV17L2	-0.0106748653942645	0.973860701668901	0.993303896742763
OCIAD2	1.1509665476505	0.0608135569982382	0.576976471888164
ALG10	2.02832871561261	0.0523379456257957	0.576003344718154
COX20	-0.163120456460984	0.534287389482482	0.852974161379905
EMC10	-2.6682527711539	3.7189413246504e-06	0.00472429512941422
GLT8D1	-0.95087660361952	0.0688548767818944	0.597610499979832
SCARA3	-0.356928360808396	0.353967080247734	0.776512590912748
MRM1	-0.813261771959855	0.253125738435482	0.718824284036976
LRRC8E	-0.619284491821382	0.191289140456393	0.679458739828158
RHBDD2	0.0625757701470562	0.90244557960182	0.974559394690432
TAPT1	1.00016368976666	0.0379749364512551	0.558157119462616
LPCAT3	0.678644610407162	0.0493864014579218	0.573576614639264
LETMD1	1.14486851386726	0.0837782275747278	0.621283875394209
SLC30A9	0.312940112920632	0.669548684855341	0.906125723715804
UQCC3	0.266940654065248	0.438191571425831	0.81654900192037
APOOL	-0.121349196454634	0.652269245782658	0.901190504072286
HACD2	1.50944857002812	0.129392842024562	0.649887333297212
TMTC3	0.463834710247788	0.134950525977408	0.652604885263541
COX15	0.987241667475821	0.0136362585953953	0.432301415881616
LRRC8D	0.125396644443384	0.742041962612935	0.927265050220499
ARMCX2	-0.857815921873581	0.254878109898087	0.719717008847187
NDUFAF7	-0.225985942141104	0.561781742968047	0.863983140617928
PLEKHH3	0.573218902918462	0.0577328525368793	0.576976471888164
COMTD1	0.807533586742789	0.0627434151152219	0.583712500865375
NDUFA11	0.606423933618437	0.287143410508302	0.74287451103787
MCAT	0.169773755836051	0.458649346763275	0.825558908925589
LRRC8A	0.393981026956737	0.354894446315964	0.777300422362148
RHOT2	1.51808221891313	0.00661032249114177	0.324541888262958
RHOT1	-0.0360520091521295	0.945667252125922	0.989549120772073
DSEL	0.289191091776406	0.418831753816628	0.804139446289464
CLYBL	0.173280355335322	0.698621119745097	0.917698610642688
PUSL1	-0.676869315216656	0.0472520681477576	0.569177429727642
TCAIM	-0.147220700752847	0.629698300895533	0.894150037558103
GTPBP8	0.308828677614343	0.349068210417803	0.772856702823615
GUF1	0.242878100761857	0.712394376084014	0.922435179739649
MACO1	0.296675170373412	0.348902927672068	0.772856702823615
PARP16	-0.0279256982577571	0.942079106990032	0.987876038750637
KRTCAP2	0.436088388668203	0.193099910978522	0.679872010488863
ATAD1	-0.0264712669168254	0.92471983252332	0.981999621684012
NOA1	-0.0508598574368477	0.860852356481494	0.965692305857935
SLC30A7	-0.198507773548442	0.789032215639718	0.940332744845854
GDAP1	-0.054445234947309	0.843252822870964	0.957148170196534
SLC25A40	0.811607848302877	0.0129102705717251	0.424146906455555
PIGO	0.773161392149802	0.020588222877987	0.521475439049152
PTPMT1	1.23208769865542	0.00438518044000301	0.257106502413099
NAT14	0.48747480065699	0.113274667772468	0.63658877277747
PTCD2	0.233786867074421	0.347180117715701	0.772565249274932
UQCC5	-1.03011646212557	0.19004362786548	0.679458739828158
STON2	1.36579601734821	0.169332144355853	0.669168751984375
HSD17B8	0.423594960830297	0.337304617469775	0.765615185930501
PIEZO1	0.224043277398849	0.561445623449885	0.863983140617928
TMEM131	0.615931273601181	0.188930897264307	0.679458739828158
ALG3	0.76014814247727	0.0217701236500164	0.525100893862104
HTRA1	-1.24920498436424	0.0123161110235184	0.423888718895767
EXT2	1.34464480082217	0.233627554990302	0.703661370723017
MTARC2	0.941338905694234	0.0706285216364716	0.597610499979832
PBXIP1	0.123440828525247	0.636019020521515	0.895137594316058
MCUR1	0.651251497646506	0.0286222679684671	0.542252944649659
CCDC127	0.427587896088429	0.424690676900222	0.80914728588216
S100PBP	0.107402015958641	0.767761403621326	0.933607335606297
NSUN4	-0.389119501378126	0.143681012103809	0.652604885263541
RPUSD4	0.620676991842739	0.185226645786833	0.675501193391026
COQ8B	-0.507148669158394	0.179735000543595	0.672588150651729
DNAJC19	-3.00177258319546	2.33037410142561e-05	0.0222026392513325
MTERF3	-0.254971198808711	0.53871583365248	0.855797571070451
MRPL53	0.481463815570841	0.0530509509304833	0.576003344718154
DMAC1	0.44045011015784	0.406640781230199	0.79881856560221
MYO19	0.529156417608299	0.301510505922286	0.747016020590278
PRR11	0.439439610674526	0.230814202660434	0.703661370723017
OXNAD1	-0.30985932469569	0.414616075928971	0.802630138971432
RCC1L	-0.00906637212311878	0.978124525043956	0.993835221835429
DNAJC30	0.405522227329531	0.444346880623119	0.820448625026505
MIMS1	-0.074243680008319	0.729057089267098	0.925273669599122
TEFM	-0.150406852599339	0.8004911043445	0.943603958755611
TWNK	0.0491846572325976	0.873871254659793	0.971489590829341
TMEM209	-1.11410345960532	0.092919471288291	0.621651397277103
IMMP2L	0.234539965915474	0.587745673317325	0.874618805549522
RMDN3	-0.0723111366347773	0.727235225935637	0.924139195078597
MTERF1	-0.384738504596655	0.491637728587814	0.834656051498292
PKP4	-0.494675470290055	0.226023069086639	0.701899280512851
TIMM17A	0.114238619095243	0.852588081535242	0.961590168313349
AGPAT1	1.31199401671668	0.261213678033154	0.724432406222433
ECSIT	0.255902146486807	0.410455115960914	0.80178285789378
VKORC1	-1.70322137659739	0.000707213609084447	0.112299627675868
PGAP4	0.754417737487501	0.133209870673347	0.652604885263541
TIMM29	0.23807607748121	0.598750755567978	0.879321437175169
MTG1	0.0606437995178624	0.864049740412694	0.966420934130534
APOO	0.00314470618247853	0.991323256013694	0.997538320127191
RAB5IF	-0.299547088058439	0.575677025034821	0.867572208311915
MECR	1.02647027417049	0.300353088975023	0.747016020590278
EMC6	-0.2346947141538	0.482563672230192	0.834147794372914
PTDSS2	-0.0161399152960797	0.964849426940304	0.991383436524535
ALG8	0.550291810858432	0.209085288949785	0.689188715435406
TRMT61B	1.243099833795	0.0410728632992136	0.561034702628326
TIMM21	0.207669360126619	0.561571414282307	0.863983140617928
ELOVL1	-0.696068312931356	0.324757462106883	0.764397549663814
HIGD2A	-1.23821828912374	0.0465703099147028	0.569177429727642
LTAP1	0.655482256063987	0.235816367564307	0.705413011607199
SFXN3	0.387739600583391	0.438090564166908	0.81654900192037
SEC11C	0.501064022608531	0.249564777396411	0.718824284036976
FUT8	-1.24418423893911	0.10518614145803	0.623073070668822
COA1	0.921844395102912	0.314353511324013	0.759671040999247
MRPL18	-0.578995750755055	0.173170123341101	0.671837269493146
OSBPL5	0.598372337161148	0.086626460817957	0.621651397277103
GLT8D2	-0.439406005338093	0.316347981673968	0.760082391649644
ARV1	0.819954297209325	0.248047417039567	0.71722967096949
SLC25A32	1.86981935924686	0.00133419589384662	0.158894392232796
TMEM245	0.181372009545075	0.594358132520012	0.876925607059143
MTG2	0.732364627321676	0.10122112636589	0.623073070668822
NSUN3	0.271244524859355	0.809829064598862	0.94786810970094
ALG9	0.739812757446586	0.0343765504329677	0.555810264670567
METTL17	-0.247969100175702	0.620646055936876	0.88953821706485
METTL8	-0.270047425835301	0.47714577919959	0.83336506165428
COQ10B	0.150305987383092	0.730775546254243	0.925414977958432
PDF	0.0260272067884557	0.906809198240547	0.975953079495828
PLGRKT	-0.443819089934074	0.566817049526751	0.867177750199297
SLC25A19	-0.0145487863318081	0.9615093779628	0.99137851306409
MRM3	-0.357562357169048	0.498133705960624	0.836068299608999
GPAM	0.175581215179839	0.66122885293515	0.904177667217745
ATP13A1	-0.387088898692795	0.105086097274534	0.623073070668822
JPH1	0.0751328347326385	0.763977063573329	0.933403862663929
EMC7	-0.542182088662585	0.077827084845544	0.611352624603742
NGRN	0.050756122560756	0.916924138764636	0.979694617909459
TIMMDC1	0.426327648957702	0.151850971156519	0.661336425228313
PXMP2	1.13343874765036	0.0171083363028954	0.490224583837101
ABCB10	0.651638174041953	0.0517662830394522	0.575164153537471
OSTC	-0.410339239586854	0.142497901761501	0.652604885263541
TREX1	0.0325955978461607	0.914202271375721	0.978109167942974
AGPAT5	0.0991876670778531	0.785369314717405	0.937825088503895
EXD2	0.288118230036233	0.329289192932543	0.764397549663814
DNAJC11	-0.54855537537124	0.0936592467638914	0.621651397277103
MTPAP	-0.435116122331422	0.19845805009539	0.681341718601544
TMEM160	0.266243153332063	0.46904618980927	0.828731241630737
MARCHF5	0.344842924626032	0.155788798211586	0.661336425228313
BET1L	-1.87609057913654	0.00123978556350845	0.154454933079237
EMC3	-0.0508166090990301	0.832311148243036	0.955690806253151
STIM2	0.939967432707359	0.152789319478208	0.661336425228313
B4GALT7	-0.108401911257285	0.777306396464954	0.936283560294792
SLC25A10	0.151395760386031	0.579437670579702	0.86870061470466
UQCR10	-0.148452061448502	0.572173701919725	0.867572208311915
WARS2	0.240650520663308	0.341475951710613	0.77003837394624
SUN2	-1.68873931466037	0.093834642862743	0.621651397277103
POLG2	0.104165496600068	0.759651021735573	0.932639049768212
CEMIP2	0.149532775528947	0.883918168809953	0.972457400847355
CYB5R1	0.203165288908121	0.635066303741119	0.895137594316058
NDUFA12	-0.831741470314842	0.128097795711147	0.649887333297212
CCNL1	0.0460739011680218	0.909668702790747	0.976974904129537
ERG28	1.00603737609427	0.0978289895583979	0.621651397277103
CCPG1	-1.58863525991351	0.251465275940732	0.718824284036976
KIDINS220	-0.0937171801031695	0.749601410940493	0.92932042195648
SPG7	0.427198477907289	0.218060638744643	0.697034851891245
RXYLT1	-0.48749032197609	0.189759043774852	0.679458739828158
UST	-0.610772154662271	0.241472781450633	0.712269945904305
EXOG	0.23759725118407	0.441636266665986	0.818931813014507
MTO1	0.387352711057225	0.18390943228612	0.674009755182922
TMX2	-0.0360403694823397	0.880356849011625	0.972457400847355
NDUFAF1	0.238297692751885	0.534606542672961	0.852974161379905
EMC9	1.00331508979452	0.151560096130528	0.661336425228313
MRPS16	-0.93691416161824	0.00192524366984027	0.181612116773689
PAM16	-0.633227862826597	0.209317225614101	0.689188715435406
SAMM50	-0.597202074441483	0.0993781792206339	0.621651397277103
DNAJC15	0.156385330457422	0.671530447299539	0.908485102825184
SPCS1	0.206580095197634	0.39590792136304	0.797203126070981
MRPL42	1.67483076746561	0.00206447537189392	0.181612116773689
NDUFB9	1.19192622182409	0.035898755657804	0.558157119462616
SQOR	0.0672349412741511	0.925480008609365	0.981999621684012
NKTR	0.338850704699482	0.483637516503917	0.834147794372914
ZNF326	0.311211780951034	0.399841289878186	0.797203126070981
TMEM201	0.514208789161252	0.529715052733783	0.852098148499812
CREB3L2	0.681317644520348	0.212000107787511	0.692539261517807
NHP2	0.476104656177768	0.157844104995077	0.661392457792788
RBMX2	0.158635750373929	0.496280138213903	0.835390285659534
CBX4	0.151671128954181	0.519706950504759	0.846034812128365
RGPD8	-0.173108784891227	0.717474392416447	0.923124547433856
UTP20	0.263342648198066	0.540985508965695	0.856897661956884
MYC	0.383491149287284	0.27972757088458	0.737185200491839
AHDC1	0.685785264960973	0.234267512121806	0.703661370723017
DHRS13	0.0525403688310675	0.930079829678194	0.982672047796565
NKAPD1	0.719670246702364	0.196475719155433	0.681318440128622
RPS19BP1	0.379364726834069	0.217759444696889	0.697034851891245
PHIP	0.482853236560217	0.136268519791626	0.652604885263541
POM121	0.843444503008385	0.105985824348766	0.623073070668822
SAP130	0.399261601686064	0.189052721467836	0.679458739828158
POM121C	1.58628628739489	0.000625535574719113	0.108359821602479
PHF20L1	0.444425408476924	0.515856324123671	0.84341108931723
SAP18	-0.177708051700073	0.564019083761431	0.864980574734331
CHD2	0.785989666157107	0.0760976330440661	0.607581936770185
ITGB1BP1	0.476966984399127	0.317193112038786	0.760082391649644
KDM6B	-0.312249704493333	0.326988898504665	0.764397549663814
WDR46	-0.222158141362666	0.565744224051017	0.866580079525091
PPM1D	1.49945938205757	0.153953328522743	0.661336425228313
BIRC5	0.236606857298369	0.512143884464355	0.842597853055587
TNRC18	0.228253535265477	0.418213051488179	0.803995005712165
NUP42	0.392479720856866	0.583438593234696	0.871954697575461
CLOCK	-0.584345602084717	0.597671319137036	0.878074555601868
KDM6A	-0.447091315854685	0.641162669404666	0.897144481479947
SUV39H1	0.171804098645275	0.759905860637739	0.932639049768212
SIPA1L3	1.64067298840125	0.0229645721906566	0.527345985255321
ZEB2	-0.168483697821333	0.676580701868092	0.910671001923728
MCM3AP	0.799314167474009	0.119725681431629	0.641343710734243
MAFK	0.38279340918945	0.216274750478209	0.694936511010389
PHF2	-0.127199957633827	0.5599707179449	0.863983140617928
SIN3B	0.14724356021383	0.724720274633886	0.924139195078597
E2F6	-0.0887545729291048	0.898851667527274	0.973990248776355
TADA2A	0.163729906973145	0.743143868178487	0.927265050220499
WBP4	-0.292208551247818	0.474037882217291	0.830601549025331
DEDD	1.7271937928372	0.146296902950857	0.655926467230252
NFAT5	-0.937220408805011	0.0569017489137513	0.576976471888164
NSA2	1.41530782129395	0.04060969296486	0.558157119462616
BRD1	1.11752138831886	0.0466606016145503	0.569177429727642
FOS	-0.461350784661974	0.214231627921543	0.692766762708308
FN1	2.03810578593557	0.0122780206217743	0.423888718895767
TFAP2A	-0.115437263663253	0.824936340438365	0.953832643631859
H1-0	0.710208720399063	0.157083280181794	0.661336425228313
TFPT	0.296884271773855	0.295513519199206	0.745540506354936
CKMT1A	0.0171459113409433	0.954763086816476	0.990677322449378
TAF1	-0.228737596401185	0.363429953987657	0.783201292079399
NR2F2	0.361500927100121	0.685437875954893	0.914679702029144
ARID4A	0.190614562913339	0.725947161079147	0.924139195078597
KDM5A	-0.00011944630364269	0.999818180247427	0.999818180247427
HOXA13	-0.367006125550979	0.313809197682076	0.759671040999247
ETV6	0.867990292266793	0.0728722115097947	0.601406400218743
MLLT3	-0.107977462358278	0.78025446879921	0.936749784047282
CLK1	0.658128524476481	0.0887124581323607	0.621651397277103
BRCA2	0.557486853895245	0.343567030993714	0.7711036249217
MECP2	0.934123745750945	0.0842966240930178	0.621381884755302
DYNLT3	-0.236055406656494	0.389686574600966	0.797203126070981
AFF1	-0.000495710846642794	0.998942738288733	0.999641772596098
HIRA	0.329214155721829	0.427922055786844	0.809810237877134
TERF1	0.0248592212669152	0.94556885067428	0.989549120772073
ACTG1	-0.605745088650302	0.1826318546992	0.673775409737319
XPC	0.12342651871386	0.63429241103505	0.895040494363577
AKAP17A	0.524028201708216	0.593887587433117	0.876925607059143
CENPC	0.173151351214557	0.578924629539714	0.86870061470466
PRDM2	-0.185995770017378	0.482429993701318	0.834147794372914
RLF	0.584296889211728	0.059178631741329	0.576976471888164
CDK10	1.35268863247986	0.209282965988507	0.689188715435406
ZMYND11	-0.0398608309380499	0.934999124546477	0.985148372586846
TTF1	0.83549645242131	0.0337837554148973	0.555810264670567
TAF5	0.821881504494872	0.229717498485487	0.703175411026658
TAF13	1.65006970820977	0.105616642606276	0.623073070668822
TEAD4	-0.311529691541587	0.693172190792586	0.917164176143935
TAF1A	0.599023774025724	0.386560393125287	0.797203126070981
USF2	0.0700483771468718	0.849504271447442	0.959247638069986
TAF12	1.65906499790678	0.00258577354598411	0.193223195759714
ZNF827	-2.06376301353819	0.00286149507166606	0.205751235344373
PWWP3A	-0.267283393511438	0.38867190387297	0.797203126070981
RMP24	0.367516621150738	0.692677140962906	0.917164176143935
KMT5B	-0.850960947013501	0.0818651270653137	0.621283875394209
TIGD2	0.285849143296439	0.316308624647462	0.760082391649644
EPC2	0.717948847139787	0.0661752860477622	0.587864837128256
CDCA8	0.577443593107887	0.177529921428659	0.672449372685789
INO80D	-1.10933362418712	0.00452542657937359	0.257408965581982
SPIN4	1.58637879414505	0.113610844435961	0.636721953155068
CENPW	0.561203375039696	0.10136791033428	0.623073070668822
ESCO1	0.517711862761949	0.322572666430031	0.764397549663814
TAF7L	-0.802811195529646	0.367475271159157	0.785444900946466
BRMS1L	1.04490302969748	0.323191960493848	0.764397549663814
ZNF362	-0.859071963712868	0.46363304340842	0.825940122812177
BEND3	0.103269525630896	0.65807169742506	0.903751797797083
ATXN7L2	0.133908081227041	0.777888224034491	0.936283560294792
H3-7	1.95948875634003	0.180977605981288	0.672617620445106
ZNF318	0.343593413827602	0.176952380198227	0.672449372685789
TAF3	1.47817569476375	0.0229382133293627	0.527345985255321
TASOR2	0.0266050873855086	0.930571457304328	0.982672047796565
SLX4IP	0.824931914812474	0.284194900875491	0.740113373337119
SNRNP48	0.339013699662001	0.378992397807525	0.796771950681588
CENPP	0.457265909855391	0.427960592779992	0.809810237877134
ZNF280D	0.896372062803575	0.0560243263377643	0.576976471888164
RMP64	0.267966053995632	0.404448837700274	0.798215701955331
MIS18BP1	0.559901818163773	0.218258603353056	0.697034851891245
ARHGAP11A	-0.979642793529692	0.148075277674489	0.658526823577364
KCTD18	0.594658120160759	0.19498822027403	0.679872010488863
ATAD2	-0.771126911116074	0.16572937813609	0.666392328723157
ANKRD12	-0.822685613346337	0.119514617235729	0.641343710734243
ANKRD11	0.198284032450164	0.497064472177282	0.835603309866617
BNC2	-2.32006719926611	0.00314804808599818	0.214235915281055
UBN2	-0.218809363366002	0.464897786360129	0.826736999415405
CENPU	0.338478038425542	0.311587039132518	0.756824860506072
MED13L	0.108247590405337	0.673034134710841	0.909580291149144
CENPQ	0.509791424923488	0.588695614306257	0.875028216020041
MCM10	0.346321150075266	0.208274252460145	0.689188715435406
TICRR	-0.160113343372849	0.705460071502767	0.92061247182719
KANSL1	0.194174849754777	0.573854842598503	0.867572208311915
RGPD4	-0.155234481233553	0.487211004224593	0.834147794372914
RAI1	0.931395912828329	0.0596787639606412	0.576976471888164
C5orf24	-0.00626229962132996	0.988657884717873	0.99676592557138
TADA2B	-0.0227191477899815	0.963510229601211	0.99137851306409
CASZ1	1.30492153886152	0.0603840440398227	0.576976471888164
JAZF1	0.251995010487068	0.409547739436933	0.801477725914983
CIRSR	-0.552347317825511	0.133862553460196	0.652604885263541
FBXO11	0.712619541435199	0.392406587707088	0.797203126070981
KIF18B	0.590294415151607	0.119350136937617	0.641343710734243
KMT5C	0.379011077233386	0.481570519912825	0.834147794372914
PALB2	0.6936332226567	0.0205114866482517	0.521475439049152
CCDC71	0.582918488020479	0.193420332266064	0.679872010488863
SLF2	-0.246606785971487	0.524072466759277	0.849951956626875
BACC1	0.301958799035283	0.21633757888599	0.694936511010389
SLX4	0.572034553358616	0.225562024653574	0.701899280512851
GRAMD1C	0.193043713903016	0.514407573496228	0.842686218574185
KMT2E	2.31979389794573	0.0229006514038874	0.527345985255321
CENPL	0.642197883361675	0.0402965516618596	0.558157119462616
REXO1	0.41892948324233	0.686415429877195	0.914679702029144
CENPS	0.453910287880966	0.370535779938569	0.788183474194861
ZCCHC7	0.800510874971799	0.160592189467483	0.661639820606031
ZNF276	-0.0894485547043153	0.808505691246611	0.947191881137669
ZCCHC9	-0.234060481768285	0.324106152210071	0.764397549663814
ZBTB2	-0.347889544863566	0.25183024822226	0.718824284036976
CDYL2	0.289705466796711	0.458937397922642	0.825558908925589
ZBTB44	-2.41971285284536	0.150621888847928	0.661336425228313
MSANTD4	-1.20885383000444	0.0696786756052438	0.597610499979832
ZNF280C	0.354731625837644	0.413425070923753	0.801918171535668
ZNF740	0.843914031599684	0.0267561359069015	0.542252944649659
SUPT20H	0.828312143033415	0.0736771955717129	0.603836112524297
PPHLN1	1.16736451948385	0.153527806069512	0.661336425228313
KIF18A	0.325591429991825	0.233129835886282	0.703661370723017
RP9	0.134487037285531	0.758755444337307	0.932292665433277
BAHD1	0.24092590218887	0.736884538993022	0.927248967010819
CHD6	0.657972897342788	0.388400567955202	0.797203126070981
DOT1L	1.14095472539598	0.293866278378029	0.744653182894866
ZNF384	-0.19315676783123	0.683368824456117	0.913212827680861
HASPIN	0.849705453323828	0.203139841080063	0.68167630322795
NOC3L	0.111879825756205	0.682598987574068	0.913212827680861
TWIST2	-0.977003591120376	0.0883337502109411	0.621651397277103
ZNF592	1.58587633776276	0.182995281118439	0.674009755182922
TFAP2C	1.03797288883444	0.342082973641858	0.770406884987718
KAT6A	-0.412988051486501	0.659445944868212	0.903926425867675
EVPL	-0.979720477585825	0.184228685764452	0.674009755182922
KAT2A	0.28261842558549	0.400950969403158	0.797203126070981
GTF3C6	-0.391949077683314	0.233351208943105	0.703661370723017
TOP1MT	-0.427750148048371	0.450059051555259	0.822711887503837
H2BC1	0.318904467173542	0.182188656599767	0.673637514417602
PHF21A	0.851848656632573	0.442851614892515	0.819275487551152
CENPT	0.44533943905963	0.254908086589367	0.719717008847187
ZNF689	0.105632217141512	0.807988092748849	0.947167831887377
MTBP	0.877627382921229	0.401269752712951	0.797203126070981
MED8	1.08301740466134	0.126469420660315	0.649887333297212
SCMH1	0.272053686117001	0.677246930689524	0.910671001923728
CENPN	0.0778095467486608	0.790526827568802	0.940332744845854
SENP5	-0.595759158990521	0.239400437569697	0.710666393249072
MED30	0.193601222944295	0.5360815212133	0.85409978149828
THOC3	-0.155219394519719	0.663248071741851	0.905314613684883
ZNF469	-1.41214899970524	0.161861929396848	0.663999798634432
L3MBTL3	0.340501044782471	0.274255516982438	0.735153775094254
NEURL4	0.299167552028649	0.257827570554879	0.720895723686458
ZNF512B	-0.743222839977207	0.160407314261578	0.661593370834279
NSD1	0.793231595332941	0.323872760079688	0.764397549663814
RNPC3	0.874671438100322	0.0473807832674005	0.569177429727642
KLHL15	0.10015576396901	0.78651018131146	0.938444051652465
ZNF512	0.876784894571873	0.0523646744743865	0.576003344718154
NOL4L	0.257055075225722	0.430286443025742	0.812194965017881
INTS15	0.16536303150508	0.613947025091597	0.888022803881985
TTC14	1.1640433080258	0.557395372843877	0.863860823874752
PWWP2A	1.10150219325742	0.0361810757092854	0.558157119462616
TRERF1	0.0729888103387992	0.822869154141324	0.952887981292186
KIF20B	0.369197755270374	0.396603411697485	0.797203126070981
PHF12	-0.0156709317758583	0.956537671474616	0.990677322449378
MPHOSPH8	-0.0274456777677727	0.931122481980386	0.98296614371946
TEAD3	0.384688499341276	0.436824949464693	0.816206240069581
ELF4	0.111504546211869	0.751648186635576	0.93064692633794
TUBA1C	-0.0621596480547666	0.968263555851118	0.991713356058568
BCL7B	0.234016750205228	0.673630705013238	0.910014914986401
SLF1	0.627764858005175	0.536764422685875	0.854473356247231
EBF1	1.64635856844887	0.000350343843316382	0.079239490648624
WDR83	0.0765713746843879	0.891596657198733	0.972457400847355
MED10	-0.497180558784251	0.417996690370736	0.803995005712165
CENPO	0.576698049535441	0.667209637730933	0.905789513165222
RSRP1	1.22179478606295	0.070053533895815	0.597610499979832
TRAF4	1.17640403685221	0.0260591218553307	0.542252944649659
PRR14	0.805561526433252	0.0309392793354063	0.549632042359184
CDCA7	1.01723578321485	0.333935923234798	0.764397549663814
GZF1	0.225386861248296	0.46210418222131	0.825940122812177
ING2	0.325182495333401	0.300849609738018	0.747016020590278
EPC1	0.633524447193906	0.0626944901269747	0.583712500865375
DPEP2	0.776562110834227	0.410464013579314	0.80178285789378
ZNF644	0.815320077877089	0.0507886866939322	0.573576614639264
ZNF768	2.11650287850191	0.0399146227617999	0.558157119462616
TAF1D	1.13741037994274	0.150197329172205	0.661336425228313
DCLRE1B	0.227384819681756	0.526617834157916	0.851544353004346
KAT14	1.04217974601265	0.0700926189363909	0.597610499979832
SP140L	0.460190364353089	0.756220400429679	0.931860208689478
USP42	0.83725607230225	0.0966692846387458	0.621651397277103
KANSL2	0.269951275722427	0.405116340388172	0.798292850682173
RPF1	0.491626613277198	0.121116589862787	0.642862568199279
NMNAT1	0.178712315829845	0.722795390070267	0.92409837949179
CLK4	-0.243422474952133	0.714655432327663	0.922583949329541
SP110	0.926811916753785	0.139108937434034	0.652604885263541
PATZ1	-0.0138510308984365	0.971618804845834	0.993119523732739
CBX8	0.90902630211615	0.00653767054872176	0.324541888262958
SENP2	0.768816233621052	0.0279152781383219	0.542252944649659
ZBTB20	1.91811484494262	0.0722250298930248	0.600597233215677
ZNF532	0.254337446893555	0.456871435034215	0.825558908925589
UBN1	0.846102807787513	0.288839774499785	0.743762419336947
BRD7	0.114582771277281	0.676941787197678	0.910671001923728
INCENP	-0.208513860218577	0.459028949885417	0.825558908925589
TSHZ2	0.239464632749275	0.632940987809566	0.895040494363577
ADARB2	0.306354160294688	0.365014567394271	0.783460298108986
ZBTB40	-0.340661472672394	0.56054761938361	0.863983140617928
POT1	-0.104351747545508	0.83901943488035	0.957148170196534
MED9	0.318698934929127	0.265260494421047	0.728319700460094
MED11	0.311600963436128	0.406901224633967	0.798912610100821
POLR1H	-0.926051836535553	0.0607538358007094	0.576976471888164
PHRF1	0.767205348640069	0.288641981952073	0.74375564112194
ZBTB4	0.0080243765526653	0.983975997704148	0.996091508696668
ZNF319	0.68826306702541	0.28620515510322	0.742820749979686
CGN	1.13710817048948	0.255663791284758	0.719717008847187
KANSL3	0.583074568253622	0.17097895394376	0.670936313295416
DNMT3B	1.07028896578143	0.133649927351875	0.652604885263541
ZNF629	1.67077220673803	0.00542829066725362	0.291369235674698
HMGXB4	0.578311846701414	0.137090154631068	0.652604885263541
APOBEC3B	-0.659438265113899	0.139518981155081	0.652604885263541
RSL24D1	-0.357981410824351	0.498633566364389	0.836238533985962
GTF2IRD1	-0.5470036136137	0.627658144424596	0.893656768581026
BAZ2B	0.620061972395497	0.198282466673152	0.681341718601544
BAZ2A	0.121616691259423	0.763543083543888	0.933246533478434
MBD1	-0.45082765346805	0.390024751795666	0.797203126070981
ING1	0.46712051011221	0.362077400187695	0.781357288853513
TASOR	0.303792539298225	0.459773674971876	0.825940122812177
NXT1	-0.164868388434726	0.592180618897548	0.875747124027379
CASP8AP2	0.771600227559404	0.0457341795782808	0.569177429727642
ZNF346	0.0974645573237964	0.719102021774487	0.923899389369971
INO80	1.67053768926917	0.028062869903402	0.542252944649659
ATAD2B	0.0642676088013694	0.837373705175798	0.957148170196534
ZBTB21	-2.60295677746701	0.00177854723267702	0.181612116773689
PPP1R9A	0.855804478228848	0.421712500531616	0.807234268548724
PRR12	0.0211469984347019	0.93058604578793	0.982672047796565
ABT1	-0.0406860655522934	0.953102145443778	0.990677322449378
KMT2B	1.40754548509204	0.0895695034449579	0.621651397277103
SATB2	0.283374125930237	0.534927380135915	0.852974161379905
RNF6	-0.70360408166114	0.140672322423148	0.652604885263541
ZBTB1	0.24629684876162	0.381665767446464	0.796771950681588
MTF2	1.46015456150225	0.126655300187024	0.649887333297212
JRKL	0.269248586714749	0.432509068510112	0.814094397511909
CABIN1	0.469595065754167	0.0992932358740158	0.621651397277103
KPNA7	0.128091185065976	0.891198726882369	0.972457400847355
HOXC11	-1.61540811171605	0.113135111440666	0.63658877277747
CEBPD	-0.783641312643006	0.0800742147443313	0.616490570486155
MLLT10	0.794335356507059	0.494941376329375	0.835263843324591
FOXL2	0.315156838507935	0.489897767512212	0.834147794372914
RUNX1	-0.0270886326919459	0.962156558473505	0.99137851306409
VEZF1	-0.11969831915733	0.736981663887634	0.927248967010819
BCL7A	0.962654153485772	0.101998577569696	0.623073070668822
DCLRE1A	0.15745868200154	0.753492659589577	0.931860208689478
RNF111	0.626919849545235	0.466571126436126	0.827794489221636
ASXL1	0.585093079408161	0.228932250243368	0.701899280512851
FSAF1	0.37511480674868	0.644529024117069	0.898755986428888
ZNF462	-0.00066407907730337	0.999056979223325	0.999641772596098
ZBTB45	1.06067939174126	0.332695747958775	0.764397549663814
ZNF385A	0.460104490178157	0.468110055623567	0.828596108676923
SENP7	-0.0275045656241133	0.948519809710292	0.990087371899732
LZTS2	1.27656627567866	0.120907679076481	0.642648765635242
PCGF6	-0.495139704736602	0.156929739297711	0.661336425228313
SUV39H2	0.168105928596518	0.645931214689243	0.899428074086762
SINHCAF	0.859443649853375	0.19225066556689	0.679458739828158
SNRNP35	1.89809452836058	0.0115443782397148	0.423888718895767
TAF1B	1.28259502664032	0.0739628902657275	0.604876769962849
ADNP2	1.00995568430186	0.026293717950539	0.542252944649659
MED7	-0.976336779885205	0.0391787461665639	0.558157119462616
MED26	-1.47014822749634	0.00236322722725567	0.183801203327987
HEXIM2	0.148780989413893	0.726425659012505	0.924139195078597
GTF2H2C	-1.34831818039449	0.0660025346684711	0.587700139302671
CNBP	0.456381766248711	0.656216929123157	0.902219612264837
